Date,Month,SKU,Product,Category,Region,Customer,Supplier ID,Supplier,Demand,Forecast,Opening Inventory,Closing Inventory,Safety Stock,Lead Time (Days),Order Qty,Delivered Qty,Requested Date,Delivery Date,OTIF,Stockout,Unit Cost (INR),Selling Price (INR),Inventory Value (INR)
2026-06-17,Jun-2026,SKU-108,Power Module 2,Critical Components,North,Horizon Machines,SUP-C,Crest Global,120,107,89,67,34,30,112,112,2026-06-25,2026-06-25,Yes,Yes,46294.88,62888.89,3101756.98
2026-04-29,Apr-2026,SKU-118,CNC Control Unit 2,Premium Equipment,West,Western Manufacturing,SUP-C,Crest Global,57,51,119,106,19,31,68,68,2026-05-10,2026-05-10,Yes,No,155891.03,217772.8,16524449.62
2026-08-29,Aug-2026,SKU-125,Filter Cartridge 1,Consumables,North,Horizon Machines,SUP-F,Fusion Tech,130,129,274,250,64,26,125,122,2026-09-09,2026-09-09,No,No,1784.68,2334.55,446170.76
2026-06-28,Jun-2026,SKU-105,Industrial Sensor 1,Critical Components,East,Bengal Engineering,SUP-C,Crest Global,111,109,160,133,34,26,136,136,2026-07-08,2026-07-09,No,No,28765.26,37096.38,3825779.5
2026-05-30,May-2026,SKU-121,Vision Inspection Unit 1,Premium Equipment,North,NorthStar Automation,SUP-G,Global Motion,71,62,102,86,23,23,88,81,2026-06-07,2026-06-10,No,No,60889.55,86892.87,5236501.04
2026-07-26,Jul-2026,SKU-128,Lubrication Kit 2,Consumables,East,Prime Industrial,SUP-G,Global Motion,164,164,368,338,82,18,154,154,2026-08-01,2026-08-01,Yes,No,1324.3,1805.64,447611.78
2026-05-01,May-2026,SKU-101,Servo Controller 1,Critical Components,Central,CoreTech Manufacturing,SUP-H,Horizon Parts,123,89,112,83,28,21,145,145,2026-05-08,2026-05-08,Yes,Yes,25592.8,36281.68,2124202.79
2026-05-10,May-2026,SKU-102,Servo Controller 2,Critical Components,North,Horizon Machines,SUP-G,Global Motion,130,101,122,98,32,25,125,122,2026-05-17,2026-05-17,No,Yes,40338.27,54845.35,3953150.63
2026-02-28,Feb-2026,SKU-113,Valve Kit 1,Standard Components,West,Metro Automation,SUP-F,Fusion Tech,136,143,214,187,40,22,147,147,2026-03-08,2026-03-08,Yes,No,10640.17,13091.31,1989711.96
2026-03-30,Mar-2026,SKU-105,Industrial Sensor 1,Critical Components,East,Orion Industries,SUP-E,Everest Components,126,115,111,82,36,20,146,146,2026-04-11,2026-04-15,No,Yes,22433.31,33763.62,1839531.62
2026-01-18,Jan-2026,SKU-107,Power Module 1,Critical Components,North,Horizon Machines,SUP-F,Fusion Tech,126,114,119,93,36,21,133,133,2026-01-24,2026-01-24,Yes,Yes,58483.41,87484.69,5438956.94
2026-01-28,Jan-2026,SKU-116,Connector Set 2,Standard Components,North,NorthStar Automation,SUP-H,Horizon Parts,176,196,286,257,54,24,182,177,2026-02-06,2026-02-06,No,No,13947.36,17728.25,3584471.76
2026-03-21,Mar-2026,SKU-114,Valve Kit 2,Standard Components,Central,Central Industrial Works,SUP-F,Fusion Tech,222,234,333,293,65,15,222,222,2026-03-27,2026-03-27,Yes,No,3281.55,5023.16,961494.13
2026-05-30,May-2026,SKU-116,Connector Set 2,Standard Components,East,Eastern Process Tech,SUP-B,Bharat Industrial,129,138,190,167,38,11,132,132,2026-06-09,2026-06-09,Yes,No,10224.44,15010.65,1707481.07
2026-01-23,Jan-2026,SKU-101,Servo Controller 1,Critical Components,South,Deccan Industries,SUP-A,Alpha Components,119,112,102,78,35,21,124,124,2026-01-30,2026-01-30,Yes,Yes,43531.24,60706.52,3395437.05
2026-06-24,Jun-2026,SKU-120,Robotic Arm Module 2,Premium Equipment,Central,Central Industrial Works,SUP-C,Crest Global,53,66,89,81,25,26,61,61,2026-07-04,2026-07-04,Yes,No,116066.48,174008.52,9401385.0
2026-01-28,Jan-2026,SKU-128,Lubrication Kit 2,Consumables,West,Western Manufacturing,SUP-A,Alpha Components,219,248,518,480,124,17,237,237,2026-02-08,2026-02-08,Yes,No,1500.56,1848.52,720266.47
2026-04-09,Apr-2026,SKU-110,Bearing Assembly 2,Standard Components,South,Deccan Industries,SUP-E,Everest Components,125,151,214,195,42,17,137,137,2026-04-17,2026-04-17,Yes,No,8938.66,13115.94,1743038.79
2026-08-29,Aug-2026,SKU-116,Connector Set 2,Standard Components,Central,Vindhya Engineering,SUP-G,Global Motion,200,206,334,295,57,15,205,205,2026-09-04,2026-09-04,Yes,No,7912.94,10566.83,2334315.9
2026-08-03,Aug-2026,SKU-115,Connector Set 1,Standard Components,North,Delhi Industrial Systems,SUP-G,Global Motion,116,140,196,176,39,25,140,140,2026-08-08,2026-08-08,Yes,No,4553.53,5718.2,801421.26
2026-04-26,Apr-2026,SKU-123,Smart Drive 1,Premium Equipment,West,Vertex Engineering,SUP-G,Global Motion,49,44,83,72,16,16,55,55,2026-05-07,2026-05-07,Yes,No,144928.75,208886.88,10434869.99
2026-04-08,Apr-2026,SKU-128,Lubrication Kit 2,Consumables,North,Horizon Machines,SUP-F,Fusion Tech,233,239,486,440,119,27,243,243,2026-04-17,2026-04-17,Yes,No,4316.23,5513.68,1899142.27
2026-05-30,May-2026,SKU-120,Robotic Arm Module 2,Premium Equipment,South,Deccan Industries,SUP-E,Everest Components,55,61,79,67,23,13,74,74,2026-06-07,2026-06-07,Yes,No,146995.18,193100.15,9848677.11
2026-06-23,Jun-2026,SKU-122,Vision Inspection Unit 2,Premium Equipment,North,Delhi Industrial Systems,SUP-E,Everest Components,57,61,95,86,23,23,51,51,2026-07-01,2026-07-01,Yes,No,73446.42,111240.31,6316391.96
2026-08-13,Aug-2026,SKU-107,Power Module 1,Critical Components,West,Gujarat Process Systems,SUP-B,Bharat Industrial,129,106,117,92,33,20,126,126,2026-08-25,2026-08-25,Yes,Yes,64430.95,91632.1,5927646.97
2026-07-08,Jul-2026,SKU-128,Lubrication Kit 2,Consumables,West,Metro Automation,SUP-C,Crest Global,214,202,438,397,101,26,221,208,2026-07-16,2026-07-16,No,No,2302.63,3219.66,914146.08
2026-02-09,Feb-2026,SKU-110,Bearing Assembly 2,Standard Components,North,Delhi Industrial Systems,SUP-D,Delta Engineering,205,214,299,258,59,19,221,221,2026-02-14,2026-02-24,No,No,2567.8,3855.91,662493.68
2026-08-06,Aug-2026,SKU-127,Lubrication Kit 1,Consumables,East,Bengal Engineering,SUP-H,Horizon Parts,214,258,544,513,129,20,229,229,2026-08-18,2026-08-18,Yes,No,3581.9,5153.6,1837512.67
2026-01-26,Jan-2026,SKU-128,Lubrication Kit 2,Consumables,North,NorthStar Automation,SUP-C,Crest Global,276,308,663,618,154,31,283,277,2026-02-04,2026-02-12,No,No,2444.81,3507.2,1510894.81
2026-07-23,Jul-2026,SKU-103,Precision Gearbox 1,Critical Components,West,Gujarat Process Systems,SUP-B,Bharat Industrial,119,103,130,106,32,21,122,122,2026-08-01,2026-08-01,Yes,No,25886.09,38579.84,2743925.51
2026-03-25,Mar-2026,SKU-107,Power Module 1,Critical Components,East,Orion Industries,SUP-D,Delta Engineering,142,113,115,86,36,21,147,147,2026-04-03,2026-04-13,No,Yes,55859.81,77969.46,4803944.03
2026-06-23,Jun-2026,SKU-124,Smart Drive 2,Premium Equipment,North,Horizon Machines,SUP-A,Alpha Components,69,56,116,103,21,26,68,68,2026-07-02,2026-07-02,Yes,No,113109.22,160107.98,11650249.81
2026-03-28,Mar-2026,SKU-116,Connector Set 2,Standard Components,West,Western Manufacturing,SUP-E,Everest Components,198,185,269,227,51,12,212,212,2026-04-09,2026-04-09,Yes,No,4939.38,7460.96,1121238.87
2026-07-03,Jul-2026,SKU-118,CNC Control Unit 2,Premium Equipment,East,Bengal Engineering,SUP-B,Bharat Industrial,55,61,88,75,23,15,75,75,2026-07-15,2026-07-15,Yes,No,105550.14,151897.93,7916260.58
2026-04-09,Apr-2026,SKU-131,Coolant Module 1,Consumables,East,Orion Industries,SUP-G,Global Motion,307,330,710,654,165,17,316,316,2026-04-15,2026-04-15,Yes,No,4043.77,5189.0,2644624.73
2026-07-13,Jul-2026,SKU-131,Coolant Module 1,Consumables,South,TechFab Systems,SUP-B,Bharat Industrial,234,232,499,448,116,16,258,258,2026-07-18,2026-07-27,No,No,4338.12,5439.37,1943479.21
2026-01-08,Jan-2026,SKU-119,Robotic Arm Module 1,Premium Equipment,East,Prime Industrial,SUP-F,Fusion Tech,57,59,81,71,22,24,51,51,2026-01-14,2026-01-14,Yes,No,156392.76,195195.32,11103885.93
2026-03-09,Mar-2026,SKU-108,Power Module 2,Critical Components,East,Prime Industrial,SUP-D,Delta Engineering,126,98,101,73,31,16,144,144,2026-03-20,2026-03-20,Yes,Yes,47188.28,60805.41,3444744.74
2026-02-28,Feb-2026,SKU-117,CNC Control Unit 1,Premium Equipment,West,Gujarat Process Systems,SUP-D,Delta Engineering,62,64,97,81,24,23,82,82,2026-03-08,2026-03-08,Yes,No,63897.47,83533.36,5175695.07
2026-07-26,Jul-2026,SKU-113,Valve Kit 1,Standard Components,South,Southern Automation,SUP-C,Crest Global,207,181,263,220,50,28,216,216,2026-08-04,2026-08-04,Yes,No,5997.05,8385.04,1319350.71
2026-04-27,Apr-2026,SKU-106,Industrial Sensor 2,Critical Components,East,Prime Industrial,SUP-F,Fusion Tech,117,98,134,114,31,21,108,103,2026-05-06,2026-05-06,No,No,53866.12,70661.13,6140738.04
2026-06-03,Jun-2026,SKU-128,Lubrication Kit 2,Consumables,East,Prime Industrial,SUP-B,Bharat Industrial,183,201,429,399,100,17,183,183,2026-06-15,2026-06-15,Yes,No,2937.68,3888.88,1172135.03
2026-03-28,Mar-2026,SKU-108,Power Module 2,Critical Components,Central,Narmada Systems,SUP-G,Global Motion,123,105,95,72,33,21,116,116,2026-04-07,2026-04-07,Yes,Yes,41429.18,52334.76,2982900.66
2026-03-19,Mar-2026,SKU-129,Seal Pack 1,Consumables,Central,Narmada Systems,SUP-B,Bharat Industrial,312,346,695,642,173,19,321,321,2026-03-30,2026-03-30,Yes,No,1352.09,2020.84,868042.36
2026-05-12,May-2026,SKU-119,Robotic Arm Module 1,Premium Equipment,East,Orion Industries,SUP-G,Global Motion,77,54,107,89,20,19,91,91,2026-05-19,2026-05-19,Yes,No,106867.8,148284.79,9511234.46
2026-08-03,Aug-2026,SKU-101,Servo Controller 1,Critical Components,South,TechFab Systems,SUP-G,Global Motion,71,55,41,23,17,21,91,91,2026-08-14,2026-08-14,Yes,Yes,33123.54,42963.73,761841.32
2026-07-22,Jul-2026,SKU-127,Lubrication Kit 1,Consumables,North,NorthStar Automation,SUP-G,Global Motion,156,186,339,320,93,26,148,148,2026-08-01,2026-08-09,No,No,1477.53,2227.24,472809.75
2026-02-13,Feb-2026,SKU-105,Industrial Sensor 1,Critical Components,East,Orion Industries,SUP-C,Crest Global,106,75,48,22,24,30,130,130,2026-02-23,2026-03-03,No,Yes,59002.0,89913.54,1298044.04
2026-03-04,Mar-2026,SKU-106,Industrial Sensor 2,Critical Components,South,Deccan Industries,SUP-F,Fusion Tech,118,95,115,94,30,22,109,109,2026-03-09,2026-03-09,Yes,Yes,35617.53,52768.49,3348047.93
2026-02-17,Feb-2026,SKU-112,Drive Belt 2,Standard Components,North,NorthStar Automation,SUP-D,Delta Engineering,127,127,209,183,35,24,133,133,2026-03-01,2026-03-12,No,No,3349.41,4416.94,612942.37
2026-04-23,Apr-2026,SKU-117,CNC Control Unit 1,Premium Equipment,South,TechFab Systems,SUP-D,Delta Engineering,84,83,138,119,31,22,96,96,2026-05-02,2026-05-02,Yes,No,56012.25,82721.28,6665457.24
2026-01-17,Jan-2026,SKU-132,Coolant Module 2,Consumables,West,Vertex Engineering,SUP-D,Delta Engineering,192,193,382,344,96,17,190,190,2026-01-22,2026-01-22,Yes,No,1223.63,1611.99,420927.64
2026-07-15,Jul-2026,SKU-127,Lubrication Kit 1,Consumables,North,Delhi Industrial Systems,SUP-F,Fusion Tech,108,111,218,196,55,26,116,116,2026-07-25,2026-08-02,No,No,4842.66,7065.4,949161.52
2026-04-16,Apr-2026,SKU-124,Smart Drive 2,Premium Equipment,North,NorthStar Automation,SUP-A,Alpha Components,60,63,119,106,23,15,74,74,2026-04-26,2026-04-26,Yes,No,165529.36,251941.38,17546111.7
2026-03-02,Mar-2026,SKU-105,Industrial Sensor 1,Critical Components,East,Prime Industrial,SUP-G,Global Motion,113,109,152,131,34,23,122,109,2026-03-10,2026-03-13,No,No,36266.35,50709.92,4750892.38
2026-06-04,Jun-2026,SKU-110,Bearing Assembly 2,Standard Components,Central,Central Industrial Works,SUP-H,Horizon Parts,106,86,152,131,24,17,109,109,2026-06-12,2026-06-12,Yes,No,10385.32,13899.33,1360477.32
2026-04-16,Apr-2026,SKU-118,CNC Control Unit 2,Premium Equipment,North,Apex Engineering,SUP-H,Horizon Parts,68,71,66,52,26,13,79,79,2026-04-23,2026-04-27,No,Yes,80894.67,121908.23,4206522.91
2026-03-30,Mar-2026,SKU-110,Bearing Assembly 2,Standard Components,West,Western Manufacturing,SUP-E,Everest Components,191,181,269,231,50,18,192,192,2026-04-04,2026-04-04,Yes,No,11566.96,15124.63,2671968.37
2026-02-06,Feb-2026,SKU-127,Lubrication Kit 1,Consumables,East,Eastern Process Tech,SUP-H,Horizon Parts,192,214,436,409,107,15,196,173,2026-02-15,2026-02-15,No,No,2687.6,3887.38,1099228.85
2026-05-10,May-2026,SKU-129,Seal Pack 1,Consumables,North,Apex Engineering,SUP-F,Fusion Tech,226,237,524,482,118,23,240,226,2026-05-22,2026-05-22,No,No,3877.15,5853.11,1868786.73
2026-05-26,May-2026,SKU-114,Valve Kit 2,Standard Components,South,Southern Automation,SUP-G,Global Motion,150,166,241,213,46,17,167,167,2026-06-04,2026-06-04,Yes,No,13114.33,16402.95,2793351.85
2026-01-29,Jan-2026,SKU-124,Smart Drive 2,Premium Equipment,West,Western Manufacturing,SUP-F,Fusion Tech,52,46,35,22,17,26,69,66,2026-02-07,2026-02-07,No,Yes,81592.35,105580.57,1795031.72
2026-02-01,Feb-2026,SKU-123,Smart Drive 1,Premium Equipment,West,Vertex Engineering,SUP-B,Bharat Industrial,59,49,38,22,18,20,84,84,2026-02-10,2026-02-10,Yes,Yes,170192.19,217822.83,3744228.18
2026-02-10,Feb-2026,SKU-126,Filter Cartridge 2,Consumables,North,Apex Engineering,SUP-B,Bharat Industrial,236,235,501,452,117,18,245,245,2026-02-16,2026-02-19,No,No,2078.88,2990.35,939655.28
2026-05-09,May-2026,SKU-129,Seal Pack 1,Consumables,South,Southern Automation,SUP-B,Bharat Industrial,227,256,513,472,128,16,250,250,2026-05-14,2026-05-14,Yes,No,5243.02,7724.15,2474706.96
2026-07-19,Jul-2026,SKU-117,CNC Control Unit 1,Premium Equipment,South,Deccan Industries,SUP-A,Alpha Components,40,40,78,70,15,18,44,44,2026-07-29,2026-07-29,Yes,No,57342.69,86271.87,4013988.45
2026-06-01,Jun-2026,SKU-128,Lubrication Kit 2,Consumables,East,Prime Industrial,SUP-E,Everest Components,240,263,583,539,131,14,259,259,2026-06-11,2026-06-11,Yes,No,3262.62,4406.51,1758554.31
2026-03-25,Mar-2026,SKU-122,Vision Inspection Unit 2,Premium Equipment,North,Delhi Industrial Systems,SUP-B,Bharat Industrial,55,54,79,66,20,14,67,67,2026-04-01,2026-04-01,Yes,No,130299.87,187152.05,8599791.63
2026-02-19,Feb-2026,SKU-132,Coolant Module 2,Consumables,East,Prime Industrial,SUP-F,Fusion Tech,284,270,572,512,135,21,302,302,2026-02-28,2026-02-28,Yes,No,976.75,1310.49,500098.08
2026-03-19,Mar-2026,SKU-105,Industrial Sensor 1,Critical Components,West,Western Manufacturing,SUP-D,Delta Engineering,95,81,73,56,25,14,87,87,2026-03-27,2026-03-27,Yes,Yes,40354.56,61206.25,2259855.6
2026-04-02,Apr-2026,SKU-106,Industrial Sensor 2,Critical Components,East,Bengal Engineering,SUP-A,Alpha Components,103,55,54,31,17,11,116,116,2026-04-11,2026-04-11,Yes,Yes,54399.85,72375.42,1686395.2
2026-03-30,Mar-2026,SKU-107,Power Module 1,Critical Components,East,Prime Industrial,SUP-C,Crest Global,117,82,64,39,26,32,128,128,2026-04-06,2026-04-11,No,Yes,63481.74,97097.9,2475787.7
2026-03-25,Mar-2026,SKU-125,Filter Cartridge 1,Consumables,West,Vertex Engineering,SUP-C,Crest Global,202,178,343,298,89,26,225,225,2026-04-05,2026-04-05,Yes,No,2406.14,3543.84,717030.32
2026-02-23,Feb-2026,SKU-115,Connector Set 1,Standard Components,Central,Vindhya Engineering,SUP-B,Bharat Industrial,157,188,266,240,52,14,180,180,2026-03-05,2026-03-05,Yes,No,9368.33,13571.33,2248400.18
2026-06-13,Jun-2026,SKU-111,Drive Belt 1,Standard Components,West,Western Manufacturing,SUP-G,Global Motion,129,147,204,181,41,23,147,147,2026-06-21,2026-06-21,Yes,No,7893.68,12097.48,1428755.98
2026-04-27,Apr-2026,SKU-130,Seal Pack 2,Consumables,West,Metro Automation,SUP-G,Global Motion,331,342,706,642,171,19,337,337,2026-05-09,2026-05-09,Yes,No,4800.48,6308.17,3081908.43
2026-07-19,Jul-2026,SKU-111,Drive Belt 1,Standard Components,South,Southern Automation,SUP-G,Global Motion,219,250,319,287,70,21,210,210,2026-07-30,2026-07-30,Yes,No,13937.04,21284.27,3999930.92
2026-08-07,Aug-2026,SKU-122,Vision Inspection Unit 2,Premium Equipment,West,Gujarat Process Systems,SUP-A,Alpha Components,45,54,71,61,20,15,65,65,2026-08-12,2026-08-12,Yes,No,73689.95,104708.3,4495087.09
2026-04-23,Apr-2026,SKU-108,Power Module 2,Critical Components,West,Gujarat Process Systems,SUP-C,Crest Global,146,130,117,91,41,27,143,134,2026-04-28,2026-05-08,No,Yes,29371.09,38164.39,2672769.4
2026-04-21,Apr-2026,SKU-112,Drive Belt 2,Standard Components,West,Western Manufacturing,SUP-F,Fusion Tech,217,230,325,281,64,12,242,242,2026-05-03,2026-05-03,Yes,No,6792.98,8438.88,1908826.66
2026-03-07,Mar-2026,SKU-107,Power Module 1,Critical Components,West,Vertex Engineering,SUP-B,Bharat Industrial,108,101,78,55,32,14,127,119,2026-03-14,2026-03-16,No,Yes,51654.12,76503.16,2840976.47
2026-08-19,Aug-2026,SKU-103,Precision Gearbox 1,Critical Components,South,TechFab Systems,SUP-C,Crest Global,130,110,150,124,35,26,132,132,2026-08-24,2026-08-30,No,No,30841.18,42101.7,3824306.38
2026-04-13,Apr-2026,SKU-122,Vision Inspection Unit 2,Premium Equipment,Central,Narmada Systems,SUP-H,Horizon Parts,46,53,89,79,20,17,63,63,2026-04-20,2026-04-20,Yes,No,137614.9,195256.99,10871577.31
2026-04-24,Apr-2026,SKU-111,Drive Belt 1,Standard Components,West,Vertex Engineering,SUP-H,Horizon Parts,246,261,429,384,73,11,253,253,2026-04-29,2026-04-29,Yes,No,6678.08,10246.98,2564381.95
2026-02-10,Feb-2026,SKU-129,Seal Pack 1,Consumables,North,Apex Engineering,SUP-D,Delta Engineering,245,236,512,464,118,19,263,243,2026-02-16,2026-02-16,No,No,1973.17,2481.15,915553.09
2026-07-12,Jul-2026,SKU-112,Drive Belt 2,Standard Components,East,Prime Industrial,SUP-B,Bharat Industrial,154,168,262,234,47,8,162,162,2026-07-24,2026-07-24,Yes,No,3351.6,5191.95,784274.04
2026-07-31,Jul-2026,SKU-121,Vision Inspection Unit 1,Premium Equipment,West,Western Manufacturing,SUP-E,Everest Components,70,59,45,31,22,15,71,71,2026-08-08,2026-08-08,Yes,Yes,153796.63,215750.08,4767695.61
2026-04-09,Apr-2026,SKU-130,Seal Pack 2,Consumables,West,Gujarat Process Systems,SUP-B,Bharat Industrial,290,327,663,614,163,17,306,306,2026-04-15,2026-04-15,Yes,No,3231.59,4079.4,1984197.52
2026-08-05,Aug-2026,SKU-112,Drive Belt 2,Standard Components,West,Gujarat Process Systems,SUP-G,Global Motion,78,77,88,71,21,20,87,87,2026-08-15,2026-08-19,No,No,13320.4,17352.48,945748.16
2026-06-16,Jun-2026,SKU-118,CNC Control Unit 2,Premium Equipment,North,Horizon Machines,SUP-B,Bharat Industrial,49,48,69,61,18,22,41,41,2026-06-21,2026-06-21,Yes,No,88081.99,124090.37,5373001.3
2026-06-12,Jun-2026,SKU-102,Servo Controller 2,Critical Components,East,Orion Industries,SUP-E,Everest Components,108,101,88,63,32,18,127,127,2026-06-17,2026-06-17,Yes,Yes,37534.22,56462.36,2364655.99
2026-03-27,Mar-2026,SKU-123,Smart Drive 1,Premium Equipment,Central,Vindhya Engineering,SUP-F,Fusion Tech,55,54,92,78,20,21,73,73,2026-04-02,2026-04-02,Yes,No,107266.84,162805.6,8366813.75
2026-08-01,Aug-2026,SKU-121,Vision Inspection Unit 1,Premium Equipment,Central,CoreTech Manufacturing,SUP-D,Delta Engineering,52,44,64,52,16,16,61,61,2026-08-07,2026-08-16,No,No,127918.01,167936.86,6651736.73
2026-06-06,Jun-2026,SKU-131,Coolant Module 1,Consumables,South,Deccan Industries,SUP-B,Bharat Industrial,140,165,312,290,82,17,153,153,2026-06-11,2026-06-11,Yes,No,3170.0,4667.04,919300.29
2026-03-17,Mar-2026,SKU-108,Power Module 2,Critical Components,North,Apex Engineering,SUP-C,Crest Global,128,97,91,61,31,33,150,150,2026-03-22,2026-03-22,Yes,Yes,24440.71,34707.42,1490883.28
2026-05-16,May-2026,SKU-109,Bearing Assembly 1,Standard Components,South,TechFab Systems,SUP-C,Crest Global,135,148,188,163,41,29,157,148,2026-05-25,2026-05-25,No,No,6309.26,8337.89,1028408.62
2026-08-23,Aug-2026,SKU-102,Servo Controller 2,Critical Components,East,Orion Industries,SUP-H,Horizon Parts,108,72,62,37,23,13,128,128,2026-09-03,2026-09-03,Yes,Yes,49994.16,61305.31,1849784.07
2026-03-26,Mar-2026,SKU-127,Lubrication Kit 1,Consumables,North,Delhi Industrial Systems,SUP-G,Global Motion,179,192,409,378,96,14,177,177,2026-04-05,2026-04-13,No,No,5086.98,6780.79,1922879.78
2026-04-05,Apr-2026,SKU-117,CNC Control Unit 1,Premium Equipment,East,Bengal Engineering,SUP-D,Delta Engineering,59,64,77,65,24,27,67,67,2026-04-17,2026-04-17,Yes,No,154425.67,194610.08,10037668.52
2026-06-27,Jun-2026,SKU-125,Filter Cartridge 1,Consumables,Central,Narmada Systems,SUP-F,Fusion Tech,305,310,666,607,155,20,300,300,2026-07-09,2026-07-09,Yes,No,2074.32,2915.39,1259114.54
2026-03-15,Mar-2026,SKU-109,Bearing Assembly 1,Standard Components,North,Delhi Industrial Systems,SUP-D,Delta Engineering,250,270,399,352,75,21,266,266,2026-03-27,2026-03-27,Yes,No,2559.59,3466.4,900974.5
2026-08-18,Aug-2026,SKU-131,Coolant Module 1,Consumables,East,Bengal Engineering,SUP-E,Everest Components,170,210,435,414,105,18,174,174,2026-08-23,2026-08-23,Yes,No,5122.28,7934.76,2120625.42
2026-04-16,Apr-2026,SKU-132,Coolant Module 2,Consumables,North,Horizon Machines,SUP-A,Alpha Components,308,335,737,685,167,25,327,309,2026-04-28,2026-05-01,No,No,1329.44,1693.21,910666.25
2026-05-02,May-2026,SKU-117,CNC Control Unit 1,Premium Equipment,West,Western Manufacturing,SUP-F,Fusion Tech,64,54,69,54,20,21,79,79,2026-05-12,2026-05-12,Yes,No,72576.48,94484.1,3919130.16
2026-03-12,Mar-2026,SKU-125,Filter Cartridge 1,Consumables,North,Horizon Machines,SUP-F,Fusion Tech,219,276,581,558,138,27,212,212,2026-03-24,2026-03-24,Yes,No,4106.72,5431.64,2291548.68
2026-02-04,Feb-2026,SKU-119,Robotic Arm Module 1,Premium Equipment,South,Southern Automation,SUP-D,Delta Engineering,72,69,122,105,26,11,85,85,2026-02-16,2026-02-16,Yes,No,150232.45,212822.11,15774407.51
2026-07-25,Jul-2026,SKU-106,Industrial Sensor 2,Critical Components,East,Orion Industries,SUP-A,Alpha Components,96,81,78,54,25,12,120,120,2026-08-04,2026-08-12,No,Yes,23463.28,32576.98,1267017.18
2026-07-31,Jul-2026,SKU-104,Precision Gearbox 2,Critical Components,South,Kaveri Engineering,SUP-C,Crest Global,128,115,92,64,36,28,143,143,2026-08-05,2026-08-15,No,Yes,21432.39,26573.68,1371672.81
2026-08-21,Aug-2026,SKU-105,Industrial Sensor 1,Critical Components,Central,Narmada Systems,SUP-A,Alpha Components,65,62,10,0,19,16,81,81,2026-09-01,2026-09-01,Yes,Yes,61104.41,92182.28,0.0
2026-02-08,Feb-2026,SKU-123,Smart Drive 1,Premium Equipment,North,NorthStar Automation,SUP-C,Crest Global,57,52,78,64,19,30,76,71,2026-02-19,2026-02-23,No,No,78560.06,115688.46,5027843.61
2026-01-13,Jan-2026,SKU-127,Lubrication Kit 1,Consumables,East,Eastern Process Tech,SUP-D,Delta Engineering,231,261,552,518,130,23,224,224,2026-01-18,2026-01-18,Yes,No,1065.29,1476.79,551818.65
2026-03-20,Mar-2026,SKU-115,Connector Set 1,Standard Components,West,Vertex Engineering,SUP-F,Fusion Tech,184,228,323,297,63,24,200,200,2026-03-25,2026-03-25,Yes,No,10954.94,15374.5,3253616.96
2026-01-17,Jan-2026,SKU-123,Smart Drive 1,Premium Equipment,Central,Narmada Systems,SUP-F,Fusion Tech,52,45,80,65,17,20,76,76,2026-01-25,2026-01-25,Yes,No,169342.65,260680.9,11007272.04
2026-05-27,May-2026,SKU-109,Bearing Assembly 1,Standard Components,South,TechFab Systems,SUP-D,Delta Engineering,164,170,248,213,47,17,188,188,2026-06-04,2026-06-04,Yes,No,9457.15,14048.92,2014372.66
2026-06-04,Jun-2026,SKU-114,Valve Kit 2,Standard Components,East,Orion Industries,SUP-E,Everest Components,174,173,227,193,48,24,171,171,2026-06-16,2026-06-16,Yes,No,10593.34,14048.18,2044514.37
2026-03-18,Mar-2026,SKU-125,Filter Cartridge 1,Consumables,East,Orion Industries,SUP-E,Everest Components,241,294,617,582,147,15,261,261,2026-03-28,2026-03-28,Yes,No,1839.99,2333.39,1070873.17
2026-03-12,Mar-2026,SKU-127,Lubrication Kit 1,Consumables,South,Southern Automation,SUP-F,Fusion Tech,252,311,676,643,155,21,263,263,2026-03-24,2026-04-04,No,No,2455.23,3108.78,1578711.6
2026-05-24,May-2026,SKU-132,Coolant Module 2,Consumables,North,Apex Engineering,SUP-A,Alpha Components,246,255,528,479,127,17,262,262,2026-06-01,2026-06-01,Yes,No,1084.12,1550.77,519291.35
2026-06-11,Jun-2026,SKU-131,Coolant Module 1,Consumables,West,Western Manufacturing,SUP-A,Alpha Components,180,189,399,367,94,20,204,179,2026-06-22,2026-06-22,No,No,1499.82,1924.77,550433.27
2026-05-19,May-2026,SKU-117,CNC Control Unit 1,Premium Equipment,West,Vertex Engineering,SUP-G,Global Motion,86,98,153,139,37,16,90,90,2026-05-25,2026-05-25,Yes,No,66687.56,93522.07,9269571.28
2026-01-19,Jan-2026,SKU-101,Servo Controller 1,Critical Components,West,Western Manufacturing,SUP-C,Crest Global,75,70,58,44,22,21,71,70,2026-01-27,2026-01-27,No,Yes,58801.49,73180.51,2587265.73
2026-08-29,Aug-2026,SKU-118,CNC Control Unit 2,Premium Equipment,Central,Central Industrial Works,SUP-C,Crest Global,58,55,76,63,20,30,73,66,2026-09-06,2026-09-06,No,No,122570.3,179457.13,7721929.14
2026-07-26,Jul-2026,SKU-106,Industrial Sensor 2,Critical Components,East,Orion Industries,SUP-A,Alpha Components,61,57,89,76,18,13,76,69,2026-08-04,2026-08-04,No,No,39175.86,50195.77,2977365.3
2026-06-03,Jun-2026,SKU-125,Filter Cartridge 1,Consumables,North,Horizon Machines,SUP-D,Delta Engineering,227,234,517,471,117,24,241,241,2026-06-09,2026-06-09,Yes,No,1280.49,1599.08,603109.68
2026-04-25,Apr-2026,SKU-129,Seal Pack 1,Consumables,East,Prime Industrial,SUP-B,Bharat Industrial,288,316,678,628,158,21,298,298,2026-04-30,2026-04-30,Yes,No,5054.48,7798.03,3174210.68
2026-05-31,May-2026,SKU-111,Drive Belt 1,Standard Components,West,Gujarat Process Systems,SUP-C,Crest Global,166,181,267,238,50,28,173,173,2026-06-12,2026-06-18,No,No,5335.79,6853.98,1269917.02
2026-02-01,Feb-2026,SKU-109,Bearing Assembly 1,Standard Components,South,Kaveri Engineering,SUP-F,Fusion Tech,188,169,224,183,47,23,205,205,2026-02-08,2026-02-08,Yes,No,10495.86,14184.31,1920742.64
2026-03-27,Mar-2026,SKU-119,Robotic Arm Module 1,Premium Equipment,West,Metro Automation,SUP-D,Delta Engineering,57,61,74,64,23,20,59,59,2026-04-03,2026-04-03,Yes,No,112702.78,153804.37,7212977.78
2026-03-20,Mar-2026,SKU-105,Industrial Sensor 1,Critical Components,West,Metro Automation,SUP-E,Everest Components,136,126,146,116,40,16,153,153,2026-03-26,2026-03-26,Yes,No,46102.89,69476.09,5347935.38
2026-04-22,Apr-2026,SKU-103,Precision Gearbox 1,Critical Components,West,Vertex Engineering,SUP-E,Everest Components,134,96,97,70,30,18,139,139,2026-05-02,2026-05-02,Yes,Yes,46795.86,72021.06,3275710.3
2026-03-30,Mar-2026,SKU-128,Lubrication Kit 2,Consumables,North,Apex Engineering,SUP-E,Everest Components,260,331,682,650,165,14,278,278,2026-04-11,2026-04-11,Yes,No,915.44,1148.43,595038.9
2026-04-21,Apr-2026,SKU-106,Industrial Sensor 2,Critical Components,North,Delhi Industrial Systems,SUP-C,Crest Global,99,101,105,84,32,25,117,109,2026-04-27,2026-04-27,No,No,56078.74,80947.19,4710614.08
2026-02-16,Feb-2026,SKU-116,Connector Set 2,Standard Components,East,Bengal Engineering,SUP-F,Fusion Tech,91,80,134,116,22,21,92,92,2026-02-27,2026-02-27,Yes,No,12655.62,15458.44,1468051.9
2026-02-28,Feb-2026,SKU-114,Valve Kit 2,Standard Components,South,Deccan Industries,SUP-B,Bharat Industrial,189,162,241,204,45,16,186,186,2026-03-12,2026-03-12,Yes,No,9365.16,12500.76,1910493.57
2026-08-09,Aug-2026,SKU-130,Seal Pack 2,Consumables,East,Orion Industries,SUP-B,Bharat Industrial,184,181,389,350,90,18,197,197,2026-08-20,2026-08-20,Yes,No,3786.86,5486.52,1325400.2
2026-06-19,Jun-2026,SKU-112,Drive Belt 2,Standard Components,East,Prime Industrial,SUP-E,Everest Components,183,197,283,251,55,16,195,182,2026-06-27,2026-06-27,No,No,8312.54,11281.43,2086446.84
2026-08-08,Aug-2026,SKU-129,Seal Pack 1,Consumables,East,Eastern Process Tech,SUP-A,Alpha Components,213,212,447,403,106,18,221,221,2026-08-20,2026-08-20,Yes,No,3491.76,4568.63,1407177.69
2026-05-24,May-2026,SKU-124,Smart Drive 2,Premium Equipment,East,Eastern Process Tech,SUP-H,Horizon Parts,23,20,52,47,7,22,28,28,2026-05-29,2026-05-29,Yes,No,109883.74,162183.83,5164535.68
2026-03-06,Mar-2026,SKU-114,Valve Kit 2,Standard Components,West,Vertex Engineering,SUP-G,Global Motion,186,196,292,260,54,19,179,179,2026-03-15,2026-03-15,Yes,No,13758.5,21109.55,3577210.47
2026-05-16,May-2026,SKU-107,Power Module 1,Critical Components,North,NorthStar Automation,SUP-G,Global Motion,168,142,180,147,45,25,167,167,2026-05-24,2026-06-04,No,No,36456.94,48991.08,5359169.48
2026-01-24,Jan-2026,SKU-106,Industrial Sensor 2,Critical Components,South,TechFab Systems,SUP-E,Everest Components,134,103,111,86,32,13,129,129,2026-02-05,2026-02-05,Yes,Yes,50772.58,78163.5,4366442.05
2026-08-04,Aug-2026,SKU-114,Valve Kit 2,Standard Components,East,Orion Industries,SUP-E,Everest Components,125,141,191,169,39,13,136,136,2026-08-09,2026-08-09,Yes,No,12122.08,15420.91,2048630.68
2026-05-01,May-2026,SKU-101,Servo Controller 1,Critical Components,Central,Narmada Systems,SUP-C,Crest Global,116,93,89,65,29,25,123,123,2026-05-11,2026-05-11,Yes,Yes,35476.66,46858.21,2305982.71
2026-07-03,Jul-2026,SKU-115,Connector Set 1,Standard Components,South,Deccan Industries,SUP-B,Bharat Industrial,199,199,294,251,55,19,217,217,2026-07-13,2026-07-13,Yes,No,7356.61,9905.04,1846509.17
2026-07-11,Jul-2026,SKU-107,Power Module 1,Critical Components,North,Horizon Machines,SUP-G,Global Motion,135,135,133,108,43,21,129,129,2026-07-16,2026-07-16,Yes,Yes,25713.48,39176.16,2777055.61
2026-06-11,Jun-2026,SKU-129,Seal Pack 1,Consumables,West,Western Manufacturing,SUP-B,Bharat Industrial,244,275,557,515,137,17,261,261,2026-06-18,2026-06-18,Yes,No,4189.54,5505.16,2157615.32
2026-06-30,Jun-2026,SKU-102,Servo Controller 2,Critical Components,West,Vertex Engineering,SUP-C,Crest Global,98,79,102,82,25,23,103,103,2026-07-06,2026-07-06,Yes,No,47989.87,64266.23,3935169.3
2026-03-27,Mar-2026,SKU-109,Bearing Assembly 1,Standard Components,South,Kaveri Engineering,SUP-F,Fusion Tech,158,154,230,200,43,12,152,152,2026-04-02,2026-04-02,Yes,No,13109.66,17233.19,2621932.36
2026-07-06,Jul-2026,SKU-127,Lubrication Kit 1,Consumables,South,Kaveri Engineering,SUP-B,Bharat Industrial,179,172,367,333,86,18,174,174,2026-07-14,2026-07-17,No,No,4722.27,6822.5,1572517.38
2026-01-21,Jan-2026,SKU-120,Robotic Arm Module 2,Premium Equipment,West,Gujarat Process Systems,SUP-A,Alpha Components,58,73,129,124,27,19,51,51,2026-01-28,2026-01-28,Yes,No,75479.08,105111.54,9359405.78
2026-07-24,Jul-2026,SKU-117,CNC Control Unit 1,Premium Equipment,North,Delhi Industrial Systems,SUP-E,Everest Components,51,47,60,49,17,23,58,58,2026-08-02,2026-08-02,Yes,No,111899.72,154966.71,5483086.39
2026-05-30,May-2026,SKU-111,Drive Belt 1,Standard Components,South,TechFab Systems,SUP-B,Bharat Industrial,211,187,288,248,52,21,201,201,2026-06-04,2026-06-04,Yes,No,6904.26,10376.9,1712257.46
2026-05-26,May-2026,SKU-127,Lubrication Kit 1,Consumables,North,Delhi Industrial Systems,SUP-G,Global Motion,272,279,561,505,139,21,294,294,2026-05-31,2026-05-31,Yes,No,1123.95,1543.73,567596.9
2026-03-18,Mar-2026,SKU-120,Robotic Arm Module 2,Premium Equipment,South,Kaveri Engineering,SUP-A,Alpha Components,54,57,54,44,21,17,59,59,2026-03-30,2026-04-03,No,No,154496.69,236023.24,6797854.48
2026-01-11,Jan-2026,SKU-115,Connector Set 1,Standard Components,East,Eastern Process Tech,SUP-F,Fusion Tech,215,215,281,239,60,23,211,211,2026-01-19,2026-01-19,Yes,No,13684.43,16893.25,3270579.06
2026-03-05,Mar-2026,SKU-127,Lubrication Kit 1,Consumables,West,Vertex Engineering,SUP-H,Horizon Parts,263,281,595,546,140,19,278,278,2026-03-10,2026-03-10,Yes,No,2280.54,3384.94,1245175.88
2026-07-03,Jul-2026,SKU-121,Vision Inspection Unit 1,Premium Equipment,South,TechFab Systems,SUP-D,Delta Engineering,62,64,71,59,24,20,61,61,2026-07-15,2026-07-15,Yes,No,175579.34,232070.51,10359181.08
2026-03-13,Mar-2026,SKU-108,Power Module 2,Critical Components,North,Horizon Machines,SUP-G,Global Motion,120,99,89,66,31,21,125,115,2026-03-18,2026-03-23,No,Yes,56544.21,79357.81,3731917.99
2026-05-25,May-2026,SKU-116,Connector Set 2,Standard Components,North,Apex Engineering,SUP-C,Crest Global,180,185,249,211,51,29,195,195,2026-05-31,2026-05-31,Yes,No,11846.59,17981.04,2499630.82
2026-04-28,Apr-2026,SKU-109,Bearing Assembly 1,Standard Components,North,Horizon Machines,SUP-B,Bharat Industrial,214,221,337,292,61,23,235,235,2026-05-09,2026-05-09,Yes,No,4652.24,5728.93,1358453.44
2026-06-12,Jun-2026,SKU-116,Connector Set 2,Standard Components,West,Metro Automation,SUP-G,Global Motion,196,177,262,220,49,21,212,212,2026-06-20,2026-06-20,Yes,No,11640.73,15581.2,2560961.0
2026-05-24,May-2026,SKU-132,Coolant Module 2,Consumables,South,TechFab Systems,SUP-G,Global Motion,234,259,540,500,129,18,241,241,2026-06-05,2026-06-05,Yes,No,1270.63,1825.6,635315.69
2026-03-14,Mar-2026,SKU-104,Precision Gearbox 2,Critical Components,West,Gujarat Process Systems,SUP-D,Delta Engineering,146,123,106,77,39,28,147,147,2026-03-24,2026-04-05,No,Yes,34862.81,49063.3,2684436.16
2026-02-10,Feb-2026,SKU-113,Valve Kit 1,Standard Components,West,Metro Automation,SUP-E,Everest Components,176,181,267,235,50,20,167,167,2026-02-15,2026-02-15,Yes,No,11774.12,17482.22,2766918.73
2026-08-15,Aug-2026,SKU-121,Vision Inspection Unit 1,Premium Equipment,North,Delhi Industrial Systems,SUP-C,Crest Global,53,40,21,9,15,34,68,62,2026-08-25,2026-08-25,No,Yes,153980.32,220843.11,1385822.84
2026-02-18,Feb-2026,SKU-123,Smart Drive 1,Premium Equipment,North,Delhi Industrial Systems,SUP-G,Global Motion,53,62,117,111,23,26,45,45,2026-02-28,2026-03-10,No,No,172085.97,252271.72,19101543.14
2026-03-06,Mar-2026,SKU-123,Smart Drive 1,Premium Equipment,Central,Vindhya Engineering,SUP-B,Bharat Industrial,68,57,68,57,21,17,58,58,2026-03-14,2026-03-14,Yes,No,145051.7,197939.38,8267946.81
2026-04-22,Apr-2026,SKU-111,Drive Belt 1,Standard Components,Central,Narmada Systems,SUP-G,Global Motion,157,171,212,184,47,21,161,161,2026-04-28,2026-04-28,Yes,No,2730.9,3639.73,502485.04
2026-08-20,Aug-2026,SKU-125,Filter Cartridge 1,Consumables,North,Apex Engineering,SUP-B,Bharat Industrial,126,173,342,332,86,25,126,126,2026-08-31,2026-08-31,Yes,No,4076.82,5945.12,1353505.74
2026-07-10,Jul-2026,SKU-117,CNC Control Unit 1,Premium Equipment,West,Vertex Engineering,SUP-D,Delta Engineering,63,67,94,84,25,16,56,56,2026-07-21,2026-07-21,Yes,No,115041.05,148206.75,9663448.17
2026-06-17,Jun-2026,SKU-119,Robotic Arm Module 1,Premium Equipment,Central,Narmada Systems,SUP-B,Bharat Industrial,52,57,88,80,21,13,47,47,2026-06-28,2026-06-28,Yes,No,110721.91,152073.12,8857752.71
2026-03-03,Mar-2026,SKU-118,CNC Control Unit 2,Premium Equipment,East,Bengal Engineering,SUP-B,Bharat Industrial,70,73,97,84,27,10,74,74,2026-03-14,2026-03-14,Yes,No,163361.75,246830.75,13722387.14
2026-05-06,May-2026,SKU-120,Robotic Arm Module 2,Premium Equipment,North,Apex Engineering,SUP-C,Crest Global,75,85,180,168,32,33,77,77,2026-05-17,2026-05-17,Yes,No,157820.5,223531.55,26513844.69
2026-03-27,Mar-2026,SKU-105,Industrial Sensor 1,Critical Components,North,NorthStar Automation,SUP-D,Delta Engineering,141,106,110,83,33,24,138,138,2026-04-03,2026-04-03,Yes,Yes,45385.82,67046.2,3767023.32
2026-07-25,Jul-2026,SKU-119,Robotic Arm Module 1,Premium Equipment,Central,CoreTech Manufacturing,SUP-G,Global Motion,50,58,78,70,22,15,51,51,2026-08-01,2026-08-01,Yes,No,104474.09,151264.86,7313186.51
2026-01-17,Jan-2026,SKU-131,Coolant Module 1,Consumables,Central,CoreTech Manufacturing,SUP-A,Alpha Components,182,229,516,499,114,13,178,161,2026-01-26,2026-02-03,No,No,3643.4,4552.3,1818057.56
2026-04-28,Apr-2026,SKU-114,Valve Kit 2,Standard Components,Central,Narmada Systems,SUP-H,Horizon Parts,181,137,173,137,38,19,181,181,2026-05-09,2026-05-09,Yes,Yes,12612.32,18853.75,1727888.5
2026-08-07,Aug-2026,SKU-104,Precision Gearbox 2,Critical Components,South,Kaveri Engineering,SUP-A,Alpha Components,91,83,104,83,26,13,106,106,2026-08-13,2026-08-13,Yes,No,29371.09,40432.6,2437800.51
2026-05-26,May-2026,SKU-123,Smart Drive 1,Premium Equipment,South,TechFab Systems,SUP-B,Bharat Industrial,56,62,116,107,23,20,59,59,2026-06-03,2026-06-03,Yes,No,57506.54,84724.33,6153200.28
2026-01-07,Jan-2026,SKU-131,Coolant Module 1,Consumables,Central,Vindhya Engineering,SUP-A,Alpha Components,234,290,597,567,145,20,241,241,2026-01-18,2026-01-18,Yes,No,3247.0,4629.54,1841047.94
2026-06-03,Jun-2026,SKU-107,Power Module 1,Critical Components,North,Horizon Machines,SUP-D,Delta Engineering,99,80,63,43,25,21,106,104,2026-06-12,2026-06-23,No,Yes,32043.18,47609.5,1377856.84
2026-07-29,Jul-2026,SKU-126,Filter Cartridge 2,Consumables,West,Gujarat Process Systems,SUP-A,Alpha Components,114,83,194,169,41,15,128,128,2026-08-06,2026-08-06,Yes,No,3035.96,4646.29,513076.47
2026-04-06,Apr-2026,SKU-120,Robotic Arm Module 2,Premium Equipment,West,Gujarat Process Systems,SUP-E,Everest Components,66,68,139,126,25,16,67,66,2026-04-12,2026-04-12,No,No,107559.07,144414.75,13552442.95
2026-06-03,Jun-2026,SKU-119,Robotic Arm Module 1,Premium Equipment,East,Eastern Process Tech,SUP-H,Horizon Parts,74,78,105,88,29,14,94,94,2026-06-09,2026-06-09,Yes,No,61757.75,78143.96,5434681.68
2026-02-25,Feb-2026,SKU-122,Vision Inspection Unit 2,Premium Equipment,South,Kaveri Engineering,SUP-C,Crest Global,52,61,70,63,23,27,53,53,2026-03-02,2026-03-02,Yes,No,76075.72,105103.2,4792770.33
2026-07-19,Jul-2026,SKU-106,Industrial Sensor 2,Critical Components,North,NorthStar Automation,SUP-E,Everest Components,54,55,61,48,17,18,67,66,2026-07-27,2026-07-27,No,No,18193.82,24070.25,873303.37
2026-01-31,Jan-2026,SKU-125,Filter Cartridge 1,Consumables,East,Orion Industries,SUP-C,Crest Global,247,270,559,512,135,30,270,270,2026-02-10,2026-02-10,Yes,No,3103.84,4555.0,1589165.99
2026-02-16,Feb-2026,SKU-126,Filter Cartridge 2,Consumables,North,Delhi Industrial Systems,SUP-C,Crest Global,241,266,557,519,133,26,255,232,2026-02-21,2026-02-22,No,No,4041.82,5486.92,2097706.56
2026-04-12,Apr-2026,SKU-108,Power Module 2,Critical Components,East,Prime Industrial,SUP-E,Everest Components,133,135,145,120,43,20,129,129,2026-04-21,2026-04-21,Yes,No,50934.14,72522.08,6112096.59
2026-03-18,Mar-2026,SKU-108,Power Module 2,Critical Components,West,Metro Automation,SUP-B,Bharat Industrial,128,120,126,98,38,16,144,144,2026-03-23,2026-03-23,Yes,Yes,60786.76,74415.6,5957102.63
2026-01-27,Jan-2026,SKU-108,Power Module 2,Critical Components,West,Metro Automation,SUP-B,Bharat Industrial,140,130,129,100,41,17,146,146,2026-02-08,2026-02-13,No,Yes,30413.88,45658.59,3041387.61
2026-04-07,Apr-2026,SKU-121,Vision Inspection Unit 1,Premium Equipment,South,Deccan Industries,SUP-B,Bharat Industrial,76,60,91,76,22,19,76,76,2026-04-19,2026-04-24,No,No,156870.54,212129.21,11922160.75
2026-05-01,May-2026,SKU-118,CNC Control Unit 2,Premium Equipment,West,Metro Automation,SUP-G,Global Motion,47,38,77,70,14,22,40,39,2026-05-07,2026-05-07,No,No,139799.14,188074.27,9785939.94
2026-04-06,Apr-2026,SKU-102,Servo Controller 2,Critical Components,Central,Vindhya Engineering,SUP-C,Crest Global,72,63,69,53,20,25,82,82,2026-04-14,2026-04-25,No,Yes,59037.75,80458.99,3129000.62
2026-07-10,Jul-2026,SKU-116,Connector Set 2,Standard Components,East,Prime Industrial,SUP-C,Crest Global,181,157,223,187,43,28,181,181,2026-07-22,2026-07-25,No,No,8153.95,10083.3,1524788.94
2026-03-03,Mar-2026,SKU-125,Filter Cartridge 1,Consumables,South,Southern Automation,SUP-B,Bharat Industrial,158,179,387,359,89,12,176,176,2026-03-15,2026-03-15,Yes,No,3380.76,5045.96,1213694.39
2026-07-26,Jul-2026,SKU-120,Robotic Arm Module 2,Premium Equipment,Central,Vindhya Engineering,SUP-H,Horizon Parts,63,60,95,79,22,20,82,82,2026-08-07,2026-08-07,Yes,No,67179.63,82007.85,5307190.6
2026-04-05,Apr-2026,SKU-119,Robotic Arm Module 1,Premium Equipment,East,Orion Industries,SUP-B,Bharat Industrial,68,69,129,113,26,21,84,84,2026-04-13,2026-04-13,Yes,No,112130.75,163322.93,12670774.87
2026-02-01,Feb-2026,SKU-127,Lubrication Kit 1,Consumables,North,Apex Engineering,SUP-H,Horizon Parts,171,191,398,366,95,11,194,194,2026-02-12,2026-02-12,Yes,No,1632.85,2303.83,597623.63
2026-07-11,Jul-2026,SKU-109,Bearing Assembly 1,Standard Components,North,Horizon Machines,SUP-G,Global Motion,114,123,161,141,34,22,125,116,2026-07-18,2026-07-18,No,No,12694.02,17781.48,1789857.36
2026-03-26,Mar-2026,SKU-114,Valve Kit 2,Standard Components,North,Horizon Machines,SUP-F,Fusion Tech,195,189,216,173,52,20,217,217,2026-04-05,2026-04-05,Yes,No,8966.22,13039.94,1551156.48
2026-06-26,Jun-2026,SKU-119,Robotic Arm Module 1,Premium Equipment,Central,Narmada Systems,SUP-A,Alpha Components,52,51,101,91,19,18,54,54,2026-07-03,2026-07-14,No,No,141324.36,207561.1,12860516.42
2026-01-13,Jan-2026,SKU-123,Smart Drive 1,Premium Equipment,West,Western Manufacturing,SUP-D,Delta Engineering,55,46,104,92,17,20,63,63,2026-01-18,2026-01-25,No,No,140643.6,174082.27,12939210.77
2026-07-14,Jul-2026,SKU-117,CNC Control Unit 1,Premium Equipment,North,NorthStar Automation,SUP-D,Delta Engineering,69,62,67,53,23,18,71,71,2026-07-21,2026-07-23,No,Yes,119230.86,162321.79,6319235.4
2026-05-27,May-2026,SKU-117,CNC Control Unit 1,Premium Equipment,North,Horizon Machines,SUP-A,Alpha Components,49,57,96,90,21,19,42,42,2026-06-05,2026-06-05,Yes,No,153003.93,197770.96,13770353.8
2026-02-21,Feb-2026,SKU-105,Industrial Sensor 1,Critical Components,West,Gujarat Process Systems,SUP-C,Crest Global,109,92,111,87,29,27,120,120,2026-03-02,2026-03-02,Yes,No,53374.82,82398.65,4643609.11
2026-01-07,Jan-2026,SKU-108,Power Module 2,Critical Components,West,Metro Automation,SUP-C,Crest Global,77,51,59,42,16,27,87,87,2026-01-13,2026-01-13,Yes,Yes,43391.15,58306.26,1822428.46
2026-07-29,Jul-2026,SKU-129,Seal Pack 1,Consumables,East,Orion Industries,SUP-D,Delta Engineering,199,223,497,461,111,26,223,223,2026-08-04,2026-08-04,Yes,No,4727.63,6088.43,2179435.52
2026-08-05,Aug-2026,SKU-128,Lubrication Kit 2,Consumables,West,Western Manufacturing,SUP-C,Crest Global,281,311,653,610,155,28,282,267,2026-08-13,2026-08-20,No,No,879.39,1268.24,536426.41
2026-05-21,May-2026,SKU-101,Servo Controller 1,Critical Components,West,Western Manufacturing,SUP-F,Fusion Tech,86,66,90,74,21,27,82,82,2026-05-30,2026-05-30,Yes,No,31231.32,38419.84,2311117.67
2026-02-14,Feb-2026,SKU-115,Connector Set 1,Standard Components,North,NorthStar Automation,SUP-E,Everest Components,192,188,228,192,52,17,182,182,2026-02-21,2026-02-21,Yes,No,9361.53,12362.35,1797413.99
2026-07-15,Jul-2026,SKU-123,Smart Drive 1,Premium Equipment,North,Delhi Industrial Systems,SUP-C,Crest Global,60,69,115,101,26,27,85,85,2026-07-21,2026-07-21,Yes,No,145698.66,193659.86,14715564.37
2026-02-06,Feb-2026,SKU-116,Connector Set 2,Standard Components,North,Apex Engineering,SUP-D,Delta Engineering,155,173,235,208,48,20,168,168,2026-02-17,2026-02-17,Yes,No,11535.09,15126.02,2399298.99
2026-04-07,Apr-2026,SKU-109,Bearing Assembly 1,Standard Components,West,Vertex Engineering,SUP-H,Horizon Parts,146,149,236,208,41,16,147,147,2026-04-13,2026-04-13,Yes,No,4110.02,6216.37,854883.99
2026-01-24,Jan-2026,SKU-105,Industrial Sensor 1,Critical Components,Central,Central Industrial Works,SUP-F,Fusion Tech,78,60,69,53,19,21,84,84,2026-02-05,2026-02-05,Yes,Yes,24985.75,37550.19,1324244.76
2026-02-08,Feb-2026,SKU-130,Seal Pack 2,Consumables,East,Eastern Process Tech,SUP-G,Global Motion,231,252,580,541,126,19,231,231,2026-02-15,2026-02-15,Yes,No,5348.36,7823.86,2893461.21
2026-05-08,May-2026,SKU-123,Smart Drive 1,Premium Equipment,North,NorthStar Automation,SUP-D,Delta Engineering,71,74,116,100,28,24,85,85,2026-05-20,2026-05-21,No,No,142967.03,213561.8,14296703.16
2026-08-06,Aug-2026,SKU-117,CNC Control Unit 1,Premium Equipment,East,Bengal Engineering,SUP-G,Global Motion,44,39,27,14,14,15,67,67,2026-08-14,2026-08-14,Yes,Yes,115857.7,164447.21,1622007.73
2026-05-13,May-2026,SKU-109,Bearing Assembly 1,Standard Components,South,Southern Automation,SUP-B,Bharat Industrial,145,143,213,185,40,19,142,142,2026-05-24,2026-05-24,Yes,No,8037.44,10233.36,1486926.67
2026-08-06,Aug-2026,SKU-127,Lubrication Kit 1,Consumables,North,Apex Engineering,SUP-C,Crest Global,179,187,387,355,93,28,172,172,2026-08-13,2026-08-13,Yes,No,4928.99,7197.47,1749792.24
2026-08-03,Aug-2026,SKU-119,Robotic Arm Module 1,Premium Equipment,Central,Vindhya Engineering,SUP-H,Horizon Parts,40,36,56,45,13,15,56,56,2026-08-10,2026-08-10,Yes,No,140698.9,199350.08,6331450.3
2026-01-22,Jan-2026,SKU-115,Connector Set 1,Standard Components,South,Southern Automation,SUP-B,Bharat Industrial,209,212,286,246,59,21,208,208,2026-01-29,2026-01-29,Yes,No,2948.92,3712.04,725434.44
2026-05-08,May-2026,SKU-109,Bearing Assembly 1,Standard Components,Central,Central Industrial Works,SUP-G,Global Motion,141,138,203,176,38,22,145,135,2026-05-19,2026-05-19,No,No,12940.38,17604.24,2277506.37
2026-03-11,Mar-2026,SKU-131,Coolant Module 1,Consumables,West,Western Manufacturing,SUP-E,Everest Components,195,193,406,369,96,16,185,185,2026-03-17,2026-03-17,Yes,No,2721.57,3416.04,1004260.02
2026-04-24,Apr-2026,SKU-117,CNC Control Unit 1,Premium Equipment,South,Kaveri Engineering,SUP-F,Fusion Tech,32,24,44,33,9,19,57,57,2026-05-06,2026-05-06,Yes,No,178563.53,263467.67,5892596.59
2026-04-16,Apr-2026,SKU-109,Bearing Assembly 1,Standard Components,West,Western Manufacturing,SUP-D,Delta Engineering,127,134,202,176,37,21,142,142,2026-04-21,2026-04-21,Yes,No,2560.84,3906.65,450708.24
2026-04-26,Apr-2026,SKU-106,Industrial Sensor 2,Critical Components,North,Delhi Industrial Systems,SUP-C,Crest Global,91,68,63,47,21,32,84,82,2026-05-08,2026-05-12,No,Yes,57976.68,85730.5,2724903.91
2026-05-15,May-2026,SKU-115,Connector Set 1,Standard Components,East,Eastern Process Tech,SUP-F,Fusion Tech,174,174,304,267,48,26,189,189,2026-05-26,2026-05-26,Yes,No,2676.72,3751.06,714682.91
2026-07-09,Jul-2026,SKU-123,Smart Drive 1,Premium Equipment,South,TechFab Systems,SUP-D,Delta Engineering,47,44,55,45,16,23,53,53,2026-07-15,2026-07-15,Yes,No,69626.12,90864.8,3133175.61
2026-05-22,May-2026,SKU-117,CNC Control Unit 1,Premium Equipment,West,Metro Automation,SUP-H,Horizon Parts,61,48,67,51,18,21,80,80,2026-05-27,2026-05-27,Yes,No,153582.0,222907.09,7832682.12
2026-07-28,Jul-2026,SKU-121,Vision Inspection Unit 1,Premium Equipment,South,TechFab Systems,SUP-A,Alpha Components,49,44,86,74,16,15,60,60,2026-08-04,2026-08-04,Yes,No,88634.47,128114.52,6558950.99
2026-08-25,Aug-2026,SKU-113,Valve Kit 1,Standard Components,East,Bengal Engineering,SUP-D,Delta Engineering,137,103,159,131,28,20,142,142,2026-09-04,2026-09-04,Yes,No,13082.16,18610.2,1713763.42
2026-07-19,Jul-2026,SKU-103,Precision Gearbox 1,Critical Components,West,Vertex Engineering,SUP-E,Everest Components,35,30,7,0,9,21,56,56,2026-07-28,2026-07-28,Yes,Yes,53257.96,81489.26,0.0
2026-01-13,Jan-2026,SKU-123,Smart Drive 1,Premium Equipment,South,Southern Automation,SUP-H,Horizon Parts,74,71,115,103,26,13,64,64,2026-01-24,2026-01-24,Yes,No,87462.6,113548.83,9008647.4
2026-05-05,May-2026,SKU-122,Vision Inspection Unit 2,Premium Equipment,South,Kaveri Engineering,SUP-G,Global Motion,65,76,143,132,28,14,72,72,2026-05-12,2026-05-23,No,No,88743.64,120924.94,11714160.26
2026-04-12,Apr-2026,SKU-113,Valve Kit 1,Standard Components,North,Delhi Industrial Systems,SUP-H,Horizon Parts,186,172,245,204,48,11,207,207,2026-04-17,2026-04-17,Yes,No,3190.42,4555.45,650845.34
2026-04-30,Apr-2026,SKU-122,Vision Inspection Unit 2,Premium Equipment,South,TechFab Systems,SUP-E,Everest Components,53,58,112,102,22,14,55,55,2026-05-07,2026-05-12,No,No,115936.72,175479.35,11825545.24
2026-04-12,Apr-2026,SKU-119,Robotic Arm Module 1,Premium Equipment,East,Bengal Engineering,SUP-C,Crest Global,43,33,62,52,12,23,58,51,2026-04-19,2026-04-19,No,No,143804.19,194207.59,7477817.65
2026-08-20,Aug-2026,SKU-129,Seal Pack 1,Consumables,West,Vertex Engineering,SUP-H,Horizon Parts,173,193,408,380,96,22,179,172,2026-08-26,2026-08-26,No,No,3023.97,3742.96,1149109.83
2026-07-21,Jul-2026,SKU-126,Filter Cartridge 2,Consumables,East,Eastern Process Tech,SUP-B,Bharat Industrial,209,240,469,436,120,14,218,218,2026-07-30,2026-07-30,Yes,No,965.23,1291.24,420839.59
2026-08-27,Aug-2026,SKU-121,Vision Inspection Unit 1,Premium Equipment,Central,Narmada Systems,SUP-E,Everest Components,43,42,55,43,15,20,62,62,2026-09-07,2026-09-07,Yes,No,98396.04,146172.58,4231029.61
2026-04-28,Apr-2026,SKU-120,Robotic Arm Module 2,Premium Equipment,South,TechFab Systems,SUP-C,Crest Global,60,60,55,41,22,29,72,72,2026-05-03,2026-05-11,No,Yes,56141.57,73919.62,2301804.57
2026-03-05,Mar-2026,SKU-101,Servo Controller 1,Critical Components,East,Bengal Engineering,SUP-C,Crest Global,99,81,113,93,25,29,113,102,2026-03-11,2026-03-11,No,No,29259.41,42307.09,2721124.69
2026-03-18,Mar-2026,SKU-118,CNC Control Unit 2,Premium Equipment,South,Deccan Industries,SUP-C,Crest Global,65,67,108,91,25,23,86,86,2026-03-23,2026-03-23,Yes,No,176541.58,222665.35,16065283.38
2026-04-27,Apr-2026,SKU-101,Servo Controller 1,Critical Components,North,Delhi Industrial Systems,SUP-A,Alpha Components,127,123,108,83,39,19,146,129,2026-05-03,2026-05-06,No,Yes,20633.8,26481.91,1712605.58
2026-08-08,Aug-2026,SKU-117,CNC Control Unit 1,Premium Equipment,West,Western Manufacturing,SUP-B,Bharat Industrial,69,66,136,122,25,11,74,74,2026-08-13,2026-08-13,Yes,No,138250.99,186419.09,16866620.23
2026-03-25,Mar-2026,SKU-121,Vision Inspection Unit 1,Premium Equipment,North,Apex Engineering,SUP-B,Bharat Industrial,61,71,147,139,26,21,58,58,2026-04-05,2026-04-05,Yes,No,69956.2,85552.71,9723911.66
2026-01-15,Jan-2026,SKU-131,Coolant Module 1,Consumables,West,Gujarat Process Systems,SUP-F,Fusion Tech,231,228,478,430,114,16,242,241,2026-01-20,2026-01-20,No,No,1391.39,1804.33,598297.29
2026-05-27,May-2026,SKU-123,Smart Drive 1,Premium Equipment,West,Metro Automation,SUP-D,Delta Engineering,70,71,92,80,26,19,62,62,2026-06-08,2026-06-08,Yes,No,125837.72,166963.33,10067017.34
2026-05-04,May-2026,SKU-118,CNC Control Unit 2,Premium Equipment,Central,Vindhya Engineering,SUP-B,Bharat Industrial,47,45,46,33,17,19,66,66,2026-05-15,2026-05-15,Yes,Yes,100509.4,133258.28,3316810.19
2026-01-21,Jan-2026,SKU-125,Filter Cartridge 1,Consumables,North,NorthStar Automation,SUP-C,Crest Global,196,198,408,375,99,27,188,168,2026-01-26,2026-01-26,No,No,4730.61,6798.42,1773977.92
2026-05-19,May-2026,SKU-117,CNC Control Unit 1,Premium Equipment,North,Delhi Industrial Systems,SUP-B,Bharat Industrial,86,87,94,73,33,15,105,105,2026-05-24,2026-05-24,Yes,No,157753.31,195494.06,11515991.96
2026-06-11,Jun-2026,SKU-118,CNC Control Unit 2,Premium Equipment,East,Eastern Process Tech,SUP-E,Everest Components,64,66,99,86,25,15,68,68,2026-06-19,2026-06-19,Yes,No,173437.92,243539.22,14915660.95
2026-07-15,Jul-2026,SKU-107,Power Module 1,Critical Components,West,Vertex Engineering,SUP-E,Everest Components,99,74,100,76,23,21,124,124,2026-07-25,2026-07-25,Yes,No,43093.32,60396.45,3275092.5
2026-03-29,Mar-2026,SKU-124,Smart Drive 2,Premium Equipment,South,Kaveri Engineering,SUP-F,Fusion Tech,49,44,99,88,16,22,55,55,2026-04-10,2026-04-10,Yes,No,177869.56,247382.95,15652521.18
2026-08-20,Aug-2026,SKU-120,Robotic Arm Module 2,Premium Equipment,North,Delhi Industrial Systems,SUP-D,Delta Engineering,51,49,46,31,18,25,76,76,2026-08-27,2026-08-27,Yes,Yes,88123.52,114776.73,2731829.19
2026-03-11,Mar-2026,SKU-120,Robotic Arm Module 2,Premium Equipment,North,NorthStar Automation,SUP-D,Delta Engineering,59,47,59,46,17,21,68,68,2026-03-22,2026-03-22,Yes,No,98491.28,133697.2,4530598.69
2026-08-15,Aug-2026,SKU-108,Power Module 2,Critical Components,Central,Vindhya Engineering,SUP-F,Fusion Tech,133,87,71,46,27,18,126,126,2026-08-20,2026-08-20,Yes,Yes,44550.91,64255.76,2049341.68
2026-04-15,Apr-2026,SKU-129,Seal Pack 1,Consumables,West,Western Manufacturing,SUP-D,Delta Engineering,168,196,425,397,98,21,188,188,2026-04-20,2026-04-20,Yes,No,4079.99,6003.59,1619756.6
2026-05-08,May-2026,SKU-113,Valve Kit 1,Standard Components,East,Bengal Engineering,SUP-D,Delta Engineering,176,192,286,257,53,15,171,171,2026-05-19,2026-05-19,Yes,No,6188.49,8172.46,1590442.23
2026-04-04,Apr-2026,SKU-129,Seal Pack 1,Consumables,East,Prime Industrial,SUP-A,Alpha Components,277,288,593,542,144,15,272,272,2026-04-09,2026-04-09,Yes,No,2152.12,2869.38,1166449.0
2026-07-29,Jul-2026,SKU-108,Power Module 2,Critical Components,South,Kaveri Engineering,SUP-A,Alpha Components,111,110,140,117,35,17,117,117,2026-08-05,2026-08-05,Yes,No,49408.25,64443.21,5780764.94
2026-01-20,Jan-2026,SKU-119,Robotic Arm Module 1,Premium Equipment,North,Horizon Machines,SUP-A,Alpha Components,28,29,56,52,11,23,24,24,2026-01-31,2026-01-31,Yes,No,67450.46,101582.76,3507424.13
2026-05-21,May-2026,SKU-106,Industrial Sensor 2,Critical Components,North,NorthStar Automation,SUP-D,Delta Engineering,117,97,95,72,31,26,132,116,2026-05-31,2026-05-31,No,Yes,32209.33,39954.49,2319071.9
2026-03-11,Mar-2026,SKU-125,Filter Cartridge 1,Consumables,Central,Central Industrial Works,SUP-E,Everest Components,251,298,632,594,149,15,265,265,2026-03-19,2026-03-19,Yes,No,3645.23,4987.5,2165268.85
2026-02-07,Feb-2026,SKU-114,Valve Kit 2,Standard Components,West,Gujarat Process Systems,SUP-C,Crest Global,151,177,250,228,49,25,150,150,2026-02-14,2026-02-14,Yes,No,13408.92,20251.23,3057233.3
2026-07-10,Jul-2026,SKU-102,Servo Controller 2,Critical Components,West,Metro Automation,SUP-H,Horizon Parts,94,96,76,56,30,19,101,101,2026-07-18,2026-07-18,Yes,Yes,26683.09,37546.42,1494252.78
2026-03-05,Mar-2026,SKU-115,Connector Set 1,Standard Components,North,Apex Engineering,SUP-F,Fusion Tech,230,252,388,347,70,28,243,243,2026-03-16,2026-03-16,Yes,No,4722.49,5784.83,1638703.35
2026-03-15,Mar-2026,SKU-127,Lubrication Kit 1,Consumables,North,Delhi Industrial Systems,SUP-D,Delta Engineering,346,412,861,813,206,30,356,351,2026-03-26,2026-03-26,No,No,2270.62,3228.36,1846012.6
2026-07-14,Jul-2026,SKU-103,Precision Gearbox 1,Critical Components,East,Prime Industrial,SUP-C,Crest Global,142,99,130,105,31,27,134,126,2026-07-19,2026-07-19,No,Yes,38659.03,49287.97,4059198.37
2026-03-21,Mar-2026,SKU-104,Precision Gearbox 2,Critical Components,West,Gujarat Process Systems,SUP-C,Crest Global,116,95,101,73,30,25,140,140,2026-04-01,2026-04-01,Yes,Yes,19170.87,28971.8,1399473.46
2026-01-28,Jan-2026,SKU-117,CNC Control Unit 1,Premium Equipment,South,Southern Automation,SUP-B,Bharat Industrial,73,80,115,100,30,17,87,87,2026-02-04,2026-02-04,Yes,No,169031.6,243007.43,16903159.74
2026-02-12,Feb-2026,SKU-111,Drive Belt 1,Standard Components,Central,Vindhya Engineering,SUP-A,Alpha Components,146,153,196,169,42,16,147,147,2026-02-19,2026-02-20,No,No,5410.78,7571.6,914421.18
2026-01-06,Jan-2026,SKU-132,Coolant Module 2,Consumables,North,NorthStar Automation,SUP-H,Horizon Parts,206,227,467,428,113,19,231,231,2026-01-14,2026-01-14,Yes,No,4813.0,6931.24,2059962.99
2026-08-07,Aug-2026,SKU-120,Robotic Arm Module 2,Premium Equipment,South,Deccan Industries,SUP-A,Alpha Components,80,99,164,149,37,17,105,105,2026-08-19,2026-08-19,Yes,No,151064.0,229040.94,22508535.68
2026-08-02,Aug-2026,SKU-105,Industrial Sensor 1,Critical Components,West,Western Manufacturing,SUP-C,Crest Global,127,125,157,127,40,26,150,150,2026-08-10,2026-08-12,No,No,44854.25,65439.86,5696490.07
2026-06-08,Jun-2026,SKU-119,Robotic Arm Module 1,Premium Equipment,South,TechFab Systems,SUP-E,Everest Components,18,16,32,25,6,16,39,39,2026-06-20,2026-06-20,Yes,No,143573.38,175234.43,3589334.59
2026-01-11,Jan-2026,SKU-130,Seal Pack 2,Consumables,East,Eastern Process Tech,SUP-D,Delta Engineering,280,183,392,331,91,17,305,305,2026-01-19,2026-01-19,Yes,No,2246.53,3116.4,743601.75
2026-03-28,Mar-2026,SKU-101,Servo Controller 1,Critical Components,North,Horizon Machines,SUP-C,Crest Global,117,83,90,67,26,31,128,119,2026-04-09,2026-04-20,No,Yes,24380.43,36952.36,1633489.02
2026-05-03,May-2026,SKU-127,Lubrication Kit 1,Consumables,Central,Central Industrial Works,SUP-E,Everest Components,175,176,368,331,88,16,186,186,2026-05-13,2026-05-13,Yes,No,2563.63,3579.62,848562.08
2026-02-16,Feb-2026,SKU-125,Filter Cartridge 1,Consumables,North,Apex Engineering,SUP-E,Everest Components,227,222,469,423,111,24,232,232,2026-02-25,2026-02-25,Yes,No,4455.61,6778.8,1884725.08
2026-04-28,Apr-2026,SKU-102,Servo Controller 2,Critical Components,West,Gujarat Process Systems,SUP-B,Bharat Industrial,156,121,123,96,38,12,155,138,2026-05-05,2026-05-05,No,Yes,19717.97,26079.46,1892925.05
2026-01-16,Jan-2026,SKU-106,Industrial Sensor 2,Critical Components,South,Deccan Industries,SUP-B,Bharat Industrial,117,79,88,64,25,23,120,120,2026-01-24,2026-01-24,Yes,Yes,43016.96,54716.44,2753085.62
2026-02-03,Feb-2026,SKU-101,Servo Controller 1,Critical Components,Central,Central Industrial Works,SUP-C,Crest Global,104,97,128,106,31,29,112,112,2026-02-10,2026-02-10,Yes,No,46823.36,64398.16,4963275.69
2026-06-26,Jun-2026,SKU-104,Precision Gearbox 2,Critical Components,North,Apex Engineering,SUP-A,Alpha Components,81,78,64,46,24,23,93,93,2026-07-04,2026-07-15,No,Yes,56037.09,78864.95,2577706.22
2026-01-28,Jan-2026,SKU-130,Seal Pack 2,Consumables,North,Horizon Machines,SUP-H,Horizon Parts,116,131,307,287,65,24,129,129,2026-02-07,2026-02-07,Yes,No,3034.07,4053.45,870778.52
2026-05-03,May-2026,SKU-111,Drive Belt 1,Standard Components,South,TechFab Systems,SUP-C,Crest Global,140,139,188,155,38,26,165,165,2026-05-12,2026-05-12,Yes,No,7254.58,11182.1,1124460.2
2026-04-13,Apr-2026,SKU-105,Industrial Sensor 1,Critical Components,South,Kaveri Engineering,SUP-F,Fusion Tech,83,77,77,63,24,18,77,74,2026-04-25,2026-04-25,No,Yes,46015.55,60816.53,2898979.54
2026-04-18,Apr-2026,SKU-105,Industrial Sensor 1,Critical Components,East,Prime Industrial,SUP-C,Crest Global,117,96,112,92,30,27,107,102,2026-04-30,2026-05-07,No,Yes,46931.89,61899.07,4317734.05
2026-07-27,Jul-2026,SKU-120,Robotic Arm Module 2,Premium Equipment,Central,Narmada Systems,SUP-F,Fusion Tech,68,67,86,73,25,18,66,66,2026-08-01,2026-08-01,Yes,No,142919.27,191304.69,10433106.39
2026-08-13,Aug-2026,SKU-119,Robotic Arm Module 1,Premium Equipment,Central,Vindhya Engineering,SUP-G,Global Motion,47,41,80,68,15,17,61,61,2026-08-21,2026-08-21,Yes,No,103074.38,154321.7,7009057.99
2026-02-13,Feb-2026,SKU-119,Robotic Arm Module 1,Premium Equipment,Central,Vindhya Engineering,SUP-C,Crest Global,76,76,148,132,28,30,93,83,2026-02-20,2026-02-20,No,No,153616.05,208991.93,20277319.0
2026-02-20,Feb-2026,SKU-130,Seal Pack 2,Consumables,East,Prime Industrial,SUP-G,Global Motion,221,252,512,477,126,15,226,226,2026-03-01,2026-03-01,Yes,No,3470.3,5041.0,1655334.54
2026-02-02,Feb-2026,SKU-131,Coolant Module 1,Consumables,Central,Central Industrial Works,SUP-C,Crest Global,226,211,415,369,105,30,233,233,2026-02-08,2026-02-08,Yes,No,3919.56,5646.82,1446318.97
2026-06-29,Jun-2026,SKU-120,Robotic Arm Module 2,Premium Equipment,East,Orion Industries,SUP-A,Alpha Components,41,42,69,58,15,11,57,57,2026-07-08,2026-07-08,Yes,No,148678.16,209044.92,8623333.28
2026-01-20,Jan-2026,SKU-131,Coolant Module 1,Consumables,East,Eastern Process Tech,SUP-E,Everest Components,253,233,496,441,116,16,275,275,2026-01-29,2026-01-29,Yes,No,4284.72,6081.13,1889560.23
2026-08-25,Aug-2026,SKU-110,Bearing Assembly 2,Standard Components,West,Vertex Engineering,SUP-C,Crest Global,140,166,240,222,46,21,132,132,2026-08-31,2026-09-10,No,No,4272.73,6298.95,948545.71
2026-03-06,Mar-2026,SKU-129,Seal Pack 1,Consumables,West,Gujarat Process Systems,SUP-D,Delta Engineering,161,156,332,301,78,22,158,158,2026-03-18,2026-03-18,Yes,No,3302.85,4443.43,994157.22
2026-07-04,Jul-2026,SKU-125,Filter Cartridge 1,Consumables,East,Bengal Engineering,SUP-G,Global Motion,329,362,768,709,181,14,352,352,2026-07-09,2026-07-09,Yes,No,3669.28,5266.09,2601521.06
2026-03-15,Mar-2026,SKU-122,Vision Inspection Unit 2,Premium Equipment,South,Deccan Industries,SUP-E,Everest Components,54,48,40,29,18,17,56,56,2026-03-22,2026-03-22,Yes,Yes,63493.99,88468.54,1841325.84
2026-06-29,Jun-2026,SKU-129,Seal Pack 1,Consumables,South,TechFab Systems,SUP-E,Everest Components,224,247,543,507,123,22,227,217,2026-07-05,2026-07-05,No,No,3845.16,5710.27,1949494.82
2026-02-21,Feb-2026,SKU-108,Power Module 2,Critical Components,West,Vertex Engineering,SUP-C,Crest Global,115,94,119,94,30,17,132,126,2026-03-03,2026-03-03,No,No,54694.37,84703.33,5141270.88
2026-03-12,Mar-2026,SKU-117,CNC Control Unit 1,Premium Equipment,North,Apex Engineering,SUP-H,Horizon Parts,69,68,121,108,25,15,68,68,2026-03-23,2026-03-23,Yes,No,144425.04,179673.91,15597904.29
2026-05-31,May-2026,SKU-117,CNC Control Unit 1,Premium Equipment,West,Western Manufacturing,SUP-H,Horizon Parts,68,77,105,93,29,22,75,75,2026-06-10,2026-06-10,Yes,No,172488.88,235257.42,16041466.23
2026-08-09,Aug-2026,SKU-105,Industrial Sensor 1,Critical Components,East,Eastern Process Tech,SUP-C,Crest Global,86,58,78,59,18,29,98,98,2026-08-18,2026-08-18,Yes,Yes,47716.81,73345.77,2815291.72
2026-01-25,Jan-2026,SKU-130,Seal Pack 2,Consumables,West,Vertex Engineering,SUP-D,Delta Engineering,237,263,560,518,131,18,251,251,2026-02-04,2026-02-04,Yes,No,967.78,1188.79,501311.05
2026-06-05,Jun-2026,SKU-116,Connector Set 2,Standard Components,East,Eastern Process Tech,SUP-E,Everest Components,77,77,61,48,21,19,68,68,2026-06-10,2026-06-10,Yes,Yes,7163.34,9975.88,343840.34
2026-06-27,Jun-2026,SKU-110,Bearing Assembly 2,Standard Components,West,Gujarat Process Systems,SUP-B,Bharat Industrial,180,182,240,206,50,16,172,172,2026-07-04,2026-07-04,Yes,No,12903.62,18345.13,2658145.11
2026-08-06,Aug-2026,SKU-105,Industrial Sensor 1,Critical Components,West,Western Manufacturing,SUP-B,Bharat Industrial,74,57,65,49,18,19,85,84,2026-08-17,2026-08-17,No,Yes,63865.1,94630.43,3129390.08
2026-07-19,Jul-2026,SKU-103,Precision Gearbox 1,Critical Components,East,Orion Industries,SUP-A,Alpha Components,99,103,125,107,32,17,99,99,2026-07-24,2026-07-24,Yes,No,55179.46,83336.26,5904201.99
2026-01-25,Jan-2026,SKU-101,Servo Controller 1,Critical Components,North,Apex Engineering,SUP-E,Everest Components,99,80,51,32,25,19,97,97,2026-02-03,2026-02-03,Yes,Yes,37365.47,47805.39,1195695.11
2026-05-12,May-2026,SKU-106,Industrial Sensor 2,Critical Components,East,Orion Industries,SUP-C,Crest Global,137,118,142,116,37,29,133,130,2026-05-20,2026-05-20,No,No,47443.82,60217.68,5503483.06
2026-08-09,Aug-2026,SKU-131,Coolant Module 1,Consumables,East,Bengal Engineering,SUP-A,Alpha Components,247,276,594,550,138,16,266,266,2026-08-14,2026-08-14,Yes,No,1345.51,2038.95,740028.25
2026-07-08,Jul-2026,SKU-129,Seal Pack 1,Consumables,East,Orion Industries,SUP-G,Global Motion,240,300,660,630,150,16,250,250,2026-07-16,2026-07-16,Yes,No,3013.65,4158.4,1898602.16
2026-08-20,Aug-2026,SKU-128,Lubrication Kit 2,Consumables,North,NorthStar Automation,SUP-C,Crest Global,180,202,395,366,101,29,182,182,2026-08-25,2026-08-26,No,No,2765.65,4068.03,1012228.63
2026-03-02,Mar-2026,SKU-119,Robotic Arm Module 1,Premium Equipment,East,Bengal Engineering,SUP-D,Delta Engineering,81,90,141,124,34,10,101,101,2026-03-11,2026-03-11,Yes,No,85978.93,111204.65,10661387.38
2026-08-30,Aug-2026,SKU-110,Bearing Assembly 2,Standard Components,Central,Central Industrial Works,SUP-G,Global Motion,153,152,223,194,42,13,145,145,2026-09-10,2026-09-10,Yes,No,11944.85,16774.16,2317300.94
2026-01-08,Jan-2026,SKU-127,Lubrication Kit 1,Consumables,Central,Vindhya Engineering,SUP-F,Fusion Tech,203,252,541,515,126,23,212,212,2026-01-20,2026-01-20,Yes,No,4427.62,6679.01,2280226.64
2026-04-18,Apr-2026,SKU-112,Drive Belt 2,Standard Components,West,Vertex Engineering,SUP-H,Horizon Parts,177,175,236,199,49,15,188,188,2026-04-27,2026-04-27,Yes,No,13380.1,19801.72,2662639.54
2026-01-25,Jan-2026,SKU-122,Vision Inspection Unit 2,Premium Equipment,West,Western Manufacturing,SUP-F,Fusion Tech,62,59,110,95,22,18,75,75,2026-01-31,2026-01-31,Yes,No,96866.21,138923.84,9202289.91
2026-07-12,Jul-2026,SKU-114,Valve Kit 2,Standard Components,West,Gujarat Process Systems,SUP-F,Fusion Tech,139,149,197,174,41,19,133,133,2026-07-24,2026-07-24,Yes,No,3911.16,5459.36,680541.58
2026-03-20,Mar-2026,SKU-129,Seal Pack 1,Consumables,East,Eastern Process Tech,SUP-D,Delta Engineering,287,286,620,568,143,25,295,262,2026-03-27,2026-03-27,No,No,3247.23,4633.8,1844427.72
2026-03-21,Mar-2026,SKU-127,Lubrication Kit 1,Consumables,Central,Vindhya Engineering,SUP-H,Horizon Parts,215,255,521,493,127,16,209,209,2026-03-29,2026-03-29,Yes,No,3882.07,5744.12,1913862.66
2026-05-09,May-2026,SKU-129,Seal Pack 1,Consumables,South,Southern Automation,SUP-E,Everest Components,258,299,632,595,149,9,251,251,2026-05-18,2026-05-18,Yes,No,2140.66,3299.09,1273692.07
2026-08-07,Aug-2026,SKU-110,Bearing Assembly 2,Standard Components,North,Apex Engineering,SUP-A,Alpha Components,194,192,280,237,53,15,219,219,2026-08-17,2026-08-20,No,No,8708.47,13269.47,2063906.41
2026-04-18,Apr-2026,SKU-132,Coolant Module 2,Consumables,West,Metro Automation,SUP-F,Fusion Tech,316,424,882,854,212,17,324,324,2026-04-27,2026-05-07,No,No,5134.77,6838.32,4385096.04
2026-02-02,Feb-2026,SKU-131,Coolant Module 1,Consumables,Central,Vindhya Engineering,SUP-B,Bharat Industrial,216,257,520,491,128,19,211,211,2026-02-10,2026-02-10,Yes,No,905.98,1266.26,444835.51
2026-04-29,Apr-2026,SKU-106,Industrial Sensor 2,Critical Components,Central,Narmada Systems,SUP-B,Bharat Industrial,108,107,99,75,34,24,121,121,2026-05-10,2026-05-10,Yes,Yes,35523.06,53587.24,2664229.81
2026-01-27,Jan-2026,SKU-114,Valve Kit 2,Standard Components,West,Metro Automation,SUP-G,Global Motion,178,161,180,141,45,21,195,195,2026-02-07,2026-02-07,Yes,No,3489.9,5256.77,492075.44
2026-03-31,Mar-2026,SKU-105,Industrial Sensor 1,Critical Components,Central,Narmada Systems,SUP-A,Alpha Components,77,76,94,79,24,12,75,75,2026-04-11,2026-04-11,Yes,No,41057.52,56784.74,3243544.4
2026-07-13,Jul-2026,SKU-130,Seal Pack 2,Consumables,North,Apex Engineering,SUP-C,Crest Global,205,282,571,552,141,31,221,221,2026-07-21,2026-07-21,Yes,No,3614.79,4841.58,1995363.65
2026-05-08,May-2026,SKU-128,Lubrication Kit 2,Consumables,Central,Narmada Systems,SUP-B,Bharat Industrial,186,226,475,453,113,20,179,179,2026-05-20,2026-05-20,Yes,No,2771.72,4215.76,1255587.27
2026-04-06,Apr-2026,SKU-104,Precision Gearbox 2,Critical Components,South,Deccan Industries,SUP-C,Crest Global,124,98,123,94,31,31,148,148,2026-04-16,2026-04-27,No,Yes,55594.23,77629.49,5225857.5
2026-04-05,Apr-2026,SKU-110,Bearing Assembly 2,Standard Components,North,Horizon Machines,SUP-F,Fusion Tech,185,162,225,189,45,24,184,184,2026-04-13,2026-04-22,No,No,12061.29,16908.32,2279583.07
2026-07-17,Jul-2026,SKU-108,Power Module 2,Critical Components,South,Deccan Industries,SUP-B,Bharat Industrial,109,95,126,105,30,15,107,107,2026-07-27,2026-07-27,Yes,No,32320.16,46835.16,3393616.82
2026-06-30,Jun-2026,SKU-115,Connector Set 1,Standard Components,South,Southern Automation,SUP-C,Crest Global,197,194,267,231,54,27,188,182,2026-07-05,2026-07-05,No,No,10087.57,15331.24,2330229.06
2026-01-16,Jan-2026,SKU-105,Industrial Sensor 1,Critical Components,South,Deccan Industries,SUP-F,Fusion Tech,124,76,122,97,24,22,125,125,2026-01-21,2026-01-21,Yes,Yes,57755.49,73521.81,5602282.68
2026-05-13,May-2026,SKU-116,Connector Set 2,Standard Components,East,Eastern Process Tech,SUP-B,Bharat Industrial,199,162,225,184,45,13,207,207,2026-05-18,2026-05-20,No,No,13085.49,18978.98,2407729.71
2026-02-21,Feb-2026,SKU-129,Seal Pack 1,Consumables,West,Western Manufacturing,SUP-C,Crest Global,309,243,520,455,121,23,325,325,2026-03-03,2026-03-03,Yes,No,4112.24,5772.98,1871067.06
2026-01-15,Jan-2026,SKU-106,Industrial Sensor 2,Critical Components,South,Deccan Industries,SUP-C,Crest Global,75,68,36,22,21,24,79,72,2026-01-26,2026-01-26,No,Yes,21271.63,27209.99,467975.87
2026-06-26,Jun-2026,SKU-132,Coolant Module 2,Consumables,West,Metro Automation,SUP-H,Horizon Parts,150,158,345,318,79,20,146,146,2026-07-03,2026-07-03,Yes,No,5456.11,6877.49,1735042.41
2026-08-07,Aug-2026,SKU-128,Lubrication Kit 2,Consumables,West,Vertex Engineering,SUP-E,Everest Components,207,178,367,326,89,19,222,208,2026-08-14,2026-08-14,No,No,3753.34,4745.81,1223590.09
2026-01-30,Jan-2026,SKU-104,Precision Gearbox 2,Critical Components,West,Metro Automation,SUP-E,Everest Components,139,116,113,88,37,16,135,129,2026-02-11,2026-02-15,No,Yes,31797.46,47286.92,2798176.28
2026-05-23,May-2026,SKU-102,Servo Controller 2,Critical Components,Central,Central Industrial Works,SUP-H,Horizon Parts,127,104,123,94,33,12,145,145,2026-05-28,2026-05-28,Yes,Yes,48992.32,66733.65,4605277.92
2026-03-25,Mar-2026,SKU-125,Filter Cartridge 1,Consumables,East,Eastern Process Tech,SUP-H,Horizon Parts,206,190,388,347,95,14,206,206,2026-04-05,2026-04-05,Yes,No,4402.41,5784.17,1527637.17
2026-01-20,Jan-2026,SKU-102,Servo Controller 2,Critical Components,East,Bengal Engineering,SUP-G,Global Motion,91,91,104,84,29,25,102,102,2026-01-31,2026-01-31,Yes,No,34796.21,49893.14,2922881.29
2026-06-05,Jun-2026,SKU-106,Industrial Sensor 2,Critical Components,Central,Central Industrial Works,SUP-G,Global Motion,126,113,119,91,36,18,143,143,2026-06-16,2026-06-16,Yes,Yes,50710.05,68397.68,4614614.4
2026-05-31,May-2026,SKU-107,Power Module 1,Critical Components,West,Western Manufacturing,SUP-E,Everest Components,124,122,103,79,39,18,124,124,2026-06-10,2026-06-14,No,Yes,41356.73,57768.12,3267181.7
2026-03-19,Mar-2026,SKU-117,CNC Control Unit 1,Premium Equipment,North,NorthStar Automation,SUP-D,Delta Engineering,39,30,19,10,11,22,46,46,2026-03-31,2026-03-31,Yes,Yes,157967.37,208354.22,1579673.69
2026-06-23,Jun-2026,SKU-121,Vision Inspection Unit 1,Premium Equipment,North,NorthStar Automation,SUP-E,Everest Components,46,41,49,36,15,18,69,65,2026-07-01,2026-07-01,No,No,88491.99,131583.0,3185711.79
2026-08-11,Aug-2026,SKU-128,Lubrication Kit 2,Consumables,Central,Central Industrial Works,SUP-D,Delta Engineering,185,209,463,433,104,22,194,194,2026-08-22,2026-08-22,Yes,No,2738.46,4085.3,1185753.35
2026-06-19,Jun-2026,SKU-111,Drive Belt 1,Standard Components,South,Southern Automation,SUP-G,Global Motion,165,176,257,226,49,24,174,174,2026-06-30,2026-06-30,Yes,No,4822.89,7140.73,1089973.33
2026-03-17,Mar-2026,SKU-112,Drive Belt 2,Standard Components,West,Western Manufacturing,SUP-H,Horizon Parts,180,172,235,198,48,20,189,189,2026-03-28,2026-03-28,Yes,No,12685.77,19004.65,2511782.96
2026-03-06,Mar-2026,SKU-108,Power Module 2,Critical Components,East,Eastern Process Tech,SUP-C,Crest Global,150,93,92,63,29,29,145,145,2026-03-12,2026-03-18,No,Yes,33476.44,43447.72,2109015.58
2026-04-23,Apr-2026,SKU-114,Valve Kit 2,Standard Components,North,Delhi Industrial Systems,SUP-D,Delta Engineering,215,209,325,278,58,23,239,239,2026-04-29,2026-04-29,Yes,No,10351.49,15829.51,2877714.82
2026-04-07,Apr-2026,SKU-131,Coolant Module 1,Consumables,West,Vertex Engineering,SUP-A,Alpha Components,182,159,339,304,79,20,175,175,2026-04-15,2026-04-15,Yes,No,5044.84,7295.5,1533630.86
2026-05-21,May-2026,SKU-116,Connector Set 2,Standard Components,West,Metro Automation,SUP-A,Alpha Components,202,188,266,227,52,18,197,197,2026-05-29,2026-05-29,Yes,No,4342.61,6461.99,985773.19
2026-06-18,Jun-2026,SKU-127,Lubrication Kit 1,Consumables,West,Vertex Engineering,SUP-B,Bharat Industrial,277,228,481,424,114,14,288,288,2026-06-24,2026-06-24,Yes,No,3629.94,5402.92,1539096.65
2026-07-12,Jul-2026,SKU-121,Vision Inspection Unit 1,Premium Equipment,South,Deccan Industries,SUP-A,Alpha Components,48,45,78,71,17,11,38,38,2026-07-21,2026-07-21,Yes,No,119545.74,178613.89,8487747.28
2026-07-19,Jul-2026,SKU-109,Bearing Assembly 1,Standard Components,West,Metro Automation,SUP-F,Fusion Tech,86,92,139,122,25,22,96,96,2026-07-27,2026-07-27,Yes,No,7025.18,9893.07,857072.34
2026-01-10,Jan-2026,SKU-102,Servo Controller 2,Critical Components,Central,Vindhya Engineering,SUP-G,Global Motion,128,108,103,75,34,18,143,143,2026-01-19,2026-01-19,Yes,Yes,63027.54,87830.55,4727065.85
2026-07-21,Jul-2026,SKU-130,Seal Pack 2,Consumables,West,Metro Automation,SUP-B,Bharat Industrial,216,250,512,479,125,23,223,223,2026-08-02,2026-08-02,Yes,No,4673.22,6822.03,2238471.31
2026-02-22,Feb-2026,SKU-127,Lubrication Kit 1,Consumables,North,Delhi Industrial Systems,SUP-A,Alpha Components,231,270,537,500,135,14,250,250,2026-03-06,2026-03-06,Yes,No,4152.68,6037.12,2076339.48
2026-07-12,Jul-2026,SKU-117,CNC Control Unit 1,Premium Equipment,North,Apex Engineering,SUP-A,Alpha Components,49,52,41,35,19,25,39,39,2026-07-23,2026-07-23,Yes,Yes,176007.23,248444.88,6160252.92
2026-03-12,Mar-2026,SKU-111,Drive Belt 1,Standard Components,East,Orion Industries,SUP-H,Horizon Parts,198,213,301,267,59,16,195,195,2026-03-19,2026-03-19,Yes,No,5731.51,8699.98,1530312.49
2026-03-13,Mar-2026,SKU-117,CNC Control Unit 1,Premium Equipment,East,Prime Industrial,SUP-C,Crest Global,45,60,79,72,22,27,63,63,2026-03-20,2026-03-20,Yes,No,75444.37,94930.74,5431994.61
2026-08-22,Aug-2026,SKU-132,Coolant Module 2,Consumables,North,Horizon Machines,SUP-H,Horizon Parts,176,192,391,362,96,20,171,171,2026-08-31,2026-08-31,Yes,No,4987.2,7048.28,1805367.94
2026-06-03,Jun-2026,SKU-101,Servo Controller 1,Critical Components,East,Bengal Engineering,SUP-C,Crest Global,152,143,114,86,45,24,143,143,2026-06-09,2026-06-09,Yes,Yes,45745.91,57033.75,3934148.21
2026-08-05,Aug-2026,SKU-131,Coolant Module 1,Consumables,South,TechFab Systems,SUP-A,Alpha Components,198,220,446,414,110,13,196,196,2026-08-10,2026-08-10,Yes,No,3371.63,4783.53,1395856.58
2026-01-28,Jan-2026,SKU-126,Filter Cartridge 2,Consumables,South,Southern Automation,SUP-G,Global Motion,312,375,815,772,187,21,320,320,2026-02-04,2026-02-04,Yes,No,2257.48,3264.4,1742771.58
2026-02-07,Feb-2026,SKU-123,Smart Drive 1,Premium Equipment,West,Vertex Engineering,SUP-D,Delta Engineering,33,33,53,43,12,16,50,50,2026-02-18,2026-02-18,Yes,No,108252.14,144275.83,4654841.91
2026-05-03,May-2026,SKU-115,Connector Set 1,Standard Components,West,Gujarat Process Systems,SUP-H,Horizon Parts,126,122,185,161,34,20,121,121,2026-05-15,2026-05-15,Yes,No,10369.61,14114.61,1669507.25
2026-05-30,May-2026,SKU-104,Precision Gearbox 2,Critical Components,East,Eastern Process Tech,SUP-C,Crest Global,92,78,89,70,24,22,98,98,2026-06-05,2026-06-06,No,Yes,23354.97,31521.64,1634847.77
2026-01-26,Jan-2026,SKU-127,Lubrication Kit 1,Consumables,Central,CoreTech Manufacturing,SUP-F,Fusion Tech,185,187,367,329,93,18,191,191,2026-02-02,2026-02-02,Yes,No,3965.02,5404.93,1304491.97
2026-01-09,Jan-2026,SKU-101,Servo Controller 1,Critical Components,South,Deccan Industries,SUP-B,Bharat Industrial,75,66,32,13,21,23,96,96,2026-01-19,2026-01-19,Yes,Yes,63267.66,80007.49,822479.52
2026-02-22,Feb-2026,SKU-108,Power Module 2,Critical Components,West,Gujarat Process Systems,SUP-G,Global Motion,129,130,121,91,41,17,153,153,2026-03-03,2026-03-06,No,Yes,40277.49,58477.17,3665251.33
2026-05-09,May-2026,SKU-131,Coolant Module 1,Consumables,North,NorthStar Automation,SUP-D,Delta Engineering,259,318,662,630,159,21,255,255,2026-05-20,2026-05-28,No,No,2166.64,2991.86,1364983.39
2026-05-09,May-2026,SKU-132,Coolant Module 2,Consumables,North,Apex Engineering,SUP-A,Alpha Components,203,229,496,460,114,25,223,223,2026-05-19,2026-05-19,Yes,No,3005.43,4101.14,1382497.82
2026-05-14,May-2026,SKU-115,Connector Set 1,Standard Components,East,Orion Industries,SUP-H,Horizon Parts,194,208,247,210,58,16,207,207,2026-05-21,2026-05-21,Yes,No,11116.42,14293.83,2334449.14
2026-06-09,Jun-2026,SKU-132,Coolant Module 2,Consumables,North,NorthStar Automation,SUP-H,Horizon Parts,218,252,529,494,126,21,230,230,2026-06-16,2026-06-16,Yes,No,2823.92,4020.68,1395014.59
2026-02-04,Feb-2026,SKU-115,Connector Set 1,Standard Components,East,Orion Industries,SUP-F,Fusion Tech,178,141,186,146,39,15,200,200,2026-02-10,2026-02-10,Yes,No,7535.01,9468.54,1100111.04
2026-02-01,Feb-2026,SKU-107,Power Module 1,Critical Components,West,Western Manufacturing,SUP-C,Crest Global,122,110,135,110,35,27,130,126,2026-02-13,2026-02-15,No,No,25251.9,32489.7,2777708.94
2026-04-21,Apr-2026,SKU-101,Servo Controller 1,Critical Components,South,Kaveri Engineering,SUP-C,Crest Global,112,96,126,104,30,23,125,113,2026-05-02,2026-05-05,No,No,55683.13,83596.46,5791045.3
2026-07-27,Jul-2026,SKU-124,Smart Drive 2,Premium Equipment,Central,Narmada Systems,SUP-C,Crest Global,54,43,64,51,16,25,65,65,2026-08-03,2026-08-03,Yes,No,170314.86,240076.49,8686057.74
2026-06-15,Jun-2026,SKU-119,Robotic Arm Module 1,Premium Equipment,South,TechFab Systems,SUP-F,Fusion Tech,58,57,110,99,21,20,57,57,2026-06-27,2026-06-27,Yes,No,132273.43,176443.86,13095069.84
2026-07-31,Jul-2026,SKU-126,Filter Cartridge 2,Consumables,West,Vertex Engineering,SUP-B,Bharat Industrial,249,275,543,502,137,17,247,247,2026-08-09,2026-08-09,Yes,No,3787.72,4650.3,1901436.38
2026-08-20,Aug-2026,SKU-117,CNC Control Unit 1,Premium Equipment,South,TechFab Systems,SUP-G,Global Motion,55,54,89,74,20,21,77,77,2026-08-25,2026-08-25,Yes,No,126554.41,168553.2,9365026.34
2026-03-06,Mar-2026,SKU-115,Connector Set 1,Standard Components,South,TechFab Systems,SUP-C,Crest Global,167,143,222,191,40,27,169,156,2026-03-12,2026-03-12,No,No,7238.61,9141.79,1382574.31
2026-02-28,Feb-2026,SKU-129,Seal Pack 1,Consumables,North,NorthStar Automation,SUP-G,Global Motion,286,276,528,474,138,16,302,270,2026-03-07,2026-03-07,No,No,3286.96,4763.39,1558020.56
2026-05-01,May-2026,SKU-131,Coolant Module 1,Consumables,North,Delhi Industrial Systems,SUP-F,Fusion Tech,264,277,572,522,138,24,272,272,2026-05-08,2026-05-08,Yes,No,931.5,1180.34,486240.7
2026-07-24,Jul-2026,SKU-127,Lubrication Kit 1,Consumables,North,Horizon Machines,SUP-E,Everest Components,229,296,622,603,148,18,223,207,2026-08-02,2026-08-02,No,No,4184.16,5941.02,2523046.93
2026-07-19,Jul-2026,SKU-109,Bearing Assembly 1,Standard Components,East,Prime Industrial,SUP-H,Horizon Parts,144,135,183,151,37,17,160,160,2026-07-30,2026-07-30,Yes,No,10210.1,12754.61,1541725.73
2026-02-16,Feb-2026,SKU-102,Servo Controller 2,Critical Components,East,Orion Industries,SUP-D,Delta Engineering,141,135,170,145,43,21,134,126,2026-02-28,2026-02-28,No,No,18877.21,24743.07,2737195.64
2026-02-26,Feb-2026,SKU-116,Connector Set 2,Standard Components,West,Metro Automation,SUP-B,Bharat Industrial,192,162,234,198,45,17,183,183,2026-03-05,2026-03-05,Yes,No,6149.9,7704.47,1217679.81
2026-02-17,Feb-2026,SKU-119,Robotic Arm Module 1,Premium Equipment,North,Horizon Machines,SUP-B,Bharat Industrial,76,94,136,127,35,20,77,77,2026-02-22,2026-02-22,Yes,No,166626.38,255058.43,21161549.96
2026-08-23,Aug-2026,SKU-108,Power Module 2,Critical Components,North,Delhi Industrial Systems,SUP-F,Fusion Tech,75,59,42,26,18,22,82,82,2026-09-04,2026-09-04,Yes,Yes,21076.54,25842.9,547989.93
2026-05-26,May-2026,SKU-107,Power Module 1,Critical Components,South,Southern Automation,SUP-C,Crest Global,109,96,91,70,30,25,108,108,2026-06-02,2026-06-11,No,Yes,62772.79,93416.74,4394095.54
2026-08-05,Aug-2026,SKU-119,Robotic Arm Module 1,Premium Equipment,West,Gujarat Process Systems,SUP-A,Alpha Components,76,83,141,126,31,15,90,88,2026-08-13,2026-08-13,No,No,147397.87,194448.84,18572131.39
2026-04-16,Apr-2026,SKU-108,Power Module 2,Critical Components,West,Vertex Engineering,SUP-G,Global Motion,129,127,95,67,40,21,140,140,2026-04-28,2026-04-28,Yes,Yes,49127.02,65259.89,3291510.36
2026-08-26,Aug-2026,SKU-109,Bearing Assembly 1,Standard Components,West,Western Manufacturing,SUP-H,Horizon Parts,149,149,234,200,41,19,170,170,2026-09-01,2026-09-01,Yes,No,3391.52,4889.32,678303.17
2026-06-26,Jun-2026,SKU-108,Power Module 2,Critical Components,South,Kaveri Engineering,SUP-G,Global Motion,101,92,67,49,29,19,91,91,2026-07-06,2026-07-14,No,Yes,18440.08,26812.52,903563.69
2026-02-23,Feb-2026,SKU-106,Industrial Sensor 2,Critical Components,West,Vertex Engineering,SUP-F,Fusion Tech,132,153,161,139,48,21,153,147,2026-03-03,2026-03-03,No,No,64260.39,89007.54,8932193.69
2026-02-17,Feb-2026,SKU-113,Valve Kit 1,Standard Components,West,Gujarat Process Systems,SUP-B,Bharat Industrial,124,111,192,167,31,22,128,128,2026-02-26,2026-02-26,Yes,No,13907.44,18127.85,2322542.57
2026-05-28,May-2026,SKU-130,Seal Pack 2,Consumables,North,NorthStar Automation,SUP-A,Alpha Components,260,258,524,468,129,18,283,283,2026-06-07,2026-06-07,Yes,No,5116.44,7140.99,2394493.92
2026-03-26,Mar-2026,SKU-101,Servo Controller 1,Critical Components,South,TechFab Systems,SUP-A,Alpha Components,118,100,51,25,32,15,135,133,2026-04-03,2026-04-03,No,Yes,32607.88,48476.81,815196.88
2026-06-05,Jun-2026,SKU-122,Vision Inspection Unit 2,Premium Equipment,West,Gujarat Process Systems,SUP-B,Bharat Industrial,27,28,9,0,10,20,50,50,2026-06-11,2026-06-11,Yes,Yes,133168.59,166224.56,0.0
2026-01-20,Jan-2026,SKU-103,Precision Gearbox 1,Critical Components,South,Deccan Industries,SUP-F,Fusion Tech,154,144,163,129,46,24,171,171,2026-01-25,2026-01-25,Yes,No,31861.09,41321.5,4110080.38
2026-06-07,Jun-2026,SKU-101,Servo Controller 1,Critical Components,South,Kaveri Engineering,SUP-F,Fusion Tech,139,104,150,124,33,17,130,130,2026-06-17,2026-06-17,Yes,No,23076.31,34555.79,2861462.41
2026-08-24,Aug-2026,SKU-109,Bearing Assembly 1,Standard Components,East,Orion Industries,SUP-F,Fusion Tech,95,103,151,136,28,18,87,87,2026-09-02,2026-09-02,Yes,No,9994.61,13978.23,1359266.59
2026-02-11,Feb-2026,SKU-110,Bearing Assembly 2,Standard Components,East,Orion Industries,SUP-E,Everest Components,169,170,226,194,47,13,162,162,2026-02-16,2026-02-16,Yes,No,4804.28,6402.72,932029.72
2026-06-24,Jun-2026,SKU-131,Coolant Module 1,Consumables,West,Metro Automation,SUP-F,Fusion Tech,260,248,534,480,124,19,271,271,2026-07-06,2026-07-06,Yes,No,3802.21,5508.49,1825058.47
2026-05-04,May-2026,SKU-114,Valve Kit 2,Standard Components,North,Horizon Machines,SUP-G,Global Motion,182,195,277,243,54,22,194,194,2026-05-10,2026-05-10,Yes,No,9760.35,15049.01,2371764.48
2026-02-24,Feb-2026,SKU-113,Valve Kit 1,Standard Components,South,Southern Automation,SUP-E,Everest Components,169,150,210,178,42,15,160,160,2026-03-05,2026-03-05,Yes,No,10290.7,12931.5,1831745.02
2026-02-27,Feb-2026,SKU-120,Robotic Arm Module 2,Premium Equipment,South,TechFab Systems,SUP-F,Fusion Tech,45,34,41,30,12,31,62,55,2026-03-06,2026-03-09,No,Yes,102274.44,145009.94,3068233.24
2026-06-16,Jun-2026,SKU-116,Connector Set 2,Standard Components,Central,Vindhya Engineering,SUP-E,Everest Components,172,154,231,197,43,22,170,170,2026-06-28,2026-06-28,Yes,No,7912.67,10981.55,1558796.75
2026-07-16,Jul-2026,SKU-124,Smart Drive 2,Premium Equipment,East,Prime Industrial,SUP-C,Crest Global,48,53,51,39,20,25,69,69,2026-07-27,2026-07-27,Yes,No,80899.95,110767.11,3155098.04
2026-03-06,Mar-2026,SKU-126,Filter Cartridge 2,Consumables,North,NorthStar Automation,SUP-G,Global Motion,141,135,300,273,67,18,136,136,2026-03-16,2026-03-16,Yes,No,2920.41,3979.72,797272.11
2026-04-09,Apr-2026,SKU-132,Coolant Module 2,Consumables,South,Kaveri Engineering,SUP-A,Alpha Components,261,302,618,580,151,14,256,256,2026-04-15,2026-04-15,Yes,No,979.92,1260.28,568355.06
2026-02-24,Feb-2026,SKU-122,Vision Inspection Unit 2,Premium Equipment,South,TechFab Systems,SUP-D,Delta Engineering,48,28,41,29,10,25,72,63,2026-03-05,2026-03-05,No,Yes,173226.88,254656.67,5023579.4
2026-01-08,Jan-2026,SKU-131,Coolant Module 1,Consumables,West,Gujarat Process Systems,SUP-G,Global Motion,234,297,636,606,148,19,259,259,2026-01-20,2026-01-20,Yes,No,5227.07,7097.51,3167604.39
2026-04-27,Apr-2026,SKU-129,Seal Pack 1,Consumables,West,Western Manufacturing,SUP-F,Fusion Tech,307,388,844,806,194,19,328,328,2026-05-07,2026-05-07,Yes,No,4459.62,6231.92,3594456.95
2026-03-29,Mar-2026,SKU-102,Servo Controller 2,Critical Components,East,Eastern Process Tech,SUP-H,Horizon Parts,157,170,206,179,54,15,172,155,2026-04-09,2026-04-09,No,No,36162.39,51743.72,6473067.91
2026-03-23,Mar-2026,SKU-106,Industrial Sensor 2,Critical Components,North,Delhi Industrial Systems,SUP-A,Alpha Components,112,83,95,71,26,20,120,120,2026-04-01,2026-04-01,Yes,Yes,21289.03,32012.39,1511521.37
2026-04-20,Apr-2026,SKU-126,Filter Cartridge 2,Consumables,North,Apex Engineering,SUP-C,Crest Global,191,200,440,409,100,35,189,173,2026-05-02,2026-05-02,No,No,4168.83,5717.36,1705050.91
2026-02-25,Feb-2026,SKU-101,Servo Controller 1,Critical Components,Central,Narmada Systems,SUP-A,Alpha Components,85,83,81,60,26,9,106,106,2026-03-02,2026-03-02,Yes,Yes,31531.85,45873.92,1891911.23
2026-03-22,Mar-2026,SKU-126,Filter Cartridge 2,Consumables,East,Bengal Engineering,SUP-G,Global Motion,246,329,668,646,164,18,247,247,2026-03-28,2026-03-28,Yes,No,2086.75,2978.35,1348039.53
2026-03-20,Mar-2026,SKU-105,Industrial Sensor 1,Critical Components,West,Gujarat Process Systems,SUP-G,Global Motion,88,84,102,86,26,21,84,84,2026-03-30,2026-03-30,Yes,No,25747.44,36840.1,2214279.67
2026-06-26,Jun-2026,SKU-130,Seal Pack 2,Consumables,South,Kaveri Engineering,SUP-D,Delta Engineering,216,235,521,482,117,25,226,226,2026-07-08,2026-07-08,Yes,No,5265.09,6667.1,2537771.74
2026-08-03,Aug-2026,SKU-118,CNC Control Unit 2,Premium Equipment,West,Gujarat Process Systems,SUP-A,Alpha Components,45,42,86,77,15,19,45,45,2026-08-08,2026-08-08,Yes,No,82084.05,118427.96,6320472.17
2026-03-01,Mar-2026,SKU-129,Seal Pack 1,Consumables,West,Western Manufacturing,SUP-G,Global Motion,223,213,442,395,106,18,237,237,2026-03-09,2026-03-09,Yes,No,5449.67,7254.86,2152618.05
2026-02-23,Feb-2026,SKU-105,Industrial Sensor 1,Critical Components,North,Apex Engineering,SUP-F,Fusion Tech,127,101,125,98,32,23,137,137,2026-03-03,2026-03-12,No,Yes,36568.0,48515.19,3583664.42
2026-01-08,Jan-2026,SKU-126,Filter Cartridge 2,Consumables,West,Western Manufacturing,SUP-G,Global Motion,231,268,548,512,134,17,244,244,2026-01-16,2026-01-16,Yes,No,4148.9,6145.0,2124234.86
2026-08-29,Aug-2026,SKU-111,Drive Belt 1,Standard Components,South,Deccan Industries,SUP-F,Fusion Tech,197,192,225,186,53,17,195,195,2026-09-08,2026-09-19,No,No,6353.71,8553.25,1181790.06
2026-06-17,Jun-2026,SKU-115,Connector Set 1,Standard Components,East,Eastern Process Tech,SUP-D,Delta Engineering,223,228,335,288,63,21,240,240,2026-06-23,2026-06-23,Yes,No,5911.07,7285.45,1702387.99
2026-08-29,Aug-2026,SKU-129,Seal Pack 1,Consumables,West,Vertex Engineering,SUP-C,Crest Global,185,231,459,434,115,27,201,201,2026-09-07,2026-09-11,No,No,3334.77,5066.14,1447288.11
2026-06-24,Jun-2026,SKU-116,Connector Set 2,Standard Components,West,Gujarat Process Systems,SUP-G,Global Motion,140,138,191,159,38,18,161,161,2026-07-02,2026-07-02,Yes,No,13290.16,18621.1,2113134.97
2026-07-27,Jul-2026,SKU-114,Valve Kit 2,Standard Components,North,Apex Engineering,SUP-G,Global Motion,147,131,171,141,36,20,152,152,2026-08-08,2026-08-12,No,No,11484.82,15520.83,1619359.99
2026-02-16,Feb-2026,SKU-131,Coolant Module 1,Consumables,South,Kaveri Engineering,SUP-C,Crest Global,275,243,511,458,121,29,270,267,2026-02-23,2026-02-23,No,No,2131.16,2995.36,976071.74
2026-05-08,May-2026,SKU-105,Industrial Sensor 1,Critical Components,South,Kaveri Engineering,SUP-B,Bharat Industrial,122,104,86,59,33,21,135,135,2026-05-19,2026-05-31,No,Yes,35537.81,48150.18,2096730.8
2026-01-14,Jan-2026,SKU-108,Power Module 2,Critical Components,South,Southern Automation,SUP-B,Bharat Industrial,96,85,74,51,27,22,118,118,2026-01-24,2026-01-24,Yes,Yes,48592.6,59836.32,2478222.48
2026-08-01,Aug-2026,SKU-124,Smart Drive 2,Premium Equipment,East,Eastern Process Tech,SUP-C,Crest Global,50,56,71,63,21,26,50,50,2026-08-07,2026-08-07,Yes,No,128270.05,178438.68,8081013.38
2026-02-22,Feb-2026,SKU-128,Lubrication Kit 2,Consumables,North,NorthStar Automation,SUP-E,Everest Components,220,208,427,380,104,13,236,236,2026-02-28,2026-02-28,Yes,No,2064.4,2661.31,784472.11
2026-07-15,Jul-2026,SKU-126,Filter Cartridge 2,Consumables,West,Western Manufacturing,SUP-C,Crest Global,215,230,495,453,115,31,238,238,2026-07-24,2026-07-27,No,No,3086.41,4277.35,1398145.96
2026-02-02,Feb-2026,SKU-129,Seal Pack 1,Consumables,East,Bengal Engineering,SUP-C,Crest Global,258,327,673,642,163,27,274,274,2026-02-08,2026-02-11,No,No,1102.03,1355.27,707505.48
2026-03-06,Mar-2026,SKU-131,Coolant Module 1,Consumables,East,Eastern Process Tech,SUP-A,Alpha Components,318,367,771,725,183,19,310,310,2026-03-11,2026-03-11,Yes,No,3083.85,4532.59,2235793.37
2026-06-08,Jun-2026,SKU-128,Lubrication Kit 2,Consumables,South,TechFab Systems,SUP-F,Fusion Tech,277,226,457,404,113,19,270,265,2026-06-14,2026-06-14,No,No,5147.67,6323.79,2079660.48
2026-02-05,Feb-2026,SKU-118,CNC Control Unit 2,Premium Equipment,Central,Vindhya Engineering,SUP-F,Fusion Tech,41,43,47,39,16,23,43,43,2026-02-15,2026-02-15,Yes,No,155944.73,213117.34,6081844.33
2026-06-09,Jun-2026,SKU-132,Coolant Module 2,Consumables,South,Deccan Industries,SUP-F,Fusion Tech,129,155,299,282,77,29,125,125,2026-06-18,2026-06-18,Yes,No,4488.85,6538.01,1265856.02
2026-01-13,Jan-2026,SKU-109,Bearing Assembly 1,Standard Components,East,Eastern Process Tech,SUP-E,Everest Components,222,144,203,158,40,20,240,225,2026-01-21,2026-01-21,No,Yes,13358.41,20676.28,2110629.35
2026-01-12,Jan-2026,SKU-111,Drive Belt 1,Standard Components,Central,CoreTech Manufacturing,SUP-G,Global Motion,166,152,239,207,42,18,163,163,2026-01-24,2026-01-24,Yes,No,12527.32,17766.54,2593154.61
2026-06-18,Jun-2026,SKU-122,Vision Inspection Unit 2,Premium Equipment,South,Kaveri Engineering,SUP-G,Global Motion,59,54,87,77,20,19,54,54,2026-06-26,2026-06-26,Yes,No,161666.29,228011.31,12448304.22
2026-01-05,Jan-2026,SKU-120,Robotic Arm Module 2,Premium Equipment,North,Delhi Industrial Systems,SUP-G,Global Motion,66,65,121,104,24,18,89,89,2026-01-13,2026-01-13,Yes,No,94490.78,124534.29,9827040.93
2026-03-02,Mar-2026,SKU-132,Coolant Module 2,Consumables,West,Gujarat Process Systems,SUP-E,Everest Components,286,349,702,664,174,18,296,296,2026-03-08,2026-03-08,Yes,No,1813.81,2387.33,1204372.36
2026-04-11,Apr-2026,SKU-104,Precision Gearbox 2,Critical Components,Central,CoreTech Manufacturing,SUP-B,Bharat Industrial,113,73,72,52,23,19,106,103,2026-04-23,2026-04-23,No,Yes,32057.78,39338.64,1667004.74
2026-04-15,Apr-2026,SKU-122,Vision Inspection Unit 2,Premium Equipment,South,Kaveri Engineering,SUP-F,Fusion Tech,61,53,78,66,20,18,63,63,2026-04-26,2026-04-26,Yes,No,163231.93,249485.29,10773307.31
2026-03-23,Mar-2026,SKU-130,Seal Pack 2,Consumables,West,Gujarat Process Systems,SUP-H,Horizon Parts,232,228,489,443,114,19,234,234,2026-03-28,2026-03-28,Yes,No,4834.62,6499.01,2141738.68
2026-04-24,Apr-2026,SKU-111,Drive Belt 1,Standard Components,Central,Central Industrial Works,SUP-F,Fusion Tech,199,196,297,255,54,28,210,210,2026-05-01,2026-05-01,Yes,No,2890.92,4183.26,737183.97
2026-02-18,Feb-2026,SKU-125,Filter Cartridge 1,Consumables,West,Western Manufacturing,SUP-H,Horizon Parts,286,271,596,537,135,17,299,299,2026-02-24,2026-02-24,Yes,No,908.23,1279.77,487717.24
2026-05-31,May-2026,SKU-131,Coolant Module 1,Consumables,South,Deccan Industries,SUP-C,Crest Global,72,103,199,195,51,26,70,70,2026-06-06,2026-06-15,No,No,3413.48,4768.7,665629.14
2026-07-31,Jul-2026,SKU-132,Coolant Module 2,Consumables,North,Apex Engineering,SUP-D,Delta Engineering,308,315,684,627,157,23,298,298,2026-08-10,2026-08-10,Yes,No,3443.73,5168.97,2159220.08
2026-01-13,Jan-2026,SKU-106,Industrial Sensor 2,Critical Components,Central,CoreTech Manufacturing,SUP-C,Crest Global,88,72,76,57,23,27,97,97,2026-01-22,2026-01-30,No,Yes,24573.19,38062.47,1400671.67
2026-06-09,Jun-2026,SKU-114,Valve Kit 2,Standard Components,West,Western Manufacturing,SUP-D,Delta Engineering,186,188,257,221,52,21,184,184,2026-06-17,2026-06-17,Yes,No,10884.7,14215.66,2405518.84
2026-06-20,Jun-2026,SKU-111,Drive Belt 1,Standard Components,South,Deccan Industries,SUP-E,Everest Components,126,93,143,118,26,18,133,128,2026-06-28,2026-06-28,No,No,9949.37,14835.68,1174025.4
2026-03-26,Mar-2026,SKU-128,Lubrication Kit 2,Consumables,South,Southern Automation,SUP-B,Bharat Industrial,238,291,590,558,145,16,249,249,2026-04-05,2026-04-05,Yes,No,2086.14,2612.52,1164066.06
2026-03-02,Mar-2026,SKU-125,Filter Cartridge 1,Consumables,Central,Central Industrial Works,SUP-C,Crest Global,145,150,295,268,75,22,141,141,2026-03-11,2026-03-11,Yes,No,5248.6,7078.03,1406624.38
2026-04-03,Apr-2026,SKU-126,Filter Cartridge 2,Consumables,East,Bengal Engineering,SUP-E,Everest Components,304,330,701,646,165,17,318,318,2026-04-12,2026-04-12,Yes,No,1970.82,2800.29,1273152.72
2026-07-04,Jul-2026,SKU-130,Seal Pack 2,Consumables,North,Horizon Machines,SUP-H,Horizon Parts,179,193,424,391,96,13,188,188,2026-07-10,2026-07-17,No,No,1160.46,1507.68,453739.12
2026-01-28,Jan-2026,SKU-111,Drive Belt 1,Standard Components,East,Eastern Process Tech,SUP-E,Everest Components,130,123,139,110,34,22,147,147,2026-02-04,2026-02-04,Yes,No,13976.48,18921.43,1537412.35
2026-06-11,Jun-2026,SKU-113,Valve Kit 1,Standard Components,Central,Central Industrial Works,SUP-G,Global Motion,149,120,203,169,33,19,172,172,2026-06-16,2026-06-16,Yes,No,10257.0,13275.36,1733433.83
2026-01-24,Jan-2026,SKU-124,Smart Drive 2,Premium Equipment,West,Vertex Engineering,SUP-A,Alpha Components,47,49,81,71,18,14,52,52,2026-01-30,2026-01-30,Yes,No,55279.29,74621.24,3924829.48
2026-08-29,Aug-2026,SKU-120,Robotic Arm Module 2,Premium Equipment,Central,Central Industrial Works,SUP-H,Horizon Parts,67,57,87,70,21,18,86,86,2026-09-08,2026-09-08,Yes,No,105258.51,143379.49,7368095.78
2026-02-24,Feb-2026,SKU-106,Industrial Sensor 2,Critical Components,East,Bengal Engineering,SUP-C,Crest Global,123,104,95,67,33,27,143,143,2026-03-05,2026-03-05,Yes,Yes,59933.09,86098.21,4015516.97
2026-04-27,Apr-2026,SKU-111,Drive Belt 1,Standard Components,North,NorthStar Automation,SUP-A,Alpha Components,132,156,234,216,43,17,130,130,2026-05-07,2026-05-10,No,No,13406.32,16881.26,2895765.59
2026-05-10,May-2026,SKU-132,Coolant Module 2,Consumables,West,Gujarat Process Systems,SUP-F,Fusion Tech,241,209,457,406,104,17,255,255,2026-05-16,2026-05-16,Yes,No,4016.86,4969.55,1630843.95
2026-08-05,Aug-2026,SKU-122,Vision Inspection Unit 2,Premium Equipment,South,Deccan Industries,SUP-G,Global Motion,41,41,72,64,15,21,40,40,2026-08-12,2026-08-12,Yes,No,179282.13,267274.0,11474056.48
2026-02-24,Feb-2026,SKU-131,Coolant Module 1,Consumables,West,Western Manufacturing,SUP-C,Crest Global,277,359,744,717,179,25,274,274,2026-03-01,2026-03-01,Yes,No,1738.32,2616.59,1246378.61
2026-04-12,Apr-2026,SKU-127,Lubrication Kit 1,Consumables,East,Bengal Engineering,SUP-D,Delta Engineering,217,259,541,510,129,15,226,226,2026-04-22,2026-04-22,Yes,No,1023.52,1262.5,521992.68
2026-01-18,Jan-2026,SKU-121,Vision Inspection Unit 1,Premium Equipment,North,NorthStar Automation,SUP-E,Everest Components,61,59,134,120,22,22,72,72,2026-01-24,2026-01-24,Yes,No,71288.51,106028.23,8554621.3
2026-07-14,Jul-2026,SKU-124,Smart Drive 2,Premium Equipment,North,Horizon Machines,SUP-D,Delta Engineering,49,47,88,80,17,24,41,41,2026-07-22,2026-07-22,Yes,No,172727.25,227911.4,13818180.03
2026-05-06,May-2026,SKU-113,Valve Kit 1,Standard Components,East,Bengal Engineering,SUP-A,Alpha Components,201,219,271,233,61,14,226,223,2026-05-18,2026-05-18,No,No,7515.45,11531.0,1751098.98
2026-07-26,Jul-2026,SKU-102,Servo Controller 2,Critical Components,North,Horizon Machines,SUP-E,Everest Components,109,96,87,63,30,14,124,124,2026-08-01,2026-08-01,Yes,Yes,53284.21,69780.63,3356904.99
2026-02-21,Feb-2026,SKU-101,Servo Controller 1,Critical Components,North,Delhi Industrial Systems,SUP-D,Delta Engineering,175,152,160,127,48,19,184,168,2026-03-02,2026-03-02,No,Yes,26042.13,33044.49,3307350.2
2026-08-19,Aug-2026,SKU-118,CNC Control Unit 2,Premium Equipment,Central,CoreTech Manufacturing,SUP-A,Alpha Components,44,40,38,32,15,17,34,34,2026-08-29,2026-08-29,Yes,Yes,88004.77,133454.91,2816152.72
2026-03-21,Mar-2026,SKU-121,Vision Inspection Unit 1,Premium Equipment,Central,Central Industrial Works,SUP-F,Fusion Tech,67,87,180,168,33,24,91,91,2026-03-27,2026-03-27,Yes,No,87168.15,123729.32,14644248.55
2026-02-26,Feb-2026,SKU-129,Seal Pack 1,Consumables,North,Horizon Machines,SUP-D,Delta Engineering,165,160,324,288,80,22,182,182,2026-03-10,2026-03-10,Yes,No,1687.64,2332.1,486040.79
2026-07-10,Jul-2026,SKU-112,Drive Belt 2,Standard Components,West,Western Manufacturing,SUP-E,Everest Components,168,178,270,241,49,13,162,162,2026-07-21,2026-07-21,Yes,No,13659.43,19940.48,3291923.32
2026-07-30,Jul-2026,SKU-101,Servo Controller 1,Critical Components,East,Prime Industrial,SUP-C,Crest Global,106,92,57,37,29,30,104,104,2026-08-05,2026-08-05,Yes,Yes,62114.12,92006.42,2298222.6
2026-05-23,May-2026,SKU-122,Vision Inspection Unit 2,Premium Equipment,West,Western Manufacturing,SUP-D,Delta Engineering,72,83,103,90,31,24,81,81,2026-05-30,2026-05-30,Yes,No,122951.61,151807.56,11065645.19
2026-05-24,May-2026,SKU-119,Robotic Arm Module 1,Premium Equipment,North,NorthStar Automation,SUP-C,Crest Global,67,67,121,106,25,30,75,75,2026-06-04,2026-06-16,No,No,76194.88,95515.84,8076657.56
2026-03-18,Mar-2026,SKU-123,Smart Drive 1,Premium Equipment,North,Horizon Machines,SUP-B,Bharat Industrial,43,52,81,76,19,20,44,44,2026-03-28,2026-03-28,Yes,No,138409.17,206201.38,10519097.16
2026-04-04,Apr-2026,SKU-107,Power Module 1,Critical Components,South,Kaveri Engineering,SUP-E,Everest Components,163,126,126,96,40,16,153,152,2026-04-11,2026-04-11,No,Yes,36358.18,45164.62,3490385.28
2026-06-01,Jun-2026,SKU-128,Lubrication Kit 2,Consumables,Central,CoreTech Manufacturing,SUP-C,Crest Global,365,470,1004,964,235,28,375,375,2026-06-13,2026-06-20,No,No,5236.94,7981.78,5048412.34
2026-04-13,Apr-2026,SKU-127,Lubrication Kit 1,Consumables,East,Prime Industrial,SUP-D,Delta Engineering,198,234,503,475,117,16,202,202,2026-04-21,2026-04-21,Yes,No,3027.45,3826.96,1438040.58
2026-02-02,Feb-2026,SKU-104,Precision Gearbox 2,Critical Components,Central,CoreTech Manufacturing,SUP-G,Global Motion,147,104,121,87,33,18,172,170,2026-02-10,2026-02-10,No,Yes,28555.6,36186.09,2484337.04
2026-07-11,Jul-2026,SKU-102,Servo Controller 2,Critical Components,West,Metro Automation,SUP-C,Crest Global,97,68,89,70,21,32,97,97,2026-07-21,2026-07-21,Yes,Yes,29517.15,43466.6,2066200.7
2026-05-05,May-2026,SKU-109,Bearing Assembly 1,Standard Components,West,Vertex Engineering,SUP-H,Horizon Parts,148,156,192,163,43,18,156,156,2026-05-10,2026-05-10,Yes,No,11138.03,16648.95,1815498.68
2026-06-28,Jun-2026,SKU-130,Seal Pack 2,Consumables,East,Orion Industries,SUP-E,Everest Components,208,199,461,415,99,21,231,231,2026-07-05,2026-07-05,Yes,No,4665.77,7194.98,1936295.94
2026-06-08,Jun-2026,SKU-105,Industrial Sensor 1,Critical Components,West,Metro Automation,SUP-C,Crest Global,101,77,86,66,24,26,114,102,2026-06-14,2026-06-14,No,Yes,35046.98,44639.72,2313100.45
2026-02-01,Feb-2026,SKU-105,Industrial Sensor 1,Critical Components,North,Apex Engineering,SUP-F,Fusion Tech,105,103,105,87,32,23,100,94,2026-02-13,2026-02-13,No,No,32785.27,43053.38,2852318.81
2026-04-16,Apr-2026,SKU-113,Valve Kit 1,Standard Components,South,Kaveri Engineering,SUP-F,Fusion Tech,232,224,331,281,62,23,254,254,2026-04-23,2026-04-23,Yes,No,7984.96,10166.48,2243773.73
2026-06-28,Jun-2026,SKU-130,Seal Pack 2,Consumables,North,Apex Engineering,SUP-D,Delta Engineering,287,268,533,472,134,19,309,309,2026-07-08,2026-07-08,Yes,No,5218.66,6435.68,2463209.1
2026-07-06,Jul-2026,SKU-125,Filter Cartridge 1,Consumables,North,Apex Engineering,SUP-C,Crest Global,75,69,146,127,34,30,100,97,2026-07-12,2026-07-12,No,No,1120.36,1579.99,142285.8
2026-04-05,Apr-2026,SKU-106,Industrial Sensor 2,Critical Components,North,NorthStar Automation,SUP-C,Crest Global,104,90,75,57,28,32,101,94,2026-04-15,2026-04-22,No,Yes,37224.56,51709.31,2121800.02
2026-06-13,Jun-2026,SKU-121,Vision Inspection Unit 1,Premium Equipment,South,Kaveri Engineering,SUP-H,Horizon Parts,55,68,77,72,25,16,48,48,2026-06-21,2026-06-21,Yes,No,68162.25,95982.27,4907682.06
2026-08-11,Aug-2026,SKU-105,Industrial Sensor 1,Critical Components,North,NorthStar Automation,SUP-E,Everest Components,85,81,77,61,25,12,80,80,2026-08-17,2026-08-24,No,Yes,54106.18,83800.99,3300477.14
2026-05-09,May-2026,SKU-114,Valve Kit 2,Standard Components,West,Metro Automation,SUP-B,Bharat Industrial,173,178,272,238,49,19,176,176,2026-05-14,2026-05-21,No,No,11798.14,15224.66,2807956.41
2026-02-28,Feb-2026,SKU-102,Servo Controller 2,Critical Components,Central,Narmada Systems,SUP-C,Crest Global,114,94,109,87,30,29,123,114,2026-03-11,2026-03-22,No,Yes,59974.45,81650.19,5217777.09
2026-07-16,Jul-2026,SKU-120,Robotic Arm Module 2,Premium Equipment,North,Horizon Machines,SUP-G,Global Motion,38,38,6,0,14,24,50,47,2026-07-21,2026-07-21,No,Yes,145340.46,184251.54,0.0
2026-06-24,Jun-2026,SKU-121,Vision Inspection Unit 1,Premium Equipment,North,NorthStar Automation,SUP-C,Crest Global,45,45,39,26,17,31,68,67,2026-07-01,2026-07-12,No,Yes,82327.85,111855.4,2140524.01
2026-05-24,May-2026,SKU-111,Drive Belt 1,Standard Components,East,Bengal Engineering,SUP-F,Fusion Tech,177,190,226,192,53,17,190,190,2026-05-29,2026-05-29,Yes,No,11919.09,18470.85,2288465.75
2026-04-20,Apr-2026,SKU-127,Lubrication Kit 1,Consumables,South,Kaveri Engineering,SUP-F,Fusion Tech,267,301,636,594,150,19,267,267,2026-05-01,2026-05-01,Yes,No,4099.84,6270.73,2435302.18
2026-08-24,Aug-2026,SKU-107,Power Module 1,Critical Components,Central,Central Industrial Works,SUP-A,Alpha Components,155,137,165,130,43,19,179,179,2026-09-05,2026-09-05,Yes,No,55875.92,82493.56,7263869.64
2026-05-26,May-2026,SKU-125,Filter Cartridge 1,Consumables,North,NorthStar Automation,SUP-B,Bharat Industrial,184,230,492,474,115,15,174,169,2026-06-04,2026-06-04,No,No,5073.89,7317.51,2405022.55
2026-01-06,Jan-2026,SKU-127,Lubrication Kit 1,Consumables,North,Apex Engineering,SUP-C,Crest Global,246,210,436,385,105,25,257,257,2026-01-17,2026-01-17,Yes,No,4694.18,6968.23,1807261.04
2026-06-01,Jun-2026,SKU-128,Lubrication Kit 2,Consumables,North,NorthStar Automation,SUP-C,Crest Global,198,225,483,448,112,30,220,220,2026-06-12,2026-06-23,No,No,2315.3,2895.92,1037255.19
2026-01-11,Jan-2026,SKU-128,Lubrication Kit 2,Consumables,North,Delhi Industrial Systems,SUP-A,Alpha Components,180,176,364,330,88,20,178,170,2026-01-21,2026-01-21,No,No,4750.15,6933.71,1567548.49
2026-07-30,Jul-2026,SKU-125,Filter Cartridge 1,Consumables,West,Western Manufacturing,SUP-E,Everest Components,230,256,545,508,128,25,226,226,2026-08-05,2026-08-05,Yes,No,3122.95,4182.45,1586459.48
2026-08-07,Aug-2026,SKU-114,Valve Kit 2,Standard Components,South,Kaveri Engineering,SUP-A,Alpha Components,113,121,162,139,33,14,129,129,2026-08-17,2026-08-17,Yes,No,4352.69,6257.82,605024.18
2026-06-15,Jun-2026,SKU-103,Precision Gearbox 1,Critical Components,North,Horizon Machines,SUP-H,Horizon Parts,80,70,71,56,22,19,77,77,2026-06-20,2026-06-20,Yes,Yes,42345.76,64218.57,2371362.63
2026-01-12,Jan-2026,SKU-121,Vision Inspection Unit 1,Premium Equipment,North,Apex Engineering,SUP-C,Crest Global,54,61,87,76,23,32,73,68,2026-01-23,2026-01-28,No,No,165914.36,223923.42,12609491.47
2026-06-03,Jun-2026,SKU-120,Robotic Arm Module 2,Premium Equipment,North,Delhi Industrial Systems,SUP-H,Horizon Parts,46,48,64,56,18,19,42,42,2026-06-14,2026-06-14,Yes,No,157417.71,238254.6,8815391.83
2026-05-15,May-2026,SKU-117,CNC Control Unit 1,Premium Equipment,East,Orion Industries,SUP-F,Fusion Tech,55,56,65,54,21,22,56,56,2026-05-21,2026-05-21,Yes,No,94306.61,136474.54,5092557.04
2026-07-07,Jul-2026,SKU-122,Vision Inspection Unit 2,Premium Equipment,North,Horizon Machines,SUP-D,Delta Engineering,43,41,47,34,15,18,68,68,2026-07-13,2026-07-13,Yes,No,109400.7,140622.52,3719623.66
2026-01-17,Jan-2026,SKU-132,Coolant Module 2,Consumables,East,Orion Industries,SUP-G,Global Motion,266,311,635,596,155,15,271,271,2026-01-26,2026-01-26,Yes,No,2970.33,3752.26,1770315.3
2026-04-18,Apr-2026,SKU-103,Precision Gearbox 1,Critical Components,Central,Central Industrial Works,SUP-C,Crest Global,149,130,120,89,41,28,158,158,2026-04-28,2026-04-28,Yes,Yes,44153.16,64014.61,3929631.19
2026-05-01,May-2026,SKU-132,Coolant Module 2,Consumables,West,Western Manufacturing,SUP-F,Fusion Tech,263,278,620,573,139,21,261,261,2026-05-11,2026-05-11,Yes,No,4203.31,6254.74,2408495.02
2026-08-01,Aug-2026,SKU-101,Servo Controller 1,Critical Components,Central,Central Industrial Works,SUP-C,Crest Global,105,84,86,64,26,28,116,113,2026-08-12,2026-08-12,No,Yes,26005.92,39123.96,1664378.6
2026-07-16,Jul-2026,SKU-127,Lubrication Kit 1,Consumables,East,Eastern Process Tech,SUP-D,Delta Engineering,150,149,309,275,74,22,170,170,2026-07-25,2026-07-25,Yes,No,1939.17,2779.9,533271.31
2026-08-12,Aug-2026,SKU-114,Valve Kit 2,Standard Components,West,Western Manufacturing,SUP-H,Horizon Parts,152,153,254,224,42,19,154,154,2026-08-22,2026-08-22,Yes,No,8567.91,11334.51,1919212.59
2026-05-01,May-2026,SKU-110,Bearing Assembly 2,Standard Components,West,Western Manufacturing,SUP-C,Crest Global,183,203,283,248,56,32,205,205,2026-05-12,2026-05-12,Yes,No,4388.26,6292.61,1088287.92
2026-02-11,Feb-2026,SKU-130,Seal Pack 2,Consumables,Central,Central Industrial Works,SUP-D,Delta Engineering,290,317,687,634,158,19,313,313,2026-02-20,2026-02-20,Yes,No,2665.56,3630.97,1689966.06
2026-03-31,Mar-2026,SKU-104,Precision Gearbox 2,Critical Components,South,TechFab Systems,SUP-A,Alpha Components,99,70,82,60,22,13,114,114,2026-04-09,2026-04-09,Yes,Yes,41199.96,63302.12,2471997.76
2026-03-02,Mar-2026,SKU-108,Power Module 2,Critical Components,North,Apex Engineering,SUP-D,Delta Engineering,123,122,171,144,39,23,138,138,2026-03-10,2026-03-22,No,No,30608.55,40251.39,4407630.72
2026-06-06,Jun-2026,SKU-119,Robotic Arm Module 1,Premium Equipment,West,Western Manufacturing,SUP-C,Crest Global,39,38,60,52,14,24,44,44,2026-06-12,2026-06-12,Yes,No,175280.38,238594.18,9114579.68
2026-01-10,Jan-2026,SKU-112,Drive Belt 2,Standard Components,Central,Central Industrial Works,SUP-C,Crest Global,133,104,119,95,29,20,123,123,2026-01-18,2026-01-18,Yes,Yes,2699.99,3497.4,256499.47
2026-05-13,May-2026,SKU-111,Drive Belt 1,Standard Components,West,Western Manufacturing,SUP-B,Bharat Industrial,155,183,271,245,51,13,179,179,2026-05-25,2026-05-25,Yes,No,12019.12,16717.2,2944684.16
2026-06-23,Jun-2026,SKU-131,Coolant Module 1,Consumables,North,Apex Engineering,SUP-C,Crest Global,318,333,688,632,166,30,309,309,2026-07-04,2026-07-04,Yes,No,3802.05,5849.83,2402894.74
2026-08-17,Aug-2026,SKU-129,Seal Pack 1,Consumables,Central,Vindhya Engineering,SUP-E,Everest Components,238,242,530,482,121,15,245,245,2026-08-22,2026-08-22,Yes,No,4538.06,6385.05,2187347.16
2026-07-26,Jul-2026,SKU-123,Smart Drive 1,Premium Equipment,South,Deccan Industries,SUP-H,Horizon Parts,58,56,63,50,21,16,66,66,2026-08-02,2026-08-02,Yes,No,56949.05,74796.64,2847452.5
2026-06-05,Jun-2026,SKU-108,Power Module 2,Critical Components,North,Horizon Machines,SUP-A,Alpha Components,88,90,98,76,28,20,110,110,2026-06-12,2026-06-24,No,No,30721.44,38298.48,2334829.29
2026-03-02,Mar-2026,SKU-103,Precision Gearbox 1,Critical Components,East,Orion Industries,SUP-C,Crest Global,111,84,114,92,26,21,117,111,2026-03-09,2026-03-09,No,No,49909.39,64175.35,4591663.96
2026-02-08,Feb-2026,SKU-127,Lubrication Kit 1,Consumables,East,Orion Industries,SUP-E,Everest Components,290,336,687,642,168,14,304,304,2026-02-19,2026-02-19,Yes,No,4020.27,5379.1,2581011.68
2026-04-05,Apr-2026,SKU-128,Lubrication Kit 2,Consumables,East,Prime Industrial,SUP-H,Horizon Parts,307,339,705,654,169,21,305,305,2026-04-14,2026-04-14,Yes,No,5029.59,7593.05,3289350.78
2026-01-18,Jan-2026,SKU-126,Filter Cartridge 2,Consumables,North,Apex Engineering,SUP-H,Horizon Parts,262,222,466,413,111,18,269,269,2026-01-24,2026-01-24,Yes,No,2357.15,2923.06,973501.18
2026-07-13,Jul-2026,SKU-104,Precision Gearbox 2,Critical Components,West,Gujarat Process Systems,SUP-D,Delta Engineering,120,101,90,67,32,23,119,119,2026-07-22,2026-07-22,Yes,Yes,62016.97,77034.8,4155136.78
2026-02-13,Feb-2026,SKU-108,Power Module 2,Critical Components,East,Bengal Engineering,SUP-C,Crest Global,73,65,71,57,20,26,70,70,2026-02-25,2026-03-01,No,Yes,57560.88,86547.02,3280970.03
2026-06-11,Jun-2026,SKU-108,Power Module 2,Critical Components,South,Deccan Industries,SUP-B,Bharat Industrial,129,92,126,96,29,20,153,153,2026-06-23,2026-06-23,Yes,Yes,49374.17,66610.32,4739920.31
2026-07-02,Jul-2026,SKU-107,Power Module 1,Critical Components,East,Prime Industrial,SUP-B,Bharat Industrial,107,97,120,101,31,14,99,99,2026-07-14,2026-07-14,Yes,No,60631.75,79511.16,6123806.39
2026-02-14,Feb-2026,SKU-123,Smart Drive 1,Premium Equipment,East,Bengal Engineering,SUP-F,Fusion Tech,71,65,97,83,24,19,70,70,2026-02-24,2026-02-24,Yes,No,153120.12,233469.5,12708969.74
2026-01-22,Jan-2026,SKU-131,Coolant Module 1,Consumables,South,Kaveri Engineering,SUP-C,Crest Global,131,124,235,211,62,27,129,122,2026-02-01,2026-02-01,No,No,4244.52,5502.87,895594.62
2026-06-24,Jun-2026,SKU-107,Power Module 1,Critical Components,East,Prime Industrial,SUP-C,Crest Global,116,121,111,92,38,31,112,100,2026-07-05,2026-07-12,No,Yes,61351.66,90032.25,5644352.95
2026-04-28,Apr-2026,SKU-124,Smart Drive 2,Premium Equipment,East,Eastern Process Tech,SUP-C,Crest Global,52,60,132,119,22,20,77,77,2026-05-07,2026-05-07,Yes,No,147769.24,206051.6,17584539.36
2026-07-26,Jul-2026,SKU-113,Valve Kit 1,Standard Components,North,Apex Engineering,SUP-B,Bharat Industrial,170,205,281,257,57,24,194,178,2026-08-07,2026-08-07,No,No,12017.12,18229.0,3088400.1
2026-08-11,Aug-2026,SKU-109,Bearing Assembly 1,Standard Components,West,Metro Automation,SUP-G,Global Motion,97,80,109,85,22,17,120,120,2026-08-17,2026-08-17,Yes,No,8716.19,11467.59,740875.92
2026-08-05,Aug-2026,SKU-117,CNC Control Unit 1,Premium Equipment,South,TechFab Systems,SUP-B,Bharat Industrial,56,53,104,92,20,17,61,61,2026-08-14,2026-08-14,Yes,No,68859.31,104854.76,6335056.42
2026-03-13,Mar-2026,SKU-102,Servo Controller 2,Critical Components,North,NorthStar Automation,SUP-C,Crest Global,101,103,128,110,32,32,94,94,2026-03-19,2026-03-29,No,No,60503.22,93401.76,6655354.38
2026-04-21,Apr-2026,SKU-106,Industrial Sensor 2,Critical Components,Central,Narmada Systems,SUP-H,Horizon Parts,121,107,119,93,34,21,133,133,2026-04-30,2026-05-04,No,Yes,19007.83,26540.28,1767728.5
2026-08-13,Aug-2026,SKU-125,Filter Cartridge 1,Consumables,West,Western Manufacturing,SUP-H,Horizon Parts,280,320,652,606,160,16,297,297,2026-08-19,2026-08-19,Yes,No,1710.13,2332.71,1036341.48
2026-01-19,Jan-2026,SKU-116,Connector Set 2,Standard Components,North,Apex Engineering,SUP-D,Delta Engineering,115,126,156,140,35,22,105,95,2026-01-24,2026-01-24,No,No,4576.82,6573.32,640755.5
2026-03-08,Mar-2026,SKU-119,Robotic Arm Module 1,Premium Equipment,North,NorthStar Automation,SUP-H,Horizon Parts,51,43,87,73,16,26,72,72,2026-03-18,2026-03-22,No,No,100866.7,151981.96,7363269.42
2026-03-08,Mar-2026,SKU-118,CNC Control Unit 2,Premium Equipment,South,Deccan Industries,SUP-A,Alpha Components,53,58,81,73,22,19,48,48,2026-03-15,2026-03-15,Yes,No,124120.71,181119.49,9060811.69
2026-07-25,Jul-2026,SKU-110,Bearing Assembly 2,Standard Components,North,Delhi Industrial Systems,SUP-H,Horizon Parts,129,115,179,152,32,21,136,136,2026-08-05,2026-08-05,Yes,No,3186.78,3907.69,484390.63
2026-04-12,Apr-2026,SKU-125,Filter Cartridge 1,Consumables,South,Southern Automation,SUP-D,Delta Engineering,194,233,481,457,116,15,186,186,2026-04-22,2026-05-02,No,No,2033.9,2986.98,929494.07
2026-03-01,Mar-2026,SKU-102,Servo Controller 2,Critical Components,South,Kaveri Engineering,SUP-G,Global Motion,132,80,48,17,25,19,157,157,2026-03-10,2026-03-19,No,Yes,39784.62,50671.33,676338.53
2026-04-12,Apr-2026,SKU-130,Seal Pack 2,Consumables,West,Gujarat Process Systems,SUP-C,Crest Global,278,285,583,534,142,26,283,259,2026-04-23,2026-04-23,No,No,3869.25,5705.65,2066177.48
2026-01-08,Jan-2026,SKU-108,Power Module 2,Critical Components,South,TechFab Systems,SUP-G,Global Motion,126,96,102,80,30,19,118,110,2026-01-16,2026-01-16,No,Yes,45239.81,69424.41,3619184.41
2026-04-27,Apr-2026,SKU-112,Drive Belt 2,Standard Components,South,TechFab Systems,SUP-E,Everest Components,189,180,248,212,50,15,182,182,2026-05-02,2026-05-02,Yes,No,7563.55,9796.5,1603473.05
2026-07-06,Jul-2026,SKU-117,CNC Control Unit 1,Premium Equipment,Central,Central Industrial Works,SUP-F,Fusion Tech,50,49,83,69,18,21,72,72,2026-07-12,2026-07-12,Yes,No,157836.62,225994.06,10890726.64
2026-08-17,Aug-2026,SKU-119,Robotic Arm Module 1,Premium Equipment,North,Horizon Machines,SUP-F,Fusion Tech,43,47,52,47,17,22,34,34,2026-08-22,2026-08-22,Yes,No,68279.01,90355.32,3209113.61
2026-07-07,Jul-2026,SKU-123,Smart Drive 1,Premium Equipment,Central,Narmada Systems,SUP-A,Alpha Components,50,47,42,34,17,16,44,43,2026-07-18,2026-07-18,No,Yes,154775.69,222495.52,5262373.58
2026-05-18,May-2026,SKU-129,Seal Pack 1,Consumables,South,Southern Automation,SUP-E,Everest Components,274,280,535,482,140,19,278,278,2026-05-24,2026-05-24,Yes,No,1174.54,1650.18,566129.89
2026-01-24,Jan-2026,SKU-124,Smart Drive 2,Premium Equipment,West,Gujarat Process Systems,SUP-H,Horizon Parts,59,54,30,14,20,22,83,83,2026-02-04,2026-02-04,Yes,Yes,154481.99,194481.73,2162747.91
2026-04-19,Apr-2026,SKU-127,Lubrication Kit 1,Consumables,East,Bengal Engineering,SUP-H,Horizon Parts,189,175,342,307,87,22,179,179,2026-04-30,2026-04-30,Yes,No,1394.07,1716.44,427979.6
2026-04-25,Apr-2026,SKU-102,Servo Controller 2,Critical Components,West,Western Manufacturing,SUP-B,Bharat Industrial,158,106,101,67,33,20,173,173,2026-05-03,2026-05-03,Yes,Yes,23594.39,33586.33,1580824.35
2026-07-08,Jul-2026,SKU-103,Precision Gearbox 1,Critical Components,North,Horizon Machines,SUP-H,Horizon Parts,137,106,91,65,33,21,135,130,2026-07-14,2026-07-14,No,Yes,18365.84,24348.4,1193779.34
2026-02-19,Feb-2026,SKU-118,CNC Control Unit 2,Premium Equipment,Central,Central Industrial Works,SUP-D,Delta Engineering,56,61,76,62,23,14,78,78,2026-03-02,2026-03-02,Yes,No,174189.21,266834.77,10799730.93
2026-08-18,Aug-2026,SKU-114,Valve Kit 2,Standard Components,South,TechFab Systems,SUP-F,Fusion Tech,169,178,264,230,49,22,187,187,2026-08-25,2026-08-25,Yes,No,13871.26,19973.55,3190390.74
2026-02-10,Feb-2026,SKU-107,Power Module 1,Critical Components,North,Delhi Industrial Systems,SUP-A,Alpha Components,168,117,115,82,37,11,189,166,2026-02-18,2026-02-18,No,Yes,62550.35,85679.61,5129128.65
2026-08-28,Aug-2026,SKU-108,Power Module 2,Critical Components,West,Western Manufacturing,SUP-C,Crest Global,81,72,29,14,23,33,78,76,2026-09-05,2026-09-11,No,Yes,25366.18,36572.62,355126.49
2026-01-23,Jan-2026,SKU-121,Vision Inspection Unit 1,Premium Equipment,Central,Central Industrial Works,SUP-G,Global Motion,72,79,119,102,30,17,97,97,2026-01-28,2026-02-08,No,No,102026.13,147142.57,10406665.48
2026-03-13,Mar-2026,SKU-131,Coolant Module 1,Consumables,North,Delhi Industrial Systems,SUP-H,Horizon Parts,238,275,541,508,137,25,228,228,2026-03-25,2026-03-25,Yes,No,2036.45,2740.03,1034515.04
2026-06-03,Jun-2026,SKU-116,Connector Set 2,Standard Components,East,Prime Industrial,SUP-C,Crest Global,217,182,238,194,50,30,238,220,2026-06-13,2026-06-13,No,No,5017.7,7386.55,973434.01
2026-04-22,Apr-2026,SKU-129,Seal Pack 1,Consumables,South,Kaveri Engineering,SUP-B,Bharat Industrial,298,401,825,797,200,16,313,313,2026-05-04,2026-05-04,Yes,No,936.12,1224.84,746090.81
2026-03-01,Mar-2026,SKU-127,Lubrication Kit 1,Consumables,North,Horizon Machines,SUP-E,Everest Components,220,213,426,384,106,21,213,213,2026-03-09,2026-03-09,Yes,No,3490.78,4450.59,1340458.28
2026-02-26,Feb-2026,SKU-108,Power Module 2,Critical Components,Central,CoreTech Manufacturing,SUP-B,Bharat Industrial,63,49,54,40,15,20,74,71,2026-03-04,2026-03-04,No,Yes,42376.5,59190.68,1695060.12
2026-08-13,Aug-2026,SKU-115,Connector Set 1,Standard Components,South,Southern Automation,SUP-F,Fusion Tech,135,144,158,136,40,20,127,127,2026-08-19,2026-08-19,Yes,No,2986.28,4265.64,406134.0
2026-06-30,Jun-2026,SKU-116,Connector Set 2,Standard Components,North,Apex Engineering,SUP-G,Global Motion,150,142,186,158,39,19,144,144,2026-07-11,2026-07-11,Yes,No,8729.53,12344.46,1379265.18
2026-04-15,Apr-2026,SKU-113,Valve Kit 1,Standard Components,West,Vertex Engineering,SUP-F,Fusion Tech,126,137,216,195,38,19,122,122,2026-04-27,2026-04-27,Yes,No,5055.91,6642.75,985902.26
2026-07-03,Jul-2026,SKU-116,Connector Set 2,Standard Components,South,Kaveri Engineering,SUP-G,Global Motion,216,202,266,225,56,18,207,207,2026-07-11,2026-07-11,Yes,No,3752.91,5358.67,844404.12
2026-01-26,Jan-2026,SKU-107,Power Module 1,Critical Components,East,Bengal Engineering,SUP-G,Global Motion,97,83,109,86,26,21,117,117,2026-02-03,2026-02-03,Yes,No,41190.63,50748.85,3542394.51
2026-06-30,Jun-2026,SKU-127,Lubrication Kit 1,Consumables,Central,CoreTech Manufacturing,SUP-D,Delta Engineering,223,193,399,354,96,17,228,228,2026-07-12,2026-07-12,Yes,No,1293.71,1876.85,457972.0
2026-04-11,Apr-2026,SKU-109,Bearing Assembly 1,Standard Components,West,Gujarat Process Systems,SUP-B,Bharat Industrial,197,218,310,275,61,18,214,214,2026-04-23,2026-04-23,Yes,No,7308.69,11318.21,2009890.97
2026-07-08,Jul-2026,SKU-118,CNC Control Unit 2,Premium Equipment,East,Orion Industries,SUP-C,Crest Global,63,70,132,119,26,28,76,76,2026-07-17,2026-07-17,Yes,No,148345.53,226403.13,17653118.08
2026-02-16,Feb-2026,SKU-131,Coolant Module 1,Consumables,North,NorthStar Automation,SUP-C,Crest Global,249,277,578,540,138,31,251,237,2026-02-26,2026-02-26,No,No,3790.81,5729.83,2047039.87
2026-04-03,Apr-2026,SKU-101,Servo Controller 1,Critical Components,Central,CoreTech Manufacturing,SUP-C,Crest Global,144,115,103,73,36,26,159,150,2026-04-11,2026-04-11,No,Yes,25163.82,31549.56,1836959.21
2026-07-28,Jul-2026,SKU-125,Filter Cartridge 1,Consumables,South,TechFab Systems,SUP-H,Horizon Parts,209,227,489,454,113,18,208,208,2026-08-09,2026-08-09,Yes,No,3205.01,4375.16,1455076.69
2026-06-24,Jun-2026,SKU-131,Coolant Module 1,Consumables,South,Deccan Industries,SUP-D,Delta Engineering,179,185,402,367,92,17,188,188,2026-07-04,2026-07-04,Yes,No,5243.8,7839.96,1924475.59
2026-07-06,Jul-2026,SKU-110,Bearing Assembly 2,Standard Components,West,Metro Automation,SUP-H,Horizon Parts,149,136,223,191,38,22,161,161,2026-07-16,2026-07-16,Yes,No,6478.9,9777.81,1237470.46
2026-08-28,Aug-2026,SKU-113,Valve Kit 1,Standard Components,South,Southern Automation,SUP-A,Alpha Components,155,171,268,240,47,17,166,166,2026-09-07,2026-09-07,Yes,No,2649.44,3793.34,635864.83
2026-04-16,Apr-2026,SKU-103,Precision Gearbox 1,Critical Components,Central,CoreTech Manufacturing,SUP-C,Crest Global,152,138,153,121,44,31,172,164,2026-04-28,2026-04-28,No,No,53246.99,71454.6,6442886.02
2026-06-10,Jun-2026,SKU-110,Bearing Assembly 2,Standard Components,West,Gujarat Process Systems,SUP-C,Crest Global,224,249,370,335,69,29,217,217,2026-06-19,2026-06-23,No,No,10980.72,16656.54,3678540.12
2026-08-22,Aug-2026,SKU-111,Drive Belt 1,Standard Components,Central,CoreTech Manufacturing,SUP-A,Alpha Components,178,170,217,183,47,18,172,172,2026-08-29,2026-08-29,Yes,No,7599.09,10538.44,1390632.92
2026-02-18,Feb-2026,SKU-101,Servo Controller 1,Critical Components,South,TechFab Systems,SUP-B,Bharat Industrial,74,66,94,81,21,23,69,69,2026-02-24,2026-02-24,Yes,No,22061.63,28148.01,1786992.01
2026-01-07,Jan-2026,SKU-114,Valve Kit 2,Standard Components,East,Prime Industrial,SUP-B,Bharat Industrial,222,177,280,236,49,16,224,224,2026-01-14,2026-01-14,Yes,No,5801.38,7870.24,1369125.77
2026-08-06,Aug-2026,SKU-113,Valve Kit 1,Standard Components,South,Southern Automation,SUP-C,Crest Global,176,173,250,213,48,25,188,188,2026-08-16,2026-08-25,No,No,9756.8,14590.9,2078199.18
2026-04-13,Apr-2026,SKU-110,Bearing Assembly 2,Standard Components,East,Bengal Engineering,SUP-G,Global Motion,142,167,224,200,46,19,164,164,2026-04-22,2026-04-22,Yes,No,5469.46,6880.84,1093891.85
2026-06-22,Jun-2026,SKU-112,Drive Belt 2,Standard Components,East,Prime Industrial,SUP-F,Fusion Tech,139,150,211,187,42,20,135,135,2026-06-27,2026-06-27,Yes,No,6371.73,8526.27,1191512.8
2026-02-15,Feb-2026,SKU-130,Seal Pack 2,Consumables,East,Eastern Process Tech,SUP-H,Horizon Parts,258,246,506,452,123,15,273,273,2026-02-23,2026-02-23,Yes,No,2210.81,3405.43,999288.15
2026-08-17,Aug-2026,SKU-115,Connector Set 1,Standard Components,West,Western Manufacturing,SUP-G,Global Motion,121,126,167,144,35,15,121,121,2026-08-26,2026-08-26,Yes,No,13342.73,19588.61,1921353.53
2026-02-07,Feb-2026,SKU-122,Vision Inspection Unit 2,Premium Equipment,West,Western Manufacturing,SUP-B,Bharat Industrial,51,60,69,62,22,19,51,51,2026-02-14,2026-02-14,Yes,No,78074.21,106497.99,4840600.84
2026-07-09,Jul-2026,SKU-116,Connector Set 2,Standard Components,North,Horizon Machines,SUP-A,Alpha Components,125,126,185,156,35,13,145,145,2026-07-21,2026-07-21,Yes,No,3601.99,4553.14,561909.8
2026-07-21,Jul-2026,SKU-121,Vision Inspection Unit 1,Premium Equipment,Central,Narmada Systems,SUP-G,Global Motion,41,40,14,8,15,15,32,32,2026-07-28,2026-07-28,Yes,Yes,157904.77,231813.02,1263238.14
2026-08-27,Aug-2026,SKU-105,Industrial Sensor 1,Critical Components,West,Gujarat Process Systems,SUP-C,Crest Global,118,104,121,98,33,29,119,119,2026-09-05,2026-09-05,Yes,No,49737.83,63626.66,4874307.13
2026-04-16,Apr-2026,SKU-107,Power Module 1,Critical Components,East,Eastern Process Tech,SUP-C,Crest Global,118,82,107,84,26,22,118,118,2026-04-27,2026-04-28,No,Yes,40848.55,53919.07,3431278.29
2026-03-12,Mar-2026,SKU-108,Power Module 2,Critical Components,East,Prime Industrial,SUP-C,Crest Global,129,88,49,24,28,31,126,125,2026-03-23,2026-03-25,No,Yes,25068.2,32217.96,601636.78
2026-08-01,Aug-2026,SKU-130,Seal Pack 2,Consumables,South,Kaveri Engineering,SUP-E,Everest Components,301,343,721,673,171,16,314,314,2026-08-11,2026-08-11,Yes,No,2178.23,2957.23,1465946.45
2026-04-29,Apr-2026,SKU-121,Vision Inspection Unit 1,Premium Equipment,South,Deccan Industries,SUP-B,Bharat Industrial,58,59,74,64,22,17,53,53,2026-05-06,2026-05-06,Yes,No,89337.03,129303.5,5717569.87
2026-03-08,Mar-2026,SKU-130,Seal Pack 2,Consumables,North,Horizon Machines,SUP-F,Fusion Tech,308,344,685,633,172,21,322,322,2026-03-14,2026-03-14,Yes,No,1664.47,2440.84,1053611.19
2026-07-08,Jul-2026,SKU-106,Industrial Sensor 2,Critical Components,West,Metro Automation,SUP-H,Horizon Parts,117,84,88,63,26,22,141,128,2026-07-13,2026-07-13,No,Yes,40227.16,59409.16,2534311.38
2026-03-16,Mar-2026,SKU-103,Precision Gearbox 1,Critical Components,East,Bengal Engineering,SUP-E,Everest Components,119,115,124,101,36,20,117,117,2026-03-28,2026-03-28,Yes,No,63867.19,84759.48,6450586.01
2026-01-21,Jan-2026,SKU-119,Robotic Arm Module 1,Premium Equipment,West,Metro Automation,SUP-G,Global Motion,50,45,98,90,17,13,40,40,2026-01-31,2026-01-31,Yes,No,147821.39,214377.88,13303925.51
2026-06-26,Jun-2026,SKU-125,Filter Cartridge 1,Consumables,South,Deccan Industries,SUP-B,Bharat Industrial,180,174,376,336,87,16,203,203,2026-07-05,2026-07-05,Yes,No,3549.2,5061.19,1192532.33
2026-05-29,May-2026,SKU-128,Lubrication Kit 2,Consumables,South,Deccan Industries,SUP-E,Everest Components,181,186,434,400,93,17,179,179,2026-06-04,2026-06-04,Yes,No,1639.53,2086.31,655810.18
2026-07-23,Jul-2026,SKU-126,Filter Cartridge 2,Consumables,East,Orion Industries,SUP-D,Delta Engineering,153,177,387,366,88,18,149,149,2026-08-02,2026-08-02,Yes,No,4357.09,5727.28,1594695.84
2026-08-29,Aug-2026,SKU-129,Seal Pack 1,Consumables,North,Delhi Industrial Systems,SUP-G,Global Motion,183,223,486,464,111,19,179,179,2026-09-09,2026-09-16,No,No,3665.62,5080.95,1700846.98
2026-01-25,Jan-2026,SKU-127,Lubrication Kit 1,Consumables,Central,CoreTech Manufacturing,SUP-D,Delta Engineering,265,324,634,602,162,17,256,256,2026-02-05,2026-02-05,Yes,No,2534.6,3823.79,1525830.59
2026-02-18,Feb-2026,SKU-131,Coolant Module 1,Consumables,Central,Vindhya Engineering,SUP-F,Fusion Tech,251,279,589,544,139,24,270,270,2026-03-02,2026-03-05,No,No,3638.83,4837.16,1979524.58
2026-08-28,Aug-2026,SKU-111,Drive Belt 1,Standard Components,South,Deccan Industries,SUP-A,Alpha Components,143,117,179,147,32,12,163,163,2026-09-03,2026-09-03,Yes,No,12658.61,17979.05,1860815.07
2026-05-21,May-2026,SKU-102,Servo Controller 2,Critical Components,South,Deccan Industries,SUP-C,Crest Global,82,80,66,47,25,27,104,97,2026-05-27,2026-05-27,No,Yes,57812.31,84305.27,2717178.48
2026-04-08,Apr-2026,SKU-127,Lubrication Kit 1,Consumables,West,Gujarat Process Systems,SUP-D,Delta Engineering,255,255,550,501,127,23,249,249,2026-04-20,2026-04-20,Yes,No,2354.11,3221.89,1179407.96
2026-03-12,Mar-2026,SKU-118,CNC Control Unit 2,Premium Equipment,East,Bengal Engineering,SUP-C,Crest Global,58,57,68,55,21,29,66,66,2026-03-19,2026-03-19,Yes,No,139159.84,206751.94,7653791.16
2026-02-06,Feb-2026,SKU-110,Bearing Assembly 2,Standard Components,East,Prime Industrial,SUP-E,Everest Components,165,161,246,215,45,17,155,155,2026-02-17,2026-02-17,Yes,No,13682.64,18955.4,2941767.19
2026-05-18,May-2026,SKU-124,Smart Drive 2,Premium Equipment,South,Kaveri Engineering,SUP-C,Crest Global,69,62,96,84,23,24,63,63,2026-05-27,2026-05-27,Yes,No,146095.23,187731.04,12271999.11
2026-05-12,May-2026,SKU-130,Seal Pack 2,Consumables,East,Eastern Process Tech,SUP-D,Delta Engineering,237,228,483,434,114,24,248,248,2026-05-21,2026-05-21,Yes,No,5361.05,6639.51,2326697.84
2026-05-30,May-2026,SKU-116,Connector Set 2,Standard Components,South,Southern Automation,SUP-D,Delta Engineering,177,210,349,324,58,23,184,184,2026-06-05,2026-06-05,Yes,No,13050.87,17225.99,4228481.43
2026-02-27,Feb-2026,SKU-115,Connector Set 1,Standard Components,South,Kaveri Engineering,SUP-H,Horizon Parts,235,268,394,360,75,23,229,229,2026-03-05,2026-03-05,Yes,No,3648.57,4812.42,1313486.26
2026-01-07,Jan-2026,SKU-128,Lubrication Kit 2,Consumables,Central,Central Industrial Works,SUP-H,Horizon Parts,228,228,452,408,114,19,247,224,2026-01-18,2026-01-18,No,No,3216.74,4934.4,1312430.37
2026-03-22,Mar-2026,SKU-117,CNC Control Unit 1,Premium Equipment,Central,Vindhya Engineering,SUP-F,Fusion Tech,59,67,122,112,25,19,60,60,2026-04-01,2026-04-10,No,No,63194.93,83450.9,7077832.65
2026-08-29,Aug-2026,SKU-129,Seal Pack 1,Consumables,South,Southern Automation,SUP-D,Delta Engineering,212,186,412,368,93,20,222,222,2026-09-10,2026-09-10,Yes,No,1526.61,1941.25,561792.1
2026-07-20,Jul-2026,SKU-126,Filter Cartridge 2,Consumables,West,Gujarat Process Systems,SUP-C,Crest Global,185,223,471,447,111,23,201,183,2026-07-29,2026-07-29,No,No,2368.49,3166.2,1058716.9
2026-07-14,Jul-2026,SKU-121,Vision Inspection Unit 1,Premium Equipment,South,Kaveri Engineering,SUP-G,Global Motion,53,52,76,63,19,19,69,69,2026-07-21,2026-07-26,No,No,81076.13,106800.21,5107796.21
2026-04-10,Apr-2026,SKU-102,Servo Controller 2,Critical Components,South,Kaveri Engineering,SUP-C,Crest Global,108,89,117,94,28,27,115,115,2026-04-18,2026-04-18,Yes,No,51973.91,79645.53,4885547.54
2026-07-23,Jul-2026,SKU-125,Filter Cartridge 1,Consumables,West,Metro Automation,SUP-D,Delta Engineering,198,245,520,494,122,19,209,209,2026-08-02,2026-08-02,Yes,No,1147.75,1770.36,566987.1
2026-07-11,Jul-2026,SKU-127,Lubrication Kit 1,Consumables,West,Gujarat Process Systems,SUP-E,Everest Components,160,161,343,307,80,14,184,184,2026-07-20,2026-07-20,Yes,No,4418.56,6660.27,1356497.2
2026-07-03,Jul-2026,SKU-121,Vision Inspection Unit 1,Premium Equipment,Central,CoreTech Manufacturing,SUP-H,Horizon Parts,54,49,87,74,18,17,67,67,2026-07-12,2026-07-12,Yes,No,69898.8,94418.02,5172511.54
2026-05-09,May-2026,SKU-104,Precision Gearbox 2,Critical Components,West,Western Manufacturing,SUP-G,Global Motion,116,99,107,82,31,18,138,126,2026-05-21,2026-05-21,No,Yes,33686.37,47303.61,2762282.4
2026-02-02,Feb-2026,SKU-111,Drive Belt 1,Standard Components,West,Western Manufacturing,SUP-H,Horizon Parts,84,63,55,35,17,18,101,101,2026-02-14,2026-02-14,Yes,Yes,10997.77,15768.46,384921.98
2026-04-01,Apr-2026,SKU-130,Seal Pack 2,Consumables,East,Prime Industrial,SUP-A,Alpha Components,213,242,493,462,121,13,203,203,2026-04-12,2026-04-12,Yes,No,3302.11,4740.82,1525575.79
2026-02-25,Feb-2026,SKU-123,Smart Drive 1,Premium Equipment,Central,Vindhya Engineering,SUP-D,Delta Engineering,61,56,89,79,21,20,53,53,2026-03-07,2026-03-13,No,No,137270.88,174867.36,10844399.55
2026-03-15,Mar-2026,SKU-115,Connector Set 1,Standard Components,Central,Vindhya Engineering,SUP-F,Fusion Tech,249,259,366,317,72,22,263,263,2026-03-23,2026-03-23,Yes,No,7090.55,10556.3,2247704.13
2026-01-28,Jan-2026,SKU-112,Drive Belt 2,Standard Components,East,Eastern Process Tech,SUP-C,Crest Global,169,158,227,192,44,22,179,179,2026-02-05,2026-02-14,No,No,5435.77,6644.66,1043668.26
2026-07-29,Jul-2026,SKU-127,Lubrication Kit 1,Consumables,South,Deccan Industries,SUP-F,Fusion Tech,181,209,457,428,104,27,190,190,2026-08-04,2026-08-04,Yes,No,5331.9,7788.72,2282054.05
2026-08-22,Aug-2026,SKU-121,Vision Inspection Unit 1,Premium Equipment,North,Delhi Industrial Systems,SUP-C,Crest Global,44,42,88,82,15,30,37,33,2026-08-31,2026-08-31,No,No,76552.5,117779.77,6277304.89
2026-07-13,Jul-2026,SKU-112,Drive Belt 2,Standard Components,South,Deccan Industries,SUP-C,Crest Global,179,181,269,232,50,24,185,185,2026-07-18,2026-07-24,No,No,7910.78,10715.35,1835300.2
2026-05-23,May-2026,SKU-125,Filter Cartridge 1,Consumables,West,Gujarat Process Systems,SUP-C,Crest Global,272,311,672,632,155,27,266,266,2026-06-04,2026-06-04,Yes,No,4827.5,7179.03,3050982.31
2026-01-05,Jan-2026,SKU-120,Robotic Arm Module 2,Premium Equipment,East,Orion Industries,SUP-C,Crest Global,48,54,74,68,20,31,44,44,2026-01-13,2026-01-13,Yes,No,72824.44,106706.09,4952062.02
2026-07-07,Jul-2026,SKU-126,Filter Cartridge 2,Consumables,South,Deccan Industries,SUP-D,Delta Engineering,222,256,522,485,128,18,241,241,2026-07-16,2026-07-16,Yes,No,3523.03,5384.69,1708670.63
2026-01-13,Jan-2026,SKU-125,Filter Cartridge 1,Consumables,East,Bengal Engineering,SUP-C,Crest Global,294,322,662,610,161,28,309,309,2026-01-25,2026-01-25,Yes,No,3512.85,4809.77,2142836.65
2026-02-28,Feb-2026,SKU-130,Seal Pack 2,Consumables,East,Prime Industrial,SUP-B,Bharat Industrial,240,217,452,404,108,15,241,241,2026-03-12,2026-03-12,Yes,No,4387.37,5733.17,1772495.79
2026-07-24,Jul-2026,SKU-124,Smart Drive 2,Premium Equipment,South,Deccan Industries,SUP-C,Crest Global,79,93,133,120,35,27,87,87,2026-08-03,2026-08-03,Yes,No,65370.91,90640.61,7844508.66
2026-04-16,Apr-2026,SKU-113,Valve Kit 1,Standard Components,North,Delhi Industrial Systems,SUP-A,Alpha Components,197,234,328,296,65,11,221,221,2026-04-24,2026-04-24,Yes,No,4417.66,6315.14,1307628.8
2026-08-12,Aug-2026,SKU-115,Connector Set 1,Standard Components,West,Gujarat Process Systems,SUP-G,Global Motion,165,152,204,170,42,26,173,173,2026-08-23,2026-08-23,Yes,No,4065.38,5296.94,691114.36
2026-05-27,May-2026,SKU-120,Robotic Arm Module 2,Premium Equipment,North,Apex Engineering,SUP-A,Alpha Components,59,55,84,70,20,16,74,74,2026-06-07,2026-06-07,Yes,No,63816.45,83673.07,4467151.83
2026-08-21,Aug-2026,SKU-126,Filter Cartridge 2,Consumables,North,Delhi Industrial Systems,SUP-D,Delta Engineering,132,150,311,286,75,21,155,155,2026-08-27,2026-08-27,Yes,No,4664.53,6523.88,1334055.5
2026-06-10,Jun-2026,SKU-130,Seal Pack 2,Consumables,North,Horizon Machines,SUP-E,Everest Components,242,258,528,482,129,22,259,259,2026-06-22,2026-06-22,Yes,No,3635.59,5154.12,1752352.22
2026-04-07,Apr-2026,SKU-116,Connector Set 2,Standard Components,Central,Narmada Systems,SUP-G,Global Motion,134,144,193,168,40,20,141,141,2026-04-17,2026-04-17,Yes,No,13805.5,20514.65,2319323.33
2026-03-08,Mar-2026,SKU-132,Coolant Module 2,Consumables,North,NorthStar Automation,SUP-E,Everest Components,311,375,761,718,187,20,334,320,2026-03-13,2026-03-13,No,No,3505.44,4412.53,2516905.9
2026-07-19,Jul-2026,SKU-116,Connector Set 2,Standard Components,South,Kaveri Engineering,SUP-G,Global Motion,152,146,190,156,40,17,171,171,2026-07-24,2026-08-04,No,No,7465.67,9553.4,1164644.45
2026-06-15,Jun-2026,SKU-122,Vision Inspection Unit 2,Premium Equipment,North,NorthStar Automation,SUP-A,Alpha Components,53,40,97,86,15,18,65,59,2026-06-27,2026-06-27,No,No,134350.92,171028.1,11554178.77
2026-05-27,May-2026,SKU-121,Vision Inspection Unit 1,Premium Equipment,West,Vertex Engineering,SUP-C,Crest Global,72,57,110,95,21,24,76,76,2026-06-05,2026-06-05,Yes,No,94115.54,120603.74,8940976.6
2026-04-12,Apr-2026,SKU-113,Valve Kit 1,Standard Components,South,Kaveri Engineering,SUP-F,Fusion Tech,159,176,260,234,49,19,159,159,2026-04-18,2026-04-18,Yes,No,8320.37,11688.24,1946966.98
2026-02-19,Feb-2026,SKU-126,Filter Cartridge 2,Consumables,East,Eastern Process Tech,SUP-D,Delta Engineering,303,358,736,693,179,23,309,309,2026-03-01,2026-03-01,Yes,No,5293.55,7881.09,3668431.75
2026-08-20,Aug-2026,SKU-119,Robotic Arm Module 1,Premium Equipment,East,Eastern Process Tech,SUP-F,Fusion Tech,63,62,100,86,23,24,70,70,2026-08-28,2026-08-28,Yes,No,83229.08,107471.17,7157701.01
2026-01-08,Jan-2026,SKU-119,Robotic Arm Module 1,Premium Equipment,South,Deccan Industries,SUP-H,Horizon Parts,62,55,75,60,20,14,78,78,2026-01-19,2026-01-19,Yes,No,148349.1,229055.8,8900945.85
2026-07-29,Jul-2026,SKU-117,CNC Control Unit 1,Premium Equipment,South,TechFab Systems,SUP-D,Delta Engineering,47,51,74,65,19,21,52,52,2026-08-05,2026-08-05,Yes,No,143544.24,180088.67,9330375.58
2026-08-04,Aug-2026,SKU-115,Connector Set 1,Standard Components,West,Gujarat Process Systems,SUP-H,Horizon Parts,141,172,251,230,48,14,158,158,2026-08-11,2026-08-11,Yes,No,9978.19,14499.13,2294984.17
2026-01-21,Jan-2026,SKU-123,Smart Drive 1,Premium Equipment,North,Horizon Machines,SUP-E,Everest Components,75,70,83,65,26,18,90,90,2026-02-02,2026-02-02,Yes,No,84070.54,116658.4,5464585.34
2026-04-19,Apr-2026,SKU-110,Bearing Assembly 2,Standard Components,West,Vertex Engineering,SUP-A,Alpha Components,189,187,240,204,52,16,183,183,2026-04-30,2026-04-30,Yes,No,5361.19,6857.95,1093683.7
2026-02-20,Feb-2026,SKU-102,Servo Controller 2,Critical Components,West,Metro Automation,SUP-F,Fusion Tech,114,102,126,103,32,17,128,118,2026-03-04,2026-03-04,No,No,34134.88,51546.79,3515892.73
2026-05-12,May-2026,SKU-106,Industrial Sensor 2,Critical Components,North,NorthStar Automation,SUP-C,Crest Global,99,97,114,90,31,30,122,122,2026-05-17,2026-05-18,No,No,50087.37,61314.5,4507863.66
2026-03-29,Mar-2026,SKU-125,Filter Cartridge 1,Consumables,South,TechFab Systems,SUP-B,Bharat Industrial,276,292,604,560,146,16,279,248,2026-04-05,2026-04-05,No,No,4934.46,6309.06,2763296.56
2026-02-12,Feb-2026,SKU-129,Seal Pack 1,Consumables,North,Apex Engineering,SUP-B,Bharat Industrial,252,247,535,480,123,19,275,275,2026-02-18,2026-02-18,Yes,No,5207.75,7949.31,2499718.0
2026-05-25,May-2026,SKU-125,Filter Cartridge 1,Consumables,West,Western Manufacturing,SUP-B,Bharat Industrial,211,248,557,527,124,18,213,213,2026-05-30,2026-05-30,Yes,No,5075.44,7377.26,2674756.83
2026-08-07,Aug-2026,SKU-107,Power Module 1,Critical Components,West,Western Manufacturing,SUP-E,Everest Components,89,87,81,61,27,13,104,104,2026-08-15,2026-08-15,Yes,Yes,24367.36,32978.75,1486408.74
2026-04-11,Apr-2026,SKU-106,Industrial Sensor 2,Critical Components,East,Prime Industrial,SUP-B,Bharat Industrial,92,73,136,116,23,14,100,100,2026-04-16,2026-04-16,Yes,No,19956.73,30276.18,2314980.62
2026-05-23,May-2026,SKU-112,Drive Belt 2,Standard Components,West,Western Manufacturing,SUP-A,Alpha Components,200,205,340,303,57,18,193,193,2026-06-03,2026-06-03,Yes,No,4550.34,6918.87,1378751.91
2026-01-30,Jan-2026,SKU-130,Seal Pack 2,Consumables,Central,Vindhya Engineering,SUP-F,Fusion Tech,262,292,640,600,146,22,252,252,2026-02-10,2026-02-10,Yes,No,1929.82,2872.54,1157892.43
2026-08-05,Aug-2026,SKU-122,Vision Inspection Unit 2,Premium Equipment,Central,Narmada Systems,SUP-D,Delta Engineering,35,40,64,57,15,21,40,40,2026-08-14,2026-08-14,Yes,No,162967.92,209838.99,9289171.58
2026-08-17,Aug-2026,SKU-118,CNC Control Unit 2,Premium Equipment,South,Deccan Industries,SUP-G,Global Motion,55,49,63,48,18,20,76,76,2026-08-22,2026-08-22,Yes,No,111141.03,143769.99,5334769.22
2026-06-17,Jun-2026,SKU-108,Power Module 2,Critical Components,North,NorthStar Automation,SUP-A,Alpha Components,99,83,38,17,26,19,107,107,2026-06-26,2026-07-01,No,Yes,23099.13,35424.1,392685.15
2026-05-27,May-2026,SKU-132,Coolant Module 2,Consumables,North,Apex Engineering,SUP-H,Horizon Parts,211,229,485,450,114,21,205,205,2026-06-06,2026-06-06,Yes,No,5187.99,7642.13,2334596.98
2026-02-22,Feb-2026,SKU-114,Valve Kit 2,Standard Components,West,Western Manufacturing,SUP-A,Alpha Components,205,197,267,224,55,22,217,217,2026-02-27,2026-02-27,Yes,No,5855.76,7519.57,1311691.22
2026-06-22,Jun-2026,SKU-129,Seal Pack 1,Consumables,North,NorthStar Automation,SUP-B,Bharat Industrial,260,245,525,475,122,20,253,253,2026-06-28,2026-06-28,Yes,No,5184.16,6958.3,2462477.26
2026-02-10,Feb-2026,SKU-107,Power Module 1,Critical Components,West,Western Manufacturing,SUP-C,Crest Global,77,60,53,39,19,27,81,71,2026-02-16,2026-02-16,No,Yes,56727.93,82042.84,2212389.08
2026-04-14,Apr-2026,SKU-129,Seal Pack 1,Consumables,Central,Vindhya Engineering,SUP-H,Horizon Parts,211,212,443,401,106,21,210,210,2026-04-24,2026-04-24,Yes,No,2625.72,3426.25,1052915.06
2026-02-15,Feb-2026,SKU-124,Smart Drive 2,Premium Equipment,West,Metro Automation,SUP-E,Everest Components,67,74,88,78,28,16,71,63,2026-02-25,2026-02-25,No,No,112572.69,172718.42,8780670.01
2026-05-03,May-2026,SKU-124,Smart Drive 2,Premium Equipment,South,Kaveri Engineering,SUP-C,Crest Global,59,54,94,83,20,27,61,59,2026-05-13,2026-05-22,No,No,101852.08,137463.0,8453722.63
2026-05-05,May-2026,SKU-107,Power Module 1,Critical Components,East,Prime Industrial,SUP-C,Crest Global,141,98,99,71,31,26,144,144,2026-05-12,2026-05-21,No,Yes,38293.84,53888.61,2718862.6
2026-02-18,Feb-2026,SKU-118,CNC Control Unit 2,Premium Equipment,Central,Vindhya Engineering,SUP-G,Global Motion,40,36,68,59,13,20,45,45,2026-02-25,2026-02-25,Yes,No,150424.08,214695.51,8875020.6
2026-01-14,Jan-2026,SKU-107,Power Module 1,Critical Components,West,Western Manufacturing,SUP-A,Alpha Components,155,116,131,98,37,15,167,167,2026-01-21,2026-01-26,No,Yes,57511.89,85883.89,5636165.23
2026-05-06,May-2026,SKU-122,Vision Inspection Unit 2,Premium Equipment,West,Vertex Engineering,SUP-E,Everest Components,72,78,111,96,29,18,88,88,2026-05-17,2026-05-17,Yes,No,177912.88,270108.23,17079636.24
2026-02-03,Feb-2026,SKU-110,Bearing Assembly 2,Standard Components,Central,Central Industrial Works,SUP-A,Alpha Components,193,210,307,276,58,14,184,184,2026-02-13,2026-02-13,Yes,No,4591.09,7035.29,1267140.05
2026-05-30,May-2026,SKU-123,Smart Drive 1,Premium Equipment,Central,Central Industrial Works,SUP-F,Fusion Tech,64,65,117,105,24,20,63,63,2026-06-07,2026-06-13,No,No,153322.16,236818.09,16098826.47
2026-05-11,May-2026,SKU-102,Servo Controller 2,Critical Components,East,Prime Industrial,SUP-H,Horizon Parts,107,98,99,80,31,9,98,98,2026-05-18,2026-05-18,Yes,Yes,29223.78,36043.17,2337902.77
2026-07-15,Jul-2026,SKU-130,Seal Pack 2,Consumables,West,Vertex Engineering,SUP-A,Alpha Components,305,403,822,795,201,12,296,296,2026-07-23,2026-07-23,Yes,No,4075.22,5423.14,3239802.79
2026-07-29,Jul-2026,SKU-128,Lubrication Kit 2,Consumables,South,TechFab Systems,SUP-C,Crest Global,280,283,585,529,141,23,287,287,2026-08-10,2026-08-12,No,No,5010.35,6150.67,2650475.14
2026-02-06,Feb-2026,SKU-107,Power Module 1,Critical Components,South,Southern Automation,SUP-C,Crest Global,142,145,115,91,46,28,132,127,2026-02-16,2026-02-26,No,Yes,21307.99,30432.73,1939027.13
2026-03-30,Mar-2026,SKU-107,Power Module 1,Critical Components,East,Eastern Process Tech,SUP-E,Everest Components,135,139,152,127,44,18,130,130,2026-04-07,2026-04-07,Yes,No,51698.02,77019.29,6565648.7
2026-07-05,Jul-2026,SKU-132,Coolant Module 2,Consumables,East,Bengal Engineering,SUP-H,Horizon Parts,201,252,523,500,126,18,202,202,2026-07-11,2026-07-11,Yes,No,5371.8,7794.43,2685900.73
2026-07-03,Jul-2026,SKU-105,Industrial Sensor 1,Critical Components,North,Horizon Machines,SUP-F,Fusion Tech,113,109,101,77,34,26,135,122,2026-07-12,2026-07-24,No,Yes,29316.22,38488.63,2257349.14
2026-02-15,Feb-2026,SKU-105,Industrial Sensor 1,Critical Components,North,NorthStar Automation,SUP-C,Crest Global,115,81,78,58,25,31,105,100,2026-02-25,2026-03-03,No,Yes,50809.57,74179.9,2946955.11
2026-03-27,Mar-2026,SKU-129,Seal Pack 1,Consumables,South,Kaveri Engineering,SUP-F,Fusion Tech,164,177,439,410,88,16,166,166,2026-04-03,2026-04-03,Yes,No,5140.2,7706.9,2107480.48
2026-04-18,Apr-2026,SKU-130,Seal Pack 2,Consumables,Central,Narmada Systems,SUP-H,Horizon Parts,290,359,785,751,179,12,288,288,2026-04-29,2026-05-10,No,No,4641.8,7049.83,3485993.71
2026-02-12,Feb-2026,SKU-112,Drive Belt 2,Standard Components,North,Apex Engineering,SUP-G,Global Motion,145,147,232,202,41,22,154,151,2026-02-21,2026-02-21,No,No,10822.89,13774.73,2186222.94
2026-06-24,Jun-2026,SKU-104,Precision Gearbox 2,Critical Components,South,Deccan Industries,SUP-A,Alpha Components,99,96,116,92,30,15,120,120,2026-07-05,2026-07-05,Yes,No,62972.27,89678.71,5793448.44
2026-06-10,Jun-2026,SKU-108,Power Module 2,Critical Components,East,Orion Industries,SUP-C,Crest Global,88,86,110,89,27,29,108,108,2026-06-22,2026-06-22,Yes,No,29567.16,44878.31,2631477.51
2026-06-16,Jun-2026,SKU-131,Coolant Module 1,Consumables,West,Vertex Engineering,SUP-F,Fusion Tech,193,161,329,290,80,26,197,197,2026-06-24,2026-06-24,Yes,No,2273.26,3434.08,659246.05
2026-04-13,Apr-2026,SKU-110,Bearing Assembly 2,Standard Components,East,Eastern Process Tech,SUP-H,Horizon Parts,105,111,148,131,31,22,99,99,2026-04-21,2026-04-21,Yes,No,4145.46,5394.79,543055.08
2026-06-16,Jun-2026,SKU-101,Servo Controller 1,Critical Components,South,Kaveri Engineering,SUP-D,Delta Engineering,126,74,80,50,23,17,150,150,2026-06-24,2026-07-04,No,Yes,46438.83,64677.94,2321941.31
2026-05-14,May-2026,SKU-119,Robotic Arm Module 1,Premium Equipment,South,Kaveri Engineering,SUP-G,Global Motion,52,40,73,61,15,18,60,60,2026-05-25,2026-05-25,Yes,No,73451.84,103070.36,4480562.42
2026-06-06,Jun-2026,SKU-129,Seal Pack 1,Consumables,West,Western Manufacturing,SUP-E,Everest Components,200,220,451,418,110,15,198,198,2026-06-11,2026-06-11,Yes,No,2281.76,3326.28,953776.95
2026-05-25,May-2026,SKU-102,Servo Controller 2,Critical Components,East,Orion Industries,SUP-C,Crest Global,96,100,110,96,32,29,88,78,2026-06-01,2026-06-01,No,No,61566.59,89614.59,5910392.69
2026-01-28,Jan-2026,SKU-124,Smart Drive 2,Premium Equipment,Central,CoreTech Manufacturing,SUP-B,Bharat Industrial,40,44,67,56,16,14,63,63,2026-02-08,2026-02-08,Yes,No,80906.82,119071.55,4530781.99
2026-08-15,Aug-2026,SKU-117,CNC Control Unit 1,Premium Equipment,North,Apex Engineering,SUP-A,Alpha Components,72,77,123,109,29,18,76,75,2026-08-22,2026-08-22,No,No,138782.88,204375.42,15127333.41
2026-05-11,May-2026,SKU-102,Servo Controller 2,Critical Components,West,Metro Automation,SUP-D,Delta Engineering,151,135,169,141,43,21,141,141,2026-05-17,2026-05-17,Yes,No,35301.56,49314.72,4977519.51
2026-08-27,Aug-2026,SKU-119,Robotic Arm Module 1,Premium Equipment,South,TechFab Systems,SUP-G,Global Motion,53,56,74,63,21,16,63,63,2026-09-07,2026-09-07,Yes,No,130420.98,181141.14,8216521.88
2026-04-18,Apr-2026,SKU-114,Valve Kit 2,Standard Components,North,Apex Engineering,SUP-G,Global Motion,197,160,218,179,44,23,200,195,2026-04-28,2026-04-28,No,No,5142.82,6642.18,920563.98
2026-01-11,Jan-2026,SKU-120,Robotic Arm Module 2,Premium Equipment,North,Delhi Industrial Systems,SUP-F,Fusion Tech,64,81,134,127,30,22,64,60,2026-01-20,2026-01-31,No,No,132046.29,198252.3,16769878.73
2026-06-12,Jun-2026,SKU-104,Precision Gearbox 2,Critical Components,West,Vertex Engineering,SUP-H,Horizon Parts,106,101,102,83,32,16,99,99,2026-06-20,2026-07-02,No,Yes,59192.9,87264.92,4913010.54
2026-08-23,Aug-2026,SKU-108,Power Module 2,Critical Components,South,TechFab Systems,SUP-C,Crest Global,162,118,120,90,37,28,153,151,2026-08-30,2026-08-30,No,Yes,22046.48,30952.3,1984183.0
2026-03-15,Mar-2026,SKU-102,Servo Controller 2,Critical Components,West,Metro Automation,SUP-A,Alpha Components,116,91,108,87,29,13,108,108,2026-03-27,2026-03-27,Yes,Yes,63726.63,93929.61,5544217.21
2026-03-17,Mar-2026,SKU-119,Robotic Arm Module 1,Premium Equipment,West,Gujarat Process Systems,SUP-E,Everest Components,70,71,97,80,26,18,88,88,2026-03-22,2026-03-22,Yes,No,174018.3,225597.66,13921464.31
2026-08-10,Aug-2026,SKU-104,Precision Gearbox 2,Critical Components,South,Deccan Industries,SUP-D,Delta Engineering,75,67,96,79,21,22,88,88,2026-08-17,2026-08-17,Yes,No,48047.77,74212.62,3795773.57
2026-07-20,Jul-2026,SKU-119,Robotic Arm Module 1,Premium Equipment,North,NorthStar Automation,SUP-G,Global Motion,44,48,48,38,18,17,56,56,2026-08-01,2026-08-01,Yes,No,60344.47,90740.26,2293089.73
2026-06-14,Jun-2026,SKU-110,Bearing Assembly 2,Standard Components,East,Bengal Engineering,SUP-C,Crest Global,227,220,296,248,61,28,243,242,2026-06-19,2026-06-19,No,No,5429.25,7948.99,1346453.35
2026-06-29,Jun-2026,SKU-122,Vision Inspection Unit 2,Premium Equipment,East,Orion Industries,SUP-F,Fusion Tech,43,41,45,34,15,19,55,55,2026-07-05,2026-07-05,Yes,No,141742.85,206426.73,4819257.06
2026-08-21,Aug-2026,SKU-107,Power Module 1,Critical Components,East,Eastern Process Tech,SUP-E,Everest Components,85,87,105,91,27,16,81,73,2026-08-26,2026-08-26,No,No,23690.55,30883.79,2155840.06
2026-02-04,Feb-2026,SKU-128,Lubrication Kit 2,Consumables,Central,Narmada Systems,SUP-A,Alpha Components,221,217,463,416,108,14,238,238,2026-02-16,2026-02-16,Yes,No,3149.98,4208.35,1310389.92
2026-03-11,Mar-2026,SKU-131,Coolant Module 1,Consumables,Central,Narmada Systems,SUP-B,Bharat Industrial,187,215,416,387,107,23,208,192,2026-03-23,2026-03-23,No,No,1953.33,2918.49,755939.0
2026-06-15,Jun-2026,SKU-107,Power Module 1,Critical Components,South,TechFab Systems,SUP-C,Crest Global,120,102,140,113,32,25,138,138,2026-06-26,2026-06-26,Yes,No,50139.72,69547.66,5665788.1
2026-01-22,Jan-2026,SKU-112,Drive Belt 2,Standard Components,East,Prime Industrial,SUP-A,Alpha Components,166,175,248,215,49,14,184,184,2026-01-29,2026-01-29,Yes,No,7407.41,9224.83,1592593.89
2026-05-08,May-2026,SKU-132,Coolant Module 2,Consumables,South,Kaveri Engineering,SUP-C,Crest Global,243,253,546,497,126,28,264,264,2026-05-20,2026-05-22,No,No,5249.36,7379.1,2608932.13
2026-04-27,Apr-2026,SKU-132,Coolant Module 2,Consumables,South,Kaveri Engineering,SUP-A,Alpha Components,217,180,396,350,90,13,233,233,2026-05-06,2026-05-06,Yes,No,4925.57,7089.63,1723949.79
2026-05-06,May-2026,SKU-126,Filter Cartridge 2,Consumables,East,Bengal Engineering,SUP-C,Crest Global,262,295,605,560,147,22,280,280,2026-05-16,2026-05-16,Yes,No,3535.97,4449.06,1980141.19
2026-01-15,Jan-2026,SKU-115,Connector Set 1,Standard Components,North,Horizon Machines,SUP-C,Crest Global,164,144,222,190,40,25,161,161,2026-01-24,2026-01-24,Yes,No,12624.42,18987.05,2398640.45
2026-07-29,Jul-2026,SKU-114,Valve Kit 2,Standard Components,North,NorthStar Automation,SUP-H,Horizon Parts,135,135,210,184,37,15,134,134,2026-08-05,2026-08-07,No,No,13883.47,19810.19,2554558.42
2026-04-20,Apr-2026,SKU-124,Smart Drive 2,Premium Equipment,Central,CoreTech Manufacturing,SUP-G,Global Motion,73,76,90,79,28,22,64,64,2026-04-30,2026-04-30,Yes,No,148576.06,211411.2,11737509.0
2026-07-26,Jul-2026,SKU-127,Lubrication Kit 1,Consumables,West,Gujarat Process Systems,SUP-D,Delta Engineering,176,179,353,321,89,20,167,167,2026-08-01,2026-08-01,Yes,No,2103.73,2761.51,675297.44
2026-06-20,Jun-2026,SKU-122,Vision Inspection Unit 2,Premium Equipment,South,TechFab Systems,SUP-E,Everest Components,64,57,89,72,21,11,89,89,2026-06-27,2026-06-27,Yes,No,97801.25,139694.49,7041690.22
2026-03-10,Mar-2026,SKU-118,CNC Control Unit 2,Premium Equipment,Central,CoreTech Manufacturing,SUP-D,Delta Engineering,50,62,80,73,23,23,62,55,2026-03-20,2026-03-20,No,No,107981.01,159114.74,7882614.03
2026-08-20,Aug-2026,SKU-109,Bearing Assembly 1,Standard Components,West,Vertex Engineering,SUP-D,Delta Engineering,132,118,164,134,33,17,151,151,2026-08-27,2026-08-27,Yes,No,5851.8,8362.44,784141.58
2026-04-01,Apr-2026,SKU-112,Drive Belt 2,Standard Components,Central,Narmada Systems,SUP-F,Fusion Tech,180,204,317,285,57,20,204,204,2026-04-10,2026-04-10,Yes,No,13614.91,16624.87,3880248.66
2026-02-22,Feb-2026,SKU-117,CNC Control Unit 1,Premium Equipment,Central,Narmada Systems,SUP-E,Everest Components,47,46,126,113,17,16,68,68,2026-03-06,2026-03-06,Yes,No,70364.57,108930.18,7951196.93
2026-01-15,Jan-2026,SKU-105,Industrial Sensor 1,Critical Components,South,TechFab Systems,SUP-B,Bharat Industrial,146,140,151,124,44,17,139,139,2026-01-25,2026-02-06,No,No,31027.17,43695.67,3847368.93
2026-03-14,Mar-2026,SKU-123,Smart Drive 1,Premium Equipment,West,Gujarat Process Systems,SUP-A,Alpha Components,51,49,109,96,18,17,65,65,2026-03-19,2026-03-19,Yes,No,177334.06,244803.44,17024069.96
2026-01-29,Jan-2026,SKU-116,Connector Set 2,Standard Components,West,Gujarat Process Systems,SUP-D,Delta Engineering,148,150,227,199,42,20,144,144,2026-02-07,2026-02-07,Yes,No,12270.28,18400.55,2441785.67
2026-04-19,Apr-2026,SKU-129,Seal Pack 1,Consumables,South,Kaveri Engineering,SUP-G,Global Motion,326,361,785,728,180,20,343,343,2026-04-29,2026-04-29,Yes,No,3650.8,4903.31,2657784.95
2026-07-04,Jul-2026,SKU-105,Industrial Sensor 1,Critical Components,East,Prime Industrial,SUP-B,Bharat Industrial,95,85,103,84,27,16,103,95,2026-07-16,2026-07-27,No,No,61957.48,91946.96,5204428.31
2026-04-14,Apr-2026,SKU-123,Smart Drive 1,Premium Equipment,South,Deccan Industries,SUP-H,Horizon Parts,49,51,87,75,19,15,61,61,2026-04-24,2026-04-24,Yes,No,82392.1,114579.89,6179407.25
2026-05-20,May-2026,SKU-113,Valve Kit 1,Standard Components,West,Metro Automation,SUP-F,Fusion Tech,197,202,276,233,56,20,222,222,2026-05-26,2026-05-26,Yes,No,4213.84,6352.08,981824.11
2026-02-21,Feb-2026,SKU-115,Connector Set 1,Standard Components,South,Southern Automation,SUP-B,Bharat Industrial,176,185,273,241,51,22,177,177,2026-03-05,2026-03-08,No,No,11788.88,14644.57,2841120.17
2026-01-30,Jan-2026,SKU-118,CNC Control Unit 2,Premium Equipment,West,Gujarat Process Systems,SUP-B,Bharat Industrial,61,51,86,71,19,16,85,77,2026-02-04,2026-02-04,No,No,156663.22,237391.25,11123088.67
2026-04-15,Apr-2026,SKU-109,Bearing Assembly 1,Standard Components,North,NorthStar Automation,SUP-C,Crest Global,193,178,241,199,49,27,212,212,2026-04-22,2026-05-04,No,No,9861.57,13259.37,1962451.51
2026-01-05,Jan-2026,SKU-119,Robotic Arm Module 1,Premium Equipment,East,Prime Industrial,SUP-G,Global Motion,37,34,36,24,12,21,60,60,2026-01-16,2026-01-16,Yes,Yes,117894.07,175143.05,2829457.64
2026-02-26,Feb-2026,SKU-105,Industrial Sensor 1,Critical Components,East,Orion Industries,SUP-G,Global Motion,160,162,183,153,51,17,151,151,2026-03-06,2026-03-06,Yes,No,28131.81,39802.06,4304166.97
2026-07-18,Jul-2026,SKU-109,Bearing Assembly 1,Standard Components,West,Vertex Engineering,SUP-G,Global Motion,154,157,244,210,43,19,175,175,2026-07-30,2026-07-30,Yes,No,3999.76,5071.81,839950.07
2026-06-17,Jun-2026,SKU-107,Power Module 1,Critical Components,South,Deccan Industries,SUP-C,Crest Global,155,114,115,83,36,27,163,163,2026-06-29,2026-06-29,Yes,Yes,64123.8,84798.13,5322275.46
2026-05-14,May-2026,SKU-111,Drive Belt 1,Standard Components,North,Apex Engineering,SUP-C,Crest Global,172,145,215,183,40,33,163,163,2026-05-24,2026-06-01,No,No,6255.26,8840.28,1144713.25
2026-08-19,Aug-2026,SKU-129,Seal Pack 1,Consumables,West,Metro Automation,SUP-A,Alpha Components,169,160,312,279,80,15,168,168,2026-08-30,2026-08-30,Yes,No,1476.57,2172.77,411963.57
2026-02-24,Feb-2026,SKU-106,Industrial Sensor 2,Critical Components,East,Orion Industries,SUP-C,Crest Global,140,123,127,99,39,28,142,142,2026-03-03,2026-03-03,Yes,Yes,44704.78,56950.28,4425773.31
2026-01-14,Jan-2026,SKU-117,CNC Control Unit 1,Premium Equipment,West,Western Manufacturing,SUP-D,Delta Engineering,23,24,25,22,9,23,18,18,2026-01-24,2026-01-24,Yes,No,174458.55,244996.97,3838088.17
2026-08-20,Aug-2026,SKU-122,Vision Inspection Unit 2,Premium Equipment,East,Orion Industries,SUP-C,Crest Global,38,30,29,21,11,23,43,43,2026-08-25,2026-08-25,Yes,Yes,92571.12,143219.86,1943993.49
2026-01-18,Jan-2026,SKU-120,Robotic Arm Module 2,Premium Equipment,West,Vertex Engineering,SUP-B,Bharat Industrial,63,54,70,57,20,19,68,68,2026-01-25,2026-02-06,No,No,147815.45,196491.12,8425480.43
2026-01-25,Jan-2026,SKU-116,Connector Set 2,Standard Components,North,NorthStar Automation,SUP-B,Bharat Industrial,180,131,193,158,36,24,179,179,2026-01-30,2026-01-30,Yes,No,6042.09,9221.34,954649.47
2026-04-16,Apr-2026,SKU-114,Valve Kit 2,Standard Components,South,Southern Automation,SUP-E,Everest Components,181,220,337,311,61,14,195,195,2026-04-22,2026-04-22,Yes,No,2597.63,3248.25,807864.0
2026-07-27,Jul-2026,SKU-110,Bearing Assembly 2,Standard Components,Central,Central Industrial Works,SUP-H,Horizon Parts,160,169,239,208,47,20,172,172,2026-08-02,2026-08-02,Yes,No,6296.63,9735.23,1309699.04
2026-06-11,Jun-2026,SKU-101,Servo Controller 1,Critical Components,West,Gujarat Process Systems,SUP-F,Fusion Tech,150,110,118,87,35,18,158,158,2026-06-17,2026-06-22,No,Yes,24514.95,36186.64,2132800.84
2026-05-16,May-2026,SKU-107,Power Module 1,Critical Components,East,Bengal Engineering,SUP-E,Everest Components,165,148,131,95,47,14,183,183,2026-05-25,2026-05-25,Yes,Yes,51165.9,79047.1,4860760.42
2026-03-25,Mar-2026,SKU-121,Vision Inspection Unit 1,Premium Equipment,North,NorthStar Automation,SUP-C,Crest Global,60,58,103,93,22,34,56,50,2026-03-31,2026-03-31,No,No,84906.76,115070.78,7896328.39
2026-06-18,Jun-2026,SKU-120,Robotic Arm Module 2,Premium Equipment,Central,Vindhya Engineering,SUP-H,Horizon Parts,50,45,80,72,17,15,43,43,2026-06-27,2026-06-27,Yes,No,175819.07,264546.08,12658972.76
2026-04-30,Apr-2026,SKU-109,Bearing Assembly 1,Standard Components,West,Metro Automation,SUP-F,Fusion Tech,233,220,304,261,61,22,233,216,2026-05-12,2026-05-12,No,No,2983.29,4127.29,778639.47
2026-03-17,Mar-2026,SKU-113,Valve Kit 1,Standard Components,West,Metro Automation,SUP-A,Alpha Components,185,153,183,144,42,14,198,198,2026-03-23,2026-03-23,Yes,Yes,8262.38,11876.02,1189783.34
2026-07-12,Jul-2026,SKU-118,CNC Control Unit 2,Premium Equipment,East,Bengal Engineering,SUP-G,Global Motion,56,45,81,65,17,26,81,81,2026-07-24,2026-07-24,Yes,No,133380.34,183610.15,8669722.2
2026-08-17,Aug-2026,SKU-127,Lubrication Kit 1,Consumables,Central,Vindhya Engineering,SUP-F,Fusion Tech,218,219,500,458,109,20,210,210,2026-08-26,2026-08-26,Yes,No,4661.08,6054.11,2134776.25
2026-01-05,Jan-2026,SKU-128,Lubrication Kit 2,Consumables,North,Apex Engineering,SUP-E,Everest Components,121,123,256,234,61,20,114,114,2026-01-13,2026-01-13,Yes,No,5150.46,6944.77,1205206.94
2026-07-09,Jul-2026,SKU-122,Vision Inspection Unit 2,Premium Equipment,North,Delhi Industrial Systems,SUP-A,Alpha Components,52,49,35,26,18,12,48,48,2026-07-18,2026-07-18,Yes,Yes,75232.68,109886.62,1956049.78
2026-04-07,Apr-2026,SKU-107,Power Module 1,Critical Components,West,Vertex Engineering,SUP-C,Crest Global,93,76,104,89,24,34,90,79,2026-04-15,2026-04-15,No,No,54205.95,79813.77,4824329.89
2026-04-01,Apr-2026,SKU-108,Power Module 2,Critical Components,East,Prime Industrial,SUP-C,Crest Global,90,79,65,48,25,27,85,85,2026-04-12,2026-04-21,No,Yes,62412.21,96109.15,2995786.26
2026-07-20,Jul-2026,SKU-106,Industrial Sensor 2,Critical Components,Central,Vindhya Engineering,SUP-B,Bharat Industrial,129,132,136,109,42,14,141,141,2026-07-31,2026-07-31,Yes,No,38322.87,48872.49,4177193.16
2026-06-12,Jun-2026,SKU-131,Coolant Module 1,Consumables,West,Western Manufacturing,SUP-D,Delta Engineering,285,239,475,415,119,20,304,304,2026-06-22,2026-06-22,Yes,No,2470.48,3819.19,1025249.56
2026-04-10,Apr-2026,SKU-122,Vision Inspection Unit 2,Premium Equipment,South,Deccan Industries,SUP-F,Fusion Tech,64,61,70,53,23,23,89,89,2026-04-17,2026-04-17,Yes,No,150198.0,223430.59,7960493.91
2026-07-25,Jul-2026,SKU-121,Vision Inspection Unit 1,Premium Equipment,South,Kaveri Engineering,SUP-E,Everest Components,57,57,75,64,21,21,55,55,2026-08-05,2026-08-10,No,No,64299.66,80039.37,4115178.01
2026-03-24,Mar-2026,SKU-120,Robotic Arm Module 2,Premium Equipment,South,Deccan Industries,SUP-E,Everest Components,52,60,57,50,22,21,48,48,2026-03-30,2026-04-05,No,No,127051.42,158308.21,6352571.0
2026-01-17,Jan-2026,SKU-118,CNC Control Unit 2,Premium Equipment,South,Deccan Industries,SUP-E,Everest Components,71,64,109,97,24,19,63,63,2026-01-28,2026-01-28,Yes,No,72111.45,110456.7,6994811.06
2026-01-06,Jan-2026,SKU-107,Power Module 1,Critical Components,Central,Central Industrial Works,SUP-C,Crest Global,91,87,118,97,27,26,116,105,2026-01-16,2026-01-16,No,No,48478.83,59413.67,4702446.57
2026-03-01,Mar-2026,SKU-109,Bearing Assembly 1,Standard Components,North,Delhi Industrial Systems,SUP-G,Global Motion,219,220,349,301,61,20,240,240,2026-03-06,2026-03-06,Yes,No,6967.07,8813.0,2097089.0
2026-06-05,Jun-2026,SKU-127,Lubrication Kit 1,Consumables,Central,CoreTech Manufacturing,SUP-E,Everest Components,232,305,654,628,152,19,253,253,2026-06-11,2026-06-11,Yes,No,1666.48,2385.52,1046550.87
2026-02-04,Feb-2026,SKU-116,Connector Set 2,Standard Components,North,Apex Engineering,SUP-D,Delta Engineering,229,228,295,249,63,21,232,232,2026-02-10,2026-02-10,Yes,No,10748.22,13492.18,2676306.73
2026-02-26,Feb-2026,SKU-129,Seal Pack 1,Consumables,North,Apex Engineering,SUP-F,Fusion Tech,219,260,520,494,130,22,221,198,2026-03-09,2026-03-09,No,No,3102.59,4756.95,1532680.78
2026-04-26,Apr-2026,SKU-104,Precision Gearbox 2,Critical Components,South,Kaveri Engineering,SUP-C,Crest Global,169,160,179,144,51,30,177,177,2026-05-02,2026-05-05,No,No,31321.97,46095.57,4510363.7
2026-01-21,Jan-2026,SKU-130,Seal Pack 2,Consumables,South,Southern Automation,SUP-H,Horizon Parts,258,337,663,636,168,22,265,265,2026-01-29,2026-01-29,Yes,No,2607.53,4030.05,1658391.47
2026-05-26,May-2026,SKU-110,Bearing Assembly 2,Standard Components,North,Horizon Machines,SUP-E,Everest Components,160,145,176,146,40,18,151,151,2026-06-01,2026-06-01,Yes,No,11811.67,16577.28,1724503.35
2026-06-11,Jun-2026,SKU-112,Drive Belt 2,Standard Components,East,Eastern Process Tech,SUP-C,Crest Global,196,190,247,206,53,25,207,207,2026-06-19,2026-06-19,Yes,No,10790.13,14132.27,2222766.54
2026-02-25,Feb-2026,SKU-126,Filter Cartridge 2,Consumables,West,Vertex Engineering,SUP-B,Bharat Industrial,192,229,469,441,114,20,203,203,2026-03-05,2026-03-05,Yes,No,4041.73,5068.54,1782401.91
2026-08-22,Aug-2026,SKU-109,Bearing Assembly 1,Standard Components,North,Apex Engineering,SUP-D,Delta Engineering,102,105,140,121,29,23,100,100,2026-08-30,2026-08-30,Yes,No,5449.25,8430.72,659359.27
2026-06-18,Jun-2026,SKU-129,Seal Pack 1,Consumables,Central,Central Industrial Works,SUP-F,Fusion Tech,285,286,608,547,143,22,309,309,2026-06-26,2026-06-26,Yes,No,4070.58,4974.65,2226609.26
2026-08-08,Aug-2026,SKU-132,Coolant Module 2,Consumables,West,Gujarat Process Systems,SUP-G,Global Motion,221,230,482,440,115,16,228,228,2026-08-18,2026-08-26,No,No,5409.31,7619.9,2380097.73
2026-06-24,Jun-2026,SKU-118,CNC Control Unit 2,Premium Equipment,North,Delhi Industrial Systems,SUP-D,Delta Engineering,54,43,78,66,16,22,62,62,2026-07-06,2026-07-06,Yes,No,169030.16,241198.1,11155990.24
2026-08-18,Aug-2026,SKU-120,Robotic Arm Module 2,Premium Equipment,West,Metro Automation,SUP-C,Crest Global,41,32,65,57,12,28,41,41,2026-08-25,2026-09-01,No,No,81473.15,102312.76,4643969.38
2026-03-04,Mar-2026,SKU-111,Drive Belt 1,Standard Components,South,TechFab Systems,SUP-H,Horizon Parts,243,326,460,435,91,14,261,261,2026-03-16,2026-03-16,Yes,No,4962.69,6087.28,2158770.89
2026-04-18,Apr-2026,SKU-119,Robotic Arm Module 1,Premium Equipment,South,Kaveri Engineering,SUP-B,Bharat Industrial,65,62,53,40,23,15,69,69,2026-04-24,2026-04-24,Yes,Yes,144056.12,178260.01,5762244.87
2026-02-20,Feb-2026,SKU-115,Connector Set 1,Standard Components,West,Gujarat Process Systems,SUP-A,Alpha Components,126,124,166,136,34,17,151,151,2026-02-26,2026-02-26,Yes,No,4066.07,6101.47,552985.45
2026-02-26,Feb-2026,SKU-109,Bearing Assembly 1,Standard Components,West,Gujarat Process Systems,SUP-B,Bharat Industrial,126,123,189,159,34,22,150,150,2026-03-08,2026-03-08,Yes,No,13916.65,17031.26,2212746.83
2026-01-11,Jan-2026,SKU-102,Servo Controller 2,Critical Components,Central,Central Industrial Works,SUP-A,Alpha Components,132,134,136,110,42,15,134,134,2026-01-17,2026-01-17,Yes,No,60031.83,92428.16,6603501.55
2026-01-11,Jan-2026,SKU-110,Bearing Assembly 2,Standard Components,Central,CoreTech Manufacturing,SUP-G,Global Motion,134,108,153,125,30,16,142,142,2026-01-17,2026-01-17,Yes,No,10183.65,14179.04,1272956.38
2026-07-20,Jul-2026,SKU-105,Industrial Sensor 1,Critical Components,North,Horizon Machines,SUP-C,Crest Global,110,84,93,73,26,27,101,101,2026-07-25,2026-07-25,Yes,Yes,30280.41,40554.07,2210469.85
2026-05-17,May-2026,SKU-118,CNC Control Unit 2,Premium Equipment,East,Prime Industrial,SUP-G,Global Motion,51,49,87,77,18,20,55,50,2026-05-22,2026-05-22,No,No,101915.69,148360.21,7847508.21
2026-06-14,Jun-2026,SKU-131,Coolant Module 1,Consumables,North,Delhi Industrial Systems,SUP-D,Delta Engineering,147,177,360,336,88,17,170,170,2026-06-20,2026-06-20,Yes,No,1988.23,2772.45,668045.64
2026-08-20,Aug-2026,SKU-101,Servo Controller 1,Critical Components,South,TechFab Systems,SUP-H,Horizon Parts,81,60,70,53,19,11,86,86,2026-08-31,2026-08-31,Yes,Yes,26821.15,38678.51,1421520.85
2026-02-10,Feb-2026,SKU-126,Filter Cartridge 2,Consumables,East,Orion Industries,SUP-C,Crest Global,168,177,355,323,88,25,177,177,2026-02-18,2026-03-02,No,No,2825.18,3543.76,912532.65
2026-07-23,Jul-2026,SKU-117,CNC Control Unit 1,Premium Equipment,North,Apex Engineering,SUP-G,Global Motion,43,57,98,93,21,19,51,45,2026-08-03,2026-08-03,No,No,122933.65,157754.83,11432829.57
2026-08-14,Aug-2026,SKU-102,Servo Controller 2,Critical Components,West,Metro Automation,SUP-C,Crest Global,84,76,106,85,24,26,107,107,2026-08-19,2026-08-31,No,No,23121.36,34544.18,1965315.91
2026-03-16,Mar-2026,SKU-122,Vision Inspection Unit 2,Premium Equipment,West,Gujarat Process Systems,SUP-H,Horizon Parts,46,40,44,34,15,16,54,54,2026-03-21,2026-03-26,No,Yes,81117.15,108467.49,2757983.0
2026-08-05,Aug-2026,SKU-117,CNC Control Unit 1,Premium Equipment,East,Eastern Process Tech,SUP-G,Global Motion,48,37,48,35,14,19,67,67,2026-08-11,2026-08-11,Yes,No,129164.71,166020.15,4520764.95
2026-03-01,Mar-2026,SKU-109,Bearing Assembly 1,Standard Components,South,TechFab Systems,SUP-D,Delta Engineering,211,217,311,274,60,21,206,196,2026-03-13,2026-03-13,No,No,6977.42,9450.04,1911812.45
2026-05-26,May-2026,SKU-101,Servo Controller 1,Critical Components,North,Delhi Industrial Systems,SUP-C,Crest Global,161,143,142,112,45,28,158,154,2026-05-31,2026-05-31,No,Yes,35732.68,46938.6,4002060.47
2026-06-06,Jun-2026,SKU-108,Power Module 2,Critical Components,Central,Narmada Systems,SUP-G,Global Motion,142,106,129,99,33,15,154,154,2026-06-11,2026-06-11,Yes,Yes,46373.5,65375.47,4590976.12
2026-02-01,Feb-2026,SKU-119,Robotic Arm Module 1,Premium Equipment,North,NorthStar Automation,SUP-H,Horizon Parts,56,57,138,127,21,26,56,56,2026-02-08,2026-02-18,No,No,85017.8,113196.03,10797260.38
2026-01-24,Jan-2026,SKU-106,Industrial Sensor 2,Critical Components,South,Deccan Industries,SUP-E,Everest Components,127,100,104,82,32,13,119,113,2026-02-03,2026-02-03,No,Yes,61972.84,86227.89,5081772.86
2026-01-29,Jan-2026,SKU-108,Power Module 2,Critical Components,West,Metro Automation,SUP-F,Fusion Tech,123,106,169,143,33,24,146,134,2026-02-09,2026-02-11,No,No,56454.1,70228.01,8072936.06
2026-07-14,Jul-2026,SKU-114,Valve Kit 2,Standard Components,North,Delhi Industrial Systems,SUP-D,Delta Engineering,155,171,250,221,47,25,172,172,2026-07-26,2026-07-26,Yes,No,11275.1,14540.18,2491796.62
2026-05-19,May-2026,SKU-117,CNC Control Unit 1,Premium Equipment,South,Deccan Industries,SUP-B,Bharat Industrial,60,75,115,105,28,21,78,78,2026-05-29,2026-05-29,Yes,No,123786.03,156594.7,12997532.8
2026-01-16,Jan-2026,SKU-114,Valve Kit 2,Standard Components,North,Horizon Machines,SUP-B,Bharat Industrial,214,226,332,289,63,14,236,236,2026-01-22,2026-01-22,Yes,No,4590.45,7102.91,1326639.3
2026-06-03,Jun-2026,SKU-111,Drive Belt 1,Standard Components,South,Kaveri Engineering,SUP-G,Global Motion,204,177,227,183,49,21,223,223,2026-06-12,2026-06-12,Yes,No,9161.72,11621.52,1676593.88
2026-05-29,May-2026,SKU-107,Power Module 1,Critical Components,South,TechFab Systems,SUP-D,Delta Engineering,129,83,76,51,26,26,125,125,2026-06-06,2026-06-06,Yes,Yes,24640.73,37685.16,1256677.45
2026-04-19,Apr-2026,SKU-102,Servo Controller 2,Critical Components,Central,Narmada Systems,SUP-B,Bharat Industrial,105,80,105,81,25,12,123,123,2026-04-27,2026-04-27,Yes,No,62322.48,89815.94,5048120.97
2026-06-08,Jun-2026,SKU-124,Smart Drive 2,Premium Equipment,West,Gujarat Process Systems,SUP-A,Alpha Components,75,53,43,27,20,19,91,81,2026-06-15,2026-06-25,No,Yes,123656.52,156869.43,3338726.16
2026-06-05,Jun-2026,SKU-123,Smart Drive 1,Premium Equipment,East,Bengal Engineering,SUP-G,Global Motion,55,52,70,57,19,15,67,67,2026-06-11,2026-06-15,No,No,108244.23,156550.53,6169920.87
2026-02-11,Feb-2026,SKU-113,Valve Kit 1,Standard Components,West,Vertex Engineering,SUP-F,Fusion Tech,230,224,332,285,62,20,237,237,2026-02-18,2026-02-18,Yes,No,6073.54,7491.02,1730959.22
2026-01-12,Jan-2026,SKU-111,Drive Belt 1,Standard Components,East,Bengal Engineering,SUP-A,Alpha Components,232,234,342,293,65,13,246,246,2026-01-17,2026-01-17,Yes,No,6952.66,8925.82,2037128.05
2026-06-10,Jun-2026,SKU-122,Vision Inspection Unit 2,Premium Equipment,West,Western Manufacturing,SUP-A,Alpha Components,68,65,108,96,24,20,63,63,2026-06-16,2026-06-16,Yes,No,151706.79,211205.67,14563851.85
2026-08-16,Aug-2026,SKU-129,Seal Pack 1,Consumables,West,Gujarat Process Systems,SUP-A,Alpha Components,197,196,415,372,98,15,218,218,2026-08-25,2026-08-25,Yes,No,4212.3,6199.57,1566975.49
2026-04-20,Apr-2026,SKU-109,Bearing Assembly 1,Standard Components,East,Orion Industries,SUP-A,Alpha Components,163,160,204,168,44,19,183,183,2026-04-25,2026-05-05,No,No,9420.68,12728.3,1582674.11
2026-05-19,May-2026,SKU-117,CNC Control Unit 1,Premium Equipment,North,Delhi Industrial Systems,SUP-D,Delta Engineering,62,67,82,69,25,29,74,74,2026-05-26,2026-05-26,Yes,No,113399.1,155720.11,7824537.8
2026-02-26,Feb-2026,SKU-111,Drive Belt 1,Standard Components,West,Western Manufacturing,SUP-C,Crest Global,193,193,261,222,54,27,215,197,2026-03-10,2026-03-10,No,No,6467.1,8048.51,1435696.21
2026-06-24,Jun-2026,SKU-119,Robotic Arm Module 1,Premium Equipment,South,Deccan Industries,SUP-C,Crest Global,62,57,102,86,21,28,84,84,2026-06-30,2026-06-30,Yes,No,111467.33,166594.63,9586190.4
2026-04-16,Apr-2026,SKU-131,Coolant Module 1,Consumables,East,Bengal Engineering,SUP-H,Horizon Parts,242,227,472,425,113,11,236,236,2026-04-23,2026-04-23,Yes,No,4688.42,5878.2,1992577.26
2026-02-23,Feb-2026,SKU-117,CNC Control Unit 1,Premium Equipment,East,Prime Industrial,SUP-C,Crest Global,50,47,40,27,17,29,68,68,2026-03-06,2026-03-10,No,Yes,164580.38,210412.97,4443670.34
2026-06-28,Jun-2026,SKU-121,Vision Inspection Unit 1,Premium Equipment,South,TechFab Systems,SUP-D,Delta Engineering,43,40,37,24,15,19,67,67,2026-07-09,2026-07-09,Yes,Yes,114790.16,172655.68,2754963.76
2026-05-12,May-2026,SKU-116,Connector Set 2,Standard Components,Central,Vindhya Engineering,SUP-A,Alpha Components,173,174,245,211,48,14,173,173,2026-05-22,2026-05-22,Yes,No,13909.73,17037.96,2934953.92
2026-03-31,Mar-2026,SKU-129,Seal Pack 1,Consumables,Central,CoreTech Manufacturing,SUP-G,Global Motion,175,174,360,325,87,13,176,176,2026-04-07,2026-04-07,Yes,No,985.34,1394.17,320236.68
2026-07-21,Jul-2026,SKU-118,CNC Control Unit 2,Premium Equipment,North,Horizon Machines,SUP-A,Alpha Components,58,56,66,54,21,22,62,62,2026-08-01,2026-08-11,No,No,176133.2,232211.42,9511192.91
2026-06-09,Jun-2026,SKU-122,Vision Inspection Unit 2,Premium Equipment,West,Western Manufacturing,SUP-B,Bharat Industrial,54,60,84,77,22,14,46,46,2026-06-21,2026-06-21,Yes,No,122996.11,169440.49,9470700.7
2026-05-23,May-2026,SKU-112,Drive Belt 2,Standard Components,North,NorthStar Automation,SUP-E,Everest Components,161,166,215,180,46,17,182,182,2026-06-04,2026-06-04,Yes,No,9671.87,14093.06,1740937.39
2026-02-13,Feb-2026,SKU-109,Bearing Assembly 1,Standard Components,South,Southern Automation,SUP-H,Horizon Parts,183,182,245,204,50,16,206,206,2026-02-20,2026-02-20,Yes,No,6739.83,9698.47,1374925.43
2026-08-15,Aug-2026,SKU-124,Smart Drive 2,Premium Equipment,West,Metro Automation,SUP-G,Global Motion,48,42,64,55,15,18,45,45,2026-08-22,2026-08-22,Yes,No,86400.72,116619.13,4752039.44
2026-06-05,Jun-2026,SKU-126,Filter Cartridge 2,Consumables,North,Horizon Machines,SUP-E,Everest Components,245,284,586,547,142,24,260,260,2026-06-13,2026-06-17,No,No,1284.58,1738.83,702666.51
2026-03-12,Mar-2026,SKU-106,Industrial Sensor 2,Critical Components,West,Vertex Engineering,SUP-B,Bharat Industrial,125,85,85,58,27,19,136,136,2026-03-19,2026-03-19,Yes,Yes,45688.84,67526.06,2649952.66
2026-04-09,Apr-2026,SKU-107,Power Module 1,Critical Components,North,Apex Engineering,SUP-D,Delta Engineering,105,97,96,74,31,26,119,112,2026-04-14,2026-04-14,No,Yes,53531.43,65442.64,3961325.92
2026-03-24,Mar-2026,SKU-108,Power Module 2,Critical Components,Central,Central Industrial Works,SUP-H,Horizon Parts,144,135,144,111,43,17,167,167,2026-04-03,2026-04-03,Yes,No,30649.29,40503.08,3402070.94
2026-03-29,Mar-2026,SKU-119,Robotic Arm Module 1,Premium Equipment,South,TechFab Systems,SUP-F,Fusion Tech,64,69,129,117,26,22,67,67,2026-04-10,2026-04-10,Yes,No,154850.47,205132.84,18117504.62
2026-01-09,Jan-2026,SKU-118,CNC Control Unit 2,Premium Equipment,Central,Vindhya Engineering,SUP-B,Bharat Industrial,51,61,111,104,23,22,52,52,2026-01-15,2026-01-15,Yes,No,130633.97,192040.09,13585932.96
2026-01-06,Jan-2026,SKU-118,CNC Control Unit 2,Premium Equipment,South,Southern Automation,SUP-F,Fusion Tech,34,38,47,38,14,24,51,51,2026-01-16,2026-01-16,Yes,No,149286.25,195900.52,5672877.48
2026-08-13,Aug-2026,SKU-111,Drive Belt 1,Standard Components,North,Horizon Machines,SUP-F,Fusion Tech,221,215,335,293,60,24,234,214,2026-08-22,2026-08-22,No,No,13517.06,20114.71,3960498.25
2026-04-24,Apr-2026,SKU-122,Vision Inspection Unit 2,Premium Equipment,North,Apex Engineering,SUP-A,Alpha Components,82,86,141,129,32,16,76,68,2026-04-30,2026-04-30,No,No,55696.21,68570.42,7184811.51
2026-02-26,Feb-2026,SKU-128,Lubrication Kit 2,Consumables,East,Bengal Engineering,SUP-B,Bharat Industrial,233,273,568,532,136,13,247,247,2026-03-10,2026-03-10,Yes,No,2788.44,4229.02,1483450.06
2026-07-25,Jul-2026,SKU-129,Seal Pack 1,Consumables,West,Vertex Engineering,SUP-G,Global Motion,212,231,501,469,115,16,212,193,2026-07-31,2026-07-31,No,No,4636.87,6784.79,2174693.59
2026-02-22,Feb-2026,SKU-105,Industrial Sensor 1,Critical Components,North,Delhi Industrial Systems,SUP-G,Global Motion,99,73,72,54,23,19,94,94,2026-03-05,2026-03-05,Yes,Yes,25527.09,32533.49,1378462.72
2026-05-05,May-2026,SKU-126,Filter Cartridge 2,Consumables,East,Eastern Process Tech,SUP-H,Horizon Parts,255,292,630,590,146,16,261,261,2026-05-15,2026-05-15,Yes,No,3484.73,4288.97,2055989.78
2026-02-10,Feb-2026,SKU-106,Industrial Sensor 2,Critical Components,East,Prime Industrial,SUP-C,Crest Global,108,85,94,73,27,27,109,108,2026-02-22,2026-02-22,No,Yes,39486.84,51005.11,2882539.07
2026-05-29,May-2026,SKU-112,Drive Belt 2,Standard Components,Central,Central Industrial Works,SUP-F,Fusion Tech,178,189,257,224,52,27,181,181,2026-06-05,2026-06-17,No,No,6259.98,8263.52,1402235.32
2026-05-26,May-2026,SKU-110,Bearing Assembly 2,Standard Components,North,Delhi Industrial Systems,SUP-F,Fusion Tech,140,118,194,164,33,23,150,150,2026-06-04,2026-06-04,Yes,No,10835.04,14981.87,1776946.51
2026-02-15,Feb-2026,SKU-126,Filter Cartridge 2,Consumables,South,Deccan Industries,SUP-F,Fusion Tech,236,276,547,514,138,22,233,233,2026-02-27,2026-02-27,Yes,No,3483.9,4756.39,1790726.19
2026-02-15,Feb-2026,SKU-104,Precision Gearbox 2,Critical Components,South,Kaveri Engineering,SUP-F,Fusion Tech,152,116,154,122,37,22,162,162,2026-02-23,2026-02-23,Yes,No,19319.68,25892.65,2357001.41
2026-07-10,Jul-2026,SKU-104,Precision Gearbox 2,Critical Components,East,Bengal Engineering,SUP-A,Alpha Components,147,133,144,111,42,10,166,166,2026-07-22,2026-07-22,Yes,Yes,27897.53,38770.04,3096625.77
2026-02-21,Feb-2026,SKU-116,Connector Set 2,Standard Components,East,Prime Industrial,SUP-A,Alpha Components,198,146,172,134,40,17,190,190,2026-03-02,2026-03-06,No,Yes,9922.18,13984.03,1329571.94
2026-02-02,Feb-2026,SKU-130,Seal Pack 2,Consumables,North,Delhi Industrial Systems,SUP-D,Delta Engineering,277,268,558,503,134,23,277,277,2026-02-12,2026-02-12,Yes,No,4878.93,6775.64,2454100.63
2026-01-19,Jan-2026,SKU-113,Valve Kit 1,Standard Components,Central,Narmada Systems,SUP-H,Horizon Parts,212,231,329,294,64,13,209,209,2026-01-24,2026-01-24,Yes,No,3828.94,5838.8,1125706.99
2026-05-02,May-2026,SKU-127,Lubrication Kit 1,Consumables,East,Bengal Engineering,SUP-A,Alpha Components,305,371,768,727,185,15,319,319,2026-05-09,2026-05-09,Yes,No,1439.14,1918.62,1046253.2
2026-07-14,Jul-2026,SKU-129,Seal Pack 1,Consumables,Central,Vindhya Engineering,SUP-D,Delta Engineering,275,306,649,600,153,17,299,299,2026-07-21,2026-07-21,Yes,No,1287.06,1894.86,772235.38
2026-03-18,Mar-2026,SKU-112,Drive Belt 2,Standard Components,North,Horizon Machines,SUP-A,Alpha Components,191,157,215,179,43,17,181,181,2026-03-28,2026-03-31,No,No,6819.13,8755.13,1220625.12
2026-08-09,Aug-2026,SKU-124,Smart Drive 2,Premium Equipment,Central,CoreTech Manufacturing,SUP-G,Global Motion,53,51,48,37,19,18,56,56,2026-08-19,2026-08-19,Yes,Yes,57136.07,87974.24,2114034.49
2026-02-04,Feb-2026,SKU-110,Bearing Assembly 2,Standard Components,South,Kaveri Engineering,SUP-F,Fusion Tech,129,123,197,172,34,17,127,127,2026-02-09,2026-02-09,Yes,No,11040.42,15224.87,1898952.61
2026-01-18,Jan-2026,SKU-128,Lubrication Kit 2,Consumables,North,Delhi Industrial Systems,SUP-H,Horizon Parts,234,285,607,574,142,22,252,252,2026-01-24,2026-01-24,Yes,No,1394.47,1830.74,800425.23
2026-06-20,Jun-2026,SKU-107,Power Module 1,Critical Components,South,TechFab Systems,SUP-H,Horizon Parts,139,145,152,125,46,17,147,147,2026-06-25,2026-06-25,Yes,No,46958.45,71456.12,5869806.06
2026-06-17,Jun-2026,SKU-129,Seal Pack 1,Consumables,South,TechFab Systems,SUP-B,Bharat Industrial,182,217,436,409,108,18,190,190,2026-06-24,2026-06-29,No,No,1980.17,2699.53,809888.67
2026-02-02,Feb-2026,SKU-103,Precision Gearbox 1,Critical Components,East,Eastern Process Tech,SUP-F,Fusion Tech,110,94,107,82,30,27,126,126,2026-02-08,2026-02-08,Yes,Yes,30979.99,38231.34,2540359.15
2026-01-08,Jan-2026,SKU-107,Power Module 1,Critical Components,West,Vertex Engineering,SUP-C,Crest Global,115,101,54,33,32,25,108,108,2026-01-16,2026-01-23,No,Yes,39289.27,48966.35,1296545.81
2026-01-17,Jan-2026,SKU-119,Robotic Arm Module 1,Premium Equipment,South,TechFab Systems,SUP-H,Horizon Parts,50,60,118,113,22,20,41,41,2026-01-28,2026-01-28,Yes,No,99416.69,135378.69,11234085.94
2026-03-10,Mar-2026,SKU-132,Coolant Module 2,Consumables,North,Apex Engineering,SUP-A,Alpha Components,145,218,425,420,109,21,145,145,2026-03-22,2026-03-29,No,No,2460.2,3053.46,1033283.4
2026-03-07,Mar-2026,SKU-109,Bearing Assembly 1,Standard Components,West,Metro Automation,SUP-A,Alpha Components,273,291,427,380,81,13,282,269,2026-03-12,2026-03-12,No,No,3081.64,3886.03,1171023.91
2026-03-10,Mar-2026,SKU-103,Precision Gearbox 1,Critical Components,North,Horizon Machines,SUP-D,Delta Engineering,66,52,68,57,16,27,56,56,2026-03-16,2026-03-16,Yes,No,26089.67,36906.0,1487111.01
2026-06-19,Jun-2026,SKU-132,Coolant Module 2,Consumables,Central,Narmada Systems,SUP-H,Horizon Parts,180,170,381,346,85,19,177,177,2026-06-30,2026-06-30,Yes,No,5290.62,6713.72,1830556.12
2026-05-09,May-2026,SKU-119,Robotic Arm Module 1,Premium Equipment,Central,Narmada Systems,SUP-H,Horizon Parts,52,49,44,31,18,20,69,69,2026-05-18,2026-05-18,Yes,Yes,110758.5,161130.43,3433513.42
2026-08-26,Aug-2026,SKU-117,CNC Control Unit 1,Premium Equipment,North,NorthStar Automation,SUP-C,Crest Global,63,64,93,82,24,23,59,59,2026-08-31,2026-09-11,No,No,155406.19,194471.54,12743307.43
2026-08-23,Aug-2026,SKU-106,Industrial Sensor 2,Critical Components,North,NorthStar Automation,SUP-G,Global Motion,107,89,96,71,28,21,129,129,2026-08-29,2026-09-05,No,Yes,60025.69,82170.73,4261823.89
2026-08-18,Aug-2026,SKU-123,Smart Drive 1,Premium Equipment,East,Bengal Engineering,SUP-H,Horizon Parts,61,59,79,69,22,21,54,54,2026-08-27,2026-08-27,Yes,No,138323.0,176962.69,9544287.26
2026-02-22,Feb-2026,SKU-125,Filter Cartridge 1,Consumables,East,Orion Industries,SUP-G,Global Motion,299,351,741,694,175,20,320,320,2026-03-03,2026-03-03,Yes,No,1507.05,2199.77,1045895.46
2026-04-15,Apr-2026,SKU-131,Coolant Module 1,Consumables,West,Western Manufacturing,SUP-E,Everest Components,289,320,656,610,160,16,284,284,2026-04-26,2026-04-26,Yes,No,1966.12,2714.98,1199335.72
2026-06-26,Jun-2026,SKU-115,Connector Set 1,Standard Components,South,Kaveri Engineering,SUP-F,Fusion Tech,225,263,356,320,73,15,240,240,2026-07-01,2026-07-08,No,No,5754.96,7493.28,1841587.15
2026-03-13,Mar-2026,SKU-128,Lubrication Kit 2,Consumables,North,NorthStar Automation,SUP-E,Everest Components,275,326,698,661,163,22,274,274,2026-03-23,2026-03-23,Yes,No,3369.55,4111.23,2227269.86
2026-05-31,May-2026,SKU-115,Connector Set 1,Standard Components,South,Kaveri Engineering,SUP-D,Delta Engineering,115,96,148,121,26,21,135,135,2026-06-12,2026-06-12,Yes,No,2753.63,3426.54,333189.3
2026-08-05,Aug-2026,SKU-108,Power Module 2,Critical Components,East,Bengal Engineering,SUP-C,Crest Global,103,73,11,0,23,31,106,94,2026-08-13,2026-08-13,No,Yes,37158.73,56594.81,0.0
2026-03-28,Mar-2026,SKU-107,Power Module 1,Critical Components,South,Deccan Industries,SUP-G,Global Motion,84,90,72,56,28,19,90,90,2026-04-03,2026-04-03,Yes,Yes,48563.43,71870.98,2719552.1
2026-04-21,Apr-2026,SKU-126,Filter Cartridge 2,Consumables,West,Metro Automation,SUP-H,Horizon Parts,334,304,647,579,152,21,340,340,2026-04-26,2026-04-26,Yes,No,2970.11,4163.74,1719692.41
2026-01-29,Jan-2026,SKU-118,CNC Control Unit 2,Premium Equipment,North,Horizon Machines,SUP-G,Global Motion,18,17,0,0,6,22,33,33,2026-02-07,2026-02-07,Yes,Yes,155595.79,239902.95,0.0
2026-04-16,Apr-2026,SKU-129,Seal Pack 1,Consumables,South,Kaveri Engineering,SUP-E,Everest Components,209,179,398,355,89,15,219,219,2026-04-21,2026-04-21,Yes,No,1075.36,1555.9,381754.21
2026-05-07,May-2026,SKU-124,Smart Drive 2,Premium Equipment,South,Kaveri Engineering,SUP-A,Alpha Components,57,59,104,94,22,20,50,50,2026-05-18,2026-05-18,Yes,No,143669.58,199677.78,13504940.35
2026-03-12,Mar-2026,SKU-121,Vision Inspection Unit 1,Premium Equipment,South,Deccan Industries,SUP-G,Global Motion,57,57,70,57,21,15,66,66,2026-03-21,2026-03-21,Yes,No,91664.67,123175.75,5224886.2
2026-08-14,Aug-2026,SKU-118,CNC Control Unit 2,Premium Equipment,West,Metro Automation,SUP-G,Global Motion,46,46,54,47,17,19,36,36,2026-08-23,2026-08-23,Yes,No,110387.01,135735.26,5188189.35
2026-04-30,Apr-2026,SKU-120,Robotic Arm Module 2,Premium Equipment,West,Gujarat Process Systems,SUP-D,Delta Engineering,65,51,79,64,19,21,78,78,2026-05-11,2026-05-11,Yes,No,78040.67,113252.42,4994602.86
2026-01-18,Jan-2026,SKU-107,Power Module 1,Critical Components,South,TechFab Systems,SUP-D,Delta Engineering,82,87,94,76,27,26,99,99,2026-01-25,2026-01-25,Yes,No,25151.32,38688.53,1911500.61
2026-05-07,May-2026,SKU-131,Coolant Module 1,Consumables,South,Southern Automation,SUP-F,Fusion Tech,205,205,437,397,102,22,201,201,2026-05-16,2026-05-16,Yes,No,4374.32,6750.5,1736603.78
2026-01-08,Jan-2026,SKU-107,Power Module 1,Critical Components,East,Prime Industrial,SUP-C,Crest Global,80,69,81,63,22,27,92,92,2026-01-13,2026-01-18,No,No,38967.42,49650.59,2454947.61
2026-07-31,Jul-2026,SKU-128,Lubrication Kit 2,Consumables,North,Apex Engineering,SUP-C,Crest Global,263,296,654,611,148,31,274,274,2026-08-10,2026-08-22,No,No,3404.31,5247.13,2080030.89
2026-06-16,Jun-2026,SKU-111,Drive Belt 1,Standard Components,South,TechFab Systems,SUP-C,Crest Global,158,167,226,193,46,22,180,180,2026-06-25,2026-06-25,Yes,No,13425.27,18280.5,2591077.43
2026-03-24,Mar-2026,SKU-124,Smart Drive 2,Premium Equipment,South,Kaveri Engineering,SUP-F,Fusion Tech,59,44,60,50,16,21,57,51,2026-04-05,2026-04-05,No,No,146371.53,223981.82,7318576.35
2026-07-11,Jul-2026,SKU-106,Industrial Sensor 2,Critical Components,South,Kaveri Engineering,SUP-F,Fusion Tech,108,102,82,57,32,17,129,129,2026-07-19,2026-07-28,No,Yes,43328.11,57916.6,2469702.28
2026-01-08,Jan-2026,SKU-104,Precision Gearbox 2,Critical Components,West,Western Manufacturing,SUP-D,Delta Engineering,97,88,98,79,28,22,99,99,2026-01-16,2026-01-16,Yes,No,43629.98,57994.62,3446768.21
2026-03-04,Mar-2026,SKU-120,Robotic Arm Module 2,Premium Equipment,North,Apex Engineering,SUP-B,Bharat Industrial,58,51,80,65,19,16,75,75,2026-03-11,2026-03-11,Yes,No,99933.06,123682.23,6495648.75
2026-05-21,May-2026,SKU-114,Valve Kit 2,Standard Components,West,Vertex Engineering,SUP-B,Bharat Industrial,124,127,191,168,35,12,120,120,2026-05-31,2026-05-31,Yes,No,4191.46,6027.96,704165.44
2026-08-16,Aug-2026,SKU-125,Filter Cartridge 1,Consumables,West,Metro Automation,SUP-C,Crest Global,263,248,510,456,124,24,273,273,2026-08-23,2026-08-25,No,No,2571.16,3167.72,1172448.13
2026-01-27,Jan-2026,SKU-125,Filter Cartridge 1,Consumables,West,Gujarat Process Systems,SUP-E,Everest Components,253,288,599,556,144,14,271,271,2026-02-04,2026-02-04,Yes,No,3836.54,5376.53,2133113.65
2026-01-12,Jan-2026,SKU-126,Filter Cartridge 2,Consumables,Central,Vindhya Engineering,SUP-D,Delta Engineering,283,301,630,581,150,19,308,277,2026-01-18,2026-01-18,No,No,809.93,1004.96,470568.87
2026-05-18,May-2026,SKU-125,Filter Cartridge 1,Consumables,East,Prime Industrial,SUP-B,Bharat Industrial,249,270,543,496,135,20,274,274,2026-05-30,2026-05-30,Yes,No,1689.95,2275.73,838214.66
2026-01-28,Jan-2026,SKU-119,Robotic Arm Module 1,Premium Equipment,North,Delhi Industrial Systems,SUP-E,Everest Components,73,67,95,77,25,17,93,93,2026-02-04,2026-02-04,Yes,No,128587.7,190404.28,9901252.84
2026-01-13,Jan-2026,SKU-101,Servo Controller 1,Critical Components,North,Apex Engineering,SUP-C,Crest Global,113,69,74,51,22,35,124,117,2026-01-25,2026-01-31,No,Yes,18918.62,27253.9,964849.75
2026-04-23,Apr-2026,SKU-118,CNC Control Unit 2,Premium Equipment,North,Apex Engineering,SUP-G,Global Motion,69,65,103,88,24,22,77,77,2026-05-05,2026-05-05,Yes,No,170299.35,251174.61,14986343.09
2026-05-05,May-2026,SKU-103,Precision Gearbox 1,Critical Components,East,Eastern Process Tech,SUP-C,Crest Global,106,88,100,74,28,25,131,131,2026-05-16,2026-05-16,Yes,Yes,46525.86,65329.29,3442913.83
2026-05-18,May-2026,SKU-108,Power Module 2,Critical Components,East,Prime Industrial,SUP-F,Fusion Tech,124,108,94,67,34,22,137,137,2026-05-24,2026-05-24,Yes,Yes,60149.23,92105.22,4029998.59
2026-02-07,Feb-2026,SKU-128,Lubrication Kit 2,Consumables,Central,CoreTech Manufacturing,SUP-H,Horizon Parts,275,259,525,470,129,12,276,276,2026-02-16,2026-02-25,No,No,3486.71,5329.06,1638752.02
2026-01-23,Jan-2026,SKU-130,Seal Pack 2,Consumables,South,TechFab Systems,SUP-B,Bharat Industrial,178,198,387,358,99,16,176,176,2026-02-03,2026-02-03,Yes,No,4723.49,6622.2,1691010.39
2026-03-17,Mar-2026,SKU-106,Industrial Sensor 2,Critical Components,East,Prime Industrial,SUP-H,Horizon Parts,108,95,138,115,30,22,119,119,2026-03-23,2026-03-23,Yes,No,56124.65,82018.64,6454334.72
2026-03-14,Mar-2026,SKU-109,Bearing Assembly 1,Standard Components,North,Horizon Machines,SUP-E,Everest Components,131,152,222,205,42,22,121,121,2026-03-21,2026-03-21,Yes,No,8214.87,12565.23,1684047.75
2026-01-17,Jan-2026,SKU-105,Industrial Sensor 1,Critical Components,East,Bengal Engineering,SUP-H,Horizon Parts,133,105,104,80,33,21,136,124,2026-01-29,2026-02-07,No,Yes,25658.89,37972.34,2052710.8
2026-01-06,Jan-2026,SKU-104,Precision Gearbox 2,Critical Components,North,Delhi Industrial Systems,SUP-B,Bharat Industrial,109,106,146,123,33,27,123,116,2026-01-16,2026-01-16,No,No,21097.82,30982.34,2595031.98
2026-01-20,Jan-2026,SKU-106,Industrial Sensor 2,Critical Components,North,Horizon Machines,SUP-H,Horizon Parts,78,56,52,35,17,20,88,88,2026-01-26,2026-01-27,No,Yes,52961.8,65543.9,1853663.15
2026-05-30,May-2026,SKU-109,Bearing Assembly 1,Standard Components,North,Apex Engineering,SUP-H,Horizon Parts,203,214,308,271,59,21,209,204,2026-06-05,2026-06-15,No,No,8960.41,13328.96,2428269.85
2026-02-10,Feb-2026,SKU-130,Seal Pack 2,Consumables,South,Southern Automation,SUP-G,Global Motion,200,242,529,504,121,18,197,197,2026-02-16,2026-02-28,No,No,4582.44,6816.87,2309547.42
2026-01-26,Jan-2026,SKU-114,Valve Kit 2,Standard Components,Central,Central Industrial Works,SUP-A,Alpha Components,167,173,267,233,48,13,182,182,2026-02-02,2026-02-02,Yes,No,4953.36,6631.47,1154133.15
2026-03-11,Mar-2026,SKU-116,Connector Set 2,Standard Components,South,Southern Automation,SUP-G,Global Motion,142,138,221,195,38,18,134,134,2026-03-23,2026-03-23,Yes,No,13881.85,21200.55,2706961.54
2026-05-13,May-2026,SKU-113,Valve Kit 1,Standard Components,East,Bengal Engineering,SUP-F,Fusion Tech,185,164,228,190,45,27,194,194,2026-05-20,2026-05-20,Yes,No,3110.34,4517.91,590964.44
2026-04-15,Apr-2026,SKU-124,Smart Drive 2,Premium Equipment,South,TechFab Systems,SUP-F,Fusion Tech,88,100,174,163,38,23,78,78,2026-04-25,2026-05-01,No,No,142479.65,205143.22,23224182.4
2026-06-07,Jun-2026,SKU-107,Power Module 1,Critical Components,Central,Central Industrial Works,SUP-H,Horizon Parts,142,121,127,101,38,15,133,133,2026-06-16,2026-06-16,Yes,Yes,38923.7,55628.56,3931294.2
2026-04-18,Apr-2026,SKU-124,Smart Drive 2,Premium Equipment,Central,CoreTech Manufacturing,SUP-E,Everest Components,59,56,86,76,21,17,54,54,2026-04-25,2026-04-25,Yes,No,125736.29,155867.98,9555957.92
2026-02-14,Feb-2026,SKU-127,Lubrication Kit 1,Consumables,West,Western Manufacturing,SUP-B,Bharat Industrial,219,258,506,475,129,22,231,221,2026-02-23,2026-02-23,No,No,1005.98,1504.41,477841.29
2026-01-30,Jan-2026,SKU-129,Seal Pack 1,Consumables,West,Gujarat Process Systems,SUP-H,Horizon Parts,220,232,512,470,116,14,233,233,2026-02-07,2026-02-07,Yes,No,2152.87,3107.86,1011850.99
2026-03-01,Mar-2026,SKU-120,Robotic Arm Module 2,Premium Equipment,West,Western Manufacturing,SUP-D,Delta Engineering,54,46,70,61,17,22,46,46,2026-03-12,2026-03-12,Yes,No,90526.42,119401.12,5522111.62
2026-06-11,Jun-2026,SKU-107,Power Module 1,Critical Components,Central,CoreTech Manufacturing,SUP-G,Global Motion,103,83,83,63,26,16,108,103,2026-06-21,2026-06-21,No,Yes,34983.26,49252.94,2203945.47
2026-06-01,Jun-2026,SKU-101,Servo Controller 1,Critical Components,West,Metro Automation,SUP-D,Delta Engineering,166,128,133,97,40,18,180,180,2026-06-13,2026-06-13,Yes,Yes,54579.81,79094.23,5294241.95
2026-02-06,Feb-2026,SKU-114,Valve Kit 2,Standard Components,West,Vertex Engineering,SUP-E,Everest Components,92,78,120,104,21,15,82,82,2026-02-18,2026-02-18,Yes,No,4307.52,6154.8,447981.94
2026-08-05,Aug-2026,SKU-101,Servo Controller 1,Critical Components,North,Delhi Industrial Systems,SUP-H,Horizon Parts,97,88,104,80,28,20,121,121,2026-08-10,2026-08-10,Yes,No,49090.1,63475.28,3927207.89
2026-03-30,Mar-2026,SKU-107,Power Module 1,Critical Components,North,Apex Engineering,SUP-D,Delta Engineering,91,61,59,43,19,22,81,80,2026-04-10,2026-04-10,No,Yes,29419.86,39703.63,1265053.93
2026-03-02,Mar-2026,SKU-109,Bearing Assembly 1,Standard Components,East,Eastern Process Tech,SUP-E,Everest Components,201,187,260,218,52,23,212,212,2026-03-14,2026-03-14,Yes,No,4639.78,6841.14,1011472.59
2026-03-25,Mar-2026,SKU-111,Drive Belt 1,Standard Components,South,Southern Automation,SUP-D,Delta Engineering,123,135,194,174,37,20,122,122,2026-04-04,2026-04-04,Yes,No,7812.35,11067.19,1359349.43
2026-01-05,Jan-2026,SKU-129,Seal Pack 1,Consumables,North,Horizon Machines,SUP-C,Crest Global,234,299,627,605,149,30,230,219,2026-01-12,2026-01-12,No,No,3492.4,4824.1,2112901.04
2026-01-06,Jan-2026,SKU-124,Smart Drive 2,Premium Equipment,East,Prime Industrial,SUP-B,Bharat Industrial,57,48,91,75,18,18,82,82,2026-01-16,2026-01-16,Yes,No,75934.92,102205.94,5695119.32
2026-05-17,May-2026,SKU-103,Precision Gearbox 1,Critical Components,West,Vertex Engineering,SUP-G,Global Motion,78,69,36,22,22,17,72,72,2026-05-28,2026-05-28,Yes,Yes,25264.94,35067.52,555828.69
2026-03-30,Mar-2026,SKU-120,Robotic Arm Module 2,Premium Equipment,Central,Central Industrial Works,SUP-C,Crest Global,71,83,132,117,31,27,96,96,2026-04-08,2026-04-08,Yes,No,83579.81,106255.91,9778837.53
2026-03-10,Mar-2026,SKU-106,Industrial Sensor 2,Critical Components,South,Kaveri Engineering,SUP-H,Horizon Parts,100,71,57,38,22,23,97,97,2026-03-20,2026-03-20,Yes,Yes,51395.39,75164.7,1953024.77
2026-02-06,Feb-2026,SKU-103,Precision Gearbox 1,Critical Components,East,Eastern Process Tech,SUP-C,Crest Global,114,91,88,62,29,27,132,132,2026-02-13,2026-02-15,No,Yes,29453.87,37203.53,1826139.63
2026-01-28,Jan-2026,SKU-127,Lubrication Kit 1,Consumables,South,Deccan Industries,SUP-G,Global Motion,231,267,526,490,133,16,243,243,2026-02-05,2026-02-13,No,No,1250.98,1748.0,612981.61
2026-02-07,Feb-2026,SKU-105,Industrial Sensor 1,Critical Components,West,Gujarat Process Systems,SUP-H,Horizon Parts,149,141,99,71,45,21,143,143,2026-02-18,2026-02-19,No,Yes,58448.23,73608.5,4149824.22
2026-07-25,Jul-2026,SKU-102,Servo Controller 2,Critical Components,South,TechFab Systems,SUP-A,Alpha Components,93,83,73,56,26,11,95,88,2026-07-30,2026-07-30,No,Yes,35243.95,52783.92,1973661.03
2026-08-25,Aug-2026,SKU-126,Filter Cartridge 2,Consumables,East,Eastern Process Tech,SUP-G,Global Motion,203,243,530,500,121,21,218,218,2026-08-30,2026-08-30,Yes,No,3883.33,5302.77,1941663.65
2026-04-25,Apr-2026,SKU-126,Filter Cartridge 2,Consumables,Central,CoreTech Manufacturing,SUP-D,Delta Engineering,231,214,463,414,107,18,245,245,2026-05-03,2026-05-03,Yes,No,1352.11,1781.44,559775.35
2026-02-11,Feb-2026,SKU-117,CNC Control Unit 1,Premium Equipment,North,NorthStar Automation,SUP-C,Crest Global,76,68,93,79,25,33,83,74,2026-02-16,2026-02-16,No,No,173796.38,254467.22,13729913.72
2026-04-19,Apr-2026,SKU-110,Bearing Assembly 2,Standard Components,East,Orion Industries,SUP-B,Bharat Industrial,153,132,197,162,36,16,178,178,2026-04-27,2026-04-27,Yes,No,13567.67,20841.82,2197961.77
2026-08-20,Aug-2026,SKU-124,Smart Drive 2,Premium Equipment,West,Vertex Engineering,SUP-D,Delta Engineering,51,55,118,108,20,21,56,56,2026-08-30,2026-08-30,Yes,No,101732.76,136528.65,10987137.68
2026-05-04,May-2026,SKU-125,Filter Cartridge 1,Consumables,Central,CoreTech Manufacturing,SUP-H,Horizon Parts,216,258,519,489,129,12,223,223,2026-05-14,2026-05-20,No,No,5458.3,7147.0,2669109.95
2026-04-13,Apr-2026,SKU-125,Filter Cartridge 1,Consumables,Central,Central Industrial Works,SUP-G,Global Motion,255,299,635,596,149,21,268,268,2026-04-18,2026-04-18,Yes,No,2239.84,2797.31,1334946.21
2026-04-02,Apr-2026,SKU-112,Drive Belt 2,Standard Components,West,Gujarat Process Systems,SUP-F,Fusion Tech,186,165,247,207,46,19,204,204,2026-04-10,2026-04-10,Yes,No,5676.11,8027.19,1174955.73
2026-02-04,Feb-2026,SKU-118,CNC Control Unit 2,Premium Equipment,North,Apex Engineering,SUP-E,Everest Components,75,79,145,130,30,18,80,80,2026-02-11,2026-02-13,No,No,93618.28,115939.32,12170376.86
2026-05-30,May-2026,SKU-127,Lubrication Kit 1,Consumables,North,NorthStar Automation,SUP-D,Delta Engineering,317,392,819,778,196,21,338,330,2026-06-06,2026-06-06,No,No,1234.18,1885.5,960189.71
2026-03-17,Mar-2026,SKU-121,Vision Inspection Unit 1,Premium Equipment,North,Horizon Machines,SUP-E,Everest Components,60,55,68,55,20,23,66,66,2026-03-29,2026-03-29,Yes,No,75450.08,112363.01,4149754.43
2026-01-11,Jan-2026,SKU-127,Lubrication Kit 1,Consumables,West,Gujarat Process Systems,SUP-D,Delta Engineering,269,270,582,527,135,22,279,279,2026-01-19,2026-01-19,Yes,No,1019.21,1500.13,537125.94
2026-07-03,Jul-2026,SKU-123,Smart Drive 1,Premium Equipment,West,Metro Automation,SUP-B,Bharat Industrial,82,85,151,138,32,16,74,74,2026-07-10,2026-07-10,Yes,No,63214.07,86782.04,8723542.02
2026-08-09,Aug-2026,SKU-113,Valve Kit 1,Standard Components,North,Apex Engineering,SUP-E,Everest Components,154,177,219,193,49,20,169,169,2026-08-15,2026-08-15,Yes,No,2903.45,3873.59,560365.22
2026-07-05,Jul-2026,SKU-110,Bearing Assembly 2,Standard Components,East,Prime Industrial,SUP-C,Crest Global,165,162,210,176,45,24,186,171,2026-07-15,2026-07-21,No,No,12387.78,15719.58,2180249.17
2026-02-12,Feb-2026,SKU-129,Seal Pack 1,Consumables,North,Delhi Industrial Systems,SUP-C,Crest Global,283,305,644,592,152,24,295,295,2026-02-20,2026-02-20,Yes,No,2666.35,4051.36,1578479.96
2026-05-26,May-2026,SKU-130,Seal Pack 2,Consumables,North,Delhi Industrial Systems,SUP-G,Global Motion,168,159,349,315,79,23,170,170,2026-06-01,2026-06-01,Yes,No,4773.01,7120.36,1503498.89
2026-05-26,May-2026,SKU-115,Connector Set 1,Standard Components,Central,Vindhya Engineering,SUP-B,Bharat Industrial,211,204,264,221,57,19,217,217,2026-06-04,2026-06-04,Yes,No,6229.59,8031.44,1376738.56
2026-03-01,Mar-2026,SKU-110,Bearing Assembly 2,Standard Components,North,Delhi Industrial Systems,SUP-A,Alpha Components,137,116,231,200,32,16,162,159,2026-03-08,2026-03-08,No,No,10381.27,15948.3,2076254.58
2026-04-18,Apr-2026,SKU-104,Precision Gearbox 2,Critical Components,South,TechFab Systems,SUP-C,Crest Global,93,61,107,87,19,27,113,102,2026-04-24,2026-04-24,No,No,30763.13,39930.05,2676392.58
2026-05-09,May-2026,SKU-121,Vision Inspection Unit 1,Premium Equipment,North,Horizon Machines,SUP-B,Bharat Industrial,54,49,76,63,18,24,68,68,2026-05-14,2026-05-14,Yes,No,126363.82,181554.59,7960920.75
2026-04-13,Apr-2026,SKU-105,Industrial Sensor 1,Critical Components,South,TechFab Systems,SUP-F,Fusion Tech,143,126,119,92,40,16,137,137,2026-04-24,2026-04-29,No,Yes,21384.98,29111.96,1967418.29
2026-01-09,Jan-2026,SKU-106,Industrial Sensor 2,Critical Components,East,Prime Industrial,SUP-D,Delta Engineering,117,111,112,89,35,17,118,118,2026-01-14,2026-01-15,No,Yes,29920.18,42651.44,2662896.39
2026-06-20,Jun-2026,SKU-132,Coolant Module 2,Consumables,North,Apex Engineering,SUP-C,Crest Global,184,247,503,485,123,26,199,199,2026-07-02,2026-07-02,Yes,No,1575.38,2176.98,764057.52
2026-05-08,May-2026,SKU-115,Connector Set 1,Standard Components,North,Delhi Industrial Systems,SUP-C,Crest Global,143,149,190,159,41,30,166,166,2026-05-20,2026-05-27,No,No,12167.59,17594.69,1934646.94
2026-08-23,Aug-2026,SKU-120,Robotic Arm Module 2,Premium Equipment,North,Apex Engineering,SUP-G,Global Motion,46,49,65,57,18,26,47,47,2026-08-30,2026-08-30,Yes,No,160270.61,221249.68,9135424.94
2026-04-11,Apr-2026,SKU-118,CNC Control Unit 2,Premium Equipment,Central,Narmada Systems,SUP-E,Everest Components,42,42,63,50,15,20,67,67,2026-04-20,2026-04-20,Yes,No,105114.21,148812.12,5255710.6
2026-08-29,Aug-2026,SKU-120,Robotic Arm Module 2,Premium Equipment,Central,Central Industrial Works,SUP-G,Global Motion,54,48,98,89,18,16,46,46,2026-09-08,2026-09-08,Yes,No,142378.95,175470.6,12671726.47
2026-07-13,Jul-2026,SKU-125,Filter Cartridge 1,Consumables,Central,Narmada Systems,SUP-C,Crest Global,265,278,601,550,139,30,277,277,2026-07-24,2026-07-24,Yes,No,4179.37,5346.05,2298655.96
2026-04-04,Apr-2026,SKU-108,Power Module 2,Critical Components,North,Delhi Industrial Systems,SUP-C,Crest Global,111,84,97,75,26,30,119,113,2026-04-14,2026-04-20,No,Yes,61362.35,81552.68,4602176.44
2026-03-13,Mar-2026,SKU-119,Robotic Arm Module 1,Premium Equipment,West,Vertex Engineering,SUP-E,Everest Components,65,51,87,73,19,16,70,70,2026-03-21,2026-03-21,Yes,No,127289.91,179443.59,9292163.74
2026-03-15,Mar-2026,SKU-127,Lubrication Kit 1,Consumables,South,Southern Automation,SUP-C,Crest Global,255,315,660,631,157,25,275,249,2026-03-24,2026-03-24,No,No,4373.17,5978.25,2759469.91
2026-01-20,Jan-2026,SKU-112,Drive Belt 2,Standard Components,North,NorthStar Automation,SUP-A,Alpha Components,136,137,180,150,38,20,152,152,2026-02-01,2026-02-01,Yes,No,11444.08,15101.43,1716611.88
2026-05-30,May-2026,SKU-128,Lubrication Kit 2,Consumables,West,Metro Automation,SUP-B,Bharat Industrial,273,330,677,642,165,12,272,272,2026-06-09,2026-06-09,Yes,No,2366.6,3194.55,1519355.11
2026-04-06,Apr-2026,SKU-126,Filter Cartridge 2,Consumables,North,Horizon Machines,SUP-H,Horizon Parts,306,319,684,628,159,15,300,300,2026-04-16,2026-04-16,Yes,No,1840.05,2288.87,1155551.49
2026-05-23,May-2026,SKU-124,Smart Drive 2,Premium Equipment,North,Delhi Industrial Systems,SUP-E,Everest Components,65,61,118,108,23,13,57,51,2026-06-04,2026-06-04,No,No,68472.68,98524.26,7395049.34
2026-07-06,Jul-2026,SKU-127,Lubrication Kit 1,Consumables,East,Prime Industrial,SUP-A,Alpha Components,301,338,707,659,169,20,300,300,2026-07-15,2026-07-15,Yes,No,3872.95,5551.44,2552272.33
2026-05-09,May-2026,SKU-129,Seal Pack 1,Consumables,Central,Central Industrial Works,SUP-H,Horizon Parts,228,332,733,723,166,16,221,221,2026-05-19,2026-05-22,No,No,2783.98,3707.3,2012820.61
2026-04-29,Apr-2026,SKU-122,Vision Inspection Unit 2,Premium Equipment,West,Gujarat Process Systems,SUP-D,Delta Engineering,65,74,142,134,28,23,55,55,2026-05-06,2026-05-06,Yes,No,80551.4,98856.62,10793887.23
2026-02-24,Feb-2026,SKU-117,CNC Control Unit 1,Premium Equipment,South,Kaveri Engineering,SUP-B,Bharat Industrial,59,55,62,50,20,22,72,63,2026-03-07,2026-03-07,No,No,148862.97,225758.56,7443148.51
2026-01-19,Jan-2026,SKU-112,Drive Belt 2,Standard Components,South,TechFab Systems,SUP-D,Delta Engineering,244,268,396,351,75,21,269,269,2026-01-31,2026-01-31,Yes,No,5614.81,6936.54,1970799.08
2026-05-23,May-2026,SKU-119,Robotic Arm Module 1,Premium Equipment,South,Deccan Industries,SUP-B,Bharat Industrial,52,53,111,99,20,20,60,60,2026-06-02,2026-06-02,Yes,No,169536.48,256241.21,16784111.32
2026-05-03,May-2026,SKU-107,Power Module 1,Critical Components,West,Metro Automation,SUP-E,Everest Components,113,86,100,80,27,16,114,101,2026-05-13,2026-05-13,No,Yes,28687.33,39440.0,2294986.41
2026-02-11,Feb-2026,SKU-122,Vision Inspection Unit 2,Premium Equipment,East,Eastern Process Tech,SUP-C,Crest Global,68,77,92,80,29,28,79,79,2026-02-20,2026-03-01,No,No,85925.68,110149.57,6874054.28
2026-05-31,May-2026,SKU-105,Industrial Sensor 1,Critical Components,West,Western Manufacturing,SUP-B,Bharat Industrial,123,107,104,81,34,10,115,115,2026-06-10,2026-06-19,No,Yes,37548.65,56847.99,3041440.41
2026-08-23,Aug-2026,SKU-105,Industrial Sensor 1,Critical Components,South,Deccan Industries,SUP-G,Global Motion,62,54,13,1,17,21,61,61,2026-09-01,2026-09-01,Yes,Yes,26375.53,36477.82,26375.53
2026-02-18,Feb-2026,SKU-112,Drive Belt 2,Standard Components,North,NorthStar Automation,SUP-G,Global Motion,174,158,221,188,44,18,187,167,2026-02-24,2026-02-24,No,No,6185.78,8865.44,1162926.88
2026-08-10,Aug-2026,SKU-113,Valve Kit 1,Standard Components,Central,Central Industrial Works,SUP-D,Delta Engineering,156,170,281,256,47,18,147,147,2026-08-22,2026-08-22,Yes,No,6301.83,8033.88,1613267.63
2026-08-13,Aug-2026,SKU-124,Smart Drive 2,Premium Equipment,East,Prime Industrial,SUP-F,Fusion Tech,69,75,146,131,28,18,87,87,2026-08-20,2026-08-20,Yes,No,173453.58,229731.58,22722419.08
2026-03-05,Mar-2026,SKU-118,CNC Control Unit 2,Premium Equipment,North,NorthStar Automation,SUP-H,Horizon Parts,57,60,77,64,22,22,73,73,2026-03-16,2026-03-16,Yes,No,71727.65,101063.73,4590569.81
2026-08-30,Aug-2026,SKU-111,Drive Belt 1,Standard Components,North,Horizon Machines,SUP-B,Bharat Industrial,215,240,333,300,67,24,207,207,2026-09-09,2026-09-09,Yes,No,9188.0,13235.91,2756401.5
2026-07-31,Jul-2026,SKU-110,Bearing Assembly 2,Standard Components,West,Gujarat Process Systems,SUP-E,Everest Components,105,78,115,92,21,19,116,116,2026-08-05,2026-08-05,Yes,No,3616.6,5193.63,332727.61
2026-07-18,Jul-2026,SKU-103,Precision Gearbox 1,Critical Components,North,Delhi Industrial Systems,SUP-E,Everest Components,130,133,161,138,42,23,131,121,2026-07-27,2026-07-27,No,No,60849.74,82980.5,8397263.65
2026-04-21,Apr-2026,SKU-132,Coolant Module 2,Consumables,Central,CoreTech Manufacturing,SUP-A,Alpha Components,295,347,725,679,173,13,319,319,2026-04-30,2026-05-03,No,No,2624.86,3696.07,1782276.9
2026-05-13,May-2026,SKU-132,Coolant Module 2,Consumables,South,Kaveri Engineering,SUP-D,Delta Engineering,268,255,484,428,127,21,283,283,2026-05-24,2026-05-24,Yes,No,1407.72,1855.01,602502.25
2026-02-20,Feb-2026,SKU-108,Power Module 2,Critical Components,East,Prime Industrial,SUP-F,Fusion Tech,126,116,127,104,37,25,118,118,2026-03-01,2026-03-01,Yes,No,55404.37,84359.92,5762054.61
2026-05-30,May-2026,SKU-108,Power Module 2,Critical Components,North,NorthStar Automation,SUP-B,Bharat Industrial,119,84,73,50,26,15,119,119,2026-06-07,2026-06-07,Yes,Yes,43828.98,53774.17,2191448.95
2026-06-30,Jun-2026,SKU-111,Drive Belt 1,Standard Components,West,Western Manufacturing,SUP-A,Alpha Components,147,156,237,206,43,17,171,171,2026-07-06,2026-07-06,Yes,No,6256.33,8725.84,1288804.14
2026-03-06,Mar-2026,SKU-101,Servo Controller 1,Critical Components,Central,Vindhya Engineering,SUP-H,Horizon Parts,140,102,86,60,32,15,133,133,2026-03-17,2026-03-17,Yes,Yes,38313.19,57587.49,2298791.44
2026-02-19,Feb-2026,SKU-114,Valve Kit 2,Standard Components,Central,Narmada Systems,SUP-D,Delta Engineering,183,207,290,260,57,21,194,194,2026-03-02,2026-03-02,Yes,No,5350.07,6718.93,1391018.16
2026-01-24,Jan-2026,SKU-113,Valve Kit 1,Standard Components,North,Delhi Industrial Systems,SUP-D,Delta Engineering,212,188,292,251,52,24,224,209,2026-01-30,2026-01-30,No,No,13285.8,17988.97,3334735.59
2026-08-22,Aug-2026,SKU-131,Coolant Module 1,Consumables,East,Eastern Process Tech,SUP-A,Alpha Components,139,161,356,338,80,13,129,129,2026-08-28,2026-08-28,Yes,No,1398.95,1986.8,472844.29
2026-04-19,Apr-2026,SKU-108,Power Module 2,Critical Components,East,Eastern Process Tech,SUP-C,Crest Global,96,74,75,54,23,24,105,105,2026-05-01,2026-05-01,Yes,Yes,49751.18,67112.37,2686563.5
2026-04-09,Apr-2026,SKU-126,Filter Cartridge 2,Consumables,East,Bengal Engineering,SUP-F,Fusion Tech,226,238,511,466,119,20,248,248,2026-04-16,2026-04-16,Yes,No,3791.37,5581.35,1766778.93
2026-07-12,Jul-2026,SKU-120,Robotic Arm Module 2,Premium Equipment,Central,Central Industrial Works,SUP-H,Horizon Parts,52,59,69,59,22,18,61,61,2026-07-24,2026-07-24,Yes,No,55480.9,76058.98,3273373.38
2026-06-29,Jun-2026,SKU-132,Coolant Module 2,Consumables,South,TechFab Systems,SUP-E,Everest Components,205,226,471,433,113,11,227,227,2026-07-05,2026-07-05,Yes,No,3760.59,4843.89,1628337.47
2026-07-11,Jul-2026,SKU-107,Power Module 1,Critical Components,Central,CoreTech Manufacturing,SUP-F,Fusion Tech,89,74,110,93,23,18,89,89,2026-07-22,2026-07-28,No,No,63348.07,85614.64,5891370.63
2026-05-02,May-2026,SKU-103,Precision Gearbox 1,Critical Components,South,TechFab Systems,SUP-D,Delta Engineering,125,105,107,81,33,17,131,131,2026-05-08,2026-05-09,No,Yes,44145.25,65577.08,3575765.42
2026-03-30,Mar-2026,SKU-131,Coolant Module 1,Consumables,South,Southern Automation,SUP-H,Horizon Parts,239,314,658,637,157,21,255,231,2026-04-06,2026-04-06,No,No,802.97,991.79,511491.76
2026-04-03,Apr-2026,SKU-125,Filter Cartridge 1,Consumables,West,Metro Automation,SUP-B,Bharat Industrial,164,155,307,276,77,14,155,155,2026-04-13,2026-04-13,Yes,No,4679.7,7220.71,1291597.12
2026-06-24,Jun-2026,SKU-119,Robotic Arm Module 1,Premium Equipment,South,Deccan Industries,SUP-H,Horizon Parts,78,67,81,66,25,15,78,78,2026-06-29,2026-06-29,Yes,No,101545.15,125480.34,6701980.18
2026-03-15,Mar-2026,SKU-119,Robotic Arm Module 1,Premium Equipment,South,TechFab Systems,SUP-C,Crest Global,38,31,56,47,11,25,49,46,2026-03-26,2026-04-01,No,No,102228.73,128971.27,4804750.11
2026-03-28,Mar-2026,SKU-123,Smart Drive 1,Premium Equipment,East,Prime Industrial,SUP-H,Horizon Parts,79,95,132,121,36,18,80,80,2026-04-02,2026-04-02,Yes,No,137488.31,169069.64,16636086.06
2026-05-12,May-2026,SKU-120,Robotic Arm Module 2,Premium Equipment,East,Prime Industrial,SUP-E,Everest Components,42,40,84,73,15,15,59,59,2026-05-18,2026-05-18,Yes,No,94067.48,117302.69,6866925.82
2026-02-09,Feb-2026,SKU-119,Robotic Arm Module 1,Premium Equipment,South,TechFab Systems,SUP-D,Delta Engineering,74,82,104,94,31,22,64,64,2026-02-20,2026-02-20,Yes,No,163615.19,241678.26,15379828.28
2026-03-06,Mar-2026,SKU-110,Bearing Assembly 2,Standard Components,East,Prime Industrial,SUP-H,Horizon Parts,210,246,345,314,68,14,215,215,2026-03-16,2026-03-16,Yes,No,6234.33,7956.26,1957578.41
2026-08-08,Aug-2026,SKU-123,Smart Drive 1,Premium Equipment,North,Horizon Machines,SUP-B,Bharat Industrial,23,27,57,50,10,17,41,41,2026-08-18,2026-08-27,No,No,93564.23,127988.21,4678211.4
2026-03-24,Mar-2026,SKU-118,CNC Control Unit 2,Premium Equipment,East,Orion Industries,SUP-D,Delta Engineering,57,59,99,86,22,16,65,65,2026-04-05,2026-04-05,Yes,No,177497.79,231774.12,15264809.71
2026-08-09,Aug-2026,SKU-114,Valve Kit 2,Standard Components,North,Delhi Industrial Systems,SUP-H,Horizon Parts,139,138,219,196,38,23,134,119,2026-08-17,2026-08-17,No,No,13062.11,16097.13,2560173.16
2026-05-06,May-2026,SKU-112,Drive Belt 2,Standard Components,West,Western Manufacturing,SUP-F,Fusion Tech,186,161,230,188,45,20,211,211,2026-05-16,2026-05-16,Yes,No,3905.61,5836.83,734255.07
2026-02-28,Feb-2026,SKU-121,Vision Inspection Unit 1,Premium Equipment,West,Metro Automation,SUP-A,Alpha Components,73,79,133,117,30,18,93,93,2026-03-09,2026-03-09,Yes,No,110336.64,140530.6,12909386.33
2026-07-31,Jul-2026,SKU-126,Filter Cartridge 2,Consumables,East,Eastern Process Tech,SUP-E,Everest Components,221,286,620,596,143,19,227,227,2026-08-11,2026-08-11,Yes,No,3553.44,4369.19,2117847.29
2026-01-14,Jan-2026,SKU-108,Power Module 2,Critical Components,North,Horizon Machines,SUP-C,Crest Global,86,68,118,101,21,30,86,86,2026-01-20,2026-01-27,No,No,49187.84,66337.41,4967972.12
2026-07-12,Jul-2026,SKU-120,Robotic Arm Module 2,Premium Equipment,East,Prime Industrial,SUP-F,Fusion Tech,39,41,36,24,15,24,60,60,2026-07-22,2026-07-22,Yes,Yes,68895.23,88125.24,1653485.64
2026-01-23,Jan-2026,SKU-129,Seal Pack 1,Consumables,West,Metro Automation,SUP-B,Bharat Industrial,247,244,504,451,122,13,265,265,2026-02-04,2026-02-04,Yes,No,5337.79,8142.23,2407341.21
2026-07-31,Jul-2026,SKU-107,Power Module 1,Critical Components,West,Gujarat Process Systems,SUP-C,Crest Global,104,82,85,65,26,35,100,100,2026-08-08,2026-08-12,No,Yes,42823.67,63202.12,2783538.32
2026-06-01,Jun-2026,SKU-116,Connector Set 2,Standard Components,East,Prime Industrial,SUP-B,Bharat Industrial,157,198,263,247,55,12,148,148,2026-06-08,2026-06-08,Yes,No,9136.56,13743.91,2256730.38
2026-08-29,Aug-2026,SKU-128,Lubrication Kit 2,Consumables,East,Bengal Engineering,SUP-F,Fusion Tech,274,328,710,675,164,19,265,265,2026-09-10,2026-09-11,No,No,3964.67,4863.03,2676153.86
2026-07-14,Jul-2026,SKU-108,Power Module 2,Critical Components,North,Delhi Industrial Systems,SUP-F,Fusion Tech,123,110,109,83,35,25,132,132,2026-07-24,2026-07-24,Yes,Yes,29437.42,39100.83,2443305.66
2026-05-21,May-2026,SKU-107,Power Module 1,Critical Components,West,Western Manufacturing,SUP-A,Alpha Components,95,100,137,119,32,14,98,98,2026-05-31,2026-06-09,No,No,41320.9,51486.9,4917187.03
2026-06-30,Jun-2026,SKU-123,Smart Drive 1,Premium Equipment,East,Prime Industrial,SUP-D,Delta Engineering,57,61,71,59,23,16,68,68,2026-07-11,2026-07-11,Yes,No,138207.39,183860.48,8154236.09
2026-04-13,Apr-2026,SKU-125,Filter Cartridge 1,Consumables,North,NorthStar Automation,SUP-C,Crest Global,192,239,513,489,119,31,207,197,2026-04-20,2026-04-24,No,No,1544.52,2187.32,755269.0
2026-07-20,Jul-2026,SKU-125,Filter Cartridge 1,Consumables,South,TechFab Systems,SUP-D,Delta Engineering,195,237,507,484,118,18,189,189,2026-07-31,2026-07-31,Yes,No,5306.83,7040.56,2568504.88
2026-08-21,Aug-2026,SKU-114,Valve Kit 2,Standard Components,South,TechFab Systems,SUP-G,Global Motion,150,145,214,184,40,17,152,152,2026-08-26,2026-08-26,Yes,No,2595.13,3527.65,477504.74
2026-08-12,Aug-2026,SKU-107,Power Module 1,Critical Components,South,TechFab Systems,SUP-E,Everest Components,72,64,55,41,20,13,75,71,2026-08-17,2026-08-17,No,Yes,36900.2,52407.44,1512908.25
2026-07-01,Jul-2026,SKU-101,Servo Controller 1,Critical Components,East,Bengal Engineering,SUP-C,Crest Global,111,85,76,54,27,24,118,114,2026-07-11,2026-07-11,No,Yes,51224.86,77585.67,2766142.31
2026-02-08,Feb-2026,SKU-132,Coolant Module 2,Consumables,North,Horizon Machines,SUP-D,Delta Engineering,362,406,804,747,203,23,358,358,2026-02-17,2026-02-17,Yes,No,1778.84,2465.97,1328796.14
2026-05-18,May-2026,SKU-105,Industrial Sensor 1,Critical Components,East,Bengal Engineering,SUP-D,Delta Engineering,81,74,75,58,23,22,85,85,2026-05-27,2026-06-04,No,Yes,18654.45,22835.12,1081958.35
2026-08-26,Aug-2026,SKU-108,Power Module 2,Critical Components,Central,CoreTech Manufacturing,SUP-B,Bharat Industrial,121,80,82,59,25,19,119,119,2026-09-05,2026-09-05,Yes,Yes,25842.36,32980.73,1524699.31
2026-08-15,Aug-2026,SKU-115,Connector Set 1,Standard Components,Central,Central Industrial Works,SUP-F,Fusion Tech,128,130,201,178,36,20,119,119,2026-08-27,2026-08-27,Yes,No,5629.28,7557.35,1002012.02
2026-07-23,Jul-2026,SKU-116,Connector Set 2,Standard Components,West,Western Manufacturing,SUP-A,Alpha Components,112,97,184,162,27,13,111,111,2026-08-01,2026-08-01,Yes,No,9254.89,13564.47,1499292.13
2026-03-11,Mar-2026,SKU-127,Lubrication Kit 1,Consumables,North,Delhi Industrial Systems,SUP-F,Fusion Tech,294,336,716,674,168,23,284,284,2026-03-19,2026-03-19,Yes,No,966.6,1276.69,651485.95
2026-05-19,May-2026,SKU-128,Lubrication Kit 2,Consumables,North,NorthStar Automation,SUP-D,Delta Engineering,245,266,551,516,133,18,238,213,2026-05-24,2026-05-24,No,No,4572.16,6666.56,2359235.56
2026-01-22,Jan-2026,SKU-124,Smart Drive 2,Premium Equipment,North,Apex Engineering,SUP-A,Alpha Components,50,55,89,79,20,19,55,55,2026-01-27,2026-01-27,Yes,No,66184.4,81500.83,5228567.98
2026-04-30,Apr-2026,SKU-111,Drive Belt 1,Standard Components,North,Apex Engineering,SUP-D,Delta Engineering,143,138,202,171,38,24,157,157,2026-05-07,2026-05-07,Yes,No,5419.69,7111.59,926766.47
2026-04-19,Apr-2026,SKU-108,Power Module 2,Critical Components,Central,Central Industrial Works,SUP-D,Delta Engineering,49,37,54,41,11,25,68,68,2026-04-27,2026-04-27,Yes,No,64212.77,96495.96,2632723.5
2026-08-24,Aug-2026,SKU-109,Bearing Assembly 1,Standard Components,North,Delhi Industrial Systems,SUP-B,Bharat Industrial,141,138,208,181,38,19,136,136,2026-08-29,2026-08-29,Yes,No,11967.87,15312.85,2166184.05
2026-06-11,Jun-2026,SKU-102,Servo Controller 2,Critical Components,North,Delhi Industrial Systems,SUP-C,Crest Global,99,78,92,75,24,31,94,89,2026-06-20,2026-06-21,No,Yes,63614.03,92136.9,4771052.47
2026-06-03,Jun-2026,SKU-123,Smart Drive 1,Premium Equipment,North,Apex Engineering,SUP-C,Crest Global,70,76,147,136,28,33,70,66,2026-06-14,2026-06-26,No,No,121982.58,168099.3,16589630.66
2026-04-24,Apr-2026,SKU-127,Lubrication Kit 1,Consumables,North,NorthStar Automation,SUP-G,Global Motion,350,377,790,728,188,20,356,356,2026-05-02,2026-05-02,Yes,No,1314.82,1618.19,957186.53
2026-03-20,Mar-2026,SKU-109,Bearing Assembly 1,Standard Components,North,Horizon Machines,SUP-A,Alpha Components,222,232,306,262,64,17,237,237,2026-03-27,2026-03-27,Yes,No,13765.95,18779.85,3606677.66
2026-04-29,Apr-2026,SKU-103,Precision Gearbox 1,Critical Components,East,Eastern Process Tech,SUP-C,Crest Global,146,122,143,116,39,26,136,136,2026-05-06,2026-05-06,Yes,Yes,52162.08,69822.2,6050801.55
2026-03-30,Mar-2026,SKU-101,Servo Controller 1,Critical Components,Central,Vindhya Engineering,SUP-A,Alpha Components,153,134,167,134,42,12,168,168,2026-04-05,2026-04-05,Yes,No,18157.86,22691.76,2433153.02
2026-03-10,Mar-2026,SKU-108,Power Module 2,Critical Components,South,Deccan Industries,SUP-A,Alpha Components,167,133,163,134,42,12,166,148,2026-03-22,2026-03-22,No,Yes,39467.08,55666.97,5288588.39
2026-05-02,May-2026,SKU-103,Precision Gearbox 1,Critical Components,South,TechFab Systems,SUP-C,Crest Global,180,151,147,106,48,32,205,205,2026-05-11,2026-05-11,Yes,Yes,19909.63,28162.78,2110420.95
2026-03-16,Mar-2026,SKU-115,Connector Set 1,Standard Components,South,Deccan Industries,SUP-B,Bharat Industrial,174,158,241,202,44,11,197,197,2026-03-26,2026-03-26,Yes,No,9926.26,12573.62,2005104.61
2026-05-31,May-2026,SKU-120,Robotic Arm Module 2,Premium Equipment,North,Apex Engineering,SUP-D,Delta Engineering,44,36,47,37,13,21,54,54,2026-06-09,2026-06-09,Yes,No,172931.21,225264.74,6398454.6
2026-06-02,Jun-2026,SKU-118,CNC Control Unit 2,Premium Equipment,Central,Narmada Systems,SUP-H,Horizon Parts,60,61,97,87,23,19,51,51,2026-06-08,2026-06-08,Yes,No,82811.53,126238.39,7204602.75
2026-03-19,Mar-2026,SKU-101,Servo Controller 1,Critical Components,North,NorthStar Automation,SUP-B,Bharat Industrial,94,78,89,71,24,23,92,92,2026-03-29,2026-03-29,Yes,Yes,27054.71,41896.82,1920884.37
2026-01-09,Jan-2026,SKU-101,Servo Controller 1,Critical Components,South,Southern Automation,SUP-D,Delta Engineering,143,122,154,127,39,22,139,139,2026-01-20,2026-01-31,No,No,26304.4,34581.49,3340658.98
2026-08-14,Aug-2026,SKU-126,Filter Cartridge 2,Consumables,North,Apex Engineering,SUP-A,Alpha Components,172,188,401,373,94,19,165,165,2026-08-22,2026-08-22,Yes,No,4304.5,5501.18,1605577.29
2026-08-24,Aug-2026,SKU-109,Bearing Assembly 1,Standard Components,East,Prime Industrial,SUP-B,Bharat Industrial,133,139,184,155,38,16,157,157,2026-08-29,2026-08-29,Yes,No,11141.45,16869.24,1726924.15
2026-08-26,Aug-2026,SKU-117,CNC Control Unit 1,Premium Equipment,South,Deccan Industries,SUP-E,Everest Components,35,27,38,31,10,20,39,39,2026-09-04,2026-09-04,Yes,No,66014.07,88509.28,2046436.28
2026-07-08,Jul-2026,SKU-114,Valve Kit 2,Standard Components,Central,CoreTech Manufacturing,SUP-H,Horizon Parts,173,159,268,235,44,13,168,168,2026-07-19,2026-07-19,Yes,No,6155.28,9187.35,1446490.49
2026-06-25,Jun-2026,SKU-112,Drive Belt 2,Standard Components,South,Deccan Industries,SUP-G,Global Motion,193,163,244,204,45,16,208,204,2026-07-04,2026-07-14,No,No,12664.55,17584.86,2583568.72
2026-08-09,Aug-2026,SKU-118,CNC Control Unit 2,Premium Equipment,West,Vertex Engineering,SUP-H,Horizon Parts,46,46,75,66,17,18,49,49,2026-08-14,2026-08-14,Yes,No,92913.51,143814.24,6132291.54
2026-02-11,Feb-2026,SKU-109,Bearing Assembly 1,Standard Components,North,Horizon Machines,SUP-D,Delta Engineering,162,177,268,236,49,19,187,187,2026-02-17,2026-02-17,Yes,No,9827.78,14426.19,2319355.95
2026-02-15,Feb-2026,SKU-123,Smart Drive 1,Premium Equipment,South,Southern Automation,SUP-A,Alpha Components,77,74,129,115,28,15,72,72,2026-02-21,2026-02-21,Yes,No,123337.75,156445.06,14183840.95
2026-03-09,Mar-2026,SKU-101,Servo Controller 1,Critical Components,West,Metro Automation,SUP-C,Crest Global,127,129,114,86,41,27,149,144,2026-03-18,2026-03-25,No,Yes,43231.5,53003.31,3717908.66
2026-08-09,Aug-2026,SKU-107,Power Module 1,Critical Components,West,Western Manufacturing,SUP-B,Bharat Industrial,128,134,169,144,42,16,135,135,2026-08-16,2026-08-16,Yes,No,19377.46,29722.12,2790353.82
2026-04-23,Apr-2026,SKU-101,Servo Controller 1,Critical Components,West,Gujarat Process Systems,SUP-C,Crest Global,153,147,143,114,47,29,146,146,2026-04-28,2026-05-02,No,Yes,22936.62,34888.86,2614775.24
2026-01-17,Jan-2026,SKU-106,Industrial Sensor 2,Critical Components,North,Horizon Machines,SUP-A,Alpha Components,134,116,109,85,37,23,130,122,2026-01-23,2026-01-23,No,Yes,39931.83,50099.98,3394205.91
2026-06-15,Jun-2026,SKU-125,Filter Cartridge 1,Consumables,Central,Vindhya Engineering,SUP-F,Fusion Tech,200,185,381,337,92,21,222,222,2026-06-24,2026-06-24,Yes,No,2513.9,3074.77,847182.72
2026-02-04,Feb-2026,SKU-105,Industrial Sensor 1,Critical Components,North,NorthStar Automation,SUP-C,Crest Global,109,99,120,94,31,31,134,131,2026-02-16,2026-02-17,No,No,40168.67,52010.81,3775855.09
2026-02-02,Feb-2026,SKU-127,Lubrication Kit 1,Consumables,North,Apex Engineering,SUP-B,Bharat Industrial,244,231,474,423,115,20,258,258,2026-02-14,2026-02-14,Yes,No,989.5,1493.98,418556.97
2026-05-28,May-2026,SKU-107,Power Module 1,Critical Components,Central,Central Industrial Works,SUP-B,Bharat Industrial,116,101,82,57,32,17,128,128,2026-06-02,2026-06-02,Yes,Yes,48612.6,61472.31,2770918.01
2026-08-17,Aug-2026,SKU-126,Filter Cartridge 2,Consumables,Central,Vindhya Engineering,SUP-B,Bharat Industrial,190,209,437,403,104,22,204,204,2026-08-29,2026-08-29,Yes,No,4006.53,5359.32,1614631.28
2026-04-26,Apr-2026,SKU-108,Power Module 2,Critical Components,South,TechFab Systems,SUP-E,Everest Components,175,133,145,112,42,17,172,169,2026-05-03,2026-05-03,No,Yes,18207.36,28096.58,2039223.82
2026-08-01,Aug-2026,SKU-117,CNC Control Unit 1,Premium Equipment,Central,Vindhya Engineering,SUP-E,Everest Components,62,52,52,39,19,15,66,66,2026-08-10,2026-08-10,Yes,Yes,57948.14,72745.49,2259977.31
2026-04-23,Apr-2026,SKU-105,Industrial Sensor 1,Critical Components,West,Vertex Engineering,SUP-G,Global Motion,132,115,111,83,36,21,145,140,2026-05-04,2026-05-04,No,Yes,37001.15,52644.25,3071095.8
2026-03-30,Mar-2026,SKU-115,Connector Set 1,Standard Components,South,Deccan Industries,SUP-B,Bharat Industrial,185,185,286,245,51,21,206,206,2026-04-06,2026-04-06,Yes,No,9229.89,12235.32,2261322.99
2026-03-09,Mar-2026,SKU-122,Vision Inspection Unit 2,Premium Equipment,South,Deccan Industries,SUP-C,Crest Global,56,55,90,80,20,23,52,52,2026-03-19,2026-03-27,No,No,87449.67,133783.4,6995973.32
2026-01-16,Jan-2026,SKU-130,Seal Pack 2,Consumables,North,NorthStar Automation,SUP-A,Alpha Components,275,344,734,701,172,14,282,282,2026-01-28,2026-01-28,Yes,No,2965.26,3677.44,2078643.79
2026-05-13,May-2026,SKU-130,Seal Pack 2,Consumables,North,NorthStar Automation,SUP-E,Everest Components,241,227,474,428,113,26,234,234,2026-05-25,2026-05-25,Yes,No,4976.74,6558.58,2130043.09
2026-01-23,Jan-2026,SKU-120,Robotic Arm Module 2,Premium Equipment,East,Orion Industries,SUP-H,Horizon Parts,51,45,79,68,17,18,57,57,2026-02-03,2026-02-03,Yes,No,111358.53,166502.03,7572380.13
2026-01-16,Jan-2026,SKU-129,Seal Pack 1,Consumables,South,TechFab Systems,SUP-C,Crest Global,297,324,689,636,162,25,317,311,2026-01-24,2026-01-28,No,No,2762.57,3496.48,1756997.13
2026-06-08,Jun-2026,SKU-109,Bearing Assembly 1,Standard Components,North,NorthStar Automation,SUP-H,Horizon Parts,139,128,177,147,35,20,162,152,2026-06-19,2026-06-19,No,No,3161.65,4102.72,464761.87
2026-01-06,Jan-2026,SKU-123,Smart Drive 1,Premium Equipment,West,Gujarat Process Systems,SUP-H,Horizon Parts,59,66,122,109,25,23,77,77,2026-01-15,2026-01-15,Yes,No,147233.33,182431.68,16048433.0
2026-05-06,May-2026,SKU-130,Seal Pack 2,Consumables,East,Orion Industries,SUP-F,Fusion Tech,240,290,623,593,145,25,231,231,2026-05-15,2026-05-15,Yes,No,4735.28,6488.73,2808020.3
2026-02-26,Feb-2026,SKU-112,Drive Belt 2,Standard Components,North,Delhi Industrial Systems,SUP-C,Crest Global,194,189,289,251,52,35,207,194,2026-03-04,2026-03-06,No,No,3157.87,4418.66,792625.6
2026-02-03,Feb-2026,SKU-119,Robotic Arm Module 1,Premium Equipment,South,Kaveri Engineering,SUP-D,Delta Engineering,66,66,113,102,25,22,56,56,2026-02-10,2026-02-10,Yes,No,179362.73,265861.38,18294998.02
2026-01-08,Jan-2026,SKU-107,Power Module 1,Critical Components,Central,CoreTech Manufacturing,SUP-B,Bharat Industrial,89,83,98,84,26,20,80,74,2026-01-13,2026-01-15,No,No,36802.92,49058.4,3091445.22
2026-01-07,Jan-2026,SKU-103,Precision Gearbox 1,Critical Components,South,Southern Automation,SUP-C,Crest Global,88,81,101,83,25,26,92,90,2026-01-19,2026-01-19,No,No,31095.94,37991.74,2580963.16
2026-03-02,Mar-2026,SKU-103,Precision Gearbox 1,Critical Components,West,Vertex Engineering,SUP-C,Crest Global,133,125,97,66,40,26,158,158,2026-03-10,2026-03-14,No,Yes,23979.37,33535.22,1582638.18
2026-01-27,Jan-2026,SKU-111,Drive Belt 1,Standard Components,Central,Central Industrial Works,SUP-G,Global Motion,177,207,327,299,57,17,194,194,2026-02-07,2026-02-07,Yes,No,9927.64,12656.23,2968364.07
2026-06-18,Jun-2026,SKU-120,Robotic Arm Module 2,Premium Equipment,South,Southern Automation,SUP-H,Horizon Parts,54,64,95,90,24,17,44,44,2026-06-29,2026-06-29,Yes,No,179214.66,268703.87,16129319.72
2026-01-10,Jan-2026,SKU-111,Drive Belt 1,Standard Components,North,Apex Engineering,SUP-B,Bharat Industrial,101,91,135,117,25,20,95,92,2026-01-19,2026-01-23,No,No,5714.17,8073.99,668557.6
2026-02-18,Feb-2026,SKU-111,Drive Belt 1,Standard Components,South,Southern Automation,SUP-D,Delta Engineering,175,177,268,235,49,21,167,167,2026-02-28,2026-03-06,No,No,13694.39,17729.58,3218182.25
2026-04-01,Apr-2026,SKU-119,Robotic Arm Module 1,Premium Equipment,South,Deccan Industries,SUP-D,Delta Engineering,71,62,60,45,23,22,79,79,2026-04-09,2026-04-09,Yes,Yes,164393.38,213921.1,7397702.05
2026-08-28,Aug-2026,SKU-111,Drive Belt 1,Standard Components,East,Bengal Engineering,SUP-A,Alpha Components,147,143,191,161,40,11,151,151,2026-09-06,2026-09-06,Yes,No,12616.59,18520.5,2031271.63
2026-04-15,Apr-2026,SKU-121,Vision Inspection Unit 1,Premium Equipment,Central,Vindhya Engineering,SUP-A,Alpha Components,68,72,110,94,27,14,88,88,2026-04-25,2026-04-25,Yes,No,77781.54,101777.66,7311465.05
2026-01-28,Jan-2026,SKU-114,Valve Kit 2,Standard Components,Central,CoreTech Manufacturing,SUP-B,Bharat Industrial,149,143,214,185,40,13,145,145,2026-02-05,2026-02-05,Yes,No,7370.85,9360.08,1363607.3
2026-08-11,Aug-2026,SKU-126,Filter Cartridge 2,Consumables,South,Deccan Industries,SUP-C,Crest Global,172,144,311,276,72,24,176,176,2026-08-18,2026-08-18,Yes,No,1445.91,1793.16,399072.35
2026-02-16,Feb-2026,SKU-107,Power Module 1,Critical Components,North,Delhi Industrial Systems,SUP-G,Global Motion,106,99,136,116,31,20,102,102,2026-02-22,2026-02-22,Yes,No,49310.95,69781.02,5720069.98
2026-06-17,Jun-2026,SKU-109,Bearing Assembly 1,Standard Components,South,Southern Automation,SUP-F,Fusion Tech,155,141,240,205,39,26,177,177,2026-06-26,2026-06-26,Yes,No,10554.74,13504.89,2163721.23
2026-08-30,Aug-2026,SKU-101,Servo Controller 1,Critical Components,South,Kaveri Engineering,SUP-C,Crest Global,67,61,53,40,19,27,70,67,2026-09-10,2026-09-10,No,Yes,34824.52,50718.98,1392980.67
2026-06-24,Jun-2026,SKU-119,Robotic Arm Module 1,Premium Equipment,Central,CoreTech Manufacturing,SUP-A,Alpha Components,63,58,87,70,22,10,86,86,2026-07-01,2026-07-07,No,No,114728.24,146476.69,8030976.98
2026-07-13,Jul-2026,SKU-118,CNC Control Unit 2,Premium Equipment,South,Southern Automation,SUP-C,Crest Global,35,42,41,35,15,29,45,40,2026-07-24,2026-07-24,No,No,98795.38,137916.73,3457838.39
2026-04-05,Apr-2026,SKU-126,Filter Cartridge 2,Consumables,North,Horizon Machines,SUP-H,Horizon Parts,269,319,660,625,159,18,259,259,2026-04-12,2026-04-12,Yes,No,3494.97,4948.97,2184355.67
2026-07-25,Jul-2026,SKU-101,Servo Controller 1,Critical Components,East,Prime Industrial,SUP-C,Crest Global,117,88,109,85,28,29,123,121,2026-07-30,2026-08-05,No,Yes,38224.5,47130.11,3249082.75
2026-07-07,Jul-2026,SKU-115,Connector Set 1,Standard Components,East,Eastern Process Tech,SUP-B,Bharat Industrial,134,128,157,130,35,18,135,135,2026-07-16,2026-07-16,Yes,No,13420.83,19450.72,1744708.37
2026-04-22,Apr-2026,SKU-102,Servo Controller 2,Critical Components,Central,Vindhya Engineering,SUP-C,Crest Global,110,85,100,78,27,26,126,111,2026-05-03,2026-05-10,No,Yes,31224.87,38246.07,2435539.79
2026-03-29,Mar-2026,SKU-115,Connector Set 1,Standard Components,East,Bengal Engineering,SUP-E,Everest Components,145,153,223,196,42,15,149,149,2026-04-06,2026-04-10,No,No,3818.66,4985.12,748457.6
2026-07-06,Jul-2026,SKU-106,Industrial Sensor 2,Critical Components,Central,CoreTech Manufacturing,SUP-B,Bharat Industrial,112,101,142,118,32,14,120,120,2026-07-14,2026-07-14,Yes,No,39804.33,61053.37,4696911.48
2026-08-21,Aug-2026,SKU-103,Precision Gearbox 1,Critical Components,South,Southern Automation,SUP-F,Fusion Tech,87,71,69,50,22,26,104,97,2026-08-31,2026-08-31,No,Yes,43872.51,62496.77,2193625.68
2026-05-29,May-2026,SKU-113,Valve Kit 1,Standard Components,North,Delhi Industrial Systems,SUP-A,Alpha Components,191,178,270,233,49,19,185,185,2026-06-05,2026-06-05,Yes,No,11480.41,15478.78,2674934.4
2026-03-11,Mar-2026,SKU-129,Seal Pack 1,Consumables,East,Eastern Process Tech,SUP-C,Crest Global,219,253,522,492,126,22,233,208,2026-03-16,2026-03-16,No,No,4118.66,5110.69,2026380.58
2026-01-08,Jan-2026,SKU-101,Servo Controller 1,Critical Components,East,Bengal Engineering,SUP-C,Crest Global,85,89,100,84,28,19,86,86,2026-01-17,2026-01-17,Yes,No,54670.8,80788.91,4592347.53
2026-05-07,May-2026,SKU-105,Industrial Sensor 1,Critical Components,South,Kaveri Engineering,SUP-A,Alpha Components,85,74,83,66,23,14,89,89,2026-05-16,2026-05-16,Yes,Yes,39480.71,54047.23,2605727.0
2026-06-20,Jun-2026,SKU-123,Smart Drive 1,Premium Equipment,Central,CoreTech Manufacturing,SUP-G,Global Motion,60,56,61,46,21,22,75,75,2026-06-26,2026-06-26,Yes,No,119933.4,175865.52,5516936.49
2026-05-31,May-2026,SKU-103,Precision Gearbox 1,Critical Components,Central,Vindhya Engineering,SUP-C,Crest Global,129,107,111,81,34,27,152,152,2026-06-05,2026-06-16,No,Yes,57539.11,77096.8,4660667.86
2026-07-16,Jul-2026,SKU-128,Lubrication Kit 2,Consumables,North,Apex Engineering,SUP-D,Delta Engineering,199,190,384,344,95,25,202,202,2026-07-28,2026-07-28,Yes,No,4093.96,6193.87,1408323.03
2026-02-04,Feb-2026,SKU-109,Bearing Assembly 1,Standard Components,North,Delhi Industrial Systems,SUP-G,Global Motion,112,126,164,148,35,23,103,103,2026-02-16,2026-02-16,Yes,No,6284.61,8907.01,930122.8
2026-08-04,Aug-2026,SKU-103,Precision Gearbox 1,Critical Components,South,Southern Automation,SUP-D,Delta Engineering,113,115,143,116,36,21,135,135,2026-08-15,2026-08-15,Yes,No,57660.23,86402.01,6688586.34
2026-06-17,Jun-2026,SKU-120,Robotic Arm Module 2,Premium Equipment,East,Bengal Engineering,SUP-B,Bharat Industrial,55,52,58,49,19,15,49,49,2026-06-28,2026-06-28,Yes,No,80741.59,118822.32,3956338.06
2026-04-17,Apr-2026,SKU-111,Drive Belt 1,Standard Components,East,Eastern Process Tech,SUP-H,Horizon Parts,201,242,328,297,67,13,223,223,2026-04-23,2026-04-23,Yes,No,8669.84,11017.57,2574942.34
2026-07-03,Jul-2026,SKU-121,Vision Inspection Unit 1,Premium Equipment,Central,Vindhya Engineering,SUP-D,Delta Engineering,41,42,62,51,15,20,58,58,2026-07-12,2026-07-12,Yes,No,74716.88,108302.16,3810561.09
2026-05-22,May-2026,SKU-116,Connector Set 2,Standard Components,Central,Central Industrial Works,SUP-D,Delta Engineering,201,195,276,238,54,24,192,192,2026-06-01,2026-06-01,Yes,No,7313.29,9355.73,1740562.57
2026-06-11,Jun-2026,SKU-122,Vision Inspection Unit 2,Premium Equipment,West,Metro Automation,SUP-D,Delta Engineering,66,66,93,79,25,18,73,73,2026-06-20,2026-06-20,Yes,No,73337.26,105887.07,5793643.6
2026-07-13,Jul-2026,SKU-105,Industrial Sensor 1,Critical Components,East,Eastern Process Tech,SUP-C,Crest Global,51,43,57,46,13,24,58,55,2026-07-23,2026-08-01,No,No,45255.22,60880.61,2081740.26
2026-08-10,Aug-2026,SKU-117,CNC Control Unit 1,Premium Equipment,Central,Vindhya Engineering,SUP-B,Bharat Industrial,47,50,78,66,19,17,67,67,2026-08-17,2026-08-17,Yes,No,60990.51,87070.32,4025373.79
2026-01-13,Jan-2026,SKU-105,Industrial Sensor 1,Critical Components,South,Kaveri Engineering,SUP-B,Bharat Industrial,142,154,155,129,49,13,150,150,2026-01-23,2026-01-23,Yes,No,19418.96,27919.12,2505046.33
2026-04-01,Apr-2026,SKU-112,Drive Belt 2,Standard Components,West,Metro Automation,SUP-E,Everest Components,210,223,319,282,62,24,207,207,2026-04-12,2026-04-12,Yes,No,7930.85,9762.25,2236499.8
2026-02-08,Feb-2026,SKU-102,Servo Controller 2,Critical Components,South,Deccan Industries,SUP-C,Crest Global,89,63,66,47,20,30,95,95,2026-02-16,2026-02-16,Yes,Yes,45958.52,71210.22,2160050.41
2026-06-28,Jun-2026,SKU-132,Coolant Module 2,Consumables,Central,Central Industrial Works,SUP-C,Crest Global,301,329,647,596,164,29,300,300,2026-07-08,2026-07-08,Yes,No,1534.19,1984.52,914375.74
2026-04-08,Apr-2026,SKU-116,Connector Set 2,Standard Components,North,Horizon Machines,SUP-H,Horizon Parts,125,140,185,162,39,21,143,143,2026-04-17,2026-04-17,Yes,No,12211.31,16315.98,1978232.06
2026-03-02,Mar-2026,SKU-128,Lubrication Kit 2,Consumables,South,Deccan Industries,SUP-H,Horizon Parts,263,230,486,433,115,17,268,268,2026-03-11,2026-03-11,Yes,No,4909.11,6912.44,2125643.78
2026-05-12,May-2026,SKU-116,Connector Set 2,Standard Components,East,Orion Industries,SUP-G,Global Motion,63,77,106,99,21,21,55,55,2026-05-24,2026-05-24,Yes,No,8582.81,11527.01,849697.73
2026-03-25,Mar-2026,SKU-132,Coolant Module 2,Consumables,Central,Vindhya Engineering,SUP-C,Crest Global,245,192,425,376,96,28,246,246,2026-04-05,2026-04-05,Yes,No,5342.54,8190.37,2008795.95
2026-05-30,May-2026,SKU-127,Lubrication Kit 1,Consumables,North,Horizon Machines,SUP-G,Global Motion,184,179,357,316,89,24,209,209,2026-06-09,2026-06-09,Yes,No,3219.41,4682.11,1017333.26
2026-04-30,Apr-2026,SKU-112,Drive Belt 2,Standard Components,South,Kaveri Engineering,SUP-A,Alpha Components,168,182,258,228,50,15,174,174,2026-05-08,2026-05-08,Yes,No,8570.62,10695.54,1954101.88
2026-02-06,Feb-2026,SKU-126,Filter Cartridge 2,Consumables,North,Apex Engineering,SUP-B,Bharat Industrial,231,258,537,502,129,26,230,222,2026-02-12,2026-02-17,No,No,4892.36,7149.01,2455965.43
2026-05-29,May-2026,SKU-105,Industrial Sensor 1,Critical Components,North,Apex Engineering,SUP-A,Alpha Components,85,71,114,98,22,17,83,83,2026-06-09,2026-06-09,Yes,No,57142.69,87436.39,5599983.9
2026-02-08,Feb-2026,SKU-119,Robotic Arm Module 1,Premium Equipment,Central,CoreTech Manufacturing,SUP-C,Crest Global,66,67,114,98,25,25,87,81,2026-02-14,2026-02-14,No,No,105084.85,147913.97,10298314.93
2026-08-04,Aug-2026,SKU-103,Precision Gearbox 1,Critical Components,West,Vertex Engineering,SUP-C,Crest Global,104,90,98,80,28,24,94,94,2026-08-15,2026-08-15,Yes,Yes,62013.02,91161.6,4961041.83
2026-06-20,Jun-2026,SKU-119,Robotic Arm Module 1,Premium Equipment,West,Western Manufacturing,SUP-E,Everest Components,56,71,108,102,26,15,56,56,2026-06-26,2026-06-26,Yes,No,161302.53,199547.98,16452857.86
2026-05-10,May-2026,SKU-132,Coolant Module 2,Consumables,North,Delhi Industrial Systems,SUP-B,Bharat Industrial,112,121,261,244,60,22,104,104,2026-05-20,2026-06-01,No,No,1731.9,2389.69,422582.87
2026-02-27,Feb-2026,SKU-130,Seal Pack 2,Consumables,North,Horizon Machines,SUP-C,Crest Global,277,238,535,477,119,27,302,294,2026-03-11,2026-03-11,No,No,1404.75,1818.33,670067.06
2026-01-21,Jan-2026,SKU-101,Servo Controller 1,Critical Components,West,Metro Automation,SUP-C,Crest Global,150,141,160,133,45,30,142,136,2026-01-31,2026-01-31,No,No,50668.6,67619.64,6738923.32
2026-03-14,Mar-2026,SKU-123,Smart Drive 1,Premium Equipment,South,TechFab Systems,SUP-A,Alpha Components,57,55,60,47,20,16,69,69,2026-03-20,2026-03-20,Yes,No,159395.98,232246.85,7491610.91
2026-06-12,Jun-2026,SKU-126,Filter Cartridge 2,Consumables,West,Gujarat Process Systems,SUP-B,Bharat Industrial,241,256,538,497,128,14,234,234,2026-06-20,2026-06-20,Yes,No,2265.26,3166.97,1125836.06
2026-01-09,Jan-2026,SKU-116,Connector Set 2,Standard Components,East,Bengal Engineering,SUP-C,Crest Global,201,215,283,246,60,25,216,209,2026-01-14,2026-01-14,No,No,11938.83,15663.4,2936951.9
2026-07-01,Jul-2026,SKU-102,Servo Controller 2,Critical Components,West,Western Manufacturing,SUP-B,Bharat Industrial,95,94,145,124,30,13,109,109,2026-07-12,2026-07-12,Yes,No,27712.39,35017.65,3436336.37
2026-01-19,Jan-2026,SKU-113,Valve Kit 1,Standard Components,East,Prime Industrial,SUP-E,Everest Components,165,169,217,182,47,22,182,182,2026-01-31,2026-02-01,No,No,2971.8,4311.39,540867.99
2026-01-28,Jan-2026,SKU-119,Robotic Arm Module 1,Premium Equipment,Central,Central Industrial Works,SUP-B,Bharat Industrial,65,79,136,128,30,19,61,61,2026-02-06,2026-02-06,Yes,No,155042.81,222825.37,19845479.93
2026-02-02,Feb-2026,SKU-126,Filter Cartridge 2,Consumables,North,NorthStar Automation,SUP-C,Crest Global,259,301,617,576,150,25,279,279,2026-02-11,2026-02-11,Yes,No,4512.81,6791.64,2599377.91
2026-06-27,Jun-2026,SKU-109,Bearing Assembly 1,Standard Components,Central,Vindhya Engineering,SUP-B,Bharat Industrial,149,151,220,188,42,17,160,160,2026-07-06,2026-07-06,Yes,No,11744.92,15907.99,2208045.84
2026-03-09,Mar-2026,SKU-121,Vision Inspection Unit 1,Premium Equipment,West,Metro Automation,SUP-A,Alpha Components,39,48,88,79,18,17,63,63,2026-03-16,2026-03-16,Yes,No,55742.21,77514.5,4403634.39
2026-01-17,Jan-2026,SKU-122,Vision Inspection Unit 2,Premium Equipment,Central,Central Industrial Works,SUP-G,Global Motion,57,63,132,120,23,19,70,70,2026-01-23,2026-01-23,Yes,No,132980.54,162716.74,15957664.61
2026-03-01,Mar-2026,SKU-103,Precision Gearbox 1,Critical Components,East,Bengal Engineering,SUP-A,Alpha Components,119,83,96,71,26,17,125,125,2026-03-09,2026-03-09,Yes,Yes,39623.2,51364.25,2813247.04
2026-02-02,Feb-2026,SKU-112,Drive Belt 2,Standard Components,Central,Central Industrial Works,SUP-A,Alpha Components,139,124,187,156,34,21,158,158,2026-02-14,2026-02-14,Yes,No,5464.58,8383.21,852474.51
2026-01-16,Jan-2026,SKU-121,Vision Inspection Unit 1,Premium Equipment,South,TechFab Systems,SUP-E,Everest Components,64,61,106,89,23,20,89,89,2026-01-27,2026-01-27,Yes,No,165789.38,243957.31,14755254.64
2026-04-16,Apr-2026,SKU-126,Filter Cartridge 2,Consumables,North,Delhi Industrial Systems,SUP-F,Fusion Tech,278,331,694,653,165,22,292,292,2026-04-27,2026-04-27,Yes,No,943.27,1154.06,615956.48
2026-04-29,Apr-2026,SKU-110,Bearing Assembly 2,Standard Components,West,Metro Automation,SUP-A,Alpha Components,199,215,306,269,60,18,212,212,2026-05-09,2026-05-09,Yes,No,3280.29,5031.55,882398.76
2026-04-23,Apr-2026,SKU-132,Coolant Module 2,Consumables,West,Vertex Engineering,SUP-G,Global Motion,300,338,701,653,169,16,301,301,2026-04-29,2026-04-29,Yes,No,1066.09,1432.69,696155.27
2026-03-13,Mar-2026,SKU-124,Smart Drive 2,Premium Equipment,North,Horizon Machines,SUP-H,Horizon Parts,52,49,80,65,18,15,75,75,2026-03-24,2026-03-24,Yes,No,144813.11,197205.93,9412851.9
2026-04-14,Apr-2026,SKU-108,Power Module 2,Critical Components,East,Bengal Engineering,SUP-G,Global Motion,116,85,72,46,27,16,131,131,2026-04-19,2026-04-19,Yes,Yes,40029.25,58004.04,1841345.44
2026-08-09,Aug-2026,SKU-131,Coolant Module 1,Consumables,West,Western Manufacturing,SUP-E,Everest Components,203,221,443,409,110,14,203,203,2026-08-19,2026-08-19,Yes,No,4043.96,5739.27,1653977.67
2026-05-07,May-2026,SKU-114,Valve Kit 2,Standard Components,West,Gujarat Process Systems,SUP-D,Delta Engineering,111,100,148,124,28,19,136,124,2026-05-14,2026-05-14,No,No,12801.35,18125.87,1587367.34
2026-02-21,Feb-2026,SKU-117,CNC Control Unit 1,Premium Equipment,North,NorthStar Automation,SUP-D,Delta Engineering,46,39,83,74,14,23,45,45,2026-03-01,2026-03-01,Yes,No,141092.48,191840.95,10440843.55
2026-02-22,Feb-2026,SKU-115,Connector Set 1,Standard Components,West,Gujarat Process Systems,SUP-E,Everest Components,168,181,286,252,50,15,191,191,2026-02-27,2026-02-27,Yes,No,11928.6,15610.73,3006007.28
2026-04-02,Apr-2026,SKU-109,Bearing Assembly 1,Standard Components,Central,Central Industrial Works,SUP-H,Horizon Parts,158,179,251,226,50,17,183,163,2026-04-07,2026-04-07,No,No,5769.98,7390.31,1304015.27
2026-07-18,Jul-2026,SKU-128,Lubrication Kit 2,Consumables,Central,Vindhya Engineering,SUP-C,Crest Global,158,171,404,376,85,28,174,163,2026-07-23,2026-07-30,No,No,4572.48,5583.63,1719251.93
2026-05-27,May-2026,SKU-124,Smart Drive 2,Premium Equipment,North,NorthStar Automation,SUP-A,Alpha Components,53,57,61,50,21,14,61,61,2026-06-01,2026-06-01,Yes,No,61705.72,80784.02,3085285.91
2026-06-26,Jun-2026,SKU-128,Lubrication Kit 2,Consumables,East,Orion Industries,SUP-C,Crest Global,177,200,453,426,100,22,194,171,2026-07-01,2026-07-01,No,No,2477.1,3714.4,1055245.38
2026-07-31,Jul-2026,SKU-126,Filter Cartridge 2,Consumables,Central,CoreTech Manufacturing,SUP-G,Global Motion,201,197,418,374,98,16,222,222,2026-08-08,2026-08-08,Yes,No,3482.44,4805.26,1302434.3
2026-06-01,Jun-2026,SKU-118,CNC Control Unit 2,Premium Equipment,West,Western Manufacturing,SUP-E,Everest Components,42,37,68,58,14,13,52,52,2026-06-06,2026-06-06,Yes,No,80942.14,119452.44,4694644.3
2026-04-26,Apr-2026,SKU-119,Robotic Arm Module 1,Premium Equipment,North,Delhi Industrial Systems,SUP-D,Delta Engineering,70,69,112,93,26,20,95,95,2026-05-02,2026-05-02,Yes,No,91039.58,117917.46,8466680.96
2026-01-09,Jan-2026,SKU-101,Servo Controller 1,Critical Components,West,Gujarat Process Systems,SUP-E,Everest Components,77,71,69,54,22,18,79,78,2026-01-18,2026-01-23,No,Yes,26113.37,38020.91,1410122.24
2026-07-15,Jul-2026,SKU-132,Coolant Module 2,Consumables,North,Delhi Industrial Systems,SUP-C,Crest Global,230,280,581,551,140,26,254,232,2026-07-26,2026-07-26,No,No,4080.17,5321.71,2248172.01
2026-06-18,Jun-2026,SKU-124,Smart Drive 2,Premium Equipment,South,Kaveri Engineering,SUP-E,Everest Components,40,45,87,77,17,15,58,58,2026-06-29,2026-06-29,Yes,No,55463.41,84473.47,4270682.8
2026-02-13,Feb-2026,SKU-113,Valve Kit 1,Standard Components,South,Deccan Industries,SUP-A,Alpha Components,179,172,231,193,48,18,193,193,2026-02-18,2026-02-18,Yes,No,12859.99,17413.66,2481977.34
2026-03-17,Mar-2026,SKU-122,Vision Inspection Unit 2,Premium Equipment,East,Prime Industrial,SUP-F,Fusion Tech,51,60,78,71,22,23,52,52,2026-03-28,2026-03-28,Yes,No,110801.35,164769.07,7866896.11
2026-07-30,Jul-2026,SKU-109,Bearing Assembly 1,Standard Components,South,Deccan Industries,SUP-F,Fusion Tech,182,191,282,250,53,20,183,179,2026-08-08,2026-08-08,No,No,9533.66,14153.22,2383414.24
2026-08-06,Aug-2026,SKU-113,Valve Kit 1,Standard Components,North,NorthStar Automation,SUP-G,Global Motion,209,213,272,233,59,22,203,203,2026-08-14,2026-08-14,Yes,No,9655.43,14699.24,2249714.23
2026-05-16,May-2026,SKU-127,Lubrication Kit 1,Consumables,North,Apex Engineering,SUP-F,Fusion Tech,231,215,436,391,107,23,225,225,2026-05-21,2026-05-21,Yes,No,3602.97,5427.67,1408761.36
2026-08-28,Aug-2026,SKU-132,Coolant Module 2,Consumables,North,Horizon Machines,SUP-F,Fusion Tech,259,277,592,542,138,26,282,282,2026-09-07,2026-09-15,No,No,4049.12,5339.66,2194621.7
2026-05-15,May-2026,SKU-101,Servo Controller 1,Critical Components,East,Prime Industrial,SUP-E,Everest Components,149,121,91,57,38,14,174,174,2026-05-26,2026-05-26,Yes,Yes,51709.67,77703.22,2947451.3
2026-07-29,Jul-2026,SKU-115,Connector Set 1,Standard Components,Central,CoreTech Manufacturing,SUP-C,Crest Global,137,148,208,187,41,27,139,124,2026-08-06,2026-08-06,No,No,10147.36,13921.07,1897556.47
2026-06-10,Jun-2026,SKU-124,Smart Drive 2,Premium Equipment,Central,Central Industrial Works,SUP-E,Everest Components,81,89,72,54,33,16,104,104,2026-06-18,2026-06-18,Yes,Yes,159887.38,228904.05,8633918.67
2026-08-16,Aug-2026,SKU-126,Filter Cartridge 2,Consumables,West,Vertex Engineering,SUP-B,Bharat Industrial,175,183,372,336,91,16,192,192,2026-08-26,2026-08-26,Yes,No,2958.46,4428.08,994042.26
2026-03-20,Mar-2026,SKU-114,Valve Kit 2,Standard Components,North,NorthStar Automation,SUP-D,Delta Engineering,168,149,236,200,41,22,181,181,2026-03-26,2026-03-26,Yes,No,5891.36,7890.88,1178272.41
2026-04-02,Apr-2026,SKU-120,Robotic Arm Module 2,Premium Equipment,South,Deccan Industries,SUP-G,Global Motion,69,66,103,86,25,17,89,89,2026-04-07,2026-04-10,No,No,126651.11,188474.83,10891995.26
2026-07-19,Jul-2026,SKU-128,Lubrication Kit 2,Consumables,South,TechFab Systems,SUP-H,Horizon Parts,307,357,770,721,178,17,325,325,2026-07-28,2026-07-28,Yes,No,1751.87,2440.69,1263096.62
2026-08-02,Aug-2026,SKU-103,Precision Gearbox 1,Critical Components,West,Gujarat Process Systems,SUP-C,Crest Global,132,121,153,122,38,25,157,157,2026-08-12,2026-08-12,Yes,No,46600.65,65309.71,5685279.48
2026-05-14,May-2026,SKU-117,CNC Control Unit 1,Premium Equipment,East,Prime Industrial,SUP-G,Global Motion,60,61,96,80,23,19,80,80,2026-05-21,2026-05-21,Yes,No,69314.54,99841.15,5545162.95
2026-01-12,Jan-2026,SKU-122,Vision Inspection Unit 2,Premium Equipment,West,Western Manufacturing,SUP-C,Crest Global,72,66,93,80,25,22,68,68,2026-01-19,2026-01-20,No,No,169426.05,249215.6,13554083.76
2026-06-06,Jun-2026,SKU-103,Precision Gearbox 1,Critical Components,Central,Central Industrial Works,SUP-C,Crest Global,134,127,155,126,40,29,148,148,2026-06-14,2026-06-14,Yes,No,60548.59,79939.28,7629121.9
2026-08-23,Aug-2026,SKU-130,Seal Pack 2,Consumables,Central,Vindhya Engineering,SUP-F,Fusion Tech,253,282,598,552,141,16,276,276,2026-08-31,2026-09-04,No,No,3088.14,4008.16,1704653.52
2026-01-30,Jan-2026,SKU-111,Drive Belt 1,Standard Components,West,Gujarat Process Systems,SUP-B,Bharat Industrial,155,170,252,224,47,23,165,165,2026-02-04,2026-02-04,Yes,No,8535.17,12494.81,1911878.64
2026-05-17,May-2026,SKU-118,CNC Control Unit 2,Premium Equipment,West,Vertex Engineering,SUP-E,Everest Components,70,72,109,97,27,14,64,64,2026-05-26,2026-05-26,Yes,No,142695.09,218173.51,13841423.48
2026-06-19,Jun-2026,SKU-121,Vision Inspection Unit 1,Premium Equipment,West,Gujarat Process Systems,SUP-G,Global Motion,43,41,91,78,15,16,67,67,2026-06-24,2026-06-24,Yes,No,132238.77,199458.97,10314624.18
2026-02-10,Feb-2026,SKU-115,Connector Set 1,Standard Components,East,Orion Industries,SUP-E,Everest Components,146,162,285,260,45,16,154,154,2026-02-18,2026-02-18,Yes,No,12346.58,15333.35,3210112.09
2026-03-01,Mar-2026,SKU-109,Bearing Assembly 1,Standard Components,East,Prime Industrial,SUP-D,Delta Engineering,178,152,226,187,42,20,199,199,2026-03-08,2026-03-08,Yes,No,4193.97,5661.26,784273.25
2026-05-28,May-2026,SKU-114,Valve Kit 2,Standard Components,West,Gujarat Process Systems,SUP-B,Bharat Industrial,154,169,224,202,47,17,154,139,2026-06-04,2026-06-04,No,No,13915.65,19855.59,2810961.33
2026-03-11,Mar-2026,SKU-116,Connector Set 2,Standard Components,East,Prime Industrial,SUP-A,Alpha Components,250,228,359,305,63,14,270,270,2026-03-22,2026-03-22,Yes,No,11044.62,15844.61,3368609.21
2026-08-28,Aug-2026,SKU-132,Coolant Module 2,Consumables,South,Deccan Industries,SUP-G,Global Motion,201,217,455,420,108,20,201,201,2026-09-03,2026-09-03,Yes,No,4988.83,6249.16,2095308.42
2026-07-25,Jul-2026,SKU-120,Robotic Arm Module 2,Premium Equipment,West,Metro Automation,SUP-G,Global Motion,51,48,53,43,18,14,54,54,2026-08-06,2026-08-06,Yes,No,156295.61,218326.96,6720711.34
2026-03-19,Mar-2026,SKU-116,Connector Set 2,Standard Components,Central,Central Industrial Works,SUP-C,Crest Global,117,129,222,205,36,22,108,108,2026-03-30,2026-04-02,No,No,12742.95,16064.12,2612305.68
2026-07-15,Jul-2026,SKU-125,Filter Cartridge 1,Consumables,Central,Narmada Systems,SUP-G,Global Motion,216,232,486,447,116,23,221,221,2026-07-20,2026-07-20,Yes,No,5400.59,7067.53,2414062.48
2026-06-04,Jun-2026,SKU-103,Precision Gearbox 1,Critical Components,North,Delhi Industrial Systems,SUP-F,Fusion Tech,146,121,114,86,38,24,142,142,2026-06-16,2026-06-22,No,Yes,25036.84,32972.08,2153167.98
2026-06-11,Jun-2026,SKU-111,Drive Belt 1,Standard Components,North,Horizon Machines,SUP-B,Bharat Industrial,100,106,139,123,29,23,98,90,2026-06-16,2026-06-16,No,No,8130.59,11442.27,1000062.2
2026-07-24,Jul-2026,SKU-123,Smart Drive 1,Premium Equipment,West,Metro Automation,SUP-F,Fusion Tech,39,45,51,42,17,18,57,57,2026-08-02,2026-08-02,Yes,No,82041.49,121554.98,3445742.43
2026-08-01,Aug-2026,SKU-121,Vision Inspection Unit 1,Premium Equipment,North,Delhi Industrial Systems,SUP-F,Fusion Tech,40,46,64,58,17,29,48,43,2026-08-12,2026-08-12,No,No,83586.73,114907.61,4848030.18
2026-03-07,Mar-2026,SKU-115,Connector Set 1,Standard Components,North,Horizon Machines,SUP-E,Everest Components,135,153,233,212,42,23,137,137,2026-03-13,2026-03-13,Yes,No,9266.14,13824.04,1964422.21
2026-02-28,Feb-2026,SKU-105,Industrial Sensor 1,Critical Components,North,Apex Engineering,SUP-C,Crest Global,104,84,99,82,26,26,100,88,2026-03-10,2026-03-11,No,Yes,22695.55,30025.45,1861034.92
2026-06-03,Jun-2026,SKU-106,Industrial Sensor 2,Critical Components,South,Deccan Industries,SUP-C,Crest Global,88,80,93,78,25,27,78,78,2026-06-09,2026-06-09,Yes,No,22573.94,30693.12,1760767.08
2026-02-06,Feb-2026,SKU-122,Vision Inspection Unit 2,Premium Equipment,West,Western Manufacturing,SUP-G,Global Motion,47,40,61,52,15,24,49,49,2026-02-12,2026-02-12,Yes,No,79521.99,98402.26,4135143.56
2026-02-23,Feb-2026,SKU-104,Precision Gearbox 2,Critical Components,North,NorthStar Automation,SUP-G,Global Motion,157,131,165,134,41,19,155,155,2026-03-01,2026-03-01,Yes,No,55048.28,72881.85,7376469.92
2026-03-11,Mar-2026,SKU-121,Vision Inspection Unit 1,Premium Equipment,West,Gujarat Process Systems,SUP-A,Alpha Components,80,90,144,127,34,13,103,103,2026-03-18,2026-03-18,Yes,No,94939.51,134220.27,12057318.35
2026-02-21,Feb-2026,SKU-112,Drive Belt 2,Standard Components,North,NorthStar Automation,SUP-C,Crest Global,166,158,202,170,44,25,160,160,2026-03-01,2026-03-01,Yes,No,5071.71,6479.22,862191.1
2026-02-20,Feb-2026,SKU-125,Filter Cartridge 1,Consumables,Central,Central Industrial Works,SUP-D,Delta Engineering,283,351,773,736,175,19,299,299,2026-03-02,2026-03-02,Yes,No,4579.54,6508.01,3370540.74
2026-04-24,Apr-2026,SKU-101,Servo Controller 1,Critical Components,North,NorthStar Automation,SUP-C,Crest Global,117,121,102,81,38,29,122,114,2026-05-06,2026-05-10,No,Yes,31006.21,44190.18,2511503.16
2026-08-05,Aug-2026,SKU-115,Connector Set 1,Standard Components,South,Deccan Industries,SUP-F,Fusion Tech,103,63,87,65,17,24,114,114,2026-08-11,2026-08-11,Yes,Yes,6986.0,10533.99,454089.83
2026-05-15,May-2026,SKU-104,Precision Gearbox 2,Critical Components,East,Prime Industrial,SUP-C,Crest Global,141,132,140,110,42,29,156,150,2026-05-22,2026-05-22,No,Yes,38751.98,52831.34,4262717.59
2026-03-27,Mar-2026,SKU-115,Connector Set 1,Standard Components,South,Kaveri Engineering,SUP-C,Crest Global,184,138,177,140,38,21,189,189,2026-04-04,2026-04-16,No,Yes,6964.96,8734.58,975094.2
2026-05-06,May-2026,SKU-106,Industrial Sensor 2,Critical Components,North,NorthStar Automation,SUP-G,Global Motion,112,84,115,91,26,22,122,122,2026-05-15,2026-05-15,Yes,No,33440.61,45354.71,3043095.51
2026-01-30,Jan-2026,SKU-126,Filter Cartridge 2,Consumables,West,Gujarat Process Systems,SUP-E,Everest Components,173,175,393,354,87,17,197,197,2026-02-05,2026-02-05,Yes,No,1191.52,1608.44,421798.56
2026-07-24,Jul-2026,SKU-113,Valve Kit 1,Standard Components,West,Western Manufacturing,SUP-A,Alpha Components,154,175,260,238,49,16,147,147,2026-07-31,2026-07-31,Yes,No,13344.33,19866.91,3175949.53
2026-05-26,May-2026,SKU-102,Servo Controller 2,Critical Components,East,Bengal Engineering,SUP-C,Crest Global,115,107,121,97,34,28,123,123,2026-06-03,2026-06-03,Yes,No,31998.96,41974.01,3103899.12
2026-02-10,Feb-2026,SKU-111,Drive Belt 1,Standard Components,South,TechFab Systems,SUP-F,Fusion Tech,172,158,200,162,44,22,191,191,2026-02-19,2026-02-19,Yes,No,9085.56,14063.06,1471860.81
2026-02-02,Feb-2026,SKU-112,Drive Belt 2,Standard Components,West,Metro Automation,SUP-E,Everest Components,156,152,249,220,42,9,147,147,2026-02-10,2026-02-10,Yes,No,3775.78,4818.04,830672.0
2026-07-25,Jul-2026,SKU-102,Servo Controller 2,Critical Components,North,Delhi Industrial Systems,SUP-D,Delta Engineering,100,100,98,78,32,22,104,104,2026-08-03,2026-08-03,Yes,Yes,61129.17,93882.74,4768075.12
2026-03-16,Mar-2026,SKU-107,Power Module 1,Critical Components,South,TechFab Systems,SUP-A,Alpha Components,131,114,132,108,36,12,123,123,2026-03-25,2026-03-27,No,No,22875.29,32364.04,2470530.89
2026-06-22,Jun-2026,SKU-106,Industrial Sensor 2,Critical Components,West,Western Manufacturing,SUP-G,Global Motion,81,52,51,31,16,19,104,104,2026-07-03,2026-07-05,No,Yes,36997.32,55834.01,1146916.98
2026-06-08,Jun-2026,SKU-103,Precision Gearbox 1,Critical Components,South,Southern Automation,SUP-B,Bharat Industrial,124,99,104,77,31,13,135,135,2026-06-17,2026-06-18,No,Yes,27847.9,39171.04,2144288.61
2026-06-25,Jun-2026,SKU-107,Power Module 1,Critical Components,East,Eastern Process Tech,SUP-C,Crest Global,103,87,112,95,27,25,98,87,2026-07-02,2026-07-04,No,No,45399.44,57415.23,4312946.64
2026-08-24,Aug-2026,SKU-130,Seal Pack 2,Consumables,West,Western Manufacturing,SUP-C,Crest Global,256,269,556,510,134,27,251,251,2026-09-05,2026-09-10,No,No,1152.89,1760.13,587973.76
2026-02-28,Feb-2026,SKU-128,Lubrication Kit 2,Consumables,East,Orion Industries,SUP-H,Horizon Parts,172,213,453,427,106,18,197,197,2026-03-06,2026-03-06,Yes,No,3890.82,5233.36,1661380.22
2026-07-24,Jul-2026,SKU-119,Robotic Arm Module 1,Premium Equipment,North,Delhi Industrial Systems,SUP-B,Bharat Industrial,38,45,75,69,17,22,41,41,2026-08-04,2026-08-04,Yes,No,103567.01,135007.82,7146123.51
2026-04-03,Apr-2026,SKU-122,Vision Inspection Unit 2,Premium Equipment,North,Horizon Machines,SUP-C,Crest Global,62,53,88,73,20,28,75,75,2026-04-09,2026-04-17,No,No,131697.72,200433.06,9613933.32
2026-04-06,Apr-2026,SKU-128,Lubrication Kit 2,Consumables,South,TechFab Systems,SUP-D,Delta Engineering,258,277,618,571,138,27,269,269,2026-04-16,2026-04-23,No,No,4966.61,7455.25,2835934.13
2026-02-21,Feb-2026,SKU-129,Seal Pack 1,Consumables,East,Eastern Process Tech,SUP-H,Horizon Parts,268,316,644,604,158,18,281,281,2026-03-04,2026-03-04,Yes,No,4837.4,6945.49,2921790.02
2026-03-16,Mar-2026,SKU-108,Power Module 2,Critical Components,West,Western Manufacturing,SUP-H,Horizon Parts,97,94,90,70,30,23,103,103,2026-03-28,2026-03-30,No,Yes,59216.59,80240.19,4145161.52
2026-06-07,Jun-2026,SKU-104,Precision Gearbox 2,Critical Components,West,Western Manufacturing,SUP-C,Crest Global,112,95,108,87,30,25,109,109,2026-06-14,2026-06-14,Yes,Yes,24712.79,30257.01,2150012.42
2026-03-17,Mar-2026,SKU-131,Coolant Module 1,Consumables,South,Southern Automation,SUP-D,Delta Engineering,204,246,513,485,123,19,211,211,2026-03-26,2026-03-26,Yes,No,1278.37,1608.31,620007.16
2026-03-09,Mar-2026,SKU-123,Smart Drive 1,Premium Equipment,West,Vertex Engineering,SUP-D,Delta Engineering,52,61,97,85,23,18,75,75,2026-03-14,2026-03-14,Yes,No,142526.11,218869.62,12114719.19
2026-05-27,May-2026,SKU-103,Precision Gearbox 1,Critical Components,East,Prime Industrial,SUP-C,Crest Global,171,154,165,129,49,28,180,180,2026-06-05,2026-06-17,No,Yes,62331.45,91657.64,8040756.5
2026-07-25,Jul-2026,SKU-107,Power Module 1,Critical Components,Central,CoreTech Manufacturing,SUP-C,Crest Global,64,50,93,81,16,25,62,62,2026-08-01,2026-08-01,Yes,No,41967.15,54274.62,3399339.27
2026-04-03,Apr-2026,SKU-132,Coolant Module 2,Consumables,Central,Central Industrial Works,SUP-D,Delta Engineering,183,204,435,405,102,21,187,187,2026-04-15,2026-04-15,Yes,No,3602.43,4411.3,1458983.41
2026-08-01,Aug-2026,SKU-122,Vision Inspection Unit 2,Premium Equipment,East,Orion Industries,SUP-H,Horizon Parts,55,46,101,86,17,16,79,79,2026-08-08,2026-08-08,Yes,No,130342.85,186444.87,11209485.48
2026-06-30,Jun-2026,SKU-120,Robotic Arm Module 2,Premium Equipment,South,Southern Automation,SUP-G,Global Motion,59,59,95,80,22,21,78,78,2026-07-12,2026-07-12,Yes,No,65374.29,89338.72,5229943.52
2026-01-28,Jan-2026,SKU-115,Connector Set 1,Standard Components,South,Deccan Industries,SUP-E,Everest Components,130,119,180,156,33,18,121,121,2026-02-05,2026-02-05,Yes,No,9558.48,12594.26,1491122.42
2026-03-23,Mar-2026,SKU-130,Seal Pack 2,Consumables,West,Metro Automation,SUP-C,Crest Global,202,262,550,530,131,29,203,203,2026-03-30,2026-04-02,No,No,2087.36,2859.56,1106301.5
2026-02-06,Feb-2026,SKU-120,Robotic Arm Module 2,Premium Equipment,North,Horizon Machines,SUP-F,Fusion Tech,59,73,100,91,27,21,69,69,2026-02-11,2026-02-11,Yes,No,102352.95,130428.26,9314118.8
2026-04-30,Apr-2026,SKU-104,Precision Gearbox 2,Critical Components,North,Delhi Industrial Systems,SUP-C,Crest Global,148,150,145,118,48,27,152,139,2026-05-07,2026-05-11,No,Yes,20166.24,27213.58,2379615.89
2026-08-24,Aug-2026,SKU-106,Industrial Sensor 2,Critical Components,South,Deccan Industries,SUP-C,Crest Global,130,105,107,82,33,27,125,125,2026-08-31,2026-09-06,No,Yes,50171.36,64684.55,4114051.58
2026-08-12,Aug-2026,SKU-101,Servo Controller 1,Critical Components,South,Southern Automation,SUP-F,Fusion Tech,101,57,70,50,18,22,101,101,2026-08-21,2026-08-21,Yes,Yes,62068.19,77673.53,3103409.48
2026-06-03,Jun-2026,SKU-104,Precision Gearbox 2,Critical Components,North,Delhi Industrial Systems,SUP-E,Everest Components,124,125,135,113,40,14,114,114,2026-06-08,2026-06-08,Yes,No,45343.06,67912.86,5123765.83
2026-04-11,Apr-2026,SKU-118,CNC Control Unit 2,Premium Equipment,West,Western Manufacturing,SUP-F,Fusion Tech,51,57,86,78,21,24,50,50,2026-04-20,2026-04-20,Yes,No,82149.4,102468.11,6407653.26
2026-04-13,Apr-2026,SKU-130,Seal Pack 2,Consumables,East,Eastern Process Tech,SUP-E,Everest Components,226,263,513,477,131,16,244,244,2026-04-19,2026-04-19,Yes,No,4086.71,5126.59,1949359.8
2026-01-25,Jan-2026,SKU-129,Seal Pack 1,Consumables,Central,Narmada Systems,SUP-G,Global Motion,220,214,473,426,107,16,236,236,2026-01-30,2026-01-30,Yes,No,2309.42,3234.69,983810.89
2026-04-19,Apr-2026,SKU-105,Industrial Sensor 1,Critical Components,West,Western Manufacturing,SUP-B,Bharat Industrial,123,126,152,125,40,14,141,141,2026-05-01,2026-05-01,Yes,No,27611.4,34807.6,3451424.41
2026-04-06,Apr-2026,SKU-110,Bearing Assembly 2,Standard Components,North,Delhi Industrial Systems,SUP-G,Global Motion,196,170,265,230,47,22,200,178,2026-04-15,2026-04-25,No,No,2748.09,3763.99,632061.77
2026-04-01,Apr-2026,SKU-116,Connector Set 2,Standard Components,East,Bengal Engineering,SUP-D,Delta Engineering,175,167,254,215,46,22,197,197,2026-04-12,2026-04-12,Yes,No,8005.6,10039.69,1721203.86
2026-06-22,Jun-2026,SKU-113,Valve Kit 1,Standard Components,West,Metro Automation,SUP-G,Global Motion,155,160,224,190,44,25,178,178,2026-06-28,2026-06-28,Yes,No,12514.18,15943.19,2377694.05
2026-04-24,Apr-2026,SKU-126,Filter Cartridge 2,Consumables,South,Kaveri Engineering,SUP-H,Horizon Parts,310,277,566,505,138,19,309,309,2026-05-03,2026-05-03,Yes,No,3098.34,4633.14,1564662.74
2026-06-26,Jun-2026,SKU-126,Filter Cartridge 2,Consumables,South,Kaveri Engineering,SUP-H,Horizon Parts,259,276,585,535,138,15,276,276,2026-07-05,2026-07-05,Yes,No,901.9,1221.39,482514.92
2026-02-09,Feb-2026,SKU-121,Vision Inspection Unit 1,Premium Equipment,North,NorthStar Automation,SUP-C,Crest Global,71,69,136,124,26,22,70,62,2026-02-20,2026-02-28,No,No,77415.39,113343.82,9599508.34
2026-07-03,Jul-2026,SKU-102,Servo Controller 2,Critical Components,East,Bengal Engineering,SUP-C,Crest Global,144,101,119,89,32,30,153,153,2026-07-13,2026-07-16,No,Yes,24925.18,38502.15,2218341.07
2026-06-30,Jun-2026,SKU-101,Servo Controller 1,Critical Components,South,TechFab Systems,SUP-H,Horizon Parts,105,77,68,43,24,20,128,128,2026-07-05,2026-07-05,Yes,Yes,27569.75,37754.53,1185499.43
2026-06-28,Jun-2026,SKU-110,Bearing Assembly 2,Standard Components,West,Gujarat Process Systems,SUP-H,Horizon Parts,116,93,90,66,26,15,123,123,2026-07-09,2026-07-09,Yes,Yes,7620.57,9849.62,502957.68
2026-02-09,Feb-2026,SKU-128,Lubrication Kit 2,Consumables,North,Apex Engineering,SUP-B,Bharat Industrial,336,356,743,678,178,19,359,359,2026-02-18,2026-02-18,Yes,No,1756.64,2718.65,1191001.34
2026-02-28,Feb-2026,SKU-128,Lubrication Kit 2,Consumables,West,Metro Automation,SUP-A,Alpha Components,297,306,630,571,153,20,312,312,2026-03-06,2026-03-06,Yes,No,1990.01,3030.25,1136298.28
2026-08-21,Aug-2026,SKU-128,Lubrication Kit 2,Consumables,Central,Vindhya Engineering,SUP-A,Alpha Components,156,161,349,321,80,12,149,149,2026-08-29,2026-08-29,Yes,No,3450.45,4454.53,1107594.27
2026-01-17,Jan-2026,SKU-101,Servo Controller 1,Critical Components,North,Horizon Machines,SUP-C,Crest Global,130,120,109,82,38,31,154,139,2026-01-22,2026-01-22,No,Yes,47988.7,64066.27,3935073.12
2026-04-13,Apr-2026,SKU-122,Vision Inspection Unit 2,Premium Equipment,North,Delhi Industrial Systems,SUP-F,Fusion Tech,67,77,132,118,29,25,87,87,2026-04-23,2026-04-23,Yes,No,134895.21,182525.94,15917635.16
2026-03-27,Mar-2026,SKU-125,Filter Cartridge 1,Consumables,South,Deccan Industries,SUP-H,Horizon Parts,274,265,564,511,132,17,266,266,2026-04-08,2026-04-08,Yes,No,4061.4,5820.5,2075375.29
2026-02-26,Feb-2026,SKU-131,Coolant Module 1,Consumables,West,Metro Automation,SUP-B,Bharat Industrial,287,335,738,699,167,11,310,276,2026-03-10,2026-03-10,No,No,3250.19,4677.4,2271880.31
2026-02-14,Feb-2026,SKU-127,Lubrication Kit 1,Consumables,North,Apex Engineering,SUP-F,Fusion Tech,267,266,556,502,133,25,273,273,2026-02-20,2026-02-20,Yes,No,2537.2,3400.78,1273675.57
2026-03-07,Mar-2026,SKU-116,Connector Set 2,Standard Components,East,Bengal Engineering,SUP-E,Everest Components,196,216,325,288,60,19,216,216,2026-03-12,2026-03-12,Yes,No,11865.42,16374.39,3417239.59
2026-08-15,Aug-2026,SKU-114,Valve Kit 2,Standard Components,North,Delhi Industrial Systems,SUP-A,Alpha Components,171,191,313,285,53,21,172,172,2026-08-26,2026-08-26,Yes,No,9944.51,13349.73,2834186.33
2026-07-13,Jul-2026,SKU-104,Precision Gearbox 2,Critical Components,North,Delhi Industrial Systems,SUP-G,Global Motion,93,86,100,84,27,24,95,83,2026-07-25,2026-07-25,No,No,51936.83,72884.94,4362694.09
2026-07-07,Jul-2026,SKU-111,Drive Belt 1,Standard Components,Central,Narmada Systems,SUP-H,Horizon Parts,102,107,141,118,29,18,124,124,2026-07-17,2026-07-17,Yes,No,10003.44,14779.85,1180406.16
2026-01-20,Jan-2026,SKU-101,Servo Controller 1,Critical Components,South,Deccan Industries,SUP-B,Bharat Industrial,127,111,109,82,35,19,135,135,2026-02-01,2026-02-01,Yes,Yes,49857.09,74344.14,4088281.66
2026-06-23,Jun-2026,SKU-129,Seal Pack 1,Consumables,Central,Central Industrial Works,SUP-G,Global Motion,290,292,601,541,146,16,304,304,2026-07-04,2026-07-04,Yes,No,991.25,1408.67,536267.36
2026-06-28,Jun-2026,SKU-125,Filter Cartridge 1,Consumables,East,Bengal Engineering,SUP-D,Delta Engineering,212,248,523,493,124,24,211,211,2026-07-07,2026-07-18,No,No,2956.8,3802.72,1457701.05
2026-07-01,Jul-2026,SKU-112,Drive Belt 2,Standard Components,North,Apex Engineering,SUP-B,Bharat Industrial,161,146,205,171,40,18,174,174,2026-07-13,2026-07-13,Yes,No,11266.02,15925.94,1926490.26
2026-01-26,Jan-2026,SKU-122,Vision Inspection Unit 2,Premium Equipment,North,Apex Engineering,SUP-A,Alpha Components,75,80,110,92,30,19,97,97,2026-02-06,2026-02-06,Yes,No,87706.77,116734.83,8069023.09
2026-05-01,May-2026,SKU-114,Valve Kit 2,Standard Components,North,Horizon Machines,SUP-D,Delta Engineering,129,154,214,193,43,22,149,149,2026-05-10,2026-05-10,Yes,No,10675.13,14388.17,2060299.38
2026-03-18,Mar-2026,SKU-116,Connector Set 2,Standard Components,West,Western Manufacturing,SUP-D,Delta Engineering,274,332,474,435,92,18,290,290,2026-03-25,2026-03-25,Yes,No,7017.72,9933.17,3052709.06
2026-02-16,Feb-2026,SKU-132,Coolant Module 2,Consumables,West,Vertex Engineering,SUP-A,Alpha Components,251,273,551,508,136,19,250,250,2026-02-27,2026-02-27,Yes,No,882.1,1101.2,448106.65
2026-01-11,Jan-2026,SKU-122,Vision Inspection Unit 2,Premium Equipment,South,Southern Automation,SUP-H,Horizon Parts,65,59,63,51,22,15,67,61,2026-01-22,2026-01-26,No,Yes,159075.75,194747.68,8112863.21
2026-08-25,Aug-2026,SKU-104,Precision Gearbox 2,Critical Components,North,Apex Engineering,SUP-D,Delta Engineering,67,55,83,73,17,21,57,52,2026-08-30,2026-08-30,No,No,48253.77,59896.18,3522525.07
2026-05-24,May-2026,SKU-112,Drive Belt 2,Standard Components,East,Eastern Process Tech,SUP-D,Delta Engineering,197,202,309,268,56,20,214,214,2026-06-04,2026-06-04,Yes,No,9891.02,12525.09,2650792.79
2026-02-09,Feb-2026,SKU-128,Lubrication Kit 2,Consumables,East,Orion Industries,SUP-E,Everest Components,255,211,437,388,105,22,245,245,2026-02-17,2026-02-17,Yes,No,2439.6,3417.88,946565.65
2026-02-28,Feb-2026,SKU-116,Connector Set 2,Standard Components,North,NorthStar Automation,SUP-H,Horizon Parts,219,203,278,235,56,18,215,215,2026-03-06,2026-03-06,Yes,No,7355.19,10753.57,1728470.47
2026-04-06,Apr-2026,SKU-102,Servo Controller 2,Critical Components,West,Western Manufacturing,SUP-C,Crest Global,95,82,69,46,26,29,115,115,2026-04-13,2026-04-22,No,Yes,56093.09,78169.56,2580282.34
2026-06-24,Jun-2026,SKU-123,Smart Drive 1,Premium Equipment,North,NorthStar Automation,SUP-C,Crest Global,43,44,59,47,16,29,60,60,2026-06-29,2026-06-29,Yes,No,104635.26,161822.45,4917857.02
2026-03-29,Mar-2026,SKU-111,Drive Belt 1,Standard Components,North,Apex Engineering,SUP-H,Horizon Parts,167,192,249,224,53,20,165,165,2026-04-10,2026-04-10,Yes,No,6211.23,8185.21,1391316.6
2026-05-25,May-2026,SKU-113,Valve Kit 1,Standard Components,Central,CoreTech Manufacturing,SUP-A,Alpha Components,138,172,222,204,48,22,146,146,2026-06-06,2026-06-06,Yes,No,6956.61,9799.41,1419149.09
2026-08-03,Aug-2026,SKU-109,Bearing Assembly 1,Standard Components,East,Orion Industries,SUP-G,Global Motion,140,145,205,179,40,17,137,137,2026-08-12,2026-08-12,Yes,No,12539.93,18271.58,2244647.62
2026-02-21,Feb-2026,SKU-117,CNC Control Unit 1,Premium Equipment,South,Southern Automation,SUP-H,Horizon Parts,36,32,66,61,12,16,29,29,2026-02-26,2026-02-26,Yes,No,67709.42,90200.15,4130274.62
2026-01-08,Jan-2026,SKU-105,Industrial Sensor 1,Critical Components,West,Metro Automation,SUP-G,Global Motion,130,114,98,69,36,11,145,145,2026-01-18,2026-01-18,Yes,Yes,26514.43,39529.76,1829495.76
2026-06-16,Jun-2026,SKU-102,Servo Controller 2,Critical Components,South,Deccan Industries,SUP-A,Alpha Components,146,118,126,96,37,17,152,150,2026-06-27,2026-06-27,No,Yes,50982.2,75533.18,4894291.57
2026-06-16,Jun-2026,SKU-119,Robotic Arm Module 1,Premium Equipment,Central,CoreTech Manufacturing,SUP-H,Horizon Parts,70,61,61,46,23,19,79,79,2026-06-26,2026-07-07,No,Yes,61212.46,92924.31,2815773.27
2026-07-25,Jul-2026,SKU-114,Valve Kit 2,Standard Components,South,TechFab Systems,SUP-E,Everest Components,175,169,247,210,47,16,189,189,2026-08-05,2026-08-05,Yes,No,4784.21,6149.8,1004683.36
2026-03-21,Mar-2026,SKU-115,Connector Set 1,Standard Components,West,Vertex Engineering,SUP-G,Global Motion,131,108,142,113,30,20,146,146,2026-03-31,2026-03-31,Yes,No,10124.45,13925.47,1144062.56
2026-08-29,Aug-2026,SKU-119,Robotic Arm Module 1,Premium Equipment,South,Kaveri Engineering,SUP-D,Delta Engineering,39,33,88,78,12,18,56,53,2026-09-03,2026-09-03,No,No,94890.91,146909.5,7401490.86
2026-01-13,Jan-2026,SKU-112,Drive Belt 2,Standard Components,East,Prime Industrial,SUP-H,Horizon Parts,197,234,338,311,65,19,198,198,2026-01-21,2026-01-21,Yes,No,7638.62,9676.76,2375611.05
2026-06-05,Jun-2026,SKU-121,Vision Inspection Unit 1,Premium Equipment,South,TechFab Systems,SUP-A,Alpha Components,59,75,118,108,28,17,84,75,2026-06-10,2026-06-10,No,No,92487.17,132914.99,9988614.53
2026-05-28,May-2026,SKU-107,Power Module 1,Critical Components,South,TechFab Systems,SUP-C,Crest Global,166,158,148,116,50,22,170,164,2026-06-07,2026-06-07,No,Yes,55481.9,79713.66,6435900.44
2026-06-01,Jun-2026,SKU-102,Servo Controller 2,Critical Components,South,Southern Automation,SUP-C,Crest Global,127,123,156,129,39,26,141,137,2026-06-11,2026-06-11,No,No,20402.29,29704.12,2631895.44
2026-04-04,Apr-2026,SKU-123,Smart Drive 1,Premium Equipment,South,Deccan Industries,SUP-E,Everest Components,52,47,77,68,17,20,47,47,2026-04-14,2026-04-14,Yes,No,93054.55,123127.86,6327709.55
2026-06-29,Jun-2026,SKU-115,Connector Set 1,Standard Components,West,Western Manufacturing,SUP-G,Global Motion,175,185,246,214,51,20,177,177,2026-07-08,2026-07-08,Yes,No,4114.57,5665.58,880517.56
2026-04-23,Apr-2026,SKU-111,Drive Belt 1,Standard Components,West,Vertex Engineering,SUP-B,Bharat Industrial,194,215,305,271,60,14,216,207,2026-05-04,2026-05-04,No,No,13228.46,18773.26,3584911.89
2026-04-25,Apr-2026,SKU-116,Connector Set 2,Standard Components,North,Delhi Industrial Systems,SUP-F,Fusion Tech,213,204,291,250,57,22,205,205,2026-05-02,2026-05-05,No,No,10594.84,15736.12,2648709.09
2026-02-18,Feb-2026,SKU-114,Valve Kit 2,Standard Components,South,Southern Automation,SUP-A,Alpha Components,162,178,242,215,49,20,161,161,2026-02-28,2026-02-28,Yes,No,5924.47,8308.96,1273760.89
2026-07-25,Jul-2026,SKU-116,Connector Set 2,Standard Components,North,Horizon Machines,SUP-C,Crest Global,93,96,144,129,26,24,90,82,2026-07-30,2026-08-10,No,No,12795.95,18342.69,1650677.73
2026-03-09,Mar-2026,SKU-128,Lubrication Kit 2,Consumables,Central,CoreTech Manufacturing,SUP-D,Delta Engineering,261,275,583,535,137,24,261,261,2026-03-21,2026-03-21,Yes,No,1491.26,2107.01,797826.07
2026-06-26,Jun-2026,SKU-130,Seal Pack 2,Consumables,East,Prime Industrial,SUP-F,Fusion Tech,260,217,466,415,108,21,257,257,2026-07-03,2026-07-03,Yes,No,1874.36,2669.32,777860.92
2026-02-14,Feb-2026,SKU-107,Power Module 1,Critical Components,East,Bengal Engineering,SUP-C,Crest Global,153,114,132,102,36,22,170,151,2026-02-19,2026-02-19,No,Yes,44549.36,58643.26,4544034.95
2026-08-10,Aug-2026,SKU-106,Industrial Sensor 2,Critical Components,South,Southern Automation,SUP-A,Alpha Components,100,89,83,64,28,16,98,98,2026-08-21,2026-08-21,Yes,Yes,42474.92,54805.63,2718395.12
2026-03-25,Mar-2026,SKU-123,Smart Drive 1,Premium Equipment,Central,Vindhya Engineering,SUP-F,Fusion Tech,48,47,79,71,17,19,41,41,2026-04-02,2026-04-02,Yes,No,98498.21,137605.44,6993372.91
2026-07-09,Jul-2026,SKU-110,Bearing Assembly 2,Standard Components,South,Kaveri Engineering,SUP-B,Bharat Industrial,228,243,321,277,68,20,246,246,2026-07-14,2026-07-14,Yes,No,5302.37,7423.38,1468756.58
2026-02-14,Feb-2026,SKU-110,Bearing Assembly 2,Standard Components,North,Delhi Industrial Systems,SUP-C,Crest Global,156,166,241,216,46,32,150,144,2026-02-20,2026-03-03,No,No,7276.36,10502.14,1571694.43
2026-06-28,Jun-2026,SKU-106,Industrial Sensor 2,Critical Components,West,Metro Automation,SUP-H,Horizon Parts,108,76,86,63,24,14,117,117,2026-07-09,2026-07-09,Yes,Yes,20170.13,29381.82,1270718.18
2026-07-23,Jul-2026,SKU-104,Precision Gearbox 2,Critical Components,Central,Central Industrial Works,SUP-C,Crest Global,87,77,108,88,24,23,111,101,2026-07-30,2026-07-30,No,No,18301.73,25856.07,1610552.13
2026-01-25,Jan-2026,SKU-117,CNC Control Unit 1,Premium Equipment,West,Vertex Engineering,SUP-F,Fusion Tech,57,63,88,76,23,19,72,72,2026-02-05,2026-02-05,Yes,No,117314.54,160395.79,8915904.84
2026-06-29,Jun-2026,SKU-108,Power Module 2,Critical Components,West,Metro Automation,SUP-F,Fusion Tech,120,95,108,84,30,20,135,124,2026-07-11,2026-07-11,No,Yes,62177.91,79870.46,5222944.83
2026-08-09,Aug-2026,SKU-131,Coolant Module 1,Consumables,West,Western Manufacturing,SUP-C,Crest Global,199,198,389,348,99,24,207,207,2026-08-15,2026-08-15,Yes,No,2794.04,4079.52,972324.43
2026-01-05,Jan-2026,SKU-119,Robotic Arm Module 1,Premium Equipment,Central,Central Industrial Works,SUP-B,Bharat Industrial,59,52,88,77,19,20,55,55,2026-01-14,2026-01-14,Yes,No,121483.03,183775.62,9354193.51
2026-04-21,Apr-2026,SKU-117,CNC Control Unit 1,Premium Equipment,East,Orion Industries,SUP-G,Global Motion,55,62,83,72,23,15,75,67,2026-04-29,2026-04-29,No,No,140363.93,181797.44,10106202.74
2026-07-10,Jul-2026,SKU-115,Connector Set 1,Standard Components,West,Western Manufacturing,SUP-F,Fusion Tech,137,132,177,151,36,25,134,134,2026-07-17,2026-07-17,Yes,No,6293.05,9562.85,950250.76
2026-01-17,Jan-2026,SKU-125,Filter Cartridge 1,Consumables,West,Gujarat Process Systems,SUP-B,Bharat Industrial,273,312,663,618,156,19,293,293,2026-01-25,2026-01-25,Yes,No,5447.84,7366.34,3366763.09
2026-01-18,Jan-2026,SKU-131,Coolant Module 1,Consumables,South,Kaveri Engineering,SUP-E,Everest Components,255,245,540,491,122,16,248,248,2026-01-25,2026-01-25,Yes,No,4515.48,6980.88,2217100.16
2026-04-06,Apr-2026,SKU-107,Power Module 1,Critical Components,East,Eastern Process Tech,SUP-H,Horizon Parts,125,106,118,91,33,19,135,135,2026-04-14,2026-04-14,Yes,Yes,37172.93,57067.05,3382736.41
2026-08-06,Aug-2026,SKU-123,Smart Drive 1,Premium Equipment,South,Southern Automation,SUP-G,Global Motion,64,70,97,82,26,17,89,89,2026-08-12,2026-08-12,Yes,No,141217.69,199350.15,11579850.2
2026-06-03,Jun-2026,SKU-104,Precision Gearbox 2,Critical Components,South,Southern Automation,SUP-E,Everest Components,128,116,102,76,37,18,145,133,2026-06-10,2026-06-10,No,Yes,28424.76,42204.2,2160281.73
2026-03-07,Mar-2026,SKU-105,Industrial Sensor 1,Critical Components,East,Orion Industries,SUP-C,Crest Global,167,151,186,154,48,25,160,160,2026-03-14,2026-03-26,No,No,31905.12,46240.04,4913387.89
2026-08-24,Aug-2026,SKU-116,Connector Set 2,Standard Components,West,Western Manufacturing,SUP-C,Crest Global,116,117,139,116,32,26,115,115,2026-09-03,2026-09-09,No,No,11800.3,17277.09,1368835.12
2026-03-28,Mar-2026,SKU-105,Industrial Sensor 1,Critical Components,East,Orion Industries,SUP-G,Global Motion,158,108,109,78,34,20,159,159,2026-04-08,2026-04-10,No,Yes,50722.03,66202.84,3956318.7
2026-08-04,Aug-2026,SKU-114,Valve Kit 2,Standard Components,West,Vertex Engineering,SUP-F,Fusion Tech,152,167,244,218,46,21,157,157,2026-08-16,2026-08-16,Yes,No,10974.1,15744.57,2392354.11
2026-04-24,Apr-2026,SKU-120,Robotic Arm Module 2,Premium Equipment,South,Kaveri Engineering,SUP-C,Crest Global,42,33,61,53,12,35,43,40,2026-05-02,2026-05-02,No,No,107317.13,133283.48,5687807.93
2026-02-26,Feb-2026,SKU-114,Valve Kit 2,Standard Components,Central,Narmada Systems,SUP-D,Delta Engineering,211,199,285,239,55,18,231,231,2026-03-07,2026-03-19,No,No,6014.74,8796.81,1437523.81
2026-03-15,Mar-2026,SKU-107,Power Module 1,Critical Components,West,Gujarat Process Systems,SUP-F,Fusion Tech,156,143,184,150,45,21,173,173,2026-03-20,2026-03-20,Yes,No,43581.07,57433.54,6537160.87
2026-05-26,May-2026,SKU-118,CNC Control Unit 2,Premium Equipment,North,Apex Engineering,SUP-C,Crest Global,55,50,60,46,19,31,73,73,2026-06-01,2026-06-01,Yes,No,63140.71,97653.34,2904472.45
2026-01-07,Jan-2026,SKU-119,Robotic Arm Module 1,Premium Equipment,North,NorthStar Automation,SUP-F,Fusion Tech,61,69,64,56,26,23,53,53,2026-01-14,2026-01-14,Yes,No,134179.71,203962.35,7514063.94
2026-02-19,Feb-2026,SKU-125,Filter Cartridge 1,Consumables,Central,Central Industrial Works,SUP-A,Alpha Components,213,212,459,417,106,14,214,214,2026-02-26,2026-02-26,Yes,No,5201.74,7072.97,2169127.58
2026-02-18,Feb-2026,SKU-111,Drive Belt 1,Standard Components,East,Bengal Engineering,SUP-D,Delta Engineering,159,157,261,225,43,19,183,183,2026-02-26,2026-02-26,Yes,No,9642.78,12167.74,2169625.82
2026-06-21,Jun-2026,SKU-110,Bearing Assembly 2,Standard Components,South,Kaveri Engineering,SUP-G,Global Motion,143,124,195,166,34,20,145,145,2026-06-29,2026-07-04,No,No,6765.66,9105.31,1123099.67
2026-08-24,Aug-2026,SKU-117,CNC Control Unit 1,Premium Equipment,West,Metro Automation,SUP-F,Fusion Tech,52,48,98,85,18,21,66,65,2026-09-03,2026-09-03,No,No,157649.06,237175.09,13400170.25
2026-02-15,Feb-2026,SKU-124,Smart Drive 2,Premium Equipment,East,Prime Industrial,SUP-A,Alpha Components,59,66,77,64,25,21,76,76,2026-02-23,2026-02-23,Yes,No,105607.2,144799.01,6758860.81
2026-07-29,Jul-2026,SKU-113,Valve Kit 1,Standard Components,North,Horizon Machines,SUP-E,Everest Components,178,197,294,262,55,13,193,193,2026-08-09,2026-08-09,Yes,No,9529.84,13830.3,2496818.38
2026-05-02,May-2026,SKU-102,Servo Controller 2,Critical Components,Central,Narmada Systems,SUP-D,Delta Engineering,137,123,134,111,39,18,128,115,2026-05-11,2026-05-23,No,Yes,61820.08,82734.06,6862029.11
2026-04-25,Apr-2026,SKU-121,Vision Inspection Unit 1,Premium Equipment,North,Horizon Machines,SUP-B,Bharat Industrial,47,45,58,45,17,26,68,68,2026-05-04,2026-05-04,Yes,No,90510.82,139262.83,4072987.11
2026-06-10,Jun-2026,SKU-128,Lubrication Kit 2,Consumables,East,Orion Industries,SUP-A,Alpha Components,341,282,624,558,141,15,332,332,2026-06-21,2026-06-21,Yes,No,2412.83,2979.93,1346360.1
2026-08-04,Aug-2026,SKU-117,CNC Control Unit 1,Premium Equipment,Central,Narmada Systems,SUP-B,Bharat Industrial,32,33,27,17,12,12,50,50,2026-08-09,2026-08-15,No,Yes,162408.14,244834.62,2760938.33
2026-05-10,May-2026,SKU-128,Lubrication Kit 2,Consumables,West,Metro Automation,SUP-E,Everest Components,155,164,319,290,82,13,160,160,2026-05-19,2026-05-19,Yes,No,1043.32,1405.53,302563.42
2026-03-28,Mar-2026,SKU-123,Smart Drive 1,Premium Equipment,North,Apex Engineering,SUP-A,Alpha Components,64,49,93,78,18,22,75,75,2026-04-05,2026-04-05,Yes,No,162456.8,244743.58,12671630.25
2026-07-05,Jul-2026,SKU-132,Coolant Module 2,Consumables,South,Kaveri Engineering,SUP-H,Horizon Parts,250,276,589,547,138,17,252,252,2026-07-13,2026-07-13,Yes,No,2693.94,3980.81,1473586.16
2026-04-11,Apr-2026,SKU-116,Connector Set 2,Standard Components,North,Apex Engineering,SUP-C,Crest Global,190,210,291,257,58,27,208,203,2026-04-23,2026-04-23,No,No,7801.32,10582.07,2004938.46
2026-02-08,Feb-2026,SKU-125,Filter Cartridge 1,Consumables,South,Kaveri Engineering,SUP-H,Horizon Parts,163,168,349,313,84,11,188,188,2026-02-20,2026-02-20,Yes,No,2559.37,3352.68,801082.43
2026-03-19,Mar-2026,SKU-116,Connector Set 2,Standard Components,Central,CoreTech Manufacturing,SUP-C,Crest Global,120,105,157,133,29,23,126,124,2026-03-27,2026-03-27,No,No,8912.09,11314.77,1185307.37
2026-08-14,Aug-2026,SKU-131,Coolant Module 1,Consumables,South,TechFab Systems,SUP-B,Bharat Industrial,183,219,467,441,109,18,193,193,2026-08-22,2026-08-22,Yes,No,951.9,1386.74,419785.97
2026-05-31,May-2026,SKU-118,CNC Control Unit 2,Premium Equipment,West,Metro Automation,SUP-F,Fusion Tech,42,46,96,88,17,23,48,48,2026-06-10,2026-06-10,Yes,No,174228.89,262288.23,15332142.1
2026-02-07,Feb-2026,SKU-127,Lubrication Kit 1,Consumables,South,Deccan Industries,SUP-A,Alpha Components,244,257,546,503,128,10,239,239,2026-02-15,2026-02-15,Yes,No,2780.65,3464.58,1398667.75
2026-06-30,Jun-2026,SKU-126,Filter Cartridge 2,Consumables,West,Western Manufacturing,SUP-B,Bharat Industrial,150,153,332,300,76,17,168,168,2026-07-09,2026-07-09,Yes,No,2797.74,3499.11,839320.81
2026-06-18,Jun-2026,SKU-127,Lubrication Kit 1,Consumables,East,Eastern Process Tech,SUP-E,Everest Components,211,187,407,362,93,13,225,225,2026-06-25,2026-06-25,Yes,No,2699.35,4164.34,977163.08
2026-06-04,Jun-2026,SKU-124,Smart Drive 2,Premium Equipment,North,Apex Engineering,SUP-E,Everest Components,54,44,65,54,16,18,55,55,2026-06-13,2026-06-19,No,No,85246.14,108915.81,4603291.72
2026-02-13,Feb-2026,SKU-105,Industrial Sensor 1,Critical Components,South,TechFab Systems,SUP-A,Alpha Components,140,107,126,97,34,14,149,149,2026-02-21,2026-02-21,Yes,Yes,45766.7,60964.11,4439369.57
2026-03-12,Mar-2026,SKU-130,Seal Pack 2,Consumables,South,TechFab Systems,SUP-C,Crest Global,287,310,659,614,155,26,287,260,2026-03-24,2026-03-24,No,No,4314.28,6259.56,2648967.02
2026-08-13,Aug-2026,SKU-127,Lubrication Kit 1,Consumables,South,Kaveri Engineering,SUP-H,Horizon Parts,191,220,453,425,110,24,185,185,2026-08-21,2026-08-21,Yes,No,5239.98,7116.28,2226991.09
2026-03-27,Mar-2026,SKU-106,Industrial Sensor 2,Critical Components,South,TechFab Systems,SUP-E,Everest Components,113,83,77,58,26,14,106,99,2026-04-02,2026-04-11,No,Yes,64022.69,98664.75,3713315.88
2026-02-02,Feb-2026,SKU-125,Filter Cartridge 1,Consumables,East,Bengal Engineering,SUP-D,Delta Engineering,121,122,263,234,61,21,145,145,2026-02-08,2026-02-08,Yes,No,1721.57,2403.04,402846.59
2026-08-02,Aug-2026,SKU-117,CNC Control Unit 1,Premium Equipment,Central,Vindhya Engineering,SUP-E,Everest Components,63,70,90,80,26,18,63,63,2026-08-12,2026-08-12,Yes,No,150391.12,212640.65,12031289.5
2026-08-29,Aug-2026,SKU-107,Power Module 1,Critical Components,North,Horizon Machines,SUP-B,Bharat Industrial,115,92,96,74,29,24,110,110,2026-09-04,2026-09-04,Yes,Yes,48132.33,63815.77,3561792.13
2026-01-14,Jan-2026,SKU-113,Valve Kit 1,Standard Components,North,Horizon Machines,SUP-E,Everest Components,202,203,306,263,56,22,218,218,2026-01-23,2026-01-23,Yes,No,7751.11,10063.55,2038542.67
2026-07-28,Jul-2026,SKU-120,Robotic Arm Module 2,Premium Equipment,South,TechFab Systems,SUP-B,Bharat Industrial,56,45,93,82,17,19,55,55,2026-08-06,2026-08-06,Yes,No,65254.26,95410.54,5350849.4
2026-01-31,Jan-2026,SKU-102,Servo Controller 2,Critical Components,South,Deccan Industries,SUP-G,Global Motion,115,62,84,63,19,15,106,106,2026-02-07,2026-02-07,Yes,Yes,29752.76,40396.6,1874423.87
2026-05-13,May-2026,SKU-109,Bearing Assembly 1,Standard Components,North,Apex Engineering,SUP-H,Horizon Parts,143,162,261,239,45,24,142,142,2026-05-21,2026-05-21,Yes,No,11695.76,14311.75,2795285.68
2026-05-30,May-2026,SKU-115,Connector Set 1,Standard Components,North,Horizon Machines,SUP-H,Horizon Parts,183,191,268,234,53,19,183,183,2026-06-04,2026-06-15,No,No,12220.78,17873.57,2859662.44
2026-03-11,Mar-2026,SKU-113,Valve Kit 1,Standard Components,East,Eastern Process Tech,SUP-C,Crest Global,166,160,265,234,44,23,158,158,2026-03-16,2026-03-19,No,No,13398.84,16540.77,3135328.4
2026-05-26,May-2026,SKU-102,Servo Controller 2,Critical Components,North,Delhi Industrial Systems,SUP-C,Crest Global,97,88,115,94,28,29,112,106,2026-06-05,2026-06-05,No,No,45239.88,66071.18,4252548.27
2026-05-14,May-2026,SKU-122,Vision Inspection Unit 2,Premium Equipment,South,TechFab Systems,SUP-D,Delta Engineering,85,89,169,150,33,17,102,102,2026-05-22,2026-05-22,Yes,No,118806.3,159877.95,17820945.21
2026-04-23,Apr-2026,SKU-116,Connector Set 2,Standard Components,North,NorthStar Automation,SUP-A,Alpha Components,161,166,219,190,46,22,156,152,2026-05-01,2026-05-01,No,No,5713.59,8390.79,1085581.21
2026-08-24,Aug-2026,SKU-106,Industrial Sensor 2,Critical Components,West,Western Manufacturing,SUP-C,Crest Global,121,105,79,51,33,27,144,143,2026-09-03,2026-09-12,No,Yes,25918.96,37705.04,1321866.8
2026-02-05,Feb-2026,SKU-117,CNC Control Unit 1,Premium Equipment,South,Deccan Industries,SUP-F,Fusion Tech,60,67,92,84,25,17,55,51,2026-02-13,2026-02-13,No,No,82632.83,111551.7,6941158.1
2026-01-07,Jan-2026,SKU-117,CNC Control Unit 1,Premium Equipment,Central,Narmada Systems,SUP-G,Global Motion,61,55,72,60,20,18,61,61,2026-01-14,2026-01-14,Yes,No,144613.02,212703.34,8676781.09
2026-02-02,Feb-2026,SKU-114,Valve Kit 2,Standard Components,North,Horizon Machines,SUP-D,Delta Engineering,243,259,367,320,72,19,260,260,2026-02-13,2026-02-13,Yes,No,9524.34,13353.59,3047787.59
2026-05-07,May-2026,SKU-118,CNC Control Unit 2,Premium Equipment,West,Vertex Engineering,SUP-H,Horizon Parts,57,59,100,85,22,16,77,77,2026-05-17,2026-05-17,Yes,No,74830.09,106668.45,6360557.64
2026-03-16,Mar-2026,SKU-130,Seal Pack 2,Consumables,Central,Central Industrial Works,SUP-B,Bharat Industrial,234,230,477,431,115,13,234,234,2026-03-26,2026-03-26,Yes,No,3708.45,5043.68,1598340.91
2026-03-31,Mar-2026,SKU-115,Connector Set 1,Standard Components,South,Kaveri Engineering,SUP-F,Fusion Tech,182,173,269,233,48,18,191,182,2026-04-12,2026-04-12,No,No,13256.7,18648.06,3088811.33
2026-02-26,Feb-2026,SKU-123,Smart Drive 1,Premium Equipment,West,Gujarat Process Systems,SUP-A,Alpha Components,66,59,95,80,22,16,76,76,2026-03-05,2026-03-05,Yes,No,90095.54,132069.75,7207643.47
2026-03-24,Mar-2026,SKU-111,Drive Belt 1,Standard Components,East,Prime Industrial,SUP-A,Alpha Components,140,131,215,189,36,15,133,133,2026-03-29,2026-03-29,Yes,No,4760.15,7124.55,899668.98
2026-03-31,Mar-2026,SKU-115,Connector Set 1,Standard Components,South,Southern Automation,SUP-F,Fusion Tech,191,164,253,219,45,16,187,171,2026-04-09,2026-04-09,No,No,5318.06,7567.42,1164654.4
2026-04-26,Apr-2026,SKU-132,Coolant Module 2,Consumables,West,Metro Automation,SUP-C,Crest Global,228,246,527,486,123,25,237,237,2026-05-02,2026-05-02,Yes,No,2440.41,3335.23,1186041.0
2026-06-14,Jun-2026,SKU-110,Bearing Assembly 2,Standard Components,West,Vertex Engineering,SUP-A,Alpha Components,172,179,243,209,50,18,182,182,2026-06-22,2026-06-22,Yes,No,10246.14,14356.66,2141443.8
2026-01-27,Jan-2026,SKU-111,Drive Belt 1,Standard Components,South,Kaveri Engineering,SUP-E,Everest Components,178,206,311,283,57,13,185,185,2026-02-07,2026-02-07,Yes,No,11432.76,15243.52,3235470.4
2026-06-24,Jun-2026,SKU-107,Power Module 1,Critical Components,East,Eastern Process Tech,SUP-C,Crest Global,105,93,85,63,29,22,114,114,2026-07-03,2026-07-06,No,Yes,33935.5,47465.39,2137936.57
2026-05-18,May-2026,SKU-116,Connector Set 2,Standard Components,East,Orion Industries,SUP-H,Horizon Parts,168,189,297,272,52,14,160,160,2026-05-28,2026-05-28,Yes,No,5528.23,8268.37,1503677.42
2026-03-02,Mar-2026,SKU-128,Lubrication Kit 2,Consumables,East,Prime Industrial,SUP-B,Bharat Industrial,217,257,519,491,128,11,207,207,2026-03-11,2026-03-11,Yes,No,5262.47,6838.72,2583872.46
2026-08-14,Aug-2026,SKU-108,Power Module 2,Critical Components,South,TechFab Systems,SUP-D,Delta Engineering,25,23,15,8,7,19,36,36,2026-08-26,2026-08-26,Yes,Yes,28749.66,35755.37,229997.29
2026-08-21,Aug-2026,SKU-117,CNC Control Unit 1,Premium Equipment,West,Metro Automation,SUP-C,Crest Global,63,78,123,113,29,23,78,78,2026-08-29,2026-08-29,Yes,No,115974.75,161925.01,13105146.65
2026-08-17,Aug-2026,SKU-124,Smart Drive 2,Premium Equipment,East,Orion Industries,SUP-C,Crest Global,50,53,95,81,20,25,75,75,2026-08-27,2026-08-27,Yes,No,100265.67,143950.92,8121519.41
2026-04-18,Apr-2026,SKU-103,Precision Gearbox 1,Critical Components,North,Horizon Machines,SUP-E,Everest Components,134,121,140,110,38,21,152,152,2026-04-23,2026-04-23,Yes,No,29826.27,43438.52,3280889.22
2026-03-11,Mar-2026,SKU-132,Coolant Module 2,Consumables,West,Metro Automation,SUP-D,Delta Engineering,269,287,616,570,143,18,280,263,2026-03-19,2026-03-19,No,No,1376.51,1690.88,784609.37
2026-06-09,Jun-2026,SKU-125,Filter Cartridge 1,Consumables,North,Apex Engineering,SUP-H,Horizon Parts,187,229,475,448,114,18,205,205,2026-06-20,2026-06-20,Yes,No,3352.08,4864.68,1501732.44
2026-02-19,Feb-2026,SKU-121,Vision Inspection Unit 1,Premium Equipment,South,Deccan Industries,SUP-G,Global Motion,65,62,75,61,23,18,70,70,2026-03-02,2026-03-02,Yes,No,79742.73,123597.47,4864306.29
2026-04-09,Apr-2026,SKU-123,Smart Drive 1,Premium Equipment,West,Metro Automation,SUP-A,Alpha Components,48,48,91,80,18,18,55,55,2026-04-17,2026-04-17,Yes,No,79231.24,103776.65,6338499.26
2026-01-17,Jan-2026,SKU-130,Seal Pack 2,Consumables,Central,CoreTech Manufacturing,SUP-C,Crest Global,185,200,405,373,100,24,189,189,2026-01-28,2026-01-28,Yes,No,3244.75,3982.53,1210292.59
2026-07-04,Jul-2026,SKU-101,Servo Controller 1,Critical Components,West,Metro Automation,SUP-E,Everest Components,112,107,86,61,34,13,137,126,2026-07-09,2026-07-09,No,Yes,63792.54,82822.11,3891345.13
2026-07-10,Jul-2026,SKU-131,Coolant Module 1,Consumables,West,Vertex Engineering,SUP-B,Bharat Industrial,252,300,610,577,150,18,248,248,2026-07-17,2026-07-17,Yes,No,2040.11,2931.71,1177145.91
2026-03-28,Mar-2026,SKU-111,Drive Belt 1,Standard Components,West,Western Manufacturing,SUP-B,Bharat Industrial,125,111,148,124,31,12,124,124,2026-04-06,2026-04-06,Yes,No,6162.44,8073.05,764142.78
2026-08-27,Aug-2026,SKU-124,Smart Drive 2,Premium Equipment,West,Gujarat Process Systems,SUP-F,Fusion Tech,45,40,68,55,15,20,68,68,2026-09-06,2026-09-06,Yes,No,118901.17,158326.67,6539564.61
2026-01-19,Jan-2026,SKU-114,Valve Kit 2,Standard Components,East,Eastern Process Tech,SUP-D,Delta Engineering,84,92,138,124,25,17,80,80,2026-01-28,2026-01-28,Yes,No,5491.96,8414.89,681003.54
2026-03-12,Mar-2026,SKU-116,Connector Set 2,Standard Components,North,Horizon Machines,SUP-E,Everest Components,252,241,358,305,67,21,266,266,2026-03-17,2026-03-17,Yes,No,7041.27,8697.72,2147586.09
2026-05-31,May-2026,SKU-101,Servo Controller 1,Critical Components,Central,Narmada Systems,SUP-C,Crest Global,134,113,123,94,36,25,147,147,2026-06-11,2026-06-23,No,Yes,57401.87,72820.18,5395775.75
2026-03-18,Mar-2026,SKU-126,Filter Cartridge 2,Consumables,East,Orion Industries,SUP-B,Bharat Industrial,156,168,366,339,84,18,156,156,2026-03-27,2026-03-27,Yes,No,2203.0,3115.73,746816.96
2026-01-26,Jan-2026,SKU-126,Filter Cartridge 2,Consumables,North,Delhi Industrial Systems,SUP-A,Alpha Components,150,187,367,351,93,21,140,140,2026-02-02,2026-02-02,Yes,No,2917.95,3611.02,1024201.95
2026-05-26,May-2026,SKU-105,Industrial Sensor 1,Critical Components,West,Vertex Engineering,SUP-D,Delta Engineering,137,126,127,98,40,16,156,145,2026-06-02,2026-06-02,No,Yes,33609.35,45417.36,3293716.38
2026-02-09,Feb-2026,SKU-122,Vision Inspection Unit 2,Premium Equipment,Central,Narmada Systems,SUP-A,Alpha Components,62,64,77,67,24,9,53,53,2026-02-21,2026-02-21,Yes,No,163104.93,211470.22,10928030.63
2026-07-21,Jul-2026,SKU-124,Smart Drive 2,Premium Equipment,East,Orion Industries,SUP-D,Delta Engineering,45,38,67,55,14,22,63,63,2026-07-31,2026-07-31,Yes,No,86715.14,127869.38,4769332.91
2026-07-04,Jul-2026,SKU-123,Smart Drive 1,Premium Equipment,North,Delhi Industrial Systems,SUP-B,Bharat Industrial,45,56,74,68,21,20,47,47,2026-07-14,2026-07-14,Yes,No,115273.88,176077.57,7838623.76
2026-04-01,Apr-2026,SKU-130,Seal Pack 2,Consumables,North,NorthStar Automation,SUP-B,Bharat Industrial,293,273,589,537,136,22,286,262,2026-04-08,2026-04-08,No,No,5326.93,6944.25,2860560.79
2026-07-31,Jul-2026,SKU-115,Connector Set 1,Standard Components,West,Vertex Engineering,SUP-D,Delta Engineering,153,171,277,249,47,19,172,172,2026-08-11,2026-08-11,Yes,No,7509.21,9717.4,1869792.48
2026-03-29,Mar-2026,SKU-130,Seal Pack 2,Consumables,West,Gujarat Process Systems,SUP-B,Bharat Industrial,211,205,444,402,102,18,212,212,2026-04-09,2026-04-09,Yes,No,5423.07,8219.89,2180075.98
2026-03-13,Mar-2026,SKU-122,Vision Inspection Unit 2,Premium Equipment,North,Apex Engineering,SUP-E,Everest Components,36,33,29,22,12,23,39,36,2026-03-23,2026-03-23,No,Yes,75274.74,106599.27,1656044.32
2026-08-10,Aug-2026,SKU-124,Smart Drive 2,Premium Equipment,West,Vertex Engineering,SUP-H,Horizon Parts,45,46,84,71,17,20,65,65,2026-08-22,2026-08-22,Yes,No,97677.56,137387.45,6935106.91
2026-05-01,May-2026,SKU-110,Bearing Assembly 2,Standard Components,North,Delhi Industrial Systems,SUP-E,Everest Components,148,147,209,182,41,19,138,138,2026-05-10,2026-05-17,No,No,6512.06,8759.08,1185194.97
2026-06-05,Jun-2026,SKU-112,Drive Belt 2,Standard Components,Central,Narmada Systems,SUP-B,Bharat Industrial,172,182,272,243,50,14,164,164,2026-06-17,2026-06-17,Yes,No,7548.88,10839.46,1834377.36
2026-05-30,May-2026,SKU-127,Lubrication Kit 1,Consumables,North,Delhi Industrial Systems,SUP-H,Horizon Parts,203,222,431,398,111,21,197,197,2026-06-05,2026-06-05,Yes,No,1411.08,1999.55,561608.76
2026-02-18,Feb-2026,SKU-112,Drive Belt 2,Standard Components,West,Western Manufacturing,SUP-G,Global Motion,100,93,124,104,26,21,100,100,2026-02-26,2026-02-26,Yes,No,9593.0,12903.53,997671.98
2026-07-25,Jul-2026,SKU-126,Filter Cartridge 2,Consumables,West,Western Manufacturing,SUP-G,Global Motion,89,84,146,131,42,17,79,79,2026-08-04,2026-08-04,Yes,No,2318.66,2936.32,303744.18
2026-03-24,Mar-2026,SKU-106,Industrial Sensor 2,Critical Components,North,Horizon Machines,SUP-C,Crest Global,121,99,66,42,31,31,127,124,2026-04-03,2026-04-03,No,Yes,40507.19,57153.9,1701302.14
2026-07-16,Jul-2026,SKU-101,Servo Controller 1,Critical Components,South,TechFab Systems,SUP-C,Crest Global,101,92,81,58,29,27,119,119,2026-07-25,2026-07-31,No,Yes,33652.0,45767.1,1951816.18
2026-05-20,May-2026,SKU-129,Seal Pack 1,Consumables,East,Eastern Process Tech,SUP-C,Crest Global,312,352,735,686,176,28,317,313,2026-05-25,2026-05-27,No,No,2686.03,3644.55,1842619.06
2026-02-27,Feb-2026,SKU-109,Bearing Assembly 1,Standard Components,East,Prime Industrial,SUP-H,Horizon Parts,215,260,371,345,72,12,209,209,2026-03-06,2026-03-06,Yes,No,11667.84,16059.42,4025405.09
2026-06-24,Jun-2026,SKU-126,Filter Cartridge 2,Consumables,South,Deccan Industries,SUP-G,Global Motion,255,276,602,560,138,20,245,245,2026-06-29,2026-06-29,Yes,No,2390.83,2979.37,1338867.18
2026-01-10,Jan-2026,SKU-110,Bearing Assembly 2,Standard Components,West,Western Manufacturing,SUP-B,Bharat Industrial,156,134,237,207,37,15,150,150,2026-01-22,2026-01-22,Yes,No,10506.02,14224.22,2174747.13
2026-02-07,Feb-2026,SKU-130,Seal Pack 2,Consumables,South,Deccan Industries,SUP-B,Bharat Industrial,205,241,485,455,120,16,212,212,2026-02-12,2026-02-12,Yes,No,4404.91,5798.96,2004234.09
2026-05-23,May-2026,SKU-113,Valve Kit 1,Standard Components,North,Horizon Machines,SUP-H,Horizon Parts,188,200,279,242,56,16,205,205,2026-05-29,2026-06-04,No,No,9335.82,11622.23,2259267.3
2026-07-13,Jul-2026,SKU-122,Vision Inspection Unit 2,Premium Equipment,East,Eastern Process Tech,SUP-H,Horizon Parts,65,65,73,56,24,17,86,86,2026-07-25,2026-07-25,Yes,No,64201.74,80850.68,3595297.67
2026-05-28,May-2026,SKU-110,Bearing Assembly 2,Standard Components,East,Orion Industries,SUP-C,Crest Global,174,206,289,268,57,30,164,155,2026-06-05,2026-06-15,No,No,4357.54,6703.38,1167821.09
2026-06-15,Jun-2026,SKU-124,Smart Drive 2,Premium Equipment,Central,Central Industrial Works,SUP-B,Bharat Industrial,49,50,63,52,19,15,57,57,2026-06-20,2026-06-20,Yes,No,112436.3,141279.68,5846687.73
2026-07-26,Jul-2026,SKU-120,Robotic Arm Module 2,Premium Equipment,Central,CoreTech Manufacturing,SUP-H,Horizon Parts,59,50,85,75,19,18,54,54,2026-08-03,2026-08-03,Yes,No,174058.71,264904.85,13054403.15
2026-07-10,Jul-2026,SKU-129,Seal Pack 1,Consumables,North,NorthStar Automation,SUP-H,Horizon Parts,116,128,281,262,64,20,118,118,2026-07-20,2026-07-30,No,No,5380.09,7231.96,1409582.37
2026-05-06,May-2026,SKU-108,Power Module 2,Critical Components,South,Kaveri Engineering,SUP-F,Fusion Tech,131,104,107,84,33,16,123,117,2026-05-11,2026-05-15,No,Yes,30699.9,40422.37,2578791.6
2026-06-02,Jun-2026,SKU-127,Lubrication Kit 1,Consumables,Central,Central Industrial Works,SUP-A,Alpha Components,226,242,519,475,121,20,246,246,2026-06-13,2026-06-13,Yes,No,5354.33,8004.64,2543304.76
2026-02-06,Feb-2026,SKU-124,Smart Drive 2,Premium Equipment,South,Southern Automation,SUP-A,Alpha Components,62,74,139,132,28,16,57,57,2026-02-15,2026-02-15,Yes,No,67531.97,92791.04,8914220.7
2026-02-01,Feb-2026,SKU-108,Power Module 2,Critical Components,West,Gujarat Process Systems,SUP-F,Fusion Tech,74,74,129,112,23,20,85,85,2026-02-06,2026-02-17,No,No,21091.44,27244.89,2362241.34
2026-03-30,Mar-2026,SKU-118,CNC Control Unit 2,Premium Equipment,South,TechFab Systems,SUP-C,Crest Global,69,77,153,140,29,27,79,79,2026-04-10,2026-04-18,No,No,65302.5,98267.51,9142349.59
2026-01-10,Jan-2026,SKU-111,Drive Belt 1,Standard Components,North,Delhi Industrial Systems,SUP-E,Everest Components,103,107,153,134,29,18,102,102,2026-01-15,2026-01-15,Yes,No,9815.78,13292.25,1315314.79
2026-08-14,Aug-2026,SKU-120,Robotic Arm Module 2,Premium Equipment,South,Kaveri Engineering,SUP-H,Horizon Parts,50,59,103,98,22,16,43,43,2026-08-23,2026-08-23,Yes,No,116588.66,169375.2,11425689.09
2026-01-20,Jan-2026,SKU-128,Lubrication Kit 2,Consumables,South,TechFab Systems,SUP-E,Everest Components,261,274,622,571,137,19,276,276,2026-01-29,2026-01-29,Yes,No,1661.16,2570.05,948520.14
2026-04-03,Apr-2026,SKU-112,Drive Belt 2,Standard Components,East,Bengal Engineering,SUP-F,Fusion Tech,153,156,199,169,43,22,157,157,2026-04-15,2026-04-15,Yes,No,9734.32,12456.62,1645100.06
2026-03-04,Mar-2026,SKU-128,Lubrication Kit 2,Consumables,South,Southern Automation,SUP-C,Crest Global,228,276,607,573,138,26,252,252,2026-03-16,2026-03-16,Yes,No,1141.33,1410.57,653980.77
2026-03-09,Mar-2026,SKU-109,Bearing Assembly 1,Standard Components,South,Deccan Industries,SUP-H,Horizon Parts,169,150,233,195,42,15,190,190,2026-03-18,2026-03-18,Yes,No,5643.9,8165.23,1100561.01
2026-03-22,Mar-2026,SKU-122,Vision Inspection Unit 2,Premium Equipment,South,Deccan Industries,SUP-B,Bharat Industrial,55,52,42,32,19,20,53,53,2026-03-27,2026-04-05,No,Yes,86183.28,132836.59,2757864.81
2026-04-03,Apr-2026,SKU-102,Servo Controller 2,Critical Components,South,Southern Automation,SUP-F,Fusion Tech,100,112,96,76,35,28,120,120,2026-04-15,2026-04-21,No,Yes,34823.29,51649.51,2646569.96
2026-02-18,Feb-2026,SKU-109,Bearing Assembly 1,Standard Components,Central,Narmada Systems,SUP-D,Delta Engineering,235,240,357,313,67,22,229,229,2026-02-28,2026-02-28,Yes,No,5230.64,6382.71,1637188.83
2026-04-26,Apr-2026,SKU-105,Industrial Sensor 1,Critical Components,South,TechFab Systems,SUP-B,Bharat Industrial,109,107,138,113,34,13,125,125,2026-05-08,2026-05-13,No,No,26922.83,41137.54,3042279.9
2026-01-15,Jan-2026,SKU-103,Precision Gearbox 1,Critical Components,North,Apex Engineering,SUP-G,Global Motion,115,85,94,72,27,21,114,114,2026-01-21,2026-01-21,Yes,Yes,27734.83,34885.19,1996907.75
2026-03-08,Mar-2026,SKU-108,Power Module 2,Critical Components,South,Kaveri Engineering,SUP-E,Everest Components,121,98,87,63,31,18,137,121,2026-03-18,2026-03-18,No,Yes,49059.4,68535.0,3090742.39
2026-02-15,Feb-2026,SKU-125,Filter Cartridge 1,Consumables,East,Eastern Process Tech,SUP-A,Alpha Components,210,228,480,439,114,10,235,235,2026-02-24,2026-02-24,Yes,No,2128.77,2924.54,934531.76
2026-03-03,Mar-2026,SKU-102,Servo Controller 2,Critical Components,Central,Vindhya Engineering,SUP-A,Alpha Components,100,92,75,53,29,19,113,113,2026-03-12,2026-03-12,Yes,Yes,31350.61,40939.83,1661582.54
2026-05-08,May-2026,SKU-117,CNC Control Unit 1,Premium Equipment,East,Prime Industrial,SUP-G,Global Motion,41,39,61,48,14,17,66,66,2026-05-20,2026-05-20,Yes,No,108888.42,154677.59,5226643.92
2026-04-08,Apr-2026,SKU-126,Filter Cartridge 2,Consumables,North,Horizon Machines,SUP-D,Delta Engineering,264,278,592,543,139,28,267,267,2026-04-15,2026-04-15,Yes,No,2426.68,3225.83,1317684.73
2026-07-26,Jul-2026,SKU-114,Valve Kit 2,Standard Components,South,Kaveri Engineering,SUP-H,Horizon Parts,126,127,172,143,35,17,147,147,2026-08-07,2026-08-07,Yes,No,12155.97,16757.74,1738303.21
2026-02-13,Feb-2026,SKU-101,Servo Controller 1,Critical Components,West,Gujarat Process Systems,SUP-C,Crest Global,175,167,173,136,53,29,185,185,2026-02-18,2026-02-23,No,Yes,45723.14,65828.36,6218346.69
2026-06-04,Jun-2026,SKU-114,Valve Kit 2,Standard Components,East,Prime Industrial,SUP-G,Global Motion,151,141,200,167,39,17,165,165,2026-06-12,2026-06-12,Yes,No,11377.3,16400.52,1900009.07
2026-01-12,Jan-2026,SKU-102,Servo Controller 2,Critical Components,East,Orion Industries,SUP-C,Crest Global,124,116,101,73,37,35,145,140,2026-01-18,2026-01-18,No,Yes,44702.53,60634.2,3263284.44
2026-04-14,Apr-2026,SKU-110,Bearing Assembly 2,Standard Components,East,Prime Industrial,SUP-D,Delta Engineering,151,168,229,202,47,20,162,162,2026-04-24,2026-04-24,Yes,No,4408.24,6682.41,890463.72
2026-03-19,Mar-2026,SKU-103,Precision Gearbox 1,Critical Components,South,Kaveri Engineering,SUP-C,Crest Global,157,100,114,82,32,27,170,164,2026-03-28,2026-03-28,No,Yes,42279.39,64252.46,3466909.91
2026-04-01,Apr-2026,SKU-105,Industrial Sensor 1,Critical Components,South,Kaveri Engineering,SUP-A,Alpha Components,111,93,122,96,29,17,132,132,2026-04-10,2026-04-10,Yes,No,40837.97,52432.74,3920444.76
2026-01-26,Jan-2026,SKU-121,Vision Inspection Unit 1,Premium Equipment,North,NorthStar Automation,SUP-F,Fusion Tech,68,54,69,56,20,25,67,67,2026-02-02,2026-02-07,No,No,122086.39,156656.33,6836837.78
2026-01-23,Jan-2026,SKU-116,Connector Set 2,Standard Components,Central,Vindhya Engineering,SUP-H,Horizon Parts,197,207,302,267,57,18,194,194,2026-01-28,2026-01-28,Yes,No,6877.46,8988.69,1836281.03
2026-02-05,Feb-2026,SKU-116,Connector Set 2,Standard Components,West,Metro Automation,SUP-A,Alpha Components,165,167,247,215,46,10,160,160,2026-02-11,2026-02-11,Yes,No,11748.73,17617.33,2525977.07
2026-04-11,Apr-2026,SKU-110,Bearing Assembly 2,Standard Components,Central,Narmada Systems,SUP-G,Global Motion,130,121,179,155,33,19,122,122,2026-04-17,2026-04-17,Yes,No,3302.25,5117.85,511848.14
2026-05-28,May-2026,SKU-107,Power Module 1,Critical Components,South,TechFab Systems,SUP-H,Horizon Parts,111,87,101,81,27,17,101,101,2026-06-09,2026-06-09,Yes,Yes,34974.45,51979.09,2832930.33
2026-08-24,Aug-2026,SKU-125,Filter Cartridge 1,Consumables,South,TechFab Systems,SUP-H,Horizon Parts,180,193,418,384,96,18,192,192,2026-09-04,2026-09-04,Yes,No,2342.17,3612.37,899395.05
2026-06-07,Jun-2026,SKU-118,CNC Control Unit 2,Premium Equipment,West,Metro Automation,SUP-E,Everest Components,65,65,97,83,24,20,71,71,2026-06-19,2026-06-19,Yes,No,68317.83,100206.68,5670379.71
2026-06-11,Jun-2026,SKU-119,Robotic Arm Module 1,Premium Equipment,North,NorthStar Automation,SUP-E,Everest Components,77,84,128,113,31,22,89,89,2026-06-17,2026-06-17,Yes,No,170682.46,213166.07,19287117.6
2026-08-07,Aug-2026,SKU-103,Precision Gearbox 1,Critical Components,North,NorthStar Automation,SUP-E,Everest Components,90,94,112,95,30,19,104,91,2026-08-16,2026-08-16,No,No,62677.41,84296.63,5954354.13
2026-06-16,Jun-2026,SKU-118,CNC Control Unit 2,Premium Equipment,East,Eastern Process Tech,SUP-H,Horizon Parts,74,74,118,105,28,16,67,67,2026-06-28,2026-06-28,Yes,No,115785.82,174180.72,12157511.46
2026-06-21,Jun-2026,SKU-131,Coolant Module 1,Consumables,South,TechFab Systems,SUP-D,Delta Engineering,256,223,458,408,111,22,252,252,2026-06-27,2026-06-27,Yes,No,5465.69,7169.62,2230002.46
2026-01-11,Jan-2026,SKU-111,Drive Belt 1,Standard Components,Central,CoreTech Manufacturing,SUP-E,Everest Components,140,178,236,217,49,17,157,157,2026-01-19,2026-01-19,Yes,No,8468.3,13083.75,1837621.69
2026-08-29,Aug-2026,SKU-122,Vision Inspection Unit 2,Premium Equipment,South,Southern Automation,SUP-D,Delta Engineering,44,42,58,49,15,20,47,47,2026-09-08,2026-09-08,Yes,No,61925.15,91834.95,3034332.54
2026-06-03,Jun-2026,SKU-112,Drive Belt 2,Standard Components,South,Kaveri Engineering,SUP-F,Fusion Tech,176,196,300,267,54,24,196,196,2026-06-15,2026-06-15,Yes,No,4989.24,6790.85,1332127.88
2026-08-26,Aug-2026,SKU-110,Bearing Assembly 2,Standard Components,South,Kaveri Engineering,SUP-C,Crest Global,165,159,201,169,44,26,177,163,2026-09-05,2026-09-09,No,No,4264.49,5981.48,720698.67
2026-06-23,Jun-2026,SKU-106,Industrial Sensor 2,Critical Components,South,Deccan Industries,SUP-H,Horizon Parts,130,108,124,97,34,18,150,139,2026-06-28,2026-06-28,No,Yes,35168.69,52477.65,3411363.0
2026-05-03,May-2026,SKU-109,Bearing Assembly 1,Standard Components,North,Apex Engineering,SUP-G,Global Motion,181,184,237,200,51,19,194,194,2026-05-14,2026-05-14,Yes,No,9314.09,11675.55,1862818.13
2026-03-21,Mar-2026,SKU-121,Vision Inspection Unit 1,Premium Equipment,South,Deccan Industries,SUP-D,Delta Engineering,54,51,58,48,19,18,50,50,2026-04-01,2026-04-01,Yes,No,100264.48,149909.22,4812695.17
2026-06-20,Jun-2026,SKU-104,Precision Gearbox 2,Critical Components,South,Southern Automation,SUP-C,Crest Global,119,103,133,111,32,33,116,112,2026-06-26,2026-07-03,No,No,21468.58,28018.96,2383012.43
2026-03-10,Mar-2026,SKU-106,Industrial Sensor 2,Critical Components,North,Apex Engineering,SUP-G,Global Motion,158,136,141,107,43,19,181,173,2026-03-21,2026-03-31,No,Yes,20408.0,30419.61,2183655.7
2026-08-11,Aug-2026,SKU-126,Filter Cartridge 2,Consumables,East,Bengal Engineering,SUP-D,Delta Engineering,236,264,563,526,132,19,255,231,2026-08-22,2026-08-22,No,No,1129.97,1430.22,594366.46
2026-01-23,Jan-2026,SKU-109,Bearing Assembly 1,Standard Components,Central,Central Industrial Works,SUP-G,Global Motion,170,178,233,200,49,18,178,178,2026-02-03,2026-02-03,Yes,No,13709.6,17583.41,2741919.25
2026-03-13,Mar-2026,SKU-108,Power Module 2,Critical Components,West,Metro Automation,SUP-D,Delta Engineering,108,96,87,67,30,23,102,102,2026-03-25,2026-03-25,Yes,Yes,18702.68,23235.22,1253079.23
2026-05-31,May-2026,SKU-115,Connector Set 1,Standard Components,West,Vertex Engineering,SUP-C,Crest Global,180,154,201,163,43,30,195,192,2026-06-07,2026-06-07,No,No,7802.6,10980.84,1271823.28
2026-08-09,Aug-2026,SKU-111,Drive Belt 1,Standard Components,Central,CoreTech Manufacturing,SUP-C,Crest Global,178,165,252,212,46,26,201,201,2026-08-17,2026-08-29,No,No,11317.56,14229.32,2399321.69
2026-08-19,Aug-2026,SKU-108,Power Module 2,Critical Components,North,Delhi Industrial Systems,SUP-C,Crest Global,95,82,83,60,26,30,115,115,2026-08-29,2026-08-29,Yes,Yes,34342.84,49154.97,2060570.43
2026-04-14,Apr-2026,SKU-111,Drive Belt 1,Standard Components,West,Metro Automation,SUP-A,Alpha Components,194,213,310,276,59,17,201,201,2026-04-22,2026-04-22,Yes,No,4553.64,6644.67,1256805.16
2026-03-01,Mar-2026,SKU-110,Bearing Assembly 2,Standard Components,North,Horizon Machines,SUP-B,Bharat Industrial,172,171,230,192,47,20,191,191,2026-03-13,2026-03-23,No,No,12051.65,15959.15,2313916.97
2026-04-03,Apr-2026,SKU-105,Industrial Sensor 1,Critical Components,East,Bengal Engineering,SUP-C,Crest Global,88,80,95,77,25,30,91,90,2026-04-15,2026-04-15,No,No,51392.75,73772.69,3957241.6
2026-08-13,Aug-2026,SKU-128,Lubrication Kit 2,Consumables,North,Delhi Industrial Systems,SUP-F,Fusion Tech,240,251,514,471,125,23,230,230,2026-08-23,2026-08-23,Yes,No,1486.92,2287.06,700338.6
2026-06-14,Jun-2026,SKU-117,CNC Control Unit 1,Premium Equipment,Central,Vindhya Engineering,SUP-H,Horizon Parts,61,76,88,83,28,21,53,53,2026-06-22,2026-06-22,Yes,No,108344.9,165061.94,8992626.45
2026-05-24,May-2026,SKU-123,Smart Drive 1,Premium Equipment,North,Apex Engineering,SUP-H,Horizon Parts,61,62,95,84,23,20,59,59,2026-06-02,2026-06-02,Yes,No,75020.72,102167.8,6301740.56
2026-08-20,Aug-2026,SKU-114,Valve Kit 2,Standard Components,East,Orion Industries,SUP-B,Bharat Industrial,177,205,308,284,57,16,168,168,2026-08-30,2026-08-30,Yes,No,3820.47,4983.64,1085013.39
2026-02-06,Feb-2026,SKU-109,Bearing Assembly 1,Standard Components,South,Southern Automation,SUP-D,Delta Engineering,169,165,268,235,46,11,167,167,2026-02-16,2026-02-16,Yes,No,8582.89,12367.86,2016979.56
2026-06-28,Jun-2026,SKU-110,Bearing Assembly 2,Standard Components,Central,CoreTech Manufacturing,SUP-D,Delta Engineering,192,191,282,241,53,20,209,209,2026-07-05,2026-07-05,Yes,No,12441.39,16805.96,2998375.29
2026-02-05,Feb-2026,SKU-128,Lubrication Kit 2,Consumables,West,Metro Automation,SUP-G,Global Motion,263,253,527,474,126,18,266,266,2026-02-14,2026-02-14,Yes,No,1268.07,1710.65,601067.05
2026-06-02,Jun-2026,SKU-130,Seal Pack 2,Consumables,North,Horizon Machines,SUP-E,Everest Components,243,237,499,447,118,20,264,264,2026-06-09,2026-06-09,Yes,No,3555.84,4685.13,1589459.64
2026-02-04,Feb-2026,SKU-123,Smart Drive 1,Premium Equipment,North,Apex Engineering,SUP-G,Global Motion,33,25,54,48,9,16,30,30,2026-02-11,2026-02-11,Yes,No,142039.27,210466.75,6817884.81
2026-05-26,May-2026,SKU-104,Precision Gearbox 2,Critical Components,South,Southern Automation,SUP-H,Horizon Parts,97,71,120,103,22,18,90,88,2026-06-04,2026-06-04,No,No,37015.82,52437.3,3812629.34
2026-01-16,Jan-2026,SKU-107,Power Module 1,Critical Components,North,Horizon Machines,SUP-F,Fusion Tech,122,94,65,39,30,22,140,132,2026-01-23,2026-01-23,No,Yes,28389.31,43716.47,1107182.95
2026-01-10,Jan-2026,SKU-117,CNC Control Unit 1,Premium Equipment,Central,CoreTech Manufacturing,SUP-A,Alpha Components,51,43,82,73,16,18,45,45,2026-01-19,2026-01-19,Yes,No,166609.2,241888.4,12162471.28
2026-07-01,Jul-2026,SKU-119,Robotic Arm Module 1,Premium Equipment,West,Vertex Engineering,SUP-C,Crest Global,74,78,135,120,29,25,84,84,2026-07-07,2026-07-07,Yes,No,129051.78,158223.43,15486213.32
2026-03-24,Mar-2026,SKU-122,Vision Inspection Unit 2,Premium Equipment,East,Bengal Engineering,SUP-H,Horizon Parts,69,63,88,72,23,18,83,83,2026-04-03,2026-04-13,No,No,154749.02,206597.38,11141929.31
2026-08-30,Aug-2026,SKU-111,Drive Belt 1,Standard Components,North,Delhi Industrial Systems,SUP-D,Delta Engineering,112,123,168,148,34,22,119,119,2026-09-05,2026-09-05,Yes,No,9144.32,11841.92,1353359.61
2026-06-29,Jun-2026,SKU-132,Coolant Module 2,Consumables,South,Deccan Industries,SUP-B,Bharat Industrial,220,194,392,344,97,13,240,240,2026-07-06,2026-07-06,Yes,No,5194.69,7901.55,1786974.73
2026-08-12,Aug-2026,SKU-115,Connector Set 1,Standard Components,North,NorthStar Automation,SUP-F,Fusion Tech,162,154,241,205,43,22,184,184,2026-08-21,2026-08-21,Yes,No,7875.23,11971.07,1614422.92
2026-05-30,May-2026,SKU-101,Servo Controller 1,Critical Components,West,Metro Automation,SUP-C,Crest Global,88,68,67,50,21,32,97,88,2026-06-08,2026-06-13,No,Yes,31023.88,47120.83,1551193.89
2026-02-17,Feb-2026,SKU-128,Lubrication Kit 2,Consumables,North,Horizon Machines,SUP-E,Everest Components,216,215,455,409,107,15,231,231,2026-02-26,2026-02-26,Yes,No,3672.75,4879.98,1502155.71
2026-06-14,Jun-2026,SKU-104,Precision Gearbox 2,Critical Components,East,Prime Industrial,SUP-C,Crest Global,130,99,60,30,31,27,151,151,2026-06-20,2026-06-20,Yes,Yes,42733.64,52684.22,1282009.16
2026-08-08,Aug-2026,SKU-114,Valve Kit 2,Standard Components,North,NorthStar Automation,SUP-B,Bharat Industrial,171,134,195,159,37,17,181,181,2026-08-13,2026-08-13,Yes,No,6960.9,10135.86,1106782.83
2026-05-13,May-2026,SKU-121,Vision Inspection Unit 1,Premium Equipment,South,Southern Automation,SUP-D,Delta Engineering,46,49,116,106,18,16,57,57,2026-05-18,2026-05-18,Yes,No,175250.66,253327.34,18576570.17
2026-04-15,Apr-2026,SKU-121,Vision Inspection Unit 1,Premium Equipment,North,NorthStar Automation,SUP-D,Delta Engineering,54,62,103,95,23,23,53,53,2026-04-20,2026-04-20,Yes,No,115258.93,156738.39,10949598.0
2026-06-10,Jun-2026,SKU-122,Vision Inspection Unit 2,Premium Equipment,Central,Vindhya Engineering,SUP-F,Fusion Tech,53,58,106,97,22,12,52,52,2026-06-21,2026-06-21,Yes,No,176796.88,270146.46,17149297.2
2026-04-07,Apr-2026,SKU-118,CNC Control Unit 2,Premium Equipment,West,Metro Automation,SUP-B,Bharat Industrial,62,58,70,60,22,11,57,51,2026-04-12,2026-04-12,No,No,105652.64,134783.59,6339158.63
2026-02-12,Feb-2026,SKU-116,Connector Set 2,Standard Components,West,Western Manufacturing,SUP-F,Fusion Tech,151,160,221,198,44,18,141,130,2026-02-22,2026-02-22,No,No,6329.12,9195.45,1253166.03
2026-04-24,Apr-2026,SKU-101,Servo Controller 1,Critical Components,East,Prime Industrial,SUP-F,Fusion Tech,93,70,67,49,22,22,91,91,2026-05-02,2026-05-02,Yes,Yes,46228.48,64324.67,2265195.67
2026-07-01,Jul-2026,SKU-116,Connector Set 2,Standard Components,South,Kaveri Engineering,SUP-C,Crest Global,195,187,265,226,52,27,196,196,2026-07-13,2026-07-13,Yes,No,2768.68,3411.71,625722.46
2026-06-18,Jun-2026,SKU-130,Seal Pack 2,Consumables,North,Apex Engineering,SUP-F,Fusion Tech,213,215,459,416,107,26,219,219,2026-06-23,2026-06-23,Yes,No,2597.24,3792.7,1080453.91
2026-05-26,May-2026,SKU-113,Valve Kit 1,Standard Components,West,Gujarat Process Systems,SUP-B,Bharat Industrial,170,158,208,175,44,22,169,169,2026-06-05,2026-06-05,Yes,No,4335.58,5369.03,758726.02
2026-05-28,May-2026,SKU-109,Bearing Assembly 1,Standard Components,Central,Vindhya Engineering,SUP-H,Horizon Parts,143,147,211,182,41,17,151,151,2026-06-07,2026-06-07,Yes,No,12725.09,19444.78,2315966.68
2026-01-20,Jan-2026,SKU-126,Filter Cartridge 2,Consumables,North,Delhi Industrial Systems,SUP-A,Alpha Components,360,358,799,726,179,21,368,368,2026-01-31,2026-01-31,Yes,No,3108.03,3805.27,2256427.67
2026-05-30,May-2026,SKU-127,Lubrication Kit 1,Consumables,West,Western Manufacturing,SUP-G,Global Motion,323,286,611,546,143,14,329,328,2026-06-06,2026-06-06,No,No,3005.59,4209.8,1641049.82
2026-05-22,May-2026,SKU-117,CNC Control Unit 1,Premium Equipment,North,Apex Engineering,SUP-E,Everest Components,47,50,86,79,19,15,42,42,2026-06-03,2026-06-06,No,No,120306.58,152186.53,9504220.17
2026-07-27,Jul-2026,SKU-110,Bearing Assembly 2,Standard Components,Central,Central Industrial Works,SUP-G,Global Motion,150,169,241,213,47,20,171,171,2026-08-07,2026-08-07,Yes,No,10748.21,13826.68,2289367.96
2026-06-30,Jun-2026,SKU-126,Filter Cartridge 2,Consumables,South,Kaveri Engineering,SUP-F,Fusion Tech,202,207,427,390,103,19,199,193,2026-07-09,2026-07-09,No,No,4022.66,5018.1,1568838.49
2026-04-17,Apr-2026,SKU-102,Servo Controller 2,Critical Components,North,Apex Engineering,SUP-H,Horizon Parts,105,87,94,69,27,22,125,125,2026-04-28,2026-04-28,Yes,Yes,60225.37,75531.16,4155550.37
2026-01-19,Jan-2026,SKU-131,Coolant Module 1,Consumables,West,Western Manufacturing,SUP-E,Everest Components,236,284,589,555,142,14,254,254,2026-01-31,2026-01-31,Yes,No,1052.43,1622.39,584098.81
2026-01-28,Jan-2026,SKU-103,Precision Gearbox 1,Critical Components,Central,Central Industrial Works,SUP-A,Alpha Components,72,64,68,56,20,11,63,63,2026-02-02,2026-02-02,Yes,Yes,24984.07,36768.02,1399108.0
2026-06-14,Jun-2026,SKU-115,Connector Set 1,Standard Components,West,Gujarat Process Systems,SUP-A,Alpha Components,258,304,472,432,85,19,278,278,2026-06-26,2026-06-26,Yes,No,10467.42,14980.98,4521923.63
2026-08-15,Aug-2026,SKU-128,Lubrication Kit 2,Consumables,South,Kaveri Engineering,SUP-E,Everest Components,199,255,550,527,127,15,205,205,2026-08-22,2026-08-22,Yes,No,4178.35,5705.4,2201992.53
2026-01-15,Jan-2026,SKU-124,Smart Drive 2,Premium Equipment,North,Delhi Industrial Systems,SUP-D,Delta Engineering,36,37,47,37,14,22,53,53,2026-01-26,2026-01-26,Yes,No,110911.08,162525.66,4103710.11
2026-08-23,Aug-2026,SKU-125,Filter Cartridge 1,Consumables,West,Western Manufacturing,SUP-F,Fusion Tech,153,191,378,361,95,22,145,145,2026-09-01,2026-09-01,Yes,No,3564.68,4389.92,1286851.14
2026-01-19,Jan-2026,SKU-114,Valve Kit 2,Standard Components,Central,CoreTech Manufacturing,SUP-G,Global Motion,193,226,303,275,63,17,199,199,2026-01-30,2026-01-30,Yes,No,11295.81,16526.78,3106346.42
2026-02-01,Feb-2026,SKU-107,Power Module 1,Critical Components,Central,Central Industrial Works,SUP-E,Everest Components,152,139,170,144,44,13,146,132,2026-02-12,2026-02-22,No,No,44033.44,56132.15,6340815.58
2026-03-08,Mar-2026,SKU-123,Smart Drive 1,Premium Equipment,West,Metro Automation,SUP-B,Bharat Industrial,52,51,57,47,19,19,54,54,2026-03-13,2026-03-13,Yes,No,137080.13,174243.22,6442765.95
2026-06-11,Jun-2026,SKU-132,Coolant Module 2,Consumables,West,Gujarat Process Systems,SUP-A,Alpha Components,207,242,503,468,121,14,230,230,2026-06-23,2026-06-23,Yes,No,5351.41,8036.62,2504460.88
2026-07-29,Jul-2026,SKU-119,Robotic Arm Module 1,Premium Equipment,East,Orion Industries,SUP-E,Everest Components,40,41,87,76,15,15,59,55,2026-08-07,2026-08-07,No,No,65075.51,89227.87,4945738.6
2026-05-12,May-2026,SKU-122,Vision Inspection Unit 2,Premium Equipment,East,Orion Industries,SUP-F,Fusion Tech,65,54,69,53,20,23,82,82,2026-05-24,2026-05-24,Yes,No,113829.64,151245.27,6032970.99
2026-03-12,Mar-2026,SKU-129,Seal Pack 1,Consumables,West,Western Manufacturing,SUP-D,Delta Engineering,240,273,530,493,136,12,243,243,2026-03-17,2026-03-17,Yes,No,2364.5,3657.98,1165696.19
2026-07-02,Jul-2026,SKU-114,Valve Kit 2,Standard Components,South,Southern Automation,SUP-A,Alpha Components,211,242,324,291,67,17,219,219,2026-07-10,2026-07-10,Yes,No,6518.94,10063.88,1897010.23
2026-04-19,Apr-2026,SKU-126,Filter Cartridge 2,Consumables,North,Delhi Industrial Systems,SUP-D,Delta Engineering,256,268,554,505,134,27,267,267,2026-04-24,2026-04-28,No,No,2912.7,4441.45,1470913.61
2026-03-07,Mar-2026,SKU-116,Connector Set 2,Standard Components,North,NorthStar Automation,SUP-C,Crest Global,205,154,177,132,43,26,229,229,2026-03-14,2026-03-14,Yes,Yes,12554.88,18630.62,1657244.73
2026-01-31,Jan-2026,SKU-109,Bearing Assembly 1,Standard Components,East,Bengal Engineering,SUP-A,Alpha Components,101,102,137,119,28,12,94,94,2026-02-11,2026-02-11,Yes,No,5936.29,8248.4,706418.29
2026-04-11,Apr-2026,SKU-115,Connector Set 1,Standard Components,South,TechFab Systems,SUP-E,Everest Components,250,283,438,395,79,19,273,273,2026-04-18,2026-04-18,Yes,No,10121.88,14299.38,3998143.45
2026-08-26,Aug-2026,SKU-121,Vision Inspection Unit 1,Premium Equipment,West,Vertex Engineering,SUP-G,Global Motion,33,29,41,30,11,16,57,57,2026-09-02,2026-09-11,No,No,59500.42,77352.8,1785012.55
2026-06-25,Jun-2026,SKU-115,Connector Set 1,Standard Components,West,Gujarat Process Systems,SUP-H,Horizon Parts,210,232,320,285,64,19,210,210,2026-07-03,2026-07-03,Yes,No,8513.97,11630.34,2426482.68
2026-08-16,Aug-2026,SKU-131,Coolant Module 1,Consumables,East,Bengal Engineering,SUP-G,Global Motion,272,276,566,513,138,19,271,271,2026-08-27,2026-09-08,No,No,3070.65,4314.7,1575243.69
2026-08-05,Aug-2026,SKU-118,CNC Control Unit 2,Premium Equipment,South,Deccan Industries,SUP-A,Alpha Components,36,39,72,64,14,16,48,48,2026-08-15,2026-08-15,Yes,No,79109.73,118933.32,5063022.57
2026-08-10,Aug-2026,SKU-129,Seal Pack 1,Consumables,East,Eastern Process Tech,SUP-A,Alpha Components,202,234,485,451,117,11,222,222,2026-08-17,2026-08-17,Yes,No,1600.01,2133.85,721605.32
2026-08-29,Aug-2026,SKU-129,Seal Pack 1,Consumables,Central,Central Industrial Works,SUP-E,Everest Components,176,154,331,296,77,21,175,175,2026-09-08,2026-09-08,Yes,No,4014.49,6197.42,1188287.82
2026-07-27,Jul-2026,SKU-129,Seal Pack 1,Consumables,Central,Narmada Systems,SUP-A,Alpha Components,202,229,484,454,114,12,196,196,2026-08-07,2026-08-07,Yes,No,1894.38,2555.56,860048.23
2026-07-25,Jul-2026,SKU-122,Vision Inspection Unit 2,Premium Equipment,South,Deccan Industries,SUP-E,Everest Components,61,59,52,37,22,13,78,78,2026-08-02,2026-08-02,Yes,Yes,63819.14,83828.34,2361308.13
2026-06-08,Jun-2026,SKU-122,Vision Inspection Unit 2,Premium Equipment,South,Kaveri Engineering,SUP-H,Horizon Parts,75,77,123,108,29,16,81,76,2026-06-17,2026-06-24,No,No,58003.68,76947.7,6264397.52
2026-01-20,Jan-2026,SKU-106,Industrial Sensor 2,Critical Components,North,Apex Engineering,SUP-C,Crest Global,144,118,127,102,37,32,139,128,2026-01-28,2026-01-28,No,Yes,37942.02,55993.7,3870086.36
2026-01-24,Jan-2026,SKU-103,Precision Gearbox 1,Critical Components,East,Eastern Process Tech,SUP-H,Horizon Parts,103,94,110,89,30,12,105,105,2026-02-05,2026-02-05,Yes,No,47886.73,59541.87,4261919.29
2026-03-27,Mar-2026,SKU-125,Filter Cartridge 1,Consumables,South,Kaveri Engineering,SUP-F,Fusion Tech,141,161,322,296,80,19,162,162,2026-04-06,2026-04-06,Yes,No,2323.79,3332.35,687841.15
2026-06-30,Jun-2026,SKU-125,Filter Cartridge 1,Consumables,North,Apex Engineering,SUP-H,Horizon Parts,264,310,615,579,155,26,258,258,2026-07-10,2026-07-22,No,No,2524.77,3754.27,1461844.15
2026-01-20,Jan-2026,SKU-130,Seal Pack 2,Consumables,Central,Vindhya Engineering,SUP-B,Bharat Industrial,195,223,447,417,111,20,196,196,2026-01-30,2026-01-30,Yes,No,1761.19,2607.51,734418.13
2026-06-24,Jun-2026,SKU-109,Bearing Assembly 1,Standard Components,East,Prime Industrial,SUP-E,Everest Components,154,154,195,166,43,16,163,147,2026-07-04,2026-07-04,No,No,10820.2,16742.8,1796152.79
2026-08-17,Aug-2026,SKU-119,Robotic Arm Module 1,Premium Equipment,North,Delhi Industrial Systems,SUP-D,Delta Engineering,63,62,131,118,23,19,69,69,2026-08-23,2026-08-24,No,No,75595.75,100134.5,8920298.19
2026-05-30,May-2026,SKU-104,Precision Gearbox 2,Critical Components,West,Vertex Engineering,SUP-H,Horizon Parts,64,57,79,67,18,22,69,63,2026-06-10,2026-06-10,No,No,44023.34,56671.35,2949564.04
2026-03-23,Mar-2026,SKU-115,Connector Set 1,Standard Components,South,TechFab Systems,SUP-H,Horizon Parts,201,208,269,231,58,18,202,202,2026-04-03,2026-04-03,Yes,No,8176.04,12046.92,1888665.56
2026-02-12,Feb-2026,SKU-102,Servo Controller 2,Critical Components,West,Western Manufacturing,SUP-G,Global Motion,111,81,85,62,25,19,119,119,2026-02-21,2026-02-21,Yes,Yes,25649.77,36749.95,1590286.01
2026-07-06,Jul-2026,SKU-105,Industrial Sensor 1,Critical Components,East,Prime Industrial,SUP-C,Crest Global,98,89,86,71,28,27,90,79,2026-07-14,2026-07-14,No,Yes,36450.09,49788.95,2587956.33
2026-02-12,Feb-2026,SKU-115,Connector Set 1,Standard Components,West,Metro Automation,SUP-H,Horizon Parts,201,207,276,239,57,23,195,195,2026-02-18,2026-02-18,Yes,No,10443.99,13138.54,2496113.47
2026-05-14,May-2026,SKU-131,Coolant Module 1,Consumables,South,TechFab Systems,SUP-A,Alpha Components,298,358,747,707,179,16,303,303,2026-05-23,2026-05-23,Yes,No,5003.52,6888.18,3537488.36
2026-04-15,Apr-2026,SKU-123,Smart Drive 1,Premium Equipment,North,NorthStar Automation,SUP-H,Horizon Parts,50,57,117,110,21,18,49,49,2026-04-26,2026-04-26,Yes,No,159406.01,244958.37,17534660.85
2026-05-13,May-2026,SKU-105,Industrial Sensor 1,Critical Components,North,Apex Engineering,SUP-C,Crest Global,151,111,110,81,35,36,165,149,2026-05-24,2026-05-24,No,Yes,39697.86,60405.02,3215526.68
2026-08-13,Aug-2026,SKU-126,Filter Cartridge 2,Consumables,South,Southern Automation,SUP-C,Crest Global,238,255,527,481,127,26,259,259,2026-08-23,2026-08-23,Yes,No,5091.44,6672.5,2448980.74
2026-01-17,Jan-2026,SKU-127,Lubrication Kit 1,Consumables,North,Delhi Industrial Systems,SUP-D,Delta Engineering,199,258,522,500,129,24,207,207,2026-01-25,2026-01-25,Yes,No,4241.38,6351.21,2120689.78
2026-05-11,May-2026,SKU-112,Drive Belt 2,Standard Components,North,Horizon Machines,SUP-C,Crest Global,157,135,205,175,37,28,154,154,2026-05-17,2026-05-24,No,No,13584.34,17312.97,2377258.73
2026-07-16,Jul-2026,SKU-116,Connector Set 2,Standard Components,South,Southern Automation,SUP-H,Horizon Parts,179,220,303,280,61,19,184,184,2026-07-21,2026-07-21,Yes,No,5436.37,7387.81,1522182.44
2026-07-28,Jul-2026,SKU-118,CNC Control Unit 2,Premium Equipment,East,Prime Industrial,SUP-E,Everest Components,59,61,82,68,23,17,74,74,2026-08-09,2026-08-09,Yes,No,115098.24,150300.9,7826680.04
2026-05-16,May-2026,SKU-120,Robotic Arm Module 2,Premium Equipment,North,Apex Engineering,SUP-B,Bharat Industrial,59,53,62,46,20,20,83,83,2026-05-25,2026-05-25,Yes,No,64086.46,80686.56,2947977.04
2026-03-24,Mar-2026,SKU-125,Filter Cartridge 1,Consumables,Central,Vindhya Engineering,SUP-G,Global Motion,297,340,742,699,170,21,288,288,2026-04-03,2026-04-03,Yes,No,2013.56,2949.26,1407478.82
2026-05-13,May-2026,SKU-116,Connector Set 2,Standard Components,South,TechFab Systems,SUP-D,Delta Engineering,159,159,231,198,44,19,167,167,2026-05-22,2026-05-22,Yes,No,13906.62,18848.89,2753510.61
2026-04-23,Apr-2026,SKU-102,Servo Controller 2,Critical Components,North,Apex Engineering,SUP-G,Global Motion,172,173,176,142,55,21,171,170,2026-05-04,2026-05-12,No,No,60633.56,88515.11,8609966.02
2026-07-20,Jul-2026,SKU-129,Seal Pack 1,Consumables,West,Gujarat Process Systems,SUP-G,Global Motion,222,221,489,450,110,15,215,197,2026-08-01,2026-08-01,No,No,4165.84,5870.85,1874627.57
2026-04-19,Apr-2026,SKU-124,Smart Drive 2,Premium Equipment,North,Apex Engineering,SUP-B,Bharat Industrial,69,82,87,77,31,20,74,74,2026-04-28,2026-04-28,Yes,No,114232.65,139951.74,8795914.06
2026-04-22,Apr-2026,SKU-112,Drive Belt 2,Standard Components,West,Vertex Engineering,SUP-F,Fusion Tech,190,181,233,193,50,22,202,202,2026-05-03,2026-05-03,Yes,No,4089.16,5928.92,789208.65
2026-08-08,Aug-2026,SKU-123,Smart Drive 1,Premium Equipment,West,Gujarat Process Systems,SUP-H,Horizon Parts,43,48,71,65,18,19,37,37,2026-08-20,2026-08-20,Yes,No,152894.49,202622.66,9938141.85
2026-02-21,Feb-2026,SKU-115,Connector Set 1,Standard Components,South,Deccan Industries,SUP-G,Global Motion,164,139,179,142,38,20,186,186,2026-02-27,2026-02-27,Yes,No,3031.1,4254.28,430416.67
2026-01-31,Jan-2026,SKU-109,Bearing Assembly 1,Standard Components,West,Vertex Engineering,SUP-F,Fusion Tech,87,95,120,104,26,20,94,94,2026-02-09,2026-02-09,Yes,No,13091.52,19821.07,1361518.01
2026-08-10,Aug-2026,SKU-116,Connector Set 2,Standard Components,South,TechFab Systems,SUP-C,Crest Global,164,124,168,135,34,28,167,167,2026-08-22,2026-08-29,No,No,9098.45,11245.06,1228290.81
2026-02-09,Feb-2026,SKU-127,Lubrication Kit 1,Consumables,Central,Narmada Systems,SUP-E,Everest Components,159,136,291,257,68,11,170,170,2026-02-16,2026-02-16,Yes,No,5443.16,7482.63,1398892.37
2026-01-14,Jan-2026,SKU-118,CNC Control Unit 2,Premium Equipment,North,Apex Engineering,SUP-H,Horizon Parts,55,51,76,62,19,22,70,70,2026-01-25,2026-01-25,Yes,No,127815.45,158480.38,7924557.77
2026-06-01,Jun-2026,SKU-130,Seal Pack 2,Consumables,South,TechFab Systems,SUP-C,Crest Global,228,223,460,411,111,28,251,246,2026-06-11,2026-06-14,No,No,5361.3,7530.78,2203492.26
2026-08-07,Aug-2026,SKU-132,Coolant Module 2,Consumables,South,Deccan Industries,SUP-H,Horizon Parts,110,108,212,190,54,16,111,111,2026-08-13,2026-08-13,Yes,No,944.73,1454.64,179499.26
2026-07-17,Jul-2026,SKU-111,Drive Belt 1,Standard Components,South,Deccan Industries,SUP-G,Global Motion,136,121,175,146,33,22,149,146,2026-07-25,2026-07-25,No,No,6651.58,9778.71,971130.93
2026-06-25,Jun-2026,SKU-109,Bearing Assembly 1,Standard Components,Central,Central Industrial Works,SUP-A,Alpha Components,203,274,397,382,76,10,194,194,2026-07-03,2026-07-03,Yes,No,8568.89,13052.87,3273316.84
2026-07-04,Jul-2026,SKU-128,Lubrication Kit 2,Consumables,West,Gujarat Process Systems,SUP-C,Crest Global,303,342,687,635,171,28,325,325,2026-07-13,2026-07-13,Yes,No,2231.0,3045.95,1416686.04
2026-04-19,Apr-2026,SKU-112,Drive Belt 2,Standard Components,East,Orion Industries,SUP-A,Alpha Components,216,178,239,194,49,14,227,227,2026-05-01,2026-05-01,Yes,No,6645.18,9225.14,1289165.34
2026-05-13,May-2026,SKU-107,Power Module 1,Critical Components,South,TechFab Systems,SUP-C,Crest Global,118,100,104,79,32,27,127,127,2026-05-20,2026-05-21,No,Yes,26737.42,34611.69,2112256.4
2026-03-01,Mar-2026,SKU-109,Bearing Assembly 1,Standard Components,West,Metro Automation,SUP-E,Everest Components,127,158,241,225,44,14,132,132,2026-03-06,2026-03-14,No,No,11930.2,16055.21,2684295.35
2026-03-31,Mar-2026,SKU-106,Industrial Sensor 2,Critical Components,South,TechFab Systems,SUP-B,Bharat Industrial,139,133,122,95,42,17,137,137,2026-04-08,2026-04-08,Yes,Yes,47745.22,63892.32,4535795.49
2026-08-07,Aug-2026,SKU-114,Valve Kit 2,Standard Components,South,Kaveri Engineering,SUP-D,Delta Engineering,162,183,323,298,51,21,160,160,2026-08-17,2026-08-17,Yes,No,13384.39,20282.96,3988547.63
2026-08-06,Aug-2026,SKU-115,Connector Set 1,Standard Components,East,Bengal Engineering,SUP-C,Crest Global,124,140,208,188,39,28,128,125,2026-08-11,2026-08-11,No,No,6090.23,9231.07,1144963.59
2026-02-26,Feb-2026,SKU-129,Seal Pack 1,Consumables,North,Delhi Industrial Systems,SUP-D,Delta Engineering,250,320,646,615,160,20,274,274,2026-03-09,2026-03-09,Yes,No,4987.0,7114.26,3067007.64
2026-01-08,Jan-2026,SKU-118,CNC Control Unit 2,Premium Equipment,East,Prime Industrial,SUP-B,Bharat Industrial,37,32,33,27,12,16,34,34,2026-01-19,2026-01-19,Yes,Yes,177155.44,233422.04,4783196.75
2026-08-09,Aug-2026,SKU-123,Smart Drive 1,Premium Equipment,South,Southern Automation,SUP-B,Bharat Industrial,38,42,59,53,15,15,38,38,2026-08-14,2026-08-14,Yes,No,111287.78,172158.59,5898252.12
2026-06-08,Jun-2026,SKU-128,Lubrication Kit 2,Consumables,East,Orion Industries,SUP-D,Delta Engineering,220,304,633,619,152,16,212,212,2026-06-20,2026-06-20,Yes,No,3234.04,4177.86,2001872.96
2026-02-28,Feb-2026,SKU-106,Industrial Sensor 2,Critical Components,West,Western Manufacturing,SUP-C,Crest Global,145,135,106,75,43,27,161,157,2026-03-06,2026-03-18,No,Yes,19403.11,29508.22,1455233.36
2026-06-20,Jun-2026,SKU-126,Filter Cartridge 2,Consumables,East,Eastern Process Tech,SUP-G,Global Motion,204,206,451,412,103,18,199,199,2026-07-01,2026-07-01,Yes,No,4985.71,6084.17,2054114.32
2026-05-20,May-2026,SKU-122,Vision Inspection Unit 2,Premium Equipment,North,Delhi Industrial Systems,SUP-H,Horizon Parts,54,56,108,97,21,20,59,55,2026-05-28,2026-05-28,No,No,130464.68,198644.84,12655073.88
2026-03-19,Mar-2026,SKU-101,Servo Controller 1,Critical Components,North,Horizon Machines,SUP-C,Crest Global,121,90,107,83,28,25,123,123,2026-03-24,2026-03-28,No,Yes,19471.63,24696.57,1616145.69
2026-07-30,Jul-2026,SKU-130,Seal Pack 2,Consumables,Central,Narmada Systems,SUP-G,Global Motion,221,281,617,589,140,21,240,240,2026-08-06,2026-08-06,Yes,No,2059.14,2657.45,1212832.32
2026-01-21,Jan-2026,SKU-128,Lubrication Kit 2,Consumables,West,Western Manufacturing,SUP-B,Bharat Industrial,218,232,488,445,116,21,235,235,2026-01-26,2026-01-26,Yes,No,2254.85,3438.44,1003406.65
2026-04-29,Apr-2026,SKU-113,Valve Kit 1,Standard Components,West,Vertex Engineering,SUP-F,Fusion Tech,157,145,208,178,40,17,150,150,2026-05-04,2026-05-04,Yes,No,13062.26,18984.62,2325081.81
2026-06-23,Jun-2026,SKU-124,Smart Drive 2,Premium Equipment,East,Eastern Process Tech,SUP-A,Alpha Components,51,60,61,51,22,17,67,67,2026-07-02,2026-07-02,Yes,No,175050.19,239006.24,8927559.55
2026-05-25,May-2026,SKU-104,Precision Gearbox 2,Critical Components,West,Vertex Engineering,SUP-B,Bharat Industrial,123,104,129,106,33,16,118,118,2026-06-06,2026-06-06,Yes,No,60014.66,91485.14,6361554.28
2026-05-23,May-2026,SKU-116,Connector Set 2,Standard Components,Central,CoreTech Manufacturing,SUP-D,Delta Engineering,185,165,223,184,46,17,195,195,2026-05-28,2026-05-28,Yes,No,3164.22,4456.21,582215.59
2026-06-05,Jun-2026,SKU-125,Filter Cartridge 1,Consumables,South,Southern Automation,SUP-E,Everest Components,268,277,567,512,138,18,291,291,2026-06-15,2026-06-15,Yes,No,2627.72,3919.08,1345390.95
2026-05-14,May-2026,SKU-129,Seal Pack 1,Consumables,North,Apex Engineering,SUP-D,Delta Engineering,219,256,523,490,128,18,228,228,2026-05-19,2026-05-19,Yes,No,4252.88,6006.5,2083911.17
2026-06-22,Jun-2026,SKU-106,Industrial Sensor 2,Critical Components,South,Southern Automation,SUP-B,Bharat Industrial,114,94,68,43,30,18,129,129,2026-07-02,2026-07-02,Yes,Yes,37212.44,52313.23,1600134.94
2026-06-17,Jun-2026,SKU-103,Precision Gearbox 1,Critical Components,North,Horizon Machines,SUP-B,Bharat Industrial,96,81,96,74,25,22,111,111,2026-06-25,2026-06-25,Yes,No,32835.71,43730.04,2429842.62
2026-08-11,Aug-2026,SKU-131,Coolant Module 1,Consumables,North,Apex Engineering,SUP-B,Bharat Industrial,303,323,693,635,161,26,322,322,2026-08-17,2026-08-26,No,No,1225.9,1615.02,778444.63
2026-05-30,May-2026,SKU-108,Power Module 2,Critical Components,North,NorthStar Automation,SUP-E,Everest Components,115,95,109,87,30,17,119,112,2026-06-11,2026-06-11,No,Yes,38355.68,46939.08,3336943.82
2026-03-25,Mar-2026,SKU-110,Bearing Assembly 2,Standard Components,East,Bengal Engineering,SUP-C,Crest Global,179,126,144,106,35,30,192,192,2026-03-31,2026-04-02,No,Yes,9296.4,13680.53,985418.71
2026-03-17,Mar-2026,SKU-123,Smart Drive 1,Premium Equipment,North,Delhi Industrial Systems,SUP-A,Alpha Components,34,30,29,22,11,17,37,37,2026-03-23,2026-03-31,No,Yes,98594.57,134893.02,2169080.55
2026-05-23,May-2026,SKU-101,Servo Controller 1,Critical Components,South,Deccan Industries,SUP-A,Alpha Components,169,123,150,117,39,17,167,167,2026-05-31,2026-06-07,No,Yes,45819.72,63314.96,5360907.58
2026-01-28,Jan-2026,SKU-111,Drive Belt 1,Standard Components,North,NorthStar Automation,SUP-A,Alpha Components,175,168,245,211,47,19,179,170,2026-02-05,2026-02-05,No,No,6607.54,9141.24,1394190.55
2026-07-08,Jul-2026,SKU-109,Bearing Assembly 1,Standard Components,North,Delhi Industrial Systems,SUP-D,Delta Engineering,179,190,248,219,53,18,170,163,2026-07-14,2026-07-14,No,No,8797.09,11730.45,1926562.43
2026-01-27,Jan-2026,SKU-105,Industrial Sensor 1,Critical Components,North,Apex Engineering,SUP-G,Global Motion,116,98,128,103,31,23,141,128,2026-02-07,2026-02-16,No,No,50969.05,62823.77,5249812.61
2026-07-22,Jul-2026,SKU-116,Connector Set 2,Standard Components,South,TechFab Systems,SUP-E,Everest Components,139,172,249,230,48,19,150,150,2026-07-27,2026-07-27,Yes,No,13363.64,18923.72,3073637.73
2026-03-02,Mar-2026,SKU-123,Smart Drive 1,Premium Equipment,East,Eastern Process Tech,SUP-H,Horizon Parts,59,68,120,113,25,17,50,50,2026-03-12,2026-03-12,Yes,No,168462.63,252665.44,19036277.42
2026-06-26,Jun-2026,SKU-119,Robotic Arm Module 1,Premium Equipment,South,Kaveri Engineering,SUP-B,Bharat Industrial,71,60,99,84,22,18,79,79,2026-07-07,2026-07-07,Yes,No,101915.61,143926.1,8560910.95
2026-01-08,Jan-2026,SKU-109,Bearing Assembly 1,Standard Components,Central,Narmada Systems,SUP-C,Crest Global,132,121,178,149,33,25,146,146,2026-01-19,2026-01-19,Yes,No,6047.08,9255.69,901014.54
2026-08-17,Aug-2026,SKU-127,Lubrication Kit 1,Consumables,East,Eastern Process Tech,SUP-B,Bharat Industrial,163,187,364,338,93,20,171,171,2026-08-23,2026-08-23,Yes,No,1207.66,1847.09,408190.31
2026-03-28,Mar-2026,SKU-110,Bearing Assembly 2,Standard Components,South,Southern Automation,SUP-F,Fusion Tech,217,256,368,333,71,20,240,240,2026-04-06,2026-04-06,Yes,No,7705.09,9544.03,2565793.74
2026-07-21,Jul-2026,SKU-110,Bearing Assembly 2,Standard Components,North,Horizon Machines,SUP-D,Delta Engineering,124,146,217,200,40,23,137,120,2026-07-29,2026-07-29,No,No,4218.36,5155.63,843672.93
2026-01-26,Jan-2026,SKU-110,Bearing Assembly 2,Standard Components,Central,CoreTech Manufacturing,SUP-E,Everest Components,187,176,274,238,49,21,181,181,2026-01-31,2026-01-31,Yes,No,11585.21,17601.27,2757279.52
2026-08-12,Aug-2026,SKU-113,Valve Kit 1,Standard Components,West,Metro Automation,SUP-H,Horizon Parts,110,100,127,106,28,17,109,109,2026-08-18,2026-08-18,Yes,No,5122.99,7206.66,543036.86
2026-06-28,Jun-2026,SKU-106,Industrial Sensor 2,Critical Components,East,Eastern Process Tech,SUP-H,Horizon Parts,121,87,106,79,27,19,137,137,2026-07-10,2026-07-10,Yes,Yes,46977.95,62919.22,3711257.77
2026-05-06,May-2026,SKU-129,Seal Pack 1,Consumables,Central,CoreTech Manufacturing,SUP-C,Crest Global,170,200,443,415,100,25,194,194,2026-05-18,2026-05-21,No,No,3805.15,4896.69,1579139.12
2026-02-03,Feb-2026,SKU-105,Industrial Sensor 1,Critical Components,Central,Vindhya Engineering,SUP-D,Delta Engineering,83,94,119,101,30,19,108,108,2026-02-10,2026-02-10,Yes,No,40171.17,54777.37,4057288.42
2026-08-27,Aug-2026,SKU-125,Filter Cartridge 1,Consumables,West,Gujarat Process Systems,SUP-H,Horizon Parts,175,220,442,423,110,19,173,173,2026-09-08,2026-09-08,Yes,No,5083.14,7133.15,2150166.96
2026-06-08,Jun-2026,SKU-113,Valve Kit 1,Standard Components,North,Delhi Industrial Systems,SUP-G,Global Motion,203,228,333,300,63,25,209,209,2026-06-17,2026-06-17,Yes,No,3900.48,5945.32,1170145.14
2026-04-06,Apr-2026,SKU-110,Bearing Assembly 2,Standard Components,East,Prime Industrial,SUP-E,Everest Components,155,171,257,233,47,16,149,149,2026-04-18,2026-04-18,Yes,No,12289.87,18591.68,2863540.37
2026-07-25,Jul-2026,SKU-129,Seal Pack 1,Consumables,North,NorthStar Automation,SUP-H,Horizon Parts,220,238,503,465,119,22,224,224,2026-08-06,2026-08-06,Yes,No,4169.62,5949.54,1938874.9
2026-07-11,Jul-2026,SKU-106,Industrial Sensor 2,Critical Components,West,Metro Automation,SUP-C,Crest Global,143,131,121,93,41,32,140,140,2026-07-18,2026-07-18,Yes,Yes,29990.97,37851.48,2789160.02
2026-08-24,Aug-2026,SKU-119,Robotic Arm Module 1,Premium Equipment,East,Eastern Process Tech,SUP-D,Delta Engineering,51,54,119,108,20,22,61,61,2026-08-29,2026-09-06,No,No,140720.29,205663.52,15197791.38
2026-08-17,Aug-2026,SKU-114,Valve Kit 2,Standard Components,West,Metro Automation,SUP-E,Everest Components,91,95,135,120,26,16,82,82,2026-08-28,2026-08-28,Yes,No,11266.68,17340.59,1352001.86
2026-04-11,Apr-2026,SKU-109,Bearing Assembly 1,Standard Components,North,Delhi Industrial Systems,SUP-B,Bharat Industrial,193,182,236,200,50,17,196,184,2026-04-18,2026-04-18,No,No,11269.41,16688.27,2253882.39
2026-06-07,Jun-2026,SKU-114,Valve Kit 2,Standard Components,North,Apex Engineering,SUP-E,Everest Components,162,143,184,156,40,14,154,142,2026-06-18,2026-06-18,No,No,6551.62,8538.61,1022052.2
2026-08-27,Aug-2026,SKU-117,CNC Control Unit 1,Premium Equipment,North,Horizon Machines,SUP-E,Everest Components,6,4,37,33,5,26,23,23,2026-09-03,2026-09-06,No,No,148670.18,214847.61,4906116.1
2026-05-06,May-2026,SKU-102,Servo Controller 2,Critical Components,South,Southern Automation,SUP-F,Fusion Tech,120,135,161,140,43,24,131,131,2026-05-16,2026-05-16,Yes,No,56552.58,73809.21,7917361.78
2026-01-23,Jan-2026,SKU-116,Connector Set 2,Standard Components,East,Bengal Engineering,SUP-B,Bharat Industrial,185,227,352,327,63,19,196,196,2026-01-30,2026-01-30,Yes,No,8476.17,10927.2,2771706.81
2026-07-25,Jul-2026,SKU-128,Lubrication Kit 2,Consumables,North,Horizon Machines,SUP-B,Bharat Industrial,36,40,92,81,20,21,61,61,2026-08-03,2026-08-03,Yes,No,3656.69,4476.83,296191.6
2026-07-31,Jul-2026,SKU-132,Coolant Module 2,Consumables,West,Western Manufacturing,SUP-F,Fusion Tech,215,227,482,444,113,22,211,211,2026-08-05,2026-08-05,Yes,No,3147.14,4001.82,1397329.89
2026-01-24,Jan-2026,SKU-117,CNC Control Unit 1,Premium Equipment,Central,Central Industrial Works,SUP-B,Bharat Industrial,77,77,114,96,29,19,91,91,2026-02-02,2026-02-02,Yes,No,159905.71,229842.44,15350947.82
2026-05-31,May-2026,SKU-106,Industrial Sensor 2,Critical Components,South,Kaveri Engineering,SUP-C,Crest Global,113,94,113,88,30,20,127,127,2026-06-08,2026-06-08,Yes,No,26530.84,39380.2,2334713.93
2026-07-18,Jul-2026,SKU-113,Valve Kit 1,Standard Components,South,Kaveri Engineering,SUP-E,Everest Components,158,169,268,237,47,13,176,173,2026-07-28,2026-07-28,No,No,10142.59,15436.53,2403793.85
2026-04-28,Apr-2026,SKU-113,Valve Kit 1,Standard Components,North,NorthStar Automation,SUP-H,Horizon Parts,194,194,302,260,54,16,213,213,2026-05-06,2026-05-06,Yes,No,12121.97,17133.9,3151712.17
2026-05-15,May-2026,SKU-122,Vision Inspection Unit 2,Premium Equipment,South,Kaveri Engineering,SUP-B,Bharat Industrial,79,82,148,134,31,15,81,76,2026-05-27,2026-05-27,No,No,91667.87,132915.13,12283495.23
2026-02-23,Feb-2026,SKU-127,Lubrication Kit 1,Consumables,South,Kaveri Engineering,SUP-A,Alpha Components,257,295,620,578,147,10,274,274,2026-03-05,2026-03-05,Yes,No,3235.74,4647.89,1870257.83
2026-04-14,Apr-2026,SKU-125,Filter Cartridge 1,Consumables,East,Orion Industries,SUP-H,Horizon Parts,244,236,464,415,118,20,249,249,2026-04-26,2026-04-26,Yes,No,1409.63,1730.69,584996.31
2026-04-08,Apr-2026,SKU-116,Connector Set 2,Standard Components,South,Southern Automation,SUP-A,Alpha Components,152,146,186,153,40,17,167,167,2026-04-16,2026-04-16,Yes,No,12591.59,16813.56,1926512.74
2026-05-26,May-2026,SKU-103,Precision Gearbox 1,Critical Components,West,Metro Automation,SUP-C,Crest Global,96,91,120,98,29,28,111,111,2026-06-02,2026-06-04,No,No,29640.71,36581.28,2904789.46
2026-08-28,Aug-2026,SKU-118,CNC Control Unit 2,Premium Equipment,West,Western Manufacturing,SUP-H,Horizon Parts,50,54,73,65,20,23,45,45,2026-09-08,2026-09-08,Yes,No,159803.88,197380.73,10387252.06
2026-07-12,Jul-2026,SKU-110,Bearing Assembly 2,Standard Components,South,Southern Automation,SUP-H,Horizon Parts,131,118,184,155,33,18,146,146,2026-07-23,2026-07-23,Yes,No,11569.85,16961.83,1793326.79
2026-03-09,Mar-2026,SKU-114,Valve Kit 2,Standard Components,West,Gujarat Process Systems,SUP-H,Horizon Parts,197,236,326,298,66,16,208,208,2026-03-14,2026-03-14,Yes,No,5762.29,7198.83,1717161.6
2026-02-19,Feb-2026,SKU-132,Coolant Module 2,Consumables,South,Kaveri Engineering,SUP-B,Bharat Industrial,213,198,426,379,99,19,236,236,2026-03-03,2026-03-03,Yes,No,1909.48,2855.42,723691.91
2026-04-24,Apr-2026,SKU-106,Industrial Sensor 2,Critical Components,South,Southern Automation,SUP-G,Global Motion,88,80,133,111,25,18,111,111,2026-05-04,2026-05-04,Yes,No,56002.41,71712.75,6216267.62
2026-01-13,Jan-2026,SKU-112,Drive Belt 2,Standard Components,West,Western Manufacturing,SUP-G,Global Motion,189,169,250,209,47,15,209,209,2026-01-19,2026-01-29,No,No,12655.03,16351.3,2644901.56
2026-02-02,Feb-2026,SKU-109,Bearing Assembly 1,Standard Components,North,NorthStar Automation,SUP-E,Everest Components,137,154,217,197,43,15,140,127,2026-02-13,2026-02-21,No,No,13041.66,18016.56,2569207.73
2026-01-21,Jan-2026,SKU-103,Precision Gearbox 1,Critical Components,East,Prime Industrial,SUP-G,Global Motion,81,83,73,53,26,19,102,102,2026-02-02,2026-02-02,Yes,Yes,53783.54,70388.59,2850527.42
2026-02-24,Feb-2026,SKU-101,Servo Controller 1,Critical Components,North,Horizon Machines,SUP-C,Crest Global,76,72,51,35,23,25,84,80,2026-03-08,2026-03-08,No,Yes,20714.52,31212.94,725008.17
2026-05-14,May-2026,SKU-116,Connector Set 2,Standard Components,West,Metro Automation,SUP-E,Everest Components,176,227,338,318,63,12,186,186,2026-05-23,2026-05-28,No,No,8834.5,13683.31,2809370.28
2026-06-04,Jun-2026,SKU-114,Valve Kit 2,Standard Components,North,Delhi Industrial Systems,SUP-A,Alpha Components,97,102,160,142,28,13,96,96,2026-06-09,2026-06-09,Yes,No,4877.31,6160.08,692578.07
2026-06-07,Jun-2026,SKU-126,Filter Cartridge 2,Consumables,South,Southern Automation,SUP-A,Alpha Components,317,324,692,628,162,17,332,332,2026-06-12,2026-06-13,No,No,2460.13,3654.97,1544962.93
2026-08-08,Aug-2026,SKU-104,Precision Gearbox 2,Critical Components,West,Metro Automation,SUP-C,Crest Global,108,97,82,58,31,29,120,120,2026-08-18,2026-08-18,Yes,Yes,31733.69,46043.32,1840554.14
2026-07-18,Jul-2026,SKU-125,Filter Cartridge 1,Consumables,Central,Vindhya Engineering,SUP-A,Alpha Components,181,237,491,472,118,16,186,186,2026-07-23,2026-07-23,Yes,No,1822.32,2533.66,860134.22
2026-04-28,Apr-2026,SKU-132,Coolant Module 2,Consumables,East,Bengal Engineering,SUP-C,Crest Global,233,295,604,577,147,25,256,236,2026-05-04,2026-05-04,No,No,3221.53,4077.07,1858824.74
2026-03-16,Mar-2026,SKU-109,Bearing Assembly 1,Standard Components,East,Eastern Process Tech,SUP-F,Fusion Tech,191,210,275,239,58,18,214,214,2026-03-22,2026-03-22,Yes,No,2971.71,4189.56,710239.85
2026-07-10,Jul-2026,SKU-122,Vision Inspection Unit 2,Premium Equipment,West,Vertex Engineering,SUP-H,Horizon Parts,40,44,98,90,16,15,48,48,2026-07-19,2026-07-19,Yes,No,95667.52,134776.01,8610077.1
2026-06-21,Jun-2026,SKU-117,CNC Control Unit 1,Premium Equipment,South,TechFab Systems,SUP-A,Alpha Components,57,63,108,96,23,10,70,70,2026-07-01,2026-07-01,Yes,No,101033.41,140290.68,9699207.56
2026-08-12,Aug-2026,SKU-104,Precision Gearbox 2,Critical Components,East,Bengal Engineering,SUP-E,Everest Components,61,56,91,76,17,15,79,79,2026-08-24,2026-08-24,Yes,No,44997.92,56771.32,3419842.23
2026-05-16,May-2026,SKU-129,Seal Pack 1,Consumables,North,Horizon Machines,SUP-D,Delta Engineering,184,201,426,394,100,26,195,185,2026-05-25,2026-05-25,No,No,5013.02,7641.19,1975131.65
2026-08-09,Aug-2026,SKU-107,Power Module 1,Critical Components,South,Southern Automation,SUP-B,Bharat Industrial,62,48,31,19,15,16,61,61,2026-08-17,2026-08-17,Yes,Yes,19403.99,27668.96,368675.88
2026-07-26,Jul-2026,SKU-102,Servo Controller 2,Critical Components,South,Deccan Industries,SUP-F,Fusion Tech,164,113,122,87,36,16,179,179,2026-08-01,2026-08-07,No,Yes,62576.47,95060.71,5444153.22
2026-06-17,Jun-2026,SKU-104,Precision Gearbox 2,Critical Components,North,Horizon Machines,SUP-H,Horizon Parts,103,95,119,97,30,20,116,113,2026-06-23,2026-06-23,No,No,44237.45,68131.39,4291032.51
2026-06-22,Jun-2026,SKU-131,Coolant Module 1,Consumables,West,Metro Automation,SUP-G,Global Motion,162,173,343,316,86,19,152,152,2026-06-28,2026-06-28,Yes,No,1173.45,1466.0,370810.58
2026-08-26,Aug-2026,SKU-122,Vision Inspection Unit 2,Premium Equipment,West,Vertex Engineering,SUP-C,Crest Global,65,71,111,97,26,24,80,80,2026-08-31,2026-09-10,No,No,63570.89,78312.69,6166376.48
2026-06-01,Jun-2026,SKU-123,Smart Drive 1,Premium Equipment,West,Western Manufacturing,SUP-B,Bharat Industrial,69,70,93,81,26,18,64,64,2026-06-11,2026-06-11,Yes,No,90629.43,131747.43,7340984.12
2026-06-29,Jun-2026,SKU-116,Connector Set 2,Standard Components,West,Metro Automation,SUP-D,Delta Engineering,150,150,198,167,42,23,155,155,2026-07-11,2026-07-11,Yes,No,13934.25,17971.2,2327020.41
2026-03-22,Mar-2026,SKU-119,Robotic Arm Module 1,Premium Equipment,Central,Narmada Systems,SUP-B,Bharat Industrial,61,53,86,73,20,15,68,68,2026-03-29,2026-03-29,Yes,No,142419.94,182510.41,10396655.37
2026-07-20,Jul-2026,SKU-126,Filter Cartridge 2,Consumables,South,Kaveri Engineering,SUP-E,Everest Components,264,332,733,701,166,14,270,270,2026-07-28,2026-07-28,Yes,No,2840.24,3689.68,1991009.33
2026-06-06,Jun-2026,SKU-121,Vision Inspection Unit 1,Premium Equipment,East,Prime Industrial,SUP-H,Horizon Parts,62,56,77,62,21,16,76,76,2026-06-12,2026-06-12,Yes,No,131232.49,184746.75,8136414.52
2026-07-04,Jul-2026,SKU-122,Vision Inspection Unit 2,Premium Equipment,South,TechFab Systems,SUP-F,Fusion Tech,59,52,67,54,19,19,66,66,2026-07-11,2026-07-11,Yes,No,56388.65,79314.26,3044987.06
2026-04-11,Apr-2026,SKU-118,CNC Control Unit 2,Premium Equipment,West,Metro Automation,SUP-G,Global Motion,26,31,40,37,11,11,23,23,2026-04-18,2026-04-18,Yes,No,85374.15,121909.83,3158843.7
2026-08-18,Aug-2026,SKU-109,Bearing Assembly 1,Standard Components,South,Kaveri Engineering,SUP-C,Crest Global,150,155,224,194,43,24,175,155,2026-08-29,2026-08-29,No,No,8418.83,12724.84,1633253.63
2026-05-18,May-2026,SKU-121,Vision Inspection Unit 1,Premium Equipment,East,Bengal Engineering,SUP-A,Alpha Components,78,70,123,106,26,14,88,88,2026-05-30,2026-05-30,Yes,No,153850.55,228372.19,16308158.21
2026-05-13,May-2026,SKU-125,Filter Cartridge 1,Consumables,East,Eastern Process Tech,SUP-A,Alpha Components,273,275,567,510,137,16,288,288,2026-05-25,2026-05-25,Yes,No,1809.73,2455.25,922960.77
2026-03-03,Mar-2026,SKU-111,Drive Belt 1,Standard Components,East,Orion Industries,SUP-G,Global Motion,247,294,452,417,82,15,253,253,2026-03-08,2026-03-08,Yes,No,10377.47,15110.31,4327405.88
2026-08-14,Aug-2026,SKU-124,Smart Drive 2,Premium Equipment,North,Delhi Industrial Systems,SUP-F,Fusion Tech,64,68,92,78,25,18,75,75,2026-08-20,2026-08-20,Yes,No,94938.06,135433.86,7405168.95
2026-02-22,Feb-2026,SKU-112,Drive Belt 2,Standard Components,West,Metro Automation,SUP-G,Global Motion,77,93,154,145,26,20,70,70,2026-03-01,2026-03-01,Yes,No,2517.98,3737.02,365107.7
2026-06-11,Jun-2026,SKU-105,Industrial Sensor 1,Critical Components,West,Metro Automation,SUP-A,Alpha Components,106,95,108,85,30,18,125,119,2026-06-20,2026-06-20,No,No,54031.25,68284.3,4592655.88
2026-01-09,Jan-2026,SKU-112,Drive Belt 2,Standard Components,South,Kaveri Engineering,SUP-B,Bharat Industrial,224,211,343,294,59,19,246,246,2026-01-14,2026-01-14,Yes,No,9716.38,14161.13,2856615.24
2026-02-05,Feb-2026,SKU-115,Connector Set 1,Standard Components,North,Apex Engineering,SUP-A,Alpha Components,154,147,203,168,41,21,179,179,2026-02-14,2026-02-14,Yes,No,11965.72,15542.73,2010240.95
2026-08-06,Aug-2026,SKU-110,Bearing Assembly 2,Standard Components,North,Delhi Industrial Systems,SUP-B,Bharat Industrial,119,109,163,136,30,22,136,136,2026-08-17,2026-08-20,No,No,7119.62,9484.18,968268.47
2026-01-10,Jan-2026,SKU-127,Lubrication Kit 1,Consumables,West,Vertex Engineering,SUP-H,Horizon Parts,204,240,526,499,120,11,197,197,2026-01-21,2026-01-21,Yes,No,2276.2,2782.76,1135824.63
2026-08-20,Aug-2026,SKU-123,Smart Drive 1,Premium Equipment,Central,Narmada Systems,SUP-H,Horizon Parts,65,67,147,137,25,14,59,52,2026-08-26,2026-08-26,No,No,80326.18,104384.37,11004686.55
2026-07-28,Jul-2026,SKU-113,Valve Kit 1,Standard Components,East,Bengal Engineering,SUP-D,Delta Engineering,221,226,339,295,63,19,231,227,2026-08-08,2026-08-08,No,No,12808.42,19264.2,3778484.35
2026-07-04,Jul-2026,SKU-115,Connector Set 1,Standard Components,North,Horizon Machines,SUP-C,Crest Global,137,144,170,146,40,29,134,134,2026-07-11,2026-07-16,No,No,11410.37,15068.29,1665914.41
2026-05-14,May-2026,SKU-103,Precision Gearbox 1,Critical Components,West,Western Manufacturing,SUP-A,Alpha Components,123,116,92,70,37,16,127,114,2026-05-22,2026-05-22,No,Yes,40653.71,58996.02,2845760.04
2026-01-18,Jan-2026,SKU-101,Servo Controller 1,Critical Components,East,Orion Industries,SUP-B,Bharat Industrial,116,89,101,78,28,14,115,115,2026-01-30,2026-01-30,Yes,Yes,63432.87,84526.4,4947764.25
2026-07-03,Jul-2026,SKU-111,Drive Belt 1,Standard Components,East,Bengal Engineering,SUP-D,Delta Engineering,202,185,254,210,51,16,220,220,2026-07-13,2026-07-13,Yes,No,6853.8,9728.43,1439297.69
2026-05-11,May-2026,SKU-116,Connector Set 2,Standard Components,Central,Vindhya Engineering,SUP-A,Alpha Components,176,168,246,209,47,18,189,189,2026-05-17,2026-05-17,Yes,No,8804.26,12159.4,1840089.63
2026-02-28,Feb-2026,SKU-125,Filter Cartridge 1,Consumables,South,Kaveri Engineering,SUP-A,Alpha Components,166,175,383,350,87,15,180,180,2026-03-09,2026-03-09,Yes,No,2370.03,3049.92,829510.53
2026-08-08,Aug-2026,SKU-124,Smart Drive 2,Premium Equipment,East,Prime Industrial,SUP-G,Global Motion,51,50,89,81,19,18,41,41,2026-08-18,2026-08-18,Yes,No,111270.85,165815.37,9012938.55
2026-04-20,Apr-2026,SKU-102,Servo Controller 2,Critical Components,West,Metro Automation,SUP-F,Fusion Tech,126,103,100,80,32,17,117,103,2026-04-28,2026-04-28,No,Yes,18151.71,22165.97,1452136.4
2026-05-27,May-2026,SKU-105,Industrial Sensor 1,Critical Components,West,Western Manufacturing,SUP-A,Alpha Components,121,110,89,61,35,14,144,144,2026-06-08,2026-06-08,Yes,Yes,41074.53,58090.11,2505546.48
2026-02-08,Feb-2026,SKU-125,Filter Cartridge 1,Consumables,East,Eastern Process Tech,SUP-B,Bharat Industrial,189,194,380,341,97,15,204,204,2026-02-13,2026-02-21,No,No,2634.61,3908.17,898403.47
2026-06-29,Jun-2026,SKU-108,Power Module 2,Critical Components,Central,Vindhya Engineering,SUP-B,Bharat Industrial,83,84,44,25,26,22,96,96,2026-07-11,2026-07-23,No,Yes,42940.4,59415.62,1073510.02
2026-02-01,Feb-2026,SKU-128,Lubrication Kit 2,Consumables,East,Orion Industries,SUP-G,Global Motion,213,217,448,407,108,15,210,210,2026-02-13,2026-02-13,Yes,No,3653.9,4908.5,1487137.36
2026-06-11,Jun-2026,SKU-122,Vision Inspection Unit 2,Premium Equipment,West,Vertex Engineering,SUP-D,Delta Engineering,45,43,49,41,16,16,42,42,2026-06-18,2026-06-18,Yes,No,62697.75,81750.15,2570607.77
2026-06-17,Jun-2026,SKU-108,Power Module 2,Critical Components,North,NorthStar Automation,SUP-B,Bharat Industrial,134,123,124,99,39,19,139,125,2026-06-23,2026-06-23,No,Yes,44090.31,61506.95,4364941.03
2026-05-16,May-2026,SKU-131,Coolant Module 1,Consumables,South,Southern Automation,SUP-F,Fusion Tech,255,259,536,485,129,20,262,262,2026-05-28,2026-05-28,Yes,No,2695.19,4048.12,1307164.98
2026-06-04,Jun-2026,SKU-113,Valve Kit 1,Standard Components,South,TechFab Systems,SUP-B,Bharat Industrial,125,130,194,170,36,18,129,129,2026-06-16,2026-06-16,Yes,No,13226.07,17344.38,2248432.04
2026-07-08,Jul-2026,SKU-129,Seal Pack 1,Consumables,South,Deccan Industries,SUP-F,Fusion Tech,191,229,453,428,114,18,186,186,2026-07-16,2026-07-16,Yes,No,2300.54,3072.18,984633.12
2026-05-13,May-2026,SKU-105,Industrial Sensor 1,Critical Components,North,Horizon Machines,SUP-C,Crest Global,151,134,129,99,42,30,158,152,2026-05-21,2026-05-21,No,Yes,50985.99,65340.05,5047612.59
2026-06-10,Jun-2026,SKU-117,CNC Control Unit 1,Premium Equipment,North,Apex Engineering,SUP-G,Global Motion,32,30,0,0,11,24,42,42,2026-06-19,2026-06-19,Yes,Yes,89073.26,110446.06,0.0
2026-07-07,Jul-2026,SKU-105,Industrial Sensor 1,Critical Components,North,Delhi Industrial Systems,SUP-G,Global Motion,114,81,98,76,25,21,113,113,2026-07-12,2026-07-12,Yes,Yes,42654.86,57889.79,3241769.37
2026-08-21,Aug-2026,SKU-108,Power Module 2,Critical Components,North,Delhi Industrial Systems,SUP-F,Fusion Tech,120,89,133,109,28,18,123,123,2026-08-27,2026-08-27,Yes,No,33272.69,44649.03,3626722.78
2026-01-18,Jan-2026,SKU-106,Industrial Sensor 2,Critical Components,Central,Narmada Systems,SUP-C,Crest Global,147,116,135,107,37,25,158,144,2026-01-25,2026-01-25,No,Yes,26359.83,39057.5,2820501.74
2026-06-13,Jun-2026,SKU-111,Drive Belt 1,Standard Components,North,Delhi Industrial Systems,SUP-E,Everest Components,232,233,343,296,65,22,236,236,2026-06-24,2026-07-04,No,No,12081.8,17613.39,3576213.53
2026-01-17,Jan-2026,SKU-127,Lubrication Kit 1,Consumables,North,Delhi Industrial Systems,SUP-B,Bharat Industrial,287,324,670,623,162,20,298,298,2026-01-26,2026-01-26,Yes,No,1601.15,2107.19,997515.1
2026-02-01,Feb-2026,SKU-132,Coolant Module 2,Consumables,South,Deccan Industries,SUP-G,Global Motion,129,136,298,276,68,17,124,124,2026-02-11,2026-02-11,Yes,No,2490.39,3698.71,687346.36
2026-02-09,Feb-2026,SKU-122,Vision Inspection Unit 2,Premium Equipment,Central,Central Industrial Works,SUP-F,Fusion Tech,74,66,83,65,25,23,92,92,2026-02-15,2026-02-15,Yes,No,125727.45,160759.41,8172284.42
2026-07-29,Jul-2026,SKU-120,Robotic Arm Module 2,Premium Equipment,East,Bengal Engineering,SUP-B,Bharat Industrial,61,47,63,50,17,17,69,69,2026-08-07,2026-08-07,Yes,No,148884.96,206855.65,7444247.81
2026-04-07,Apr-2026,SKU-126,Filter Cartridge 2,Consumables,Central,Vindhya Engineering,SUP-B,Bharat Industrial,239,275,578,543,137,17,236,236,2026-04-12,2026-04-12,Yes,No,5040.21,7224.52,2736831.4
2026-07-03,Jul-2026,SKU-120,Robotic Arm Module 2,Premium Equipment,South,Kaveri Engineering,SUP-G,Global Motion,48,51,88,76,19,22,67,67,2026-07-09,2026-07-09,Yes,No,95868.6,120179.7,7286013.23
2026-04-21,Apr-2026,SKU-120,Robotic Arm Module 2,Premium Equipment,Central,Central Industrial Works,SUP-F,Fusion Tech,63,67,121,111,25,24,59,59,2026-04-26,2026-04-26,Yes,No,99912.99,139487.99,11090341.95
2026-02-17,Feb-2026,SKU-116,Connector Set 2,Standard Components,South,TechFab Systems,SUP-A,Alpha Components,171,159,194,159,44,15,177,177,2026-02-28,2026-02-28,Yes,No,5291.01,6698.49,841269.91
2026-03-09,Mar-2026,SKU-117,CNC Control Unit 1,Premium Equipment,North,NorthStar Automation,SUP-H,Horizon Parts,67,52,79,66,19,19,69,69,2026-03-21,2026-03-21,Yes,No,104392.38,129143.5,6889897.12
2026-05-23,May-2026,SKU-132,Coolant Module 2,Consumables,East,Bengal Engineering,SUP-B,Bharat Industrial,304,341,730,683,170,19,297,297,2026-05-31,2026-05-31,Yes,No,4033.24,6004.46,2754700.22
2026-07-17,Jul-2026,SKU-132,Coolant Module 2,Consumables,Central,Vindhya Engineering,SUP-E,Everest Components,239,208,448,397,104,18,256,256,2026-07-23,2026-07-23,Yes,No,1774.63,2269.22,704527.36
2026-08-09,Aug-2026,SKU-128,Lubrication Kit 2,Consumables,West,Gujarat Process Systems,SUP-F,Fusion Tech,193,192,372,334,96,18,193,193,2026-08-17,2026-08-28,No,No,4720.74,6614.99,1576726.0
2026-04-24,Apr-2026,SKU-102,Servo Controller 2,Critical Components,East,Eastern Process Tech,SUP-C,Crest Global,111,88,81,58,28,29,115,115,2026-05-04,2026-05-06,No,Yes,56569.08,81604.99,3281006.43
2026-06-20,Jun-2026,SKU-113,Valve Kit 1,Standard Components,South,TechFab Systems,SUP-H,Horizon Parts,157,139,145,116,38,21,147,147,2026-06-30,2026-06-30,Yes,Yes,13066.51,18781.09,1515715.09
2026-06-10,Jun-2026,SKU-126,Filter Cartridge 2,Consumables,North,Horizon Machines,SUP-H,Horizon Parts,193,225,469,440,112,20,198,198,2026-06-15,2026-06-15,Yes,No,4669.07,6547.47,2054390.07
2026-07-13,Jul-2026,SKU-123,Smart Drive 1,Premium Equipment,South,Southern Automation,SUP-C,Crest Global,66,59,101,88,22,25,68,65,2026-07-19,2026-07-19,No,No,137430.9,209422.32,12093918.94
2026-07-04,Jul-2026,SKU-107,Power Module 1,Critical Components,North,NorthStar Automation,SUP-C,Crest Global,89,88,88,70,28,36,93,93,2026-07-14,2026-07-15,No,Yes,62310.73,80899.63,4361751.26
2026-08-19,Aug-2026,SKU-110,Bearing Assembly 2,Standard Components,North,Horizon Machines,SUP-C,Crest Global,97,105,120,106,29,33,89,80,2026-08-26,2026-08-26,No,No,3788.42,5730.59,401572.95
2026-08-16,Aug-2026,SKU-115,Connector Set 1,Standard Components,South,TechFab Systems,SUP-H,Horizon Parts,142,108,164,137,30,17,139,139,2026-08-23,2026-08-23,Yes,No,9185.46,13907.51,1258407.75
2026-03-01,Mar-2026,SKU-105,Industrial Sensor 1,Critical Components,North,Delhi Industrial Systems,SUP-C,Crest Global,172,144,153,118,46,32,177,177,2026-03-12,2026-03-18,No,Yes,54729.07,67252.61,6458030.39
2026-08-01,Aug-2026,SKU-107,Power Module 1,Critical Components,East,Eastern Process Tech,SUP-C,Crest Global,76,70,80,68,22,26,68,60,2026-08-08,2026-08-08,No,No,51201.83,71215.22,3481724.46
2026-04-23,Apr-2026,SKU-105,Industrial Sensor 1,Critical Components,South,Kaveri Engineering,SUP-C,Crest Global,100,73,84,61,23,27,120,117,2026-05-01,2026-05-02,No,Yes,31164.9,45469.53,1901058.99
2026-03-24,Mar-2026,SKU-120,Robotic Arm Module 2,Premium Equipment,North,Apex Engineering,SUP-G,Global Motion,45,53,65,60,20,23,35,35,2026-04-02,2026-04-02,Yes,No,96744.76,136265.39,5804685.5
2026-02-08,Feb-2026,SKU-104,Precision Gearbox 2,Critical Components,West,Gujarat Process Systems,SUP-E,Everest Components,130,119,122,93,38,20,149,149,2026-02-14,2026-02-14,Yes,Yes,55360.81,83821.99,5148555.54
2026-05-28,May-2026,SKU-132,Coolant Module 2,Consumables,West,Metro Automation,SUP-H,Horizon Parts,164,191,379,355,95,23,167,167,2026-06-09,2026-06-09,Yes,No,3305.25,4658.22,1173362.36
2026-06-11,Jun-2026,SKU-130,Seal Pack 2,Consumables,West,Gujarat Process Systems,SUP-A,Alpha Components,219,265,560,530,132,18,225,225,2026-06-22,2026-06-22,Yes,No,2944.35,4295.76,1560506.25
2026-03-17,Mar-2026,SKU-108,Power Module 2,Critical Components,East,Eastern Process Tech,SUP-C,Crest Global,157,130,106,77,41,27,149,149,2026-03-23,2026-03-23,Yes,Yes,40769.62,57390.59,3139260.72
2026-07-20,Jul-2026,SKU-121,Vision Inspection Unit 1,Premium Equipment,North,NorthStar Automation,SUP-C,Crest Global,78,82,101,87,31,30,79,79,2026-07-30,2026-07-30,Yes,No,94251.68,129172.73,8199895.95
2026-02-09,Feb-2026,SKU-104,Precision Gearbox 2,Critical Components,West,Western Manufacturing,SUP-F,Fusion Tech,128,127,141,113,40,20,140,140,2026-02-19,2026-02-19,Yes,No,53520.8,80297.7,6047849.99
2026-04-30,Apr-2026,SKU-127,Lubrication Kit 1,Consumables,South,Southern Automation,SUP-C,Crest Global,328,343,714,655,171,27,320,320,2026-05-07,2026-05-07,Yes,No,3707.19,5127.71,2428207.27
2026-01-22,Jan-2026,SKU-108,Power Module 2,Critical Components,West,Vertex Engineering,SUP-C,Crest Global,106,80,86,64,25,22,113,113,2026-01-27,2026-02-01,No,Yes,43941.73,67399.67,2812270.92
2026-02-12,Feb-2026,SKU-128,Lubrication Kit 2,Consumables,North,Horizon Machines,SUP-E,Everest Components,292,235,497,435,117,23,312,312,2026-02-17,2026-02-26,No,No,1538.04,2111.53,669048.19
2026-01-17,Jan-2026,SKU-119,Robotic Arm Module 1,Premium Equipment,West,Gujarat Process Systems,SUP-A,Alpha Components,50,50,51,37,19,18,73,73,2026-01-29,2026-01-29,Yes,No,139914.56,200203.58,5176838.84
2026-01-19,Jan-2026,SKU-117,CNC Control Unit 1,Premium Equipment,West,Gujarat Process Systems,SUP-B,Bharat Industrial,61,53,62,50,20,13,60,60,2026-01-26,2026-01-26,Yes,No,70151.5,101328.84,3507574.85
2026-01-20,Jan-2026,SKU-106,Industrial Sensor 2,Critical Components,East,Orion Industries,SUP-C,Crest Global,115,122,116,93,39,31,128,128,2026-01-26,2026-01-26,Yes,No,35258.58,45874.62,3279047.54
