Employee_ID,Employee_Name,Gender,Date_of_Birth,Location,Department,Cost_Center,Job_Title,Grade,Employment_Type,Work_Mode,Hire_Date,Exit_Date,Employment_Status,Manager_ID,FTE,Education,Prior_Experience_Years,Recruitment_Source,Critical_Role
E00001,Employee 1,Male,2001-01-30,Bengaluru,Human Resources,CC500,HR Business Partner,G4,Permanent,Hybrid,2023-12-06,,Active,,1.0,Bachelor's,17,Agency,No
E00002,Employee 2,Male,1996-08-31,Chennai,Sales,CC200,Account Manager,G1,Permanent,Hybrid,2019-02-19,,Active,E00709,1.0,PhD,8,Agency,No
E00003,Employee 3,Female,1996-12-15,Chennai,Supply Chain,CC800,Supply Chain Analyst,G5,Permanent,Onsite,2023-03-27,,Active,,1.0,MBA,16,Agency,No
E00004,Employee 4,Female,1982-07-06,Hyderabad,Human Resources,CC500,HR Executive,G2,Permanent,Hybrid,2023-04-07,,Active,E03398,1.0,Bachelor's,13,Referral,No
E00005,Employee 5,Male,1993-11-09,Gurugram,Marketing,CC600,Product Marketing Manager,G4,Permanent,Hybrid,2022-01-09,2024-09-13,Exited,E04383,1.0,B.Tech,1,LinkedIn,No
E00006,Employee 6,Male,1976-03-14,Bengaluru,Technology,CC100,Data Scientist,G1,Permanent,Onsite,2021-01-29,,Active,E02736,1.0,B.Tech,14,Agency,No
E00007,Employee 7,Non-binary,1985-04-25,Chennai,Supply Chain,CC800,Logistics Manager,G2,Permanent,Hybrid,2019-02-09,,Active,E01700,1.0,MBA,18,Internal Mobility,No
E00008,Employee 8,Female,1988-09-05,Noida,Marketing,CC600,Product Marketing Manager,G2,Intern,Onsite,2020-12-30,,Active,E02455,1.0,B.Tech,18,Campus,Yes
E00009,Employee 9,Male,1996-08-26,Mumbai,Customer Success,CC700,Customer Success Manager,G5,Permanent,Onsite,2017-09-18,,Active,,1.0,Bachelor's,11,Company Website,No
E00010,Employee 10,Female,1997-11-18,Hyderabad,Finance,CC400,Finance Manager,G5,Permanent,Hybrid,2023-03-25,,Active,,1.0,M.Tech,9,Job Portal,No
E00011,Employee 11,Female,1992-02-10,Hyderabad,Sales,CC200,Key Account Manager,G4,Permanent,Onsite,2021-11-01,,Active,,1.0,PhD,7,Internal Mobility,No
E00012,Employee 12,Male,1997-09-22,Chennai,Finance,CC400,Senior Finance Analyst,G5,Permanent,Hybrid,2019-06-16,2020-01-01,Exited,E03336,1.0,PhD,16,Agency,No
E00013,Employee 13,Male,1987-05-16,Pune,Technology,CC100,Senior Software Engineer,G2,Permanent,Hybrid,2017-03-05,,Active,,1.0,Bachelor's,5,LinkedIn,No
E00014,Employee 14,Male,1980-09-22,Mumbai,Marketing,CC600,Marketing Executive,G2,Permanent,Hybrid,2019-09-07,2021-09-21,Exited,E04451,1.0,MBA,6,Company Website,No
E00015,Employee 15,Male,1995-09-16,Bengaluru,Supply Chain,CC800,Planner,G4,Permanent,Hybrid,2022-04-02,,Active,,1.0,M.Tech,15,Internal Mobility,No
E00016,Employee 16,Female,1975-07-10,Pune,Supply Chain,CC800,Procurement Specialist,G3,Permanent,Onsite,2018-03-25,,Active,,1.0,B.Tech,4,Campus,No
E00017,Employee 17,Male,2000-08-25,Pune,Finance,CC400,Senior Finance Analyst,G4,Permanent,Hybrid,2024-09-01,,Active,,1.0,PhD,3,Agency,No
E00018,Employee 18,Male,2002-05-04,Chennai,Supply Chain,CC800,Logistics Manager,G1,Permanent,Hybrid,2025-08-04,,Active,E01806,1.0,B.Tech,0,Agency,No
E00019,Employee 19,Male,1982-03-08,Hyderabad,Human Resources,CC500,HR Manager,G2,Permanent,Hybrid,2019-03-16,2023-04-12,Exited,E03614,1.0,B.Tech,3,LinkedIn,No
E00020,Employee 20,Male,1983-10-07,Hyderabad,Finance,CC400,Finance Analyst,G3,Permanent,Hybrid,2024-07-17,,Active,E04238,1.0,PhD,3,Company Website,No
E00021,Employee 21,Female,1984-07-18,Pune,Customer Success,CC700,Customer Success Executive,G1,Permanent,Onsite,2019-09-03,,Active,E03414,1.0,PhD,9,Job Portal,Yes
E00022,Employee 22,Female,1993-01-27,Hyderabad,Sales,CC200,Key Account Manager,G4,Permanent,Hybrid,2017-12-09,,Active,,1.0,Master's,17,Company Website,Yes
E00023,Employee 23,Male,1975-12-14,Pune,Marketing,CC600,Product Marketing Manager,G5,Permanent,Onsite,2018-08-19,2019-10-11,Exited,E04931,1.0,Bachelor's,8,Campus,No
E00024,Employee 24,Female,1979-12-16,Chennai,Customer Success,CC700,Support Analyst,G4,Permanent,Remote,2018-11-03,,Active,,1.0,Bachelor's,10,Internal Mobility,No
E00025,Employee 25,Male,1987-10-25,Chennai,Customer Success,CC700,Customer Success Manager,G3,Contract,Hybrid,2018-11-14,,Active,E01832,1.0,Master's,13,Agency,No
E00026,Employee 26,Male,1987-04-10,Bengaluru,Supply Chain,CC800,Logistics Manager,G4,Permanent,Hybrid,2018-01-24,2025-04-26,Exited,E04248,1.0,MBA,11,Agency,No
E00027,Employee 27,Male,1986-03-20,Noida,Operations,CC300,Operations Analyst,G4,Contract,Hybrid,2021-03-18,,Active,,1.0,M.Tech,16,Job Portal,No
E00028,Employee 28,Female,1990-03-28,Chennai,Supply Chain,CC800,Supply Chain Analyst,G5,Permanent,Hybrid,2026-02-01,,Active,,1.0,B.Tech,14,Internal Mobility,Yes
E00029,Employee 29,Male,1999-01-20,Hyderabad,Human Resources,CC500,HR Executive,G4,Permanent,Hybrid,2020-03-23,2024-04-22,Exited,E02487,1.0,MBA,14,Referral,No
E00030,Employee 30,Female,1982-04-27,Pune,Finance,CC400,Finance Analyst,G5,Permanent,Remote,2017-02-10,2026-07-04,Exited,E04725,1.0,B.Tech,14,Agency,No
E00031,Employee 31,Male,1985-05-22,Hyderabad,Marketing,CC600,Digital Marketing Analyst,G3,Permanent,Hybrid,2026-07-30,,Active,E03734,1.0,B.Tech,12,Campus,Yes
E00032,Employee 32,Male,2000-08-03,Mumbai,Sales,CC200,Sales Analyst,G2,Permanent,Hybrid,2021-09-24,,Active,E02493,1.0,B.Tech,13,Campus,No
E00033,Employee 33,Female,2000-10-17,Hyderabad,Supply Chain,CC800,Procurement Specialist,G3,Contract,Hybrid,2024-01-04,,Active,,0.5,M.Tech,13,Agency,No
E00034,Employee 34,Male,1986-01-24,Pune,Human Resources,CC500,HR Executive,G2,Permanent,Remote,2022-07-01,,Active,E02609,1.0,PhD,14,LinkedIn,No
E00035,Employee 35,Female,1995-09-27,Chennai,Sales,CC200,Key Account Manager,G1,Permanent,Remote,2021-04-27,,Active,E04802,1.0,MBA,12,Internal Mobility,Yes
E00036,Employee 36,Female,2003-06-15,Noida,Customer Success,CC700,Customer Success Executive,G4,Permanent,Hybrid,2025-01-08,,Active,,1.0,M.Tech,17,Internal Mobility,Yes
E00037,Employee 37,Female,1991-10-16,Hyderabad,Finance,CC400,Finance Manager,G4,Intern,Hybrid,2021-11-11,,Active,,1.0,Bachelor's,12,Agency,No
E00038,Employee 38,Male,1982-09-28,Gurugram,Human Resources,CC500,HR Manager,G4,Permanent,Onsite,2024-07-17,,Active,,1.0,M.Tech,11,LinkedIn,No
E00039,Employee 39,Male,1997-01-12,Gurugram,Human Resources,CC500,L&D Specialist,G5,Permanent,Hybrid,2022-06-30,2024-10-12,Exited,E01778,1.0,Bachelor's,10,Campus,Yes
E00040,Employee 40,Male,1982-04-29,Bengaluru,Marketing,CC600,Product Marketing Manager,G2,Permanent,Hybrid,2026-04-09,,Active,E04163,1.0,Bachelor's,12,Job Portal,No
E00041,Employee 41,Female,1976-04-13,Mumbai,Technology,CC100,Senior Software Engineer,G6,Permanent,Onsite,2018-02-23,,Active,,1.0,B.Tech,12,Referral,Yes
E00042,Employee 42,Male,1984-02-02,Bengaluru,Finance,CC400,Senior Finance Analyst,G3,Permanent,Hybrid,2025-09-11,2026-04-23,Exited,E00722,1.0,MBA,10,Company Website,No
E00043,Employee 43,Female,1987-10-19,Hyderabad,Supply Chain,CC800,Supply Chain Analyst,G1,Permanent,Hybrid,2026-06-10,,Active,E02406,1.0,Bachelor's,11,Internal Mobility,No
E00044,Employee 44,Female,1997-09-02,Hyderabad,Supply Chain,CC800,Planner,G2,Permanent,Onsite,2024-10-06,,Active,,1.0,M.Tech,15,Agency,No
E00045,Employee 45,Male,1977-09-30,Bengaluru,Customer Success,CC700,Customer Success Executive,G5,Intern,Hybrid,2021-06-04,,Active,,0.5,B.Tech,2,Company Website,No
E00046,Employee 46,Male,1983-02-19,Gurugram,Human Resources,CC500,HR Business Partner,G4,Permanent,Hybrid,2020-07-30,,Active,,1.0,Bachelor's,5,LinkedIn,No
E00047,Employee 47,Male,1993-07-01,Pune,Technology,CC100,Senior Software Engineer,G3,Permanent,Hybrid,2019-11-21,,Active,,1.0,PhD,18,Company Website,No
E00048,Employee 48,Male,1985-08-17,Gurugram,Sales,CC200,Key Account Manager,G2,Permanent,Hybrid,2024-12-27,,Active,E01886,1.0,PhD,7,Referral,No
E00049,Employee 49,Female,1993-04-30,Bengaluru,Marketing,CC600,Product Marketing Manager,G4,Intern,Hybrid,2019-05-26,,Active,,1.0,Master's,11,Campus,Yes
E00050,Employee 50,Male,1989-09-08,Pune,Customer Success,CC700,Support Analyst,G4,Permanent,Hybrid,2022-10-07,,Active,,1.0,PhD,3,Job Portal,No
E00051,Employee 51,Male,1992-12-27,Hyderabad,Customer Success,CC700,Customer Success Executive,G3,Permanent,Remote,2020-06-21,,Active,E03058,1.0,M.Tech,16,LinkedIn,Yes
E00052,Employee 52,Male,2001-05-02,Chennai,Finance,CC400,Finance Manager,G4,Contract,Onsite,2024-01-04,,Active,,0.75,M.Tech,9,LinkedIn,No
E00053,Employee 53,Female,1998-03-23,Bengaluru,Finance,CC400,Finance Analyst,G6,Contract,Remote,2022-05-28,,Active,,1.0,Bachelor's,12,Company Website,No
E00054,Employee 54,Female,2001-10-12,Pune,Customer Success,CC700,Customer Success Manager,G4,Permanent,Onsite,2023-10-08,2025-04-22,Exited,E02483,1.0,B.Tech,12,LinkedIn,No
E00055,Employee 55,Female,1996-06-22,Pune,Finance,CC400,Finance Analyst,G3,Permanent,Onsite,2024-12-22,,Active,E02516,1.0,PhD,5,Referral,No
E00056,Employee 56,Male,1994-07-29,Pune,Finance,CC400,Finance Manager,G2,Permanent,Onsite,2018-09-23,,Active,E04072,1.0,Master's,8,Referral,No
E00057,Employee 57,Female,1984-05-20,Hyderabad,Finance,CC400,Finance Manager,G2,Permanent,Hybrid,2020-10-17,,Active,E01569,1.0,PhD,0,Internal Mobility,No
E00058,Employee 58,Female,1983-06-28,Mumbai,Finance,CC400,Finance Analyst,G1,Permanent,Hybrid,2023-04-17,,Active,E00253,1.0,MBA,14,Internal Mobility,No
E00059,Employee 59,Male,1981-12-27,Gurugram,Technology,CC100,Data Analyst,G5,Permanent,Hybrid,2026-01-17,,Active,,1.0,MBA,10,Campus,No
E00060,Employee 60,Male,1993-05-09,Mumbai,Customer Success,CC700,Support Analyst,G3,Permanent,Hybrid,2024-05-06,,Active,E00223,1.0,B.Tech,13,Campus,No
E00061,Employee 61,Male,1989-01-19,Hyderabad,Finance,CC400,Finance Manager,G3,Permanent,Hybrid,2017-05-26,,Active,E01388,1.0,Bachelor's,6,Referral,No
E00062,Employee 62,Female,1977-03-24,Hyderabad,Operations,CC300,Team Lead,G4,Permanent,Hybrid,2017-03-05,2022-10-29,Exited,E03006,1.0,Master's,10,LinkedIn,Yes
E00063,Employee 63,Female,1996-01-06,Noida,Sales,CC200,Sales Analyst,G4,Permanent,Hybrid,2023-12-08,,Active,,1.0,PhD,8,Referral,Yes
E00064,Employee 64,Male,2000-05-09,Chennai,Operations,CC300,Operations Executive,G2,Permanent,Onsite,2024-02-13,,Active,E02964,1.0,PhD,6,LinkedIn,Yes
E00065,Employee 65,Female,1988-07-02,Chennai,Human Resources,CC500,HR Executive,G4,Permanent,Hybrid,2019-08-25,2019-11-30,Exited,,1.0,B.Tech,0,Campus,No
E00066,Employee 66,Female,1978-03-18,Hyderabad,Marketing,CC600,Marketing Executive,G5,Permanent,Onsite,2019-04-18,,Active,,1.0,M.Tech,5,Job Portal,No
E00067,Employee 67,Male,1990-11-17,Mumbai,Technology,CC100,Software Engineer,G1,Permanent,Hybrid,2020-03-14,,Active,E04354,1.0,PhD,7,Campus,No
E00068,Employee 68,Male,1974-12-06,Noida,Customer Success,CC700,Customer Success Manager,G2,Contract,Onsite,2017-04-10,2025-05-22,Exited,E01230,1.0,Master's,2,LinkedIn,No
E00069,Employee 69,Non-binary,1997-07-09,Hyderabad,Technology,CC100,Senior Software Engineer,G5,Permanent,Hybrid,2020-12-07,,Active,,1.0,Bachelor's,11,Company Website,Yes
E00070,Employee 70,Male,2005-07-13,Bengaluru,Supply Chain,CC800,Supply Chain Analyst,G3,Contract,Hybrid,2026-07-31,,Active,E03449,0.5,MBA,7,LinkedIn,No
E00071,Employee 71,Male,1995-03-12,Gurugram,Sales,CC200,Regional Sales Manager,G2,Permanent,Hybrid,2018-08-02,,Active,E04679,1.0,Bachelor's,14,LinkedIn,No
E00072,Employee 72,Male,1985-04-11,Pune,Customer Success,CC700,Support Analyst,G3,Permanent,Hybrid,2025-06-09,,Active,E00346,1.0,B.Tech,11,LinkedIn,No
E00073,Employee 73,Female,1975-07-13,Hyderabad,Human Resources,CC500,HR Business Partner,G4,Permanent,Hybrid,2018-04-11,2018-08-12,Exited,E03453,1.0,B.Tech,10,Campus,Yes
E00074,Employee 74,Male,1986-08-23,Bengaluru,Supply Chain,CC800,Supply Chain Analyst,G4,Permanent,Hybrid,2023-08-20,,Active,,1.0,PhD,1,LinkedIn,No
E00075,Employee 75,Female,1987-12-28,Pune,Customer Success,CC700,Customer Success Manager,G1,Permanent,Hybrid,2024-02-19,,Active,E02109,1.0,Master's,5,Referral,No
E00076,Employee 76,Male,1993-05-18,Mumbai,Sales,CC200,Sales Analyst,G3,Permanent,Remote,2026-05-21,,Active,E00397,1.0,Bachelor's,13,Job Portal,No
E00077,Employee 77,Female,1981-07-18,Bengaluru,Human Resources,CC500,HR Executive,G3,Permanent,Hybrid,2023-10-01,,Active,E02505,1.0,PhD,13,Agency,No
E00078,Employee 78,Male,1981-05-28,Hyderabad,Technology,CC100,Data Scientist,G3,Permanent,Hybrid,2017-10-05,,Active,E02209,1.0,M.Tech,15,Company Website,Yes
E00079,Employee 79,Female,1979-01-11,Hyderabad,Customer Success,CC700,Customer Success Manager,G3,Permanent,Hybrid,2017-08-17,,Active,E00589,1.0,Bachelor's,18,Job Portal,Yes
E00080,Employee 80,Male,1998-06-30,Hyderabad,Supply Chain,CC800,Logistics Manager,G3,Permanent,Hybrid,2020-09-29,,Active,E03187,1.0,MBA,18,LinkedIn,No
E00081,Employee 81,Male,2000-05-01,Hyderabad,Technology,CC100,Tech Lead,G3,Permanent,Hybrid,2023-11-18,,Active,E03271,1.0,M.Tech,9,LinkedIn,Yes
E00082,Employee 82,Male,1980-05-30,Bengaluru,Sales,CC200,Regional Sales Manager,G2,Permanent,Hybrid,2023-07-24,2024-11-10,Exited,E04086,1.0,M.Tech,0,Agency,No
E00083,Employee 83,Female,1991-10-06,Pune,Customer Success,CC700,Support Analyst,G3,Permanent,Hybrid,2018-05-15,,Active,E02279,1.0,PhD,2,Agency,No
E00084,Employee 84,Female,2003-03-26,Hyderabad,Operations,CC300,Operations Executive,G1,Permanent,Hybrid,2024-11-26,,Active,E04383,1.0,Bachelor's,16,Referral,No
E00085,Employee 85,Male,1982-11-13,Gurugram,Technology,CC100,Tech Lead,G3,Intern,Hybrid,2021-08-22,,Active,E01803,0.75,Bachelor's,2,Referral,No
E00086,Employee 86,Male,1989-10-05,Gurugram,Operations,CC300,Operations Manager,G2,Permanent,Remote,2026-03-07,,Active,E01699,1.0,Master's,13,Company Website,No
E00087,Employee 87,Male,2003-01-06,Pune,Operations,CC300,Operations Manager,G4,Permanent,Remote,2024-06-20,,Active,,1.0,PhD,1,Job Portal,No
E00088,Employee 88,Male,1985-10-16,Hyderabad,Marketing,CC600,Product Marketing Manager,G4,Contract,Hybrid,2021-04-13,,Active,,1.0,Bachelor's,4,Referral,No
E00089,Employee 89,Female,1987-10-02,Chennai,Finance,CC400,Finance Manager,G3,Permanent,Onsite,2017-09-01,,Active,E04651,1.0,Master's,8,Agency,No
E00090,Employee 90,Male,1998-04-13,Bengaluru,Customer Success,CC700,Customer Success Manager,G4,Permanent,Onsite,2020-03-17,,Active,,1.0,Bachelor's,10,Internal Mobility,No
E00091,Employee 91,Female,1996-04-19,Hyderabad,Human Resources,CC500,HR Executive,G2,Permanent,Hybrid,2023-12-18,,Active,E00814,1.0,MBA,14,LinkedIn,Yes
E00092,Employee 92,Male,1996-10-30,Mumbai,Customer Success,CC700,Support Analyst,G5,Intern,Onsite,2023-12-07,,Active,,0.5,M.Tech,8,Agency,No
E00093,Employee 93,Female,1977-05-31,Mumbai,Operations,CC300,Operations Analyst,G3,Permanent,Onsite,2020-07-17,,Active,E00178,1.0,MBA,10,Referral,Yes
E00094,Employee 94,Male,1978-07-15,Mumbai,Marketing,CC600,Product Marketing Manager,G1,Permanent,Hybrid,2021-11-11,,Active,E02933,1.0,M.Tech,10,Campus,No
E00095,Employee 95,Male,1984-12-21,Bengaluru,Technology,CC100,Engineering Manager,G5,Permanent,Remote,2026-01-06,,Active,,1.0,MBA,0,LinkedIn,No
E00096,Employee 96,Female,1997-08-20,Gurugram,Customer Success,CC700,Support Analyst,G3,Permanent,Hybrid,2024-04-12,,Active,E04060,1.0,Bachelor's,13,Referral,Yes
E00097,Employee 97,Female,1978-09-26,Mumbai,Marketing,CC600,Brand Manager,G4,Permanent,Hybrid,2019-08-16,2020-04-29,Exited,E04748,1.0,B.Tech,5,Agency,Yes
E00098,Employee 98,Female,1988-06-26,Bengaluru,Sales,CC200,Sales Executive,G3,Contract,Hybrid,2022-09-08,2026-03-03,Exited,E00991,0.75,Master's,7,Internal Mobility,Yes
E00099,Employee 99,Female,1983-10-25,Mumbai,Human Resources,CC500,Talent Acquisition Specialist,G2,Permanent,Hybrid,2026-05-17,,Active,E03697,1.0,PhD,14,Campus,No
E00100,Employee 100,Female,1994-06-12,Gurugram,Human Resources,CC500,HR Executive,G4,Permanent,Onsite,2018-02-06,,Active,,1.0,MBA,4,Campus,No
E00101,Employee 101,Male,1986-12-17,Noida,Technology,CC100,Tech Lead,G3,Permanent,Hybrid,2026-07-31,,Active,E00325,1.0,Master's,7,Job Portal,No
E00102,Employee 102,Female,1998-02-21,Hyderabad,Customer Success,CC700,Customer Success Manager,G3,Permanent,Hybrid,2021-02-22,2023-01-23,Exited,E00595,1.0,Bachelor's,3,Company Website,No
E00103,Employee 103,Female,1979-06-12,Pune,Sales,CC200,Sales Analyst,G6,Permanent,Hybrid,2019-04-14,,Active,,1.0,MBA,18,Campus,No
E00104,Employee 104,Female,1982-12-19,Bengaluru,Finance,CC400,Senior Finance Analyst,G2,Permanent,Hybrid,2017-11-28,,Active,E03946,1.0,M.Tech,3,Campus,No
E00105,Employee 105,Male,1996-04-16,Bengaluru,Supply Chain,CC800,Planner,G2,Permanent,Hybrid,2023-08-04,,Active,E04717,1.0,M.Tech,1,Company Website,No
E00106,Employee 106,Female,1995-08-23,Bengaluru,Operations,CC300,Operations Analyst,G1,Permanent,Hybrid,2021-07-10,,Active,E03263,1.0,B.Tech,18,Job Portal,No
E00107,Employee 107,Female,1987-03-25,Noida,Technology,CC100,Engineering Manager,G1,Permanent,Onsite,2021-09-19,2025-08-28,Exited,E00022,1.0,Master's,4,Agency,No
E00108,Employee 108,Male,1977-12-03,Bengaluru,Sales,CC200,Sales Executive,G3,Permanent,Onsite,2018-04-12,2020-10-07,Exited,E02156,1.0,Master's,5,LinkedIn,No
E00109,Employee 109,Male,1988-01-18,Mumbai,Sales,CC200,Regional Sales Manager,G2,Permanent,Remote,2017-08-23,,Active,E02371,1.0,MBA,17,Campus,No
E00110,Employee 110,Female,1978-12-09,Mumbai,Human Resources,CC500,Talent Acquisition Specialist,G4,Contract,Remote,2019-11-04,,Active,,1.0,Bachelor's,4,LinkedIn,No
E00111,Employee 111,Female,1996-04-16,Chennai,Operations,CC300,Team Lead,G1,Permanent,Hybrid,2017-04-21,,Active,E04459,1.0,Bachelor's,13,LinkedIn,No
E00112,Employee 112,Male,1995-07-27,Hyderabad,Finance,CC400,Finance Manager,G3,Permanent,Hybrid,2018-09-03,,Active,E03625,1.0,MBA,16,Agency,No
E00113,Employee 113,Female,1990-06-24,Gurugram,Supply Chain,CC800,Supply Chain Analyst,G2,Permanent,Hybrid,2023-02-20,,Active,E00593,1.0,PhD,17,Referral,No
E00114,Employee 114,Female,1984-05-28,Bengaluru,Operations,CC300,Team Lead,G4,Permanent,Hybrid,2019-05-02,2020-10-20,Exited,E04629,1.0,Master's,2,Job Portal,Yes
E00115,Employee 115,Male,1985-05-09,Pune,Operations,CC300,Team Lead,G1,Permanent,Hybrid,2019-11-09,2022-03-02,Exited,E01007,1.0,PhD,16,Campus,No
E00116,Employee 116,Female,1973-08-28,Pune,Supply Chain,CC800,Logistics Manager,G3,Permanent,Hybrid,2018-07-15,,Active,E00713,1.0,MBA,0,Agency,No
E00117,Employee 117,Female,1987-11-17,Gurugram,Sales,CC200,Sales Analyst,G2,Permanent,Hybrid,2021-09-17,,Active,E03484,1.0,B.Tech,0,Company Website,No
E00118,Employee 118,Male,1982-08-16,Mumbai,Technology,CC100,Data Analyst,G2,Permanent,Remote,2022-07-15,,Active,E00589,1.0,Bachelor's,7,Internal Mobility,No
E00119,Employee 119,Male,1981-09-15,Pune,Human Resources,CC500,L&D Specialist,G3,Permanent,Hybrid,2025-05-06,,Active,E00152,1.0,MBA,10,Agency,No
E00120,Employee 120,Female,1978-08-20,Noida,Customer Success,CC700,Customer Success Manager,G6,Permanent,Hybrid,2020-07-15,,Active,,1.0,B.Tech,11,LinkedIn,No
E00121,Employee 121,Male,1975-11-25,Bengaluru,Customer Success,CC700,Customer Success Manager,G1,Permanent,Hybrid,2020-03-14,,Active,E01051,1.0,M.Tech,16,Campus,No
E00122,Employee 122,Female,1994-12-04,Gurugram,Operations,CC300,Operations Manager,G4,Contract,Hybrid,2026-06-14,,Active,,0.5,MBA,11,Agency,No
E00123,Employee 123,Male,1976-03-09,Bengaluru,Human Resources,CC500,HR Manager,G2,Permanent,Hybrid,2019-11-20,,Active,E02978,1.0,M.Tech,1,Company Website,No
E00124,Employee 124,Female,1998-01-22,Chennai,Marketing,CC600,Marketing Executive,G2,Permanent,Onsite,2022-11-03,,Active,,1.0,M.Tech,0,LinkedIn,No
E00125,Employee 125,Female,2003-05-12,Hyderabad,Sales,CC200,Account Manager,G1,Permanent,Hybrid,2025-06-05,,Active,E01642,1.0,MBA,16,Job Portal,No
E00126,Employee 126,Female,1997-03-06,Hyderabad,Technology,CC100,Tech Lead,G1,Permanent,Hybrid,2021-02-28,2025-02-26,Exited,E02128,1.0,B.Tech,18,LinkedIn,No
E00127,Employee 127,Female,1992-09-24,Hyderabad,Human Resources,CC500,HR Business Partner,G2,Permanent,Hybrid,2018-11-08,,Active,E00459,1.0,Bachelor's,2,Internal Mobility,No
E00128,Employee 128,Female,1974-07-11,Pune,Human Resources,CC500,HR Manager,G6,Permanent,Hybrid,2017-04-04,,Active,,1.0,B.Tech,3,Referral,No
E00129,Employee 129,Female,1975-10-03,Hyderabad,Technology,CC100,Data Analyst,G3,Permanent,Hybrid,2017-04-04,2019-03-09,Exited,E01934,1.0,Master's,3,Job Portal,No
E00130,Employee 130,Male,1979-04-22,Bengaluru,Supply Chain,CC800,Supply Chain Analyst,G4,Contract,Hybrid,2021-05-05,2022-12-23,Exited,E04947,0.75,MBA,16,Agency,No
E00131,Employee 131,Male,2001-10-08,Hyderabad,Marketing,CC600,Brand Manager,G6,Contract,Onsite,2024-05-10,,Active,,0.5,PhD,13,Agency,No
E00132,Employee 132,Male,1978-01-20,Noida,Supply Chain,CC800,Planner,G2,Permanent,Remote,2021-11-18,,Active,E01715,1.0,MBA,13,Campus,No
E00133,Employee 133,Female,1976-11-22,Gurugram,Operations,CC300,Operations Executive,G3,Permanent,Hybrid,2018-05-03,2024-03-18,Exited,E04262,1.0,Master's,0,Job Portal,No
E00134,Employee 134,Male,1988-04-02,Noida,Supply Chain,CC800,Planner,G2,Permanent,Remote,2023-04-14,,Active,E04644,1.0,B.Tech,8,Job Portal,No
E00135,Employee 135,Male,1988-09-16,Noida,Supply Chain,CC800,Logistics Manager,G3,Permanent,Hybrid,2020-05-16,,Active,E04055,1.0,Bachelor's,5,Campus,No
E00136,Employee 136,Male,1998-12-01,Bengaluru,Operations,CC300,Team Lead,G5,Permanent,Hybrid,2024-03-09,,Active,,1.0,B.Tech,17,Job Portal,No
E00137,Employee 137,Male,1998-06-17,Chennai,Supply Chain,CC800,Logistics Manager,G2,Permanent,Hybrid,2022-07-06,,Active,E04289,1.0,MBA,13,LinkedIn,No
E00138,Employee 138,Female,1994-03-05,Chennai,Finance,CC400,Senior Finance Analyst,G6,Permanent,Hybrid,2025-07-26,,Active,,1.0,PhD,18,Referral,Yes
E00139,Employee 139,Female,1985-04-02,Hyderabad,Human Resources,CC500,HR Executive,G4,Contract,Hybrid,2018-04-09,,Active,,0.75,Master's,8,LinkedIn,No
E00140,Employee 140,Female,1990-01-18,Mumbai,Customer Success,CC700,Customer Success Executive,G3,Permanent,Hybrid,2021-09-19,,Active,E03394,1.0,PhD,12,LinkedIn,No
E00141,Employee 141,Female,1996-02-25,Chennai,Human Resources,CC500,Talent Acquisition Specialist,G5,Contract,Onsite,2020-01-03,2023-06-28,Exited,E03575,0.75,Bachelor's,12,Internal Mobility,No
E00142,Employee 142,Female,1985-01-02,Chennai,Technology,CC100,Senior Software Engineer,G2,Contract,Hybrid,2021-05-02,,Active,E01506,0.75,M.Tech,5,Internal Mobility,No
E00143,Employee 143,Male,1992-05-30,Hyderabad,Finance,CC400,Finance Analyst,G3,Permanent,Hybrid,2021-07-22,2023-02-16,Exited,E00396,1.0,MBA,0,Campus,No
E00144,Employee 144,Female,1986-09-18,Chennai,Supply Chain,CC800,Supply Chain Analyst,G5,Permanent,Hybrid,2018-02-14,,Active,,1.0,Master's,3,Internal Mobility,No
E00145,Employee 145,Male,1994-03-10,Chennai,Sales,CC200,Account Manager,G3,Permanent,Remote,2017-08-16,,Active,E03263,1.0,Bachelor's,0,Campus,Yes
E00146,Employee 146,Male,1983-02-25,Bengaluru,Finance,CC400,Finance Manager,G4,Permanent,Onsite,2019-04-23,,Active,,1.0,Master's,9,Job Portal,No
E00147,Employee 147,Male,1974-10-20,Hyderabad,Marketing,CC600,Marketing Executive,G4,Permanent,Onsite,2017-09-30,,Active,,1.0,Bachelor's,11,Referral,No
E00148,Employee 148,Female,1976-12-04,Noida,Sales,CC200,Regional Sales Manager,G3,Permanent,Onsite,2020-11-12,,Active,E02987,1.0,B.Tech,1,Internal Mobility,No
E00149,Employee 149,Female,2005-03-08,Pune,Technology,CC100,Engineering Manager,G2,Permanent,Onsite,2026-08-24,,Active,E03469,1.0,MBA,3,Agency,No
E00150,Employee 150,Male,1999-01-20,Pune,Human Resources,CC500,HR Manager,G4,Permanent,Onsite,2025-02-22,,Active,,1.0,Bachelor's,12,Internal Mobility,No
E00151,Employee 151,Female,2002-05-09,Mumbai,Sales,CC200,Account Manager,G3,Permanent,Onsite,2025-01-12,,Active,E00452,1.0,Master's,11,Internal Mobility,Yes
E00152,Employee 152,Female,1993-01-26,Hyderabad,Operations,CC300,Team Lead,G4,Permanent,Remote,2018-02-26,,Active,,1.0,B.Tech,3,Internal Mobility,No
E00153,Employee 153,Male,1991-06-22,Bengaluru,Customer Success,CC700,Customer Success Executive,G4,Contract,Hybrid,2024-06-08,,Active,,0.5,Master's,9,Job Portal,No
E00154,Employee 154,Female,1986-08-02,Bengaluru,Operations,CC300,Operations Manager,G5,Permanent,Hybrid,2017-04-18,2018-12-29,Exited,E01185,1.0,PhD,6,Campus,No
E00155,Employee 155,Male,1996-02-02,Pune,Finance,CC400,Finance Manager,G5,Permanent,Hybrid,2021-02-13,,Active,,1.0,Bachelor's,16,LinkedIn,No
E00156,Employee 156,Female,1992-06-07,Bengaluru,Marketing,CC600,Marketing Executive,G1,Permanent,Hybrid,2023-04-03,,Active,E02274,1.0,B.Tech,9,Internal Mobility,Yes
E00157,Employee 157,Male,1984-12-10,Bengaluru,Finance,CC400,Finance Analyst,G3,Permanent,Hybrid,2022-07-30,,Active,E02418,1.0,MBA,2,Company Website,No
E00158,Employee 158,Male,1975-07-07,Hyderabad,Human Resources,CC500,Talent Acquisition Specialist,G1,Permanent,Hybrid,2020-04-25,2025-09-17,Exited,E00852,1.0,M.Tech,6,Agency,No
E00159,Employee 159,Male,1995-01-09,Hyderabad,Supply Chain,CC800,Supply Chain Analyst,G4,Permanent,Hybrid,2020-06-02,,Active,,1.0,Master's,0,Campus,No
E00160,Employee 160,Female,1986-11-25,Pune,Customer Success,CC700,Customer Success Manager,G5,Contract,Hybrid,2017-08-19,,Active,,0.75,MBA,5,Campus,No
E00161,Employee 161,Female,1978-06-23,Hyderabad,Sales,CC200,Regional Sales Manager,G5,Permanent,Remote,2022-04-08,2024-10-27,Exited,E03762,1.0,MBA,15,Job Portal,Yes
E00162,Employee 162,Female,1997-08-09,Noida,Technology,CC100,Tech Lead,G3,Permanent,Remote,2021-08-17,,Active,E03542,1.0,Master's,12,Campus,No
E00163,Employee 163,Male,2000-11-02,Bengaluru,Finance,CC400,Senior Finance Analyst,G1,Permanent,Remote,2025-09-13,,Active,E02027,1.0,M.Tech,11,Campus,No
E00164,Employee 164,Female,1992-08-07,Mumbai,Customer Success,CC700,Customer Success Executive,G2,Contract,Hybrid,2024-08-26,,Active,E03956,0.5,PhD,13,Internal Mobility,No
E00165,Employee 165,Male,1987-08-06,Chennai,Marketing,CC600,Marketing Executive,G1,Intern,Onsite,2018-09-02,2023-12-16,Exited,E00778,0.75,Bachelor's,3,Agency,No
E00166,Employee 166,Female,1978-03-05,Chennai,Operations,CC300,Operations Executive,G3,Permanent,Onsite,2017-06-09,2017-09-20,Exited,E02387,1.0,PhD,3,Referral,No
E00167,Employee 167,Female,1985-01-28,Mumbai,Supply Chain,CC800,Supply Chain Analyst,G4,Permanent,Remote,2026-01-30,,Active,,1.0,Bachelor's,5,Referral,No
E00168,Employee 168,Male,1983-12-21,Bengaluru,Marketing,CC600,Brand Manager,G3,Permanent,Hybrid,2023-01-14,,Active,E04899,1.0,MBA,13,Company Website,No
E00169,Employee 169,Male,1982-06-30,Bengaluru,Marketing,CC600,Digital Marketing Analyst,G2,Permanent,Hybrid,2026-03-26,,Active,E02169,1.0,M.Tech,12,Company Website,No
E00170,Employee 170,Female,1984-09-06,Bengaluru,Technology,CC100,Engineering Manager,G4,Permanent,Hybrid,2017-08-21,2020-01-21,Exited,E02148,1.0,Master's,0,Referral,No
E00171,Employee 171,Female,1983-07-08,Gurugram,Technology,CC100,Engineering Manager,G4,Contract,Hybrid,2017-02-01,,Active,,1.0,M.Tech,10,Agency,Yes
E00172,Employee 172,Male,1995-03-03,Gurugram,Finance,CC400,Finance Manager,G2,Permanent,Hybrid,2022-07-08,,Active,E03779,1.0,B.Tech,16,Referral,No
E00173,Employee 173,Female,1984-02-19,Bengaluru,Finance,CC400,Senior Finance Analyst,G4,Permanent,Onsite,2023-06-14,,Active,,1.0,PhD,15,LinkedIn,No
E00174,Employee 174,Male,1996-06-24,Hyderabad,Supply Chain,CC800,Procurement Specialist,G5,Permanent,Hybrid,2023-01-19,,Active,,1.0,Bachelor's,13,LinkedIn,No
E00175,Employee 175,Male,1985-06-21,Bengaluru,Marketing,CC600,Brand Manager,G3,Permanent,Hybrid,2020-07-15,,Active,,1.0,B.Tech,18,LinkedIn,No
E00176,Employee 176,Female,1986-03-24,Bengaluru,Human Resources,CC500,HR Business Partner,G6,Permanent,Hybrid,2021-11-27,2026-06-22,Exited,E04025,1.0,Master's,16,Campus,No
E00177,Employee 177,Male,1995-07-27,Mumbai,Customer Success,CC700,Customer Success Executive,G5,Permanent,Onsite,2024-04-14,2025-04-08,Exited,E01969,1.0,B.Tech,12,Referral,No
E00178,Employee 178,Male,1987-12-18,Hyderabad,Operations,CC300,Operations Manager,G4,Contract,Hybrid,2019-09-12,,Active,,1.0,M.Tech,4,Job Portal,No
E00179,Employee 179,Male,1989-11-24,Bengaluru,Supply Chain,CC800,Planner,G2,Permanent,Hybrid,2026-02-17,,Active,E00500,1.0,M.Tech,5,Job Portal,Yes
E00180,Employee 180,Female,1994-11-17,Chennai,Sales,CC200,Account Manager,G4,Permanent,Hybrid,2018-09-27,,Active,,1.0,Master's,5,Company Website,No
E00181,Employee 181,Male,1981-07-20,Hyderabad,Marketing,CC600,Marketing Executive,G3,Permanent,Onsite,2017-04-05,,Active,E01438,1.0,Master's,4,LinkedIn,Yes
E00182,Employee 182,Female,1981-05-06,Bengaluru,Human Resources,CC500,HR Manager,G3,Contract,Hybrid,2017-10-30,,Active,E01317,0.5,Master's,1,Referral,No
E00183,Employee 183,Female,1981-06-21,Mumbai,Supply Chain,CC800,Procurement Specialist,G5,Permanent,Onsite,2019-07-03,,Active,,1.0,Bachelor's,9,Internal Mobility,No
E00184,Employee 184,Female,1981-07-26,Chennai,Finance,CC400,Finance Manager,G2,Permanent,Hybrid,2018-08-12,2021-05-18,Exited,,1.0,MBA,1,Agency,No
E00185,Employee 185,Male,1993-08-21,Chennai,Sales,CC200,Key Account Manager,G3,Permanent,Onsite,2026-08-13,,Active,E02363,1.0,Bachelor's,11,Referral,No
E00186,Employee 186,Male,1986-05-05,Chennai,Operations,CC300,Operations Executive,G2,Permanent,Hybrid,2022-08-17,2024-07-02,Exited,E00215,1.0,PhD,17,Campus,No
E00187,Employee 187,Female,1974-07-12,Bengaluru,Finance,CC400,Finance Manager,G1,Permanent,Hybrid,2017-02-22,,Active,E03112,1.0,B.Tech,13,Job Portal,Yes
E00188,Employee 188,Male,1982-01-04,Bengaluru,Operations,CC300,Operations Executive,G5,Permanent,Hybrid,2026-05-15,,Active,,1.0,M.Tech,18,Agency,No
E00189,Employee 189,Female,1980-04-09,Bengaluru,Finance,CC400,Senior Finance Analyst,G3,Permanent,Hybrid,2023-11-06,,Active,E04944,1.0,MBA,2,Company Website,No
E00190,Employee 190,Female,1980-10-27,Gurugram,Finance,CC400,Finance Analyst,G2,Permanent,Hybrid,2017-02-11,,Active,E01340,1.0,MBA,1,LinkedIn,No
E00191,Employee 191,Male,1995-04-08,Bengaluru,Supply Chain,CC800,Procurement Specialist,G4,Permanent,Hybrid,2021-01-24,,Active,,1.0,B.Tech,0,LinkedIn,No
E00192,Employee 192,Female,1994-10-28,Bengaluru,Customer Success,CC700,Customer Success Executive,G2,Permanent,Hybrid,2020-08-25,,Active,E04456,1.0,PhD,9,Agency,No
E00193,Employee 193,Female,1991-06-28,Hyderabad,Supply Chain,CC800,Supply Chain Analyst,G1,Permanent,Hybrid,2021-08-07,,Active,E02994,1.0,MBA,9,Internal Mobility,Yes
E00194,Employee 194,Female,1997-09-02,Bengaluru,Human Resources,CC500,L&D Specialist,G6,Permanent,Hybrid,2025-07-16,,Active,,1.0,Bachelor's,7,Referral,No
E00195,Employee 195,Male,1991-06-15,Bengaluru,Technology,CC100,Data Scientist,G2,Permanent,Hybrid,2022-05-28,,Active,E01506,1.0,MBA,5,Internal Mobility,No
E00196,Employee 196,Female,1986-10-18,Hyderabad,Operations,CC300,Operations Analyst,G1,Contract,Onsite,2025-10-17,,Active,E00907,0.5,PhD,17,LinkedIn,No
E00197,Employee 197,Male,1996-11-17,Hyderabad,Operations,CC300,Operations Manager,G3,Permanent,Hybrid,2020-12-02,,Active,E01879,1.0,B.Tech,4,Agency,No
E00198,Employee 198,Female,1991-04-09,Hyderabad,Technology,CC100,Senior Software Engineer,G2,Contract,Onsite,2025-10-13,,Active,E02189,1.0,Bachelor's,15,Job Portal,Yes
E00199,Employee 199,Female,1985-10-10,Hyderabad,Finance,CC400,Finance Manager,G3,Permanent,Hybrid,2022-07-05,,Active,E01497,1.0,M.Tech,6,Campus,No
E00200,Employee 200,Male,1987-05-06,Hyderabad,Technology,CC100,Data Scientist,G4,Permanent,Onsite,2022-11-29,,Active,,1.0,MBA,1,Referral,Yes
E00201,Employee 201,Female,1988-06-16,Gurugram,Customer Success,CC700,Customer Success Manager,G3,Intern,Hybrid,2018-11-14,,Active,E03019,0.5,Bachelor's,9,Agency,No
E00202,Employee 202,Female,1994-12-31,Bengaluru,Operations,CC300,Operations Manager,G3,Permanent,Hybrid,2022-02-08,,Active,E04685,1.0,PhD,5,Internal Mobility,No
E00203,Employee 203,Female,1979-05-20,Pune,Sales,CC200,Account Manager,G6,Permanent,Hybrid,2020-05-02,,Active,,1.0,MBA,12,LinkedIn,No
E00204,Employee 204,Male,1980-07-08,Gurugram,Supply Chain,CC800,Logistics Manager,G3,Permanent,Remote,2025-05-23,,Active,E04124,1.0,PhD,6,Internal Mobility,No
E00205,Employee 205,Female,1984-08-08,Hyderabad,Marketing,CC600,Marketing Executive,G4,Permanent,Hybrid,2024-08-08,,Active,,1.0,MBA,13,Internal Mobility,No
E00206,Employee 206,Female,1985-10-24,Chennai,Supply Chain,CC800,Logistics Manager,G3,Permanent,Hybrid,2020-10-29,,Active,E00001,1.0,Bachelor's,5,Agency,No
E00207,Employee 207,Male,1981-07-21,Bengaluru,Finance,CC400,Senior Finance Analyst,G3,Permanent,Onsite,2022-01-20,2026-04-20,Exited,E03246,1.0,PhD,13,Agency,No
E00208,Employee 208,Male,1995-11-11,Noida,Supply Chain,CC800,Logistics Manager,G3,Permanent,Hybrid,2025-06-02,,Active,E03608,1.0,Master's,1,Job Portal,No
E00209,Employee 209,Male,1983-03-19,Chennai,Customer Success,CC700,Customer Success Manager,G1,Permanent,Onsite,2019-01-28,,Active,E02676,1.0,MBA,15,Campus,Yes
E00210,Employee 210,Female,1977-06-14,Gurugram,Finance,CC400,Finance Analyst,G3,Permanent,Onsite,2021-04-13,,Active,E01116,1.0,Master's,11,LinkedIn,No
E00211,Employee 211,Male,1990-05-11,Hyderabad,Operations,CC300,Operations Analyst,G3,Permanent,Hybrid,2019-04-29,2023-06-25,Exited,E00732,1.0,PhD,0,Campus,No
E00212,Employee 212,Female,1987-12-14,Mumbai,Technology,CC100,Engineering Manager,G3,Permanent,Onsite,2017-08-15,,Active,E00957,1.0,PhD,17,Company Website,No
E00213,Employee 213,Female,1986-06-10,Mumbai,Finance,CC400,Finance Analyst,G3,Permanent,Hybrid,2017-02-09,,Active,E02234,1.0,Bachelor's,5,Referral,Yes
E00214,Employee 214,Female,1989-10-22,Chennai,Operations,CC300,Team Lead,G3,Contract,Hybrid,2020-08-26,,Active,E03141,0.5,MBA,9,Internal Mobility,Yes
E00215,Employee 215,Male,1994-02-23,Hyderabad,Operations,CC300,Operations Executive,G4,Contract,Hybrid,2017-06-21,,Active,,0.75,PhD,2,Agency,No
E00216,Employee 216,Female,1994-04-15,Mumbai,Sales,CC200,Key Account Manager,G5,Permanent,Onsite,2023-12-13,,Active,,1.0,M.Tech,11,Referral,No
E00217,Employee 217,Male,1974-09-19,Gurugram,Customer Success,CC700,Customer Success Executive,G3,Permanent,Onsite,2018-05-20,,Active,E00358,1.0,B.Tech,13,Company Website,No
E00218,Employee 218,Male,1985-12-29,Noida,Sales,CC200,Regional Sales Manager,G3,Intern,Hybrid,2023-11-20,,Active,E04540,0.5,Bachelor's,14,LinkedIn,No
E00219,Employee 219,Male,1978-02-16,Hyderabad,Finance,CC400,Finance Analyst,G4,Intern,Hybrid,2020-07-03,,Active,,0.75,M.Tech,14,Referral,No
E00220,Employee 220,Female,1983-10-06,Mumbai,Human Resources,CC500,HR Executive,G3,Permanent,Hybrid,2019-03-05,2019-09-09,Exited,E04589,1.0,Bachelor's,9,Internal Mobility,No
E00221,Employee 221,Male,1980-03-25,Hyderabad,Marketing,CC600,Marketing Executive,G2,Permanent,Hybrid,2022-01-12,,Active,E01761,1.0,B.Tech,18,Job Portal,No
E00222,Employee 222,Female,1977-08-09,Gurugram,Human Resources,CC500,HR Executive,G3,Permanent,Remote,2020-07-13,2020-12-30,Exited,E01679,1.0,B.Tech,1,Referral,No
E00223,Employee 223,Female,1983-06-01,Gurugram,Customer Success,CC700,Customer Success Executive,G6,Permanent,Hybrid,2025-07-29,,Active,,1.0,B.Tech,15,Campus,No
E00224,Employee 224,Male,2002-06-04,Hyderabad,Human Resources,CC500,HR Manager,G3,Permanent,Onsite,2024-02-12,,Active,,1.0,MBA,1,Job Portal,No
E00225,Employee 225,Male,1996-11-01,Mumbai,Technology,CC100,Engineering Manager,G5,Permanent,Onsite,2019-07-21,,Active,,1.0,PhD,7,LinkedIn,Yes
E00226,Employee 226,Female,1982-09-14,Chennai,Customer Success,CC700,Support Analyst,G3,Permanent,Hybrid,2021-02-19,,Active,E00232,1.0,Bachelor's,15,Company Website,No
E00227,Employee 227,Female,1996-10-29,Bengaluru,Human Resources,CC500,HR Business Partner,G2,Permanent,Onsite,2018-01-06,2019-12-29,Exited,,1.0,Master's,9,LinkedIn,No
E00228,Employee 228,Female,1985-12-19,Mumbai,Technology,CC100,Software Engineer,G5,Permanent,Onsite,2020-06-18,2020-11-28,Exited,E04573,1.0,Master's,11,Job Portal,Yes
E00229,Employee 229,Female,1983-07-25,Chennai,Finance,CC400,Finance Manager,G1,Permanent,Hybrid,2022-08-02,,Active,E00497,1.0,PhD,15,Internal Mobility,No
E00230,Employee 230,Female,1989-05-12,Chennai,Customer Success,CC700,Support Analyst,G2,Permanent,Onsite,2018-11-20,,Active,E02758,1.0,M.Tech,18,LinkedIn,Yes
E00231,Employee 231,Female,1988-01-14,Bengaluru,Technology,CC100,Tech Lead,G4,Contract,Hybrid,2024-09-01,,Active,,1.0,B.Tech,11,Campus,Yes
E00232,Employee 232,Female,1993-06-15,Gurugram,Sales,CC200,Key Account Manager,G4,Permanent,Hybrid,2024-02-23,,Active,,1.0,Master's,8,Agency,No
E00233,Employee 233,Female,1992-03-18,Noida,Human Resources,CC500,Talent Acquisition Specialist,G3,Permanent,Hybrid,2023-02-10,2026-07-25,Exited,E00735,1.0,PhD,1,LinkedIn,No
E00234,Employee 234,Non-binary,1977-09-04,Bengaluru,Operations,CC300,Operations Executive,G5,Contract,Onsite,2019-07-27,,Active,,1.0,B.Tech,4,LinkedIn,No
E00235,Employee 235,Male,1989-09-04,Mumbai,Customer Success,CC700,Customer Success Manager,G2,Contract,Hybrid,2020-11-01,,Active,E00339,0.75,MBA,3,Job Portal,No
E00236,Employee 236,Male,1986-07-03,Hyderabad,Finance,CC400,Senior Finance Analyst,G3,Permanent,Hybrid,2020-03-21,,Active,E00317,1.0,PhD,13,Agency,No
E00237,Employee 237,Female,1987-11-02,Chennai,Sales,CC200,Key Account Manager,G3,Permanent,Hybrid,2022-01-02,,Active,E04066,1.0,Master's,13,LinkedIn,No
E00238,Employee 238,Non-binary,1983-12-26,Chennai,Technology,CC100,Senior Software Engineer,G3,Permanent,Hybrid,2026-06-16,,Active,E04899,1.0,M.Tech,7,LinkedIn,No
E00239,Employee 239,Male,1981-06-09,Pune,Operations,CC300,Operations Manager,G2,Permanent,Hybrid,2017-08-27,2019-01-27,Exited,E02185,1.0,PhD,10,Job Portal,No
E00240,Employee 240,Female,1991-11-09,Mumbai,Marketing,CC600,Digital Marketing Analyst,G3,Permanent,Remote,2021-07-19,,Active,E04331,1.0,Bachelor's,18,LinkedIn,No
E00241,Employee 241,Male,1995-10-25,Mumbai,Technology,CC100,Engineering Manager,G1,Permanent,Hybrid,2022-05-27,,Active,,1.0,MBA,9,Job Portal,No
E00242,Employee 242,Male,2000-10-09,Bengaluru,Human Resources,CC500,Talent Acquisition Specialist,G4,Contract,Hybrid,2024-06-19,,Active,,1.0,M.Tech,1,Internal Mobility,No
E00243,Employee 243,Male,1982-11-24,Mumbai,Finance,CC400,Senior Finance Analyst,G4,Permanent,Onsite,2025-03-08,,Active,,1.0,Bachelor's,16,Referral,No
E00244,Employee 244,Female,1985-12-24,Bengaluru,Customer Success,CC700,Support Analyst,G4,Permanent,Hybrid,2019-03-06,,Active,,1.0,PhD,7,Referral,No
E00245,Employee 245,Female,1996-10-21,Hyderabad,Customer Success,CC700,Support Analyst,G6,Permanent,Onsite,2024-02-21,,Active,,1.0,PhD,17,Job Portal,Yes
E00246,Employee 246,Male,1979-02-12,Hyderabad,Human Resources,CC500,HR Manager,G3,Permanent,Hybrid,2020-04-04,,Active,E02605,1.0,Master's,5,Campus,No
E00247,Employee 247,Male,2002-11-18,Hyderabad,Marketing,CC600,Product Marketing Manager,G6,Permanent,Onsite,2026-06-23,,Active,,1.0,M.Tech,1,Agency,No
E00248,Employee 248,Male,1995-04-20,Pune,Sales,CC200,Account Manager,G2,Permanent,Onsite,2023-09-22,,Active,E01089,1.0,Bachelor's,2,Company Website,Yes
E00249,Employee 249,Male,1977-04-13,Gurugram,Finance,CC400,Finance Manager,G2,Permanent,Onsite,2018-03-13,,Active,E00290,1.0,Bachelor's,9,Company Website,No
E00250,Employee 250,Male,1992-09-06,Gurugram,Marketing,CC600,Brand Manager,G5,Intern,Remote,2024-08-19,,Active,,0.75,Master's,4,Company Website,No
E00251,Employee 251,Female,1990-07-12,Hyderabad,Marketing,CC600,Digital Marketing Analyst,G5,Permanent,Hybrid,2018-05-03,,Active,,1.0,MBA,12,Internal Mobility,No
E00252,Employee 252,Male,1980-05-31,Bengaluru,Customer Success,CC700,Support Analyst,G2,Intern,Hybrid,2021-05-12,2026-01-08,Exited,E04878,0.75,Master's,15,Company Website,No
E00253,Employee 253,Female,1978-12-26,Bengaluru,Customer Success,CC700,Support Analyst,G4,Contract,Hybrid,2022-04-01,,Active,,0.75,B.Tech,1,Campus,No
E00254,Employee 254,Female,1989-08-13,Pune,Finance,CC400,Senior Finance Analyst,G4,Intern,Remote,2018-06-19,,Active,,0.75,MBA,3,Job Portal,No
E00255,Employee 255,Male,1995-03-09,Chennai,Finance,CC400,Senior Finance Analyst,G2,Permanent,Remote,2017-10-10,,Active,E01480,1.0,M.Tech,2,Referral,No
E00256,Employee 256,Male,1993-02-10,Hyderabad,Customer Success,CC700,Customer Success Manager,G4,Permanent,Hybrid,2018-02-10,,Active,,1.0,Master's,16,Referral,No
E00257,Employee 257,Female,1999-01-09,Hyderabad,Supply Chain,CC800,Logistics Manager,G2,Contract,Onsite,2021-10-10,,Active,E02952,0.75,Bachelor's,16,Agency,No
E00258,Employee 258,Female,1992-07-15,Hyderabad,Technology,CC100,Senior Software Engineer,G4,Permanent,Hybrid,2017-12-08,2025-06-03,Exited,E04157,1.0,B.Tech,7,Job Portal,No
E00259,Employee 259,Male,1980-01-30,Hyderabad,Sales,CC200,Sales Executive,G1,Permanent,Onsite,2017-01-19,,Active,E00773,1.0,PhD,4,Job Portal,No
E00260,Employee 260,Male,1988-06-14,Bengaluru,Finance,CC400,Finance Manager,G4,Contract,Hybrid,2021-08-23,,Active,,0.75,M.Tech,4,Referral,No
E00261,Employee 261,Female,1985-12-08,Mumbai,Human Resources,CC500,HR Manager,G2,Permanent,Remote,2021-03-18,,Active,,1.0,MBA,7,Agency,No
E00262,Employee 262,Female,1996-02-16,Pune,Marketing,CC600,Brand Manager,G3,Permanent,Hybrid,2023-04-21,,Active,E01081,1.0,Master's,5,Company Website,No
E00263,Employee 263,Male,1991-10-12,Mumbai,Marketing,CC600,Brand Manager,G6,Permanent,Hybrid,2019-06-02,,Active,,1.0,MBA,12,Internal Mobility,No
E00264,Employee 264,Male,1993-08-13,Bengaluru,Marketing,CC600,Product Marketing Manager,G6,Contract,Hybrid,2025-01-28,,Active,,0.5,M.Tech,18,Referral,No
E00265,Employee 265,Female,1991-08-25,Chennai,Technology,CC100,Engineering Manager,G5,Permanent,Onsite,2024-06-22,,Active,,1.0,MBA,10,Referral,No
E00266,Employee 266,Female,1981-05-14,Hyderabad,Finance,CC400,Finance Manager,G2,Permanent,Hybrid,2018-10-31,,Active,E00735,1.0,PhD,18,Agency,No
E00267,Employee 267,Female,1989-12-23,Chennai,Technology,CC100,Data Scientist,G1,Permanent,Hybrid,2019-01-18,,Active,E03749,1.0,Bachelor's,11,LinkedIn,No
E00268,Employee 268,Male,1985-07-12,Gurugram,Technology,CC100,Senior Software Engineer,G5,Permanent,Onsite,2018-12-15,,Active,,1.0,Bachelor's,14,Internal Mobility,No
E00269,Employee 269,Female,1982-08-19,Chennai,Supply Chain,CC800,Planner,G3,Permanent,Onsite,2019-08-03,,Active,E00171,1.0,M.Tech,14,Company Website,Yes
E00270,Employee 270,Male,1995-11-18,Bengaluru,Finance,CC400,Finance Manager,G3,Permanent,Hybrid,2022-02-26,,Active,E01154,1.0,Bachelor's,8,Referral,No
E00271,Employee 271,Female,1995-06-29,Gurugram,Marketing,CC600,Product Marketing Manager,G4,Permanent,Hybrid,2020-12-11,,Active,,1.0,M.Tech,12,Job Portal,Yes
E00272,Employee 272,Male,1985-07-24,Bengaluru,Sales,CC200,Account Manager,G3,Contract,Remote,2025-11-18,,Active,E04883,0.5,MBA,13,Agency,No
E00273,Employee 273,Male,1976-08-26,Noida,Sales,CC200,Sales Executive,G2,Permanent,Remote,2017-07-07,,Active,E00872,1.0,B.Tech,3,Company Website,No
E00274,Employee 274,Male,1981-01-25,Bengaluru,Marketing,CC600,Brand Manager,G2,Contract,Hybrid,2019-03-23,,Active,E03435,0.5,PhD,14,Campus,Yes
E00275,Employee 275,Male,1985-07-12,Pune,Customer Success,CC700,Customer Success Executive,G3,Permanent,Hybrid,2020-04-01,,Active,E03138,1.0,PhD,0,Referral,No
E00276,Employee 276,Female,1977-10-28,Pune,Technology,CC100,Senior Software Engineer,G1,Permanent,Hybrid,2020-03-15,,Active,E01783,1.0,M.Tech,2,Job Portal,Yes
E00277,Employee 277,Female,1976-10-11,Mumbai,Technology,CC100,Tech Lead,G4,Permanent,Hybrid,2019-05-17,,Active,,1.0,PhD,9,Referral,No
E00278,Employee 278,Male,1988-08-29,Pune,Operations,CC300,Operations Manager,G3,Permanent,Hybrid,2020-12-03,,Active,,1.0,Bachelor's,1,LinkedIn,No
E00279,Employee 279,Male,1978-05-30,Noida,Customer Success,CC700,Support Analyst,G5,Permanent,Onsite,2020-07-29,,Active,,1.0,Bachelor's,16,Company Website,No
E00280,Employee 280,Female,1997-09-22,Chennai,Supply Chain,CC800,Logistics Manager,G5,Contract,Hybrid,2024-04-15,2025-01-17,Exited,E01474,1.0,PhD,9,LinkedIn,No
E00281,Employee 281,Female,1974-12-28,Pune,Marketing,CC600,Product Marketing Manager,G4,Permanent,Onsite,2018-06-17,,Active,,1.0,B.Tech,11,Referral,Yes
E00282,Employee 282,Female,1974-11-28,Gurugram,Technology,CC100,Senior Software Engineer,G3,Permanent,Hybrid,2017-06-08,2025-08-12,Exited,E01878,1.0,Master's,3,Company Website,No
E00283,Employee 283,Female,1984-07-07,Hyderabad,Human Resources,CC500,HR Executive,G3,Permanent,Hybrid,2021-07-18,,Active,E00131,1.0,PhD,16,Company Website,No
E00284,Employee 284,Female,1997-11-07,Bengaluru,Supply Chain,CC800,Procurement Specialist,G4,Permanent,Remote,2025-05-01,,Active,,1.0,M.Tech,13,Internal Mobility,No
E00285,Employee 285,Female,1997-04-02,Pune,Marketing,CC600,Marketing Executive,G4,Permanent,Onsite,2022-08-07,,Active,,1.0,Master's,1,Referral,Yes
E00286,Employee 286,Female,1994-05-17,Gurugram,Operations,CC300,Operations Executive,G4,Permanent,Hybrid,2017-09-27,,Active,,1.0,PhD,15,Campus,No
E00287,Employee 287,Male,1992-07-23,Hyderabad,Technology,CC100,Tech Lead,G3,Permanent,Hybrid,2020-06-26,2021-03-29,Exited,E02930,1.0,Master's,14,Internal Mobility,No
E00288,Employee 288,Male,1977-05-05,Gurugram,Human Resources,CC500,HR Executive,G4,Permanent,Onsite,2017-09-16,2018-04-24,Exited,E02343,1.0,M.Tech,12,Agency,No
E00289,Employee 289,Female,1993-05-02,Mumbai,Marketing,CC600,Product Marketing Manager,G3,Permanent,Hybrid,2023-02-14,,Active,E04726,1.0,Bachelor's,13,Campus,No
E00290,Employee 290,Male,1994-08-26,Hyderabad,Sales,CC200,Key Account Manager,G5,Permanent,Remote,2020-04-09,,Active,,1.0,B.Tech,9,Campus,No
E00291,Employee 291,Female,1986-11-04,Noida,Marketing,CC600,Brand Manager,G4,Permanent,Hybrid,2020-11-03,,Active,,1.0,M.Tech,12,Campus,No
E00292,Employee 292,Male,2000-04-15,Mumbai,Technology,CC100,Data Analyst,G2,Permanent,Remote,2025-06-07,,Active,,1.0,Bachelor's,15,Referral,No
E00293,Employee 293,Female,1983-10-22,Chennai,Human Resources,CC500,L&D Specialist,G4,Permanent,Remote,2023-03-11,,Active,,1.0,MBA,8,LinkedIn,No
E00294,Employee 294,Male,1994-08-28,Chennai,Marketing,CC600,Product Marketing Manager,G2,Permanent,Hybrid,2017-04-05,,Active,E04682,1.0,B.Tech,12,Company Website,No
E00295,Employee 295,Male,1982-02-21,Gurugram,Finance,CC400,Finance Manager,G5,Permanent,Onsite,2024-04-05,,Active,,1.0,Bachelor's,16,Job Portal,No
E00296,Employee 296,Female,1987-01-13,Chennai,Marketing,CC600,Product Marketing Manager,G1,Permanent,Hybrid,2024-06-28,,Active,E03920,1.0,PhD,10,Internal Mobility,No
E00297,Employee 297,Female,1982-02-23,Bengaluru,Finance,CC400,Finance Manager,G2,Permanent,Hybrid,2022-05-17,,Active,,1.0,PhD,0,LinkedIn,No
E00298,Employee 298,Male,1984-06-21,Hyderabad,Technology,CC100,Data Analyst,G6,Intern,Remote,2025-05-27,,Active,,1.0,B.Tech,17,Company Website,No
E00299,Employee 299,Female,1988-09-19,Pune,Finance,CC400,Senior Finance Analyst,G3,Permanent,Hybrid,2022-04-18,2023-11-06,Exited,E00476,1.0,M.Tech,10,Internal Mobility,No
E00300,Employee 300,Female,1988-02-22,Hyderabad,Technology,CC100,Data Scientist,G2,Permanent,Onsite,2022-04-25,,Active,E00657,1.0,PhD,9,Job Portal,No
E00301,Employee 301,Female,1989-10-20,Chennai,Operations,CC300,Operations Manager,G5,Permanent,Onsite,2022-11-07,,Active,,1.0,PhD,0,Internal Mobility,No
E00302,Employee 302,Female,1995-09-15,Pune,Supply Chain,CC800,Logistics Manager,G3,Permanent,Hybrid,2021-04-09,2022-05-06,Exited,E03438,1.0,B.Tech,16,Internal Mobility,No
E00303,Employee 303,Male,1999-10-13,Bengaluru,Marketing,CC600,Product Marketing Manager,G4,Permanent,Hybrid,2021-03-04,,Active,,1.0,Master's,11,Agency,No
E00304,Employee 304,Male,1981-04-17,Bengaluru,Technology,CC100,Data Scientist,G4,Permanent,Hybrid,2026-04-05,,Active,,1.0,Master's,0,Job Portal,No
E00305,Employee 305,Female,1997-06-01,Gurugram,Operations,CC300,Operations Analyst,G3,Permanent,Hybrid,2024-07-27,,Active,E02610,1.0,M.Tech,11,LinkedIn,No
E00306,Employee 306,Male,1993-03-29,Bengaluru,Supply Chain,CC800,Procurement Specialist,G4,Permanent,Hybrid,2020-06-28,,Active,,1.0,MBA,0,Internal Mobility,Yes
E00307,Employee 307,Female,1983-07-02,Gurugram,Technology,CC100,Data Analyst,G2,Permanent,Hybrid,2024-06-11,,Active,E03858,1.0,M.Tech,9,Referral,No
E00308,Employee 308,Female,1981-12-31,Hyderabad,Human Resources,CC500,HR Business Partner,G1,Contract,Remote,2017-01-14,,Active,E02090,1.0,MBA,18,Agency,No
E00309,Employee 309,Female,1978-05-12,Hyderabad,Sales,CC200,Sales Executive,G3,Permanent,Hybrid,2023-03-17,,Active,E04870,1.0,MBA,11,Referral,No
E00310,Employee 310,Female,1985-01-05,Hyderabad,Supply Chain,CC800,Logistics Manager,G2,Permanent,Hybrid,2018-05-05,,Active,E03625,1.0,Master's,6,Agency,No
E00311,Employee 311,Female,1985-06-26,Mumbai,Supply Chain,CC800,Planner,G4,Permanent,Hybrid,2020-09-16,,Active,,1.0,B.Tech,12,Campus,No
E00312,Employee 312,Female,1975-04-22,Mumbai,Operations,CC300,Operations Analyst,G3,Permanent,Onsite,2018-10-11,,Active,E02472,1.0,Master's,13,Agency,No
E00313,Employee 313,Male,1982-01-05,Hyderabad,Supply Chain,CC800,Planner,G4,Permanent,Hybrid,2017-11-18,,Active,,1.0,PhD,11,Referral,No
E00314,Employee 314,Female,1996-01-19,Noida,Operations,CC300,Team Lead,G6,Permanent,Hybrid,2017-03-06,,Active,,1.0,Master's,12,LinkedIn,Yes
E00315,Employee 315,Male,1991-07-23,Mumbai,Technology,CC100,Software Engineer,G3,Permanent,Remote,2024-04-03,,Active,E01935,1.0,Bachelor's,1,Company Website,No
E00316,Employee 316,Male,1987-11-15,Gurugram,Operations,CC300,Operations Manager,G4,Contract,Hybrid,2025-03-14,,Active,,0.75,Master's,17,LinkedIn,No
E00317,Employee 317,Male,1991-07-29,Gurugram,Human Resources,CC500,HR Business Partner,G4,Permanent,Hybrid,2024-07-02,,Active,,1.0,PhD,10,Internal Mobility,No
E00318,Employee 318,Female,1983-04-08,Hyderabad,Marketing,CC600,Digital Marketing Analyst,G4,Permanent,Hybrid,2018-06-13,,Active,,1.0,PhD,16,LinkedIn,No
E00319,Employee 319,Male,1995-07-30,Chennai,Customer Success,CC700,Support Analyst,G4,Permanent,Hybrid,2017-06-27,,Active,,1.0,M.Tech,4,Agency,Yes
E00320,Employee 320,Female,2001-03-27,Chennai,Human Resources,CC500,HR Manager,G3,Permanent,Onsite,2023-06-30,,Active,E03604,1.0,Bachelor's,16,Company Website,No
E00321,Employee 321,Female,1988-02-29,Hyderabad,Operations,CC300,Operations Analyst,G2,Permanent,Remote,2018-12-14,,Active,E04296,1.0,B.Tech,7,Agency,Yes
E00322,Employee 322,Male,2004-12-01,Bengaluru,Human Resources,CC500,Talent Acquisition Specialist,G1,Permanent,Hybrid,2026-04-28,,Active,E04949,1.0,Bachelor's,14,Internal Mobility,No
E00323,Employee 323,Male,1982-04-11,Pune,Customer Success,CC700,Customer Success Executive,G2,Contract,Hybrid,2024-05-16,,Active,E00958,0.75,M.Tech,5,Internal Mobility,Yes
E00324,Employee 324,Male,1991-05-14,Noida,Technology,CC100,Tech Lead,G3,Permanent,Hybrid,2022-05-06,2024-10-01,Exited,E02584,1.0,PhD,0,Job Portal,No
E00325,Employee 325,Male,1974-11-25,Gurugram,Human Resources,CC500,HR Executive,G4,Permanent,Hybrid,2018-01-13,,Active,,1.0,B.Tech,1,Job Portal,No
E00326,Employee 326,Male,1975-09-26,Hyderabad,Technology,CC100,Data Analyst,G4,Permanent,Remote,2017-07-21,,Active,,1.0,M.Tech,1,Agency,No
E00327,Employee 327,Male,1987-03-31,Bengaluru,Marketing,CC600,Digital Marketing Analyst,G2,Permanent,Onsite,2026-03-19,,Active,E02142,1.0,B.Tech,0,Internal Mobility,No
E00328,Employee 328,Male,1993-12-30,Pune,Operations,CC300,Operations Executive,G3,Permanent,Remote,2022-12-13,2024-10-13,Exited,E03227,1.0,M.Tech,17,Internal Mobility,Yes
E00329,Employee 329,Male,1996-01-22,Noida,Supply Chain,CC800,Supply Chain Analyst,G2,Permanent,Remote,2020-12-13,,Active,E01932,1.0,Master's,18,Agency,Yes
E00330,Employee 330,Female,1996-01-23,Hyderabad,Marketing,CC600,Digital Marketing Analyst,G3,Permanent,Hybrid,2025-04-27,,Active,E04425,1.0,Master's,7,Company Website,Yes
E00331,Employee 331,Female,1990-12-18,Hyderabad,Operations,CC300,Operations Manager,G5,Permanent,Remote,2018-10-11,2026-05-11,Exited,E01303,1.0,Bachelor's,16,Referral,Yes
E00332,Employee 332,Female,1984-01-20,Pune,Sales,CC200,Key Account Manager,G1,Permanent,Hybrid,2022-04-21,2025-06-16,Exited,E04541,1.0,M.Tech,18,Agency,No
E00333,Employee 333,Female,1994-02-18,Pune,Technology,CC100,Tech Lead,G5,Permanent,Hybrid,2020-07-01,,Active,,1.0,Bachelor's,12,Campus,No
E00334,Employee 334,Male,1993-08-03,Hyderabad,Supply Chain,CC800,Procurement Specialist,G2,Permanent,Onsite,2019-01-04,,Active,E02273,1.0,Bachelor's,16,Job Portal,No
E00335,Employee 335,Male,1983-11-08,Mumbai,Operations,CC300,Team Lead,G3,Permanent,Hybrid,2026-06-21,,Active,E02814,1.0,PhD,9,Internal Mobility,Yes
E00336,Employee 336,Male,1981-01-01,Bengaluru,Supply Chain,CC800,Planner,G1,Permanent,Hybrid,2025-09-06,2026-02-23,Exited,E00253,1.0,Bachelor's,12,Referral,Yes
E00337,Employee 337,Non-binary,1990-02-26,Hyderabad,Human Resources,CC500,HR Business Partner,G3,Permanent,Onsite,2019-03-15,2025-06-14,Exited,E04259,1.0,Master's,17,Job Portal,Yes
E00338,Employee 338,Male,1993-03-06,Chennai,Marketing,CC600,Brand Manager,G3,Permanent,Remote,2022-11-10,,Active,E02741,1.0,MBA,8,Referral,Yes
E00339,Employee 339,Male,1988-09-21,Hyderabad,Finance,CC400,Finance Analyst,G4,Permanent,Hybrid,2022-06-20,,Active,,1.0,B.Tech,7,Company Website,No
E00340,Employee 340,Male,1993-07-11,Bengaluru,Human Resources,CC500,L&D Specialist,G3,Permanent,Hybrid,2018-10-18,,Active,E02983,1.0,MBA,7,Campus,No
E00341,Employee 341,Female,1988-07-23,Hyderabad,Sales,CC200,Key Account Manager,G4,Permanent,Onsite,2025-07-21,,Active,,1.0,MBA,9,Campus,Yes
E00342,Employee 342,Male,1989-09-02,Bengaluru,Finance,CC400,Finance Manager,G3,Permanent,Hybrid,2021-09-06,2023-01-16,Exited,E04313,1.0,M.Tech,13,LinkedIn,No
E00343,Employee 343,Female,1978-09-21,Bengaluru,Finance,CC400,Finance Manager,G4,Contract,Hybrid,2020-11-19,,Active,,1.0,Bachelor's,12,LinkedIn,Yes
E00344,Employee 344,Male,1994-10-14,Bengaluru,Sales,CC200,Sales Analyst,G4,Permanent,Hybrid,2018-08-31,2020-07-11,Exited,E03335,1.0,PhD,18,Internal Mobility,No
E00345,Employee 345,Male,1980-07-06,Hyderabad,Technology,CC100,Data Analyst,G5,Permanent,Hybrid,2018-01-22,,Active,,1.0,Master's,9,Referral,No
E00346,Employee 346,Male,1991-01-15,Chennai,Human Resources,CC500,HR Executive,G4,Contract,Onsite,2021-01-20,,Active,,0.75,Master's,8,Campus,No
E00347,Employee 347,Female,2001-09-21,Mumbai,Operations,CC300,Operations Analyst,G3,Intern,Hybrid,2024-09-03,,Active,E03060,0.5,Bachelor's,7,Agency,No
E00348,Employee 348,Female,1995-07-28,Mumbai,Marketing,CC600,Product Marketing Manager,G4,Permanent,Hybrid,2018-06-13,,Active,,1.0,M.Tech,10,Campus,No
E00349,Employee 349,Male,1986-11-06,Mumbai,Supply Chain,CC800,Supply Chain Analyst,G5,Permanent,Hybrid,2021-03-06,,Active,,1.0,Master's,3,Referral,No
E00350,Employee 350,Male,1984-06-23,Mumbai,Sales,CC200,Regional Sales Manager,G4,Permanent,Onsite,2025-04-30,,Active,,1.0,Bachelor's,8,Job Portal,No
E00351,Employee 351,Male,1996-12-27,Hyderabad,Operations,CC300,Team Lead,G3,Permanent,Onsite,2019-05-04,,Active,E01469,1.0,MBA,1,Agency,No
E00352,Employee 352,Male,1980-08-07,Noida,Technology,CC100,Senior Software Engineer,G2,Permanent,Hybrid,2022-03-11,,Active,E02157,1.0,B.Tech,9,Job Portal,No
E00353,Employee 353,Male,1995-09-11,Bengaluru,Operations,CC300,Team Lead,G4,Permanent,Hybrid,2024-09-25,,Active,,1.0,Master's,9,Campus,No
E00354,Employee 354,Male,1985-11-02,Gurugram,Sales,CC200,Account Manager,G4,Contract,Hybrid,2021-04-07,,Active,,0.5,MBA,12,Referral,No
E00355,Employee 355,Male,1987-08-28,Hyderabad,Supply Chain,CC800,Logistics Manager,G4,Permanent,Hybrid,2022-09-16,2024-02-27,Exited,E02794,1.0,Bachelor's,14,LinkedIn,No
E00356,Employee 356,Female,1982-09-24,Chennai,Operations,CC300,Operations Manager,G1,Contract,Onsite,2025-04-26,,Active,E04070,1.0,Bachelor's,18,Company Website,No
E00357,Employee 357,Male,1984-09-14,Gurugram,Human Resources,CC500,HR Manager,G3,Permanent,Remote,2021-08-14,,Active,E01471,1.0,M.Tech,8,Agency,No
E00358,Employee 358,Male,1979-06-21,Hyderabad,Finance,CC400,Senior Finance Analyst,G5,Permanent,Remote,2022-01-15,,Active,,1.0,M.Tech,1,LinkedIn,No
E00359,Employee 359,Female,1996-07-23,Pune,Marketing,CC600,Digital Marketing Analyst,G3,Permanent,Hybrid,2022-12-23,,Active,E00251,1.0,MBA,6,Referral,Yes
E00360,Employee 360,Female,1993-11-08,Pune,Finance,CC400,Senior Finance Analyst,G4,Permanent,Remote,2022-09-20,,Active,,1.0,M.Tech,14,Agency,No
E00361,Employee 361,Female,1988-12-20,Hyderabad,Human Resources,CC500,HR Executive,G1,Permanent,Hybrid,2020-08-31,2026-04-19,Exited,E01576,1.0,B.Tech,18,Internal Mobility,No
E00362,Employee 362,Female,1978-12-14,Hyderabad,Operations,CC300,Operations Executive,G2,Permanent,Hybrid,2017-11-07,,Active,E03404,1.0,B.Tech,13,Agency,No
E00363,Employee 363,Female,1988-05-26,Mumbai,Operations,CC300,Operations Executive,G4,Permanent,Hybrid,2019-08-26,2026-08-22,Exited,E00774,1.0,MBA,10,Referral,No
E00364,Employee 364,Male,1991-11-19,Bengaluru,Human Resources,CC500,Talent Acquisition Specialist,G3,Permanent,Onsite,2025-01-12,,Active,E03410,1.0,B.Tech,2,Job Portal,No
E00365,Employee 365,Male,1998-08-09,Bengaluru,Sales,CC200,Regional Sales Manager,G3,Intern,Remote,2025-11-25,,Active,E01754,1.0,Bachelor's,9,Internal Mobility,No
E00366,Employee 366,Male,1985-04-07,Mumbai,Customer Success,CC700,Support Analyst,G3,Contract,Hybrid,2025-05-26,,Active,E01886,1.0,M.Tech,9,Company Website,No
E00367,Employee 367,Male,1988-11-15,Hyderabad,Marketing,CC600,Brand Manager,G2,Permanent,Hybrid,2017-06-03,,Active,E01659,1.0,Bachelor's,3,Job Portal,No
E00368,Employee 368,Female,1987-12-30,Bengaluru,Customer Success,CC700,Support Analyst,G4,Permanent,Onsite,2026-02-06,,Active,,1.0,MBA,4,Referral,No
E00369,Employee 369,Female,1997-03-24,Hyderabad,Technology,CC100,Software Engineer,G5,Permanent,Hybrid,2024-03-16,,Active,,1.0,MBA,2,Agency,No
E00370,Employee 370,Female,1975-08-31,Bengaluru,Supply Chain,CC800,Logistics Manager,G3,Permanent,Hybrid,2018-03-11,,Active,E04541,1.0,PhD,14,Agency,No
E00371,Employee 371,Male,1984-03-17,Bengaluru,Finance,CC400,Finance Manager,G4,Permanent,Onsite,2026-08-13,,Active,,1.0,M.Tech,15,Internal Mobility,No
E00372,Employee 372,Male,1991-09-25,Chennai,Operations,CC300,Operations Executive,G3,Permanent,Onsite,2019-05-24,,Active,E03679,1.0,MBA,9,Referral,No
E00373,Employee 373,Female,1991-12-01,Noida,Supply Chain,CC800,Planner,G5,Permanent,Onsite,2026-07-18,,Active,,1.0,Master's,18,Job Portal,No
E00374,Employee 374,Female,1999-01-13,Gurugram,Supply Chain,CC800,Supply Chain Analyst,G2,Permanent,Hybrid,2026-08-06,,Active,,1.0,B.Tech,12,Company Website,No
E00375,Employee 375,Female,1993-06-03,Noida,Finance,CC400,Finance Manager,G3,Permanent,Onsite,2018-05-13,,Active,E04783,1.0,Master's,12,LinkedIn,Yes
E00376,Employee 376,Female,1986-11-21,Hyderabad,Human Resources,CC500,HR Business Partner,G4,Permanent,Hybrid,2020-05-15,,Active,,1.0,B.Tech,4,Internal Mobility,Yes
E00377,Employee 377,Male,1978-02-06,Mumbai,Sales,CC200,Key Account Manager,G3,Permanent,Remote,2021-07-07,,Active,E04342,1.0,M.Tech,6,Agency,No
E00378,Employee 378,Male,1979-04-11,Hyderabad,Operations,CC300,Team Lead,G4,Permanent,Onsite,2017-02-18,,Active,,1.0,MBA,4,LinkedIn,No
E00379,Employee 379,Female,1981-07-21,Hyderabad,Supply Chain,CC800,Supply Chain Analyst,G3,Permanent,Onsite,2017-03-05,2020-03-04,Exited,E01311,1.0,B.Tech,5,Job Portal,No
E00380,Employee 380,Male,1981-07-08,Chennai,Finance,CC400,Senior Finance Analyst,G1,Permanent,Hybrid,2025-06-13,,Active,E04521,1.0,PhD,11,LinkedIn,No
E00381,Employee 381,Female,1989-06-20,Bengaluru,Finance,CC400,Finance Analyst,G4,Permanent,Remote,2018-08-14,,Active,,1.0,Bachelor's,18,Internal Mobility,No
E00382,Employee 382,Female,1974-09-04,Bengaluru,Finance,CC400,Senior Finance Analyst,G1,Intern,Hybrid,2017-12-09,,Active,E02741,0.5,MBA,6,LinkedIn,No
E00383,Employee 383,Female,1980-09-06,Bengaluru,Technology,CC100,Tech Lead,G3,Permanent,Hybrid,2019-07-08,2022-11-30,Exited,E04766,1.0,PhD,4,Company Website,Yes
E00384,Employee 384,Female,1981-12-10,Chennai,Customer Success,CC700,Customer Success Executive,G3,Permanent,Onsite,2021-12-30,2025-12-26,Exited,E04947,1.0,MBA,10,Campus,No
E00385,Employee 385,Female,1981-02-07,Mumbai,Operations,CC300,Team Lead,G3,Permanent,Onsite,2017-05-19,,Active,E03271,1.0,PhD,16,Company Website,Yes
E00386,Employee 386,Female,1991-12-05,Bengaluru,Customer Success,CC700,Support Analyst,G3,Permanent,Hybrid,2024-08-07,,Active,E01305,1.0,MBA,11,Company Website,No
E00387,Employee 387,Female,1993-09-27,Hyderabad,Supply Chain,CC800,Supply Chain Analyst,G1,Permanent,Onsite,2022-07-27,,Active,E02224,1.0,MBA,14,Referral,No
E00388,Employee 388,Male,1994-10-07,Bengaluru,Technology,CC100,Senior Software Engineer,G2,Intern,Onsite,2019-12-09,,Active,E04011,0.5,B.Tech,2,Internal Mobility,Yes
E00389,Employee 389,Male,1998-01-21,Bengaluru,Finance,CC400,Finance Manager,G5,Permanent,Hybrid,2024-02-28,,Active,,1.0,B.Tech,11,Internal Mobility,Yes
E00390,Employee 390,Male,1979-07-16,Hyderabad,Marketing,CC600,Brand Manager,G3,Permanent,Hybrid,2019-05-22,2025-08-18,Exited,E00946,1.0,Bachelor's,11,LinkedIn,Yes
E00391,Employee 391,Female,1988-12-01,Hyderabad,Technology,CC100,Software Engineer,G3,Contract,Hybrid,2024-03-02,,Active,,1.0,MBA,7,Referral,No
E00392,Employee 392,Male,1990-11-10,Mumbai,Finance,CC400,Finance Manager,G4,Permanent,Hybrid,2021-10-25,,Active,,1.0,Bachelor's,5,Job Portal,No
E00393,Employee 393,Male,1984-02-14,Mumbai,Marketing,CC600,Digital Marketing Analyst,G2,Permanent,Hybrid,2026-08-28,,Active,E01845,1.0,B.Tech,14,Campus,Yes
E00394,Employee 394,Male,1975-01-12,Chennai,Human Resources,CC500,L&D Specialist,G4,Contract,Hybrid,2018-08-19,,Active,,0.5,Master's,16,Job Portal,No
E00395,Employee 395,Female,1981-11-16,Bengaluru,Technology,CC100,Data Analyst,G2,Permanent,Hybrid,2024-10-11,,Active,E00717,1.0,B.Tech,9,Internal Mobility,Yes
E00396,Employee 396,Non-binary,1987-08-04,Bengaluru,Sales,CC200,Account Manager,G5,Permanent,Hybrid,2024-02-17,,Active,,1.0,PhD,14,Job Portal,No
E00397,Employee 397,Male,1983-02-03,Hyderabad,Technology,CC100,Engineering Manager,G5,Permanent,Onsite,2023-05-01,,Active,,1.0,Bachelor's,14,Agency,No
E00398,Employee 398,Male,2002-01-09,Bengaluru,Technology,CC100,Senior Software Engineer,G3,Permanent,Remote,2024-10-31,,Active,E04762,1.0,B.Tech,6,Campus,No
E00399,Employee 399,Male,1995-10-14,Hyderabad,Finance,CC400,Finance Analyst,G3,Permanent,Hybrid,2026-08-28,,Active,E03064,1.0,B.Tech,16,Agency,No
E00400,Employee 400,Male,1984-11-29,Gurugram,Operations,CC300,Operations Manager,G2,Contract,Hybrid,2022-04-29,,Active,E00739,0.75,PhD,10,Campus,Yes
E00401,Employee 401,Male,1980-01-11,Gurugram,Customer Success,CC700,Support Analyst,G3,Permanent,Hybrid,2022-01-27,,Active,E00997,1.0,PhD,16,LinkedIn,Yes
E00402,Employee 402,Male,1978-11-11,Bengaluru,Finance,CC400,Senior Finance Analyst,G2,Permanent,Hybrid,2018-09-05,,Active,,1.0,Bachelor's,0,Agency,No
E00403,Employee 403,Female,1982-03-06,Hyderabad,Human Resources,CC500,HR Executive,G3,Contract,Remote,2017-03-27,2020-01-22,Exited,E01180,1.0,M.Tech,2,Job Portal,No
E00404,Employee 404,Female,1982-04-19,Hyderabad,Operations,CC300,Team Lead,G4,Permanent,Hybrid,2022-11-15,,Active,,1.0,Master's,15,Referral,No
E00405,Employee 405,Male,1996-03-31,Bengaluru,Technology,CC100,Software Engineer,G2,Permanent,Hybrid,2021-11-01,,Active,,1.0,PhD,12,Internal Mobility,Yes
E00406,Employee 406,Female,1995-07-30,Hyderabad,Operations,CC300,Operations Analyst,G4,Permanent,Onsite,2018-05-25,,Active,,1.0,MBA,16,Referral,No
E00407,Employee 407,Female,1995-07-18,Bengaluru,Supply Chain,CC800,Procurement Specialist,G3,Permanent,Hybrid,2021-01-16,,Active,E00685,1.0,MBA,10,Internal Mobility,No
E00408,Employee 408,Male,2001-07-19,Hyderabad,Technology,CC100,Data Scientist,G3,Permanent,Onsite,2023-01-19,,Active,E04629,1.0,M.Tech,4,Agency,No
E00409,Employee 409,Male,1994-08-20,Pune,Customer Success,CC700,Customer Success Manager,G2,Intern,Hybrid,2026-01-28,,Active,E03542,0.5,M.Tech,16,Internal Mobility,No
E00410,Employee 410,Female,1994-06-20,Hyderabad,Sales,CC200,Regional Sales Manager,G2,Permanent,Hybrid,2020-04-17,,Active,E03101,1.0,Bachelor's,2,LinkedIn,Yes
E00411,Employee 411,Female,1984-11-13,Hyderabad,Marketing,CC600,Digital Marketing Analyst,G3,Permanent,Hybrid,2023-12-11,,Active,E02232,1.0,B.Tech,16,Job Portal,No
E00412,Employee 412,Male,1996-08-18,Hyderabad,Supply Chain,CC800,Procurement Specialist,G3,Permanent,Onsite,2020-06-13,,Active,E01877,1.0,Bachelor's,13,Company Website,Yes
E00413,Employee 413,Female,1991-12-27,Mumbai,Customer Success,CC700,Customer Success Manager,G4,Permanent,Hybrid,2026-07-07,,Active,,1.0,M.Tech,1,Agency,No
E00414,Employee 414,Female,1988-12-01,Noida,Technology,CC100,Engineering Manager,G5,Permanent,Onsite,2020-08-10,,Active,,1.0,PhD,17,Company Website,No
E00415,Employee 415,Male,1998-01-05,Mumbai,Marketing,CC600,Brand Manager,G2,Permanent,Onsite,2021-09-18,,Active,E04086,1.0,Bachelor's,6,Campus,No
E00416,Employee 416,Female,1990-02-27,Gurugram,Human Resources,CC500,L&D Specialist,G3,Permanent,Hybrid,2017-02-23,,Active,E00205,1.0,MBA,1,Referral,Yes
E00417,Employee 417,Male,1981-07-27,Chennai,Supply Chain,CC800,Supply Chain Analyst,G2,Permanent,Hybrid,2022-03-20,,Active,E00925,1.0,M.Tech,4,Company Website,No
E00418,Employee 418,Female,1992-09-22,Chennai,Human Resources,CC500,L&D Specialist,G3,Permanent,Hybrid,2017-12-09,,Active,E03920,1.0,MBA,2,Job Portal,No
E00419,Employee 419,Female,1991-12-15,Gurugram,Finance,CC400,Senior Finance Analyst,G2,Permanent,Hybrid,2024-12-29,,Active,E04333,1.0,Bachelor's,13,Job Portal,No
E00420,Employee 420,Male,1993-04-10,Chennai,Sales,CC200,Key Account Manager,G2,Permanent,Onsite,2024-07-14,,Active,E01956,1.0,MBA,9,LinkedIn,No
E00421,Employee 421,Male,1984-02-21,Pune,Operations,CC300,Operations Analyst,G4,Permanent,Onsite,2025-06-13,,Active,,1.0,Bachelor's,11,Internal Mobility,No
E00422,Employee 422,Male,1989-07-23,Bengaluru,Sales,CC200,Sales Executive,G3,Permanent,Onsite,2020-01-02,,Active,E04556,1.0,B.Tech,7,Referral,No
E00423,Employee 423,Male,1981-09-24,Mumbai,Sales,CC200,Sales Analyst,G3,Permanent,Hybrid,2020-03-23,,Active,E03710,1.0,Master's,18,Job Portal,No
E00424,Employee 424,Female,1982-10-21,Hyderabad,Customer Success,CC700,Support Analyst,G4,Permanent,Hybrid,2023-02-10,,Active,,1.0,MBA,0,Company Website,No
E00425,Employee 425,Female,1981-10-17,Pune,Customer Success,CC700,Customer Success Executive,G5,Intern,Remote,2019-01-28,,Active,,0.75,B.Tech,17,Company Website,Yes
E00426,Employee 426,Male,1989-07-30,Chennai,Marketing,CC600,Digital Marketing Analyst,G6,Permanent,Remote,2021-04-13,,Active,,1.0,MBA,1,Internal Mobility,No
E00427,Employee 427,Male,1987-01-08,Hyderabad,Human Resources,CC500,L&D Specialist,G2,Permanent,Hybrid,2017-10-18,,Active,E03430,1.0,PhD,14,Referral,No
E00428,Employee 428,Female,1986-10-27,Mumbai,Supply Chain,CC800,Supply Chain Analyst,G3,Permanent,Remote,2019-07-07,,Active,E04186,1.0,Bachelor's,17,Job Portal,No
E00429,Employee 429,Female,1978-05-14,Bengaluru,Marketing,CC600,Marketing Executive,G3,Permanent,Hybrid,2019-05-28,2025-05-06,Exited,E01083,1.0,B.Tech,7,Company Website,No
E00430,Employee 430,Female,1984-02-23,Pune,Finance,CC400,Finance Analyst,G5,Permanent,Remote,2022-04-17,,Active,,1.0,M.Tech,12,Job Portal,Yes
E00431,Employee 431,Female,1980-04-30,Chennai,Customer Success,CC700,Customer Success Manager,G3,Permanent,Onsite,2021-03-14,,Active,E02712,1.0,M.Tech,17,Agency,Yes
E00432,Employee 432,Female,1984-04-03,Bengaluru,Sales,CC200,Sales Analyst,G4,Permanent,Hybrid,2023-04-20,,Active,,1.0,PhD,13,Job Portal,No
E00433,Employee 433,Male,1999-06-18,Gurugram,Operations,CC300,Operations Analyst,G3,Permanent,Hybrid,2021-11-20,2024-04-15,Exited,E03071,1.0,Master's,18,Internal Mobility,No
E00434,Employee 434,Male,1999-01-23,Pune,Finance,CC400,Senior Finance Analyst,G2,Permanent,Remote,2020-05-28,,Active,E03064,1.0,M.Tech,2,Campus,No
E00435,Employee 435,Female,1989-05-29,Gurugram,Marketing,CC600,Marketing Executive,G2,Permanent,Onsite,2025-11-14,,Active,E02401,1.0,PhD,8,Job Portal,No
E00436,Employee 436,Male,1995-11-23,Bengaluru,Technology,CC100,Tech Lead,G3,Permanent,Onsite,2025-09-29,,Active,E04420,1.0,M.Tech,15,Agency,No
E00437,Employee 437,Male,1989-04-17,Pune,Operations,CC300,Operations Manager,G4,Permanent,Hybrid,2025-12-03,,Active,,1.0,Master's,3,Job Portal,Yes
E00438,Employee 438,Male,1984-11-25,Bengaluru,Sales,CC200,Account Manager,G3,Permanent,Remote,2023-11-30,,Active,E03500,1.0,PhD,0,Campus,No
E00439,Employee 439,Male,1983-09-29,Noida,Human Resources,CC500,Talent Acquisition Specialist,G3,Permanent,Hybrid,2023-07-11,,Active,E03366,1.0,B.Tech,13,LinkedIn,No
E00440,Employee 440,Female,1997-09-09,Hyderabad,Supply Chain,CC800,Supply Chain Analyst,G3,Permanent,Remote,2021-06-29,2026-08-24,Exited,E01857,1.0,Master's,8,Referral,Yes
E00441,Employee 441,Male,1999-12-01,Bengaluru,Marketing,CC600,Product Marketing Manager,G3,Permanent,Onsite,2021-06-16,,Active,E04293,1.0,PhD,3,LinkedIn,No
E00442,Employee 442,Female,1976-08-11,Bengaluru,Marketing,CC600,Brand Manager,G4,Permanent,Onsite,2019-11-16,,Active,,1.0,MBA,14,Internal Mobility,No
E00443,Employee 443,Female,2004-04-27,Gurugram,Technology,CC100,Tech Lead,G5,Permanent,Hybrid,2025-12-21,,Active,,1.0,PhD,4,Internal Mobility,No
E00444,Employee 444,Male,1989-03-27,Hyderabad,Customer Success,CC700,Customer Success Manager,G2,Permanent,Onsite,2019-07-02,,Active,E03187,1.0,MBA,9,Internal Mobility,No
E00445,Employee 445,Male,1981-03-01,Mumbai,Customer Success,CC700,Customer Success Manager,G4,Permanent,Hybrid,2022-12-01,,Active,,1.0,Master's,3,Company Website,Yes
E00446,Employee 446,Male,1979-11-07,Mumbai,Human Resources,CC500,L&D Specialist,G2,Contract,Hybrid,2021-01-24,,Active,E02288,1.0,M.Tech,15,Referral,No
E00447,Employee 447,Male,1991-10-31,Pune,Finance,CC400,Finance Analyst,G3,Permanent,Onsite,2023-09-16,2025-11-11,Exited,E01969,1.0,M.Tech,17,Campus,No
E00448,Employee 448,Female,1989-03-20,Gurugram,Human Resources,CC500,HR Business Partner,G3,Contract,Onsite,2017-03-27,,Active,E00676,0.5,B.Tech,8,Job Portal,Yes
E00449,Employee 449,Female,1990-10-11,Bengaluru,Supply Chain,CC800,Supply Chain Analyst,G4,Contract,Onsite,2017-03-28,2022-05-12,Exited,E03404,1.0,Master's,10,Internal Mobility,No
E00450,Employee 450,Female,1988-01-07,Chennai,Sales,CC200,Sales Executive,G3,Permanent,Hybrid,2023-04-30,2025-12-22,Exited,E00999,1.0,MBA,7,Job Portal,Yes
E00451,Employee 451,Female,1992-05-16,Hyderabad,Finance,CC400,Finance Analyst,G1,Permanent,Hybrid,2018-05-18,,Active,E00346,1.0,M.Tech,7,Internal Mobility,No
E00452,Employee 452,Female,1998-03-19,Gurugram,Sales,CC200,Sales Analyst,G5,Permanent,Remote,2021-11-10,,Active,,1.0,B.Tech,3,Internal Mobility,No
E00453,Employee 453,Male,1999-02-01,Bengaluru,Technology,CC100,Tech Lead,G3,Permanent,Remote,2025-04-17,,Active,E01154,1.0,Master's,6,Company Website,No
E00454,Employee 454,Female,1999-06-18,Pune,Operations,CC300,Operations Executive,G6,Permanent,Hybrid,2026-06-28,,Active,,1.0,B.Tech,10,Campus,No
E00455,Employee 455,Male,1985-01-15,Mumbai,Marketing,CC600,Brand Manager,G2,Intern,Hybrid,2018-07-31,,Active,E03666,1.0,PhD,4,Agency,No
E00456,Employee 456,Male,1977-05-04,Gurugram,Marketing,CC600,Brand Manager,G3,Permanent,Onsite,2018-10-03,2022-06-16,Exited,E01597,1.0,PhD,18,Referral,No
E00457,Employee 457,Female,1997-11-01,Bengaluru,Human Resources,CC500,HR Business Partner,G4,Permanent,Hybrid,2025-06-02,,Active,,1.0,MBA,15,Agency,Yes
E00458,Employee 458,Male,1999-06-30,Mumbai,Technology,CC100,Data Scientist,G3,Permanent,Hybrid,2023-05-31,,Active,E00956,1.0,PhD,5,LinkedIn,No
E00459,Employee 459,Female,1997-06-06,Pune,Marketing,CC600,Brand Manager,G4,Permanent,Onsite,2020-02-09,,Active,,1.0,Bachelor's,13,Company Website,Yes
E00460,Employee 460,Female,1983-06-06,Bengaluru,Marketing,CC600,Brand Manager,G3,Permanent,Hybrid,2024-05-04,,Active,E00701,1.0,M.Tech,14,Job Portal,No
E00461,Employee 461,Male,1997-03-09,Chennai,Sales,CC200,Sales Executive,G4,Contract,Hybrid,2022-03-24,,Active,,0.5,M.Tech,5,Agency,No
E00462,Employee 462,Male,1990-09-14,Gurugram,Operations,CC300,Operations Manager,G4,Permanent,Hybrid,2025-05-07,,Active,,1.0,Bachelor's,1,Job Portal,No
E00463,Employee 463,Male,1976-01-23,Bengaluru,Finance,CC400,Senior Finance Analyst,G4,Contract,Hybrid,2019-05-06,,Active,,0.75,M.Tech,1,Agency,Yes
E00464,Employee 464,Female,1974-12-13,Noida,Marketing,CC600,Digital Marketing Analyst,G6,Permanent,Hybrid,2018-07-19,2025-08-31,Exited,E00242,1.0,PhD,14,Campus,Yes
E00465,Employee 465,Female,1978-09-23,Pune,Customer Success,CC700,Support Analyst,G4,Permanent,Hybrid,2019-05-03,,Active,,1.0,PhD,6,Agency,No
E00466,Employee 466,Female,1977-02-11,Hyderabad,Customer Success,CC700,Customer Success Executive,G3,Permanent,Remote,2017-08-31,2022-03-13,Exited,E02892,1.0,M.Tech,12,LinkedIn,No
E00467,Employee 467,Non-binary,1982-04-07,Hyderabad,Technology,CC100,Senior Software Engineer,G3,Permanent,Onsite,2019-01-05,2025-07-20,Exited,E01980,1.0,B.Tech,14,Campus,No
E00468,Employee 468,Male,1981-12-10,Noida,Operations,CC300,Team Lead,G4,Permanent,Hybrid,2019-11-06,,Active,,1.0,PhD,5,Internal Mobility,Yes
E00469,Employee 469,Male,1982-11-07,Noida,Supply Chain,CC800,Logistics Manager,G5,Permanent,Remote,2026-05-11,,Active,,1.0,Bachelor's,1,Job Portal,No
E00470,Employee 470,Male,1980-09-22,Pune,Technology,CC100,Senior Software Engineer,G4,Permanent,Hybrid,2020-04-19,,Active,,1.0,Master's,18,Job Portal,No
E00471,Employee 471,Female,1983-10-25,Hyderabad,Customer Success,CC700,Support Analyst,G4,Permanent,Onsite,2025-05-24,,Active,,1.0,M.Tech,3,Company Website,No
E00472,Employee 472,Female,1999-02-20,Mumbai,Technology,CC100,Data Analyst,G1,Permanent,Onsite,2025-10-30,2026-01-29,Exited,E01328,1.0,B.Tech,14,Referral,No
E00473,Employee 473,Male,1979-01-06,Hyderabad,Finance,CC400,Finance Analyst,G2,Intern,Hybrid,2020-12-27,2025-03-04,Exited,,0.75,B.Tech,16,Referral,Yes
E00474,Employee 474,Male,1994-05-13,Pune,Human Resources,CC500,L&D Specialist,G1,Permanent,Hybrid,2020-05-03,,Active,E00173,1.0,Master's,1,Company Website,No
E00475,Employee 475,Male,1991-02-14,Hyderabad,Customer Success,CC700,Support Analyst,G2,Permanent,Remote,2018-10-24,2020-04-27,Exited,E02336,1.0,MBA,11,Referral,No
E00476,Employee 476,Male,2003-08-02,Hyderabad,Technology,CC100,Data Analyst,G5,Permanent,Hybrid,2025-09-07,,Active,,1.0,MBA,0,Company Website,No
E00477,Employee 477,Male,1994-09-07,Chennai,Operations,CC300,Operations Executive,G4,Permanent,Hybrid,2017-02-19,2023-11-18,Exited,E02232,1.0,PhD,9,LinkedIn,Yes
E00478,Employee 478,Male,1990-07-28,Pune,Sales,CC200,Sales Analyst,G2,Permanent,Hybrid,2017-02-08,,Active,E02057,1.0,MBA,7,Company Website,No
E00479,Employee 479,Male,1993-01-12,Gurugram,Operations,CC300,Operations Analyst,G5,Contract,Onsite,2024-08-30,,Active,,0.75,Bachelor's,13,Job Portal,No
E00480,Employee 480,Female,2003-04-03,Mumbai,Operations,CC300,Team Lead,G3,Permanent,Onsite,2026-02-21,,Active,E01771,1.0,MBA,7,Agency,No
E00481,Employee 481,Female,1980-05-21,Pune,Customer Success,CC700,Customer Success Executive,G2,Permanent,Onsite,2020-09-17,2025-04-08,Exited,E02224,1.0,Bachelor's,1,Company Website,No
E00482,Employee 482,Female,1992-05-23,Pune,Finance,CC400,Senior Finance Analyst,G2,Intern,Onsite,2020-04-24,,Active,E04764,0.75,M.Tech,18,Agency,No
E00483,Employee 483,Male,1982-05-06,Pune,Operations,CC300,Operations Executive,G3,Permanent,Remote,2026-08-01,,Active,,1.0,M.Tech,0,Referral,No
E00484,Employee 484,Female,1985-05-15,Hyderabad,Marketing,CC600,Product Marketing Manager,G3,Permanent,Hybrid,2022-09-20,,Active,E00773,1.0,B.Tech,7,Referral,No
E00485,Employee 485,Male,1984-08-17,Pune,Sales,CC200,Sales Analyst,G4,Permanent,Hybrid,2017-11-02,,Active,,1.0,B.Tech,11,Company Website,No
E00486,Employee 486,Female,1995-07-22,Pune,Finance,CC400,Senior Finance Analyst,G5,Permanent,Hybrid,2020-06-16,,Active,,1.0,Bachelor's,1,Company Website,No
E00487,Employee 487,Male,1993-10-14,Hyderabad,Finance,CC400,Finance Manager,G2,Permanent,Onsite,2020-07-02,,Active,E03159,1.0,Master's,2,Company Website,No
E00488,Employee 488,Female,1978-01-06,Hyderabad,Human Resources,CC500,HR Manager,G4,Intern,Hybrid,2021-06-10,,Active,,0.5,B.Tech,15,Internal Mobility,No
E00489,Employee 489,Female,1989-08-22,Chennai,Operations,CC300,Operations Executive,G4,Permanent,Hybrid,2018-06-02,2019-05-12,Exited,E01179,1.0,MBA,17,Company Website,Yes
E00490,Employee 490,Male,1991-12-18,Hyderabad,Marketing,CC600,Marketing Executive,G1,Permanent,Hybrid,2021-12-22,,Active,E02298,1.0,Master's,9,Referral,No
E00491,Employee 491,Male,1995-09-23,Hyderabad,Finance,CC400,Senior Finance Analyst,G3,Permanent,Hybrid,2022-04-19,,Active,E00290,1.0,Master's,11,Agency,No
E00492,Employee 492,Male,1996-06-15,Bengaluru,Finance,CC400,Finance Manager,G3,Permanent,Remote,2023-03-13,,Active,E02226,1.0,PhD,17,Campus,No
E00493,Employee 493,Male,2001-07-08,Noida,Sales,CC200,Sales Analyst,G4,Permanent,Onsite,2024-08-26,,Active,,1.0,Master's,11,Company Website,No
E00494,Employee 494,Male,1988-04-08,Chennai,Marketing,CC600,Product Marketing Manager,G4,Permanent,Hybrid,2017-10-11,2020-03-04,Exited,,1.0,PhD,0,Job Portal,Yes
E00495,Employee 495,Male,1997-12-27,Noida,Supply Chain,CC800,Supply Chain Analyst,G3,Permanent,Hybrid,2025-07-17,,Active,E04548,1.0,Master's,13,Agency,Yes
E00496,Employee 496,Male,1992-04-04,Hyderabad,Marketing,CC600,Brand Manager,G1,Permanent,Remote,2022-08-18,,Active,E01395,1.0,MBA,5,Agency,Yes
E00497,Employee 497,Female,1980-05-03,Bengaluru,Human Resources,CC500,L&D Specialist,G4,Permanent,Remote,2020-07-09,,Active,,1.0,Master's,16,Job Portal,No
E00498,Employee 498,Female,1994-09-10,Bengaluru,Human Resources,CC500,Talent Acquisition Specialist,G2,Permanent,Remote,2019-06-20,2022-05-20,Exited,,1.0,Master's,8,Job Portal,No
E00499,Employee 499,Female,1988-06-19,Mumbai,Human Resources,CC500,HR Manager,G2,Permanent,Remote,2021-01-02,,Active,E00268,1.0,M.Tech,3,LinkedIn,No
E00500,Employee 500,Male,1976-03-02,Bengaluru,Marketing,CC600,Marketing Executive,G4,Permanent,Hybrid,2018-07-04,,Active,,1.0,PhD,12,Agency,No
E00501,Employee 501,Female,1982-05-13,Bengaluru,Sales,CC200,Regional Sales Manager,G3,Permanent,Hybrid,2023-11-23,,Active,E04060,1.0,Bachelor's,5,Internal Mobility,Yes
E00502,Employee 502,Male,1982-05-09,Mumbai,Customer Success,CC700,Customer Success Executive,G2,Permanent,Onsite,2021-07-24,,Active,E04577,1.0,Master's,8,Campus,Yes
E00503,Employee 503,Female,1989-10-16,Bengaluru,Marketing,CC600,Digital Marketing Analyst,G4,Contract,Hybrid,2021-02-22,,Active,,0.75,M.Tech,8,Job Portal,No
E00504,Employee 504,Female,1978-09-09,Hyderabad,Customer Success,CC700,Customer Success Executive,G3,Permanent,Hybrid,2023-02-24,,Active,E02081,1.0,B.Tech,12,Internal Mobility,No
E00505,Employee 505,Female,1983-05-10,Gurugram,Finance,CC400,Finance Manager,G4,Permanent,Onsite,2024-05-03,,Active,,1.0,PhD,11,Referral,No
E00506,Employee 506,Female,1999-01-13,Chennai,Marketing,CC600,Digital Marketing Analyst,G3,Permanent,Hybrid,2025-05-07,,Active,E03904,1.0,Master's,12,Internal Mobility,No
E00507,Employee 507,Female,1985-08-15,Noida,Technology,CC100,Data Analyst,G3,Permanent,Hybrid,2026-03-17,,Active,E00733,1.0,MBA,16,Company Website,No
E00508,Employee 508,Female,1985-10-22,Hyderabad,Marketing,CC600,Marketing Executive,G2,Contract,Hybrid,2017-09-03,,Active,E04981,0.5,M.Tech,7,Agency,No
E00509,Employee 509,Female,1990-09-01,Hyderabad,Sales,CC200,Regional Sales Manager,G4,Intern,Hybrid,2023-07-12,2025-07-07,Exited,E01748,0.75,Bachelor's,6,Referral,No
E00510,Employee 510,Male,1989-02-04,Mumbai,Sales,CC200,Sales Analyst,G5,Intern,Hybrid,2023-09-02,2025-02-07,Exited,E03766,0.75,PhD,13,Job Portal,No
E00511,Employee 511,Female,1995-12-08,Gurugram,Customer Success,CC700,Customer Success Executive,G3,Permanent,Onsite,2019-08-04,,Active,E01499,1.0,B.Tech,17,Internal Mobility,Yes
E00512,Employee 512,Male,1996-05-13,Gurugram,Sales,CC200,Account Manager,G5,Permanent,Hybrid,2026-08-30,,Active,,1.0,B.Tech,6,Agency,Yes
E00513,Employee 513,Male,1980-11-09,Bengaluru,Operations,CC300,Operations Manager,G4,Permanent,Hybrid,2020-12-06,,Active,,1.0,Bachelor's,8,Company Website,No
E00514,Employee 514,Male,1983-07-25,Chennai,Human Resources,CC500,L&D Specialist,G3,Permanent,Hybrid,2025-02-11,,Active,E01428,1.0,PhD,5,Job Portal,No
E00515,Employee 515,Female,1981-01-29,Gurugram,Technology,CC100,Data Analyst,G3,Permanent,Hybrid,2025-08-24,,Active,E02208,1.0,Bachelor's,15,Referral,No
E00516,Employee 516,Female,1977-08-08,Noida,Technology,CC100,Data Analyst,G1,Permanent,Hybrid,2019-08-14,,Active,E04293,1.0,PhD,7,Campus,No
E00517,Employee 517,Male,1988-09-09,Gurugram,Finance,CC400,Senior Finance Analyst,G4,Permanent,Onsite,2021-03-24,,Active,,1.0,M.Tech,0,Internal Mobility,No
E00518,Employee 518,Female,1996-08-05,Pune,Technology,CC100,Data Analyst,G5,Permanent,Remote,2025-02-13,,Active,,1.0,MBA,16,Company Website,No
E00519,Employee 519,Female,1998-07-19,Hyderabad,Finance,CC400,Finance Analyst,G2,Contract,Remote,2022-10-14,,Active,E04066,0.75,M.Tech,10,Company Website,No
E00520,Employee 520,Male,1989-04-16,Pune,Marketing,CC600,Brand Manager,G4,Permanent,Onsite,2023-11-15,,Active,,1.0,Master's,14,Company Website,Yes
E00521,Employee 521,Male,1985-11-26,Mumbai,Technology,CC100,Engineering Manager,G2,Permanent,Hybrid,2018-07-01,,Active,,1.0,B.Tech,11,Campus,No
E00522,Employee 522,Female,1994-06-29,Noida,Marketing,CC600,Digital Marketing Analyst,G4,Permanent,Hybrid,2021-02-20,,Active,,1.0,PhD,17,Job Portal,No
E00523,Employee 523,Female,1979-02-22,Mumbai,Human Resources,CC500,HR Executive,G4,Permanent,Hybrid,2021-04-30,,Active,,1.0,PhD,7,Campus,No
E00524,Employee 524,Male,1977-09-26,Noida,Technology,CC100,Senior Software Engineer,G2,Intern,Hybrid,2020-10-28,,Active,E01720,0.5,M.Tech,5,Campus,No
E00525,Employee 525,Female,1991-10-14,Chennai,Operations,CC300,Operations Executive,G5,Permanent,Hybrid,2020-03-10,,Active,,1.0,Master's,12,Company Website,No
E00526,Employee 526,Male,1982-06-13,Bengaluru,Operations,CC300,Operations Analyst,G2,Permanent,Onsite,2026-08-10,,Active,E03056,1.0,MBA,9,LinkedIn,No
E00527,Employee 527,Male,2001-09-10,Pune,Supply Chain,CC800,Planner,G4,Permanent,Hybrid,2023-02-19,,Active,,1.0,PhD,16,Campus,No
E00528,Employee 528,Female,1981-01-03,Mumbai,Customer Success,CC700,Customer Success Executive,G4,Permanent,Onsite,2025-02-03,,Active,,1.0,PhD,0,LinkedIn,No
E00529,Employee 529,Male,2001-06-18,Mumbai,Supply Chain,CC800,Supply Chain Analyst,G5,Contract,Hybrid,2025-10-18,,Active,,0.5,B.Tech,1,Internal Mobility,No
E00530,Employee 530,Male,1999-07-13,Bengaluru,Operations,CC300,Operations Analyst,G5,Permanent,Hybrid,2026-04-11,,Active,,1.0,Bachelor's,16,LinkedIn,No
E00531,Employee 531,Female,1996-09-09,Hyderabad,Sales,CC200,Account Manager,G3,Permanent,Hybrid,2024-09-27,,Active,E03027,1.0,PhD,13,Job Portal,No
E00532,Employee 532,Female,1996-09-08,Mumbai,Supply Chain,CC800,Planner,G3,Permanent,Hybrid,2019-10-09,,Active,E01543,1.0,PhD,18,LinkedIn,Yes
E00533,Employee 533,Male,1984-03-05,Noida,Human Resources,CC500,HR Executive,G3,Permanent,Hybrid,2022-09-16,,Active,E03833,1.0,Bachelor's,17,Job Portal,No
E00534,Employee 534,Female,1998-06-25,Chennai,Operations,CC300,Team Lead,G5,Permanent,Onsite,2020-07-27,2021-09-17,Exited,E00339,1.0,B.Tech,11,Campus,Yes
E00535,Employee 535,Male,1987-06-19,Mumbai,Operations,CC300,Operations Executive,G2,Permanent,Onsite,2024-02-10,,Active,E04428,1.0,B.Tech,3,LinkedIn,Yes
E00536,Employee 536,Female,1988-12-14,Bengaluru,Technology,CC100,Data Scientist,G3,Permanent,Remote,2022-02-06,,Active,E03946,1.0,B.Tech,12,Company Website,No
E00537,Employee 537,Male,1994-12-27,Bengaluru,Sales,CC200,Regional Sales Manager,G4,Permanent,Hybrid,2018-05-15,,Active,,1.0,MBA,12,Campus,No
E00538,Employee 538,Female,1988-02-05,Bengaluru,Operations,CC300,Team Lead,G6,Permanent,Hybrid,2022-11-01,2025-03-11,Exited,E00468,1.0,MBA,15,Campus,No
E00539,Employee 539,Male,1996-08-30,Bengaluru,Sales,CC200,Account Manager,G2,Permanent,Hybrid,2021-11-12,,Active,E00178,1.0,Bachelor's,8,Referral,No
E00540,Employee 540,Female,1984-06-22,Hyderabad,Technology,CC100,Engineering Manager,G4,Contract,Remote,2018-03-23,,Active,,0.75,M.Tech,10,Job Portal,No
E00541,Employee 541,Female,1990-09-18,Mumbai,Customer Success,CC700,Customer Success Manager,G2,Contract,Hybrid,2022-05-09,,Active,E01887,1.0,Bachelor's,4,Company Website,Yes
E00542,Employee 542,Female,1990-11-02,Hyderabad,Sales,CC200,Key Account Manager,G2,Permanent,Hybrid,2023-09-27,,Active,,1.0,Bachelor's,5,Campus,No
E00543,Employee 543,Male,2001-04-01,Hyderabad,Customer Success,CC700,Support Analyst,G2,Contract,Hybrid,2022-10-04,,Active,E00200,0.5,B.Tech,5,Agency,No
E00544,Employee 544,Female,1997-10-01,Noida,Supply Chain,CC800,Procurement Specialist,G3,Intern,Hybrid,2024-01-20,,Active,,0.75,Master's,15,Company Website,Yes
E00545,Employee 545,Female,1976-06-08,Bengaluru,Operations,CC300,Operations Executive,G3,Permanent,Hybrid,2018-12-13,,Active,E02180,1.0,PhD,3,Internal Mobility,No
E00546,Employee 546,Female,1982-12-23,Bengaluru,Sales,CC200,Key Account Manager,G1,Permanent,Hybrid,2021-09-30,2023-08-04,Exited,E00017,1.0,PhD,0,LinkedIn,No
E00547,Employee 547,Male,1996-12-07,Hyderabad,Technology,CC100,Data Analyst,G5,Contract,Hybrid,2018-07-17,2019-11-01,Exited,E03623,0.75,Master's,18,LinkedIn,No
E00548,Employee 548,Female,1992-02-24,Bengaluru,Sales,CC200,Sales Executive,G3,Permanent,Hybrid,2020-01-31,2022-02-01,Exited,E01249,1.0,Master's,17,Referral,No
E00549,Employee 549,Male,1992-03-04,Pune,Operations,CC300,Team Lead,G6,Permanent,Onsite,2023-11-11,,Active,,1.0,Bachelor's,5,Company Website,No
E00550,Employee 550,Female,1988-12-22,Noida,Human Resources,CC500,HR Manager,G4,Contract,Onsite,2024-09-25,,Active,,1.0,MBA,2,Agency,Yes
E00551,Employee 551,Male,2001-01-20,Noida,Operations,CC300,Operations Manager,G2,Permanent,Hybrid,2023-04-16,,Active,E01362,1.0,M.Tech,17,Referral,No
E00552,Employee 552,Female,1989-10-24,Hyderabad,Human Resources,CC500,HR Manager,G6,Permanent,Onsite,2022-12-15,2023-12-06,Exited,E04167,1.0,M.Tech,9,Referral,No
E00553,Employee 553,Male,1987-03-23,Bengaluru,Supply Chain,CC800,Planner,G5,Permanent,Hybrid,2021-07-18,,Active,,1.0,Bachelor's,14,Job Portal,No
E00554,Employee 554,Female,1982-07-29,Noida,Supply Chain,CC800,Supply Chain Analyst,G4,Contract,Hybrid,2023-11-26,,Active,,0.5,Bachelor's,15,Agency,Yes
E00555,Employee 555,Female,1992-04-18,Bengaluru,Sales,CC200,Sales Analyst,G3,Permanent,Hybrid,2021-05-02,2026-01-02,Exited,E04337,1.0,B.Tech,12,Internal Mobility,No
E00556,Employee 556,Male,1981-06-18,Bengaluru,Marketing,CC600,Digital Marketing Analyst,G5,Permanent,Hybrid,2017-06-24,,Active,,1.0,Bachelor's,4,LinkedIn,No
E00557,Employee 557,Male,1993-08-30,Gurugram,Marketing,CC600,Digital Marketing Analyst,G2,Permanent,Hybrid,2026-07-24,,Active,E01343,1.0,PhD,1,Agency,No
E00558,Employee 558,Male,1989-11-19,Mumbai,Technology,CC100,Software Engineer,G2,Permanent,Hybrid,2017-12-24,,Active,E04669,1.0,B.Tech,2,Company Website,No
E00559,Employee 559,Female,1985-10-13,Hyderabad,Sales,CC200,Regional Sales Manager,G3,Contract,Hybrid,2024-09-07,,Active,E02072,0.5,Bachelor's,7,Company Website,No
E00560,Employee 560,Male,1979-04-15,Hyderabad,Operations,CC300,Operations Manager,G2,Permanent,Onsite,2022-01-04,,Active,E03193,1.0,PhD,14,Company Website,No
E00561,Employee 561,Female,1987-04-16,Gurugram,Customer Success,CC700,Customer Success Executive,G3,Permanent,Hybrid,2024-02-13,,Active,E02387,1.0,PhD,2,Agency,No
E00562,Employee 562,Male,1987-09-30,Hyderabad,Marketing,CC600,Marketing Executive,G3,Permanent,Hybrid,2026-02-27,,Active,E03679,1.0,Bachelor's,8,Internal Mobility,No
E00563,Employee 563,Male,1989-11-28,Noida,Sales,CC200,Sales Executive,G3,Permanent,Hybrid,2025-08-30,,Active,E00486,1.0,Master's,17,Company Website,No
E00564,Employee 564,Female,1987-01-30,Mumbai,Operations,CC300,Team Lead,G3,Permanent,Hybrid,2021-10-05,,Active,E01238,1.0,Master's,6,Internal Mobility,No
E00565,Employee 565,Female,1981-08-11,Bengaluru,Customer Success,CC700,Support Analyst,G3,Contract,Hybrid,2024-04-25,,Active,E04090,1.0,Bachelor's,9,Campus,No
E00566,Employee 566,Male,1985-05-26,Noida,Sales,CC200,Regional Sales Manager,G1,Permanent,Remote,2020-04-26,,Active,E02172,1.0,PhD,5,Company Website,No
E00567,Employee 567,Female,1981-12-02,Bengaluru,Sales,CC200,Key Account Manager,G4,Permanent,Hybrid,2019-02-10,2024-11-20,Exited,E01961,1.0,M.Tech,13,Campus,No
E00568,Employee 568,Female,1993-05-21,Noida,Customer Success,CC700,Support Analyst,G3,Permanent,Onsite,2017-08-21,,Active,E01540,1.0,M.Tech,16,Referral,Yes
E00569,Employee 569,Male,1990-09-23,Bengaluru,Supply Chain,CC800,Planner,G3,Contract,Hybrid,2024-10-12,,Active,E00298,0.5,Master's,17,Company Website,No
E00570,Employee 570,Female,1998-01-06,Noida,Sales,CC200,Sales Executive,G3,Contract,Hybrid,2019-09-01,,Active,E01692,0.75,B.Tech,13,Referral,No
E00571,Employee 571,Male,1995-11-25,Noida,Technology,CC100,Engineering Manager,G3,Permanent,Onsite,2025-03-26,,Active,E00659,1.0,MBA,7,Campus,No
E00572,Employee 572,Female,1982-01-21,Gurugram,Finance,CC400,Senior Finance Analyst,G3,Permanent,Hybrid,2017-05-09,,Active,E02355,1.0,PhD,2,LinkedIn,No
E00573,Employee 573,Male,1992-08-21,Noida,Marketing,CC600,Product Marketing Manager,G3,Permanent,Onsite,2022-10-08,,Active,E04268,1.0,Master's,0,Agency,No
E00574,Employee 574,Male,1999-03-09,Hyderabad,Supply Chain,CC800,Logistics Manager,G2,Contract,Hybrid,2023-10-21,,Active,E02987,0.5,MBA,12,LinkedIn,No
E00575,Employee 575,Female,1983-09-25,Hyderabad,Sales,CC200,Regional Sales Manager,G2,Intern,Onsite,2022-06-07,2025-07-06,Exited,E03905,1.0,Master's,4,Job Portal,No
E00576,Employee 576,Female,1976-10-26,Bengaluru,Customer Success,CC700,Customer Success Executive,G6,Permanent,Hybrid,2019-06-17,,Active,,1.0,MBA,15,Agency,No
E00577,Employee 577,Female,1986-11-24,Hyderabad,Customer Success,CC700,Customer Success Manager,G3,Permanent,Onsite,2020-02-15,,Active,E02455,1.0,MBA,7,Campus,Yes
E00578,Employee 578,Female,1983-06-01,Bengaluru,Operations,CC300,Team Lead,G6,Permanent,Hybrid,2022-04-12,2026-04-27,Exited,,1.0,Bachelor's,3,Internal Mobility,No
E00579,Employee 579,Male,1982-11-07,Noida,Marketing,CC600,Brand Manager,G3,Permanent,Onsite,2025-12-04,,Active,E04968,1.0,Bachelor's,10,Company Website,No
E00580,Employee 580,Male,1984-07-10,Hyderabad,Sales,CC200,Sales Executive,G5,Permanent,Hybrid,2017-01-19,,Active,,1.0,MBA,14,LinkedIn,Yes
E00581,Employee 581,Male,1987-03-12,Hyderabad,Technology,CC100,Data Analyst,G3,Permanent,Hybrid,2022-04-01,2026-05-23,Exited,E04635,1.0,PhD,6,LinkedIn,No
E00582,Employee 582,Male,1985-11-12,Gurugram,Operations,CC300,Team Lead,G2,Permanent,Hybrid,2024-03-28,,Active,E03098,1.0,B.Tech,5,LinkedIn,Yes
E00583,Employee 583,Male,2000-03-31,Bengaluru,Technology,CC100,Tech Lead,G4,Permanent,Onsite,2022-12-22,,Active,,1.0,MBA,1,Company Website,Yes
E00584,Employee 584,Male,1982-09-28,Hyderabad,Supply Chain,CC800,Planner,G2,Permanent,Hybrid,2018-07-31,,Active,,1.0,Master's,8,Agency,No
E00585,Employee 585,Male,1995-06-14,Mumbai,Customer Success,CC700,Customer Success Manager,G4,Permanent,Remote,2019-08-31,,Active,,1.0,B.Tech,15,Campus,No
E00586,Employee 586,Female,1983-10-25,Bengaluru,Finance,CC400,Finance Manager,G1,Contract,Hybrid,2020-01-09,,Active,E00180,0.75,MBA,0,Agency,No
E00587,Employee 587,Male,1997-08-30,Hyderabad,Sales,CC200,Account Manager,G5,Permanent,Hybrid,2020-10-11,,Active,,1.0,B.Tech,15,Agency,No
E00588,Employee 588,Male,1990-09-18,Hyderabad,Customer Success,CC700,Customer Success Manager,G3,Contract,Onsite,2023-03-07,,Active,E04337,0.5,B.Tech,11,Referral,No
E00589,Employee 589,Female,1989-01-01,Bengaluru,Operations,CC300,Operations Analyst,G6,Permanent,Onsite,2020-08-26,,Active,,1.0,Master's,7,Campus,No
E00590,Employee 590,Male,1980-11-19,Chennai,Customer Success,CC700,Customer Success Executive,G4,Permanent,Onsite,2020-11-27,,Active,,1.0,M.Tech,12,Referral,Yes
E00591,Employee 591,Male,1996-04-02,Bengaluru,Marketing,CC600,Product Marketing Manager,G5,Contract,Hybrid,2018-01-16,,Active,,0.5,PhD,11,Company Website,No
E00592,Employee 592,Male,1984-09-06,Hyderabad,Supply Chain,CC800,Logistics Manager,G4,Permanent,Hybrid,2020-08-27,,Active,,1.0,PhD,14,Agency,No
E00593,Employee 593,Male,1992-04-29,Gurugram,Technology,CC100,Tech Lead,G4,Permanent,Remote,2020-09-29,,Active,,1.0,Master's,10,Agency,No
E00594,Employee 594,Male,1994-11-05,Gurugram,Supply Chain,CC800,Procurement Specialist,G4,Permanent,Remote,2025-11-11,,Active,,1.0,Bachelor's,10,LinkedIn,No
E00595,Employee 595,Female,1977-10-28,Chennai,Sales,CC200,Sales Analyst,G4,Permanent,Remote,2022-05-06,,Active,,1.0,B.Tech,1,Campus,No
E00596,Employee 596,Female,1984-02-21,Chennai,Marketing,CC600,Product Marketing Manager,G4,Contract,Hybrid,2017-10-26,,Active,,0.75,M.Tech,14,Job Portal,Yes
E00597,Employee 597,Female,1991-10-07,Bengaluru,Customer Success,CC700,Support Analyst,G4,Contract,Hybrid,2019-12-31,,Active,,1.0,Master's,12,Agency,No
E00598,Employee 598,Male,1995-07-20,Hyderabad,Human Resources,CC500,HR Business Partner,G3,Permanent,Remote,2019-11-26,,Active,E01758,1.0,M.Tech,9,Referral,No
E00599,Employee 599,Male,1998-08-02,Hyderabad,Marketing,CC600,Product Marketing Manager,G4,Permanent,Onsite,2021-10-09,,Active,,1.0,PhD,5,Referral,Yes
E00600,Employee 600,Female,1987-06-07,Mumbai,Finance,CC400,Senior Finance Analyst,G6,Permanent,Hybrid,2023-08-29,,Active,,1.0,B.Tech,1,Job Portal,No
E00601,Employee 601,Male,1991-03-08,Chennai,Supply Chain,CC800,Supply Chain Analyst,G1,Permanent,Onsite,2023-02-01,,Active,E02293,1.0,Bachelor's,7,Company Website,No
E00602,Employee 602,Female,1980-07-12,Gurugram,Technology,CC100,Data Analyst,G3,Permanent,Hybrid,2017-11-08,,Active,E00813,1.0,MBA,5,Campus,Yes
E00603,Employee 603,Female,1990-10-07,Hyderabad,Marketing,CC600,Marketing Executive,G2,Permanent,Onsite,2025-02-15,,Active,E03935,1.0,B.Tech,11,Campus,No
E00604,Employee 604,Female,1997-04-23,Mumbai,Customer Success,CC700,Customer Success Manager,G5,Permanent,Hybrid,2022-09-02,,Active,,1.0,PhD,1,LinkedIn,No
E00605,Employee 605,Male,1977-08-26,Noida,Human Resources,CC500,HR Executive,G4,Permanent,Hybrid,2020-08-25,,Active,,1.0,Bachelor's,11,Referral,No
E00606,Employee 606,Male,1981-11-11,Hyderabad,Marketing,CC600,Brand Manager,G4,Permanent,Hybrid,2022-08-31,,Active,,1.0,PhD,10,Company Website,No
E00607,Employee 607,Male,1998-03-27,Mumbai,Sales,CC200,Account Manager,G4,Permanent,Onsite,2022-09-20,,Active,,1.0,PhD,9,LinkedIn,No
E00608,Employee 608,Female,1984-02-03,Bengaluru,Supply Chain,CC800,Supply Chain Analyst,G2,Permanent,Remote,2023-03-17,,Active,E04636,1.0,B.Tech,7,Internal Mobility,No
E00609,Employee 609,Male,1982-01-21,Pune,Supply Chain,CC800,Procurement Specialist,G4,Permanent,Remote,2025-08-12,,Active,,1.0,PhD,3,Referral,No
E00610,Employee 610,Female,1978-05-21,Bengaluru,Human Resources,CC500,HR Executive,G3,Permanent,Hybrid,2021-05-21,,Active,E01663,1.0,Master's,8,Referral,Yes
E00611,Employee 611,Female,1995-01-22,Pune,Customer Success,CC700,Support Analyst,G5,Permanent,Remote,2018-05-04,,Active,,1.0,Master's,9,Referral,No
E00612,Employee 612,Male,1982-12-04,Pune,Sales,CC200,Regional Sales Manager,G3,Permanent,Hybrid,2020-07-07,,Active,E01433,1.0,Master's,13,Referral,No
E00613,Employee 613,Male,1988-08-15,Gurugram,Supply Chain,CC800,Supply Chain Analyst,G1,Permanent,Hybrid,2025-09-01,,Active,,1.0,M.Tech,14,Referral,No
E00614,Employee 614,Female,1993-08-01,Mumbai,Marketing,CC600,Brand Manager,G3,Permanent,Hybrid,2019-07-23,,Active,E03005,1.0,Master's,4,Referral,No
E00615,Employee 615,Male,1988-11-19,Hyderabad,Human Resources,CC500,L&D Specialist,G4,Intern,Hybrid,2022-06-09,2026-08-17,Exited,,0.75,M.Tech,0,Job Portal,No
E00616,Employee 616,Female,1987-04-21,Bengaluru,Sales,CC200,Key Account Manager,G4,Permanent,Hybrid,2025-11-10,,Active,,1.0,Master's,5,Agency,Yes
E00617,Employee 617,Male,2000-12-06,Pune,Operations,CC300,Operations Analyst,G2,Permanent,Hybrid,2023-03-23,,Active,E03741,1.0,MBA,14,Job Portal,No
E00618,Employee 618,Male,1983-08-16,Chennai,Customer Success,CC700,Customer Success Executive,G3,Intern,Hybrid,2019-07-13,,Active,E04646,0.75,M.Tech,6,Referral,No
E00619,Employee 619,Female,1988-04-04,Hyderabad,Operations,CC300,Operations Executive,G2,Permanent,Hybrid,2025-10-03,,Active,E04592,1.0,M.Tech,17,Company Website,Yes
E00620,Employee 620,Male,1972-12-24,Noida,Supply Chain,CC800,Supply Chain Analyst,G4,Contract,Onsite,2017-08-02,2020-12-07,Exited,E04247,0.5,PhD,0,Agency,No
E00621,Employee 621,Male,1995-01-22,Gurugram,Technology,CC100,Tech Lead,G4,Contract,Remote,2025-09-22,2026-02-14,Exited,E01317,0.75,Master's,0,LinkedIn,No
E00622,Employee 622,Female,1995-11-26,Pune,Technology,CC100,Data Scientist,G1,Permanent,Onsite,2022-01-14,,Active,E00144,1.0,Bachelor's,3,Job Portal,Yes
E00623,Employee 623,Female,1983-01-14,Pune,Marketing,CC600,Digital Marketing Analyst,G2,Permanent,Remote,2025-05-24,,Active,E03095,1.0,PhD,0,Internal Mobility,No
E00624,Employee 624,Female,1990-02-02,Hyderabad,Technology,CC100,Tech Lead,G3,Permanent,Hybrid,2017-12-04,,Active,E00353,1.0,M.Tech,16,LinkedIn,No
E00625,Employee 625,Non-binary,2002-02-06,Hyderabad,Marketing,CC600,Brand Manager,G3,Permanent,Hybrid,2023-03-23,,Active,E02735,1.0,Master's,10,Internal Mobility,No
E00626,Employee 626,Male,1978-07-22,Hyderabad,Customer Success,CC700,Support Analyst,G6,Permanent,Onsite,2019-09-06,,Active,,1.0,Bachelor's,12,Job Portal,No
E00627,Employee 627,Female,1981-07-02,Chennai,Customer Success,CC700,Customer Success Manager,G3,Permanent,Hybrid,2024-09-09,,Active,E04899,1.0,B.Tech,16,Campus,Yes
E00628,Employee 628,Male,1990-05-09,Pune,Technology,CC100,Data Analyst,G2,Permanent,Remote,2017-11-26,,Active,E02146,1.0,B.Tech,3,Campus,No
E00629,Employee 629,Male,1980-07-11,Bengaluru,Supply Chain,CC800,Supply Chain Analyst,G3,Contract,Hybrid,2017-03-15,,Active,E00909,0.5,M.Tech,6,Internal Mobility,No
E00630,Employee 630,Male,1981-10-31,Bengaluru,Sales,CC200,Key Account Manager,G3,Permanent,Hybrid,2018-05-07,,Active,E03172,1.0,Bachelor's,8,Job Portal,Yes
E00631,Employee 631,Female,1980-01-11,Noida,Technology,CC100,Software Engineer,G3,Permanent,Hybrid,2022-03-30,,Active,E02208,1.0,Bachelor's,8,Job Portal,No
E00632,Employee 632,Female,1980-02-09,Chennai,Finance,CC400,Finance Analyst,G5,Contract,Hybrid,2017-04-03,2019-11-30,Exited,E03504,0.5,Master's,17,Agency,No
E00633,Employee 633,Male,1980-01-27,Chennai,Finance,CC400,Finance Analyst,G2,Permanent,Hybrid,2021-11-18,,Active,E03366,1.0,Bachelor's,15,Internal Mobility,No
E00634,Employee 634,Female,1980-07-03,Pune,Technology,CC100,Tech Lead,G4,Contract,Hybrid,2017-12-31,2020-01-16,Exited,E04333,1.0,MBA,7,Campus,Yes
E00635,Employee 635,Female,1999-06-01,Bengaluru,Human Resources,CC500,L&D Specialist,G1,Permanent,Hybrid,2022-04-26,,Active,E03288,1.0,PhD,5,LinkedIn,No
E00636,Employee 636,Female,2003-03-14,Hyderabad,Technology,CC100,Engineering Manager,G3,Contract,Hybrid,2025-04-16,,Active,,0.75,MBA,9,Company Website,No
E00637,Employee 637,Male,1988-06-25,Bengaluru,Marketing,CC600,Marketing Executive,G2,Permanent,Hybrid,2022-02-25,,Active,E04928,1.0,Master's,1,Job Portal,No
E00638,Employee 638,Female,2005-02-14,Gurugram,Technology,CC100,Data Scientist,G1,Permanent,Remote,2026-05-30,,Active,E04338,1.0,M.Tech,6,Referral,No
E00639,Employee 639,Female,2003-04-12,Bengaluru,Supply Chain,CC800,Supply Chain Analyst,G3,Permanent,Remote,2025-10-18,,Active,E02708,1.0,MBA,0,Job Portal,No
E00640,Employee 640,Male,1994-10-08,Hyderabad,Marketing,CC600,Marketing Executive,G2,Permanent,Hybrid,2018-05-03,,Active,E03728,1.0,M.Tech,0,Company Website,No
E00641,Employee 641,Female,1983-01-01,Gurugram,Customer Success,CC700,Customer Success Executive,G3,Permanent,Hybrid,2022-04-16,,Active,E01164,1.0,PhD,2,LinkedIn,Yes
E00642,Employee 642,Female,1988-03-25,Hyderabad,Customer Success,CC700,Customer Success Executive,G5,Permanent,Onsite,2018-08-25,2023-10-19,Exited,E04533,1.0,PhD,14,Agency,No
E00643,Employee 643,Male,1981-03-29,Bengaluru,Customer Success,CC700,Support Analyst,G3,Permanent,Hybrid,2024-08-23,,Active,E04874,1.0,Master's,16,Agency,No
E00644,Employee 644,Male,1989-06-01,Bengaluru,Sales,CC200,Account Manager,G3,Contract,Onsite,2020-07-07,,Active,E04401,0.75,M.Tech,0,LinkedIn,Yes
E00645,Employee 645,Female,1975-07-16,Bengaluru,Technology,CC100,Engineering Manager,G4,Permanent,Hybrid,2017-10-27,,Active,,1.0,PhD,7,Agency,No
E00646,Employee 646,Male,2002-08-31,Bengaluru,Customer Success,CC700,Customer Success Manager,G5,Permanent,Hybrid,2026-06-11,,Active,,1.0,PhD,5,Company Website,No
E00647,Employee 647,Male,1990-02-28,Hyderabad,Human Resources,CC500,HR Business Partner,G4,Contract,Hybrid,2024-10-10,,Active,,0.5,MBA,11,LinkedIn,No
E00648,Employee 648,Male,2004-05-19,Pune,Marketing,CC600,Brand Manager,G3,Permanent,Hybrid,2025-07-29,2026-08-12,Exited,E00371,1.0,MBA,0,Job Portal,No
E00649,Employee 649,Female,1990-03-30,Noida,Human Resources,CC500,HR Manager,G6,Permanent,Hybrid,2019-01-09,,Active,,1.0,Master's,2,Job Portal,Yes
E00650,Employee 650,Non-binary,1979-01-19,Mumbai,Sales,CC200,Sales Executive,G4,Permanent,Onsite,2022-09-12,,Active,,1.0,M.Tech,8,Campus,No
E00651,Employee 651,Female,1977-01-06,Chennai,Technology,CC100,Senior Software Engineer,G6,Permanent,Remote,2020-09-25,,Active,,1.0,M.Tech,5,Referral,No
E00652,Employee 652,Male,1985-05-27,Mumbai,Customer Success,CC700,Customer Success Executive,G4,Permanent,Onsite,2019-08-08,,Active,,1.0,B.Tech,8,Agency,No
E00653,Employee 653,Female,1975-08-23,Pune,Marketing,CC600,Product Marketing Manager,G1,Permanent,Hybrid,2017-09-10,,Active,E03758,1.0,M.Tech,1,Campus,No
E00654,Employee 654,Male,1994-02-11,Noida,Marketing,CC600,Marketing Executive,G5,Permanent,Hybrid,2024-03-27,,Active,,1.0,PhD,18,Referral,Yes
E00655,Employee 655,Male,1994-12-24,Bengaluru,Technology,CC100,Data Scientist,G5,Permanent,Hybrid,2021-10-24,,Active,,1.0,MBA,5,Agency,No
E00656,Employee 656,Female,1976-11-16,Pune,Customer Success,CC700,Customer Success Manager,G4,Permanent,Onsite,2021-04-11,,Active,,1.0,M.Tech,15,Job Portal,No
E00657,Employee 657,Female,1990-09-24,Pune,Customer Success,CC700,Support Analyst,G4,Contract,Hybrid,2024-05-06,,Active,,0.75,Bachelor's,3,Agency,No
E00658,Employee 658,Female,2004-01-26,Chennai,Technology,CC100,Tech Lead,G1,Permanent,Onsite,2026-08-12,,Active,E03215,1.0,M.Tech,17,Company Website,No
E00659,Employee 659,Female,1994-05-17,Gurugram,Customer Success,CC700,Customer Success Executive,G4,Permanent,Onsite,2024-04-21,,Active,,1.0,Master's,5,Job Portal,No
E00660,Employee 660,Male,1984-04-27,Mumbai,Operations,CC300,Team Lead,G3,Permanent,Onsite,2020-08-23,,Active,E04768,1.0,M.Tech,16,Campus,No
E00661,Employee 661,Female,1999-11-27,Hyderabad,Sales,CC200,Sales Executive,G3,Permanent,Hybrid,2023-02-06,,Active,E04556,1.0,PhD,2,Job Portal,No
E00662,Employee 662,Female,1997-08-25,Mumbai,Operations,CC300,Operations Manager,G3,Permanent,Remote,2019-12-20,,Active,E01116,1.0,MBA,6,Internal Mobility,No
E00663,Employee 663,Female,1972-08-27,Gurugram,Marketing,CC600,Product Marketing Manager,G3,Permanent,Hybrid,2017-05-26,,Active,E00713,1.0,M.Tech,6,LinkedIn,No
E00664,Employee 664,Male,1993-04-09,Chennai,Marketing,CC600,Brand Manager,G3,Permanent,Hybrid,2021-11-10,,Active,E00667,1.0,PhD,14,Job Portal,No
E00665,Employee 665,Female,1991-09-12,Hyderabad,Customer Success,CC700,Support Analyst,G4,Contract,Remote,2019-11-04,2023-07-12,Exited,E02460,0.75,M.Tech,10,Campus,Yes
E00666,Employee 666,Male,1977-06-01,Gurugram,Finance,CC400,Finance Manager,G3,Permanent,Remote,2017-04-14,,Active,E02166,1.0,B.Tech,14,Job Portal,No
E00667,Employee 667,Male,1979-03-20,Hyderabad,Operations,CC300,Operations Analyst,G5,Permanent,Hybrid,2024-01-10,,Active,,1.0,Bachelor's,17,Campus,No
E00668,Employee 668,Male,1984-09-01,Bengaluru,Supply Chain,CC800,Supply Chain Analyst,G3,Intern,Onsite,2023-08-30,,Active,E02226,0.75,M.Tech,2,Company Website,No
E00669,Employee 669,Female,1992-10-20,Chennai,Human Resources,CC500,HR Manager,G4,Permanent,Onsite,2021-02-22,,Active,,1.0,PhD,14,Agency,No
E00670,Employee 670,Male,1990-01-14,Hyderabad,Customer Success,CC700,Customer Success Manager,G2,Permanent,Hybrid,2022-04-11,,Active,E04433,1.0,M.Tech,7,Internal Mobility,No
E00671,Employee 671,Female,1991-01-04,Mumbai,Operations,CC300,Operations Analyst,G3,Permanent,Remote,2020-02-06,,Active,E03367,1.0,M.Tech,2,Internal Mobility,No
E00672,Employee 672,Male,1984-12-02,Bengaluru,Human Resources,CC500,HR Manager,G4,Permanent,Onsite,2023-07-07,2023-10-06,Exited,E04301,1.0,Master's,0,LinkedIn,No
E00673,Employee 673,Female,1980-08-25,Noida,Sales,CC200,Key Account Manager,G4,Permanent,Hybrid,2020-11-13,,Active,,1.0,PhD,15,Internal Mobility,No
E00674,Employee 674,Male,1987-09-14,Bengaluru,Human Resources,CC500,L&D Specialist,G6,Permanent,Hybrid,2020-08-24,,Active,,1.0,PhD,9,Campus,No
E00675,Employee 675,Male,1983-06-12,Chennai,Finance,CC400,Finance Manager,G4,Contract,Onsite,2021-02-07,,Active,,0.5,B.Tech,0,Internal Mobility,Yes
E00676,Employee 676,Male,1982-09-05,Pune,Technology,CC100,Data Scientist,G6,Permanent,Hybrid,2022-04-22,,Active,,1.0,Bachelor's,1,Agency,No
E00677,Employee 677,Female,1987-12-08,Bengaluru,Marketing,CC600,Digital Marketing Analyst,G4,Permanent,Hybrid,2025-03-18,,Active,,1.0,MBA,18,Company Website,Yes
E00678,Employee 678,Female,1981-06-17,Bengaluru,Operations,CC300,Team Lead,G5,Permanent,Remote,2017-04-19,,Active,,1.0,M.Tech,5,Referral,No
E00679,Employee 679,Female,1983-05-29,Noida,Supply Chain,CC800,Supply Chain Analyst,G4,Permanent,Remote,2020-01-19,,Active,,1.0,Master's,13,Internal Mobility,No
E00680,Employee 680,Female,1998-04-10,Gurugram,Human Resources,CC500,HR Business Partner,G3,Permanent,Remote,2019-04-22,,Active,E04207,1.0,Bachelor's,8,LinkedIn,No
E00681,Employee 681,Male,1993-07-31,Mumbai,Operations,CC300,Operations Analyst,G2,Intern,Onsite,2021-10-29,,Active,E02588,1.0,B.Tech,6,Internal Mobility,No
E00682,Employee 682,Male,2000-09-24,Hyderabad,Supply Chain,CC800,Planner,G3,Permanent,Hybrid,2023-12-18,,Active,E00326,1.0,Master's,15,Agency,No
E00683,Employee 683,Female,1989-11-21,Gurugram,Marketing,CC600,Digital Marketing Analyst,G4,Permanent,Hybrid,2020-10-14,,Active,,1.0,PhD,5,Campus,No
E00684,Employee 684,Male,1984-04-20,Noida,Technology,CC100,Software Engineer,G3,Permanent,Onsite,2024-11-25,,Active,E04541,1.0,M.Tech,13,Agency,No
E00685,Employee 685,Female,1989-01-28,Bengaluru,Supply Chain,CC800,Procurement Specialist,G4,Permanent,Remote,2022-03-31,,Active,,1.0,M.Tech,3,Campus,Yes
E00686,Employee 686,Male,1998-09-11,Chennai,Finance,CC400,Finance Manager,G2,Permanent,Remote,2026-02-16,,Active,E04719,1.0,M.Tech,13,LinkedIn,No
E00687,Employee 687,Female,1992-04-03,Bengaluru,Finance,CC400,Senior Finance Analyst,G4,Permanent,Onsite,2018-03-17,,Active,,1.0,Bachelor's,1,Agency,No
E00688,Employee 688,Male,1977-01-29,Mumbai,Customer Success,CC700,Customer Success Executive,G5,Permanent,Remote,2017-08-08,,Active,,1.0,M.Tech,5,Company Website,No
E00689,Employee 689,Male,1990-09-21,Mumbai,Finance,CC400,Finance Manager,G4,Permanent,Hybrid,2018-11-29,,Active,,1.0,PhD,11,LinkedIn,No
E00690,Employee 690,Male,1999-11-25,Bengaluru,Customer Success,CC700,Customer Success Executive,G3,Contract,Onsite,2024-01-21,,Active,E01344,0.75,M.Tech,13,Campus,Yes
E00691,Employee 691,Male,1990-11-21,Pune,Finance,CC400,Finance Manager,G2,Permanent,Hybrid,2026-03-25,,Active,E04148,1.0,Bachelor's,3,LinkedIn,No
E00692,Employee 692,Male,1991-12-12,Hyderabad,Technology,CC100,Data Scientist,G3,Permanent,Hybrid,2019-02-25,,Active,E01247,1.0,Master's,12,Company Website,No
E00693,Employee 693,Male,1994-02-03,Mumbai,Customer Success,CC700,Customer Success Executive,G2,Contract,Onsite,2022-10-17,,Active,,1.0,B.Tech,14,Agency,No
E00694,Employee 694,Male,2002-01-26,Mumbai,Sales,CC200,Sales Analyst,G2,Contract,Hybrid,2023-12-07,,Active,E03482,1.0,Bachelor's,5,Referral,No
E00695,Employee 695,Male,1980-05-31,Bengaluru,Technology,CC100,Data Analyst,G5,Contract,Hybrid,2022-09-22,,Active,,0.75,B.Tech,16,LinkedIn,Yes
E00696,Employee 696,Male,1978-06-14,Chennai,Supply Chain,CC800,Logistics Manager,G1,Permanent,Hybrid,2022-05-28,,Active,E03561,1.0,M.Tech,15,Job Portal,No
E00697,Employee 697,Non-binary,1979-05-09,Hyderabad,Technology,CC100,Data Scientist,G4,Permanent,Remote,2020-11-26,2026-06-13,Exited,E00706,1.0,B.Tech,3,Internal Mobility,No
E00698,Employee 698,Male,1977-07-07,Pune,Supply Chain,CC800,Planner,G4,Permanent,Hybrid,2017-03-09,,Active,,1.0,B.Tech,18,Campus,No
E00699,Employee 699,Female,1991-09-27,Mumbai,Technology,CC100,Data Scientist,G3,Permanent,Hybrid,2022-11-29,2025-12-11,Exited,E02092,1.0,Bachelor's,18,Internal Mobility,Yes
E00700,Employee 700,Male,1997-04-07,Chennai,Finance,CC400,Senior Finance Analyst,G2,Intern,Remote,2020-05-03,,Active,E02712,0.75,B.Tech,2,Agency,No
E00701,Employee 701,Female,1974-10-15,Bengaluru,Marketing,CC600,Digital Marketing Analyst,G4,Permanent,Remote,2019-04-17,,Active,,1.0,Bachelor's,8,Referral,No
E00702,Employee 702,Male,1996-09-15,Hyderabad,Human Resources,CC500,HR Manager,G4,Permanent,Onsite,2017-12-24,,Active,,1.0,Master's,17,LinkedIn,No
E00703,Employee 703,Female,1990-07-24,Hyderabad,Human Resources,CC500,HR Manager,G4,Permanent,Remote,2020-03-31,,Active,,1.0,Bachelor's,1,LinkedIn,No
E00704,Employee 704,Male,1994-10-19,Gurugram,Finance,CC400,Finance Manager,G3,Contract,Onsite,2017-06-14,,Active,E00281,0.75,MBA,18,Job Portal,Yes
E00705,Employee 705,Male,1999-05-31,Mumbai,Operations,CC300,Operations Analyst,G4,Permanent,Remote,2024-02-28,,Active,,1.0,MBA,9,LinkedIn,No
E00706,Employee 706,Female,1986-04-14,Mumbai,Marketing,CC600,Brand Manager,G4,Permanent,Hybrid,2022-10-15,,Active,,1.0,PhD,13,Internal Mobility,No
E00707,Employee 707,Female,1980-07-31,Mumbai,Finance,CC400,Finance Analyst,G5,Permanent,Hybrid,2020-06-10,2025-12-10,Exited,E04577,1.0,M.Tech,3,Job Portal,No
E00708,Employee 708,Female,1976-10-21,Hyderabad,Human Resources,CC500,HR Manager,G4,Permanent,Hybrid,2018-05-12,2023-10-24,Exited,E04085,1.0,MBA,10,Campus,No
E00709,Employee 709,Male,1983-12-25,Gurugram,Operations,CC300,Operations Manager,G5,Permanent,Remote,2023-09-29,,Active,,1.0,Master's,7,LinkedIn,No
E00710,Employee 710,Male,1999-01-02,Pune,Supply Chain,CC800,Logistics Manager,G5,Permanent,Hybrid,2023-09-02,,Active,,1.0,Bachelor's,11,Company Website,No
E00711,Employee 711,Male,1997-09-11,Pune,Supply Chain,CC800,Planner,G3,Permanent,Hybrid,2025-11-09,,Active,E04802,1.0,MBA,1,Internal Mobility,No
E00712,Employee 712,Female,1983-01-06,Pune,Marketing,CC600,Brand Manager,G5,Permanent,Hybrid,2018-09-08,,Active,,1.0,MBA,7,Job Portal,Yes
E00713,Employee 713,Female,1999-12-21,Chennai,Customer Success,CC700,Customer Success Manager,G4,Permanent,Hybrid,2025-02-11,,Active,,1.0,M.Tech,11,Internal Mobility,No
E00714,Employee 714,Male,1980-09-26,Pune,Human Resources,CC500,Talent Acquisition Specialist,G5,Contract,Hybrid,2019-09-21,,Active,,0.75,PhD,3,LinkedIn,No
E00715,Employee 715,Female,1988-06-03,Gurugram,Finance,CC400,Finance Manager,G2,Permanent,Hybrid,2020-04-06,2023-07-18,Exited,E03402,1.0,Bachelor's,13,Company Website,Yes
E00716,Employee 716,Female,1988-12-09,Noida,Supply Chain,CC800,Logistics Manager,G3,Contract,Hybrid,2023-10-31,,Active,,1.0,PhD,17,LinkedIn,No
E00717,Employee 717,Female,1988-10-25,Hyderabad,Customer Success,CC700,Customer Success Executive,G4,Permanent,Remote,2020-03-04,,Active,,1.0,MBA,17,LinkedIn,No
E00718,Employee 718,Male,1985-06-23,Chennai,Human Resources,CC500,HR Business Partner,G3,Permanent,Hybrid,2020-12-20,2023-06-25,Exited,E02220,1.0,PhD,6,Job Portal,No
E00719,Employee 719,Male,1999-03-03,Bengaluru,Finance,CC400,Finance Manager,G2,Permanent,Remote,2021-03-10,,Active,E04556,1.0,Master's,16,Company Website,No
E00720,Employee 720,Male,1986-05-13,Gurugram,Technology,CC100,Senior Software Engineer,G2,Permanent,Hybrid,2024-02-13,,Active,E03335,1.0,Bachelor's,6,Company Website,No
E00721,Employee 721,Male,1980-04-24,Chennai,Sales,CC200,Sales Executive,G2,Permanent,Hybrid,2019-12-23,,Active,E01579,1.0,B.Tech,6,Campus,No
E00722,Employee 722,Female,1986-07-08,Pune,Customer Success,CC700,Support Analyst,G4,Permanent,Remote,2021-01-26,,Active,,1.0,B.Tech,4,Agency,Yes
E00723,Employee 723,Female,1978-09-24,Hyderabad,Operations,CC300,Team Lead,G3,Permanent,Hybrid,2017-01-02,,Active,E03825,1.0,Bachelor's,2,Internal Mobility,No
E00724,Employee 724,Non-binary,1999-05-11,Hyderabad,Finance,CC400,Finance Manager,G5,Permanent,Hybrid,2021-09-12,,Active,,1.0,M.Tech,10,Agency,No
E00725,Employee 725,Male,1988-10-06,Chennai,Finance,CC400,Finance Analyst,G1,Permanent,Onsite,2019-10-28,2023-01-23,Exited,E02175,1.0,Bachelor's,8,Agency,No
E00726,Employee 726,Male,1993-12-15,Pune,Sales,CC200,Key Account Manager,G5,Permanent,Hybrid,2025-05-11,,Active,,1.0,Master's,8,Job Portal,No
E00727,Employee 727,Male,1982-12-05,Chennai,Marketing,CC600,Digital Marketing Analyst,G4,Permanent,Onsite,2025-10-27,,Active,,1.0,Bachelor's,9,Internal Mobility,No
E00728,Employee 728,Male,1975-02-04,Hyderabad,Customer Success,CC700,Customer Success Manager,G3,Permanent,Remote,2017-12-30,,Active,E04370,1.0,B.Tech,17,Company Website,No
E00729,Employee 729,Male,1979-11-02,Gurugram,Finance,CC400,Finance Analyst,G3,Contract,Onsite,2020-08-27,2025-10-23,Exited,E02669,0.75,M.Tech,2,Referral,No
E00730,Employee 730,Male,1984-01-02,Bengaluru,Technology,CC100,Senior Software Engineer,G3,Permanent,Onsite,2018-05-29,,Active,E00550,1.0,M.Tech,18,Agency,Yes
E00731,Employee 731,Female,1980-03-05,Gurugram,Sales,CC200,Key Account Manager,G2,Contract,Hybrid,2023-04-26,,Active,E01174,0.75,Bachelor's,18,Agency,No
E00732,Employee 732,Male,1998-10-08,Noida,Human Resources,CC500,HR Manager,G4,Permanent,Hybrid,2025-11-07,,Active,,1.0,PhD,17,Agency,No
E00733,Employee 733,Female,1980-07-06,Gurugram,Supply Chain,CC800,Supply Chain Analyst,G4,Permanent,Onsite,2023-05-31,,Active,,1.0,M.Tech,16,Company Website,Yes
E00734,Employee 734,Male,1972-11-15,Hyderabad,Customer Success,CC700,Customer Success Executive,G3,Permanent,Hybrid,2017-10-01,,Active,E04006,1.0,B.Tech,7,Job Portal,Yes
E00735,Employee 735,Male,2003-05-28,Pune,Sales,CC200,Regional Sales Manager,G4,Permanent,Hybrid,2025-10-10,,Active,,1.0,PhD,14,Agency,No
E00736,Employee 736,Female,1982-04-09,Bengaluru,Human Resources,CC500,L&D Specialist,G2,Permanent,Hybrid,2025-03-06,2026-07-07,Exited,E01229,1.0,B.Tech,8,Agency,No
E00737,Employee 737,Male,1998-07-08,Mumbai,Customer Success,CC700,Customer Success Executive,G3,Permanent,Hybrid,2023-04-20,,Active,E02282,1.0,MBA,5,Agency,No
E00738,Employee 738,Female,1996-07-24,Noida,Sales,CC200,Sales Executive,G2,Permanent,Hybrid,2025-11-14,,Active,E04750,1.0,M.Tech,15,Referral,Yes
E00739,Employee 739,Male,1991-10-15,Pune,Customer Success,CC700,Customer Success Manager,G5,Permanent,Onsite,2025-01-11,,Active,,1.0,B.Tech,8,Agency,No
E00740,Employee 740,Male,1980-03-23,Bengaluru,Sales,CC200,Sales Analyst,G5,Permanent,Onsite,2024-08-30,,Active,,1.0,Master's,18,Company Website,No
E00741,Employee 741,Female,1984-03-23,Pune,Operations,CC300,Team Lead,G2,Permanent,Remote,2020-07-30,,Active,E02811,1.0,B.Tech,0,Campus,Yes
E00742,Employee 742,Male,1979-06-29,Gurugram,Customer Success,CC700,Customer Success Manager,G5,Permanent,Hybrid,2018-11-22,,Active,,1.0,MBA,16,LinkedIn,No
E00743,Employee 743,Female,1996-04-12,Gurugram,Supply Chain,CC800,Logistics Manager,G4,Permanent,Hybrid,2021-03-14,2022-08-26,Exited,E02837,1.0,Master's,3,Campus,No
E00744,Employee 744,Female,1986-02-05,Mumbai,Finance,CC400,Finance Manager,G1,Permanent,Hybrid,2025-12-27,,Active,E02201,1.0,M.Tech,17,Campus,No
E00745,Employee 745,Male,1986-06-20,Hyderabad,Customer Success,CC700,Customer Success Executive,G2,Permanent,Hybrid,2018-01-13,,Active,E00028,1.0,B.Tech,15,Company Website,Yes
E00746,Employee 746,Male,1988-11-16,Bengaluru,Supply Chain,CC800,Procurement Specialist,G4,Permanent,Remote,2021-08-10,,Active,,1.0,M.Tech,7,Internal Mobility,No
E00747,Employee 747,Female,1985-03-24,Chennai,Technology,CC100,Tech Lead,G4,Permanent,Onsite,2025-10-21,,Active,,1.0,B.Tech,13,Referral,No
E00748,Employee 748,Female,1975-08-02,Bengaluru,Sales,CC200,Key Account Manager,G3,Permanent,Hybrid,2019-04-08,,Active,E03267,1.0,B.Tech,7,Referral,No
E00749,Employee 749,Female,1975-08-29,Hyderabad,Supply Chain,CC800,Supply Chain Analyst,G2,Permanent,Hybrid,2019-09-11,,Active,E01390,1.0,B.Tech,6,LinkedIn,No
E00750,Employee 750,Male,1983-01-24,Gurugram,Technology,CC100,Software Engineer,G4,Contract,Onsite,2019-08-13,,Active,,0.75,Bachelor's,16,Company Website,No
E00751,Employee 751,Female,1995-01-16,Bengaluru,Supply Chain,CC800,Procurement Specialist,G4,Permanent,Remote,2017-05-16,,Active,,1.0,Bachelor's,5,Internal Mobility,No
E00752,Employee 752,Male,1991-01-01,Hyderabad,Technology,CC100,Software Engineer,G3,Permanent,Hybrid,2024-08-28,,Active,E04226,1.0,Bachelor's,12,Internal Mobility,No
E00753,Employee 753,Male,2002-11-20,Bengaluru,Technology,CC100,Data Scientist,G3,Permanent,Remote,2025-01-26,,Active,E04856,1.0,Master's,13,Agency,No
E00754,Employee 754,Male,1989-01-03,Hyderabad,Marketing,CC600,Brand Manager,G2,Permanent,Remote,2021-04-27,,Active,E01247,1.0,PhD,12,LinkedIn,No
E00755,Employee 755,Male,2001-08-17,Noida,Finance,CC400,Senior Finance Analyst,G1,Permanent,Hybrid,2026-08-31,,Active,E01388,1.0,Bachelor's,12,Company Website,No
E00756,Employee 756,Male,1981-02-22,Mumbai,Finance,CC400,Senior Finance Analyst,G5,Permanent,Hybrid,2021-12-15,,Active,,1.0,MBA,14,Internal Mobility,Yes
E00757,Employee 757,Male,1982-07-17,Bengaluru,Technology,CC100,Tech Lead,G2,Permanent,Hybrid,2017-07-03,,Active,E02282,1.0,Bachelor's,15,Company Website,No
E00758,Employee 758,Male,2002-03-10,Bengaluru,Finance,CC400,Finance Manager,G4,Contract,Onsite,2026-02-19,,Active,,0.5,B.Tech,13,Internal Mobility,No
E00759,Employee 759,Male,1984-04-14,Hyderabad,Customer Success,CC700,Support Analyst,G4,Permanent,Hybrid,2024-03-08,,Active,,1.0,Bachelor's,11,Job Portal,No
E00760,Employee 760,Female,1995-01-20,Hyderabad,Supply Chain,CC800,Planner,G4,Contract,Onsite,2025-08-25,,Active,,1.0,M.Tech,17,Referral,Yes
E00761,Employee 761,Female,1999-10-13,Gurugram,Marketing,CC600,Digital Marketing Analyst,G5,Permanent,Onsite,2024-08-10,,Active,,1.0,MBA,1,Company Website,Yes
E00762,Employee 762,Male,1977-07-12,Gurugram,Operations,CC300,Operations Manager,G4,Permanent,Hybrid,2020-12-23,2025-02-10,Exited,E01324,1.0,M.Tech,0,Campus,Yes
E00763,Employee 763,Female,1979-02-08,Gurugram,Marketing,CC600,Marketing Executive,G2,Contract,Onsite,2021-06-25,,Active,E03815,0.5,Master's,18,Job Portal,No
E00764,Employee 764,Female,1976-06-06,Mumbai,Technology,CC100,Software Engineer,G3,Permanent,Hybrid,2019-07-26,,Active,E00710,1.0,PhD,12,Company Website,No
E00765,Employee 765,Female,1980-05-05,Bengaluru,Technology,CC100,Data Analyst,G2,Contract,Remote,2020-05-06,,Active,E03552,1.0,PhD,17,Agency,No
E00766,Employee 766,Female,1998-04-03,Gurugram,Human Resources,CC500,L&D Specialist,G4,Permanent,Remote,2023-09-17,,Active,,1.0,Master's,6,Agency,No
E00767,Employee 767,Male,2003-12-07,Gurugram,Supply Chain,CC800,Logistics Manager,G1,Permanent,Hybrid,2025-12-28,,Active,E04640,1.0,PhD,2,LinkedIn,No
E00768,Employee 768,Male,1996-01-05,Pune,Sales,CC200,Sales Analyst,G2,Permanent,Hybrid,2022-10-16,,Active,E02562,1.0,Bachelor's,0,Job Portal,No
E00769,Employee 769,Female,1974-09-27,Chennai,Technology,CC100,Senior Software Engineer,G3,Contract,Hybrid,2017-11-01,,Active,E04816,1.0,Bachelor's,7,Job Portal,No
E00770,Employee 770,Female,1983-12-10,Bengaluru,Technology,CC100,Engineering Manager,G3,Permanent,Hybrid,2018-04-21,,Active,E02913,1.0,PhD,13,Agency,No
E00771,Employee 771,Female,1992-05-02,Hyderabad,Sales,CC200,Key Account Manager,G2,Permanent,Hybrid,2023-10-31,,Active,E00698,1.0,PhD,0,LinkedIn,No
E00772,Employee 772,Male,1983-11-01,Gurugram,Marketing,CC600,Marketing Executive,G3,Permanent,Remote,2019-01-04,,Active,E02496,1.0,M.Tech,14,Agency,No
E00773,Employee 773,Female,1978-04-18,Bengaluru,Customer Success,CC700,Customer Success Executive,G4,Permanent,Hybrid,2021-06-05,,Active,,1.0,PhD,16,Company Website,No
E00774,Employee 774,Female,1997-01-12,Hyderabad,Finance,CC400,Finance Analyst,G4,Contract,Onsite,2019-09-13,,Active,,0.75,B.Tech,18,LinkedIn,No
E00775,Employee 775,Male,1983-10-30,Hyderabad,Marketing,CC600,Brand Manager,G5,Permanent,Hybrid,2020-01-04,,Active,,1.0,Master's,6,Job Portal,No
E00776,Employee 776,Female,1993-10-23,Noida,Customer Success,CC700,Customer Success Executive,G3,Permanent,Remote,2023-02-18,,Active,E03028,1.0,B.Tech,7,Company Website,No
E00777,Employee 777,Male,1991-10-10,Noida,Human Resources,CC500,L&D Specialist,G5,Permanent,Remote,2022-05-25,,Active,,1.0,M.Tech,13,Job Portal,No
E00778,Employee 778,Female,1988-09-02,Hyderabad,Technology,CC100,Senior Software Engineer,G5,Permanent,Remote,2024-10-16,,Active,,1.0,M.Tech,0,Referral,No
E00779,Employee 779,Male,1982-03-23,Noida,Customer Success,CC700,Customer Success Executive,G1,Contract,Onsite,2021-10-30,,Active,E01146,0.75,B.Tech,1,Internal Mobility,No
E00780,Employee 780,Male,1994-03-19,Pune,Sales,CC200,Sales Executive,G4,Permanent,Onsite,2017-08-24,2022-02-18,Exited,E03209,1.0,PhD,14,Job Portal,No
E00781,Employee 781,Male,1983-11-27,Bengaluru,Marketing,CC600,Marketing Executive,G3,Permanent,Onsite,2017-11-16,,Active,,1.0,B.Tech,0,Agency,Yes
E00782,Employee 782,Female,1995-01-14,Bengaluru,Customer Success,CC700,Support Analyst,G1,Permanent,Hybrid,2023-01-19,,Active,E03728,1.0,Bachelor's,18,Agency,Yes
E00783,Employee 783,Male,1980-08-26,Noida,Technology,CC100,Data Scientist,G1,Permanent,Hybrid,2019-04-06,,Active,E00430,1.0,MBA,18,LinkedIn,No
E00784,Employee 784,Male,1994-04-27,Mumbai,Customer Success,CC700,Customer Success Executive,G4,Permanent,Onsite,2019-12-01,,Active,,1.0,PhD,5,Campus,No
E00785,Employee 785,Female,1976-10-08,Mumbai,Supply Chain,CC800,Logistics Manager,G5,Permanent,Hybrid,2020-04-05,,Active,,1.0,B.Tech,14,Agency,No
E00786,Employee 786,Non-binary,1978-03-05,Hyderabad,Marketing,CC600,Marketing Executive,G3,Permanent,Hybrid,2021-04-02,,Active,E04060,1.0,Bachelor's,11,Agency,Yes
E00787,Employee 787,Male,1999-06-13,Chennai,Technology,CC100,Senior Software Engineer,G3,Permanent,Hybrid,2024-01-16,,Active,E01524,1.0,Bachelor's,0,Campus,No
E00788,Employee 788,Female,1991-09-19,Gurugram,Finance,CC400,Finance Analyst,G1,Contract,Onsite,2022-12-24,,Active,E03956,1.0,B.Tech,5,Referral,Yes
E00789,Employee 789,Male,1994-02-23,Gurugram,Human Resources,CC500,L&D Specialist,G4,Permanent,Onsite,2021-01-08,2026-06-08,Exited,E00314,1.0,MBA,14,Job Portal,No
E00790,Employee 790,Female,1998-04-25,Chennai,Human Resources,CC500,L&D Specialist,G3,Permanent,Hybrid,2019-07-09,,Active,E03655,1.0,Bachelor's,14,Agency,No
E00791,Employee 791,Female,1993-07-02,Bengaluru,Marketing,CC600,Marketing Executive,G2,Contract,Hybrid,2020-11-21,2025-01-22,Exited,E00760,0.5,MBA,18,Campus,No
E00792,Employee 792,Female,1993-08-08,Mumbai,Technology,CC100,Data Analyst,G1,Permanent,Hybrid,2020-12-12,,Active,E04301,1.0,M.Tech,16,Agency,No
E00793,Employee 793,Female,1985-01-15,Pune,Sales,CC200,Account Manager,G2,Permanent,Hybrid,2022-04-12,,Active,E04736,1.0,B.Tech,17,LinkedIn,No
E00794,Employee 794,Male,1992-08-03,Hyderabad,Sales,CC200,Sales Analyst,G2,Permanent,Remote,2026-05-31,,Active,E00676,1.0,MBA,5,LinkedIn,No
E00795,Employee 795,Male,1987-02-16,Bengaluru,Technology,CC100,Tech Lead,G3,Contract,Hybrid,2020-11-19,,Active,E03483,0.75,Master's,2,Internal Mobility,No
E00796,Employee 796,Male,1993-11-09,Pune,Supply Chain,CC800,Logistics Manager,G6,Permanent,Hybrid,2026-04-19,,Active,,1.0,MBA,18,Company Website,Yes
E00797,Employee 797,Male,1986-08-17,Bengaluru,Supply Chain,CC800,Supply Chain Analyst,G3,Permanent,Onsite,2021-10-22,,Active,E00200,1.0,M.Tech,3,Campus,No
E00798,Employee 798,Female,1989-01-31,Chennai,Marketing,CC600,Product Marketing Manager,G1,Permanent,Onsite,2026-05-12,,Active,E00406,1.0,Bachelor's,10,Agency,No
E00799,Employee 799,Male,1995-08-19,Gurugram,Sales,CC200,Regional Sales Manager,G3,Permanent,Hybrid,2025-11-20,,Active,E01790,1.0,B.Tech,18,Company Website,Yes
E00800,Employee 800,Male,1989-09-21,Hyderabad,Human Resources,CC500,HR Executive,G4,Permanent,Onsite,2024-09-08,,Active,,1.0,Bachelor's,16,Agency,No
E00801,Employee 801,Male,1985-12-25,Gurugram,Technology,CC100,Tech Lead,G4,Permanent,Hybrid,2023-12-23,,Active,,1.0,M.Tech,7,Referral,No
E00802,Employee 802,Female,1986-10-09,Pune,Finance,CC400,Finance Analyst,G1,Permanent,Remote,2020-12-10,,Active,E04046,1.0,M.Tech,7,Campus,No
E00803,Employee 803,Female,1982-03-27,Chennai,Operations,CC300,Operations Analyst,G4,Permanent,Hybrid,2024-11-22,,Active,,1.0,Master's,12,Job Portal,No
E00804,Employee 804,Male,1991-07-02,Gurugram,Sales,CC200,Key Account Manager,G5,Permanent,Hybrid,2017-05-31,2018-05-29,Exited,E02634,1.0,B.Tech,10,Campus,No
E00805,Employee 805,Male,1986-05-28,Gurugram,Customer Success,CC700,Customer Success Manager,G3,Intern,Hybrid,2025-07-19,,Active,E01494,0.5,B.Tech,2,Agency,No
E00806,Employee 806,Non-binary,1992-04-08,Bengaluru,Human Resources,CC500,Talent Acquisition Specialist,G4,Permanent,Onsite,2017-05-27,,Active,,1.0,PhD,11,Referral,No
E00807,Employee 807,Male,1995-07-22,Chennai,Sales,CC200,Account Manager,G2,Permanent,Onsite,2026-05-02,,Active,E00343,1.0,MBA,9,Referral,No
E00808,Employee 808,Male,1988-01-26,Bengaluru,Operations,CC300,Operations Analyst,G3,Permanent,Onsite,2022-09-26,,Active,E04004,1.0,Bachelor's,13,Referral,No
E00809,Employee 809,Male,1975-12-01,Noida,Operations,CC300,Operations Analyst,G4,Intern,Hybrid,2017-10-28,,Active,,1.0,Bachelor's,7,Company Website,No
E00810,Employee 810,Female,2001-02-14,Pune,Operations,CC300,Team Lead,G4,Permanent,Hybrid,2022-06-04,,Active,,1.0,Bachelor's,17,Referral,No
E00811,Employee 811,Male,1989-04-03,Pune,Customer Success,CC700,Customer Success Executive,G3,Contract,Hybrid,2023-01-29,,Active,E02101,0.5,PhD,3,Job Portal,No
E00812,Employee 812,Male,1990-02-24,Mumbai,Finance,CC400,Finance Analyst,G2,Permanent,Hybrid,2023-08-21,2026-07-02,Exited,E00459,1.0,PhD,5,LinkedIn,No
E00813,Employee 813,Male,1985-08-06,Noida,Operations,CC300,Operations Manager,G4,Permanent,Hybrid,2019-08-01,,Active,,1.0,B.Tech,6,Internal Mobility,No
E00814,Employee 814,Male,1991-03-30,Hyderabad,Supply Chain,CC800,Planner,G4,Permanent,Onsite,2025-05-08,,Active,,1.0,B.Tech,14,Internal Mobility,No
E00815,Employee 815,Male,1984-10-11,Bengaluru,Finance,CC400,Senior Finance Analyst,G3,Permanent,Hybrid,2017-01-09,,Active,E02293,1.0,B.Tech,6,Internal Mobility,No
E00816,Employee 816,Female,1982-03-28,Hyderabad,Sales,CC200,Account Manager,G2,Permanent,Hybrid,2017-04-15,,Active,E00595,1.0,B.Tech,5,Internal Mobility,No
E00817,Employee 817,Male,1995-06-14,Bengaluru,Operations,CC300,Operations Manager,G4,Contract,Hybrid,2019-09-10,,Active,,1.0,MBA,4,Job Portal,No
E00818,Employee 818,Male,1985-08-07,Pune,Technology,CC100,Data Analyst,G4,Permanent,Hybrid,2019-06-20,2023-11-03,Exited,E02661,1.0,B.Tech,16,Company Website,No
E00819,Employee 819,Male,1986-01-23,Noida,Human Resources,CC500,HR Business Partner,G1,Permanent,Remote,2017-04-16,,Active,E01794,1.0,MBA,2,Internal Mobility,Yes
E00820,Employee 820,Female,1980-04-01,Pune,Technology,CC100,Senior Software Engineer,G3,Permanent,Hybrid,2022-05-16,,Active,E01106,1.0,Master's,1,Internal Mobility,No
E00821,Employee 821,Male,1986-10-16,Chennai,Operations,CC300,Team Lead,G5,Permanent,Hybrid,2017-02-22,2020-11-03,Exited,E02211,1.0,Master's,3,Job Portal,No
E00822,Employee 822,Female,1990-01-05,Gurugram,Sales,CC200,Regional Sales Manager,G4,Permanent,Remote,2022-10-08,2026-07-30,Exited,E02399,1.0,PhD,13,Job Portal,Yes
E00823,Employee 823,Male,1996-09-04,Pune,Technology,CC100,Tech Lead,G1,Permanent,Hybrid,2022-11-26,,Active,E04467,1.0,B.Tech,9,Referral,Yes
E00824,Employee 824,Female,1983-11-29,Bengaluru,Supply Chain,CC800,Procurement Specialist,G2,Intern,Hybrid,2022-12-28,,Active,E00589,1.0,PhD,6,Agency,No
E00825,Employee 825,Female,2003-03-24,Mumbai,Finance,CC400,Finance Manager,G1,Permanent,Hybrid,2026-01-29,,Active,E00957,1.0,Bachelor's,18,Agency,No
E00826,Employee 826,Male,1979-11-10,Chennai,Technology,CC100,Software Engineer,G3,Permanent,Hybrid,2022-12-31,,Active,E00368,1.0,PhD,0,Campus,No
E00827,Employee 827,Female,1995-03-03,Chennai,Operations,CC300,Team Lead,G2,Permanent,Hybrid,2025-08-24,,Active,E04753,1.0,MBA,13,LinkedIn,Yes
E00828,Employee 828,Male,2001-02-05,Chennai,Customer Success,CC700,Support Analyst,G2,Permanent,Hybrid,2022-03-14,,Active,E04560,1.0,M.Tech,12,Agency,No
E00829,Employee 829,Female,1991-10-11,Hyderabad,Marketing,CC600,Digital Marketing Analyst,G2,Permanent,Remote,2022-06-15,,Active,E01806,1.0,M.Tech,11,Internal Mobility,Yes
E00830,Employee 830,Male,1999-02-17,Bengaluru,Marketing,CC600,Product Marketing Manager,G5,Permanent,Hybrid,2024-02-08,,Active,,1.0,B.Tech,5,Agency,No
E00831,Employee 831,Female,1995-01-08,Bengaluru,Technology,CC100,Senior Software Engineer,G3,Contract,Hybrid,2026-01-21,,Active,E01964,0.5,M.Tech,11,Job Portal,No
E00832,Employee 832,Male,1999-05-11,Bengaluru,Operations,CC300,Operations Manager,G2,Permanent,Onsite,2025-05-08,2026-03-10,Exited,E04968,1.0,PhD,3,Job Portal,No
E00833,Employee 833,Female,1995-07-12,Gurugram,Customer Success,CC700,Support Analyst,G5,Permanent,Hybrid,2018-11-03,,Active,,1.0,PhD,3,Agency,No
E00834,Employee 834,Male,1990-11-22,Mumbai,Operations,CC300,Operations Executive,G2,Permanent,Onsite,2024-05-02,,Active,E04195,1.0,M.Tech,17,LinkedIn,No
E00835,Employee 835,Male,1980-10-16,Noida,Supply Chain,CC800,Planner,G5,Permanent,Onsite,2022-03-28,,Active,,1.0,MBA,12,Internal Mobility,No
E00836,Employee 836,Female,1992-07-18,Bengaluru,Sales,CC200,Key Account Manager,G3,Permanent,Hybrid,2022-04-01,,Active,,1.0,B.Tech,4,LinkedIn,No
E00837,Employee 837,Male,1993-02-17,Bengaluru,Human Resources,CC500,HR Executive,G3,Permanent,Onsite,2023-10-20,,Active,E00585,1.0,B.Tech,5,Agency,No
E00838,Employee 838,Male,1993-06-27,Gurugram,Customer Success,CC700,Support Analyst,G6,Permanent,Remote,2018-01-11,,Active,,1.0,Master's,6,Company Website,Yes
E00839,Employee 839,Female,1977-05-13,Bengaluru,Customer Success,CC700,Support Analyst,G5,Intern,Remote,2017-06-29,2018-04-01,Exited,E02210,0.75,MBA,8,Agency,No
E00840,Employee 840,Male,1980-04-28,Hyderabad,Operations,CC300,Operations Analyst,G4,Permanent,Remote,2018-07-04,,Active,,1.0,Bachelor's,2,Company Website,No
E00841,Employee 841,Female,2002-04-21,Hyderabad,Human Resources,CC500,HR Business Partner,G2,Permanent,Hybrid,2023-12-09,,Active,E00381,1.0,Master's,13,Referral,No
E00842,Employee 842,Male,1998-06-19,Hyderabad,Supply Chain,CC800,Logistics Manager,G3,Permanent,Hybrid,2026-03-12,,Active,E03339,1.0,PhD,1,Internal Mobility,No
E00843,Employee 843,Male,1995-05-25,Hyderabad,Technology,CC100,Data Scientist,G3,Intern,Hybrid,2024-03-04,,Active,E01390,0.5,B.Tech,0,LinkedIn,No
E00844,Employee 844,Female,1981-12-12,Hyderabad,Marketing,CC600,Marketing Executive,G4,Permanent,Onsite,2023-02-17,,Active,,1.0,B.Tech,12,Agency,No
E00845,Employee 845,Male,1999-05-06,Bengaluru,Customer Success,CC700,Customer Success Manager,G4,Permanent,Hybrid,2021-11-05,,Active,,1.0,Bachelor's,5,Internal Mobility,Yes
E00846,Employee 846,Male,1990-11-26,Hyderabad,Finance,CC400,Finance Analyst,G4,Permanent,Hybrid,2020-03-29,,Active,,1.0,Bachelor's,15,LinkedIn,No
E00847,Employee 847,Male,1987-07-16,Hyderabad,Sales,CC200,Key Account Manager,G5,Permanent,Hybrid,2025-07-11,,Active,,1.0,Master's,9,Internal Mobility,No
E00848,Employee 848,Female,1997-04-06,Pune,Technology,CC100,Senior Software Engineer,G3,Permanent,Remote,2025-11-17,,Active,E04370,1.0,M.Tech,10,Company Website,No
E00849,Employee 849,Male,2002-04-10,Hyderabad,Customer Success,CC700,Customer Success Executive,G5,Permanent,Remote,2026-02-12,,Active,,1.0,B.Tech,15,Job Portal,No
E00850,Employee 850,Female,1992-04-16,Noida,Technology,CC100,Data Scientist,G3,Contract,Remote,2017-03-29,2022-05-11,Exited,E04420,1.0,PhD,18,Company Website,No
E00851,Employee 851,Female,1983-11-16,Hyderabad,Supply Chain,CC800,Logistics Manager,G3,Permanent,Onsite,2022-02-17,2024-12-01,Exited,E01586,1.0,M.Tech,15,Campus,No
E00852,Employee 852,Female,1986-02-02,Noida,Finance,CC400,Finance Manager,G4,Permanent,Remote,2025-11-15,,Active,,1.0,MBA,13,Internal Mobility,No
E00853,Employee 853,Female,1987-11-04,Bengaluru,Finance,CC400,Finance Manager,G4,Permanent,Hybrid,2025-04-13,,Active,,1.0,PhD,0,Job Portal,No
E00854,Employee 854,Male,1978-05-28,Noida,Sales,CC200,Sales Executive,G3,Permanent,Onsite,2022-04-05,,Active,E00990,1.0,PhD,7,Job Portal,No
E00855,Employee 855,Female,1993-02-21,Hyderabad,Finance,CC400,Senior Finance Analyst,G3,Permanent,Hybrid,2023-04-12,2024-06-04,Exited,E02111,1.0,MBA,11,Agency,No
E00856,Employee 856,Female,1990-03-23,Chennai,Human Resources,CC500,HR Manager,G2,Permanent,Hybrid,2017-09-12,2026-04-29,Exited,E03887,1.0,M.Tech,14,Referral,No
E00857,Employee 857,Female,1974-09-22,Pune,Supply Chain,CC800,Logistics Manager,G1,Permanent,Onsite,2017-05-30,,Active,E01304,1.0,Bachelor's,3,Company Website,Yes
E00858,Employee 858,Female,1998-08-23,Hyderabad,Operations,CC300,Operations Manager,G4,Permanent,Remote,2021-08-08,,Active,,1.0,Bachelor's,4,LinkedIn,No
E00859,Employee 859,Male,1988-01-11,Noida,Marketing,CC600,Digital Marketing Analyst,G3,Intern,Remote,2019-02-06,,Active,E03159,0.5,PhD,0,Job Portal,No
E00860,Employee 860,Male,1984-12-08,Noida,Marketing,CC600,Brand Manager,G1,Permanent,Hybrid,2024-09-09,2025-12-18,Exited,E01497,1.0,MBA,11,LinkedIn,No
E00861,Employee 861,Male,1987-07-27,Bengaluru,Operations,CC300,Operations Manager,G2,Permanent,Hybrid,2026-05-27,,Active,E00596,1.0,Bachelor's,10,Referral,No
E00862,Employee 862,Female,1973-02-17,Noida,Operations,CC300,Operations Executive,G3,Permanent,Onsite,2017-01-03,,Active,E00580,1.0,PhD,10,Campus,No
E00863,Employee 863,Female,1994-07-28,Gurugram,Technology,CC100,Software Engineer,G3,Permanent,Hybrid,2018-08-25,,Active,E00525,1.0,Master's,15,Agency,No
E00864,Employee 864,Male,1982-10-09,Pune,Supply Chain,CC800,Planner,G3,Permanent,Hybrid,2024-03-30,,Active,E00505,1.0,Bachelor's,4,Job Portal,No
E00865,Employee 865,Male,1998-12-01,Chennai,Finance,CC400,Senior Finance Analyst,G3,Permanent,Hybrid,2019-12-01,2022-09-07,Exited,E03288,1.0,B.Tech,14,LinkedIn,Yes
E00866,Employee 866,Male,1999-11-05,Gurugram,Finance,CC400,Finance Analyst,G1,Permanent,Hybrid,2025-06-20,,Active,E02632,1.0,Bachelor's,1,Campus,No
E00867,Employee 867,Male,1982-09-09,Hyderabad,Finance,CC400,Finance Analyst,G3,Permanent,Remote,2022-06-06,,Active,E00616,1.0,Master's,8,Job Portal,No
E00868,Employee 868,Female,1988-07-16,Bengaluru,Sales,CC200,Regional Sales Manager,G3,Permanent,Hybrid,2024-08-16,,Active,E01499,1.0,B.Tech,5,Campus,No
E00869,Employee 869,Female,1990-11-30,Mumbai,Technology,CC100,Data Scientist,G6,Permanent,Hybrid,2017-04-21,2018-10-19,Exited,,1.0,Master's,5,Company Website,No
E00870,Employee 870,Female,1996-07-05,Mumbai,Supply Chain,CC800,Logistics Manager,G1,Permanent,Onsite,2025-08-10,,Active,E03868,1.0,M.Tech,9,Campus,No
E00871,Employee 871,Male,1990-02-01,Mumbai,Supply Chain,CC800,Planner,G5,Permanent,Onsite,2023-05-21,,Active,,1.0,MBA,10,Agency,No
E00872,Employee 872,Female,1996-11-11,Noida,Customer Success,CC700,Support Analyst,G5,Permanent,Hybrid,2018-01-20,,Active,,1.0,Bachelor's,13,Job Portal,No
E00873,Employee 873,Female,1997-03-01,Hyderabad,Human Resources,CC500,HR Business Partner,G3,Permanent,Hybrid,2025-08-07,,Active,E00358,1.0,B.Tech,14,Referral,No
E00874,Employee 874,Female,1992-08-03,Pune,Sales,CC200,Key Account Manager,G3,Permanent,Hybrid,2018-08-31,2023-03-16,Exited,E03673,1.0,B.Tech,15,Job Portal,Yes
E00875,Employee 875,Female,1981-11-24,Noida,Marketing,CC600,Digital Marketing Analyst,G2,Permanent,Onsite,2020-06-24,,Active,,1.0,M.Tech,14,Campus,Yes
E00876,Employee 876,Male,1996-12-19,Hyderabad,Sales,CC200,Account Manager,G4,Permanent,Onsite,2024-03-22,,Active,,1.0,MBA,4,Company Website,No
E00877,Employee 877,Male,1989-08-11,Pune,Supply Chain,CC800,Planner,G2,Permanent,Hybrid,2019-09-04,,Active,E00180,1.0,Master's,7,Job Portal,No
E00878,Employee 878,Female,1982-10-28,Hyderabad,Human Resources,CC500,HR Manager,G2,Contract,Hybrid,2021-08-25,,Active,E03193,1.0,Bachelor's,12,Job Portal,No
E00879,Employee 879,Female,1986-09-23,Bengaluru,Operations,CC300,Team Lead,G3,Permanent,Hybrid,2024-05-13,,Active,,1.0,PhD,10,LinkedIn,No
E00880,Employee 880,Female,1977-01-20,Pune,Operations,CC300,Operations Analyst,G2,Contract,Hybrid,2019-02-12,,Active,E02964,1.0,Master's,0,Campus,Yes
E00881,Employee 881,Male,2002-05-11,Bengaluru,Human Resources,CC500,HR Manager,G1,Permanent,Onsite,2024-01-03,,Active,E00607,1.0,Bachelor's,3,Internal Mobility,No
E00882,Employee 882,Male,1994-06-17,Gurugram,Customer Success,CC700,Support Analyst,G5,Permanent,Hybrid,2020-04-11,,Active,,1.0,B.Tech,14,Internal Mobility,No
E00883,Employee 883,Male,1981-05-16,Hyderabad,Sales,CC200,Sales Executive,G4,Permanent,Onsite,2025-10-11,,Active,,1.0,MBA,5,Agency,No
E00884,Employee 884,Female,1994-06-15,Pune,Sales,CC200,Sales Analyst,G3,Permanent,Onsite,2017-06-10,,Active,E00766,1.0,PhD,12,Campus,No
E00885,Employee 885,Female,1991-09-02,Gurugram,Technology,CC100,Data Scientist,G1,Permanent,Remote,2022-03-06,,Active,E04519,1.0,Bachelor's,13,Company Website,No
E00886,Employee 886,Female,1999-08-05,Bengaluru,Marketing,CC600,Product Marketing Manager,G1,Permanent,Onsite,2025-05-16,,Active,E02405,1.0,M.Tech,5,Internal Mobility,No
E00887,Employee 887,Female,1991-04-09,Bengaluru,Human Resources,CC500,HR Manager,G2,Contract,Hybrid,2025-04-22,,Active,E02406,0.75,Master's,5,Campus,No
E00888,Employee 888,Male,1982-07-25,Bengaluru,Marketing,CC600,Marketing Executive,G2,Permanent,Hybrid,2025-11-28,,Active,E04750,1.0,B.Tech,4,Company Website,Yes
E00889,Employee 889,Male,1991-07-12,Pune,Marketing,CC600,Digital Marketing Analyst,G4,Permanent,Onsite,2019-03-17,2022-08-31,Exited,E01948,1.0,M.Tech,13,Company Website,Yes
E00890,Employee 890,Female,1983-01-29,Noida,Human Resources,CC500,Talent Acquisition Specialist,G3,Permanent,Remote,2022-01-11,,Active,E03585,1.0,Bachelor's,15,Company Website,No
E00891,Employee 891,Male,1981-04-19,Pune,Technology,CC100,Tech Lead,G4,Permanent,Hybrid,2020-05-01,,Active,,1.0,MBA,1,Internal Mobility,No
E00892,Employee 892,Male,1992-08-28,Hyderabad,Marketing,CC600,Marketing Executive,G1,Permanent,Remote,2022-07-22,,Active,,1.0,Master's,13,LinkedIn,No
E00893,Employee 893,Male,2000-12-26,Bengaluru,Technology,CC100,Software Engineer,G2,Permanent,Onsite,2026-02-07,,Active,E03815,1.0,B.Tech,11,Internal Mobility,No
E00894,Employee 894,Female,1982-08-31,Gurugram,Finance,CC400,Finance Manager,G1,Permanent,Remote,2025-05-03,,Active,E01739,1.0,B.Tech,15,Agency,No
E00895,Employee 895,Male,1980-09-23,Gurugram,Technology,CC100,Engineering Manager,G3,Permanent,Onsite,2020-06-17,,Active,E03744,1.0,B.Tech,0,Referral,Yes
E00896,Employee 896,Female,1985-02-18,Mumbai,Sales,CC200,Sales Analyst,G1,Permanent,Hybrid,2026-02-27,,Active,E04533,1.0,M.Tech,10,LinkedIn,No
E00897,Employee 897,Male,1999-11-22,Gurugram,Human Resources,CC500,Talent Acquisition Specialist,G3,Contract,Onsite,2024-03-03,,Active,E02348,1.0,M.Tech,4,Campus,Yes
E00898,Employee 898,Male,1998-11-28,Mumbai,Customer Success,CC700,Support Analyst,G4,Permanent,Hybrid,2024-05-26,,Active,,1.0,PhD,11,Job Portal,No
E00899,Employee 899,Male,1997-08-01,Gurugram,Operations,CC300,Operations Manager,G5,Permanent,Hybrid,2021-02-01,2025-04-18,Exited,,1.0,M.Tech,8,Campus,No
E00900,Employee 900,Female,1997-03-25,Chennai,Customer Success,CC700,Customer Success Executive,G3,Permanent,Hybrid,2019-02-27,,Active,,1.0,PhD,0,Internal Mobility,No
E00901,Employee 901,Female,1981-06-23,Pune,Supply Chain,CC800,Procurement Specialist,G1,Permanent,Onsite,2017-10-14,2026-02-18,Exited,E00656,1.0,B.Tech,17,Referral,No
E00902,Employee 902,Male,1984-06-16,Hyderabad,Finance,CC400,Senior Finance Analyst,G1,Contract,Hybrid,2017-07-26,,Active,E03989,1.0,M.Tech,4,Campus,Yes
E00903,Employee 903,Female,1988-03-27,Bengaluru,Customer Success,CC700,Customer Success Executive,G4,Permanent,Hybrid,2023-05-13,2024-10-26,Exited,E03557,1.0,Master's,9,Agency,No
E00904,Employee 904,Female,1986-08-01,Mumbai,Human Resources,CC500,Talent Acquisition Specialist,G4,Permanent,Hybrid,2021-09-25,,Active,,1.0,Bachelor's,1,Referral,No
E00905,Employee 905,Male,1980-05-06,Hyderabad,Technology,CC100,Tech Lead,G5,Permanent,Hybrid,2019-10-10,,Active,,1.0,M.Tech,6,Agency,No
E00906,Employee 906,Female,2002-03-09,Bengaluru,Operations,CC300,Team Lead,G3,Contract,Onsite,2024-10-18,,Active,E03930,1.0,Master's,9,Company Website,No
E00907,Employee 907,Female,1978-12-14,Hyderabad,Sales,CC200,Sales Analyst,G4,Permanent,Onsite,2020-08-01,,Active,,1.0,M.Tech,10,Agency,Yes
E00908,Employee 908,Male,1995-03-25,Bengaluru,Technology,CC100,Tech Lead,G3,Permanent,Hybrid,2019-01-28,2019-09-22,Exited,E00178,1.0,Master's,16,Job Portal,No
E00909,Employee 909,Female,1980-01-14,Bengaluru,Sales,CC200,Account Manager,G4,Contract,Hybrid,2024-04-30,,Active,,0.75,MBA,4,Campus,No
E00910,Employee 910,Male,1979-03-29,Bengaluru,Human Resources,CC500,HR Executive,G4,Permanent,Remote,2019-07-12,,Active,,1.0,M.Tech,6,Job Portal,No
E00911,Employee 911,Male,1985-04-29,Hyderabad,Sales,CC200,Key Account Manager,G4,Contract,Hybrid,2023-11-30,,Active,,0.5,MBA,4,Company Website,No
E00912,Employee 912,Female,1984-04-21,Pune,Finance,CC400,Finance Manager,G4,Permanent,Hybrid,2018-02-04,,Active,,1.0,Bachelor's,11,Company Website,No
E00913,Employee 913,Female,1992-11-03,Noida,Operations,CC300,Operations Executive,G3,Permanent,Onsite,2019-04-15,,Active,E03437,1.0,MBA,18,Campus,No
E00914,Employee 914,Female,1985-09-06,Bengaluru,Sales,CC200,Sales Analyst,G3,Permanent,Hybrid,2022-01-26,,Active,E01589,1.0,Master's,18,Agency,Yes
E00915,Employee 915,Female,1981-11-27,Chennai,Human Resources,CC500,Talent Acquisition Specialist,G3,Intern,Onsite,2018-07-06,,Active,E04189,1.0,MBA,7,Referral,No
E00916,Employee 916,Female,1980-04-22,Pune,Technology,CC100,Engineering Manager,G1,Permanent,Hybrid,2024-03-12,,Active,E04966,1.0,B.Tech,13,Agency,No
E00917,Employee 917,Male,1989-04-18,Bengaluru,Operations,CC300,Team Lead,G4,Permanent,Remote,2021-07-06,,Active,,1.0,Bachelor's,2,Company Website,No
E00918,Employee 918,Male,1986-05-25,Bengaluru,Finance,CC400,Senior Finance Analyst,G3,Permanent,Hybrid,2017-07-20,2021-11-19,Exited,E01608,1.0,M.Tech,15,Internal Mobility,Yes
E00919,Employee 919,Male,1993-12-11,Hyderabad,Operations,CC300,Operations Executive,G3,Permanent,Remote,2022-07-18,,Active,E02071,1.0,B.Tech,11,Referral,No
E00920,Employee 920,Male,1979-05-24,Gurugram,Operations,CC300,Operations Analyst,G2,Permanent,Hybrid,2020-02-07,,Active,E04477,1.0,PhD,13,Job Portal,No
E00921,Employee 921,Female,1986-09-05,Bengaluru,Supply Chain,CC800,Planner,G3,Permanent,Hybrid,2023-12-03,,Active,E00146,1.0,Bachelor's,3,Campus,No
E00922,Employee 922,Female,1988-05-29,Chennai,Marketing,CC600,Marketing Executive,G5,Permanent,Hybrid,2020-02-05,,Active,,1.0,PhD,17,Company Website,No
E00923,Employee 923,Female,1988-03-13,Hyderabad,Sales,CC200,Key Account Manager,G2,Permanent,Hybrid,2019-11-27,,Active,,1.0,PhD,9,Company Website,Yes
E00924,Employee 924,Male,1995-02-12,Noida,Marketing,CC600,Digital Marketing Analyst,G4,Permanent,Onsite,2025-10-10,,Active,,1.0,Master's,6,Job Portal,No
E00925,Employee 925,Female,2002-02-11,Bengaluru,Customer Success,CC700,Customer Success Manager,G4,Permanent,Onsite,2025-06-10,,Active,,1.0,Master's,6,Referral,No
E00926,Employee 926,Male,1990-12-12,Noida,Supply Chain,CC800,Logistics Manager,G2,Permanent,Onsite,2019-01-13,,Active,E03485,1.0,MBA,12,Campus,No
E00927,Employee 927,Male,1983-12-31,Hyderabad,Human Resources,CC500,HR Executive,G2,Permanent,Onsite,2020-06-26,,Active,E04732,1.0,PhD,14,LinkedIn,No
E00928,Employee 928,Female,1978-01-28,Gurugram,Operations,CC300,Operations Analyst,G3,Permanent,Onsite,2022-08-25,,Active,E00268,1.0,M.Tech,12,Campus,No
E00929,Employee 929,Female,1983-01-07,Pune,Human Resources,CC500,HR Business Partner,G2,Permanent,Onsite,2026-05-22,,Active,E01157,1.0,PhD,12,LinkedIn,No
E00930,Employee 930,Female,1997-03-24,Noida,Customer Success,CC700,Support Analyst,G1,Contract,Remote,2019-07-23,,Active,E00871,0.75,Master's,3,Job Portal,No
E00931,Employee 931,Male,1994-01-12,Chennai,Operations,CC300,Operations Executive,G3,Permanent,Hybrid,2025-02-14,,Active,E03546,1.0,Bachelor's,10,Job Portal,No
E00932,Employee 932,Female,1980-03-31,Bengaluru,Sales,CC200,Sales Executive,G6,Permanent,Onsite,2023-12-31,,Active,,1.0,Bachelor's,0,LinkedIn,No
E00933,Employee 933,Male,1986-11-13,Bengaluru,Finance,CC400,Finance Analyst,G5,Permanent,Onsite,2018-05-15,,Active,,1.0,Master's,18,Referral,No
E00934,Employee 934,Male,1988-11-13,Pune,Finance,CC400,Senior Finance Analyst,G1,Permanent,Hybrid,2018-12-14,,Active,E04732,1.0,Master's,14,Campus,No
E00935,Employee 935,Female,1983-03-29,Mumbai,Operations,CC300,Team Lead,G2,Permanent,Remote,2018-01-21,,Active,E04856,1.0,B.Tech,16,Company Website,No
E00936,Employee 936,Female,1990-06-11,Hyderabad,Supply Chain,CC800,Logistics Manager,G3,Permanent,Onsite,2023-04-30,,Active,E03692,1.0,MBA,11,Referral,No
E00937,Employee 937,Male,1989-07-11,Chennai,Supply Chain,CC800,Planner,G4,Contract,Hybrid,2025-06-06,,Active,,1.0,Bachelor's,12,Campus,No
E00938,Employee 938,Female,1987-09-02,Chennai,Technology,CC100,Engineering Manager,G3,Permanent,Onsite,2023-10-08,,Active,E02931,1.0,B.Tech,18,Company Website,Yes
E00939,Employee 939,Male,1995-06-18,Noida,Customer Success,CC700,Customer Success Manager,G3,Permanent,Onsite,2022-08-16,,Active,E00689,1.0,PhD,4,Internal Mobility,No
E00940,Employee 940,Male,1980-12-10,Mumbai,Sales,CC200,Sales Analyst,G3,Permanent,Hybrid,2025-05-12,,Active,E04357,1.0,PhD,18,Campus,Yes
E00941,Employee 941,Female,1984-01-29,Hyderabad,Finance,CC400,Finance Manager,G1,Permanent,Hybrid,2019-11-21,,Active,E03746,1.0,Master's,12,Referral,No
E00942,Employee 942,Female,1986-08-24,Hyderabad,Customer Success,CC700,Customer Success Executive,G2,Permanent,Hybrid,2017-12-19,,Active,,1.0,M.Tech,12,Company Website,Yes
E00943,Employee 943,Male,1998-11-25,Pune,Human Resources,CC500,L&D Specialist,G5,Permanent,Hybrid,2025-09-29,,Active,,1.0,MBA,15,Internal Mobility,No
E00944,Employee 944,Female,1998-01-14,Chennai,Customer Success,CC700,Support Analyst,G3,Permanent,Hybrid,2024-09-09,,Active,E02418,1.0,Master's,6,Agency,No
E00945,Employee 945,Female,1997-11-01,Hyderabad,Customer Success,CC700,Support Analyst,G2,Permanent,Onsite,2023-03-10,,Active,E02832,1.0,M.Tech,3,Internal Mobility,No
E00946,Employee 946,Non-binary,2003-05-17,Hyderabad,Customer Success,CC700,Customer Success Manager,G5,Permanent,Hybrid,2026-05-13,,Active,,1.0,PhD,4,Campus,No
E00947,Employee 947,Female,1987-02-14,Hyderabad,Customer Success,CC700,Support Analyst,G2,Permanent,Remote,2024-10-06,,Active,E02436,1.0,Bachelor's,8,Agency,No
E00948,Employee 948,Male,1979-05-04,Mumbai,Operations,CC300,Operations Executive,G3,Permanent,Hybrid,2021-01-20,,Active,E00479,1.0,MBA,15,LinkedIn,No
E00949,Employee 949,Female,1986-08-03,Pune,Human Resources,CC500,HR Business Partner,G5,Permanent,Onsite,2020-09-05,,Active,,1.0,Bachelor's,11,LinkedIn,No
E00950,Employee 950,Male,1983-06-28,Pune,Supply Chain,CC800,Supply Chain Analyst,G2,Permanent,Onsite,2018-06-11,,Active,E03301,1.0,M.Tech,5,Job Portal,No
E00951,Employee 951,Male,1980-08-15,Bengaluru,Operations,CC300,Operations Executive,G3,Contract,Remote,2017-09-19,,Active,E04959,0.5,Master's,16,Referral,Yes
E00952,Employee 952,Female,1980-02-27,Hyderabad,Human Resources,CC500,L&D Specialist,G4,Permanent,Hybrid,2017-11-22,,Active,,1.0,M.Tech,6,Referral,No
E00953,Employee 953,Male,1995-07-27,Noida,Supply Chain,CC800,Procurement Specialist,G2,Permanent,Remote,2024-10-15,,Active,E04714,1.0,Bachelor's,13,Agency,No
E00954,Employee 954,Non-binary,1987-12-01,Mumbai,Supply Chain,CC800,Procurement Specialist,G2,Contract,Onsite,2020-07-14,,Active,E03172,0.75,B.Tech,8,Internal Mobility,No
E00955,Employee 955,Male,1979-09-28,Bengaluru,Marketing,CC600,Marketing Executive,G3,Permanent,Hybrid,2019-04-27,,Active,E04085,1.0,B.Tech,2,Job Portal,No
E00956,Employee 956,Female,1984-05-23,Bengaluru,Customer Success,CC700,Support Analyst,G4,Permanent,Onsite,2024-07-12,,Active,,1.0,Master's,4,Company Website,No
E00957,Employee 957,Male,1978-12-10,Chennai,Supply Chain,CC800,Supply Chain Analyst,G4,Contract,Hybrid,2020-03-13,,Active,,0.5,Master's,14,Internal Mobility,Yes
E00958,Employee 958,Female,1982-06-07,Pune,Sales,CC200,Sales Analyst,G4,Permanent,Remote,2025-05-13,,Active,,1.0,M.Tech,10,LinkedIn,No
E00959,Employee 959,Female,1999-12-18,Pune,Marketing,CC600,Digital Marketing Analyst,G2,Permanent,Hybrid,2025-04-29,,Active,E02109,1.0,Master's,1,Referral,No
E00960,Employee 960,Male,1978-11-25,Mumbai,Human Resources,CC500,HR Manager,G5,Intern,Hybrid,2019-03-13,,Active,,1.0,Bachelor's,17,Agency,No
E00961,Employee 961,Female,1993-01-23,Noida,Customer Success,CC700,Support Analyst,G3,Permanent,Hybrid,2026-03-25,,Active,E04834,1.0,M.Tech,0,Agency,Yes
E00962,Employee 962,Male,1992-09-06,Pune,Customer Success,CC700,Support Analyst,G2,Permanent,Hybrid,2023-06-26,,Active,,1.0,Master's,1,LinkedIn,No
E00963,Employee 963,Male,1993-03-17,Hyderabad,Customer Success,CC700,Customer Success Manager,G3,Contract,Hybrid,2020-01-16,,Active,E04829,0.5,Bachelor's,4,Agency,No
E00964,Employee 964,Female,1980-05-02,Hyderabad,Customer Success,CC700,Customer Success Manager,G2,Permanent,Hybrid,2020-11-20,,Active,E02210,1.0,MBA,17,LinkedIn,No
E00965,Employee 965,Female,1982-07-30,Chennai,Supply Chain,CC800,Supply Chain Analyst,G4,Intern,Hybrid,2022-06-13,2025-12-26,Exited,E04467,0.75,Bachelor's,7,LinkedIn,No
E00966,Employee 966,Male,1996-10-03,Mumbai,Technology,CC100,Senior Software Engineer,G4,Permanent,Hybrid,2025-01-28,,Active,,1.0,MBA,9,Company Website,No
E00967,Employee 967,Female,1987-12-01,Hyderabad,Technology,CC100,Data Scientist,G1,Permanent,Hybrid,2018-04-20,,Active,,1.0,Bachelor's,15,LinkedIn,No
E00968,Employee 968,Female,1986-01-10,Hyderabad,Supply Chain,CC800,Logistics Manager,G5,Permanent,Hybrid,2021-09-02,,Active,,1.0,B.Tech,8,LinkedIn,No
E00969,Employee 969,Male,1990-01-19,Bengaluru,Human Resources,CC500,HR Manager,G2,Permanent,Hybrid,2022-12-31,,Active,E04175,1.0,Bachelor's,15,Internal Mobility,No
E00970,Employee 970,Female,1989-04-13,Bengaluru,Sales,CC200,Account Manager,G4,Permanent,Hybrid,2018-12-08,,Active,,1.0,Bachelor's,9,Job Portal,No
E00971,Employee 971,Male,1995-11-07,Chennai,Customer Success,CC700,Customer Success Executive,G1,Permanent,Hybrid,2018-04-26,,Active,E02698,1.0,Bachelor's,18,Agency,No
E00972,Employee 972,Male,1982-03-10,Noida,Marketing,CC600,Product Marketing Manager,G2,Permanent,Hybrid,2020-10-13,,Active,E01227,1.0,M.Tech,12,Referral,Yes
E00973,Employee 973,Male,1997-07-15,Hyderabad,Operations,CC300,Operations Analyst,G4,Permanent,Hybrid,2023-12-25,,Active,,1.0,M.Tech,17,Campus,No
E00974,Employee 974,Female,1987-08-29,Noida,Finance,CC400,Finance Manager,G6,Permanent,Hybrid,2023-04-25,,Active,,1.0,PhD,17,Internal Mobility,No
E00975,Employee 975,Male,1998-03-13,Mumbai,Operations,CC300,Operations Analyst,G3,Contract,Hybrid,2019-06-10,,Active,,0.5,PhD,10,Company Website,No
E00976,Employee 976,Female,1988-02-19,Hyderabad,Sales,CC200,Account Manager,G3,Permanent,Hybrid,2019-10-05,,Active,E02282,1.0,M.Tech,1,Agency,Yes
E00977,Employee 977,Female,1988-12-19,Mumbai,Finance,CC400,Finance Analyst,G3,Permanent,Hybrid,2018-08-14,,Active,E03550,1.0,MBA,8,Company Website,No
E00978,Employee 978,Female,1983-11-18,Bengaluru,Customer Success,CC700,Customer Success Manager,G4,Permanent,Hybrid,2022-02-13,2022-08-29,Exited,E01141,1.0,B.Tech,13,Campus,Yes
E00979,Employee 979,Male,1975-05-31,Mumbai,Finance,CC400,Senior Finance Analyst,G3,Contract,Hybrid,2020-05-29,,Active,E04689,0.5,Bachelor's,16,Referral,No
E00980,Employee 980,Female,2000-04-09,Hyderabad,Finance,CC400,Finance Manager,G4,Permanent,Hybrid,2026-08-22,,Active,,1.0,PhD,16,Referral,Yes
E00981,Employee 981,Male,1992-09-02,Chennai,Marketing,CC600,Product Marketing Manager,G5,Permanent,Hybrid,2017-04-29,,Active,,1.0,M.Tech,10,Referral,No
E00982,Employee 982,Female,1996-10-02,Mumbai,Finance,CC400,Senior Finance Analyst,G5,Permanent,Hybrid,2023-01-01,,Active,,1.0,MBA,9,Campus,No
E00983,Employee 983,Male,1997-06-03,Chennai,Customer Success,CC700,Customer Success Executive,G2,Contract,Hybrid,2019-09-05,,Active,E03824,0.75,B.Tech,0,LinkedIn,Yes
E00984,Employee 984,Female,1990-12-03,Hyderabad,Operations,CC300,Operations Executive,G3,Permanent,Remote,2021-01-15,,Active,E01973,1.0,PhD,9,Company Website,Yes
E00985,Employee 985,Male,2003-09-24,Bengaluru,Technology,CC100,Software Engineer,G3,Permanent,Hybrid,2026-02-23,,Active,E03402,1.0,Master's,15,Campus,No
E00986,Employee 986,Female,1995-09-10,Bengaluru,Human Resources,CC500,HR Business Partner,G4,Permanent,Hybrid,2025-06-08,,Active,,1.0,M.Tech,8,LinkedIn,No
E00987,Employee 987,Male,1986-04-10,Chennai,Finance,CC400,Senior Finance Analyst,G3,Permanent,Hybrid,2018-10-21,2025-05-16,Exited,E00243,1.0,Master's,7,Agency,No
E00988,Employee 988,Female,1992-10-11,Hyderabad,Operations,CC300,Team Lead,G5,Permanent,Hybrid,2022-02-19,,Active,,1.0,Bachelor's,9,Campus,No
E00989,Employee 989,Male,1981-02-06,Bengaluru,Finance,CC400,Finance Analyst,G3,Permanent,Hybrid,2024-11-10,2026-03-03,Exited,E00689,1.0,Master's,15,LinkedIn,No
E00990,Employee 990,Female,1982-07-30,Chennai,Sales,CC200,Sales Analyst,G6,Contract,Onsite,2020-02-05,,Active,,0.5,PhD,6,Referral,Yes
E00991,Employee 991,Female,1982-05-31,Bengaluru,Operations,CC300,Operations Analyst,G4,Contract,Hybrid,2019-09-10,,Active,,1.0,Bachelor's,5,Internal Mobility,Yes
E00992,Employee 992,Male,1976-05-04,Bengaluru,Human Resources,CC500,Talent Acquisition Specialist,G3,Permanent,Onsite,2018-09-10,,Active,E03624,1.0,Master's,12,Job Portal,No
E00993,Employee 993,Male,1990-08-29,Bengaluru,Finance,CC400,Finance Analyst,G3,Permanent,Hybrid,2023-01-09,,Active,E01771,1.0,M.Tech,4,Job Portal,Yes
E00994,Employee 994,Male,1980-01-12,Hyderabad,Human Resources,CC500,HR Business Partner,G4,Permanent,Onsite,2017-03-31,,Active,,1.0,Bachelor's,5,Company Website,No
E00995,Employee 995,Male,1980-11-18,Mumbai,Technology,CC100,Data Analyst,G4,Permanent,Onsite,2021-08-03,,Active,,1.0,M.Tech,6,Internal Mobility,No
E00996,Employee 996,Male,1974-09-24,Bengaluru,Customer Success,CC700,Support Analyst,G3,Permanent,Remote,2017-10-17,2026-06-27,Exited,E04865,1.0,PhD,5,Job Portal,No
E00997,Employee 997,Female,1998-03-22,Gurugram,Supply Chain,CC800,Procurement Specialist,G5,Permanent,Hybrid,2021-01-16,,Active,,1.0,MBA,5,Job Portal,Yes
E00998,Employee 998,Male,2001-03-12,Bengaluru,Finance,CC400,Finance Analyst,G2,Permanent,Hybrid,2024-02-09,,Active,E01174,1.0,MBA,16,Agency,No
E00999,Employee 999,Female,1995-12-25,Bengaluru,Technology,CC100,Senior Software Engineer,G4,Permanent,Hybrid,2025-03-04,,Active,,1.0,PhD,7,Agency,No
E01000,Employee 1000,Male,1989-01-20,Chennai,Marketing,CC600,Marketing Executive,G3,Permanent,Hybrid,2026-06-22,,Active,E00153,1.0,MBA,10,Company Website,No
E01001,Employee 1001,Male,1992-06-30,Gurugram,Operations,CC300,Team Lead,G3,Permanent,Hybrid,2025-07-18,,Active,E02046,1.0,Master's,8,Job Portal,No
E01002,Employee 1002,Male,1992-04-11,Pune,Technology,CC100,Data Scientist,G4,Contract,Hybrid,2019-09-19,2026-04-12,Exited,E04195,0.75,MBA,9,Agency,No
E01003,Employee 1003,Female,1977-05-20,Hyderabad,Human Resources,CC500,HR Business Partner,G3,Permanent,Remote,2019-01-14,,Active,E03267,1.0,PhD,14,Job Portal,No
E01004,Employee 1004,Male,1977-04-09,Pune,Customer Success,CC700,Customer Success Executive,G2,Permanent,Hybrid,2019-02-02,,Active,E03798,1.0,PhD,1,Internal Mobility,No
E01005,Employee 1005,Male,2004-11-20,Mumbai,Finance,CC400,Finance Analyst,G6,Permanent,Hybrid,2026-06-08,,Active,,1.0,M.Tech,10,Company Website,No
E01006,Employee 1006,Male,1992-01-10,Hyderabad,Customer Success,CC700,Customer Success Executive,G2,Permanent,Hybrid,2025-05-03,,Active,E03364,1.0,M.Tech,8,LinkedIn,No
E01007,Employee 1007,Female,1993-08-12,Hyderabad,Sales,CC200,Sales Analyst,G5,Permanent,Hybrid,2022-12-02,,Active,,1.0,Master's,17,Campus,No
E01008,Employee 1008,Female,1977-05-26,Hyderabad,Technology,CC100,Tech Lead,G1,Permanent,Hybrid,2019-02-18,,Active,,1.0,Master's,7,Agency,Yes
E01009,Employee 1009,Male,1990-10-20,Noida,Human Resources,CC500,HR Executive,G1,Permanent,Hybrid,2025-02-18,,Active,E01229,1.0,B.Tech,9,Job Portal,No
E01010,Employee 1010,Female,2001-11-10,Chennai,Customer Success,CC700,Customer Success Executive,G3,Permanent,Onsite,2023-09-21,,Active,E03468,1.0,MBA,11,LinkedIn,Yes
E01011,Employee 1011,Male,2001-01-24,Chennai,Sales,CC200,Regional Sales Manager,G1,Permanent,Hybrid,2025-10-07,,Active,E03762,1.0,Master's,8,Company Website,No
E01012,Employee 1012,Male,1976-10-05,Hyderabad,Finance,CC400,Finance Manager,G1,Permanent,Hybrid,2020-06-29,,Active,E04667,1.0,M.Tech,7,Referral,No
E01013,Employee 1013,Female,1978-08-01,Hyderabad,Human Resources,CC500,L&D Specialist,G5,Contract,Hybrid,2019-01-06,,Active,,0.5,Bachelor's,13,Agency,No
E01014,Employee 1014,Female,1995-12-08,Gurugram,Marketing,CC600,Brand Manager,G3,Contract,Hybrid,2017-09-29,,Active,E04429,0.75,MBA,17,LinkedIn,No
E01015,Employee 1015,Female,1995-08-05,Hyderabad,Marketing,CC600,Brand Manager,G4,Permanent,Hybrid,2026-08-23,,Active,,1.0,MBA,11,Referral,No
E01016,Employee 1016,Male,1982-04-04,Bengaluru,Marketing,CC600,Brand Manager,G4,Permanent,Remote,2019-07-11,2026-08-21,Exited,E00319,1.0,B.Tech,18,Job Portal,No
E01017,Employee 1017,Male,1991-02-12,Chennai,Supply Chain,CC800,Logistics Manager,G3,Contract,Remote,2025-12-21,,Active,E02252,1.0,M.Tech,13,Job Portal,No
E01018,Employee 1018,Female,1988-07-03,Mumbai,Finance,CC400,Finance Analyst,G4,Permanent,Hybrid,2018-10-08,,Active,,1.0,MBA,5,Agency,No
E01019,Employee 1019,Female,1980-01-24,Pune,Finance,CC400,Senior Finance Analyst,G5,Permanent,Remote,2021-03-20,,Active,,1.0,Master's,1,Agency,No
E01020,Employee 1020,Female,1991-05-01,Hyderabad,Technology,CC100,Software Engineer,G1,Permanent,Remote,2022-04-05,,Active,E00835,1.0,PhD,6,Internal Mobility,No
E01021,Employee 1021,Male,1992-10-31,Noida,Customer Success,CC700,Customer Success Executive,G2,Permanent,Hybrid,2018-06-19,,Active,E04345,1.0,B.Tech,11,LinkedIn,No
E01022,Employee 1022,Male,1985-12-11,Chennai,Technology,CC100,Software Engineer,G2,Permanent,Hybrid,2018-08-19,,Active,E00655,1.0,B.Tech,13,Company Website,No
E01023,Employee 1023,Female,1990-07-01,Hyderabad,Technology,CC100,Data Analyst,G4,Permanent,Onsite,2019-12-28,2025-06-08,Exited,E04519,1.0,MBA,0,Referral,No
E01024,Employee 1024,Female,1997-10-19,Chennai,Human Resources,CC500,HR Executive,G4,Intern,Onsite,2026-08-13,,Active,,0.5,M.Tech,11,Job Portal,No
E01025,Employee 1025,Female,1979-02-04,Hyderabad,Human Resources,CC500,L&D Specialist,G3,Contract,Hybrid,2017-10-03,,Active,E00596,0.75,MBA,7,Internal Mobility,No
E01026,Employee 1026,Female,1999-10-15,Bengaluru,Customer Success,CC700,Customer Success Manager,G5,Permanent,Onsite,2020-11-15,,Active,,1.0,Master's,4,Company Website,No
E01027,Employee 1027,Male,1998-05-08,Mumbai,Technology,CC100,Data Scientist,G5,Intern,Hybrid,2023-09-21,,Active,,0.5,Bachelor's,18,Campus,No
E01028,Employee 1028,Female,1989-03-21,Gurugram,Supply Chain,CC800,Procurement Specialist,G2,Permanent,Hybrid,2017-08-30,,Active,E03019,1.0,M.Tech,8,Campus,No
E01029,Employee 1029,Female,1987-05-18,Mumbai,Operations,CC300,Operations Analyst,G3,Permanent,Hybrid,2025-12-07,,Active,E03247,1.0,B.Tech,1,Internal Mobility,No
E01030,Employee 1030,Male,1983-04-21,Bengaluru,Marketing,CC600,Digital Marketing Analyst,G5,Permanent,Hybrid,2018-03-19,,Active,,1.0,PhD,9,Job Portal,No
E01031,Employee 1031,Male,1989-01-18,Bengaluru,Operations,CC300,Team Lead,G3,Permanent,Hybrid,2021-08-21,2023-03-20,Exited,E04103,1.0,B.Tech,4,Company Website,No
E01032,Employee 1032,Female,1987-11-19,Bengaluru,Technology,CC100,Tech Lead,G2,Permanent,Hybrid,2024-06-18,,Active,E04910,1.0,Master's,7,Campus,No
E01033,Employee 1033,Male,1978-02-10,Mumbai,Supply Chain,CC800,Planner,G2,Permanent,Onsite,2020-07-18,,Active,E00354,1.0,M.Tech,16,Agency,No
E01034,Employee 1034,Male,1977-06-06,Hyderabad,Technology,CC100,Senior Software Engineer,G2,Permanent,Hybrid,2019-07-12,,Active,E03476,1.0,B.Tech,13,Referral,No
E01035,Employee 1035,Male,1989-05-07,Mumbai,Technology,CC100,Tech Lead,G2,Permanent,Hybrid,2025-08-06,,Active,E00529,1.0,Master's,0,LinkedIn,No
E01036,Employee 1036,Male,1994-06-29,Pune,Supply Chain,CC800,Procurement Specialist,G2,Permanent,Hybrid,2022-10-07,,Active,E04321,1.0,Bachelor's,5,Internal Mobility,No
E01037,Employee 1037,Male,1985-06-28,Noida,Technology,CC100,Senior Software Engineer,G2,Permanent,Hybrid,2021-03-11,,Active,E04733,1.0,Master's,11,Company Website,No
E01038,Employee 1038,Male,1991-03-21,Bengaluru,Marketing,CC600,Brand Manager,G2,Permanent,Onsite,2020-07-25,,Active,E00554,1.0,B.Tech,3,Company Website,No
E01039,Employee 1039,Male,1998-02-10,Bengaluru,Customer Success,CC700,Customer Success Manager,G2,Permanent,Onsite,2024-05-05,,Active,E03986,1.0,B.Tech,7,Job Portal,Yes
E01040,Employee 1040,Female,1996-02-29,Mumbai,Human Resources,CC500,HR Business Partner,G1,Permanent,Hybrid,2026-08-28,,Active,E01957,1.0,M.Tech,17,Job Portal,No
E01041,Employee 1041,Male,1987-07-31,Bengaluru,Sales,CC200,Account Manager,G6,Permanent,Onsite,2024-01-28,,Active,,1.0,Bachelor's,0,Job Portal,No
E01042,Employee 1042,Female,1999-01-08,Hyderabad,Operations,CC300,Operations Executive,G3,Permanent,Remote,2020-04-15,,Active,E04321,1.0,PhD,9,Campus,No
E01043,Employee 1043,Female,1988-09-09,Pune,Operations,CC300,Operations Manager,G1,Permanent,Onsite,2026-05-14,,Active,E00503,1.0,B.Tech,3,Referral,No
E01044,Employee 1044,Female,1983-06-28,Pune,Human Resources,CC500,HR Executive,G3,Permanent,Remote,2026-08-31,,Active,E04186,1.0,Master's,15,Internal Mobility,No
E01045,Employee 1045,Female,1994-05-07,Hyderabad,Technology,CC100,Engineering Manager,G1,Intern,Hybrid,2024-01-18,,Active,E00525,0.75,Bachelor's,6,Campus,No
E01046,Employee 1046,Male,1994-04-04,Bengaluru,Sales,CC200,Sales Executive,G3,Permanent,Hybrid,2018-07-14,,Active,E00215,1.0,B.Tech,2,Internal Mobility,No
E01047,Employee 1047,Female,1985-07-08,Hyderabad,Technology,CC100,Data Analyst,G1,Contract,Onsite,2023-10-23,,Active,E02832,0.75,Master's,15,Company Website,No
E01048,Employee 1048,Male,1985-08-19,Bengaluru,Sales,CC200,Sales Analyst,G5,Permanent,Hybrid,2017-08-10,,Active,,1.0,PhD,9,Referral,No
E01049,Employee 1049,Female,1986-10-11,Gurugram,Marketing,CC600,Brand Manager,G2,Permanent,Remote,2026-06-13,,Active,E04750,1.0,B.Tech,10,Job Portal,No
E01050,Employee 1050,Male,1996-03-14,Gurugram,Supply Chain,CC800,Procurement Specialist,G1,Permanent,Hybrid,2022-03-25,2025-04-15,Exited,E04475,1.0,MBA,6,Campus,No
E01051,Employee 1051,Male,1990-03-16,Bengaluru,Supply Chain,CC800,Planner,G4,Permanent,Hybrid,2023-03-20,,Active,,1.0,MBA,0,LinkedIn,No
E01052,Employee 1052,Female,1998-09-10,Bengaluru,Marketing,CC600,Product Marketing Manager,G2,Permanent,Hybrid,2022-12-08,,Active,E01758,1.0,Bachelor's,6,Agency,No
E01053,Employee 1053,Male,2004-03-30,Bengaluru,Operations,CC300,Operations Executive,G2,Permanent,Hybrid,2025-08-29,,Active,E03433,1.0,Master's,7,Campus,No
E01054,Employee 1054,Female,1975-12-08,Hyderabad,Technology,CC100,Tech Lead,G3,Permanent,Remote,2020-10-01,,Active,E04617,1.0,M.Tech,4,Agency,No
E01055,Employee 1055,Male,1974-04-20,Bengaluru,Operations,CC300,Operations Executive,G2,Permanent,Remote,2018-08-20,,Active,E00173,1.0,B.Tech,12,Referral,No
E01056,Employee 1056,Female,1992-09-27,Mumbai,Supply Chain,CC800,Supply Chain Analyst,G3,Permanent,Hybrid,2019-11-14,,Active,E00426,1.0,Bachelor's,0,LinkedIn,No
E01057,Employee 1057,Female,1985-02-11,Mumbai,Operations,CC300,Operations Manager,G2,Contract,Hybrid,2025-10-21,,Active,E02081,1.0,MBA,7,Campus,Yes
E01058,Employee 1058,Male,1983-10-06,Chennai,Operations,CC300,Operations Executive,G2,Contract,Hybrid,2022-06-03,,Active,E02474,0.5,MBA,0,Referral,No
E01059,Employee 1059,Female,1997-12-04,Bengaluru,Finance,CC400,Finance Manager,G2,Contract,Onsite,2022-12-20,,Active,,0.5,B.Tech,0,Agency,No
E01060,Employee 1060,Female,1988-08-09,Pune,Technology,CC100,Software Engineer,G4,Contract,Hybrid,2017-03-25,,Active,,1.0,PhD,16,Internal Mobility,Yes
E01061,Employee 1061,Female,1977-08-31,Bengaluru,Human Resources,CC500,HR Executive,G4,Permanent,Hybrid,2019-06-09,,Active,,1.0,M.Tech,15,Job Portal,No
E01062,Employee 1062,Male,1984-09-01,Mumbai,Technology,CC100,Engineering Manager,G5,Contract,Onsite,2020-03-28,,Active,,0.75,PhD,7,Internal Mobility,No
E01063,Employee 1063,Female,2004-11-03,Hyderabad,Marketing,CC600,Digital Marketing Analyst,G3,Contract,Remote,2025-11-09,,Active,E02646,0.5,PhD,2,LinkedIn,No
E01064,Employee 1064,Male,1979-04-07,Bengaluru,Human Resources,CC500,HR Executive,G2,Permanent,Onsite,2018-07-12,,Active,E02230,1.0,M.Tech,5,Company Website,No
E01065,Employee 1065,Male,1988-09-30,Noida,Operations,CC300,Operations Manager,G4,Contract,Hybrid,2017-08-13,2022-07-02,Exited,E00095,1.0,PhD,1,Agency,No
E01066,Employee 1066,Female,1973-09-26,Hyderabad,Operations,CC300,Team Lead,G3,Permanent,Hybrid,2018-03-29,,Active,E00245,1.0,PhD,12,Internal Mobility,No
E01067,Employee 1067,Female,1998-05-01,Hyderabad,Finance,CC400,Finance Manager,G5,Permanent,Remote,2022-01-20,2023-05-14,Exited,E04222,1.0,B.Tech,12,LinkedIn,No
E01068,Employee 1068,Male,1986-01-22,Bengaluru,Operations,CC300,Operations Manager,G5,Contract,Onsite,2020-08-21,2024-06-24,Exited,E04083,1.0,PhD,9,Job Portal,No
E01069,Employee 1069,Non-binary,1989-02-21,Pune,Supply Chain,CC800,Planner,G3,Permanent,Hybrid,2023-05-01,,Active,E03624,1.0,Bachelor's,13,Company Website,No
E01070,Employee 1070,Male,1988-04-02,Mumbai,Marketing,CC600,Digital Marketing Analyst,G3,Permanent,Hybrid,2019-03-16,,Active,E03668,1.0,PhD,4,LinkedIn,No
E01071,Employee 1071,Male,1982-01-24,Bengaluru,Technology,CC100,Data Analyst,G3,Permanent,Hybrid,2019-06-22,,Active,E03686,1.0,MBA,1,Campus,Yes
E01072,Employee 1072,Male,2003-01-09,Chennai,Sales,CC200,Regional Sales Manager,G3,Permanent,Remote,2024-03-25,,Active,E02091,1.0,M.Tech,7,Agency,Yes
E01073,Employee 1073,Female,1980-12-31,Pune,Human Resources,CC500,L&D Specialist,G5,Permanent,Remote,2025-05-15,,Active,,1.0,PhD,7,LinkedIn,No
E01074,Employee 1074,Female,1993-07-06,Bengaluru,Finance,CC400,Finance Analyst,G3,Permanent,Onsite,2020-12-11,2021-07-02,Exited,,1.0,M.Tech,13,Company Website,No
E01075,Employee 1075,Female,1998-06-28,Noida,Supply Chain,CC800,Supply Chain Analyst,G1,Permanent,Hybrid,2021-05-30,,Active,E04259,1.0,PhD,11,Company Website,No
E01076,Employee 1076,Female,1978-05-19,Pune,Supply Chain,CC800,Procurement Specialist,G3,Permanent,Hybrid,2017-10-09,,Active,E01973,1.0,PhD,13,Internal Mobility,No
E01077,Employee 1077,Female,1975-03-21,Chennai,Supply Chain,CC800,Logistics Manager,G1,Permanent,Hybrid,2018-05-15,2022-06-17,Exited,E01763,1.0,Bachelor's,11,Company Website,No
E01078,Employee 1078,Male,1978-04-22,Gurugram,Human Resources,CC500,HR Business Partner,G3,Permanent,Hybrid,2018-03-24,,Active,E01175,1.0,MBA,2,Referral,No
E01079,Employee 1079,Female,1991-01-10,Noida,Sales,CC200,Regional Sales Manager,G6,Permanent,Hybrid,2023-10-25,,Active,,1.0,B.Tech,7,Campus,No
E01080,Employee 1080,Female,1996-12-21,Hyderabad,Marketing,CC600,Product Marketing Manager,G2,Permanent,Hybrid,2019-01-11,,Active,E00059,1.0,B.Tech,9,Campus,No
E01081,Employee 1081,Male,1994-04-27,Bengaluru,Finance,CC400,Finance Manager,G4,Permanent,Hybrid,2020-10-17,,Active,,1.0,PhD,9,Agency,No
E01082,Employee 1082,Male,1983-01-29,Pune,Human Resources,CC500,HR Manager,G5,Contract,Onsite,2025-01-28,,Active,,0.5,Bachelor's,6,Agency,No
E01083,Employee 1083,Female,1988-08-01,Pune,Operations,CC300,Operations Analyst,G4,Permanent,Hybrid,2019-03-27,,Active,,1.0,PhD,6,Internal Mobility,No
E01084,Employee 1084,Male,1986-05-28,Bengaluru,Supply Chain,CC800,Procurement Specialist,G5,Permanent,Remote,2021-11-06,2023-10-11,Exited,E03988,1.0,PhD,1,Company Website,No
E01085,Employee 1085,Male,1980-09-16,Bengaluru,Marketing,CC600,Brand Manager,G3,Permanent,Hybrid,2018-10-16,,Active,E03454,1.0,MBA,10,Campus,No
E01086,Employee 1086,Male,1983-02-01,Mumbai,Supply Chain,CC800,Logistics Manager,G3,Contract,Onsite,2023-01-25,,Active,E03655,1.0,Bachelor's,10,LinkedIn,No
E01087,Employee 1087,Female,1997-11-13,Noida,Supply Chain,CC800,Logistics Manager,G2,Permanent,Onsite,2025-03-29,,Active,E02410,1.0,PhD,11,Job Portal,No
E01088,Employee 1088,Female,1987-01-15,Hyderabad,Operations,CC300,Team Lead,G2,Permanent,Hybrid,2025-12-23,2026-07-23,Exited,E04090,1.0,MBA,16,LinkedIn,No
E01089,Employee 1089,Male,1997-12-22,Pune,Marketing,CC600,Brand Manager,G4,Permanent,Hybrid,2022-03-17,,Active,,1.0,M.Tech,9,LinkedIn,No
E01090,Employee 1090,Male,1981-03-31,Chennai,Customer Success,CC700,Support Analyst,G6,Contract,Remote,2022-04-10,,Active,,0.5,PhD,0,LinkedIn,No
E01091,Employee 1091,Non-binary,1982-10-09,Hyderabad,Sales,CC200,Sales Executive,G5,Contract,Onsite,2023-01-06,,Active,,0.75,MBA,16,Company Website,No
E01092,Employee 1092,Female,1986-07-17,Hyderabad,Technology,CC100,Tech Lead,G4,Permanent,Hybrid,2024-04-12,,Active,,1.0,Master's,4,Job Portal,No
E01093,Employee 1093,Female,1989-01-03,Mumbai,Technology,CC100,Software Engineer,G4,Permanent,Remote,2025-04-02,,Active,,1.0,PhD,9,Campus,No
E01094,Employee 1094,Male,1994-07-12,Bengaluru,Human Resources,CC500,HR Business Partner,G5,Permanent,Onsite,2023-04-05,,Active,,1.0,MBA,6,LinkedIn,No
E01095,Employee 1095,Male,1987-03-27,Noida,Supply Chain,CC800,Planner,G5,Contract,Hybrid,2021-02-03,,Active,,0.75,B.Tech,10,Agency,No
E01096,Employee 1096,Female,1997-09-08,Mumbai,Customer Success,CC700,Customer Success Manager,G5,Permanent,Onsite,2019-10-06,2024-08-31,Exited,E01767,1.0,MBA,12,Company Website,Yes
E01097,Employee 1097,Male,1981-05-05,Chennai,Sales,CC200,Account Manager,G3,Permanent,Onsite,2019-09-10,,Active,,1.0,Master's,2,Referral,No
E01098,Employee 1098,Male,1995-07-08,Bengaluru,Supply Chain,CC800,Procurement Specialist,G3,Permanent,Hybrid,2021-07-14,,Active,E00050,1.0,PhD,18,Internal Mobility,No
E01099,Employee 1099,Male,1984-05-19,Noida,Customer Success,CC700,Customer Success Manager,G4,Permanent,Remote,2024-04-10,2026-04-16,Exited,E02743,1.0,MBA,16,Referral,No
E01100,Employee 1100,Female,1993-05-20,Chennai,Supply Chain,CC800,Procurement Specialist,G3,Permanent,Hybrid,2021-02-28,,Active,E01925,1.0,Master's,3,Referral,No
E01101,Employee 1101,Male,1998-10-21,Gurugram,Operations,CC300,Operations Manager,G2,Permanent,Onsite,2025-04-29,,Active,E03467,1.0,MBA,5,Job Portal,No
E01102,Employee 1102,Male,1997-03-30,Hyderabad,Customer Success,CC700,Customer Success Manager,G2,Permanent,Hybrid,2024-12-13,,Active,E00191,1.0,MBA,11,Internal Mobility,No
E01103,Employee 1103,Female,1993-06-05,Bengaluru,Technology,CC100,Senior Software Engineer,G6,Permanent,Hybrid,2023-05-18,2024-01-21,Exited,E03454,1.0,PhD,9,Internal Mobility,No
E01104,Employee 1104,Male,1990-01-01,Hyderabad,Sales,CC200,Regional Sales Manager,G3,Permanent,Hybrid,2018-09-26,,Active,E00766,1.0,Bachelor's,4,Job Portal,No
E01105,Employee 1105,Male,1992-11-25,Bengaluru,Human Resources,CC500,Talent Acquisition Specialist,G5,Permanent,Hybrid,2025-04-05,2026-05-13,Exited,E01596,1.0,B.Tech,14,Internal Mobility,No
E01106,Employee 1106,Male,1989-11-16,Bengaluru,Finance,CC400,Finance Manager,G5,Permanent,Hybrid,2021-10-23,,Active,,1.0,MBA,13,Company Website,No
E01107,Employee 1107,Male,1992-03-17,Chennai,Finance,CC400,Finance Manager,G1,Permanent,Hybrid,2017-07-29,,Active,E02094,1.0,M.Tech,4,Job Portal,No
E01108,Employee 1108,Female,1988-08-04,Hyderabad,Marketing,CC600,Product Marketing Manager,G3,Permanent,Hybrid,2019-05-27,,Active,E02189,1.0,Master's,8,Internal Mobility,No
E01109,Employee 1109,Female,1979-09-17,Noida,Operations,CC300,Operations Analyst,G2,Permanent,Hybrid,2022-08-30,,Active,E01734,1.0,PhD,0,Agency,No
E01110,Employee 1110,Male,1980-06-15,Hyderabad,Technology,CC100,Data Analyst,G1,Contract,Hybrid,2020-02-22,,Active,E02870,0.75,PhD,5,Internal Mobility,No
E01111,Employee 1111,Male,1983-12-23,Bengaluru,Finance,CC400,Finance Manager,G3,Contract,Hybrid,2023-05-03,,Active,E04342,0.75,M.Tech,11,Referral,No
E01112,Employee 1112,Female,1977-09-11,Bengaluru,Operations,CC300,Operations Analyst,G4,Permanent,Onsite,2017-03-18,,Active,,1.0,MBA,10,Internal Mobility,No
E01113,Employee 1113,Male,1996-04-14,Hyderabad,Finance,CC400,Finance Manager,G2,Contract,Hybrid,2023-07-01,,Active,E04156,1.0,M.Tech,2,Job Portal,No
E01114,Employee 1114,Female,1993-01-04,Mumbai,Supply Chain,CC800,Supply Chain Analyst,G1,Permanent,Hybrid,2020-08-26,,Active,E04245,1.0,Bachelor's,13,Campus,No
E01115,Employee 1115,Female,1991-06-19,Hyderabad,Marketing,CC600,Digital Marketing Analyst,G3,Permanent,Onsite,2020-08-28,,Active,E03604,1.0,Master's,12,Job Portal,No
E01116,Employee 1116,Female,1996-10-18,Bengaluru,Operations,CC300,Operations Executive,G5,Permanent,Hybrid,2020-10-11,,Active,,1.0,M.Tech,11,Agency,No
E01117,Employee 1117,Male,1998-10-18,Bengaluru,Customer Success,CC700,Support Analyst,G6,Permanent,Hybrid,2026-01-13,,Active,,1.0,PhD,15,Job Portal,No
E01118,Employee 1118,Male,1986-01-24,Noida,Operations,CC300,Operations Manager,G4,Intern,Hybrid,2019-01-18,2021-05-15,Exited,E03926,0.75,Bachelor's,10,Campus,No
E01119,Employee 1119,Male,1978-07-06,Chennai,Sales,CC200,Regional Sales Manager,G5,Permanent,Remote,2020-09-29,,Active,,1.0,Bachelor's,6,Referral,No
E01120,Employee 1120,Male,1982-07-28,Hyderabad,Customer Success,CC700,Support Analyst,G2,Permanent,Hybrid,2019-06-30,,Active,E02824,1.0,M.Tech,17,Job Portal,No
E01121,Employee 1121,Female,2001-07-18,Hyderabad,Technology,CC100,Data Scientist,G3,Permanent,Hybrid,2024-01-01,,Active,E02712,1.0,Bachelor's,0,Referral,No
E01122,Employee 1122,Male,1976-03-20,Chennai,Human Resources,CC500,Talent Acquisition Specialist,G3,Intern,Remote,2020-05-07,2023-11-27,Exited,E01771,0.5,Master's,2,LinkedIn,No
E01123,Employee 1123,Female,1978-09-05,Pune,Finance,CC400,Finance Manager,G3,Permanent,Remote,2018-08-27,,Active,E02567,1.0,M.Tech,10,Agency,No
E01124,Employee 1124,Female,1980-04-13,Noida,Supply Chain,CC800,Supply Chain Analyst,G5,Intern,Remote,2023-04-12,,Active,,1.0,PhD,5,LinkedIn,No
E01125,Employee 1125,Male,1989-12-22,Bengaluru,Marketing,CC600,Digital Marketing Analyst,G2,Contract,Hybrid,2026-06-23,,Active,E04608,1.0,Master's,6,Company Website,No
E01126,Employee 1126,Female,1978-12-14,Pune,Customer Success,CC700,Customer Success Executive,G5,Contract,Remote,2018-02-23,2024-01-28,Exited,E02092,0.5,B.Tech,1,Company Website,No
E01127,Employee 1127,Male,1991-03-26,Chennai,Sales,CC200,Sales Executive,G3,Permanent,Hybrid,2022-11-02,2026-03-27,Exited,E03454,1.0,M.Tech,13,Agency,No
E01128,Employee 1128,Male,1982-01-28,Pune,Supply Chain,CC800,Logistics Manager,G3,Permanent,Onsite,2022-09-25,,Active,E03918,1.0,Master's,14,Referral,No
E01129,Employee 1129,Male,1982-10-24,Pune,Technology,CC100,Engineering Manager,G3,Permanent,Hybrid,2026-06-30,,Active,E02676,1.0,Master's,9,Referral,No
E01130,Employee 1130,Male,2002-09-09,Hyderabad,Marketing,CC600,Digital Marketing Analyst,G3,Permanent,Hybrid,2025-07-04,,Active,,1.0,B.Tech,17,LinkedIn,No
E01131,Employee 1131,Male,1990-03-21,Bengaluru,Human Resources,CC500,L&D Specialist,G2,Contract,Hybrid,2019-08-08,,Active,E00011,1.0,M.Tech,4,Agency,No
E01132,Employee 1132,Female,1990-02-17,Bengaluru,Customer Success,CC700,Customer Success Manager,G3,Permanent,Hybrid,2019-04-03,2023-06-30,Exited,E04472,1.0,M.Tech,1,LinkedIn,No
E01133,Employee 1133,Female,2001-07-29,Pune,Supply Chain,CC800,Procurement Specialist,G1,Permanent,Onsite,2024-05-16,,Active,E03063,1.0,PhD,17,Company Website,No
E01134,Employee 1134,Male,1991-12-14,Hyderabad,Supply Chain,CC800,Supply Chain Analyst,G4,Permanent,Hybrid,2022-02-27,,Active,,1.0,MBA,0,LinkedIn,No
E01135,Employee 1135,Male,1978-10-26,Mumbai,Marketing,CC600,Marketing Executive,G1,Contract,Onsite,2017-10-03,2026-07-12,Exited,E01787,0.75,B.Tech,3,Company Website,Yes
E01136,Employee 1136,Male,1989-03-28,Bengaluru,Operations,CC300,Operations Executive,G2,Permanent,Hybrid,2019-11-14,,Active,E01326,1.0,Bachelor's,1,Referral,No
E01137,Employee 1137,Male,1995-02-04,Hyderabad,Marketing,CC600,Brand Manager,G3,Permanent,Hybrid,2018-07-20,,Active,E01423,1.0,PhD,18,Agency,No
E01138,Employee 1138,Female,1980-05-08,Gurugram,Sales,CC200,Sales Executive,G1,Permanent,Onsite,2018-09-25,,Active,E04558,1.0,Master's,7,Company Website,No
E01139,Employee 1139,Female,1978-07-19,Mumbai,Supply Chain,CC800,Planner,G4,Permanent,Hybrid,2020-09-29,,Active,,1.0,B.Tech,6,Referral,No
E01140,Employee 1140,Female,1985-04-10,Hyderabad,Technology,CC100,Data Analyst,G4,Permanent,Onsite,2025-01-26,,Active,,1.0,B.Tech,2,Agency,No
E01141,Employee 1141,Male,1983-06-27,Hyderabad,Human Resources,CC500,HR Executive,G5,Permanent,Hybrid,2018-11-20,,Active,,1.0,Master's,2,Internal Mobility,No
E01142,Employee 1142,Male,1995-05-04,Pune,Sales,CC200,Account Manager,G3,Permanent,Hybrid,2017-12-16,,Active,E02124,1.0,Bachelor's,13,Agency,No
E01143,Employee 1143,Male,1977-12-16,Pune,Operations,CC300,Operations Executive,G5,Permanent,Hybrid,2017-04-06,2019-06-30,Exited,E02814,1.0,Bachelor's,12,Referral,No
E01144,Employee 1144,Female,1987-07-16,Hyderabad,Sales,CC200,Key Account Manager,G3,Contract,Hybrid,2021-09-30,,Active,E03690,0.75,Master's,0,Referral,Yes
E01145,Employee 1145,Female,1994-02-23,Hyderabad,Customer Success,CC700,Customer Success Manager,G5,Permanent,Onsite,2026-07-21,,Active,,1.0,Master's,15,Job Portal,No
E01146,Employee 1146,Male,1990-01-06,Chennai,Marketing,CC600,Digital Marketing Analyst,G5,Permanent,Onsite,2017-02-14,,Active,,1.0,Master's,6,Company Website,No
E01147,Employee 1147,Female,1987-04-29,Hyderabad,Customer Success,CC700,Support Analyst,G3,Contract,Hybrid,2025-08-03,,Active,E01764,1.0,B.Tech,17,Agency,No
E01148,Employee 1148,Female,1990-01-07,Chennai,Customer Success,CC700,Support Analyst,G2,Permanent,Hybrid,2019-04-16,,Active,E04306,1.0,PhD,2,LinkedIn,No
E01149,Employee 1149,Male,1997-05-01,Bengaluru,Finance,CC400,Senior Finance Analyst,G3,Permanent,Hybrid,2023-06-23,,Active,E00701,1.0,Master's,11,LinkedIn,No
E01150,Employee 1150,Female,1996-03-29,Hyderabad,Technology,CC100,Engineering Manager,G2,Permanent,Hybrid,2022-01-29,,Active,E01806,1.0,PhD,10,Company Website,No
E01151,Employee 1151,Male,1979-10-27,Mumbai,Marketing,CC600,Digital Marketing Analyst,G4,Contract,Onsite,2020-01-24,,Active,,0.75,M.Tech,17,Internal Mobility,No
E01152,Employee 1152,Female,1995-01-03,Bengaluru,Finance,CC400,Finance Analyst,G3,Permanent,Hybrid,2019-06-23,,Active,E02078,1.0,PhD,8,Internal Mobility,Yes
E01153,Employee 1153,Male,1992-04-13,Bengaluru,Customer Success,CC700,Support Analyst,G3,Permanent,Hybrid,2018-11-13,,Active,E04616,1.0,M.Tech,18,Campus,No
E01154,Employee 1154,Male,1992-08-27,Noida,Supply Chain,CC800,Logistics Manager,G4,Permanent,Onsite,2017-03-11,,Active,,1.0,B.Tech,0,Job Portal,No
E01155,Employee 1155,Male,1992-03-13,Bengaluru,Finance,CC400,Finance Manager,G5,Permanent,Hybrid,2017-07-31,,Active,,1.0,Bachelor's,3,Company Website,No
E01156,Employee 1156,Male,1982-06-16,Chennai,Supply Chain,CC800,Supply Chain Analyst,G2,Permanent,Hybrid,2022-07-01,2026-03-10,Exited,E01932,1.0,PhD,3,Referral,No
E01157,Employee 1157,Male,1981-12-29,Chennai,Marketing,CC600,Digital Marketing Analyst,G5,Permanent,Hybrid,2023-05-05,,Active,,1.0,Bachelor's,7,Job Portal,No
E01158,Employee 1158,Male,1989-11-22,Bengaluru,Marketing,CC600,Product Marketing Manager,G5,Permanent,Onsite,2022-09-18,,Active,,1.0,M.Tech,1,LinkedIn,No
E01159,Employee 1159,Female,1980-12-15,Chennai,Supply Chain,CC800,Logistics Manager,G2,Contract,Hybrid,2025-09-18,,Active,E03823,0.5,M.Tech,9,Internal Mobility,Yes
E01160,Employee 1160,Male,1980-10-25,Noida,Supply Chain,CC800,Logistics Manager,G2,Permanent,Onsite,2021-10-21,,Active,E03989,1.0,B.Tech,7,Campus,No
E01161,Employee 1161,Male,1979-08-24,Noida,Marketing,CC600,Marketing Executive,G2,Permanent,Hybrid,2020-08-01,2025-07-07,Exited,E03332,1.0,B.Tech,9,LinkedIn,No
E01162,Employee 1162,Female,1987-10-10,Bengaluru,Customer Success,CC700,Customer Success Manager,G3,Permanent,Hybrid,2023-06-04,2026-05-07,Exited,E02753,1.0,M.Tech,16,Agency,No
E01163,Employee 1163,Male,1987-05-18,Hyderabad,Customer Success,CC700,Support Analyst,G3,Permanent,Hybrid,2021-10-21,2023-03-06,Exited,E04573,1.0,PhD,3,Campus,Yes
E01164,Employee 1164,Female,1973-06-19,Bengaluru,Technology,CC100,Tech Lead,G5,Permanent,Hybrid,2017-08-13,,Active,,1.0,Master's,5,Internal Mobility,No
E01165,Employee 1165,Male,1986-04-04,Pune,Supply Chain,CC800,Supply Chain Analyst,G3,Permanent,Hybrid,2018-06-28,,Active,,1.0,M.Tech,1,Agency,No
E01166,Employee 1166,Male,1994-11-10,Noida,Supply Chain,CC800,Supply Chain Analyst,G4,Permanent,Remote,2018-04-10,2023-06-26,Exited,E03818,1.0,PhD,6,Campus,Yes
E01167,Employee 1167,Female,1989-09-17,Bengaluru,Human Resources,CC500,HR Executive,G3,Intern,Hybrid,2026-08-06,,Active,E02124,1.0,PhD,13,Agency,No
E01168,Employee 1168,Female,1988-01-31,Hyderabad,Supply Chain,CC800,Logistics Manager,G3,Permanent,Onsite,2026-06-26,,Active,E01667,1.0,B.Tech,17,Company Website,Yes
E01169,Employee 1169,Male,1981-03-25,Bengaluru,Operations,CC300,Team Lead,G4,Permanent,Hybrid,2023-01-17,,Active,,1.0,M.Tech,18,Campus,No
E01170,Employee 1170,Male,1982-07-17,Bengaluru,Finance,CC400,Finance Analyst,G3,Permanent,Hybrid,2019-09-15,,Active,E01910,1.0,B.Tech,10,Referral,Yes
E01171,Employee 1171,Female,1987-07-12,Chennai,Supply Chain,CC800,Planner,G4,Permanent,Hybrid,2023-05-14,2026-02-02,Exited,E03518,1.0,M.Tech,12,Referral,No
E01172,Employee 1172,Male,1984-05-05,Mumbai,Sales,CC200,Sales Analyst,G3,Permanent,Hybrid,2025-12-16,,Active,E03072,1.0,Bachelor's,10,Campus,No
E01173,Employee 1173,Male,1980-10-09,Mumbai,Finance,CC400,Senior Finance Analyst,G2,Permanent,Hybrid,2022-05-08,,Active,E00100,1.0,B.Tech,11,Agency,No
E01174,Employee 1174,Female,1997-09-18,Hyderabad,Finance,CC400,Senior Finance Analyst,G4,Permanent,Hybrid,2022-04-04,,Active,,1.0,Bachelor's,18,Campus,No
E01175,Employee 1175,Male,1980-06-17,Hyderabad,Supply Chain,CC800,Supply Chain Analyst,G4,Permanent,Hybrid,2024-05-07,,Active,,1.0,Bachelor's,14,Company Website,No
E01176,Employee 1176,Female,1984-06-09,Bengaluru,Operations,CC300,Team Lead,G1,Permanent,Hybrid,2022-07-01,,Active,E00306,1.0,MBA,5,Campus,No
E01177,Employee 1177,Male,1998-05-26,Noida,Marketing,CC600,Brand Manager,G1,Intern,Onsite,2024-03-02,,Active,E00139,1.0,Bachelor's,2,Internal Mobility,No
E01178,Employee 1178,Male,1986-07-28,Mumbai,Technology,CC100,Software Engineer,G2,Permanent,Hybrid,2020-02-10,2022-02-22,Exited,E00463,1.0,MBA,13,Internal Mobility,Yes
E01179,Employee 1179,Female,1988-08-04,Pune,Finance,CC400,Finance Manager,G5,Permanent,Remote,2022-08-02,,Active,,1.0,MBA,3,Referral,No
E01180,Employee 1180,Female,2000-08-02,Mumbai,Supply Chain,CC800,Procurement Specialist,G5,Permanent,Remote,2024-02-08,,Active,,1.0,B.Tech,15,Company Website,No
E01181,Employee 1181,Female,1991-11-24,Gurugram,Human Resources,CC500,HR Manager,G5,Permanent,Onsite,2023-10-23,,Active,,1.0,MBA,10,LinkedIn,No
E01182,Employee 1182,Male,1974-07-13,Bengaluru,Operations,CC300,Operations Manager,G3,Contract,Onsite,2018-06-02,,Active,E00585,1.0,B.Tech,17,Internal Mobility,No
E01183,Employee 1183,Female,1999-12-04,Noida,Customer Success,CC700,Support Analyst,G2,Permanent,Hybrid,2021-03-23,,Active,E03246,1.0,PhD,11,Internal Mobility,No
E01184,Employee 1184,Male,1986-11-26,Gurugram,Finance,CC400,Finance Analyst,G3,Permanent,Remote,2023-12-04,,Active,E01164,1.0,Bachelor's,5,Job Portal,No
E01185,Employee 1185,Male,1994-04-07,Hyderabad,Customer Success,CC700,Support Analyst,G4,Permanent,Hybrid,2025-10-09,,Active,,1.0,B.Tech,15,Internal Mobility,No
E01186,Employee 1186,Male,1985-08-03,Hyderabad,Operations,CC300,Operations Manager,G5,Permanent,Remote,2023-02-24,,Active,,1.0,Bachelor's,6,Internal Mobility,No
E01187,Employee 1187,Male,1980-06-22,Chennai,Customer Success,CC700,Support Analyst,G5,Permanent,Onsite,2021-07-08,,Active,,1.0,MBA,3,Company Website,No
E01188,Employee 1188,Male,1980-03-08,Pune,Operations,CC300,Operations Executive,G5,Permanent,Remote,2017-01-02,,Active,,1.0,PhD,2,Company Website,Yes
E01189,Employee 1189,Male,1988-10-06,Bengaluru,Supply Chain,CC800,Supply Chain Analyst,G3,Permanent,Hybrid,2024-07-03,,Active,E02930,1.0,Master's,5,Campus,No
E01190,Employee 1190,Male,1980-07-26,Hyderabad,Operations,CC300,Operations Manager,G4,Permanent,Hybrid,2018-01-31,,Active,,1.0,PhD,13,Internal Mobility,No
E01191,Employee 1191,Male,1993-03-25,Hyderabad,Operations,CC300,Operations Manager,G3,Permanent,Hybrid,2019-11-14,2021-02-15,Exited,E02610,1.0,M.Tech,18,Agency,Yes
E01192,Employee 1192,Male,1988-11-06,Bengaluru,Sales,CC200,Key Account Manager,G2,Permanent,Hybrid,2023-02-10,,Active,E02493,1.0,Master's,4,Company Website,No
E01193,Employee 1193,Female,1981-11-24,Hyderabad,Technology,CC100,Software Engineer,G4,Permanent,Remote,2017-08-22,,Active,,1.0,Bachelor's,16,Job Portal,Yes
E01194,Employee 1194,Female,1980-05-06,Pune,Supply Chain,CC800,Procurement Specialist,G3,Permanent,Hybrid,2023-07-15,,Active,E03755,1.0,PhD,9,Internal Mobility,No
E01195,Employee 1195,Male,1972-06-25,Bengaluru,Technology,CC100,Software Engineer,G3,Permanent,Onsite,2017-04-01,,Active,E02267,1.0,B.Tech,6,Campus,No
E01196,Employee 1196,Female,1999-08-12,Pune,Finance,CC400,Senior Finance Analyst,G1,Contract,Hybrid,2020-10-21,,Active,E04133,1.0,Master's,18,LinkedIn,No
E01197,Employee 1197,Male,1992-09-02,Pune,Technology,CC100,Tech Lead,G5,Permanent,Onsite,2018-06-05,,Active,,1.0,M.Tech,3,Agency,No
E01198,Employee 1198,Female,1976-12-27,Bengaluru,Human Resources,CC500,Talent Acquisition Specialist,G5,Contract,Hybrid,2017-04-23,,Active,,0.75,Bachelor's,16,Company Website,No
E01199,Employee 1199,Female,1999-02-28,Pune,Finance,CC400,Finance Manager,G2,Contract,Hybrid,2024-04-24,,Active,E03165,0.5,Master's,13,Campus,Yes
E01200,Employee 1200,Female,1984-08-15,Hyderabad,Operations,CC300,Operations Manager,G3,Permanent,Hybrid,2019-01-05,,Active,E03502,1.0,M.Tech,3,Job Portal,No
E01201,Employee 1201,Male,1984-09-01,Hyderabad,Human Resources,CC500,HR Manager,G4,Permanent,Hybrid,2022-10-15,2023-10-05,Exited,E04133,1.0,Master's,8,Company Website,No
E01202,Employee 1202,Female,1994-06-12,Mumbai,Finance,CC400,Senior Finance Analyst,G3,Permanent,Hybrid,2020-07-15,,Active,,1.0,M.Tech,7,Job Portal,No
E01203,Employee 1203,Female,1995-06-24,Noida,Marketing,CC600,Product Marketing Manager,G3,Permanent,Onsite,2018-09-20,2020-09-27,Exited,E02837,1.0,B.Tech,1,Campus,No
E01204,Employee 1204,Male,1991-06-07,Bengaluru,Marketing,CC600,Product Marketing Manager,G4,Contract,Hybrid,2018-07-03,2020-08-15,Exited,E03021,0.75,Bachelor's,11,Internal Mobility,Yes
E01205,Employee 1205,Female,2001-09-01,Hyderabad,Human Resources,CC500,HR Executive,G5,Permanent,Hybrid,2024-12-24,,Active,,1.0,B.Tech,9,Job Portal,No
E01206,Employee 1206,Male,2001-01-28,Hyderabad,Finance,CC400,Finance Analyst,G5,Contract,Hybrid,2026-03-05,,Active,,0.75,M.Tech,12,Internal Mobility,Yes
E01207,Employee 1207,Male,1991-05-08,Chennai,Marketing,CC600,Digital Marketing Analyst,G2,Contract,Remote,2017-10-21,,Active,E00997,1.0,B.Tech,0,Company Website,No
E01208,Employee 1208,Female,1990-09-11,Pune,Supply Chain,CC800,Supply Chain Analyst,G2,Permanent,Remote,2026-05-03,,Active,E04357,1.0,Bachelor's,13,Referral,No
E01209,Employee 1209,Male,1996-07-30,Pune,Customer Success,CC700,Customer Success Manager,G2,Permanent,Remote,2018-08-22,2024-06-11,Exited,E04298,1.0,Bachelor's,3,Campus,No
E01210,Employee 1210,Male,1987-11-24,Mumbai,Finance,CC400,Senior Finance Analyst,G2,Permanent,Onsite,2024-06-15,,Active,E01913,1.0,M.Tech,8,Campus,No
E01211,Employee 1211,Female,1989-08-17,Hyderabad,Supply Chain,CC800,Planner,G2,Permanent,Hybrid,2019-02-14,2025-03-08,Exited,E01571,1.0,M.Tech,10,Job Portal,No
E01212,Employee 1212,Female,1996-09-28,Pune,Human Resources,CC500,L&D Specialist,G2,Permanent,Hybrid,2025-03-23,,Active,E03092,1.0,MBA,3,Internal Mobility,No
E01213,Employee 1213,Female,1982-10-21,Chennai,Marketing,CC600,Brand Manager,G4,Permanent,Hybrid,2022-06-18,,Active,,1.0,M.Tech,10,Internal Mobility,Yes
E01214,Employee 1214,Female,1983-08-03,Bengaluru,Supply Chain,CC800,Planner,G4,Permanent,Hybrid,2020-04-06,,Active,,1.0,MBA,11,Job Portal,No
E01215,Employee 1215,Male,1983-12-18,Pune,Finance,CC400,Finance Analyst,G3,Permanent,Hybrid,2026-01-18,,Active,E04053,1.0,MBA,7,Internal Mobility,No
E01216,Employee 1216,Female,2004-12-03,Hyderabad,Finance,CC400,Finance Manager,G1,Permanent,Hybrid,2026-04-22,,Active,E04259,1.0,Bachelor's,2,LinkedIn,No
E01217,Employee 1217,Female,1986-07-22,Hyderabad,Finance,CC400,Senior Finance Analyst,G4,Permanent,Onsite,2018-02-19,,Active,,1.0,Bachelor's,13,Company Website,No
E01218,Employee 1218,Male,1980-04-27,Chennai,Customer Success,CC700,Support Analyst,G3,Permanent,Onsite,2019-10-10,,Active,E04417,1.0,PhD,6,Internal Mobility,No
E01219,Employee 1219,Female,1992-01-05,Chennai,Human Resources,CC500,Talent Acquisition Specialist,G4,Permanent,Hybrid,2023-01-14,,Active,,1.0,M.Tech,15,Agency,No
E01220,Employee 1220,Female,1992-12-06,Noida,Sales,CC200,Account Manager,G2,Permanent,Hybrid,2020-07-24,,Active,E04428,1.0,MBA,2,Agency,No
E01221,Employee 1221,Female,1980-11-15,Bengaluru,Sales,CC200,Key Account Manager,G3,Permanent,Onsite,2019-11-18,,Active,E00714,1.0,MBA,7,Internal Mobility,No
E01222,Employee 1222,Male,1981-05-24,Chennai,Marketing,CC600,Product Marketing Manager,G2,Permanent,Hybrid,2019-09-04,,Active,E00369,1.0,PhD,3,Company Website,No
E01223,Employee 1223,Male,1973-12-09,Bengaluru,Sales,CC200,Sales Analyst,G5,Permanent,Hybrid,2018-01-13,,Active,,1.0,B.Tech,17,Company Website,No
E01224,Employee 1224,Female,1991-07-09,Bengaluru,Finance,CC400,Finance Analyst,G3,Permanent,Hybrid,2020-12-22,,Active,E03046,1.0,MBA,14,Company Website,Yes
E01225,Employee 1225,Female,1987-03-12,Bengaluru,Sales,CC200,Sales Analyst,G2,Intern,Hybrid,2019-06-24,2020-05-12,Exited,,1.0,M.Tech,1,Job Portal,No
E01226,Employee 1226,Female,1994-03-26,Noida,Marketing,CC600,Digital Marketing Analyst,G4,Permanent,Hybrid,2021-04-07,,Active,,1.0,M.Tech,6,Job Portal,No
E01227,Employee 1227,Male,1983-10-28,Pune,Finance,CC400,Senior Finance Analyst,G5,Permanent,Remote,2024-10-18,,Active,,1.0,Master's,11,LinkedIn,No
E01228,Employee 1228,Female,1983-10-26,Hyderabad,Human Resources,CC500,HR Executive,G3,Permanent,Hybrid,2017-12-06,2025-01-27,Exited,E03670,1.0,Master's,18,Referral,Yes
E01229,Employee 1229,Female,1996-06-12,Bengaluru,Marketing,CC600,Marketing Executive,G4,Permanent,Onsite,2023-05-15,,Active,,1.0,Bachelor's,8,Agency,Yes
E01230,Employee 1230,Female,1992-12-30,Noida,Supply Chain,CC800,Supply Chain Analyst,G5,Permanent,Hybrid,2022-07-16,,Active,,1.0,Bachelor's,15,Referral,No
E01231,Employee 1231,Male,1989-05-14,Chennai,Customer Success,CC700,Customer Success Manager,G1,Permanent,Hybrid,2021-11-13,,Active,E02448,1.0,B.Tech,15,Job Portal,No
E01232,Employee 1232,Female,1999-01-01,Hyderabad,Technology,CC100,Senior Software Engineer,G3,Permanent,Hybrid,2021-05-04,,Active,E04268,1.0,MBA,15,Referral,Yes
E01233,Employee 1233,Male,1991-03-25,Gurugram,Finance,CC400,Finance Manager,G3,Permanent,Hybrid,2019-02-12,,Active,E00937,1.0,B.Tech,18,LinkedIn,No
E01234,Employee 1234,Male,1984-12-27,Noida,Supply Chain,CC800,Procurement Specialist,G2,Permanent,Onsite,2017-09-04,,Active,E01965,1.0,M.Tech,3,Job Portal,No
E01235,Employee 1235,Male,1980-01-06,Bengaluru,Operations,CC300,Operations Analyst,G3,Permanent,Remote,2021-08-12,,Active,E04093,1.0,B.Tech,1,Referral,Yes
E01236,Employee 1236,Male,1982-01-24,Bengaluru,Customer Success,CC700,Customer Success Manager,G3,Permanent,Hybrid,2024-05-07,,Active,,1.0,Bachelor's,10,Internal Mobility,No
E01237,Employee 1237,Female,1993-02-22,Gurugram,Human Resources,CC500,Talent Acquisition Specialist,G2,Permanent,Hybrid,2022-06-10,,Active,,1.0,PhD,9,Internal Mobility,No
E01238,Employee 1238,Male,1986-09-29,Bengaluru,Human Resources,CC500,L&D Specialist,G6,Contract,Hybrid,2026-08-28,,Active,,0.5,M.Tech,7,Referral,No
E01239,Employee 1239,Female,1982-05-02,Gurugram,Supply Chain,CC800,Logistics Manager,G4,Permanent,Hybrid,2023-09-11,,Active,,1.0,B.Tech,4,LinkedIn,No
E01240,Employee 1240,Female,1981-03-10,Chennai,Customer Success,CC700,Customer Success Executive,G4,Permanent,Hybrid,2022-10-16,2023-12-03,Exited,E04020,1.0,B.Tech,10,Company Website,No
E01241,Employee 1241,Female,1980-12-24,Bengaluru,Finance,CC400,Finance Manager,G2,Permanent,Hybrid,2025-09-20,,Active,E02983,1.0,Bachelor's,9,Internal Mobility,No
E01242,Employee 1242,Male,2003-11-07,Chennai,Operations,CC300,Team Lead,G4,Permanent,Remote,2025-11-07,2026-05-08,Exited,E00766,1.0,MBA,9,LinkedIn,No
E01243,Employee 1243,Female,1992-05-02,Hyderabad,Marketing,CC600,Brand Manager,G3,Contract,Hybrid,2022-01-01,,Active,,0.5,M.Tech,5,Agency,Yes
E01244,Employee 1244,Female,1986-11-25,Bengaluru,Customer Success,CC700,Customer Success Manager,G3,Permanent,Hybrid,2025-07-24,,Active,E02406,1.0,MBA,18,Referral,No
E01245,Employee 1245,Male,1990-01-29,Pune,Sales,CC200,Account Manager,G4,Permanent,Remote,2024-11-02,,Active,,1.0,Master's,13,Campus,No
E01246,Employee 1246,Female,1985-06-29,Chennai,Sales,CC200,Sales Analyst,G2,Permanent,Hybrid,2024-08-09,,Active,E02387,1.0,PhD,15,Referral,No
E01247,Employee 1247,Male,1988-08-30,Hyderabad,Customer Success,CC700,Support Analyst,G5,Contract,Onsite,2024-03-09,,Active,,0.75,PhD,15,LinkedIn,No
E01248,Employee 1248,Male,1992-09-22,Bengaluru,Technology,CC100,Data Analyst,G4,Contract,Hybrid,2022-03-02,2023-07-23,Exited,E03607,0.75,M.Tech,15,Campus,No
E01249,Employee 1249,Female,1983-08-25,Mumbai,Customer Success,CC700,Customer Success Manager,G4,Permanent,Remote,2017-03-05,,Active,,1.0,PhD,8,Company Website,No
E01250,Employee 1250,Female,1995-05-18,Mumbai,Sales,CC200,Regional Sales Manager,G3,Contract,Hybrid,2021-05-26,2025-12-15,Exited,E03188,0.5,M.Tech,3,Company Website,No
E01251,Employee 1251,Female,1995-03-17,Hyderabad,Technology,CC100,Software Engineer,G3,Permanent,Onsite,2020-02-27,,Active,E03193,1.0,M.Tech,1,Company Website,Yes
E01252,Employee 1252,Female,1993-01-06,Pune,Supply Chain,CC800,Procurement Specialist,G2,Contract,Remote,2024-02-18,,Active,E01083,1.0,Bachelor's,17,Internal Mobility,No
E01253,Employee 1253,Female,1990-03-22,Chennai,Sales,CC200,Sales Analyst,G3,Permanent,Onsite,2024-01-20,,Active,E02087,1.0,PhD,11,LinkedIn,No
E01254,Employee 1254,Female,1996-05-05,Noida,Operations,CC300,Team Lead,G6,Permanent,Onsite,2020-12-25,,Active,,1.0,Master's,17,Referral,No
E01255,Employee 1255,Female,1994-10-04,Chennai,Technology,CC100,Data Scientist,G6,Permanent,Hybrid,2021-10-27,2022-09-10,Exited,E02580,1.0,M.Tech,2,Job Portal,No
E01256,Employee 1256,Male,1995-02-20,Mumbai,Human Resources,CC500,L&D Specialist,G3,Permanent,Onsite,2022-11-25,,Active,E03444,1.0,Bachelor's,16,Internal Mobility,No
E01257,Employee 1257,Female,1986-08-27,Pune,Customer Success,CC700,Customer Success Manager,G3,Contract,Hybrid,2017-06-29,,Active,E03552,0.75,M.Tech,9,LinkedIn,No
E01258,Employee 1258,Male,1988-03-12,Bengaluru,Operations,CC300,Operations Manager,G1,Permanent,Remote,2021-07-27,,Active,E04993,1.0,Master's,11,Job Portal,No
E01259,Employee 1259,Male,1980-08-23,Hyderabad,Operations,CC300,Operations Analyst,G3,Permanent,Hybrid,2021-10-14,,Active,E01976,1.0,PhD,9,Agency,Yes
E01260,Employee 1260,Male,1982-02-18,Noida,Technology,CC100,Engineering Manager,G3,Permanent,Hybrid,2022-01-07,,Active,E02993,1.0,PhD,13,LinkedIn,No
E01261,Employee 1261,Male,1981-04-24,Gurugram,Supply Chain,CC800,Planner,G3,Permanent,Onsite,2019-01-29,,Active,E02987,1.0,MBA,13,Referral,No
E01262,Employee 1262,Female,1992-09-05,Bengaluru,Customer Success,CC700,Customer Success Executive,G4,Permanent,Hybrid,2017-04-23,,Active,,1.0,PhD,11,Job Portal,No
E01263,Employee 1263,Female,1984-08-29,Bengaluru,Finance,CC400,Finance Analyst,G2,Intern,Hybrid,2024-06-03,,Active,E01134,1.0,MBA,15,LinkedIn,No
E01264,Employee 1264,Male,1979-04-15,Hyderabad,Operations,CC300,Team Lead,G3,Permanent,Hybrid,2018-04-28,,Active,E02226,1.0,MBA,10,LinkedIn,Yes
E01265,Employee 1265,Non-binary,1977-09-26,Hyderabad,Sales,CC200,Regional Sales Manager,G5,Permanent,Hybrid,2017-02-27,,Active,,1.0,MBA,15,LinkedIn,No
E01266,Employee 1266,Female,1986-04-14,Hyderabad,Sales,CC200,Key Account Manager,G3,Permanent,Hybrid,2023-03-01,,Active,E02926,1.0,MBA,0,Job Portal,No
E01267,Employee 1267,Male,1983-03-28,Mumbai,Customer Success,CC700,Customer Success Manager,G3,Permanent,Hybrid,2024-11-12,,Active,E04800,1.0,M.Tech,8,Job Portal,No
E01268,Employee 1268,Female,1985-07-09,Bengaluru,Finance,CC400,Finance Manager,G2,Permanent,Remote,2024-01-14,,Active,E03484,1.0,M.Tech,5,Job Portal,No
E01269,Employee 1269,Female,1996-10-09,Mumbai,Operations,CC300,Operations Analyst,G3,Permanent,Onsite,2019-08-08,,Active,E01213,1.0,M.Tech,12,Referral,No
E01270,Employee 1270,Male,1995-11-12,Bengaluru,Customer Success,CC700,Customer Success Manager,G5,Contract,Hybrid,2024-08-06,,Active,,0.5,Bachelor's,7,Campus,No
E01271,Employee 1271,Female,1980-09-11,Bengaluru,Finance,CC400,Finance Manager,G3,Permanent,Hybrid,2019-11-24,,Active,E04913,1.0,Bachelor's,15,Campus,No
E01272,Employee 1272,Female,1995-10-11,Noida,Operations,CC300,Team Lead,G3,Permanent,Hybrid,2019-08-06,,Active,E00452,1.0,Master's,8,Campus,No
E01273,Employee 1273,Male,1973-07-31,Pune,Sales,CC200,Sales Executive,G3,Permanent,Hybrid,2018-06-14,,Active,E00589,1.0,B.Tech,15,Company Website,No
E01274,Employee 1274,Female,1981-12-18,Hyderabad,Finance,CC400,Senior Finance Analyst,G4,Permanent,Remote,2020-05-30,,Active,,1.0,Bachelor's,8,LinkedIn,Yes
E01275,Employee 1275,Female,2001-01-24,Bengaluru,Human Resources,CC500,L&D Specialist,G3,Permanent,Hybrid,2025-02-15,,Active,E01525,1.0,PhD,5,LinkedIn,No
E01276,Employee 1276,Non-binary,1980-05-09,Chennai,Supply Chain,CC800,Supply Chain Analyst,G2,Permanent,Hybrid,2022-06-10,,Active,E03848,1.0,Master's,7,Job Portal,No
E01277,Employee 1277,Male,1990-09-14,Pune,Marketing,CC600,Product Marketing Manager,G3,Permanent,Onsite,2024-04-24,,Active,E03758,1.0,Master's,11,Job Portal,No
E01278,Employee 1278,Male,1997-02-17,Pune,Human Resources,CC500,HR Manager,G3,Permanent,Remote,2026-03-25,,Active,E02646,1.0,Bachelor's,2,Internal Mobility,No
E01279,Employee 1279,Female,1994-08-31,Bengaluru,Human Resources,CC500,HR Business Partner,G2,Permanent,Hybrid,2019-11-07,,Active,E01968,1.0,PhD,8,Agency,No
E01280,Employee 1280,Male,1983-10-26,Chennai,Customer Success,CC700,Customer Success Manager,G5,Permanent,Hybrid,2017-03-02,,Active,,1.0,MBA,11,LinkedIn,No
E01281,Employee 1281,Female,1997-07-30,Bengaluru,Technology,CC100,Software Engineer,G3,Permanent,Onsite,2025-06-23,2026-02-23,Exited,,1.0,M.Tech,0,LinkedIn,Yes
E01282,Employee 1282,Male,1997-03-05,Gurugram,Sales,CC200,Key Account Manager,G2,Contract,Remote,2023-09-27,,Active,E04461,0.75,MBA,6,Job Portal,No
E01283,Employee 1283,Female,1982-06-12,Bengaluru,Finance,CC400,Finance Analyst,G2,Permanent,Remote,2023-03-18,,Active,,1.0,PhD,5,Job Portal,No
E01284,Employee 1284,Female,1989-04-30,Bengaluru,Supply Chain,CC800,Planner,G3,Permanent,Hybrid,2017-01-01,,Active,E03910,1.0,B.Tech,16,Referral,No
E01285,Employee 1285,Male,1998-01-26,Mumbai,Operations,CC300,Team Lead,G2,Permanent,Hybrid,2026-05-04,,Active,E00649,1.0,Bachelor's,12,Agency,No
E01286,Employee 1286,Non-binary,1993-08-24,Gurugram,Technology,CC100,Data Scientist,G1,Permanent,Hybrid,2018-01-09,,Active,E03818,1.0,PhD,15,Job Portal,No
E01287,Employee 1287,Female,1984-05-25,Hyderabad,Customer Success,CC700,Customer Success Manager,G3,Permanent,Hybrid,2023-09-06,,Active,E02821,1.0,PhD,9,Job Portal,No
E01288,Employee 1288,Male,1996-07-28,Mumbai,Operations,CC300,Operations Executive,G4,Permanent,Remote,2020-12-27,,Active,,1.0,Master's,10,Campus,No
E01289,Employee 1289,Female,1982-09-22,Hyderabad,Marketing,CC600,Product Marketing Manager,G3,Permanent,Onsite,2025-07-01,,Active,E01297,1.0,MBA,9,Job Portal,No
E01290,Employee 1290,Female,1981-05-09,Bengaluru,Human Resources,CC500,L&D Specialist,G2,Permanent,Hybrid,2018-07-11,,Active,E04975,1.0,PhD,4,LinkedIn,No
E01291,Employee 1291,Female,1993-02-10,Gurugram,Customer Success,CC700,Support Analyst,G1,Permanent,Onsite,2017-11-27,,Active,E00675,1.0,Master's,4,Campus,No
E01292,Employee 1292,Male,1980-10-10,Noida,Sales,CC200,Account Manager,G4,Permanent,Hybrid,2023-11-29,,Active,,1.0,B.Tech,17,Job Portal,No
E01293,Employee 1293,Female,1996-11-30,Chennai,Operations,CC300,Team Lead,G2,Permanent,Hybrid,2025-03-04,,Active,E00590,1.0,PhD,11,Company Website,No
E01294,Employee 1294,Female,1980-03-05,Bengaluru,Supply Chain,CC800,Logistics Manager,G3,Permanent,Hybrid,2024-03-12,,Active,E00685,1.0,MBA,7,LinkedIn,No
E01295,Employee 1295,Female,1979-09-03,Gurugram,Technology,CC100,Tech Lead,G3,Permanent,Onsite,2021-05-16,2023-04-18,Exited,E00216,1.0,PhD,14,Referral,Yes
E01296,Employee 1296,Female,1994-05-26,Gurugram,Finance,CC400,Finance Manager,G4,Permanent,Hybrid,2020-04-13,,Active,,1.0,B.Tech,16,Campus,No
E01297,Employee 1297,Male,1987-07-13,Bengaluru,Marketing,CC600,Product Marketing Manager,G6,Permanent,Hybrid,2024-01-05,,Active,,1.0,B.Tech,2,Campus,Yes
E01298,Employee 1298,Female,1991-08-30,Pune,Sales,CC200,Key Account Manager,G2,Permanent,Remote,2025-04-23,,Active,E04472,1.0,M.Tech,5,LinkedIn,No
E01299,Employee 1299,Male,1984-02-14,Hyderabad,Technology,CC100,Tech Lead,G1,Permanent,Onsite,2017-04-23,,Active,E01007,1.0,Bachelor's,4,Internal Mobility,No
E01300,Employee 1300,Male,1983-11-30,Mumbai,Operations,CC300,Operations Executive,G3,Permanent,Hybrid,2021-09-08,,Active,E02766,1.0,PhD,4,Job Portal,No
E01301,Employee 1301,Female,1988-06-06,Gurugram,Human Resources,CC500,Talent Acquisition Specialist,G1,Permanent,Onsite,2018-10-02,,Active,E02273,1.0,Master's,17,Job Portal,No
E01302,Employee 1302,Male,1995-07-06,Mumbai,Supply Chain,CC800,Procurement Specialist,G3,Contract,Onsite,2017-03-25,,Active,E02234,1.0,PhD,5,Internal Mobility,No
E01303,Employee 1303,Male,1993-08-22,Gurugram,Supply Chain,CC800,Logistics Manager,G6,Permanent,Hybrid,2017-11-12,,Active,,1.0,Bachelor's,0,Job Portal,No
E01304,Employee 1304,Male,1993-05-30,Hyderabad,Marketing,CC600,Digital Marketing Analyst,G4,Permanent,Hybrid,2017-06-27,,Active,,1.0,Bachelor's,1,Internal Mobility,No
E01305,Employee 1305,Female,1988-03-30,Mumbai,Human Resources,CC500,HR Executive,G4,Contract,Hybrid,2026-05-19,,Active,,0.5,Master's,18,LinkedIn,No
E01306,Employee 1306,Female,1992-12-10,Noida,Supply Chain,CC800,Planner,G3,Permanent,Onsite,2023-12-17,2026-02-18,Exited,E01229,1.0,PhD,4,Internal Mobility,No
E01307,Employee 1307,Female,1993-12-26,Mumbai,Human Resources,CC500,HR Manager,G4,Permanent,Onsite,2023-09-13,,Active,,1.0,MBA,8,Campus,No
E01308,Employee 1308,Male,1990-05-22,Noida,Operations,CC300,Team Lead,G5,Permanent,Remote,2019-06-16,,Active,,1.0,Bachelor's,0,Referral,No
E01309,Employee 1309,Female,1997-09-20,Chennai,Customer Success,CC700,Customer Success Executive,G4,Permanent,Hybrid,2019-12-31,,Active,,1.0,M.Tech,18,Company Website,No
E01310,Employee 1310,Male,1981-07-08,Bengaluru,Operations,CC300,Operations Manager,G3,Permanent,Hybrid,2020-07-11,2020-10-25,Exited,E04346,1.0,Bachelor's,11,Campus,No
E01311,Employee 1311,Female,1989-11-10,Chennai,Customer Success,CC700,Customer Success Executive,G5,Permanent,Remote,2018-06-19,,Active,,1.0,Master's,5,Agency,No
E01312,Employee 1312,Male,1995-07-04,Mumbai,Human Resources,CC500,L&D Specialist,G4,Permanent,Remote,2020-06-24,2025-06-18,Exited,E03726,1.0,PhD,0,Job Portal,No
E01313,Employee 1313,Male,1980-05-27,Bengaluru,Human Resources,CC500,Talent Acquisition Specialist,G3,Permanent,Hybrid,2024-10-17,,Active,E00301,1.0,Master's,9,Campus,No
E01314,Employee 1314,Female,1992-10-31,Chennai,Customer Success,CC700,Customer Success Executive,G4,Permanent,Remote,2025-10-18,,Active,,1.0,Bachelor's,13,LinkedIn,No
E01315,Employee 1315,Male,1984-02-17,Gurugram,Marketing,CC600,Product Marketing Manager,G2,Permanent,Hybrid,2017-03-06,2025-08-04,Exited,E01902,1.0,MBA,16,Agency,No
E01316,Employee 1316,Male,1985-01-29,Pune,Human Resources,CC500,HR Executive,G1,Contract,Hybrid,2018-02-21,,Active,E04792,0.5,B.Tech,14,LinkedIn,No
E01317,Employee 1317,Male,1995-01-27,Bengaluru,Human Resources,CC500,HR Business Partner,G4,Permanent,Onsite,2025-01-09,,Active,,1.0,PhD,12,Internal Mobility,No
E01318,Employee 1318,Female,1978-02-15,Hyderabad,Supply Chain,CC800,Logistics Manager,G2,Permanent,Hybrid,2022-07-17,,Active,E02610,1.0,PhD,11,LinkedIn,No
E01319,Employee 1319,Male,1991-01-14,Noida,Finance,CC400,Finance Analyst,G3,Permanent,Remote,2022-12-08,,Active,,1.0,PhD,15,Referral,No
E01320,Employee 1320,Female,1995-07-24,Pune,Supply Chain,CC800,Supply Chain Analyst,G4,Permanent,Remote,2022-06-04,,Active,,1.0,Bachelor's,6,Company Website,No
E01321,Employee 1321,Female,1996-03-22,Pune,Marketing,CC600,Digital Marketing Analyst,G2,Permanent,Hybrid,2020-06-29,2023-04-22,Exited,E02027,1.0,Bachelor's,8,Internal Mobility,No
E01322,Employee 1322,Male,1990-08-20,Hyderabad,Sales,CC200,Sales Analyst,G3,Permanent,Hybrid,2017-06-26,2018-07-22,Exited,,1.0,Master's,4,Campus,No
E01323,Employee 1323,Female,1986-04-23,Bengaluru,Operations,CC300,Operations Manager,G3,Permanent,Hybrid,2023-01-11,,Active,E04088,1.0,PhD,4,Agency,No
E01324,Employee 1324,Male,1994-02-01,Hyderabad,Human Resources,CC500,HR Business Partner,G5,Permanent,Hybrid,2023-06-11,,Active,,1.0,M.Tech,7,Job Portal,No
E01325,Employee 1325,Female,1992-05-12,Chennai,Sales,CC200,Account Manager,G2,Permanent,Onsite,2022-11-07,2025-11-16,Exited,E01343,1.0,Bachelor's,17,Job Portal,No
E01326,Employee 1326,Female,1978-01-12,Gurugram,Supply Chain,CC800,Planner,G4,Contract,Onsite,2017-03-23,,Active,,0.5,B.Tech,15,Referral,No
E01327,Employee 1327,Non-binary,1982-02-25,Bengaluru,Human Resources,CC500,Talent Acquisition Specialist,G3,Permanent,Remote,2020-04-29,,Active,E00345,1.0,M.Tech,1,Company Website,No
E01328,Employee 1328,Male,1988-12-11,Mumbai,Supply Chain,CC800,Planner,G4,Permanent,Hybrid,2024-10-29,,Active,,1.0,Master's,17,Internal Mobility,No
E01329,Employee 1329,Female,1995-11-08,Hyderabad,Finance,CC400,Finance Manager,G3,Permanent,Hybrid,2021-11-19,,Active,E04338,1.0,MBA,5,Agency,No
E01330,Employee 1330,Male,1992-02-09,Gurugram,Marketing,CC600,Marketing Executive,G2,Permanent,Hybrid,2023-11-13,,Active,E00243,1.0,PhD,7,Company Website,No
E01331,Employee 1331,Male,1990-06-03,Gurugram,Human Resources,CC500,L&D Specialist,G3,Permanent,Hybrid,2025-03-18,,Active,E04117,1.0,Bachelor's,4,Agency,No
E01332,Employee 1332,Male,1994-01-06,Chennai,Human Resources,CC500,HR Executive,G2,Permanent,Onsite,2020-03-31,,Active,,1.0,B.Tech,10,LinkedIn,Yes
E01333,Employee 1333,Male,1990-10-25,Noida,Marketing,CC600,Brand Manager,G3,Permanent,Onsite,2020-02-12,,Active,E03283,1.0,B.Tech,1,Internal Mobility,No
E01334,Employee 1334,Female,1982-10-17,Bengaluru,Finance,CC400,Senior Finance Analyst,G2,Permanent,Hybrid,2019-10-07,,Active,E04492,1.0,MBA,7,Job Portal,Yes
E01335,Employee 1335,Female,1999-06-16,Hyderabad,Marketing,CC600,Marketing Executive,G5,Permanent,Hybrid,2023-07-01,,Active,,1.0,M.Tech,7,Agency,Yes
E01336,Employee 1336,Female,1992-01-19,Chennai,Technology,CC100,Software Engineer,G5,Permanent,Onsite,2018-02-21,,Active,,1.0,MBA,16,Company Website,Yes
E01337,Employee 1337,Female,1977-01-18,Noida,Customer Success,CC700,Customer Success Manager,G1,Contract,Onsite,2017-12-26,,Active,E02092,0.75,Bachelor's,0,Internal Mobility,Yes
E01338,Employee 1338,Female,1998-12-08,Chennai,Human Resources,CC500,HR Manager,G4,Permanent,Onsite,2021-01-06,,Active,,1.0,B.Tech,3,Company Website,No
E01339,Employee 1339,Non-binary,1995-11-22,Pune,Customer Success,CC700,Customer Success Executive,G3,Permanent,Hybrid,2020-12-23,,Active,E03532,1.0,Bachelor's,15,Internal Mobility,Yes
E01340,Employee 1340,Female,1976-05-24,Noida,Customer Success,CC700,Customer Success Executive,G5,Intern,Onsite,2019-05-02,,Active,,0.5,Master's,2,Company Website,No
E01341,Employee 1341,Male,1993-01-31,Hyderabad,Operations,CC300,Operations Analyst,G2,Contract,Hybrid,2020-06-18,,Active,E00997,0.75,PhD,7,Internal Mobility,No
E01342,Employee 1342,Female,1978-06-26,Bengaluru,Human Resources,CC500,L&D Specialist,G3,Permanent,Onsite,2022-02-12,,Active,E00146,1.0,MBA,2,Referral,No
E01343,Employee 1343,Female,1973-04-05,Hyderabad,Finance,CC400,Finance Manager,G4,Permanent,Onsite,2017-01-25,,Active,,1.0,PhD,0,Company Website,No
E01344,Employee 1344,Non-binary,1987-03-04,Noida,Human Resources,CC500,L&D Specialist,G5,Permanent,Hybrid,2018-05-08,,Active,,1.0,Master's,18,Agency,No
E01345,Employee 1345,Female,1973-09-28,Bengaluru,Sales,CC200,Account Manager,G3,Permanent,Onsite,2017-12-23,,Active,E04629,1.0,PhD,4,Internal Mobility,No
E01346,Employee 1346,Female,1998-12-27,Noida,Marketing,CC600,Digital Marketing Analyst,G4,Permanent,Hybrid,2026-03-08,,Active,,1.0,Bachelor's,16,Campus,No
E01347,Employee 1347,Male,1997-02-15,Bengaluru,Supply Chain,CC800,Logistics Manager,G6,Contract,Hybrid,2023-12-21,,Active,,1.0,M.Tech,14,Company Website,No
E01348,Employee 1348,Non-binary,1994-03-20,Hyderabad,Supply Chain,CC800,Supply Chain Analyst,G3,Permanent,Onsite,2024-02-08,,Active,E03749,1.0,MBA,5,Referral,Yes
E01349,Employee 1349,Male,1984-02-06,Noida,Sales,CC200,Sales Executive,G4,Permanent,Hybrid,2022-08-06,2024-01-13,Exited,E03913,1.0,M.Tech,18,Job Portal,Yes
E01350,Employee 1350,Male,1975-10-19,Hyderabad,Operations,CC300,Team Lead,G3,Permanent,Hybrid,2020-04-26,2021-07-02,Exited,E00343,1.0,PhD,5,Company Website,No
E01351,Employee 1351,Male,1994-02-19,Hyderabad,Marketing,CC600,Brand Manager,G3,Permanent,Hybrid,2022-11-03,,Active,E02501,1.0,Bachelor's,4,Agency,No
E01352,Employee 1352,Female,2000-12-26,Bengaluru,Customer Success,CC700,Customer Success Manager,G2,Permanent,Onsite,2023-06-14,,Active,E00293,1.0,B.Tech,8,LinkedIn,No
E01353,Employee 1353,Female,1988-05-25,Gurugram,Sales,CC200,Sales Executive,G1,Permanent,Onsite,2024-09-11,,Active,E02013,1.0,B.Tech,18,Referral,No
E01354,Employee 1354,Female,1996-11-16,Hyderabad,Operations,CC300,Operations Executive,G4,Permanent,Hybrid,2022-03-18,,Active,,1.0,MBA,15,Internal Mobility,Yes
E01355,Employee 1355,Male,1999-08-16,Noida,Finance,CC400,Finance Analyst,G4,Permanent,Hybrid,2026-07-28,,Active,,1.0,Bachelor's,15,Referral,No
E01356,Employee 1356,Female,1981-04-06,Noida,Human Resources,CC500,HR Business Partner,G5,Permanent,Onsite,2021-04-02,,Active,,1.0,MBA,15,Referral,No
E01357,Employee 1357,Female,1977-07-01,Bengaluru,Supply Chain,CC800,Logistics Manager,G3,Permanent,Onsite,2018-10-14,,Active,E04562,1.0,Master's,1,Agency,No
E01358,Employee 1358,Non-binary,1980-08-15,Hyderabad,Operations,CC300,Operations Executive,G3,Permanent,Onsite,2024-11-13,,Active,E03093,1.0,B.Tech,0,Campus,No
E01359,Employee 1359,Female,1998-02-05,Chennai,Sales,CC200,Account Manager,G3,Permanent,Hybrid,2026-07-19,,Active,E04975,1.0,Master's,3,Campus,No
E01360,Employee 1360,Female,1974-02-27,Bengaluru,Marketing,CC600,Digital Marketing Analyst,G1,Permanent,Onsite,2017-10-28,2023-04-10,Exited,E04990,1.0,MBA,18,Referral,Yes
E01361,Employee 1361,Female,1985-07-05,Pune,Marketing,CC600,Marketing Executive,G2,Contract,Hybrid,2018-08-20,2021-03-21,Exited,E01569,0.75,PhD,8,Campus,Yes
E01362,Employee 1362,Female,1978-09-20,Hyderabad,Human Resources,CC500,Talent Acquisition Specialist,G4,Permanent,Hybrid,2020-02-29,,Active,,1.0,Master's,15,LinkedIn,No
E01363,Employee 1363,Female,1994-06-29,Mumbai,Customer Success,CC700,Support Analyst,G6,Permanent,Hybrid,2019-03-12,,Active,,1.0,M.Tech,8,Agency,No
E01364,Employee 1364,Female,1985-03-05,Bengaluru,Operations,CC300,Team Lead,G2,Intern,Hybrid,2021-04-07,2021-12-24,Exited,E04313,1.0,Bachelor's,15,Company Website,No
E01365,Employee 1365,Male,1982-07-06,Pune,Customer Success,CC700,Customer Success Manager,G4,Permanent,Onsite,2021-12-31,2024-01-08,Exited,E04170,1.0,Bachelor's,16,Company Website,No
E01366,Employee 1366,Female,1999-09-27,Hyderabad,Technology,CC100,Data Scientist,G5,Permanent,Onsite,2021-10-05,,Active,,1.0,PhD,0,Company Website,No
E01367,Employee 1367,Female,1990-08-08,Noida,Sales,CC200,Sales Analyst,G2,Permanent,Onsite,2017-07-08,,Active,E03358,1.0,M.Tech,8,Campus,No
E01368,Employee 1368,Male,1989-04-17,Mumbai,Customer Success,CC700,Customer Success Manager,G4,Permanent,Onsite,2018-08-21,,Active,,1.0,PhD,18,Agency,No
E01369,Employee 1369,Female,1987-04-12,Bengaluru,Supply Chain,CC800,Logistics Manager,G5,Permanent,Hybrid,2020-08-13,,Active,,1.0,B.Tech,15,Internal Mobility,No
E01370,Employee 1370,Male,1995-10-23,Chennai,Operations,CC300,Team Lead,G3,Permanent,Onsite,2019-03-18,,Active,E04340,1.0,B.Tech,9,LinkedIn,No
E01371,Employee 1371,Non-binary,1980-09-19,Bengaluru,Supply Chain,CC800,Procurement Specialist,G2,Permanent,Remote,2020-05-20,,Active,E03671,1.0,Bachelor's,16,Referral,No
E01372,Employee 1372,Female,1982-02-09,Mumbai,Marketing,CC600,Marketing Executive,G3,Permanent,Hybrid,2018-04-10,,Active,E04968,1.0,PhD,11,Company Website,No
E01373,Employee 1373,Male,1977-07-13,Mumbai,Sales,CC200,Account Manager,G3,Contract,Onsite,2020-10-13,,Active,E01141,1.0,B.Tech,9,Referral,No
E01374,Employee 1374,Male,1984-08-09,Bengaluru,Customer Success,CC700,Customer Success Executive,G4,Permanent,Hybrid,2025-03-29,2026-08-05,Exited,E01368,1.0,Bachelor's,7,Referral,Yes
E01375,Employee 1375,Male,1976-05-07,Bengaluru,Finance,CC400,Finance Analyst,G4,Permanent,Onsite,2018-02-19,2024-08-22,Exited,,1.0,MBA,12,Campus,No
E01376,Employee 1376,Female,1995-05-18,Bengaluru,Marketing,CC600,Marketing Executive,G4,Permanent,Hybrid,2026-01-25,,Active,,1.0,PhD,2,LinkedIn,No
E01377,Employee 1377,Female,1995-09-17,Bengaluru,Customer Success,CC700,Customer Success Executive,G6,Permanent,Hybrid,2023-01-18,,Active,,1.0,B.Tech,8,Agency,No
E01378,Employee 1378,Male,1980-11-08,Gurugram,Technology,CC100,Senior Software Engineer,G2,Contract,Hybrid,2021-05-09,,Active,E02993,1.0,PhD,3,Job Portal,No
E01379,Employee 1379,Female,1987-03-16,Hyderabad,Operations,CC300,Operations Manager,G3,Permanent,Hybrid,2020-05-25,,Active,E02176,1.0,Bachelor's,9,LinkedIn,No
E01380,Employee 1380,Male,2003-04-24,Hyderabad,Operations,CC300,Team Lead,G3,Permanent,Hybrid,2025-07-29,,Active,E03683,1.0,B.Tech,5,Job Portal,No
E01381,Employee 1381,Male,1998-08-28,Mumbai,Customer Success,CC700,Customer Success Executive,G3,Permanent,Hybrid,2024-11-14,2026-05-26,Exited,E04565,1.0,Master's,4,LinkedIn,No
E01382,Employee 1382,Female,1978-04-11,Bengaluru,Operations,CC300,Operations Executive,G4,Permanent,Hybrid,2017-07-02,,Active,,1.0,Bachelor's,18,Company Website,No
E01383,Employee 1383,Female,1996-01-11,Bengaluru,Sales,CC200,Regional Sales Manager,G3,Contract,Hybrid,2022-08-01,,Active,E00001,0.75,M.Tech,3,Campus,No
E01384,Employee 1384,Female,1984-05-14,Pune,Customer Success,CC700,Customer Success Manager,G4,Permanent,Hybrid,2017-09-13,,Active,,1.0,PhD,17,Referral,No
E01385,Employee 1385,Male,1985-09-09,Bengaluru,Customer Success,CC700,Support Analyst,G5,Permanent,Hybrid,2025-04-24,,Active,,1.0,B.Tech,18,Referral,No
E01386,Employee 1386,Female,1980-07-05,Pune,Human Resources,CC500,HR Executive,G2,Permanent,Hybrid,2019-10-04,,Active,E04235,1.0,Master's,0,Company Website,Yes
E01387,Employee 1387,Male,1991-03-12,Pune,Finance,CC400,Senior Finance Analyst,G3,Permanent,Hybrid,2019-11-25,2023-02-23,Exited,E03691,1.0,PhD,10,Campus,No
E01388,Employee 1388,Female,1998-02-08,Bengaluru,Customer Success,CC700,Customer Success Executive,G4,Permanent,Hybrid,2025-10-30,,Active,,1.0,B.Tech,7,Job Portal,No
E01389,Employee 1389,Female,1989-01-08,Pune,Operations,CC300,Operations Analyst,G4,Permanent,Hybrid,2025-11-09,,Active,,1.0,Master's,11,Company Website,No
E01390,Employee 1390,Male,2001-01-10,Hyderabad,Marketing,CC600,Digital Marketing Analyst,G5,Permanent,Hybrid,2024-04-30,,Active,,1.0,Master's,4,Company Website,No
E01391,Employee 1391,Male,1977-07-30,Bengaluru,Operations,CC300,Operations Analyst,G2,Permanent,Onsite,2021-12-21,2022-06-08,Exited,E04591,1.0,M.Tech,9,Job Portal,No
E01392,Employee 1392,Male,1996-10-19,Hyderabad,Technology,CC100,Tech Lead,G5,Contract,Hybrid,2024-09-04,,Active,,0.75,M.Tech,2,Company Website,No
E01393,Employee 1393,Male,1996-06-26,Bengaluru,Human Resources,CC500,HR Executive,G3,Permanent,Hybrid,2023-08-02,,Active,E04004,1.0,Master's,17,Job Portal,No
E01394,Employee 1394,Male,2000-04-29,Mumbai,Operations,CC300,Operations Manager,G4,Permanent,Hybrid,2026-02-01,,Active,,1.0,Bachelor's,6,Agency,Yes
E01395,Employee 1395,Female,1993-12-31,Mumbai,Technology,CC100,Senior Software Engineer,G4,Permanent,Hybrid,2021-12-11,,Active,,1.0,MBA,2,Agency,No
E01396,Employee 1396,Male,1999-11-13,Gurugram,Sales,CC200,Sales Analyst,G2,Contract,Hybrid,2025-07-08,,Active,E01747,0.5,Bachelor's,1,Campus,No
E01397,Employee 1397,Male,1992-10-23,Bengaluru,Operations,CC300,Operations Manager,G3,Contract,Onsite,2020-06-15,,Active,E00677,0.5,M.Tech,18,Company Website,Yes
E01398,Employee 1398,Male,1976-10-07,Mumbai,Marketing,CC600,Brand Manager,G4,Permanent,Hybrid,2021-03-17,,Active,,1.0,Bachelor's,16,Job Portal,No
E01399,Employee 1399,Male,1974-01-22,Chennai,Supply Chain,CC800,Logistics Manager,G1,Permanent,Onsite,2017-12-17,,Active,E03634,1.0,M.Tech,0,Internal Mobility,No
E01400,Employee 1400,Female,1997-05-10,Gurugram,Technology,CC100,Data Analyst,G3,Permanent,Hybrid,2022-05-26,2024-11-30,Exited,E02676,1.0,MBA,8,Company Website,No
E01401,Employee 1401,Female,1977-08-31,Mumbai,Finance,CC400,Finance Analyst,G4,Permanent,Onsite,2017-11-24,,Active,,1.0,Bachelor's,16,Company Website,No
E01402,Employee 1402,Female,1978-09-17,Gurugram,Technology,CC100,Software Engineer,G1,Permanent,Hybrid,2017-01-11,,Active,E02252,1.0,M.Tech,6,Referral,No
E01403,Employee 1403,Female,1996-08-12,Pune,Marketing,CC600,Marketing Executive,G3,Permanent,Onsite,2022-12-19,,Active,E02485,1.0,PhD,9,LinkedIn,No
E01404,Employee 1404,Female,1992-04-15,Chennai,Sales,CC200,Sales Analyst,G3,Contract,Hybrid,2021-10-15,,Active,E04959,1.0,MBA,17,Agency,No
E01405,Employee 1405,Male,1983-11-14,Mumbai,Marketing,CC600,Brand Manager,G4,Permanent,Hybrid,2024-01-22,,Active,,1.0,B.Tech,1,Internal Mobility,No
E01406,Employee 1406,Female,1981-05-04,Hyderabad,Operations,CC300,Operations Manager,G3,Permanent,Hybrid,2024-10-02,,Active,E04519,1.0,PhD,0,Referral,Yes
E01407,Employee 1407,Male,1996-09-24,Bengaluru,Human Resources,CC500,L&D Specialist,G3,Permanent,Hybrid,2022-01-30,,Active,E04589,1.0,MBA,10,Campus,No
E01408,Employee 1408,Male,2000-01-06,Hyderabad,Technology,CC100,Data Scientist,G4,Permanent,Onsite,2022-07-25,,Active,,1.0,Bachelor's,3,Agency,No
E01409,Employee 1409,Male,1999-12-29,Hyderabad,Finance,CC400,Finance Manager,G4,Permanent,Hybrid,2026-06-29,,Active,,1.0,M.Tech,18,Company Website,No
E01410,Employee 1410,Female,2002-10-26,Mumbai,Human Resources,CC500,HR Business Partner,G2,Permanent,Remote,2026-06-11,,Active,E04259,1.0,Master's,13,Agency,No
E01411,Employee 1411,Male,1985-04-29,Hyderabad,Human Resources,CC500,L&D Specialist,G4,Permanent,Onsite,2021-10-16,,Active,,1.0,M.Tech,4,Agency,No
E01412,Employee 1412,Female,1979-10-05,Pune,Sales,CC200,Sales Executive,G4,Permanent,Remote,2020-10-04,2021-07-29,Exited,E03926,1.0,Bachelor's,8,LinkedIn,No
E01413,Employee 1413,Male,2000-12-03,Chennai,Finance,CC400,Finance Analyst,G3,Permanent,Onsite,2024-09-12,,Active,E04519,1.0,PhD,13,Referral,No
E01414,Employee 1414,Male,1979-07-16,Pune,Customer Success,CC700,Customer Success Executive,G5,Permanent,Remote,2022-10-28,,Active,,1.0,Master's,12,Internal Mobility,No
E01415,Employee 1415,Male,1998-03-23,Bengaluru,Operations,CC300,Operations Executive,G2,Permanent,Remote,2026-06-05,,Active,E04776,1.0,Bachelor's,9,Campus,No
E01416,Employee 1416,Male,1985-07-14,Noida,Marketing,CC600,Product Marketing Manager,G4,Contract,Hybrid,2017-10-14,,Active,,0.5,PhD,9,Company Website,No
E01417,Employee 1417,Female,1981-03-06,Hyderabad,Technology,CC100,Data Scientist,G5,Permanent,Hybrid,2017-02-08,,Active,,1.0,PhD,11,Campus,No
E01418,Employee 1418,Male,1990-08-07,Pune,Sales,CC200,Sales Executive,G3,Permanent,Hybrid,2019-04-30,,Active,E02366,1.0,M.Tech,2,Agency,No
E01419,Employee 1419,Male,1989-05-24,Hyderabad,Finance,CC400,Senior Finance Analyst,G4,Permanent,Onsite,2026-02-26,,Active,,1.0,B.Tech,4,LinkedIn,No
E01420,Employee 1420,Male,1988-04-17,Chennai,Technology,CC100,Senior Software Engineer,G3,Permanent,Hybrid,2020-07-29,,Active,E04262,1.0,Bachelor's,18,Internal Mobility,Yes
E01421,Employee 1421,Male,1989-06-21,Pune,Supply Chain,CC800,Procurement Specialist,G3,Permanent,Onsite,2026-02-12,,Active,E04456,1.0,B.Tech,2,Campus,No
E01422,Employee 1422,Male,1994-08-09,Noida,Customer Success,CC700,Customer Success Executive,G1,Permanent,Onsite,2025-05-14,,Active,E00995,1.0,MBA,13,Job Portal,Yes
E01423,Employee 1423,Male,1985-05-18,Pune,Marketing,CC600,Digital Marketing Analyst,G5,Permanent,Hybrid,2020-09-28,,Active,,1.0,Master's,14,Company Website,No
E01424,Employee 1424,Female,1991-01-01,Gurugram,Sales,CC200,Sales Analyst,G3,Intern,Hybrid,2024-11-07,,Active,E03137,0.5,PhD,4,Referral,No
E01425,Employee 1425,Female,1975-06-21,Hyderabad,Finance,CC400,Finance Analyst,G1,Permanent,Hybrid,2020-03-21,2025-10-03,Exited,E03281,1.0,M.Tech,18,Internal Mobility,No
E01426,Employee 1426,Female,1974-03-07,Hyderabad,Finance,CC400,Finance Manager,G3,Permanent,Onsite,2018-05-07,,Active,E01157,1.0,Master's,17,Company Website,No
E01427,Employee 1427,Female,1991-12-23,Gurugram,Human Resources,CC500,Talent Acquisition Specialist,G5,Permanent,Hybrid,2019-09-11,,Active,,1.0,MBA,18,Company Website,No
E01428,Employee 1428,Female,1986-12-16,Bengaluru,Technology,CC100,Engineering Manager,G4,Permanent,Onsite,2020-01-12,,Active,,1.0,M.Tech,7,LinkedIn,No
E01429,Employee 1429,Male,1989-10-02,Hyderabad,Customer Success,CC700,Customer Success Manager,G3,Permanent,Remote,2026-03-24,,Active,E03947,1.0,Master's,13,Referral,No
E01430,Employee 1430,Female,1984-02-21,Noida,Supply Chain,CC800,Procurement Specialist,G2,Permanent,Hybrid,2018-12-02,2020-08-06,Exited,E01910,1.0,B.Tech,1,Company Website,No
E01431,Employee 1431,Male,2000-09-07,Pune,Marketing,CC600,Marketing Executive,G3,Contract,Onsite,2025-07-03,,Active,E01771,0.75,MBA,9,Referral,Yes
E01432,Employee 1432,Female,1987-11-02,Mumbai,Sales,CC200,Account Manager,G4,Permanent,Hybrid,2023-12-02,,Active,,1.0,Bachelor's,8,Referral,No
E01433,Employee 1433,Female,1982-06-02,Hyderabad,Finance,CC400,Finance Analyst,G4,Permanent,Onsite,2019-11-12,,Active,,1.0,B.Tech,7,Internal Mobility,No
E01434,Employee 1434,Male,1996-08-14,Noida,Technology,CC100,Data Scientist,G3,Permanent,Hybrid,2018-12-15,,Active,E01416,1.0,Bachelor's,18,LinkedIn,No
E01435,Employee 1435,Female,1977-10-07,Gurugram,Technology,CC100,Data Analyst,G3,Permanent,Hybrid,2017-10-28,,Active,E00191,1.0,MBA,12,LinkedIn,No
E01436,Employee 1436,Female,2001-10-21,Bengaluru,Customer Success,CC700,Support Analyst,G3,Permanent,Onsite,2023-12-31,,Active,E01569,1.0,B.Tech,5,Campus,No
E01437,Employee 1437,Male,2000-10-15,Chennai,Finance,CC400,Finance Manager,G2,Contract,Remote,2025-11-30,,Active,E04616,0.75,Master's,9,LinkedIn,Yes
E01438,Employee 1438,Female,2001-12-08,Bengaluru,Sales,CC200,Key Account Manager,G4,Permanent,Hybrid,2024-05-09,,Active,,1.0,MBA,9,Campus,No
E01439,Employee 1439,Male,1991-05-29,Bengaluru,Supply Chain,CC800,Supply Chain Analyst,G5,Permanent,Hybrid,2019-09-22,,Active,,1.0,Master's,2,Campus,No
E01440,Employee 1440,Male,1990-05-17,Bengaluru,Sales,CC200,Sales Executive,G4,Permanent,Onsite,2023-05-29,,Active,,1.0,B.Tech,2,Campus,No
E01441,Employee 1441,Male,1993-10-15,Hyderabad,Supply Chain,CC800,Supply Chain Analyst,G1,Permanent,Hybrid,2019-08-09,,Active,,1.0,PhD,17,Job Portal,No
E01442,Employee 1442,Female,1995-07-31,Hyderabad,Marketing,CC600,Digital Marketing Analyst,G3,Permanent,Remote,2026-05-19,,Active,E00952,1.0,B.Tech,4,Agency,No
E01443,Employee 1443,Female,1977-07-22,Gurugram,Technology,CC100,Data Scientist,G2,Permanent,Hybrid,2021-09-14,,Active,E04296,1.0,PhD,12,Job Portal,No
E01444,Employee 1444,Male,1993-11-02,Pune,Technology,CC100,Senior Software Engineer,G2,Permanent,Onsite,2021-11-11,,Active,E01469,1.0,Master's,11,Referral,Yes
E01445,Employee 1445,Male,1979-08-21,Bengaluru,Customer Success,CC700,Customer Success Manager,G3,Permanent,Onsite,2018-09-24,,Active,E01700,1.0,B.Tech,6,LinkedIn,No
E01446,Employee 1446,Male,1987-02-01,Bengaluru,Supply Chain,CC800,Logistics Manager,G5,Permanent,Onsite,2021-06-30,2026-05-10,Exited,E00604,1.0,M.Tech,12,Internal Mobility,No
E01447,Employee 1447,Female,1994-03-21,Hyderabad,Customer Success,CC700,Support Analyst,G2,Permanent,Hybrid,2025-02-21,,Active,E04858,1.0,PhD,3,Company Website,No
E01448,Employee 1448,Female,1993-01-30,Bengaluru,Operations,CC300,Operations Manager,G3,Permanent,Hybrid,2024-08-19,,Active,E04521,1.0,Bachelor's,16,Internal Mobility,No
E01449,Employee 1449,Male,1995-01-19,Mumbai,Customer Success,CC700,Support Analyst,G4,Permanent,Hybrid,2017-02-03,,Active,,1.0,B.Tech,16,LinkedIn,No
E01450,Employee 1450,Female,1995-05-03,Noida,Customer Success,CC700,Customer Success Manager,G3,Permanent,Remote,2024-12-05,,Active,E01377,1.0,B.Tech,11,Company Website,No
E01451,Employee 1451,Female,1985-10-21,Bengaluru,Human Resources,CC500,HR Manager,G5,Permanent,Remote,2021-08-08,2023-11-16,Exited,E01229,1.0,Bachelor's,11,Company Website,Yes
E01452,Employee 1452,Male,1981-10-12,Chennai,Customer Success,CC700,Customer Success Executive,G5,Permanent,Remote,2019-05-01,,Active,,1.0,Bachelor's,6,Referral,No
E01453,Employee 1453,Male,1998-03-24,Hyderabad,Human Resources,CC500,L&D Specialist,G2,Permanent,Hybrid,2019-09-04,,Active,E04088,1.0,Master's,17,Job Portal,No
E01454,Employee 1454,Male,1984-10-10,Hyderabad,Finance,CC400,Senior Finance Analyst,G3,Permanent,Remote,2021-10-25,2024-07-17,Exited,E00476,1.0,B.Tech,4,Internal Mobility,No
E01455,Employee 1455,Male,1985-01-31,Hyderabad,Technology,CC100,Software Engineer,G3,Contract,Onsite,2023-12-31,,Active,E02051,0.5,PhD,11,Campus,No
E01456,Employee 1456,Male,1974-10-24,Mumbai,Technology,CC100,Data Scientist,G3,Permanent,Hybrid,2017-12-21,,Active,E04554,1.0,M.Tech,12,Job Portal,No
E01457,Employee 1457,Female,1975-03-31,Bengaluru,Human Resources,CC500,L&D Specialist,G2,Contract,Onsite,2019-10-04,,Active,E01887,0.75,PhD,3,Company Website,Yes
E01458,Employee 1458,Male,1983-11-05,Pune,Finance,CC400,Finance Manager,G2,Permanent,Onsite,2022-10-01,,Active,E03383,1.0,Master's,0,Internal Mobility,No
E01459,Employee 1459,Male,1992-12-03,Chennai,Customer Success,CC700,Customer Success Manager,G2,Permanent,Hybrid,2023-12-20,,Active,E03109,1.0,B.Tech,12,LinkedIn,No
E01460,Employee 1460,Male,1987-04-17,Chennai,Customer Success,CC700,Customer Success Manager,G2,Permanent,Hybrid,2020-08-09,,Active,,1.0,B.Tech,5,Job Portal,No
E01461,Employee 1461,Female,1988-06-30,Gurugram,Customer Success,CC700,Support Analyst,G3,Permanent,Remote,2022-07-29,,Active,E02610,1.0,M.Tech,5,Job Portal,No
E01462,Employee 1462,Female,1992-09-07,Noida,Technology,CC100,Data Scientist,G3,Permanent,Hybrid,2017-05-12,2024-01-20,Exited,E01670,1.0,PhD,5,Internal Mobility,No
E01463,Employee 1463,Male,1987-10-23,Noida,Human Resources,CC500,HR Executive,G3,Contract,Remote,2021-02-26,,Active,E02237,1.0,Master's,0,Company Website,No
E01464,Employee 1464,Female,1984-05-20,Chennai,Human Resources,CC500,Talent Acquisition Specialist,G3,Permanent,Hybrid,2018-11-19,,Active,E01621,1.0,PhD,17,Campus,No
E01465,Employee 1465,Female,1982-10-15,Bengaluru,Marketing,CC600,Digital Marketing Analyst,G3,Permanent,Hybrid,2024-06-13,,Active,E00517,1.0,PhD,0,Campus,No
E01466,Employee 1466,Male,1984-06-07,Hyderabad,Technology,CC100,Senior Software Engineer,G2,Contract,Hybrid,2020-08-26,,Active,E01157,1.0,PhD,18,Company Website,No
E01467,Employee 1467,Male,1999-04-27,Chennai,Finance,CC400,Finance Manager,G5,Permanent,Hybrid,2024-12-26,,Active,,1.0,PhD,3,Agency,No
E01468,Employee 1468,Female,1986-09-30,Mumbai,Operations,CC300,Operations Manager,G4,Permanent,Hybrid,2019-01-24,,Active,,1.0,B.Tech,3,Company Website,Yes
E01469,Employee 1469,Male,1980-01-28,Chennai,Sales,CC200,Regional Sales Manager,G6,Permanent,Hybrid,2024-11-06,,Active,,1.0,PhD,15,Referral,No
E01470,Employee 1470,Female,1983-02-03,Bengaluru,Technology,CC100,Data Analyst,G5,Permanent,Onsite,2021-12-13,,Active,,1.0,B.Tech,17,Job Portal,No
E01471,Employee 1471,Female,1982-05-23,Pune,Marketing,CC600,Product Marketing Manager,G5,Permanent,Onsite,2023-01-13,,Active,,1.0,Master's,18,LinkedIn,No
E01472,Employee 1472,Male,1985-05-15,Chennai,Human Resources,CC500,HR Executive,G2,Permanent,Hybrid,2023-05-26,,Active,E00833,1.0,PhD,13,Internal Mobility,No
E01473,Employee 1473,Female,1993-11-12,Pune,Technology,CC100,Software Engineer,G4,Permanent,Hybrid,2019-07-20,,Active,,1.0,Bachelor's,9,LinkedIn,No
E01474,Employee 1474,Male,1999-02-01,Hyderabad,Technology,CC100,Software Engineer,G4,Permanent,Hybrid,2024-09-29,,Active,,1.0,Master's,17,Job Portal,No
E01475,Employee 1475,Female,1988-04-18,Chennai,Human Resources,CC500,Talent Acquisition Specialist,G4,Contract,Hybrid,2020-03-29,,Active,,0.75,MBA,8,LinkedIn,No
E01476,Employee 1476,Female,1973-12-11,Mumbai,Customer Success,CC700,Customer Success Manager,G4,Permanent,Hybrid,2017-08-22,,Active,,1.0,MBA,11,Campus,No
E01477,Employee 1477,Male,1995-11-09,Bengaluru,Technology,CC100,Software Engineer,G4,Permanent,Hybrid,2018-03-30,,Active,,1.0,M.Tech,15,Referral,No
E01478,Employee 1478,Female,1988-02-09,Pune,Finance,CC400,Senior Finance Analyst,G2,Permanent,Remote,2019-11-29,2022-06-06,Exited,E00616,1.0,M.Tech,16,Company Website,No
E01479,Employee 1479,Female,1977-06-05,Hyderabad,Marketing,CC600,Digital Marketing Analyst,G4,Permanent,Hybrid,2021-01-09,,Active,,1.0,Bachelor's,1,Company Website,No
E01480,Employee 1480,Female,1980-05-25,Hyderabad,Sales,CC200,Account Manager,G5,Permanent,Hybrid,2021-04-22,,Active,,1.0,MBA,12,Agency,No
E01481,Employee 1481,Non-binary,1984-11-10,Chennai,Operations,CC300,Team Lead,G1,Permanent,Remote,2024-02-01,,Active,E01558,1.0,PhD,5,Internal Mobility,No
E01482,Employee 1482,Female,1995-12-27,Hyderabad,Technology,CC100,Data Scientist,G2,Permanent,Hybrid,2020-07-28,2025-07-15,Exited,E01675,1.0,MBA,17,Job Portal,No
E01483,Employee 1483,Male,1979-04-26,Gurugram,Operations,CC300,Team Lead,G3,Contract,Onsite,2022-08-05,2025-10-28,Exited,E01041,0.5,PhD,1,Campus,No
E01484,Employee 1484,Male,2002-06-11,Hyderabad,Operations,CC300,Operations Analyst,G3,Contract,Hybrid,2026-03-22,,Active,E01151,1.0,PhD,0,Company Website,No
E01485,Employee 1485,Male,1975-09-01,Bengaluru,Supply Chain,CC800,Logistics Manager,G4,Contract,Hybrid,2018-07-18,,Active,,0.75,PhD,9,Agency,No
E01486,Employee 1486,Male,1983-10-22,Bengaluru,Operations,CC300,Team Lead,G3,Permanent,Onsite,2017-04-28,2022-05-28,Exited,E03989,1.0,B.Tech,18,Internal Mobility,No
E01487,Employee 1487,Male,1991-07-12,Pune,Sales,CC200,Regional Sales Manager,G2,Permanent,Hybrid,2022-08-03,,Active,,1.0,MBA,6,Company Website,No
E01488,Employee 1488,Female,1990-11-15,Hyderabad,Operations,CC300,Team Lead,G2,Permanent,Hybrid,2026-03-04,,Active,,1.0,MBA,5,Internal Mobility,No
E01489,Employee 1489,Female,1979-04-15,Noida,Marketing,CC600,Marketing Executive,G3,Permanent,Hybrid,2019-11-19,,Active,E01007,1.0,MBA,16,Job Portal,No
E01490,Employee 1490,Female,1996-08-15,Bengaluru,Technology,CC100,Tech Lead,G2,Permanent,Hybrid,2022-05-09,,Active,E02693,1.0,Bachelor's,1,Campus,No
E01491,Employee 1491,Male,1984-05-08,Bengaluru,Finance,CC400,Finance Analyst,G4,Permanent,Remote,2018-06-04,,Active,,1.0,PhD,14,Job Portal,No
E01492,Employee 1492,Male,1995-12-02,Hyderabad,Operations,CC300,Operations Manager,G4,Permanent,Hybrid,2026-03-07,,Active,,1.0,MBA,18,Internal Mobility,No
E01493,Employee 1493,Male,1983-09-20,Noida,Customer Success,CC700,Customer Success Executive,G1,Contract,Onsite,2023-08-27,,Active,E03105,0.75,Master's,15,Campus,No
E01494,Employee 1494,Male,1997-05-04,Noida,Operations,CC300,Team Lead,G4,Permanent,Hybrid,2025-06-15,,Active,,1.0,B.Tech,1,Job Portal,No
E01495,Employee 1495,Female,1977-03-15,Hyderabad,Marketing,CC600,Digital Marketing Analyst,G5,Permanent,Onsite,2017-11-14,2018-03-10,Exited,E03249,1.0,PhD,1,LinkedIn,No
E01496,Employee 1496,Female,1991-07-05,Bengaluru,Marketing,CC600,Brand Manager,G5,Permanent,Hybrid,2018-08-09,,Active,,1.0,MBA,0,LinkedIn,No
E01497,Employee 1497,Male,1988-02-10,Chennai,Marketing,CC600,Product Marketing Manager,G5,Permanent,Remote,2021-01-26,,Active,,1.0,Master's,6,Referral,No
E01498,Employee 1498,Male,2000-02-24,Gurugram,Marketing,CC600,Digital Marketing Analyst,G5,Permanent,Onsite,2024-05-15,,Active,,1.0,M.Tech,3,Referral,No
E01499,Employee 1499,Male,1988-10-13,Mumbai,Operations,CC300,Operations Executive,G5,Permanent,Onsite,2022-04-05,,Active,,1.0,Bachelor's,12,Job Portal,No
E01500,Employee 1500,Female,1985-02-05,Chennai,Operations,CC300,Operations Manager,G5,Permanent,Remote,2025-12-31,,Active,,1.0,B.Tech,1,Internal Mobility,No
E01501,Employee 1501,Male,1997-04-10,Gurugram,Human Resources,CC500,L&D Specialist,G5,Permanent,Hybrid,2019-09-21,2022-02-07,Exited,,1.0,PhD,2,Agency,No
E01502,Employee 1502,Male,1997-11-25,Bengaluru,Operations,CC300,Team Lead,G4,Permanent,Hybrid,2023-06-30,,Active,,1.0,B.Tech,1,Referral,No
E01503,Employee 1503,Male,1989-02-05,Pune,Marketing,CC600,Marketing Executive,G3,Permanent,Hybrid,2023-05-25,,Active,E04181,1.0,B.Tech,12,Company Website,No
E01504,Employee 1504,Male,1991-07-08,Gurugram,Operations,CC300,Operations Executive,G1,Permanent,Hybrid,2022-07-12,2023-09-22,Exited,E01338,1.0,Bachelor's,12,Internal Mobility,No
E01505,Employee 1505,Female,1989-12-21,Pune,Customer Success,CC700,Support Analyst,G4,Permanent,Hybrid,2019-09-25,,Active,,1.0,PhD,17,Job Portal,No
E01506,Employee 1506,Male,1988-09-08,Chennai,Technology,CC100,Data Analyst,G5,Permanent,Onsite,2025-12-26,,Active,,1.0,M.Tech,4,Campus,No
E01507,Employee 1507,Female,1990-10-16,Pune,Finance,CC400,Finance Analyst,G2,Contract,Hybrid,2017-12-21,,Active,E02541,1.0,MBA,8,Internal Mobility,No
E01508,Employee 1508,Female,1980-12-06,Hyderabad,Technology,CC100,Data Analyst,G3,Permanent,Hybrid,2023-03-05,,Active,E00159,1.0,MBA,18,Referral,No
E01509,Employee 1509,Male,1987-07-02,Noida,Supply Chain,CC800,Logistics Manager,G2,Permanent,Hybrid,2018-07-22,2023-09-28,Exited,E03247,1.0,Bachelor's,16,LinkedIn,No
E01510,Employee 1510,Male,1992-08-16,Gurugram,Operations,CC300,Operations Executive,G3,Permanent,Hybrid,2026-04-14,,Active,E00265,1.0,M.Tech,1,Referral,Yes
E01511,Employee 1511,Non-binary,1975-05-10,Mumbai,Marketing,CC600,Product Marketing Manager,G4,Permanent,Hybrid,2017-05-03,2019-01-06,Exited,E01524,1.0,Bachelor's,8,Referral,No
E01512,Employee 1512,Female,1998-11-16,Bengaluru,Human Resources,CC500,HR Business Partner,G3,Permanent,Hybrid,2026-05-28,,Active,,1.0,B.Tech,6,Internal Mobility,Yes
E01513,Employee 1513,Female,1979-11-02,Hyderabad,Supply Chain,CC800,Planner,G2,Permanent,Onsite,2024-03-15,2026-04-12,Exited,E01758,1.0,PhD,16,Referral,No
E01514,Employee 1514,Female,1999-03-19,Gurugram,Marketing,CC600,Product Marketing Manager,G3,Permanent,Onsite,2024-09-12,,Active,E02111,1.0,Bachelor's,12,Job Portal,No
E01515,Employee 1515,Female,1979-12-26,Hyderabad,Human Resources,CC500,HR Executive,G3,Contract,Hybrid,2023-09-14,,Active,E02660,1.0,Bachelor's,12,Company Website,Yes
E01516,Employee 1516,Male,1995-11-15,Mumbai,Sales,CC200,Sales Executive,G1,Contract,Onsite,2024-08-30,,Active,E00537,0.5,Bachelor's,12,Internal Mobility,No
E01517,Employee 1517,Male,2000-01-30,Pune,Customer Success,CC700,Customer Success Manager,G4,Permanent,Hybrid,2025-02-26,,Active,,1.0,MBA,7,Referral,No
E01518,Employee 1518,Male,1994-09-11,Chennai,Supply Chain,CC800,Logistics Manager,G4,Permanent,Hybrid,2025-02-06,,Active,,1.0,Master's,15,Internal Mobility,No
E01519,Employee 1519,Female,2000-04-07,Hyderabad,Supply Chain,CC800,Procurement Specialist,G5,Permanent,Hybrid,2023-02-01,,Active,,1.0,Master's,13,Internal Mobility,No
E01520,Employee 1520,Female,1995-07-04,Chennai,Supply Chain,CC800,Procurement Specialist,G4,Permanent,Hybrid,2026-01-22,,Active,,1.0,MBA,16,Campus,No
E01521,Employee 1521,Male,1985-06-18,Mumbai,Operations,CC300,Team Lead,G3,Permanent,Onsite,2023-02-10,2024-03-01,Exited,E04364,1.0,MBA,5,Referral,No
E01522,Employee 1522,Male,1991-12-01,Hyderabad,Marketing,CC600,Product Marketing Manager,G2,Permanent,Hybrid,2018-03-27,2024-11-10,Exited,E01900,1.0,M.Tech,8,LinkedIn,Yes
E01523,Employee 1523,Male,1981-12-20,Pune,Human Resources,CC500,HR Executive,G4,Permanent,Hybrid,2022-08-05,,Active,,1.0,M.Tech,15,Agency,No
E01524,Employee 1524,Female,2001-04-15,Mumbai,Supply Chain,CC800,Procurement Specialist,G4,Permanent,Onsite,2025-12-09,,Active,,1.0,M.Tech,11,Job Portal,No
E01525,Employee 1525,Female,1981-01-22,Bengaluru,Human Resources,CC500,HR Manager,G4,Permanent,Hybrid,2020-07-19,,Active,,1.0,PhD,17,Job Portal,No
E01526,Employee 1526,Male,1983-10-15,Pune,Finance,CC400,Finance Analyst,G1,Contract,Hybrid,2017-03-24,,Active,E04053,1.0,MBA,15,Referral,No
E01527,Employee 1527,Female,1993-05-02,Bengaluru,Human Resources,CC500,L&D Specialist,G2,Permanent,Remote,2017-01-22,2019-11-09,Exited,E00038,1.0,Master's,14,LinkedIn,No
E01528,Employee 1528,Female,1988-04-06,Bengaluru,Human Resources,CC500,HR Executive,G3,Permanent,Onsite,2017-07-30,,Active,E03082,1.0,Bachelor's,0,Company Website,No
E01529,Employee 1529,Male,1975-04-08,Bengaluru,Supply Chain,CC800,Supply Chain Analyst,G3,Permanent,Hybrid,2019-10-30,,Active,E01157,1.0,MBA,5,Job Portal,No
E01530,Employee 1530,Male,1999-09-12,Pune,Finance,CC400,Finance Analyst,G3,Permanent,Hybrid,2024-12-19,,Active,E04804,1.0,B.Tech,8,Campus,No
E01531,Employee 1531,Female,1994-02-24,Pune,Human Resources,CC500,Talent Acquisition Specialist,G1,Permanent,Hybrid,2020-01-22,,Active,E02405,1.0,M.Tech,3,Referral,No
E01532,Employee 1532,Female,1991-11-11,Mumbai,Finance,CC400,Finance Analyst,G3,Permanent,Onsite,2019-12-02,,Active,E00751,1.0,MBA,3,Agency,No
E01533,Employee 1533,Female,2000-11-13,Chennai,Human Resources,CC500,Talent Acquisition Specialist,G3,Permanent,Hybrid,2025-07-06,,Active,E00424,1.0,M.Tech,16,LinkedIn,No
E01534,Employee 1534,Male,1993-10-23,Noida,Operations,CC300,Operations Manager,G3,Contract,Hybrid,2022-07-07,2022-10-13,Exited,E02120,0.75,B.Tech,17,Job Portal,No
E01535,Employee 1535,Female,1994-05-03,Mumbai,Operations,CC300,Team Lead,G2,Permanent,Hybrid,2023-07-16,2024-12-18,Exited,E02785,1.0,Master's,1,Agency,Yes
E01536,Employee 1536,Male,1986-03-10,Hyderabad,Human Resources,CC500,HR Business Partner,G3,Permanent,Remote,2024-08-23,2025-01-06,Exited,E02511,1.0,B.Tech,2,Job Portal,No
E01537,Employee 1537,Male,1983-05-20,Hyderabad,Customer Success,CC700,Customer Success Executive,G1,Permanent,Hybrid,2022-04-16,,Active,E02911,1.0,B.Tech,18,Internal Mobility,No
E01538,Employee 1538,Female,2000-03-16,Bengaluru,Customer Success,CC700,Support Analyst,G3,Permanent,Hybrid,2024-01-23,,Active,E00800,1.0,Master's,5,Company Website,No
E01539,Employee 1539,Male,1982-09-26,Hyderabad,Human Resources,CC500,HR Executive,G3,Permanent,Remote,2024-03-18,,Active,E04011,1.0,M.Tech,1,Internal Mobility,No
E01540,Employee 1540,Male,1987-12-26,Noida,Technology,CC100,Tech Lead,G5,Contract,Remote,2018-01-22,,Active,,1.0,MBA,5,Company Website,No
E01541,Employee 1541,Female,1975-01-16,Hyderabad,Finance,CC400,Senior Finance Analyst,G3,Permanent,Hybrid,2018-09-29,,Active,E02977,1.0,Master's,1,Company Website,Yes
E01542,Employee 1542,Male,1986-02-08,Bengaluru,Supply Chain,CC800,Supply Chain Analyst,G4,Permanent,Hybrid,2017-10-12,,Active,,1.0,PhD,16,Campus,No
E01543,Employee 1543,Female,1977-11-28,Hyderabad,Marketing,CC600,Brand Manager,G6,Permanent,Hybrid,2018-04-24,,Active,,1.0,M.Tech,5,Job Portal,No
E01544,Employee 1544,Male,1985-03-09,Bengaluru,Human Resources,CC500,Talent Acquisition Specialist,G3,Contract,Onsite,2026-02-04,,Active,E00139,1.0,B.Tech,5,Referral,No
E01545,Employee 1545,Male,1988-12-15,Mumbai,Operations,CC300,Operations Analyst,G4,Permanent,Onsite,2023-01-24,2024-04-04,Exited,E01217,1.0,PhD,16,Referral,No
E01546,Employee 1546,Female,1979-01-13,Gurugram,Sales,CC200,Account Manager,G2,Permanent,Remote,2019-01-20,,Active,E01363,1.0,Bachelor's,8,Referral,No
E01547,Employee 1547,Male,1979-09-15,Bengaluru,Sales,CC200,Account Manager,G4,Permanent,Hybrid,2017-03-13,2017-09-17,Exited,E01336,1.0,Bachelor's,1,Internal Mobility,No
E01548,Employee 1548,Male,1996-02-25,Bengaluru,Sales,CC200,Key Account Manager,G1,Permanent,Onsite,2021-05-23,,Active,E03280,1.0,MBA,12,LinkedIn,No
E01549,Employee 1549,Male,1992-11-18,Hyderabad,Human Resources,CC500,HR Executive,G3,Permanent,Onsite,2022-08-19,,Active,E00046,1.0,Master's,10,LinkedIn,No
E01550,Employee 1550,Female,1996-11-17,Hyderabad,Supply Chain,CC800,Logistics Manager,G3,Permanent,Hybrid,2026-03-11,,Active,E00659,1.0,MBA,18,Agency,No
E01551,Employee 1551,Female,1981-11-11,Bengaluru,Marketing,CC600,Brand Manager,G4,Permanent,Hybrid,2022-12-17,2023-11-28,Exited,E00922,1.0,PhD,1,Campus,No
E01552,Employee 1552,Female,1978-11-20,Bengaluru,Finance,CC400,Finance Manager,G4,Permanent,Hybrid,2019-07-25,,Active,,1.0,B.Tech,14,Agency,No
E01553,Employee 1553,Female,1979-12-04,Gurugram,Supply Chain,CC800,Planner,G3,Permanent,Hybrid,2018-03-28,,Active,E00925,1.0,B.Tech,4,LinkedIn,No
E01554,Employee 1554,Male,1984-11-03,Bengaluru,Finance,CC400,Finance Manager,G3,Permanent,Onsite,2022-12-21,,Active,E03477,1.0,B.Tech,4,Agency,No
E01555,Employee 1555,Female,1988-11-22,Gurugram,Human Resources,CC500,L&D Specialist,G4,Permanent,Hybrid,2017-08-11,2018-01-25,Exited,E02349,1.0,MBA,3,Internal Mobility,No
E01556,Employee 1556,Male,1994-05-28,Pune,Human Resources,CC500,HR Executive,G4,Permanent,Hybrid,2020-04-03,,Active,,1.0,MBA,18,Campus,Yes
E01557,Employee 1557,Female,1977-04-22,Bengaluru,Operations,CC300,Operations Analyst,G2,Permanent,Onsite,2019-07-14,,Active,E01934,1.0,Master's,3,Internal Mobility,No
E01558,Employee 1558,Female,1979-06-29,Noida,Operations,CC300,Operations Executive,G6,Intern,Hybrid,2022-10-07,,Active,,0.5,Master's,6,Agency,No
E01559,Employee 1559,Female,1994-04-09,Gurugram,Human Resources,CC500,HR Executive,G6,Permanent,Hybrid,2024-09-20,,Active,,1.0,M.Tech,6,Company Website,No
E01560,Employee 1560,Female,1975-01-03,Hyderabad,Supply Chain,CC800,Procurement Specialist,G4,Contract,Hybrid,2019-09-26,2024-09-03,Exited,E00871,0.75,Master's,12,Job Portal,No
E01561,Employee 1561,Male,1992-03-21,Gurugram,Supply Chain,CC800,Planner,G5,Permanent,Hybrid,2019-07-10,,Active,,1.0,PhD,12,LinkedIn,No
E01562,Employee 1562,Male,1989-05-23,Bengaluru,Marketing,CC600,Marketing Executive,G6,Permanent,Remote,2023-02-12,,Active,,1.0,Master's,18,Agency,No
E01563,Employee 1563,Female,1998-04-18,Bengaluru,Sales,CC200,Sales Executive,G4,Permanent,Remote,2024-01-30,,Active,,1.0,MBA,2,LinkedIn,No
E01564,Employee 1564,Female,1983-07-18,Gurugram,Sales,CC200,Sales Executive,G4,Permanent,Hybrid,2019-04-27,,Active,,1.0,M.Tech,4,Company Website,No
E01565,Employee 1565,Female,1995-06-13,Pune,Operations,CC300,Operations Executive,G3,Permanent,Remote,2022-06-09,,Active,E03906,1.0,M.Tech,17,Campus,No
E01566,Employee 1566,Male,1975-12-01,Gurugram,Marketing,CC600,Brand Manager,G3,Permanent,Hybrid,2020-01-11,,Active,E00150,1.0,Bachelor's,16,Internal Mobility,No
E01567,Employee 1567,Male,1976-12-26,Noida,Human Resources,CC500,HR Executive,G2,Permanent,Hybrid,2019-09-29,2025-12-13,Exited,E03666,1.0,Master's,7,Company Website,No
E01568,Employee 1568,Male,1998-05-04,Hyderabad,Sales,CC200,Key Account Manager,G1,Permanent,Hybrid,2019-11-27,,Active,E01395,1.0,B.Tech,13,Internal Mobility,No
E01569,Employee 1569,Female,1991-03-02,Noida,Marketing,CC600,Product Marketing Manager,G4,Permanent,Onsite,2017-05-01,,Active,,1.0,MBA,9,Company Website,No
E01570,Employee 1570,Female,1986-02-05,Chennai,Sales,CC200,Regional Sales Manager,G2,Permanent,Onsite,2022-04-26,,Active,E01772,1.0,Bachelor's,2,Referral,No
E01571,Employee 1571,Female,1978-10-02,Hyderabad,Operations,CC300,Team Lead,G4,Contract,Hybrid,2022-03-07,,Active,,0.75,MBA,16,Company Website,No
E01572,Employee 1572,Male,1980-04-16,Pune,Human Resources,CC500,HR Business Partner,G3,Permanent,Hybrid,2023-11-13,,Active,,1.0,PhD,1,Referral,No
E01573,Employee 1573,Female,1984-11-15,Gurugram,Customer Success,CC700,Customer Success Manager,G5,Permanent,Remote,2023-12-21,2024-06-27,Exited,E03173,1.0,PhD,6,Internal Mobility,No
E01574,Employee 1574,Female,1983-07-25,Hyderabad,Technology,CC100,Engineering Manager,G1,Permanent,Hybrid,2020-07-17,,Active,E03502,1.0,Bachelor's,7,Agency,No
E01575,Employee 1575,Male,1985-11-28,Bengaluru,Technology,CC100,Data Scientist,G3,Permanent,Remote,2022-06-27,,Active,E04644,1.0,Bachelor's,1,Referral,Yes
E01576,Employee 1576,Male,2002-02-17,Mumbai,Finance,CC400,Finance Manager,G6,Permanent,Hybrid,2023-11-14,,Active,,1.0,M.Tech,0,LinkedIn,No
E01577,Employee 1577,Male,1994-06-20,Noida,Operations,CC300,Operations Analyst,G3,Permanent,Remote,2017-07-05,2017-11-25,Exited,E03384,1.0,MBA,17,Company Website,No
E01578,Employee 1578,Male,1979-09-01,Hyderabad,Sales,CC200,Key Account Manager,G1,Permanent,Hybrid,2018-04-13,,Active,E00974,1.0,Master's,11,Internal Mobility,No
E01579,Employee 1579,Male,1978-08-28,Pune,Sales,CC200,Regional Sales Manager,G4,Permanent,Hybrid,2019-05-20,,Active,,1.0,B.Tech,12,Agency,Yes
E01580,Employee 1580,Female,2001-08-20,Hyderabad,Marketing,CC600,Product Marketing Manager,G1,Permanent,Hybrid,2024-11-09,,Active,E04158,1.0,B.Tech,4,Agency,No
E01581,Employee 1581,Male,1982-06-09,Bengaluru,Finance,CC400,Senior Finance Analyst,G4,Permanent,Hybrid,2018-04-12,,Active,,1.0,Bachelor's,11,Referral,Yes
E01582,Employee 1582,Female,1994-12-27,Hyderabad,Sales,CC200,Key Account Manager,G1,Permanent,Remote,2023-08-04,,Active,E01398,1.0,M.Tech,9,Referral,Yes
E01583,Employee 1583,Male,1988-09-02,Gurugram,Human Resources,CC500,HR Business Partner,G3,Permanent,Onsite,2025-09-21,,Active,E00171,1.0,PhD,14,Agency,No
E01584,Employee 1584,Male,1995-12-02,Noida,Customer Success,CC700,Customer Success Manager,G1,Permanent,Remote,2018-01-13,,Active,E01769,1.0,Bachelor's,5,Campus,Yes
E01585,Employee 1585,Male,1975-04-12,Pune,Human Resources,CC500,HR Business Partner,G1,Contract,Hybrid,2018-05-27,,Active,E03107,0.5,Bachelor's,14,Agency,No
E01586,Employee 1586,Female,1977-12-21,Noida,Human Resources,CC500,HR Executive,G4,Permanent,Remote,2018-08-01,,Active,,1.0,Master's,5,Referral,No
E01587,Employee 1587,Female,1991-10-24,Bengaluru,Sales,CC200,Sales Executive,G3,Permanent,Onsite,2017-10-24,,Active,E04801,1.0,PhD,6,Internal Mobility,No
E01588,Employee 1588,Male,1980-05-08,Pune,Human Resources,CC500,HR Executive,G4,Permanent,Hybrid,2017-06-07,,Active,,1.0,Master's,0,Job Portal,No
E01589,Employee 1589,Female,1980-09-14,Bengaluru,Sales,CC200,Sales Analyst,G4,Permanent,Hybrid,2025-01-26,,Active,,1.0,B.Tech,16,Job Portal,Yes
E01590,Employee 1590,Female,2003-02-11,Hyderabad,Finance,CC400,Senior Finance Analyst,G6,Permanent,Hybrid,2024-11-08,,Active,,1.0,Master's,13,Campus,No
E01591,Employee 1591,Female,1985-03-18,Hyderabad,Customer Success,CC700,Support Analyst,G5,Contract,Remote,2018-10-19,,Active,,1.0,MBA,14,Referral,Yes
E01592,Employee 1592,Male,1978-08-11,Hyderabad,Technology,CC100,Senior Software Engineer,G2,Permanent,Hybrid,2023-02-20,,Active,E04459,1.0,MBA,9,Company Website,No
E01593,Employee 1593,Female,1989-10-25,Bengaluru,Human Resources,CC500,HR Executive,G3,Permanent,Hybrid,2025-03-13,,Active,E02529,1.0,B.Tech,15,Agency,No
E01594,Employee 1594,Female,1993-10-24,Chennai,Supply Chain,CC800,Procurement Specialist,G2,Contract,Onsite,2017-05-30,,Active,E03285,0.75,MBA,18,LinkedIn,No
E01595,Employee 1595,Male,1979-10-09,Pune,Customer Success,CC700,Customer Success Manager,G3,Permanent,Hybrid,2018-06-28,,Active,E02886,1.0,MBA,8,Job Portal,No
E01596,Employee 1596,Male,1997-07-09,Bengaluru,Sales,CC200,Key Account Manager,G4,Permanent,Hybrid,2019-05-10,,Active,,1.0,Bachelor's,6,LinkedIn,No
E01597,Employee 1597,Female,1992-10-22,Bengaluru,Operations,CC300,Team Lead,G5,Permanent,Hybrid,2018-09-20,,Active,,1.0,MBA,1,Campus,No
E01598,Employee 1598,Female,2003-04-27,Bengaluru,Customer Success,CC700,Customer Success Manager,G4,Permanent,Hybrid,2024-12-20,,Active,,1.0,Bachelor's,1,Company Website,No
E01599,Employee 1599,Female,1999-10-18,Gurugram,Technology,CC100,Data Scientist,G4,Permanent,Hybrid,2024-04-14,,Active,,1.0,M.Tech,11,LinkedIn,No
E01600,Employee 1600,Male,1989-01-25,Hyderabad,Sales,CC200,Account Manager,G3,Permanent,Hybrid,2019-10-30,,Active,E01671,1.0,Master's,1,Agency,No
E01601,Employee 1601,Female,1976-07-07,Bengaluru,Marketing,CC600,Product Marketing Manager,G1,Contract,Hybrid,2017-04-27,,Active,E02317,1.0,Master's,2,Internal Mobility,No
E01602,Employee 1602,Female,1991-04-05,Hyderabad,Customer Success,CC700,Customer Success Executive,G3,Permanent,Hybrid,2020-07-17,,Active,E03653,1.0,Bachelor's,10,Referral,Yes
E01603,Employee 1603,Male,1979-05-27,Gurugram,Finance,CC400,Senior Finance Analyst,G2,Permanent,Hybrid,2017-03-21,,Active,E03019,1.0,B.Tech,8,Job Portal,Yes
E01604,Employee 1604,Female,1984-07-05,Chennai,Finance,CC400,Finance Analyst,G5,Contract,Hybrid,2026-03-17,,Active,,0.5,Bachelor's,2,Company Website,No
E01605,Employee 1605,Male,1990-05-23,Gurugram,Sales,CC200,Account Manager,G3,Permanent,Hybrid,2018-05-14,,Active,E01491,1.0,M.Tech,15,Internal Mobility,No
E01606,Employee 1606,Female,1988-08-15,Bengaluru,Human Resources,CC500,HR Business Partner,G4,Permanent,Hybrid,2022-03-06,,Active,,1.0,Bachelor's,4,Agency,No
E01607,Employee 1607,Male,1995-09-03,Hyderabad,Sales,CC200,Account Manager,G5,Permanent,Remote,2026-08-30,,Active,,1.0,MBA,5,Job Portal,No
E01608,Employee 1608,Female,1989-07-13,Hyderabad,Technology,CC100,Senior Software Engineer,G4,Permanent,Remote,2020-03-08,,Active,,1.0,Bachelor's,13,Agency,No
E01609,Employee 1609,Female,1980-07-03,Chennai,Customer Success,CC700,Support Analyst,G5,Permanent,Hybrid,2017-10-29,2018-05-15,Exited,E03453,1.0,M.Tech,0,Company Website,Yes
E01610,Employee 1610,Male,1999-09-29,Bengaluru,Customer Success,CC700,Support Analyst,G4,Permanent,Hybrid,2025-09-10,,Active,,1.0,M.Tech,2,Agency,No
E01611,Employee 1611,Female,1983-04-27,Bengaluru,Marketing,CC600,Product Marketing Manager,G4,Permanent,Onsite,2021-11-15,2022-05-25,Exited,E01395,1.0,PhD,7,LinkedIn,No
E01612,Employee 1612,Male,1980-04-30,Bengaluru,Operations,CC300,Operations Manager,G2,Permanent,Hybrid,2017-12-02,,Active,E02145,1.0,PhD,6,Agency,No
E01613,Employee 1613,Female,1997-06-23,Bengaluru,Customer Success,CC700,Support Analyst,G2,Permanent,Hybrid,2024-09-05,,Active,E03014,1.0,M.Tech,10,Referral,Yes
E01614,Employee 1614,Male,1983-05-29,Hyderabad,Supply Chain,CC800,Planner,G3,Permanent,Hybrid,2018-10-19,2022-11-28,Exited,E02349,1.0,M.Tech,7,Job Portal,Yes
E01615,Employee 1615,Female,1993-11-30,Mumbai,Sales,CC200,Sales Executive,G5,Permanent,Onsite,2021-12-19,,Active,,1.0,Bachelor's,4,Referral,No
E01616,Employee 1616,Male,1986-03-01,Bengaluru,Supply Chain,CC800,Supply Chain Analyst,G3,Permanent,Hybrid,2026-02-17,,Active,E00980,1.0,M.Tech,18,Campus,No
E01617,Employee 1617,Female,1982-07-04,Chennai,Operations,CC300,Operations Analyst,G3,Permanent,Hybrid,2021-09-12,2023-06-25,Exited,E03283,1.0,PhD,4,Company Website,Yes
E01618,Employee 1618,Female,1988-09-04,Pune,Supply Chain,CC800,Planner,G5,Intern,Onsite,2025-03-27,,Active,,1.0,B.Tech,11,Referral,No
E01619,Employee 1619,Female,1986-09-26,Chennai,Operations,CC300,Team Lead,G4,Permanent,Onsite,2020-03-08,,Active,,1.0,MBA,12,Internal Mobility,No
E01620,Employee 1620,Male,1994-08-28,Pune,Sales,CC200,Regional Sales Manager,G1,Permanent,Hybrid,2024-01-03,,Active,E01093,1.0,M.Tech,4,Internal Mobility,No
E01621,Employee 1621,Male,1987-01-04,Bengaluru,Supply Chain,CC800,Supply Chain Analyst,G5,Permanent,Onsite,2020-09-08,,Active,,1.0,MBA,8,LinkedIn,No
E01622,Employee 1622,Male,1988-06-21,Pune,Supply Chain,CC800,Logistics Manager,G2,Permanent,Hybrid,2023-08-10,,Active,E03839,1.0,B.Tech,16,Internal Mobility,No
E01623,Employee 1623,Female,1974-09-08,Bengaluru,Operations,CC300,Operations Executive,G1,Permanent,Hybrid,2018-07-05,,Active,E03744,1.0,B.Tech,6,Company Website,No
E01624,Employee 1624,Male,1986-05-05,Hyderabad,Supply Chain,CC800,Procurement Specialist,G1,Permanent,Onsite,2025-05-29,,Active,E00325,1.0,Master's,16,LinkedIn,No
E01625,Employee 1625,Female,1982-06-18,Hyderabad,Marketing,CC600,Product Marketing Manager,G5,Permanent,Onsite,2017-12-02,,Active,,1.0,PhD,16,LinkedIn,Yes
E01626,Employee 1626,Female,1972-09-01,Mumbai,Operations,CC300,Team Lead,G2,Permanent,Onsite,2017-02-05,,Active,E04357,1.0,PhD,15,Campus,No
E01627,Employee 1627,Non-binary,1995-08-22,Hyderabad,Customer Success,CC700,Customer Success Executive,G2,Permanent,Hybrid,2022-03-15,,Active,E04826,1.0,MBA,18,Company Website,No
E01628,Employee 1628,Male,1987-07-09,Pune,Customer Success,CC700,Customer Success Manager,G3,Contract,Hybrid,2022-11-18,,Active,,0.5,Bachelor's,8,Referral,Yes
E01629,Employee 1629,Male,1987-04-09,Noida,Marketing,CC600,Marketing Executive,G1,Permanent,Onsite,2019-02-07,2026-07-08,Exited,E01763,1.0,Bachelor's,6,Agency,No
E01630,Employee 1630,Female,1994-11-11,Bengaluru,Supply Chain,CC800,Supply Chain Analyst,G3,Permanent,Hybrid,2019-01-17,,Active,E01206,1.0,MBA,5,LinkedIn,Yes
E01631,Employee 1631,Male,1986-11-30,Chennai,Technology,CC100,Data Scientist,G2,Permanent,Onsite,2021-11-12,,Active,E04682,1.0,M.Tech,0,Company Website,No
E01632,Employee 1632,Male,1990-12-10,Gurugram,Technology,CC100,Data Analyst,G4,Permanent,Hybrid,2021-09-26,2024-12-07,Exited,E03755,1.0,B.Tech,10,LinkedIn,No
E01633,Employee 1633,Male,1988-02-27,Bengaluru,Human Resources,CC500,HR Executive,G3,Intern,Onsite,2024-09-16,,Active,,1.0,M.Tech,3,Internal Mobility,No
E01634,Employee 1634,Female,1986-01-02,Bengaluru,Operations,CC300,Team Lead,G2,Permanent,Onsite,2024-05-28,,Active,E04646,1.0,B.Tech,11,Internal Mobility,No
E01635,Employee 1635,Male,1983-06-07,Bengaluru,Marketing,CC600,Product Marketing Manager,G3,Permanent,Remote,2022-11-08,,Active,,1.0,Bachelor's,11,Referral,No
E01636,Employee 1636,Female,1976-11-04,Hyderabad,Marketing,CC600,Marketing Executive,G3,Permanent,Hybrid,2020-10-22,2024-01-28,Exited,,1.0,MBA,17,Campus,No
E01637,Employee 1637,Male,1979-07-05,Hyderabad,Technology,CC100,Tech Lead,G3,Permanent,Hybrid,2023-01-02,,Active,E02284,1.0,B.Tech,7,Agency,No
E01638,Employee 1638,Male,1980-01-07,Bengaluru,Customer Success,CC700,Customer Success Manager,G2,Contract,Hybrid,2020-06-10,,Active,E01473,0.5,PhD,1,Job Portal,No
E01639,Employee 1639,Female,1976-04-28,Hyderabad,Marketing,CC600,Product Marketing Manager,G3,Permanent,Hybrid,2019-03-16,,Active,E04776,1.0,Master's,8,Referral,No
E01640,Employee 1640,Female,2003-09-18,Bengaluru,Operations,CC300,Operations Analyst,G3,Contract,Onsite,2024-09-30,,Active,E04598,0.5,M.Tech,14,Referral,Yes
E01641,Employee 1641,Male,1996-06-28,Bengaluru,Marketing,CC600,Brand Manager,G1,Permanent,Onsite,2019-08-12,,Active,E04661,1.0,Master's,8,Internal Mobility,Yes
E01642,Employee 1642,Male,1977-05-19,Mumbai,Marketing,CC600,Brand Manager,G4,Permanent,Hybrid,2018-08-20,,Active,,1.0,PhD,5,Job Portal,No
E01643,Employee 1643,Female,1995-05-26,Chennai,Customer Success,CC700,Support Analyst,G6,Permanent,Hybrid,2020-09-25,,Active,,1.0,M.Tech,9,Campus,No
E01644,Employee 1644,Male,1991-07-01,Bengaluru,Finance,CC400,Finance Analyst,G4,Permanent,Hybrid,2021-08-29,,Active,,1.0,Master's,15,Agency,No
E01645,Employee 1645,Male,1998-04-27,Hyderabad,Marketing,CC600,Product Marketing Manager,G2,Contract,Onsite,2022-01-01,,Active,,0.75,Bachelor's,18,Job Portal,No
E01646,Employee 1646,Female,1993-09-11,Hyderabad,Customer Success,CC700,Customer Success Executive,G4,Permanent,Onsite,2021-08-28,2025-05-31,Exited,E00675,1.0,MBA,15,Job Portal,Yes
E01647,Employee 1647,Female,1986-05-25,Bengaluru,Finance,CC400,Senior Finance Analyst,G3,Permanent,Remote,2018-03-08,,Active,E03727,1.0,B.Tech,8,Campus,No
E01648,Employee 1648,Female,2000-02-22,Hyderabad,Operations,CC300,Operations Analyst,G5,Permanent,Hybrid,2026-07-11,,Active,,1.0,Bachelor's,15,Company Website,Yes
E01649,Employee 1649,Male,2000-04-01,Hyderabad,Marketing,CC600,Brand Manager,G5,Permanent,Remote,2021-04-11,,Active,,1.0,Master's,10,Internal Mobility,Yes
E01650,Employee 1650,Female,1993-08-22,Hyderabad,Human Resources,CC500,L&D Specialist,G4,Permanent,Hybrid,2018-01-03,,Active,,1.0,M.Tech,8,Company Website,Yes
E01651,Employee 1651,Male,1996-09-18,Bengaluru,Finance,CC400,Finance Manager,G5,Permanent,Hybrid,2019-08-06,2023-08-18,Exited,E02317,1.0,M.Tech,2,Job Portal,No
E01652,Employee 1652,Male,1983-07-18,Bengaluru,Marketing,CC600,Marketing Executive,G2,Contract,Onsite,2018-02-26,,Active,E02956,0.5,MBA,8,Campus,No
E01653,Employee 1653,Female,1993-07-30,Bengaluru,Sales,CC200,Account Manager,G2,Intern,Remote,2018-10-16,2019-11-22,Exited,E03673,1.0,MBA,10,Internal Mobility,No
E01654,Employee 1654,Female,1993-02-26,Pune,Technology,CC100,Data Scientist,G4,Permanent,Hybrid,2021-11-19,,Active,,1.0,M.Tech,2,Company Website,No
E01655,Employee 1655,Male,1986-10-17,Bengaluru,Sales,CC200,Key Account Manager,G2,Permanent,Onsite,2021-04-02,,Active,E02884,1.0,Master's,15,Referral,No
E01656,Employee 1656,Female,1977-01-07,Mumbai,Human Resources,CC500,Talent Acquisition Specialist,G3,Permanent,Remote,2017-07-19,2022-12-10,Exited,E04457,1.0,MBA,18,Internal Mobility,No
E01657,Employee 1657,Male,1990-02-08,Chennai,Technology,CC100,Senior Software Engineer,G2,Permanent,Onsite,2021-04-14,,Active,E04416,1.0,M.Tech,5,Campus,Yes
E01658,Employee 1658,Female,1979-11-03,Gurugram,Technology,CC100,Data Analyst,G3,Permanent,Hybrid,2022-10-18,,Active,E02293,1.0,PhD,8,Agency,No
E01659,Employee 1659,Female,1983-10-23,Gurugram,Technology,CC100,Tech Lead,G4,Permanent,Hybrid,2021-05-29,,Active,,1.0,MBA,7,Agency,No
E01660,Employee 1660,Female,1976-09-02,Bengaluru,Supply Chain,CC800,Procurement Specialist,G4,Permanent,Hybrid,2019-09-03,,Active,,1.0,Master's,17,Company Website,No
E01661,Employee 1661,Female,1986-07-19,Chennai,Sales,CC200,Regional Sales Manager,G4,Permanent,Hybrid,2024-12-15,,Active,,1.0,MBA,11,Internal Mobility,No
E01662,Employee 1662,Female,1992-11-05,Hyderabad,Sales,CC200,Account Manager,G4,Permanent,Hybrid,2019-12-04,,Active,,1.0,MBA,16,LinkedIn,No
E01663,Employee 1663,Female,1980-05-10,Pune,Technology,CC100,Senior Software Engineer,G4,Permanent,Hybrid,2017-02-03,,Active,,1.0,PhD,9,Referral,No
E01664,Employee 1664,Male,1993-06-03,Hyderabad,Human Resources,CC500,HR Business Partner,G3,Permanent,Hybrid,2017-09-26,2025-03-02,Exited,E00281,1.0,PhD,1,LinkedIn,No
E01665,Employee 1665,Male,1981-03-26,Pune,Human Resources,CC500,HR Business Partner,G3,Permanent,Hybrid,2021-10-02,,Active,E02017,1.0,PhD,5,Agency,No
E01666,Employee 1666,Male,1989-08-01,Mumbai,Human Resources,CC500,HR Executive,G2,Permanent,Onsite,2018-09-22,,Active,E00968,1.0,Master's,4,LinkedIn,No
E01667,Employee 1667,Male,1983-01-29,Hyderabad,Sales,CC200,Sales Executive,G4,Permanent,Hybrid,2021-02-20,,Active,,1.0,B.Tech,11,Company Website,Yes
E01668,Employee 1668,Female,1998-12-04,Hyderabad,Marketing,CC600,Marketing Executive,G2,Permanent,Hybrid,2026-03-07,,Active,E00437,1.0,MBA,9,Campus,Yes
E01669,Employee 1669,Female,1990-07-07,Chennai,Technology,CC100,Senior Software Engineer,G4,Permanent,Hybrid,2019-09-25,2025-07-19,Exited,E00689,1.0,Master's,13,Company Website,No
E01670,Employee 1670,Male,1998-11-15,Bengaluru,Customer Success,CC700,Support Analyst,G4,Permanent,Remote,2020-03-06,,Active,,1.0,B.Tech,14,LinkedIn,No
E01671,Employee 1671,Male,1988-04-23,Bengaluru,Operations,CC300,Operations Executive,G4,Permanent,Hybrid,2022-07-17,,Active,,1.0,Bachelor's,9,Company Website,No
E01672,Employee 1672,Female,1994-01-17,Pune,Finance,CC400,Finance Analyst,G4,Permanent,Hybrid,2018-08-26,2023-05-01,Exited,,1.0,Bachelor's,6,LinkedIn,Yes
E01673,Employee 1673,Male,1974-03-18,Noida,Human Resources,CC500,HR Manager,G4,Permanent,Hybrid,2018-03-09,,Active,,1.0,Bachelor's,9,Agency,No
E01674,Employee 1674,Female,1998-02-11,Gurugram,Finance,CC400,Senior Finance Analyst,G4,Permanent,Hybrid,2023-12-24,,Active,,1.0,Bachelor's,11,Referral,Yes
E01675,Employee 1675,Non-binary,1997-01-21,Hyderabad,Technology,CC100,Senior Software Engineer,G4,Contract,Hybrid,2020-03-08,,Active,,0.75,Master's,9,Agency,No
E01676,Employee 1676,Male,1996-11-12,Pune,Supply Chain,CC800,Planner,G4,Permanent,Onsite,2020-08-11,,Active,,1.0,B.Tech,10,LinkedIn,No
E01677,Employee 1677,Male,1999-05-11,Hyderabad,Technology,CC100,Data Analyst,G3,Permanent,Onsite,2021-02-25,,Active,E00673,1.0,MBA,2,Internal Mobility,Yes
E01678,Employee 1678,Female,1978-07-13,Hyderabad,Human Resources,CC500,HR Manager,G5,Permanent,Onsite,2023-03-17,,Active,,1.0,Master's,16,Job Portal,No
E01679,Employee 1679,Male,1997-06-29,Hyderabad,Human Resources,CC500,L&D Specialist,G5,Permanent,Hybrid,2018-07-06,,Active,,1.0,PhD,4,LinkedIn,Yes
E01680,Employee 1680,Male,1988-06-28,Bengaluru,Marketing,CC600,Digital Marketing Analyst,G3,Contract,Onsite,2021-11-25,,Active,E00673,0.75,PhD,10,LinkedIn,No
E01681,Employee 1681,Male,1978-02-05,Mumbai,Sales,CC200,Sales Analyst,G4,Permanent,Hybrid,2020-05-18,,Active,,1.0,MBA,13,LinkedIn,No
E01682,Employee 1682,Male,1997-03-16,Bengaluru,Marketing,CC600,Product Marketing Manager,G3,Intern,Hybrid,2019-07-30,,Active,E03144,0.75,PhD,1,Referral,No
E01683,Employee 1683,Male,1994-08-15,Pune,Technology,CC100,Engineering Manager,G4,Permanent,Hybrid,2018-12-06,2025-04-27,Exited,E04268,1.0,Master's,4,Agency,No
E01684,Employee 1684,Female,1995-03-29,Mumbai,Finance,CC400,Senior Finance Analyst,G5,Intern,Remote,2026-03-26,,Active,,1.0,Master's,8,Referral,No
E01685,Employee 1685,Female,1980-09-07,Gurugram,Sales,CC200,Regional Sales Manager,G4,Permanent,Hybrid,2021-07-07,,Active,,1.0,Master's,6,LinkedIn,No
E01686,Employee 1686,Female,1981-05-17,Gurugram,Customer Success,CC700,Customer Success Manager,G4,Permanent,Hybrid,2017-08-12,2025-08-28,Exited,E01679,1.0,Master's,4,Referral,No
E01687,Employee 1687,Male,1984-03-05,Bengaluru,Supply Chain,CC800,Logistics Manager,G2,Permanent,Hybrid,2018-04-17,,Active,E03988,1.0,Bachelor's,3,LinkedIn,Yes
E01688,Employee 1688,Male,1983-08-10,Mumbai,Technology,CC100,Data Scientist,G4,Permanent,Onsite,2018-10-19,2022-09-02,Exited,E03008,1.0,B.Tech,10,Internal Mobility,No
E01689,Employee 1689,Female,1980-08-11,Pune,Supply Chain,CC800,Procurement Specialist,G3,Permanent,Hybrid,2017-10-13,,Active,E01965,1.0,Bachelor's,8,Agency,No
E01690,Employee 1690,Female,1993-08-23,Hyderabad,Finance,CC400,Finance Analyst,G4,Contract,Remote,2025-07-22,,Active,,0.75,MBA,0,LinkedIn,No
E01691,Employee 1691,Male,1984-07-20,Pune,Supply Chain,CC800,Planner,G3,Permanent,Hybrid,2017-12-03,,Active,E04156,1.0,Bachelor's,2,Job Portal,Yes
E01692,Employee 1692,Female,1979-10-16,Hyderabad,Human Resources,CC500,L&D Specialist,G4,Permanent,Hybrid,2024-09-08,,Active,,1.0,Bachelor's,2,Campus,No
E01693,Employee 1693,Male,1986-02-10,Noida,Human Resources,CC500,HR Business Partner,G4,Permanent,Remote,2026-01-28,,Active,,1.0,B.Tech,15,Job Portal,No
E01694,Employee 1694,Male,1992-11-19,Noida,Customer Success,CC700,Customer Success Manager,G3,Intern,Hybrid,2025-10-06,,Active,E04892,1.0,Bachelor's,8,Company Website,No
E01695,Employee 1695,Female,1992-11-01,Noida,Operations,CC300,Operations Manager,G4,Permanent,Hybrid,2020-07-04,2025-09-12,Exited,E04296,1.0,M.Tech,14,Internal Mobility,No
E01696,Employee 1696,Female,1983-09-04,Chennai,Customer Success,CC700,Customer Success Manager,G4,Contract,Hybrid,2021-03-24,,Active,,1.0,MBA,8,Campus,No
E01697,Employee 1697,Female,1998-08-25,Gurugram,Sales,CC200,Sales Executive,G2,Permanent,Remote,2020-09-11,,Active,E01608,1.0,Master's,14,Agency,No
E01698,Employee 1698,Male,1994-08-28,Hyderabad,Finance,CC400,Finance Manager,G2,Permanent,Remote,2019-04-11,2024-06-15,Exited,E02536,1.0,PhD,2,Agency,No
E01699,Employee 1699,Female,1987-09-16,Mumbai,Supply Chain,CC800,Supply Chain Analyst,G4,Permanent,Hybrid,2022-06-09,,Active,,1.0,M.Tech,0,Referral,No
E01700,Employee 1700,Male,1981-01-19,Mumbai,Supply Chain,CC800,Planner,G4,Permanent,Hybrid,2024-12-15,,Active,,1.0,Master's,7,Company Website,Yes
E01701,Employee 1701,Female,1993-12-08,Hyderabad,Human Resources,CC500,HR Manager,G3,Contract,Remote,2022-12-12,,Active,E01857,1.0,Bachelor's,3,LinkedIn,Yes
E01702,Employee 1702,Female,1989-10-27,Mumbai,Finance,CC400,Senior Finance Analyst,G3,Permanent,Hybrid,2021-07-10,2022-11-12,Exited,E02693,1.0,Master's,18,Internal Mobility,No
E01703,Employee 1703,Male,1993-11-12,Gurugram,Sales,CC200,Regional Sales Manager,G3,Permanent,Hybrid,2025-05-03,,Active,E01699,1.0,Master's,4,Job Portal,No
E01704,Employee 1704,Female,1987-03-23,Hyderabad,Operations,CC300,Team Lead,G3,Permanent,Hybrid,2026-04-17,,Active,E04725,1.0,PhD,1,Internal Mobility,Yes
E01705,Employee 1705,Female,1991-05-21,Mumbai,Finance,CC400,Senior Finance Analyst,G2,Permanent,Hybrid,2022-04-01,,Active,E02435,1.0,PhD,6,Company Website,No
E01706,Employee 1706,Male,1993-02-23,Bengaluru,Supply Chain,CC800,Logistics Manager,G3,Permanent,Remote,2024-06-16,,Active,E00676,1.0,B.Tech,8,Agency,No
E01707,Employee 1707,Male,1981-02-08,Hyderabad,Supply Chain,CC800,Logistics Manager,G5,Permanent,Hybrid,2019-02-18,2025-06-01,Exited,E00800,1.0,PhD,4,Campus,No
E01708,Employee 1708,Female,1987-01-19,Bengaluru,Operations,CC300,Operations Manager,G3,Contract,Hybrid,2025-04-10,,Active,E04313,0.75,B.Tech,2,Internal Mobility,No
E01709,Employee 1709,Female,1996-05-11,Chennai,Supply Chain,CC800,Logistics Manager,G3,Permanent,Onsite,2022-09-07,,Active,E02472,1.0,B.Tech,17,Internal Mobility,No
E01710,Employee 1710,Female,1995-03-17,Mumbai,Sales,CC200,Sales Executive,G4,Permanent,Remote,2026-07-08,,Active,,1.0,B.Tech,18,LinkedIn,No
E01711,Employee 1711,Female,1981-11-25,Hyderabad,Operations,CC300,Team Lead,G2,Permanent,Hybrid,2023-09-20,,Active,E00268,1.0,Bachelor's,7,Company Website,No
E01712,Employee 1712,Male,1985-05-30,Gurugram,Operations,CC300,Operations Manager,G3,Permanent,Onsite,2025-03-27,,Active,E00225,1.0,MBA,8,Campus,No
E01713,Employee 1713,Female,2000-05-20,Bengaluru,Customer Success,CC700,Customer Success Executive,G3,Permanent,Hybrid,2022-01-19,,Active,E04103,1.0,Bachelor's,12,LinkedIn,No
E01714,Employee 1714,Male,1994-10-28,Hyderabad,Supply Chain,CC800,Planner,G4,Permanent,Hybrid,2018-04-19,,Active,,1.0,PhD,2,LinkedIn,Yes
E01715,Employee 1715,Female,1993-02-04,Hyderabad,Marketing,CC600,Brand Manager,G4,Permanent,Hybrid,2026-02-24,,Active,,1.0,MBA,6,Internal Mobility,No
E01716,Employee 1716,Male,1991-05-12,Hyderabad,Human Resources,CC500,Talent Acquisition Specialist,G2,Permanent,Onsite,2024-05-22,,Active,E03546,1.0,B.Tech,8,Campus,No
E01717,Employee 1717,Male,2000-11-25,Mumbai,Supply Chain,CC800,Procurement Specialist,G2,Permanent,Hybrid,2022-07-22,,Active,E00173,1.0,MBA,7,Job Portal,No
E01718,Employee 1718,Male,1988-01-25,Gurugram,Operations,CC300,Operations Analyst,G3,Permanent,Remote,2024-10-25,,Active,E01169,1.0,MBA,18,Referral,No
E01719,Employee 1719,Female,1988-10-12,Hyderabad,Human Resources,CC500,HR Executive,G4,Permanent,Hybrid,2021-05-11,,Active,,1.0,MBA,14,Internal Mobility,Yes
E01720,Employee 1720,Male,1989-12-30,Bengaluru,Sales,CC200,Regional Sales Manager,G4,Contract,Hybrid,2019-06-29,,Active,,1.0,PhD,15,Campus,Yes
E01721,Employee 1721,Male,1998-01-18,Bengaluru,Technology,CC100,Senior Software Engineer,G3,Permanent,Hybrid,2024-01-05,,Active,E00354,1.0,B.Tech,10,LinkedIn,No
E01722,Employee 1722,Male,1979-05-14,Mumbai,Marketing,CC600,Brand Manager,G4,Permanent,Remote,2019-01-19,,Active,,1.0,MBA,11,Internal Mobility,No
E01723,Employee 1723,Male,1992-01-01,Pune,Marketing,CC600,Digital Marketing Analyst,G3,Permanent,Hybrid,2024-05-09,,Active,E01604,1.0,B.Tech,17,Agency,No
E01724,Employee 1724,Male,1975-10-02,Hyderabad,Operations,CC300,Operations Analyst,G3,Permanent,Onsite,2019-07-31,2020-01-23,Exited,E03063,1.0,Bachelor's,10,LinkedIn,Yes
E01725,Employee 1725,Male,1985-07-13,Bengaluru,Finance,CC400,Finance Manager,G1,Permanent,Onsite,2019-04-08,,Active,E03093,1.0,MBA,0,Agency,No
E01726,Employee 1726,Male,1994-08-23,Bengaluru,Customer Success,CC700,Customer Success Manager,G2,Permanent,Hybrid,2025-01-27,,Active,E02993,1.0,PhD,13,Job Portal,No
E01727,Employee 1727,Male,1983-10-05,Noida,Technology,CC100,Data Scientist,G3,Permanent,Remote,2024-03-07,2026-07-07,Exited,E01948,1.0,PhD,5,Campus,No
E01728,Employee 1728,Male,1999-05-05,Bengaluru,Human Resources,CC500,HR Business Partner,G1,Permanent,Hybrid,2026-02-09,,Active,E03823,1.0,Master's,1,Agency,Yes
E01729,Employee 1729,Male,1992-03-04,Mumbai,Sales,CC200,Regional Sales Manager,G1,Permanent,Hybrid,2017-10-28,,Active,E02108,1.0,B.Tech,17,Agency,No
E01730,Employee 1730,Male,1999-10-03,Noida,Finance,CC400,Finance Analyst,G2,Permanent,Hybrid,2026-03-28,,Active,E03848,1.0,Master's,10,Internal Mobility,No
E01731,Employee 1731,Male,1982-09-01,Mumbai,Customer Success,CC700,Support Analyst,G3,Permanent,Hybrid,2017-02-26,,Active,E04346,1.0,Master's,8,Internal Mobility,No
E01732,Employee 1732,Female,1976-10-30,Bengaluru,Customer Success,CC700,Support Analyst,G3,Permanent,Hybrid,2021-07-05,,Active,E04657,1.0,MBA,18,Campus,No
E01733,Employee 1733,Male,1987-08-17,Noida,Technology,CC100,Engineering Manager,G4,Permanent,Hybrid,2019-11-24,,Active,,1.0,Bachelor's,18,Company Website,Yes
E01734,Employee 1734,Female,1978-03-31,Gurugram,Marketing,CC600,Product Marketing Manager,G6,Permanent,Remote,2018-07-15,,Active,,1.0,M.Tech,1,LinkedIn,No
E01735,Employee 1735,Female,1989-08-27,Bengaluru,Customer Success,CC700,Support Analyst,G4,Contract,Hybrid,2018-03-11,,Active,,1.0,Master's,10,Referral,No
E01736,Employee 1736,Male,1999-05-15,Gurugram,Technology,CC100,Senior Software Engineer,G3,Permanent,Hybrid,2026-03-08,,Active,E04090,1.0,Bachelor's,13,Referral,No
E01737,Employee 1737,Male,1995-01-30,Gurugram,Marketing,CC600,Brand Manager,G2,Permanent,Hybrid,2017-06-13,,Active,E00009,1.0,B.Tech,15,Company Website,No
E01738,Employee 1738,Female,1987-06-30,Hyderabad,Supply Chain,CC800,Supply Chain Analyst,G4,Contract,Remote,2026-07-15,,Active,,0.5,PhD,17,Campus,Yes
E01739,Employee 1739,Male,1986-03-13,Hyderabad,Supply Chain,CC800,Logistics Manager,G5,Contract,Hybrid,2021-05-29,,Active,,0.75,B.Tech,7,Internal Mobility,No
E01740,Employee 1740,Male,1992-01-17,Pune,Technology,CC100,Data Scientist,G4,Permanent,Remote,2020-01-22,,Active,,1.0,M.Tech,17,Internal Mobility,No
E01741,Employee 1741,Female,2001-10-17,Gurugram,Human Resources,CC500,Talent Acquisition Specialist,G2,Permanent,Remote,2022-11-26,,Active,E01309,1.0,Bachelor's,5,LinkedIn,No
E01742,Employee 1742,Female,1979-10-16,Hyderabad,Operations,CC300,Operations Manager,G4,Permanent,Hybrid,2017-06-06,,Active,,1.0,MBA,6,Job Portal,No
E01743,Employee 1743,Male,1979-04-02,Bengaluru,Supply Chain,CC800,Supply Chain Analyst,G3,Permanent,Onsite,2023-06-24,,Active,E01673,1.0,MBA,9,Company Website,Yes
E01744,Employee 1744,Female,1996-11-08,Mumbai,Operations,CC300,Operations Executive,G1,Permanent,Hybrid,2025-07-23,,Active,,1.0,Bachelor's,17,Campus,No
E01745,Employee 1745,Female,1997-10-02,Hyderabad,Operations,CC300,Operations Manager,G3,Permanent,Remote,2019-04-03,2026-05-21,Exited,E04646,1.0,PhD,9,Referral,No
E01746,Employee 1746,Female,1999-03-20,Gurugram,Marketing,CC600,Product Marketing Manager,G2,Permanent,Hybrid,2024-07-23,,Active,E03564,1.0,Bachelor's,7,Internal Mobility,No
E01747,Employee 1747,Female,1982-02-22,Pune,Finance,CC400,Finance Manager,G4,Permanent,Onsite,2020-11-18,,Active,,1.0,Bachelor's,14,Referral,No
E01748,Employee 1748,Female,1996-03-09,Pune,Finance,CC400,Senior Finance Analyst,G4,Permanent,Remote,2026-08-12,,Active,,1.0,Bachelor's,17,LinkedIn,No
E01749,Employee 1749,Female,1983-08-29,Bengaluru,Operations,CC300,Team Lead,G3,Contract,Hybrid,2021-06-22,,Active,E02203,0.75,Bachelor's,0,Referral,No
E01750,Employee 1750,Female,1981-01-21,Hyderabad,Technology,CC100,Engineering Manager,G5,Contract,Remote,2023-11-12,,Active,,0.75,Master's,1,Referral,Yes
E01751,Employee 1751,Male,1996-04-09,Hyderabad,Supply Chain,CC800,Supply Chain Analyst,G5,Permanent,Onsite,2017-11-11,2018-10-24,Exited,,1.0,B.Tech,13,LinkedIn,No
E01752,Employee 1752,Female,1990-03-18,Bengaluru,Sales,CC200,Account Manager,G5,Permanent,Hybrid,2021-11-02,,Active,,1.0,MBA,2,Referral,No
E01753,Employee 1753,Non-binary,1989-06-02,Pune,Sales,CC200,Regional Sales Manager,G4,Permanent,Hybrid,2025-08-16,,Active,,1.0,Bachelor's,12,Agency,No
E01754,Employee 1754,Male,1986-11-11,Noida,Sales,CC200,Sales Executive,G4,Permanent,Hybrid,2025-06-02,,Active,,1.0,B.Tech,13,Referral,Yes
E01755,Employee 1755,Female,1979-11-24,Mumbai,Sales,CC200,Sales Executive,G2,Permanent,Hybrid,2019-07-17,,Active,E02753,1.0,Master's,3,Company Website,No
E01756,Employee 1756,Female,1990-08-05,Mumbai,Customer Success,CC700,Customer Success Executive,G3,Contract,Remote,2025-01-09,,Active,E03046,0.75,M.Tech,8,Company Website,No
E01757,Employee 1757,Male,1979-01-08,Pune,Marketing,CC600,Digital Marketing Analyst,G5,Permanent,Hybrid,2018-08-20,2025-05-26,Exited,E04181,1.0,Bachelor's,2,Referral,No
E01758,Employee 1758,Male,1982-04-05,Hyderabad,Finance,CC400,Senior Finance Analyst,G5,Permanent,Hybrid,2022-09-01,,Active,,1.0,MBA,6,Internal Mobility,No
E01759,Employee 1759,Male,1976-09-12,Noida,Human Resources,CC500,HR Business Partner,G3,Intern,Hybrid,2019-10-16,,Active,E02460,0.75,PhD,13,Company Website,No
E01760,Employee 1760,Male,1992-07-25,Chennai,Sales,CC200,Sales Executive,G2,Permanent,Onsite,2018-02-06,,Active,E00595,1.0,PhD,0,Agency,No
E01761,Employee 1761,Female,1987-01-02,Bengaluru,Customer Success,CC700,Support Analyst,G5,Permanent,Hybrid,2023-10-20,,Active,,1.0,PhD,18,Campus,Yes
E01762,Employee 1762,Male,1987-07-05,Bengaluru,Supply Chain,CC800,Logistics Manager,G5,Permanent,Onsite,2022-05-19,,Active,,1.0,Bachelor's,8,Job Portal,No
E01763,Employee 1763,Male,1993-12-11,Bengaluru,Human Resources,CC500,Talent Acquisition Specialist,G4,Permanent,Onsite,2023-11-19,,Active,,1.0,B.Tech,7,Campus,No
E01764,Employee 1764,Female,1976-09-22,Noida,Marketing,CC600,Marketing Executive,G5,Contract,Onsite,2019-04-25,,Active,,0.75,Master's,7,Campus,No
E01765,Employee 1765,Male,2004-03-30,Hyderabad,Customer Success,CC700,Support Analyst,G4,Contract,Remote,2025-08-12,,Active,,1.0,B.Tech,14,LinkedIn,No
E01766,Employee 1766,Female,1984-03-10,Chennai,Operations,CC300,Team Lead,G4,Contract,Onsite,2021-07-07,,Active,,0.5,B.Tech,9,Internal Mobility,No
E01767,Employee 1767,Female,1998-03-22,Noida,Technology,CC100,Data Scientist,G4,Permanent,Remote,2025-06-18,,Active,,1.0,M.Tech,2,Agency,No
E01768,Employee 1768,Female,1997-01-31,Chennai,Supply Chain,CC800,Planner,G1,Permanent,Onsite,2018-02-09,,Active,,1.0,PhD,8,LinkedIn,No
E01769,Employee 1769,Female,1985-10-04,Pune,Supply Chain,CC800,Planner,G5,Permanent,Hybrid,2019-06-24,,Active,,1.0,M.Tech,17,Job Portal,No
E01770,Employee 1770,Female,1996-09-27,Hyderabad,Finance,CC400,Finance Analyst,G2,Permanent,Onsite,2018-07-25,,Active,E04558,1.0,Bachelor's,8,Agency,No
E01771,Employee 1771,Female,1990-11-27,Hyderabad,Technology,CC100,Engineering Manager,G4,Permanent,Remote,2024-04-09,,Active,,1.0,M.Tech,8,LinkedIn,No
E01772,Employee 1772,Male,1988-07-11,Chennai,Operations,CC300,Operations Analyst,G5,Permanent,Hybrid,2020-03-20,,Active,,1.0,Bachelor's,5,Referral,No
E01773,Employee 1773,Female,1981-10-18,Mumbai,Sales,CC200,Regional Sales Manager,G6,Permanent,Hybrid,2025-02-21,,Active,,1.0,M.Tech,8,Job Portal,No
E01774,Employee 1774,Male,1984-10-17,Gurugram,Supply Chain,CC800,Planner,G1,Permanent,Hybrid,2022-08-19,,Active,E03818,1.0,PhD,1,Company Website,No
E01775,Employee 1775,Male,1996-02-15,Bengaluru,Operations,CC300,Operations Manager,G2,Contract,Onsite,2025-11-09,,Active,E00520,1.0,MBA,17,Campus,No
E01776,Employee 1776,Female,1986-01-30,Bengaluru,Operations,CC300,Team Lead,G4,Permanent,Onsite,2017-05-02,,Active,,1.0,B.Tech,16,Job Portal,No
E01777,Employee 1777,Male,1999-10-07,Bengaluru,Technology,CC100,Senior Software Engineer,G1,Permanent,Hybrid,2025-06-17,,Active,E02767,1.0,PhD,14,Company Website,No
E01778,Employee 1778,Male,2002-01-26,Mumbai,Finance,CC400,Finance Analyst,G4,Permanent,Hybrid,2026-01-18,,Active,,1.0,Master's,18,Internal Mobility,No
E01779,Employee 1779,Female,1985-10-15,Bengaluru,Marketing,CC600,Digital Marketing Analyst,G2,Permanent,Hybrid,2021-07-04,,Active,E01591,1.0,Bachelor's,8,LinkedIn,Yes
E01780,Employee 1780,Male,1998-06-15,Gurugram,Human Resources,CC500,HR Executive,G4,Permanent,Hybrid,2022-12-29,,Active,,1.0,PhD,17,Campus,No
E01781,Employee 1781,Female,1994-04-17,Mumbai,Operations,CC300,Operations Analyst,G2,Contract,Onsite,2018-11-21,,Active,E02956,1.0,M.Tech,16,Referral,No
E01782,Employee 1782,Female,1974-12-27,Bengaluru,Customer Success,CC700,Customer Success Executive,G5,Permanent,Hybrid,2018-01-27,,Active,,1.0,MBA,6,Referral,No
E01783,Employee 1783,Female,1982-12-12,Gurugram,Customer Success,CC700,Customer Success Manager,G4,Permanent,Remote,2019-05-13,,Active,,1.0,MBA,2,Company Website,No
E01784,Employee 1784,Female,1979-07-29,Bengaluru,Finance,CC400,Senior Finance Analyst,G3,Permanent,Onsite,2019-12-09,,Active,E02263,1.0,Master's,18,Agency,No
E01785,Employee 1785,Female,1986-03-19,Mumbai,Technology,CC100,Senior Software Engineer,G1,Permanent,Hybrid,2023-11-01,2025-11-17,Exited,E00350,1.0,Master's,14,Campus,No
E01786,Employee 1786,Male,1989-11-29,Hyderabad,Operations,CC300,Operations Executive,G1,Permanent,Hybrid,2023-06-03,,Active,E03690,1.0,MBA,15,Company Website,No
E01787,Employee 1787,Female,1998-11-08,Hyderabad,Human Resources,CC500,HR Executive,G5,Permanent,Hybrid,2023-07-04,,Active,,1.0,Bachelor's,17,Internal Mobility,No
E01788,Employee 1788,Female,1988-06-30,Noida,Human Resources,CC500,HR Business Partner,G5,Contract,Onsite,2023-06-28,,Active,,0.5,PhD,17,LinkedIn,No
E01789,Employee 1789,Female,1984-06-16,Hyderabad,Technology,CC100,Data Scientist,G2,Permanent,Hybrid,2018-01-22,,Active,E03550,1.0,PhD,12,Internal Mobility,Yes
E01790,Employee 1790,Female,1992-01-28,Hyderabad,Sales,CC200,Account Manager,G5,Permanent,Hybrid,2020-06-20,,Active,,1.0,Bachelor's,18,Referral,No
E01791,Employee 1791,Male,1984-05-15,Hyderabad,Human Resources,CC500,Talent Acquisition Specialist,G5,Permanent,Onsite,2018-04-22,,Active,,1.0,MBA,8,LinkedIn,No
E01792,Employee 1792,Female,1988-12-31,Bengaluru,Sales,CC200,Regional Sales Manager,G1,Contract,Onsite,2022-06-26,,Active,E00120,1.0,Bachelor's,13,Campus,No
E01793,Employee 1793,Male,1978-03-07,Pune,Marketing,CC600,Brand Manager,G3,Permanent,Hybrid,2017-12-26,,Active,E00646,1.0,PhD,7,LinkedIn,No
E01794,Employee 1794,Female,1989-04-07,Bengaluru,Operations,CC300,Operations Manager,G4,Permanent,Hybrid,2019-08-29,,Active,,1.0,PhD,9,Job Portal,No
E01795,Employee 1795,Male,1987-06-20,Chennai,Technology,CC100,Data Scientist,G4,Permanent,Onsite,2026-05-12,,Active,,1.0,Bachelor's,3,Company Website,No
E01796,Employee 1796,Male,1978-05-29,Chennai,Operations,CC300,Operations Executive,G6,Permanent,Hybrid,2022-05-08,2023-09-07,Exited,E02506,1.0,M.Tech,3,LinkedIn,Yes
E01797,Employee 1797,Female,1982-02-21,Hyderabad,Operations,CC300,Operations Analyst,G2,Permanent,Hybrid,2026-02-23,,Active,E02030,1.0,B.Tech,12,Referral,No
E01798,Employee 1798,Male,1992-03-04,Bengaluru,Marketing,CC600,Product Marketing Manager,G3,Permanent,Hybrid,2021-10-11,,Active,,1.0,M.Tech,9,Company Website,No
E01799,Employee 1799,Female,1990-12-29,Mumbai,Operations,CC300,Team Lead,G2,Contract,Hybrid,2026-07-04,,Active,E00580,1.0,Bachelor's,16,Internal Mobility,No
E01800,Employee 1800,Female,1994-05-24,Bengaluru,Finance,CC400,Senior Finance Analyst,G3,Permanent,Onsite,2018-12-05,2021-07-19,Exited,E01948,1.0,MBA,17,Job Portal,No
E01801,Employee 1801,Male,1986-11-10,Noida,Human Resources,CC500,L&D Specialist,G4,Permanent,Remote,2022-12-06,,Active,,1.0,MBA,17,Agency,No
E01802,Employee 1802,Male,1995-11-17,Bengaluru,Marketing,CC600,Marketing Executive,G2,Permanent,Hybrid,2017-05-27,2023-10-07,Exited,E02522,1.0,Bachelor's,10,Campus,No
E01803,Employee 1803,Male,1993-03-31,Mumbai,Finance,CC400,Finance Analyst,G4,Permanent,Onsite,2020-11-15,,Active,,1.0,B.Tech,5,Job Portal,No
E01804,Employee 1804,Male,1988-05-21,Noida,Operations,CC300,Operations Analyst,G4,Permanent,Hybrid,2017-02-14,,Active,,1.0,M.Tech,17,Job Portal,No
E01805,Employee 1805,Female,1992-04-14,Hyderabad,Human Resources,CC500,L&D Specialist,G4,Permanent,Hybrid,2023-01-25,,Active,,1.0,MBA,4,Job Portal,No
E01806,Employee 1806,Female,1996-03-30,Pune,Human Resources,CC500,Talent Acquisition Specialist,G4,Permanent,Hybrid,2024-01-31,,Active,,1.0,Bachelor's,17,Company Website,Yes
E01807,Employee 1807,Female,1986-02-24,Bengaluru,Operations,CC300,Operations Manager,G2,Permanent,Onsite,2022-11-02,2026-08-22,Exited,E01416,1.0,Master's,18,Referral,No
E01808,Employee 1808,Male,1974-11-23,Chennai,Supply Chain,CC800,Planner,G2,Permanent,Hybrid,2018-02-05,,Active,E04541,1.0,M.Tech,12,Internal Mobility,No
E01809,Employee 1809,Male,1979-04-11,Chennai,Human Resources,CC500,Talent Acquisition Specialist,G4,Permanent,Hybrid,2020-08-22,,Active,,1.0,Bachelor's,16,Referral,No
E01810,Employee 1810,Male,2001-02-16,Gurugram,Sales,CC200,Regional Sales Manager,G2,Contract,Hybrid,2024-05-30,,Active,E03012,0.75,MBA,18,Agency,No
E01811,Employee 1811,Female,1974-03-31,Hyderabad,Human Resources,CC500,HR Executive,G3,Permanent,Onsite,2017-06-16,,Active,E03422,1.0,PhD,1,Campus,No
E01812,Employee 1812,Male,1991-06-02,Hyderabad,Human Resources,CC500,HR Executive,G4,Permanent,Onsite,2017-01-05,,Active,,1.0,MBA,2,Campus,No
E01813,Employee 1813,Female,1988-06-29,Hyderabad,Operations,CC300,Operations Executive,G5,Permanent,Hybrid,2023-08-08,,Active,,1.0,B.Tech,17,Internal Mobility,No
E01814,Employee 1814,Female,1986-04-03,Gurugram,Sales,CC200,Regional Sales Manager,G3,Permanent,Hybrid,2025-04-22,,Active,E00378,1.0,B.Tech,14,Internal Mobility,Yes
E01815,Employee 1815,Female,1992-04-25,Bengaluru,Operations,CC300,Operations Analyst,G4,Permanent,Onsite,2017-06-01,2021-11-12,Exited,E03691,1.0,M.Tech,3,Referral,No
E01816,Employee 1816,Male,1989-04-07,Gurugram,Technology,CC100,Software Engineer,G3,Permanent,Hybrid,2022-02-12,,Active,E01618,1.0,M.Tech,14,Job Portal,No
E01817,Employee 1817,Female,1988-04-07,Bengaluru,Finance,CC400,Finance Manager,G3,Permanent,Hybrid,2022-02-11,2022-12-08,Exited,E00518,1.0,B.Tech,12,Company Website,Yes
E01818,Employee 1818,Female,1991-11-29,Mumbai,Human Resources,CC500,HR Business Partner,G3,Permanent,Hybrid,2022-08-29,,Active,E02944,1.0,M.Tech,12,Campus,No
E01819,Employee 1819,Female,1994-06-12,Mumbai,Operations,CC300,Operations Executive,G5,Contract,Hybrid,2025-11-19,,Active,,0.75,Bachelor's,4,Job Portal,No
E01820,Employee 1820,Male,1994-10-22,Pune,Finance,CC400,Finance Manager,G3,Contract,Hybrid,2024-08-31,,Active,E01440,0.75,B.Tech,11,Job Portal,No
E01821,Employee 1821,Male,1986-06-27,Mumbai,Operations,CC300,Operations Manager,G3,Permanent,Hybrid,2019-11-26,2022-05-14,Exited,E01369,1.0,M.Tech,11,Agency,No
E01822,Employee 1822,Male,1991-05-06,Pune,Sales,CC200,Account Manager,G2,Contract,Hybrid,2022-09-29,,Active,E01719,0.5,MBA,16,Referral,No
E01823,Employee 1823,Male,1984-03-12,Chennai,Operations,CC300,Operations Manager,G2,Permanent,Hybrid,2022-02-12,,Active,E04679,1.0,B.Tech,8,Campus,No
E01824,Employee 1824,Female,1999-07-29,Pune,Technology,CC100,Software Engineer,G2,Permanent,Onsite,2025-06-16,,Active,E02460,1.0,MBA,10,Agency,No
E01825,Employee 1825,Female,1983-11-06,Noida,Finance,CC400,Finance Analyst,G6,Permanent,Remote,2026-08-26,,Active,,1.0,Bachelor's,18,Job Portal,No
E01826,Employee 1826,Male,1978-05-30,Hyderabad,Supply Chain,CC800,Supply Chain Analyst,G3,Permanent,Onsite,2019-11-10,,Active,E02592,1.0,MBA,10,Agency,Yes
E01827,Employee 1827,Female,1984-12-04,Mumbai,Operations,CC300,Operations Analyst,G3,Permanent,Hybrid,2022-11-27,,Active,E00443,1.0,Master's,0,Referral,No
E01828,Employee 1828,Male,1990-11-04,Pune,Customer Success,CC700,Customer Success Executive,G5,Permanent,Hybrid,2025-10-30,,Active,,1.0,MBA,11,Company Website,Yes
E01829,Employee 1829,Female,1998-12-23,Bengaluru,Finance,CC400,Finance Analyst,G3,Permanent,Onsite,2023-10-22,,Active,E04046,1.0,M.Tech,0,Company Website,No
E01830,Employee 1830,Female,1992-05-02,Noida,Customer Success,CC700,Support Analyst,G2,Permanent,Onsite,2018-02-25,,Active,E01615,1.0,B.Tech,5,Agency,Yes
E01831,Employee 1831,Female,1986-09-20,Chennai,Supply Chain,CC800,Planner,G3,Permanent,Remote,2021-07-06,,Active,E00651,1.0,B.Tech,15,Job Portal,No
E01832,Employee 1832,Female,1981-02-17,Hyderabad,Technology,CC100,Engineering Manager,G4,Contract,Onsite,2018-02-22,,Active,,0.75,Master's,17,Campus,No
E01833,Employee 1833,Female,1992-01-22,Mumbai,Human Resources,CC500,HR Executive,G4,Permanent,Hybrid,2017-02-14,,Active,,1.0,Bachelor's,10,Job Portal,No
E01834,Employee 1834,Female,1997-07-16,Bengaluru,Customer Success,CC700,Customer Success Executive,G2,Permanent,Remote,2019-12-09,,Active,E04800,1.0,M.Tech,1,Referral,No
E01835,Employee 1835,Female,1975-07-04,Hyderabad,Operations,CC300,Operations Analyst,G2,Permanent,Hybrid,2017-09-11,,Active,E00949,1.0,MBA,8,Campus,No
E01836,Employee 1836,Male,1987-06-06,Chennai,Technology,CC100,Data Analyst,G1,Permanent,Onsite,2019-09-05,2025-10-17,Exited,E02299,1.0,Master's,9,Agency,No
E01837,Employee 1837,Female,1988-11-04,Hyderabad,Technology,CC100,Data Scientist,G2,Permanent,Remote,2023-12-26,,Active,,1.0,Bachelor's,0,Company Website,No
E01838,Employee 1838,Female,1985-12-24,Bengaluru,Marketing,CC600,Product Marketing Manager,G2,Contract,Hybrid,2022-09-24,,Active,E01747,0.75,M.Tech,6,Referral,No
E01839,Employee 1839,Female,1988-02-27,Bengaluru,Customer Success,CC700,Support Analyst,G3,Permanent,Remote,2025-11-01,,Active,E04630,1.0,MBA,16,Referral,No
E01840,Employee 1840,Female,1988-11-20,Hyderabad,Finance,CC400,Finance Analyst,G3,Permanent,Remote,2018-06-04,2025-05-09,Exited,E00437,1.0,MBA,2,LinkedIn,No
E01841,Employee 1841,Female,1975-04-14,Bengaluru,Customer Success,CC700,Customer Success Manager,G3,Permanent,Hybrid,2019-03-30,2020-09-03,Exited,E03103,1.0,M.Tech,5,Company Website,Yes
E01842,Employee 1842,Female,2003-11-11,Noida,Finance,CC400,Senior Finance Analyst,G6,Permanent,Onsite,2025-08-05,2025-12-27,Exited,E01083,1.0,Master's,7,Agency,No
E01843,Employee 1843,Female,1977-08-25,Gurugram,Sales,CC200,Key Account Manager,G4,Permanent,Hybrid,2017-12-31,,Active,,1.0,M.Tech,7,LinkedIn,No
E01844,Employee 1844,Male,1979-09-13,Pune,Sales,CC200,Sales Analyst,G1,Permanent,Hybrid,2022-02-12,2026-05-07,Exited,E02316,1.0,MBA,7,Internal Mobility,No
E01845,Employee 1845,Male,1992-08-27,Gurugram,Operations,CC300,Operations Analyst,G4,Permanent,Hybrid,2023-10-05,,Active,,1.0,M.Tech,4,Internal Mobility,No
E01846,Employee 1846,Female,1979-12-20,Gurugram,Operations,CC300,Operations Analyst,G4,Permanent,Hybrid,2017-03-29,,Active,,1.0,PhD,16,Agency,No
E01847,Employee 1847,Female,1977-03-11,Hyderabad,Customer Success,CC700,Support Analyst,G1,Permanent,Hybrid,2020-11-03,,Active,E03356,1.0,B.Tech,10,Internal Mobility,No
E01848,Employee 1848,Male,1983-11-30,Pune,Marketing,CC600,Brand Manager,G3,Permanent,Onsite,2019-05-28,2020-11-11,Exited,,1.0,B.Tech,14,Internal Mobility,No
E01849,Employee 1849,Female,1993-06-03,Mumbai,Human Resources,CC500,HR Executive,G3,Contract,Hybrid,2024-04-11,,Active,E04558,1.0,M.Tech,10,Company Website,No
E01850,Employee 1850,Male,1993-02-27,Hyderabad,Customer Success,CC700,Support Analyst,G3,Permanent,Hybrid,2018-10-02,2021-02-14,Exited,,1.0,M.Tech,2,LinkedIn,No
E01851,Employee 1851,Female,1992-05-22,Mumbai,Sales,CC200,Regional Sales Manager,G4,Permanent,Onsite,2026-05-31,,Active,,1.0,PhD,15,Referral,Yes
E01852,Employee 1852,Male,1990-02-17,Hyderabad,Technology,CC100,Engineering Manager,G4,Permanent,Onsite,2024-08-19,,Active,,1.0,B.Tech,0,Campus,Yes
E01853,Employee 1853,Female,1989-01-15,Hyderabad,Supply Chain,CC800,Planner,G4,Permanent,Onsite,2017-11-06,,Active,,1.0,M.Tech,18,Internal Mobility,No
E01854,Employee 1854,Female,1987-08-11,Noida,Customer Success,CC700,Customer Success Executive,G4,Permanent,Remote,2017-11-14,2022-03-01,Exited,E04025,1.0,PhD,13,Job Portal,No
E01855,Employee 1855,Male,1985-01-04,Noida,Sales,CC200,Key Account Manager,G2,Contract,Remote,2024-06-27,,Active,E00063,0.5,MBA,5,Referral,No
E01856,Employee 1856,Male,1994-04-27,Mumbai,Finance,CC400,Finance Analyst,G4,Contract,Hybrid,2019-11-01,,Active,,0.75,B.Tech,10,Agency,No
E01857,Employee 1857,Female,1976-11-21,Bengaluru,Sales,CC200,Sales Analyst,G5,Intern,Hybrid,2020-10-23,,Active,,0.5,B.Tech,5,Company Website,No
E01858,Employee 1858,Female,1993-04-10,Hyderabad,Technology,CC100,Engineering Manager,G3,Permanent,Hybrid,2019-02-07,2019-06-07,Exited,E04834,1.0,M.Tech,10,Agency,No
E01859,Employee 1859,Female,1982-10-13,Noida,Customer Success,CC700,Customer Success Executive,G3,Permanent,Hybrid,2020-05-15,2020-08-17,Exited,E04494,1.0,B.Tech,3,Agency,No
E01860,Employee 1860,Female,1998-01-10,Mumbai,Customer Success,CC700,Customer Success Manager,G3,Permanent,Onsite,2024-12-25,,Active,E03301,1.0,MBA,2,Internal Mobility,No
E01861,Employee 1861,Female,1975-08-19,Hyderabad,Technology,CC100,Data Analyst,G6,Permanent,Hybrid,2018-03-17,,Active,,1.0,B.Tech,11,Referral,No
E01862,Employee 1862,Female,1983-08-31,Pune,Supply Chain,CC800,Supply Chain Analyst,G4,Permanent,Onsite,2025-07-01,,Active,,1.0,M.Tech,12,Job Portal,No
E01863,Employee 1863,Female,1988-12-24,Gurugram,Supply Chain,CC800,Planner,G4,Permanent,Onsite,2026-02-06,,Active,,1.0,PhD,5,Referral,No
E01864,Employee 1864,Male,1992-02-15,Mumbai,Operations,CC300,Operations Analyst,G2,Contract,Hybrid,2021-11-21,,Active,E02764,0.5,MBA,12,Campus,No
E01865,Employee 1865,Male,1990-01-03,Bengaluru,Technology,CC100,Tech Lead,G1,Contract,Hybrid,2022-06-16,,Active,,1.0,MBA,15,Company Website,No
E01866,Employee 1866,Male,1980-07-16,Mumbai,Customer Success,CC700,Support Analyst,G2,Permanent,Hybrid,2019-12-22,2025-07-13,Exited,E02346,1.0,B.Tech,4,Internal Mobility,Yes
E01867,Employee 1867,Male,1988-05-05,Hyderabad,Technology,CC100,Engineering Manager,G5,Permanent,Onsite,2022-05-08,,Active,,1.0,Bachelor's,12,Internal Mobility,No
E01868,Employee 1868,Male,1987-01-28,Pune,Sales,CC200,Sales Analyst,G5,Permanent,Remote,2024-11-19,,Active,,1.0,Master's,8,Company Website,Yes
E01869,Employee 1869,Female,1998-03-13,Bengaluru,Sales,CC200,Key Account Manager,G2,Permanent,Hybrid,2022-04-27,,Active,E01980,1.0,MBA,4,Referral,No
E01870,Employee 1870,Male,1979-10-30,Pune,Supply Chain,CC800,Planner,G1,Permanent,Hybrid,2020-06-01,,Active,E00702,1.0,Master's,3,Job Portal,No
E01871,Employee 1871,Female,1990-09-04,Hyderabad,Marketing,CC600,Product Marketing Manager,G3,Contract,Hybrid,2024-11-03,,Active,,0.75,PhD,7,Company Website,Yes
E01872,Employee 1872,Male,1986-06-23,Hyderabad,Supply Chain,CC800,Logistics Manager,G2,Permanent,Hybrid,2017-05-24,,Active,E01030,1.0,B.Tech,6,Agency,No
E01873,Employee 1873,Female,1988-10-20,Gurugram,Operations,CC300,Team Lead,G2,Permanent,Hybrid,2025-07-29,,Active,E00518,1.0,PhD,3,Internal Mobility,No
E01874,Employee 1874,Male,1976-07-05,Mumbai,Customer Success,CC700,Customer Success Executive,G3,Permanent,Remote,2019-10-31,,Active,E03536,1.0,MBA,18,Campus,Yes
E01875,Employee 1875,Male,1981-06-19,Pune,Technology,CC100,Data Analyst,G5,Permanent,Hybrid,2026-05-10,,Active,,1.0,Master's,2,Agency,No
E01876,Employee 1876,Female,1981-12-03,Bengaluru,Sales,CC200,Regional Sales Manager,G1,Contract,Hybrid,2019-05-30,2021-06-19,Exited,E02105,0.75,M.Tech,8,Company Website,Yes
E01877,Employee 1877,Female,1982-01-01,Hyderabad,Customer Success,CC700,Customer Success Manager,G4,Permanent,Hybrid,2017-07-19,,Active,,1.0,Bachelor's,0,Campus,No
E01878,Employee 1878,Male,1991-04-15,Noida,Supply Chain,CC800,Supply Chain Analyst,G5,Contract,Onsite,2020-09-22,,Active,,1.0,MBA,1,Company Website,No
E01879,Employee 1879,Male,1981-10-06,Pune,Marketing,CC600,Product Marketing Manager,G5,Permanent,Onsite,2025-04-18,,Active,,1.0,M.Tech,9,LinkedIn,Yes
E01880,Employee 1880,Female,1987-11-04,Bengaluru,Operations,CC300,Operations Executive,G4,Permanent,Hybrid,2021-08-03,2025-06-14,Exited,E01139,1.0,PhD,5,Agency,No
E01881,Employee 1881,Female,1992-05-20,Bengaluru,Marketing,CC600,Brand Manager,G3,Permanent,Remote,2022-11-05,,Active,E00485,1.0,PhD,6,Agency,Yes
E01882,Employee 1882,Male,1979-08-25,Bengaluru,Sales,CC200,Regional Sales Manager,G3,Permanent,Onsite,2018-11-08,,Active,E00882,1.0,Bachelor's,7,LinkedIn,No
E01883,Employee 1883,Female,1979-01-31,Hyderabad,Supply Chain,CC800,Supply Chain Analyst,G3,Permanent,Onsite,2019-07-20,2025-07-15,Exited,E02030,1.0,Bachelor's,7,Campus,Yes
E01884,Employee 1884,Female,1999-08-17,Bengaluru,Finance,CC400,Senior Finance Analyst,G3,Permanent,Hybrid,2021-10-04,,Active,E04870,1.0,PhD,2,Agency,No
E01885,Employee 1885,Male,1990-08-23,Mumbai,Finance,CC400,Finance Analyst,G3,Permanent,Hybrid,2020-04-11,,Active,E00529,1.0,MBA,6,Job Portal,No
E01886,Employee 1886,Female,1989-09-11,Noida,Finance,CC400,Finance Manager,G4,Permanent,Hybrid,2020-10-17,,Active,,1.0,MBA,17,Internal Mobility,No
E01887,Employee 1887,Male,1999-05-17,Gurugram,Operations,CC300,Team Lead,G6,Permanent,Hybrid,2023-01-11,,Active,,1.0,MBA,15,Referral,No
E01888,Employee 1888,Female,1999-06-22,Hyderabad,Customer Success,CC700,Customer Success Executive,G3,Permanent,Hybrid,2022-05-26,,Active,E00174,1.0,PhD,14,Campus,No
E01889,Employee 1889,Female,1986-04-03,Hyderabad,Supply Chain,CC800,Logistics Manager,G3,Permanent,Remote,2018-11-19,,Active,E01026,1.0,PhD,2,Internal Mobility,No
E01890,Employee 1890,Female,1989-06-15,Bengaluru,Customer Success,CC700,Customer Success Manager,G2,Permanent,Hybrid,2022-08-19,,Active,E01679,1.0,B.Tech,10,Referral,No
E01891,Employee 1891,Female,1992-10-29,Chennai,Marketing,CC600,Marketing Executive,G2,Permanent,Remote,2017-03-09,,Active,E01924,1.0,Master's,15,Internal Mobility,No
E01892,Employee 1892,Male,1996-08-03,Gurugram,Operations,CC300,Operations Analyst,G3,Permanent,Hybrid,2026-01-30,,Active,E00159,1.0,B.Tech,14,Job Portal,No
E01893,Employee 1893,Male,1979-12-14,Bengaluru,Finance,CC400,Finance Manager,G1,Permanent,Onsite,2023-04-16,,Active,E00576,1.0,PhD,2,Referral,Yes
E01894,Employee 1894,Male,1981-02-13,Gurugram,Human Resources,CC500,HR Executive,G2,Permanent,Hybrid,2026-01-29,,Active,E01764,1.0,PhD,16,Job Portal,No
E01895,Employee 1895,Female,1977-09-12,Hyderabad,Operations,CC300,Operations Analyst,G2,Contract,Onsite,2018-08-16,,Active,E01494,1.0,PhD,17,Campus,No
E01896,Employee 1896,Male,1986-06-07,Bengaluru,Customer Success,CC700,Support Analyst,G3,Permanent,Hybrid,2023-01-07,,Active,E01588,1.0,Master's,11,Internal Mobility,No
E01897,Employee 1897,Male,1993-01-29,Gurugram,Technology,CC100,Engineering Manager,G4,Permanent,Hybrid,2022-08-21,,Active,,1.0,PhD,10,LinkedIn,No
E01898,Employee 1898,Male,1992-12-13,Gurugram,Customer Success,CC700,Customer Success Executive,G2,Permanent,Hybrid,2026-02-18,,Active,E01902,1.0,B.Tech,15,Internal Mobility,No
E01899,Employee 1899,Female,1994-04-13,Pune,Operations,CC300,Operations Analyst,G3,Permanent,Hybrid,2020-12-18,,Active,E01498,1.0,PhD,8,Campus,Yes
E01900,Employee 1900,Female,1988-04-06,Pune,Marketing,CC600,Digital Marketing Analyst,G4,Permanent,Hybrid,2018-03-17,,Active,,1.0,MBA,10,Campus,No
E01901,Employee 1901,Male,1974-08-08,Bengaluru,Supply Chain,CC800,Supply Chain Analyst,G2,Contract,Onsite,2017-12-08,,Active,E03595,0.75,M.Tech,10,Job Portal,No
E01902,Employee 1902,Female,1989-07-31,Noida,Customer Success,CC700,Support Analyst,G4,Contract,Hybrid,2021-06-10,,Active,,0.75,Master's,14,Referral,No
E01903,Employee 1903,Male,1978-06-01,Mumbai,Supply Chain,CC800,Supply Chain Analyst,G1,Permanent,Onsite,2019-08-01,,Active,E00279,1.0,M.Tech,11,Agency,No
E01904,Employee 1904,Male,1987-09-13,Hyderabad,Sales,CC200,Sales Analyst,G4,Permanent,Onsite,2017-09-25,,Active,,1.0,M.Tech,0,LinkedIn,Yes
E01905,Employee 1905,Male,1993-03-12,Chennai,Marketing,CC600,Marketing Executive,G3,Permanent,Hybrid,2018-11-25,,Active,E03946,1.0,B.Tech,5,LinkedIn,No
E01906,Employee 1906,Female,1989-03-30,Pune,Sales,CC200,Sales Executive,G3,Permanent,Hybrid,2019-04-18,2025-02-28,Exited,E04726,1.0,B.Tech,12,LinkedIn,No
E01907,Employee 1907,Male,1984-02-16,Mumbai,Customer Success,CC700,Support Analyst,G5,Permanent,Hybrid,2022-07-13,,Active,,1.0,Bachelor's,1,Referral,No
E01908,Employee 1908,Male,1983-05-24,Gurugram,Technology,CC100,Data Scientist,G2,Permanent,Onsite,2021-11-12,,Active,E04192,1.0,B.Tech,6,Referral,No
E01909,Employee 1909,Female,1985-11-04,Pune,Technology,CC100,Engineering Manager,G3,Permanent,Hybrid,2020-07-08,,Active,E04517,1.0,M.Tech,2,Agency,No
E01910,Employee 1910,Female,1996-07-19,Bengaluru,Finance,CC400,Finance Analyst,G5,Permanent,Hybrid,2023-04-29,,Active,,1.0,Bachelor's,4,Referral,No
E01911,Employee 1911,Female,1989-01-16,Hyderabad,Human Resources,CC500,HR Executive,G4,Permanent,Hybrid,2020-06-11,,Active,,1.0,MBA,9,Agency,No
E01912,Employee 1912,Female,1985-06-06,Gurugram,Technology,CC100,Senior Software Engineer,G5,Permanent,Hybrid,2025-06-06,,Active,,1.0,M.Tech,2,LinkedIn,No
E01913,Employee 1913,Male,1984-12-31,Hyderabad,Sales,CC200,Regional Sales Manager,G4,Permanent,Hybrid,2019-08-26,,Active,,1.0,M.Tech,16,Campus,No
E01914,Employee 1914,Male,1996-07-17,Hyderabad,Sales,CC200,Sales Analyst,G4,Permanent,Hybrid,2017-12-10,2025-09-14,Exited,E01093,1.0,MBA,5,Agency,Yes
E01915,Employee 1915,Female,1977-08-20,Hyderabad,Technology,CC100,Senior Software Engineer,G1,Permanent,Remote,2018-02-23,2018-07-13,Exited,E03803,1.0,M.Tech,4,LinkedIn,No
E01916,Employee 1916,Male,1995-06-15,Pune,Marketing,CC600,Digital Marketing Analyst,G5,Contract,Onsite,2024-08-06,,Active,,0.5,M.Tech,7,Internal Mobility,No
E01917,Employee 1917,Female,1988-12-11,Noida,Human Resources,CC500,HR Executive,G2,Permanent,Hybrid,2017-11-07,2024-06-13,Exited,E04149,1.0,PhD,5,Campus,No
E01918,Employee 1918,Male,1996-05-28,Hyderabad,Sales,CC200,Key Account Manager,G2,Permanent,Onsite,2023-06-30,,Active,E04451,1.0,M.Tech,15,Company Website,No
E01919,Employee 1919,Male,1989-10-09,Mumbai,Marketing,CC600,Marketing Executive,G4,Permanent,Onsite,2025-05-19,2026-03-12,Exited,E00513,1.0,Bachelor's,6,Campus,Yes
E01920,Employee 1920,Male,1987-12-01,Chennai,Sales,CC200,Sales Executive,G3,Contract,Hybrid,2022-11-20,2023-09-10,Exited,E04589,1.0,B.Tech,3,Internal Mobility,No
E01921,Employee 1921,Male,1988-06-25,Bengaluru,Human Resources,CC500,HR Executive,G4,Permanent,Onsite,2021-10-31,,Active,,1.0,Bachelor's,17,Campus,No
E01922,Employee 1922,Male,1997-03-01,Hyderabad,Finance,CC400,Finance Analyst,G2,Permanent,Hybrid,2024-05-27,,Active,E03098,1.0,M.Tech,13,Company Website,No
E01923,Employee 1923,Female,1992-09-15,Gurugram,Sales,CC200,Account Manager,G2,Permanent,Onsite,2022-10-15,,Active,E03777,1.0,Master's,8,Agency,No
E01924,Employee 1924,Female,1996-02-20,Mumbai,Supply Chain,CC800,Planner,G4,Permanent,Onsite,2017-05-05,,Active,,1.0,PhD,9,Internal Mobility,No
E01925,Employee 1925,Male,1979-11-26,Bengaluru,Supply Chain,CC800,Planner,G4,Permanent,Hybrid,2023-09-04,,Active,,1.0,PhD,0,Agency,No
E01926,Employee 1926,Male,1990-11-09,Gurugram,Technology,CC100,Tech Lead,G2,Permanent,Hybrid,2022-03-08,,Active,E00468,1.0,Master's,1,Internal Mobility,No
E01927,Employee 1927,Male,1995-01-31,Hyderabad,Supply Chain,CC800,Logistics Manager,G6,Permanent,Hybrid,2025-08-11,,Active,,1.0,Master's,13,Internal Mobility,No
E01928,Employee 1928,Female,1998-02-18,Mumbai,Customer Success,CC700,Customer Success Executive,G3,Permanent,Onsite,2020-09-22,,Active,,1.0,Master's,13,LinkedIn,No
E01929,Employee 1929,Female,1981-12-24,Hyderabad,Finance,CC400,Finance Analyst,G4,Permanent,Hybrid,2021-05-13,,Active,,1.0,B.Tech,13,Campus,No
E01930,Employee 1930,Female,1995-06-19,Hyderabad,Marketing,CC600,Brand Manager,G1,Permanent,Onsite,2021-12-22,,Active,E00669,1.0,PhD,9,Referral,No
E01931,Employee 1931,Female,1991-08-26,Bengaluru,Sales,CC200,Account Manager,G3,Permanent,Onsite,2017-03-31,2019-09-21,Exited,E03902,1.0,M.Tech,9,Agency,Yes
E01932,Employee 1932,Female,1982-10-25,Pune,Finance,CC400,Senior Finance Analyst,G5,Permanent,Hybrid,2021-03-07,,Active,,1.0,PhD,3,Referral,No
E01933,Employee 1933,Male,1995-08-30,Chennai,Operations,CC300,Team Lead,G2,Permanent,Hybrid,2018-05-03,,Active,E04340,1.0,PhD,13,Campus,Yes
E01934,Employee 1934,Male,1990-06-10,Hyderabad,Human Resources,CC500,HR Business Partner,G4,Permanent,Hybrid,2021-12-08,,Active,,1.0,Bachelor's,18,Job Portal,No
E01935,Employee 1935,Male,1975-05-08,Mumbai,Customer Success,CC700,Support Analyst,G4,Contract,Remote,2017-07-31,,Active,,0.75,Bachelor's,4,Referral,No
E01936,Employee 1936,Female,1993-01-14,Noida,Operations,CC300,Operations Manager,G3,Permanent,Remote,2021-03-31,,Active,E01476,1.0,M.Tech,15,LinkedIn,No
E01937,Employee 1937,Male,1993-12-04,Bengaluru,Supply Chain,CC800,Planner,G1,Permanent,Remote,2019-01-03,,Active,E01091,1.0,M.Tech,5,Company Website,No
E01938,Employee 1938,Female,1979-03-22,Gurugram,Customer Success,CC700,Customer Success Manager,G1,Permanent,Remote,2022-01-22,,Active,E03477,1.0,B.Tech,6,Internal Mobility,No
E01939,Employee 1939,Female,1986-09-16,Chennai,Operations,CC300,Operations Executive,G5,Intern,Hybrid,2023-12-10,,Active,,1.0,Bachelor's,11,Internal Mobility,Yes
E01940,Employee 1940,Male,1985-05-14,Mumbai,Customer Success,CC700,Customer Success Manager,G3,Permanent,Remote,2018-09-03,,Active,E00493,1.0,Master's,12,Job Portal,No
E01941,Employee 1941,Female,1975-12-24,Pune,Sales,CC200,Key Account Manager,G2,Permanent,Hybrid,2018-12-19,,Active,E03377,1.0,Bachelor's,12,Agency,No
E01942,Employee 1942,Male,1985-12-21,Pune,Supply Chain,CC800,Supply Chain Analyst,G2,Contract,Hybrid,2019-10-07,,Active,E04433,1.0,B.Tech,1,Referral,No
E01943,Employee 1943,Male,1993-07-13,Mumbai,Marketing,CC600,Product Marketing Manager,G4,Permanent,Onsite,2017-10-31,,Active,,1.0,MBA,17,Job Portal,No
E01944,Employee 1944,Female,1990-05-25,Pune,Finance,CC400,Senior Finance Analyst,G4,Permanent,Hybrid,2018-05-13,,Active,,1.0,B.Tech,4,Company Website,No
E01945,Employee 1945,Female,1998-07-19,Hyderabad,Customer Success,CC700,Customer Success Manager,G5,Permanent,Hybrid,2023-02-22,,Active,,1.0,B.Tech,0,Job Portal,No
E01946,Employee 1946,Male,1987-10-15,Bengaluru,Finance,CC400,Finance Analyst,G4,Permanent,Hybrid,2017-04-25,,Active,,1.0,MBA,10,Agency,No
E01947,Employee 1947,Female,1976-01-18,Gurugram,Marketing,CC600,Product Marketing Manager,G3,Permanent,Onsite,2020-11-10,2024-12-20,Exited,E00747,1.0,MBA,10,Referral,No
E01948,Employee 1948,Female,1985-04-17,Pune,Customer Success,CC700,Customer Success Executive,G4,Permanent,Onsite,2021-01-10,,Active,,1.0,M.Tech,7,Campus,No
E01949,Employee 1949,Female,2002-09-13,Hyderabad,Finance,CC400,Finance Analyst,G1,Permanent,Onsite,2026-05-12,,Active,,1.0,Master's,16,LinkedIn,No
E01950,Employee 1950,Male,1987-04-20,Bengaluru,Technology,CC100,Engineering Manager,G3,Permanent,Remote,2024-08-12,,Active,E04532,1.0,Master's,17,Agency,No
E01951,Employee 1951,Male,1993-11-01,Hyderabad,Customer Success,CC700,Customer Success Executive,G3,Permanent,Hybrid,2026-02-28,,Active,E00404,1.0,M.Tech,15,Referral,No
E01952,Employee 1952,Female,1993-07-16,Bengaluru,Finance,CC400,Finance Manager,G2,Permanent,Remote,2025-05-15,,Active,E01910,1.0,PhD,8,Job Portal,No
E01953,Employee 1953,Female,1997-01-25,Pune,Sales,CC200,Account Manager,G3,Permanent,Onsite,2025-05-31,,Active,E02913,1.0,B.Tech,12,Internal Mobility,Yes
E01954,Employee 1954,Female,1983-09-08,Bengaluru,Operations,CC300,Operations Manager,G1,Permanent,Remote,2019-06-09,2023-06-28,Exited,E00810,1.0,MBA,9,Campus,No
E01955,Employee 1955,Female,1994-11-02,Pune,Supply Chain,CC800,Planner,G5,Permanent,Hybrid,2026-04-28,,Active,,1.0,Bachelor's,0,LinkedIn,Yes
E01956,Employee 1956,Female,1988-02-06,Bengaluru,Finance,CC400,Finance Manager,G4,Permanent,Remote,2026-04-12,,Active,,1.0,MBA,5,Internal Mobility,No
E01957,Employee 1957,Male,1995-01-04,Gurugram,Supply Chain,CC800,Procurement Specialist,G5,Permanent,Hybrid,2017-12-19,,Active,,1.0,Master's,6,LinkedIn,No
E01958,Employee 1958,Female,1982-02-06,Bengaluru,Finance,CC400,Senior Finance Analyst,G3,Permanent,Hybrid,2022-09-24,,Active,E03614,1.0,Bachelor's,11,Internal Mobility,No
E01959,Employee 1959,Female,2000-01-20,Chennai,Customer Success,CC700,Support Analyst,G3,Contract,Remote,2021-08-02,,Active,E04219,1.0,M.Tech,9,Internal Mobility,No
E01960,Employee 1960,Male,1992-07-29,Bengaluru,Human Resources,CC500,HR Business Partner,G3,Permanent,Onsite,2017-03-21,,Active,E04087,1.0,MBA,2,Referral,No
E01961,Employee 1961,Male,1986-03-04,Chennai,Supply Chain,CC800,Logistics Manager,G5,Permanent,Hybrid,2021-11-17,,Active,,1.0,PhD,3,Company Website,No
E01962,Employee 1962,Male,1988-03-16,Bengaluru,Sales,CC200,Key Account Manager,G4,Permanent,Onsite,2022-06-23,,Active,,1.0,M.Tech,17,Agency,No
E01963,Employee 1963,Female,1994-04-08,Mumbai,Technology,CC100,Engineering Manager,G2,Permanent,Onsite,2017-10-08,,Active,E03368,1.0,PhD,4,Company Website,No
E01964,Employee 1964,Male,1974-02-17,Bengaluru,Marketing,CC600,Brand Manager,G5,Contract,Remote,2018-07-17,,Active,,1.0,Bachelor's,13,Agency,No
E01965,Employee 1965,Male,1987-05-21,Noida,Sales,CC200,Key Account Manager,G4,Permanent,Onsite,2025-02-14,,Active,,1.0,PhD,14,Internal Mobility,No
E01966,Employee 1966,Female,1979-12-16,Bengaluru,Operations,CC300,Operations Manager,G1,Permanent,Hybrid,2017-04-09,,Active,E04941,1.0,M.Tech,3,Referral,No
E01967,Employee 1967,Female,1978-07-14,Pune,Technology,CC100,Tech Lead,G2,Permanent,Hybrid,2017-02-28,2018-07-25,Exited,E03758,1.0,PhD,5,Agency,No
E01968,Employee 1968,Female,1999-06-30,Mumbai,Finance,CC400,Finance Analyst,G4,Permanent,Hybrid,2020-12-14,,Active,,1.0,PhD,15,LinkedIn,No
E01969,Employee 1969,Female,1973-05-24,Bengaluru,Technology,CC100,Data Scientist,G4,Permanent,Hybrid,2018-01-22,,Active,,1.0,Bachelor's,17,Campus,Yes
E01970,Employee 1970,Female,1984-07-06,Bengaluru,Human Resources,CC500,HR Business Partner,G4,Permanent,Hybrid,2019-07-05,,Active,,1.0,Master's,10,Company Website,Yes
E01971,Employee 1971,Female,1984-10-05,Mumbai,Marketing,CC600,Digital Marketing Analyst,G4,Permanent,Onsite,2025-11-01,,Active,,1.0,M.Tech,15,Referral,No
E01972,Employee 1972,Male,1978-02-20,Gurugram,Operations,CC300,Operations Executive,G3,Permanent,Remote,2022-09-03,,Active,E01861,1.0,Master's,10,Job Portal,Yes
E01973,Employee 1973,Female,1996-07-05,Gurugram,Supply Chain,CC800,Supply Chain Analyst,G5,Contract,Hybrid,2020-11-04,,Active,,1.0,Master's,10,Agency,No
E01974,Employee 1974,Female,1993-04-05,Hyderabad,Human Resources,CC500,L&D Specialist,G2,Permanent,Hybrid,2023-03-21,,Active,E03031,1.0,Bachelor's,8,Agency,No
E01975,Employee 1975,Male,1997-06-23,Gurugram,Supply Chain,CC800,Planner,G1,Permanent,Onsite,2021-09-08,,Active,E02610,1.0,Bachelor's,5,LinkedIn,Yes
E01976,Employee 1976,Female,1986-12-19,Pune,Sales,CC200,Regional Sales Manager,G4,Contract,Onsite,2017-10-19,,Active,,1.0,Master's,17,Job Portal,No
E01977,Employee 1977,Female,1983-05-21,Noida,Supply Chain,CC800,Supply Chain Analyst,G1,Permanent,Hybrid,2023-07-09,,Active,E00022,1.0,Bachelor's,0,Referral,Yes
E01978,Employee 1978,Male,1993-03-07,Mumbai,Marketing,CC600,Brand Manager,G2,Permanent,Hybrid,2019-06-04,2026-01-23,Exited,E00139,1.0,PhD,13,Campus,No
E01979,Employee 1979,Male,1996-02-07,Hyderabad,Finance,CC400,Finance Manager,G4,Permanent,Onsite,2017-10-10,,Active,,1.0,MBA,3,Internal Mobility,No
E01980,Employee 1980,Non-binary,1976-11-10,Pune,Customer Success,CC700,Customer Success Executive,G4,Permanent,Hybrid,2019-09-02,,Active,,1.0,PhD,9,Campus,No
E01981,Employee 1981,Female,1983-01-21,Hyderabad,Technology,CC100,Data Analyst,G4,Permanent,Hybrid,2017-04-12,,Active,,1.0,Bachelor's,11,Referral,No
E01982,Employee 1982,Male,1992-01-21,Chennai,Human Resources,CC500,HR Manager,G3,Contract,Remote,2018-07-21,,Active,E00592,0.5,MBA,2,Campus,No
E01983,Employee 1983,Male,1996-01-03,Bengaluru,Operations,CC300,Operations Executive,G3,Permanent,Hybrid,2017-12-06,,Active,E03728,1.0,PhD,2,Job Portal,No
E01984,Employee 1984,Female,2002-07-09,Noida,Operations,CC300,Operations Manager,G3,Permanent,Onsite,2024-05-30,2026-07-17,Exited,E01477,1.0,MBA,2,Campus,No
E01985,Employee 1985,Female,1995-06-11,Bengaluru,Supply Chain,CC800,Supply Chain Analyst,G4,Permanent,Onsite,2023-06-16,,Active,,1.0,Bachelor's,13,Company Website,Yes
E01986,Employee 1986,Male,1990-10-29,Gurugram,Sales,CC200,Sales Executive,G1,Permanent,Hybrid,2019-03-31,,Active,E04370,1.0,PhD,14,Campus,Yes
E01987,Employee 1987,Male,1981-06-24,Mumbai,Marketing,CC600,Product Marketing Manager,G3,Permanent,Hybrid,2025-03-13,,Active,E00397,1.0,B.Tech,5,Referral,No
E01988,Employee 1988,Male,1993-03-04,Noida,Sales,CC200,Sales Analyst,G5,Permanent,Onsite,2018-06-17,,Active,,1.0,Master's,14,Internal Mobility,Yes
E01989,Employee 1989,Female,1996-02-07,Gurugram,Finance,CC400,Finance Manager,G2,Permanent,Hybrid,2018-05-15,,Active,E01311,1.0,B.Tech,11,Company Website,No
E01990,Employee 1990,Male,1984-03-15,Chennai,Marketing,CC600,Marketing Executive,G2,Permanent,Hybrid,2019-08-22,,Active,E02523,1.0,Bachelor's,1,Campus,No
E01991,Employee 1991,Female,1994-06-05,Hyderabad,Sales,CC200,Key Account Manager,G3,Permanent,Hybrid,2017-11-22,,Active,E00817,1.0,B.Tech,17,Campus,No
E01992,Employee 1992,Male,2002-03-26,Hyderabad,Supply Chain,CC800,Planner,G3,Permanent,Hybrid,2025-07-21,,Active,E02729,1.0,Bachelor's,0,Campus,No
E01993,Employee 1993,Female,1989-12-26,Hyderabad,Supply Chain,CC800,Planner,G3,Permanent,Hybrid,2021-04-29,,Active,E04411,1.0,M.Tech,3,Job Portal,No
E01994,Employee 1994,Female,1986-10-31,Hyderabad,Supply Chain,CC800,Supply Chain Analyst,G3,Permanent,Onsite,2024-04-14,,Active,E01738,1.0,PhD,17,LinkedIn,Yes
E01995,Employee 1995,Female,1987-03-29,Mumbai,Finance,CC400,Finance Manager,G5,Permanent,Onsite,2022-01-01,,Active,,1.0,M.Tech,11,Agency,No
E01996,Employee 1996,Male,1990-10-08,Bengaluru,Marketing,CC600,Digital Marketing Analyst,G1,Contract,Onsite,2026-03-13,,Active,,1.0,PhD,10,Internal Mobility,No
E01997,Employee 1997,Female,1997-01-18,Hyderabad,Sales,CC200,Sales Executive,G3,Permanent,Hybrid,2021-10-08,2025-04-09,Exited,E01355,1.0,M.Tech,5,Campus,No
E01998,Employee 1998,Male,1996-12-03,Gurugram,Sales,CC200,Account Manager,G1,Contract,Remote,2019-09-13,,Active,E01562,1.0,MBA,3,Job Portal,No
E01999,Employee 1999,Male,1980-06-21,Mumbai,Marketing,CC600,Marketing Executive,G4,Permanent,Hybrid,2020-07-01,2022-03-16,Exited,E03623,1.0,Master's,2,Company Website,No
E02000,Employee 2000,Male,1978-02-28,Chennai,Customer Success,CC700,Customer Success Executive,G2,Permanent,Hybrid,2017-12-06,,Active,E04467,1.0,PhD,12,Campus,No
E02001,Employee 2001,Male,2004-05-08,Mumbai,Human Resources,CC500,Talent Acquisition Specialist,G3,Permanent,Hybrid,2025-06-17,,Active,E03404,1.0,Bachelor's,2,Job Portal,No
E02002,Employee 2002,Female,2000-07-10,Hyderabad,Sales,CC200,Account Manager,G3,Permanent,Hybrid,2023-01-13,,Active,E00318,1.0,M.Tech,0,Internal Mobility,No
E02003,Employee 2003,Female,1988-12-08,Hyderabad,Human Resources,CC500,HR Manager,G5,Permanent,Onsite,2023-09-24,,Active,,1.0,M.Tech,14,Job Portal,No
E02004,Employee 2004,Female,1981-07-21,Bengaluru,Human Resources,CC500,Talent Acquisition Specialist,G5,Permanent,Remote,2022-07-06,2025-02-27,Exited,E00997,1.0,Master's,15,Agency,No
E02005,Employee 2005,Female,1998-03-10,Pune,Finance,CC400,Finance Manager,G1,Permanent,Remote,2026-01-24,,Active,E02350,1.0,MBA,15,Agency,No
E02006,Employee 2006,Female,2000-08-31,Chennai,Sales,CC200,Account Manager,G3,Permanent,Hybrid,2024-12-08,,Active,E03289,1.0,PhD,8,Agency,No
E02007,Employee 2007,Female,1986-10-26,Pune,Supply Chain,CC800,Planner,G3,Permanent,Remote,2023-02-14,,Active,E00424,1.0,M.Tech,10,Internal Mobility,Yes
E02008,Employee 2008,Female,2004-09-02,Hyderabad,Customer Success,CC700,Customer Success Executive,G3,Permanent,Onsite,2025-11-15,,Active,E04158,1.0,Bachelor's,1,Internal Mobility,No
E02009,Employee 2009,Female,1988-02-27,Noida,Marketing,CC600,Marketing Executive,G3,Permanent,Hybrid,2024-08-12,,Active,E00003,1.0,MBA,18,Agency,No
E02010,Employee 2010,Female,1985-09-07,Mumbai,Supply Chain,CC800,Procurement Specialist,G3,Permanent,Hybrid,2021-12-08,,Active,E02765,1.0,Master's,15,Job Portal,No
E02011,Employee 2011,Female,1986-06-14,Chennai,Sales,CC200,Sales Analyst,G5,Permanent,Remote,2024-11-02,,Active,,1.0,M.Tech,11,LinkedIn,No
E02012,Employee 2012,Male,1997-11-24,Hyderabad,Supply Chain,CC800,Planner,G4,Permanent,Hybrid,2019-02-27,,Active,,1.0,Bachelor's,2,LinkedIn,Yes
E02013,Employee 2013,Male,1984-06-28,Bengaluru,Technology,CC100,Tech Lead,G4,Permanent,Onsite,2026-03-07,,Active,,1.0,PhD,14,Referral,No
E02014,Employee 2014,Female,1976-04-15,Gurugram,Operations,CC300,Operations Executive,G3,Permanent,Remote,2019-02-13,,Active,E00882,1.0,MBA,5,Job Portal,No
E02015,Employee 2015,Male,1984-09-26,Gurugram,Sales,CC200,Sales Analyst,G3,Permanent,Remote,2023-06-29,,Active,E02439,1.0,MBA,5,Company Website,No
E02016,Employee 2016,Male,1978-10-02,Mumbai,Technology,CC100,Software Engineer,G2,Permanent,Hybrid,2019-10-04,,Active,E03946,1.0,M.Tech,2,Agency,Yes
E02017,Employee 2017,Male,1987-08-04,Chennai,Technology,CC100,Engineering Manager,G4,Permanent,Hybrid,2017-11-09,,Active,,1.0,MBA,12,Campus,No
E02018,Employee 2018,Male,1976-07-04,Hyderabad,Human Resources,CC500,HR Executive,G2,Permanent,Hybrid,2019-06-27,,Active,,1.0,B.Tech,1,Referral,No
E02019,Employee 2019,Female,1990-12-05,Hyderabad,Customer Success,CC700,Customer Success Manager,G2,Intern,Remote,2020-12-05,,Active,E03080,0.5,M.Tech,15,Company Website,No
E02020,Employee 2020,Female,2001-02-19,Hyderabad,Finance,CC400,Senior Finance Analyst,G5,Permanent,Onsite,2025-09-27,,Active,,1.0,M.Tech,7,Job Portal,No
E02021,Employee 2021,Female,1990-08-05,Bengaluru,Technology,CC100,Engineering Manager,G2,Intern,Hybrid,2023-06-11,,Active,E03454,0.5,MBA,10,LinkedIn,No
E02022,Employee 2022,Male,1975-06-30,Hyderabad,Finance,CC400,Finance Manager,G4,Permanent,Hybrid,2019-11-02,,Active,,1.0,M.Tech,1,Company Website,Yes
E02023,Employee 2023,Male,1994-08-22,Mumbai,Finance,CC400,Senior Finance Analyst,G3,Permanent,Onsite,2020-03-13,,Active,E04541,1.0,MBA,14,Agency,No
E02024,Employee 2024,Female,1988-11-07,Noida,Sales,CC200,Account Manager,G2,Intern,Onsite,2017-09-30,,Active,E01265,0.5,Master's,4,LinkedIn,No
E02025,Employee 2025,Male,1984-03-04,Gurugram,Sales,CC200,Account Manager,G3,Permanent,Onsite,2026-02-17,,Active,E03283,1.0,M.Tech,14,Internal Mobility,No
E02026,Employee 2026,Male,1985-02-18,Hyderabad,Customer Success,CC700,Customer Success Manager,G1,Permanent,Hybrid,2023-02-03,,Active,E04133,1.0,Master's,6,Agency,No
E02027,Employee 2027,Female,1980-06-22,Mumbai,Marketing,CC600,Product Marketing Manager,G4,Permanent,Hybrid,2020-02-27,,Active,,1.0,M.Tech,3,Company Website,No
E02028,Employee 2028,Female,1980-07-29,Hyderabad,Supply Chain,CC800,Planner,G3,Permanent,Onsite,2017-12-04,,Active,E01788,1.0,PhD,7,Referral,Yes
E02029,Employee 2029,Male,1991-10-19,Hyderabad,Supply Chain,CC800,Supply Chain Analyst,G3,Contract,Remote,2017-12-19,2021-09-14,Exited,E03006,0.5,MBA,3,Referral,No
E02030,Employee 2030,Male,1988-08-04,Mumbai,Human Resources,CC500,HR Executive,G4,Permanent,Hybrid,2022-05-30,,Active,,1.0,M.Tech,4,Internal Mobility,No
E02031,Employee 2031,Male,1984-02-08,Hyderabad,Finance,CC400,Finance Analyst,G1,Permanent,Hybrid,2024-11-18,,Active,E04222,1.0,M.Tech,16,Job Portal,No
E02032,Employee 2032,Male,2002-09-27,Mumbai,Technology,CC100,Data Scientist,G3,Permanent,Hybrid,2023-10-29,2024-08-11,Exited,E03437,1.0,Master's,3,Referral,No
E02033,Employee 2033,Female,1989-10-18,Hyderabad,Customer Success,CC700,Support Analyst,G2,Permanent,Remote,2018-08-10,2024-06-24,Exited,E01654,1.0,B.Tech,15,Referral,No
E02034,Employee 2034,Male,1987-05-09,Pune,Human Resources,CC500,HR Manager,G3,Intern,Onsite,2019-01-30,2020-09-24,Exited,E03283,0.5,Master's,16,Agency,No
E02035,Employee 2035,Female,1978-06-15,Mumbai,Operations,CC300,Operations Analyst,G3,Contract,Hybrid,2022-08-09,,Active,E00759,1.0,Master's,2,LinkedIn,Yes
E02036,Employee 2036,Female,1982-04-29,Gurugram,Technology,CC100,Engineering Manager,G4,Permanent,Hybrid,2023-10-12,,Active,,1.0,Bachelor's,6,Internal Mobility,No
E02037,Employee 2037,Female,1991-11-05,Gurugram,Customer Success,CC700,Customer Success Executive,G3,Permanent,Onsite,2026-07-27,,Active,E00605,1.0,B.Tech,6,LinkedIn,No
E02038,Employee 2038,Female,1980-04-17,Hyderabad,Operations,CC300,Operations Analyst,G5,Permanent,Onsite,2023-01-19,,Active,,1.0,Master's,16,LinkedIn,No
E02039,Employee 2039,Male,1983-05-21,Mumbai,Human Resources,CC500,HR Manager,G4,Permanent,Onsite,2017-10-25,,Active,,1.0,Bachelor's,3,Company Website,Yes
E02040,Employee 2040,Female,1989-02-09,Gurugram,Human Resources,CC500,HR Manager,G5,Contract,Hybrid,2021-01-21,2021-05-02,Exited,E00465,1.0,MBA,4,Job Portal,No
E02041,Employee 2041,Female,1979-02-19,Pune,Technology,CC100,Data Analyst,G5,Permanent,Hybrid,2019-09-24,,Active,,1.0,Master's,3,Referral,No
E02042,Employee 2042,Male,1993-04-18,Mumbai,Finance,CC400,Finance Manager,G4,Permanent,Hybrid,2021-09-17,2025-10-26,Exited,E02249,1.0,Bachelor's,14,Internal Mobility,No
E02043,Employee 2043,Female,1979-08-06,Bengaluru,Supply Chain,CC800,Supply Chain Analyst,G5,Permanent,Hybrid,2021-08-18,,Active,,1.0,Bachelor's,0,Referral,No
E02044,Employee 2044,Male,1991-06-28,Pune,Sales,CC200,Sales Analyst,G4,Permanent,Hybrid,2025-07-07,,Active,,1.0,Bachelor's,15,Company Website,No
E02045,Employee 2045,Male,1992-02-07,Hyderabad,Sales,CC200,Sales Analyst,G4,Permanent,Remote,2025-09-03,2026-02-01,Exited,E03803,1.0,B.Tech,0,Referral,No
E02046,Employee 2046,Female,1997-12-19,Gurugram,Operations,CC300,Operations Analyst,G4,Permanent,Hybrid,2019-09-07,,Active,,1.0,MBA,14,Job Portal,No
E02047,Employee 2047,Female,1993-01-19,Bengaluru,Operations,CC300,Team Lead,G1,Permanent,Onsite,2023-05-04,,Active,E02228,1.0,M.Tech,0,Campus,No
E02048,Employee 2048,Male,1976-06-21,Noida,Customer Success,CC700,Customer Success Executive,G5,Permanent,Hybrid,2019-03-13,,Active,,1.0,PhD,12,Job Portal,No
E02049,Employee 2049,Female,1986-03-12,Hyderabad,Human Resources,CC500,HR Business Partner,G5,Permanent,Hybrid,2018-07-05,2022-04-11,Exited,E02954,1.0,PhD,12,LinkedIn,No
E02050,Employee 2050,Male,2003-05-04,Noida,Human Resources,CC500,HR Executive,G4,Permanent,Hybrid,2025-11-22,,Active,,1.0,M.Tech,14,Referral,Yes
E02051,Employee 2051,Male,1982-08-18,Chennai,Supply Chain,CC800,Planner,G4,Permanent,Hybrid,2023-03-20,,Active,,1.0,MBA,3,Company Website,No
E02052,Employee 2052,Female,1980-07-26,Pune,Human Resources,CC500,HR Manager,G3,Contract,Hybrid,2018-09-03,,Active,E01608,0.5,M.Tech,3,Campus,Yes
E02053,Employee 2053,Male,2001-01-16,Bengaluru,Marketing,CC600,Brand Manager,G3,Permanent,Onsite,2022-10-19,2024-04-24,Exited,E01910,1.0,Bachelor's,13,Job Portal,No
E02054,Employee 2054,Male,1984-03-12,Hyderabad,Supply Chain,CC800,Planner,G2,Permanent,Hybrid,2022-02-17,,Active,E03530,1.0,M.Tech,7,Job Portal,No
E02055,Employee 2055,Female,1984-10-13,Hyderabad,Marketing,CC600,Product Marketing Manager,G2,Contract,Hybrid,2022-01-29,,Active,E02753,0.75,Master's,13,Agency,No
E02056,Employee 2056,Female,1984-11-12,Hyderabad,Sales,CC200,Sales Analyst,G6,Permanent,Hybrid,2018-01-08,,Active,,1.0,Bachelor's,16,Referral,No
E02057,Employee 2057,Male,1981-08-04,Chennai,Finance,CC400,Finance Manager,G4,Permanent,Onsite,2024-01-17,,Active,,1.0,Master's,16,Company Website,No
E02058,Employee 2058,Male,1989-06-30,Bengaluru,Sales,CC200,Sales Executive,G1,Permanent,Onsite,2024-03-03,,Active,E01091,1.0,PhD,16,Job Portal,No
E02059,Employee 2059,Male,1981-12-05,Bengaluru,Supply Chain,CC800,Logistics Manager,G3,Permanent,Hybrid,2024-01-28,,Active,E01174,1.0,M.Tech,14,Internal Mobility,No
E02060,Employee 2060,Male,1990-05-03,Hyderabad,Supply Chain,CC800,Supply Chain Analyst,G3,Permanent,Hybrid,2023-11-23,,Active,E03474,1.0,Master's,10,Company Website,No
E02061,Employee 2061,Male,1995-06-21,Noida,Finance,CC400,Senior Finance Analyst,G5,Contract,Onsite,2024-08-22,,Active,,0.75,PhD,14,Company Website,No
E02062,Employee 2062,Female,1977-07-03,Pune,Sales,CC200,Sales Analyst,G3,Contract,Hybrid,2018-08-22,,Active,E04209,1.0,PhD,14,LinkedIn,No
E02063,Employee 2063,Male,2003-02-12,Mumbai,Operations,CC300,Operations Executive,G3,Permanent,Hybrid,2024-07-31,,Active,E00746,1.0,B.Tech,9,Internal Mobility,Yes
E02064,Employee 2064,Female,1988-09-24,Pune,Sales,CC200,Account Manager,G2,Permanent,Onsite,2018-10-08,,Active,E02951,1.0,PhD,1,Agency,Yes
E02065,Employee 2065,Male,1984-02-06,Hyderabad,Marketing,CC600,Product Marketing Manager,G2,Permanent,Onsite,2021-10-19,2022-08-25,Exited,E04689,1.0,MBA,10,Campus,No
E02066,Employee 2066,Female,1991-06-21,Hyderabad,Customer Success,CC700,Customer Success Manager,G4,Permanent,Onsite,2019-03-20,,Active,,1.0,PhD,15,Internal Mobility,Yes
E02067,Employee 2067,Male,2000-05-15,Bengaluru,Human Resources,CC500,L&D Specialist,G1,Permanent,Onsite,2022-03-26,,Active,E00988,1.0,B.Tech,13,Internal Mobility,No
E02068,Employee 2068,Female,1980-06-26,Bengaluru,Customer Success,CC700,Customer Success Executive,G4,Permanent,Hybrid,2020-12-23,,Active,,1.0,M.Tech,2,Internal Mobility,No
E02069,Employee 2069,Male,2001-12-17,Mumbai,Supply Chain,CC800,Logistics Manager,G3,Contract,Hybrid,2024-03-25,,Active,E01679,0.75,MBA,18,Referral,No
E02070,Employee 2070,Female,1997-09-28,Hyderabad,Supply Chain,CC800,Supply Chain Analyst,G3,Permanent,Hybrid,2021-03-30,,Active,E00683,1.0,MBA,8,Company Website,No
E02071,Employee 2071,Female,1986-06-03,Noida,Supply Chain,CC800,Supply Chain Analyst,G5,Permanent,Remote,2020-02-05,,Active,,1.0,PhD,18,Referral,No
E02072,Employee 2072,Male,1989-07-03,Pune,Operations,CC300,Operations Analyst,G4,Permanent,Remote,2026-07-30,,Active,,1.0,Bachelor's,9,Agency,No
E02073,Employee 2073,Male,2004-06-07,Gurugram,Operations,CC300,Operations Manager,G1,Contract,Hybrid,2026-05-21,,Active,E00038,0.75,MBA,17,Referral,No
E02074,Employee 2074,Female,1989-02-15,Hyderabad,Sales,CC200,Sales Analyst,G2,Permanent,Hybrid,2023-05-19,,Active,E01018,1.0,Master's,7,Job Portal,No
E02075,Employee 2075,Male,1985-04-08,Noida,Technology,CC100,Data Scientist,G1,Contract,Hybrid,2021-08-06,2025-05-17,Exited,E00529,0.75,PhD,5,Job Portal,Yes
E02076,Employee 2076,Male,1999-07-19,Bengaluru,Sales,CC200,Regional Sales Manager,G5,Permanent,Hybrid,2021-12-08,,Active,,1.0,Master's,10,Job Portal,No
E02077,Employee 2077,Male,1991-10-18,Bengaluru,Marketing,CC600,Marketing Executive,G3,Contract,Onsite,2025-08-10,,Active,E01247,0.5,M.Tech,3,Agency,Yes
E02078,Employee 2078,Male,1990-11-16,Hyderabad,Operations,CC300,Operations Executive,G6,Permanent,Onsite,2019-11-17,,Active,,1.0,PhD,5,Agency,No
E02079,Employee 2079,Male,1996-03-01,Bengaluru,Marketing,CC600,Digital Marketing Analyst,G3,Permanent,Hybrid,2023-04-19,,Active,E00689,1.0,M.Tech,4,LinkedIn,No
E02080,Employee 2080,Female,1980-06-20,Hyderabad,Technology,CC100,Software Engineer,G3,Permanent,Hybrid,2025-02-26,,Active,E04337,1.0,MBA,1,Referral,No
E02081,Employee 2081,Male,1987-02-27,Chennai,Technology,CC100,Data Scientist,G5,Permanent,Onsite,2021-04-15,,Active,,1.0,Bachelor's,14,Referral,No
E02082,Employee 2082,Female,1994-04-02,Chennai,Operations,CC300,Operations Manager,G4,Permanent,Hybrid,2017-05-13,2023-02-04,Exited,E03430,1.0,Master's,17,LinkedIn,No
E02083,Employee 2083,Male,1982-06-18,Pune,Technology,CC100,Software Engineer,G2,Permanent,Hybrid,2026-08-25,,Active,E00368,1.0,PhD,7,Job Portal,No
E02084,Employee 2084,Male,1989-07-11,Hyderabad,Marketing,CC600,Product Marketing Manager,G2,Permanent,Hybrid,2022-07-07,,Active,E01498,1.0,Bachelor's,9,Agency,Yes
E02085,Employee 2085,Female,1997-10-19,Bengaluru,Technology,CC100,Tech Lead,G3,Permanent,Hybrid,2023-12-08,,Active,E04373,1.0,Bachelor's,15,LinkedIn,No
E02086,Employee 2086,Male,1996-11-23,Pune,Technology,CC100,Data Analyst,G2,Permanent,Hybrid,2026-07-20,,Active,E04775,1.0,M.Tech,15,Internal Mobility,No
E02087,Employee 2087,Female,1991-05-30,Noida,Operations,CC300,Operations Executive,G4,Permanent,Onsite,2018-09-30,,Active,,1.0,B.Tech,10,Job Portal,Yes
E02088,Employee 2088,Female,1977-08-28,Hyderabad,Finance,CC400,Senior Finance Analyst,G4,Permanent,Hybrid,2020-03-29,,Active,,1.0,Master's,15,Agency,No
E02089,Employee 2089,Female,1993-12-30,Noida,Operations,CC300,Operations Analyst,G3,Permanent,Onsite,2018-12-24,,Active,E00350,1.0,Bachelor's,9,Company Website,No
E02090,Employee 2090,Male,1994-12-01,Hyderabad,Sales,CC200,Key Account Manager,G5,Permanent,Onsite,2023-08-12,,Active,,1.0,B.Tech,8,Job Portal,No
E02091,Employee 2091,Female,2001-11-10,Pune,Technology,CC100,Senior Software Engineer,G5,Permanent,Remote,2024-07-30,,Active,,1.0,B.Tech,13,Referral,No
E02092,Employee 2092,Male,2005-01-03,Chennai,Technology,CC100,Tech Lead,G5,Contract,Hybrid,2026-07-29,,Active,,0.5,M.Tech,3,Campus,Yes
E02093,Employee 2093,Male,1990-04-20,Hyderabad,Technology,CC100,Data Analyst,G2,Permanent,Hybrid,2020-03-28,,Active,E01524,1.0,B.Tech,5,Internal Mobility,No
E02094,Employee 2094,Non-binary,1990-08-01,Hyderabad,Operations,CC300,Team Lead,G5,Permanent,Hybrid,2020-12-05,,Active,,1.0,M.Tech,3,Campus,No
E02095,Employee 2095,Female,1981-02-02,Bengaluru,Supply Chain,CC800,Logistics Manager,G3,Permanent,Hybrid,2024-07-24,,Active,E04730,1.0,PhD,9,Agency,No
E02096,Employee 2096,Male,1996-10-06,Hyderabad,Marketing,CC600,Digital Marketing Analyst,G3,Permanent,Remote,2019-06-06,,Active,E04548,1.0,B.Tech,0,Agency,No
E02097,Employee 2097,Female,1979-03-28,Hyderabad,Human Resources,CC500,L&D Specialist,G2,Permanent,Hybrid,2017-07-03,2020-05-30,Exited,E03973,1.0,PhD,12,Referral,No
E02098,Employee 2098,Male,1995-12-11,Gurugram,Marketing,CC600,Marketing Executive,G3,Permanent,Hybrid,2017-02-11,2026-02-18,Exited,E03514,1.0,MBA,17,Agency,No
E02099,Employee 2099,Female,1974-01-16,Mumbai,Customer Success,CC700,Customer Success Executive,G3,Permanent,Onsite,2017-07-16,2023-06-24,Exited,E01943,1.0,Master's,11,Job Portal,No
E02100,Employee 2100,Male,1991-08-20,Hyderabad,Operations,CC300,Team Lead,G1,Permanent,Hybrid,2017-02-23,2017-10-29,Exited,E02580,1.0,M.Tech,5,Company Website,Yes
E02101,Employee 2101,Male,1984-07-22,Hyderabad,Technology,CC100,Engineering Manager,G4,Permanent,Hybrid,2026-07-30,,Active,,1.0,MBA,7,Agency,No
E02102,Employee 2102,Male,1975-12-21,Gurugram,Human Resources,CC500,L&D Specialist,G3,Permanent,Hybrid,2020-11-11,,Active,E03585,1.0,PhD,17,Job Portal,No
E02103,Employee 2103,Male,1976-05-01,Bengaluru,Supply Chain,CC800,Procurement Specialist,G2,Permanent,Hybrid,2021-02-07,,Active,E03050,1.0,B.Tech,7,Internal Mobility,No
E02104,Employee 2104,Male,1993-02-02,Mumbai,Customer Success,CC700,Customer Success Manager,G1,Permanent,Remote,2025-05-18,,Active,E02895,1.0,Master's,2,Referral,No
E02105,Employee 2105,Male,1985-07-17,Hyderabad,Customer Success,CC700,Support Analyst,G4,Permanent,Hybrid,2020-03-27,,Active,,1.0,MBA,3,Company Website,No
E02106,Employee 2106,Female,2001-08-12,Pune,Customer Success,CC700,Customer Success Manager,G3,Permanent,Remote,2024-01-15,,Active,E02232,1.0,Master's,10,Job Portal,No
E02107,Employee 2107,Female,1981-11-30,Chennai,Marketing,CC600,Marketing Executive,G4,Permanent,Hybrid,2025-12-21,,Active,,1.0,PhD,5,LinkedIn,No
E02108,Employee 2108,Female,1982-04-02,Noida,Marketing,CC600,Brand Manager,G5,Contract,Hybrid,2020-03-08,,Active,,0.75,Master's,13,Agency,No
E02109,Employee 2109,Female,1987-12-26,Hyderabad,Human Resources,CC500,HR Executive,G4,Permanent,Remote,2026-06-15,,Active,,1.0,PhD,4,Job Portal,No
E02110,Employee 2110,Male,1990-11-14,Mumbai,Human Resources,CC500,L&D Specialist,G3,Permanent,Hybrid,2024-11-24,,Active,E00188,1.0,Bachelor's,18,Internal Mobility,No
E02111,Employee 2111,Male,1984-09-28,Gurugram,Sales,CC200,Sales Executive,G4,Permanent,Hybrid,2024-10-19,,Active,,1.0,B.Tech,2,Campus,No
E02112,Employee 2112,Female,1996-04-03,Bengaluru,Operations,CC300,Operations Analyst,G4,Permanent,Hybrid,2024-08-17,,Active,,1.0,B.Tech,4,Job Portal,No
E02113,Employee 2113,Male,1990-06-12,Hyderabad,Marketing,CC600,Marketing Executive,G3,Contract,Onsite,2022-07-17,,Active,E03397,1.0,PhD,14,Job Portal,Yes
E02114,Employee 2114,Male,1975-12-20,Bengaluru,Human Resources,CC500,HR Executive,G4,Permanent,Onsite,2018-01-23,2023-10-10,Exited,E00974,1.0,Bachelor's,16,Job Portal,No
E02115,Employee 2115,Female,1989-11-09,Pune,Finance,CC400,Finance Analyst,G1,Intern,Hybrid,2024-02-22,,Active,,0.75,B.Tech,9,LinkedIn,No
E02116,Employee 2116,Female,1976-04-25,Hyderabad,Supply Chain,CC800,Logistics Manager,G5,Permanent,Hybrid,2017-08-10,2018-04-06,Exited,E04628,1.0,M.Tech,15,LinkedIn,No
E02117,Employee 2117,Female,1998-10-01,Gurugram,Human Resources,CC500,Talent Acquisition Specialist,G2,Permanent,Hybrid,2024-09-05,,Active,E04046,1.0,Master's,14,Job Portal,No
E02118,Employee 2118,Female,1996-10-06,Bengaluru,Finance,CC400,Senior Finance Analyst,G3,Permanent,Onsite,2023-03-22,,Active,E00180,1.0,Master's,12,Company Website,Yes
E02119,Employee 2119,Female,1978-04-11,Gurugram,Human Resources,CC500,HR Executive,G2,Permanent,Onsite,2017-03-05,,Active,E04319,1.0,PhD,5,Agency,No
E02120,Employee 2120,Male,1993-12-10,Bengaluru,Operations,CC300,Operations Analyst,G4,Permanent,Hybrid,2019-02-16,,Active,,1.0,Bachelor's,12,Referral,No
E02121,Employee 2121,Male,1999-06-04,Bengaluru,Finance,CC400,Finance Analyst,G2,Permanent,Hybrid,2022-10-08,,Active,E00645,1.0,Bachelor's,1,Job Portal,No
E02122,Employee 2122,Male,1978-08-09,Mumbai,Supply Chain,CC800,Supply Chain Analyst,G3,Permanent,Onsite,2020-12-01,,Active,E01907,1.0,MBA,3,Campus,No
E02123,Employee 2123,Male,1982-04-26,Mumbai,Sales,CC200,Account Manager,G4,Permanent,Hybrid,2020-11-23,2024-03-05,Exited,E01051,1.0,MBA,5,LinkedIn,No
E02124,Employee 2124,Male,2000-09-05,Gurugram,Customer Success,CC700,Customer Success Executive,G4,Permanent,Hybrid,2023-03-31,,Active,,1.0,PhD,1,Company Website,No
E02125,Employee 2125,Female,1988-02-29,Pune,Technology,CC100,Tech Lead,G3,Permanent,Onsite,2023-03-02,,Active,,1.0,B.Tech,15,LinkedIn,No
E02126,Employee 2126,Female,2002-04-19,Gurugram,Operations,CC300,Operations Analyst,G4,Permanent,Remote,2024-01-27,,Active,,1.0,Master's,14,Campus,No
E02127,Employee 2127,Female,1988-07-06,Gurugram,Customer Success,CC700,Customer Success Manager,G4,Permanent,Onsite,2025-07-06,,Active,,1.0,Bachelor's,17,Job Portal,No
E02128,Employee 2128,Male,2000-12-30,Pune,Operations,CC300,Team Lead,G4,Permanent,Hybrid,2022-01-31,,Active,,1.0,MBA,11,Company Website,No
E02129,Employee 2129,Male,1996-08-20,Bengaluru,Finance,CC400,Finance Manager,G3,Permanent,Remote,2023-06-23,,Active,,1.0,B.Tech,9,Internal Mobility,No
E02130,Employee 2130,Male,1988-05-06,Mumbai,Supply Chain,CC800,Logistics Manager,G1,Permanent,Hybrid,2024-01-22,,Active,E02048,1.0,Master's,12,Job Portal,No
E02131,Employee 2131,Female,1987-12-13,Hyderabad,Operations,CC300,Team Lead,G3,Permanent,Hybrid,2025-01-02,,Active,E00180,1.0,M.Tech,8,Agency,No
E02132,Employee 2132,Male,1994-10-28,Pune,Sales,CC200,Regional Sales Manager,G3,Permanent,Onsite,2023-08-09,,Active,,1.0,MBA,17,Internal Mobility,No
E02133,Employee 2133,Male,1991-10-25,Noida,Supply Chain,CC800,Logistics Manager,G2,Permanent,Hybrid,2023-03-25,,Active,E02782,1.0,PhD,11,Referral,No
E02134,Employee 2134,Female,1983-12-14,Chennai,Operations,CC300,Operations Executive,G3,Permanent,Onsite,2019-11-05,,Active,E03934,1.0,Bachelor's,5,Referral,No
E02135,Employee 2135,Female,1985-10-29,Hyderabad,Technology,CC100,Data Analyst,G3,Permanent,Hybrid,2020-01-24,2023-03-16,Exited,E00404,1.0,Bachelor's,15,Job Portal,No
E02136,Employee 2136,Female,1976-11-02,Bengaluru,Finance,CC400,Finance Manager,G4,Permanent,Onsite,2018-06-30,2024-08-22,Exited,E01910,1.0,MBA,11,Referral,No
E02137,Employee 2137,Male,1980-04-17,Pune,Supply Chain,CC800,Logistics Manager,G3,Intern,Hybrid,2020-04-23,,Active,E03432,0.5,M.Tech,8,Job Portal,No
E02138,Employee 2138,Non-binary,1992-07-25,Bengaluru,Technology,CC100,Software Engineer,G3,Permanent,Onsite,2023-08-07,,Active,E03005,1.0,PhD,12,Campus,No
E02139,Employee 2139,Male,1979-06-30,Gurugram,Sales,CC200,Key Account Manager,G6,Permanent,Hybrid,2023-06-07,,Active,,1.0,Master's,13,LinkedIn,No
E02140,Employee 2140,Male,1997-11-17,Bengaluru,Technology,CC100,Tech Lead,G3,Permanent,Remote,2024-10-07,,Active,E00153,1.0,PhD,0,Job Portal,No
E02141,Employee 2141,Female,1984-09-11,Noida,Technology,CC100,Engineering Manager,G2,Permanent,Onsite,2024-03-05,,Active,E00833,1.0,PhD,2,Campus,Yes
E02142,Employee 2142,Male,1981-08-28,Mumbai,Finance,CC400,Finance Manager,G4,Permanent,Onsite,2021-06-04,,Active,,1.0,B.Tech,17,Internal Mobility,Yes
E02143,Employee 2143,Male,1996-09-21,Gurugram,Technology,CC100,Senior Software Engineer,G3,Permanent,Hybrid,2024-10-05,,Active,E03384,1.0,B.Tech,15,Internal Mobility,No
E02144,Employee 2144,Female,1988-09-18,Hyderabad,Technology,CC100,Engineering Manager,G3,Permanent,Remote,2020-11-06,,Active,E00059,1.0,Bachelor's,17,LinkedIn,No
E02145,Employee 2145,Male,1994-10-20,Bengaluru,Human Resources,CC500,HR Executive,G5,Permanent,Hybrid,2025-08-13,,Active,,1.0,Bachelor's,14,Internal Mobility,Yes
E02146,Employee 2146,Male,1979-01-14,Pune,Marketing,CC600,Product Marketing Manager,G5,Permanent,Hybrid,2022-02-05,,Active,,1.0,M.Tech,8,Internal Mobility,No
E02147,Employee 2147,Female,1990-01-08,Hyderabad,Technology,CC100,Data Analyst,G3,Permanent,Hybrid,2017-12-21,,Active,E03906,1.0,M.Tech,6,Job Portal,No
E02148,Employee 2148,Male,1986-06-29,Hyderabad,Marketing,CC600,Product Marketing Manager,G4,Permanent,Onsite,2021-01-27,,Active,,1.0,Bachelor's,11,Campus,No
E02149,Employee 2149,Non-binary,1995-02-01,Pune,Operations,CC300,Operations Manager,G3,Permanent,Hybrid,2020-10-05,,Active,E02870,1.0,Master's,1,LinkedIn,No
E02150,Employee 2150,Female,1989-03-29,Hyderabad,Operations,CC300,Operations Manager,G3,Permanent,Onsite,2022-05-03,,Active,E03919,1.0,Master's,11,Job Portal,No
E02151,Employee 2151,Female,1985-08-26,Hyderabad,Operations,CC300,Operations Executive,G3,Permanent,Remote,2026-03-17,,Active,E00319,1.0,B.Tech,1,Campus,No
E02152,Employee 2152,Female,1998-11-02,Bengaluru,Customer Success,CC700,Customer Success Manager,G3,Permanent,Hybrid,2021-10-19,,Active,E03623,1.0,PhD,13,Job Portal,No
E02153,Employee 2153,Male,1985-05-28,Chennai,Customer Success,CC700,Customer Success Manager,G1,Contract,Onsite,2019-07-06,2024-08-19,Exited,E00333,0.75,MBA,2,Campus,No
E02154,Employee 2154,Male,1973-08-15,Pune,Marketing,CC600,Product Marketing Manager,G3,Permanent,Hybrid,2017-12-20,,Active,E02954,1.0,Bachelor's,10,Referral,No
E02155,Employee 2155,Female,1988-09-11,Hyderabad,Operations,CC300,Team Lead,G3,Permanent,Onsite,2022-09-29,,Active,E04230,1.0,M.Tech,16,LinkedIn,Yes
E02156,Employee 2156,Female,1989-04-14,Pune,Sales,CC200,Regional Sales Manager,G4,Permanent,Onsite,2023-01-28,,Active,,1.0,Bachelor's,9,Job Portal,No
E02157,Employee 2157,Female,1979-12-18,Bengaluru,Human Resources,CC500,HR Business Partner,G4,Permanent,Hybrid,2020-03-22,,Active,,1.0,M.Tech,17,Company Website,No
E02158,Employee 2158,Female,1987-06-04,Bengaluru,Operations,CC300,Team Lead,G5,Permanent,Hybrid,2021-04-17,,Active,,1.0,PhD,16,LinkedIn,No
E02159,Employee 2159,Female,1980-06-02,Gurugram,Operations,CC300,Operations Analyst,G5,Permanent,Hybrid,2017-04-15,2021-07-01,Exited,E01976,1.0,Master's,11,Referral,Yes
E02160,Employee 2160,Female,2002-02-24,Hyderabad,Technology,CC100,Tech Lead,G3,Permanent,Remote,2025-12-22,,Active,E00957,1.0,B.Tech,7,Company Website,No
E02161,Employee 2161,Female,1984-09-17,Bengaluru,Marketing,CC600,Digital Marketing Analyst,G4,Permanent,Hybrid,2017-07-31,2022-05-30,Exited,E03943,1.0,Master's,4,Agency,No
E02162,Employee 2162,Female,1994-08-22,Bengaluru,Operations,CC300,Operations Executive,G6,Permanent,Hybrid,2019-05-10,2019-08-30,Exited,,1.0,B.Tech,14,LinkedIn,No
E02163,Employee 2163,Female,2002-05-08,Hyderabad,Marketing,CC600,Digital Marketing Analyst,G5,Permanent,Hybrid,2025-05-06,,Active,,1.0,M.Tech,0,Internal Mobility,No
E02164,Employee 2164,Male,1994-04-08,Mumbai,Finance,CC400,Senior Finance Analyst,G3,Permanent,Hybrid,2020-03-29,,Active,E04140,1.0,MBA,2,Internal Mobility,No
E02165,Employee 2165,Male,1977-12-20,Mumbai,Sales,CC200,Key Account Manager,G3,Permanent,Onsite,2022-05-19,,Active,E04239,1.0,M.Tech,13,Internal Mobility,No
E02166,Employee 2166,Male,1989-04-18,Noida,Sales,CC200,Key Account Manager,G4,Permanent,Onsite,2026-01-11,,Active,,1.0,Master's,11,Referral,No
E02167,Employee 2167,Female,1975-03-31,Bengaluru,Sales,CC200,Regional Sales Manager,G2,Permanent,Onsite,2018-10-19,,Active,E02048,1.0,B.Tech,3,Referral,No
E02168,Employee 2168,Female,1996-11-28,Pune,Finance,CC400,Finance Analyst,G2,Permanent,Hybrid,2026-03-18,,Active,E02038,1.0,B.Tech,15,LinkedIn,No
E02169,Employee 2169,Male,1995-02-01,Chennai,Operations,CC300,Operations Executive,G4,Permanent,Hybrid,2024-08-30,,Active,,1.0,Master's,7,Agency,Yes
E02170,Employee 2170,Male,1983-02-03,Mumbai,Marketing,CC600,Brand Manager,G3,Permanent,Onsite,2021-01-05,2023-05-29,Exited,E04425,1.0,B.Tech,5,LinkedIn,No
E02171,Employee 2171,Male,2001-01-11,Pune,Human Resources,CC500,HR Business Partner,G1,Permanent,Hybrid,2023-05-03,,Active,E01644,1.0,B.Tech,9,Internal Mobility,Yes
E02172,Employee 2172,Female,1977-10-12,Pune,Supply Chain,CC800,Supply Chain Analyst,G4,Permanent,Hybrid,2017-12-23,,Active,,1.0,PhD,7,Internal Mobility,No
E02173,Employee 2173,Female,1990-04-27,Bengaluru,Finance,CC400,Finance Manager,G3,Permanent,Hybrid,2020-10-18,,Active,E03101,1.0,MBA,6,Job Portal,No
E02174,Employee 2174,Male,1989-05-04,Bengaluru,Technology,CC100,Data Scientist,G4,Contract,Hybrid,2020-10-10,,Active,,0.75,Master's,13,Internal Mobility,No
E02175,Employee 2175,Female,1989-07-20,Hyderabad,Technology,CC100,Senior Software Engineer,G4,Contract,Remote,2019-08-22,,Active,,0.5,MBA,10,LinkedIn,Yes
E02176,Employee 2176,Female,1980-08-06,Hyderabad,Technology,CC100,Data Analyst,G4,Permanent,Hybrid,2022-06-15,,Active,,1.0,PhD,0,Internal Mobility,No
E02177,Employee 2177,Male,1981-01-15,Hyderabad,Technology,CC100,Engineering Manager,G1,Permanent,Remote,2019-06-08,,Active,E01699,1.0,MBA,8,Referral,No
E02178,Employee 2178,Male,1993-01-27,Gurugram,Human Resources,CC500,HR Executive,G3,Permanent,Hybrid,2022-08-24,,Active,E00646,1.0,MBA,16,LinkedIn,No
E02179,Employee 2179,Female,1985-08-07,Mumbai,Marketing,CC600,Digital Marketing Analyst,G3,Permanent,Hybrid,2019-12-09,,Active,E03666,1.0,M.Tech,12,LinkedIn,No
E02180,Employee 2180,Female,1980-02-09,Bengaluru,Marketing,CC600,Brand Manager,G4,Permanent,Remote,2025-01-21,,Active,,1.0,MBA,16,Campus,No
E02181,Employee 2181,Male,1985-09-14,Pune,Operations,CC300,Operations Manager,G1,Permanent,Hybrid,2019-01-10,2021-03-02,Exited,E03468,1.0,Master's,7,Company Website,No
E02182,Employee 2182,Male,1975-06-28,Gurugram,Technology,CC100,Data Analyst,G2,Intern,Hybrid,2019-12-27,,Active,E02475,1.0,Master's,6,Company Website,No
E02183,Employee 2183,Male,1999-02-17,Bengaluru,Supply Chain,CC800,Logistics Manager,G4,Permanent,Onsite,2024-08-24,2026-04-10,Exited,,1.0,M.Tech,0,Company Website,No
E02184,Employee 2184,Male,1999-01-14,Bengaluru,Operations,CC300,Operations Analyst,G3,Permanent,Hybrid,2026-03-09,,Active,E03902,1.0,B.Tech,7,Campus,No
E02185,Employee 2185,Female,1993-04-09,Hyderabad,Marketing,CC600,Marketing Executive,G4,Permanent,Onsite,2017-06-19,,Active,,1.0,B.Tech,15,Company Website,No
E02186,Employee 2186,Male,1982-03-20,Noida,Customer Success,CC700,Customer Success Manager,G2,Permanent,Onsite,2023-03-15,2023-07-03,Exited,E01813,1.0,MBA,5,Referral,No
E02187,Employee 2187,Male,1991-11-22,Bengaluru,Sales,CC200,Sales Analyst,G5,Permanent,Onsite,2025-06-02,,Active,,1.0,MBA,2,Internal Mobility,No
E02188,Employee 2188,Female,1998-01-01,Bengaluru,Finance,CC400,Senior Finance Analyst,G4,Permanent,Remote,2024-03-20,,Active,,1.0,Bachelor's,11,Job Portal,No
E02189,Employee 2189,Male,1980-10-30,Bengaluru,Supply Chain,CC800,Logistics Manager,G4,Permanent,Onsite,2025-05-23,,Active,,1.0,Master's,14,Internal Mobility,Yes
E02190,Employee 2190,Female,1982-12-29,Hyderabad,Operations,CC300,Operations Manager,G6,Permanent,Hybrid,2017-04-24,,Active,,1.0,M.Tech,8,Campus,No
E02191,Employee 2191,Male,1982-06-21,Noida,Technology,CC100,Software Engineer,G2,Permanent,Onsite,2019-07-21,2024-09-23,Exited,E00775,1.0,Master's,18,Company Website,No
E02192,Employee 2192,Female,1995-12-21,Hyderabad,Operations,CC300,Operations Executive,G5,Permanent,Hybrid,2017-12-23,,Active,,1.0,Master's,18,Job Portal,No
E02193,Employee 2193,Male,1988-11-11,Mumbai,Supply Chain,CC800,Logistics Manager,G2,Contract,Hybrid,2017-03-01,,Active,E03919,0.75,Bachelor's,5,Agency,No
E02194,Employee 2194,Female,1997-01-17,Noida,Customer Success,CC700,Customer Success Manager,G4,Permanent,Remote,2020-06-07,,Active,,1.0,M.Tech,12,Campus,No
E02195,Employee 2195,Female,1999-03-20,Chennai,Supply Chain,CC800,Procurement Specialist,G3,Permanent,Hybrid,2022-05-17,,Active,E03873,1.0,Master's,6,Internal Mobility,No
E02196,Employee 2196,Male,1987-09-17,Pune,Marketing,CC600,Product Marketing Manager,G2,Permanent,Hybrid,2024-04-23,2024-10-18,Exited,E04948,1.0,B.Tech,0,LinkedIn,No
E02197,Employee 2197,Female,1981-08-25,Gurugram,Supply Chain,CC800,Procurement Specialist,G2,Intern,Hybrid,2024-05-03,,Active,E00049,0.5,M.Tech,7,Referral,No
E02198,Employee 2198,Male,1990-01-15,Gurugram,Human Resources,CC500,Talent Acquisition Specialist,G3,Permanent,Hybrid,2025-03-09,,Active,E00589,1.0,Bachelor's,0,Internal Mobility,No
E02199,Employee 2199,Female,1999-03-04,Pune,Operations,CC300,Operations Executive,G2,Permanent,Hybrid,2025-08-25,,Active,E03486,1.0,Master's,1,Agency,No
E02200,Employee 2200,Female,1998-04-01,Hyderabad,Marketing,CC600,Product Marketing Manager,G2,Contract,Onsite,2019-08-14,2025-05-10,Exited,E02827,0.5,MBA,14,Agency,No
E02201,Employee 2201,Male,1989-07-27,Hyderabad,Operations,CC300,Operations Analyst,G4,Permanent,Hybrid,2022-05-15,,Active,,1.0,PhD,18,Campus,No
E02202,Employee 2202,Male,1978-09-04,Chennai,Finance,CC400,Senior Finance Analyst,G3,Permanent,Remote,2020-03-26,2021-03-20,Exited,E01193,1.0,PhD,15,Campus,No
E02203,Employee 2203,Female,1983-01-06,Bengaluru,Operations,CC300,Operations Analyst,G5,Permanent,Hybrid,2020-11-12,,Active,,1.0,PhD,6,Referral,No
E02204,Employee 2204,Male,1992-03-09,Hyderabad,Supply Chain,CC800,Planner,G4,Permanent,Hybrid,2018-03-17,2020-01-29,Exited,E04238,1.0,M.Tech,16,Internal Mobility,No
E02205,Employee 2205,Female,1987-05-21,Chennai,Operations,CC300,Operations Manager,G2,Contract,Remote,2026-05-18,,Active,E00136,0.75,Master's,12,LinkedIn,No
E02206,Employee 2206,Male,2000-12-08,Hyderabad,Marketing,CC600,Marketing Executive,G3,Permanent,Hybrid,2022-06-28,2026-06-20,Exited,E03763,1.0,Master's,18,Job Portal,Yes
E02207,Employee 2207,Female,1994-12-13,Hyderabad,Supply Chain,CC800,Planner,G1,Intern,Hybrid,2017-04-28,,Active,E00325,0.75,M.Tech,17,Agency,No
E02208,Employee 2208,Male,1984-03-03,Mumbai,Marketing,CC600,Digital Marketing Analyst,G4,Permanent,Hybrid,2026-02-23,,Active,,1.0,MBA,2,Company Website,No
E02209,Employee 2209,Female,1996-10-20,Pune,Marketing,CC600,Marketing Executive,G4,Permanent,Hybrid,2022-02-09,,Active,,1.0,M.Tech,1,Agency,No
E02210,Employee 2210,Female,2003-12-06,Gurugram,Human Resources,CC500,HR Manager,G6,Permanent,Hybrid,2024-12-26,,Active,,1.0,Master's,8,Internal Mobility,No
E02211,Employee 2211,Female,1992-12-13,Bengaluru,Human Resources,CC500,Talent Acquisition Specialist,G4,Permanent,Hybrid,2018-07-30,,Active,,1.0,B.Tech,4,LinkedIn,No
E02212,Employee 2212,Male,1994-07-17,Chennai,Marketing,CC600,Brand Manager,G4,Permanent,Remote,2026-05-08,,Active,,1.0,Master's,3,Referral,No
E02213,Employee 2213,Male,1985-08-01,Pune,Technology,CC100,Tech Lead,G4,Permanent,Onsite,2022-06-08,,Active,,1.0,Bachelor's,7,Job Portal,No
E02214,Employee 2214,Female,1986-10-24,Hyderabad,Customer Success,CC700,Customer Success Executive,G3,Permanent,Onsite,2021-03-03,,Active,E01769,1.0,MBA,1,Internal Mobility,No
E02215,Employee 2215,Male,1981-01-09,Mumbai,Sales,CC200,Account Manager,G4,Permanent,Hybrid,2025-11-03,2026-03-02,Exited,E01449,1.0,Master's,5,LinkedIn,No
E02216,Employee 2216,Male,1979-12-10,Mumbai,Technology,CC100,Senior Software Engineer,G3,Intern,Hybrid,2019-06-05,,Active,E04140,1.0,Master's,12,Company Website,No
E02217,Employee 2217,Female,1987-03-17,Pune,Operations,CC300,Operations Executive,G3,Permanent,Hybrid,2025-12-22,,Active,E03818,1.0,B.Tech,1,Campus,No
E02218,Employee 2218,Female,1979-04-26,Noida,Human Resources,CC500,Talent Acquisition Specialist,G3,Permanent,Remote,2020-01-18,,Active,E03910,1.0,Master's,8,Campus,No
E02219,Employee 2219,Female,1996-06-18,Bengaluru,Sales,CC200,Sales Analyst,G2,Permanent,Hybrid,2026-02-24,,Active,E00529,1.0,MBA,11,Job Portal,Yes
E02220,Employee 2220,Male,1980-10-04,Hyderabad,Technology,CC100,Data Analyst,G4,Permanent,Remote,2021-04-01,,Active,,1.0,Master's,1,LinkedIn,No
E02221,Employee 2221,Male,1990-01-21,Pune,Supply Chain,CC800,Procurement Specialist,G2,Permanent,Hybrid,2022-01-01,,Active,E02851,1.0,Bachelor's,17,LinkedIn,No
E02222,Employee 2222,Male,1997-08-31,Chennai,Supply Chain,CC800,Logistics Manager,G4,Permanent,Hybrid,2024-05-29,,Active,,1.0,B.Tech,13,LinkedIn,No
E02223,Employee 2223,Female,1997-07-08,Hyderabad,Supply Chain,CC800,Procurement Specialist,G4,Permanent,Hybrid,2020-03-26,,Active,,1.0,M.Tech,4,LinkedIn,Yes
E02224,Employee 2224,Male,1991-07-03,Pune,Customer Success,CC700,Customer Success Executive,G5,Permanent,Hybrid,2025-11-16,,Active,,1.0,Master's,4,Agency,No
E02225,Employee 2225,Male,1978-11-09,Noida,Human Resources,CC500,HR Manager,G3,Permanent,Hybrid,2019-08-06,,Active,E01648,1.0,Master's,4,Referral,No
E02226,Employee 2226,Male,1979-09-11,Mumbai,Sales,CC200,Account Manager,G4,Contract,Hybrid,2021-04-16,,Active,,0.5,Bachelor's,12,Referral,No
E02227,Employee 2227,Male,1990-07-30,Noida,Sales,CC200,Key Account Manager,G2,Permanent,Onsite,2017-01-17,,Active,E02510,1.0,Master's,12,Referral,No
E02228,Employee 2228,Male,1998-03-29,Pune,Customer Success,CC700,Customer Success Executive,G5,Permanent,Hybrid,2026-03-31,,Active,,1.0,Bachelor's,9,Referral,Yes
E02229,Employee 2229,Male,2001-07-13,Hyderabad,Marketing,CC600,Digital Marketing Analyst,G1,Permanent,Hybrid,2024-05-01,,Active,E04383,1.0,M.Tech,5,Campus,No
E02230,Employee 2230,Male,1992-02-04,Pune,Finance,CC400,Finance Manager,G4,Permanent,Hybrid,2025-05-11,,Active,,1.0,Master's,13,Company Website,No
E02231,Employee 2231,Female,1991-06-24,Hyderabad,Technology,CC100,Data Analyst,G3,Permanent,Remote,2026-07-06,,Active,E02510,1.0,B.Tech,11,Company Website,No
E02232,Employee 2232,Female,1985-08-17,Bengaluru,Sales,CC200,Sales Executive,G4,Permanent,Onsite,2025-08-21,,Active,,1.0,Bachelor's,3,Job Portal,Yes
E02233,Employee 2233,Female,1986-03-01,Chennai,Sales,CC200,Sales Analyst,G3,Permanent,Hybrid,2023-12-03,,Active,E00171,1.0,MBA,14,LinkedIn,No
E02234,Employee 2234,Female,1990-10-22,Chennai,Customer Success,CC700,Customer Success Manager,G5,Permanent,Hybrid,2018-08-07,,Active,,1.0,Bachelor's,2,Job Portal,No
E02235,Employee 2235,Male,1990-06-11,Hyderabad,Operations,CC300,Team Lead,G1,Permanent,Hybrid,2021-05-20,,Active,E04931,1.0,PhD,4,Campus,No
E02236,Employee 2236,Female,1981-10-19,Noida,Sales,CC200,Account Manager,G2,Permanent,Remote,2023-05-02,,Active,E03109,1.0,Master's,14,Internal Mobility,Yes
E02237,Employee 2237,Female,1985-10-10,Bengaluru,Marketing,CC600,Digital Marketing Analyst,G5,Permanent,Hybrid,2021-03-27,,Active,,1.0,MBA,11,Agency,No
E02238,Employee 2238,Non-binary,1995-03-15,Chennai,Sales,CC200,Sales Analyst,G3,Permanent,Hybrid,2017-05-15,,Active,E01670,1.0,M.Tech,10,Company Website,No
E02239,Employee 2239,Male,1979-06-25,Hyderabad,Marketing,CC600,Brand Manager,G2,Contract,Hybrid,2024-06-06,,Active,E03513,0.75,Bachelor's,6,Internal Mobility,No
E02240,Employee 2240,Male,1990-08-24,Gurugram,Customer Success,CC700,Support Analyst,G3,Permanent,Hybrid,2017-07-21,2022-03-10,Exited,E03892,1.0,PhD,13,Internal Mobility,Yes
E02241,Employee 2241,Female,1990-12-26,Bengaluru,Technology,CC100,Software Engineer,G2,Contract,Hybrid,2024-12-05,2026-06-29,Exited,E03009,0.75,M.Tech,18,Internal Mobility,No
E02242,Employee 2242,Female,2002-10-03,Hyderabad,Human Resources,CC500,HR Business Partner,G4,Permanent,Hybrid,2024-12-02,,Active,,1.0,B.Tech,16,Job Portal,No
E02243,Employee 2243,Male,1986-11-29,Gurugram,Technology,CC100,Data Analyst,G2,Contract,Hybrid,2023-01-01,2023-12-20,Exited,,0.75,Bachelor's,18,Job Portal,No
E02244,Employee 2244,Male,1989-02-05,Bengaluru,Technology,CC100,Senior Software Engineer,G4,Permanent,Hybrid,2020-10-31,,Active,,1.0,M.Tech,7,Job Portal,No
E02245,Employee 2245,Male,1987-07-11,Pune,Technology,CC100,Engineering Manager,G5,Permanent,Hybrid,2021-04-05,2023-08-22,Exited,E00368,1.0,Bachelor's,15,Job Portal,Yes
E02246,Employee 2246,Female,1996-08-09,Bengaluru,Sales,CC200,Account Manager,G3,Permanent,Onsite,2024-06-26,,Active,E02978,1.0,B.Tech,9,Job Portal,Yes
E02247,Employee 2247,Female,1979-04-05,Hyderabad,Human Resources,CC500,HR Business Partner,G1,Permanent,Remote,2021-04-15,2024-04-23,Exited,E02673,1.0,Master's,0,Agency,No
E02248,Employee 2248,Male,1988-12-19,Noida,Operations,CC300,Team Lead,G3,Permanent,Remote,2023-12-21,,Active,E01787,1.0,Bachelor's,14,Campus,No
E02249,Employee 2249,Female,1993-01-19,Gurugram,Operations,CC300,Team Lead,G4,Permanent,Hybrid,2018-04-09,,Active,,1.0,M.Tech,2,Referral,No
E02250,Employee 2250,Male,2001-06-30,Mumbai,Technology,CC100,Senior Software Engineer,G4,Contract,Hybrid,2024-03-06,,Active,,0.5,B.Tech,7,Job Portal,No
E02251,Employee 2251,Male,1991-06-05,Pune,Technology,CC100,Senior Software Engineer,G1,Permanent,Hybrid,2019-05-19,,Active,E04173,1.0,MBA,5,Job Portal,No
E02252,Employee 2252,Male,1988-07-04,Gurugram,Finance,CC400,Senior Finance Analyst,G5,Permanent,Remote,2025-06-27,,Active,,1.0,Master's,11,Campus,No
E02253,Employee 2253,Male,1983-06-06,Hyderabad,Sales,CC200,Regional Sales Manager,G2,Contract,Remote,2023-02-01,,Active,E01877,0.5,Master's,2,Company Website,No
E02254,Employee 2254,Male,1991-09-24,Noida,Technology,CC100,Data Analyst,G1,Permanent,Hybrid,2018-06-03,2018-09-20,Exited,E03397,1.0,B.Tech,7,Job Portal,No
E02255,Employee 2255,Male,1986-12-14,Gurugram,Operations,CC300,Operations Manager,G4,Permanent,Remote,2019-09-14,,Active,,1.0,MBA,13,Internal Mobility,No
E02256,Employee 2256,Female,1993-05-12,Hyderabad,Technology,CC100,Software Engineer,G2,Permanent,Onsite,2025-08-05,,Active,E04732,1.0,Master's,5,Referral,No
E02257,Employee 2257,Male,1983-02-13,Bengaluru,Supply Chain,CC800,Logistics Manager,G3,Permanent,Hybrid,2021-07-12,,Active,E04465,1.0,Master's,11,Company Website,No
E02258,Employee 2258,Female,1990-03-02,Hyderabad,Sales,CC200,Key Account Manager,G1,Permanent,Remote,2017-03-13,,Active,E00180,1.0,Bachelor's,14,LinkedIn,No
E02259,Employee 2259,Female,1990-11-25,Hyderabad,Finance,CC400,Finance Analyst,G4,Permanent,Onsite,2017-07-23,2024-01-16,Exited,,1.0,PhD,17,Campus,Yes
E02260,Employee 2260,Female,1976-01-07,Pune,Operations,CC300,Operations Manager,G3,Permanent,Hybrid,2020-03-09,2025-02-05,Exited,E00471,1.0,PhD,7,Campus,No
E02261,Employee 2261,Female,1996-01-05,Mumbai,Sales,CC200,Account Manager,G3,Permanent,Onsite,2024-09-16,,Active,E00990,1.0,PhD,2,Campus,No
E02262,Employee 2262,Female,1989-04-19,Chennai,Human Resources,CC500,HR Executive,G1,Permanent,Onsite,2018-02-13,,Active,E04726,1.0,MBA,5,Agency,No
E02263,Employee 2263,Female,1979-05-18,Mumbai,Customer Success,CC700,Customer Success Manager,G4,Permanent,Hybrid,2020-05-28,,Active,,1.0,PhD,7,Agency,No
E02264,Employee 2264,Female,1994-08-24,Gurugram,Customer Success,CC700,Customer Success Executive,G1,Permanent,Hybrid,2020-06-12,2025-06-15,Exited,E04351,1.0,B.Tech,14,Job Portal,No
E02265,Employee 2265,Female,1995-11-27,Bengaluru,Technology,CC100,Engineering Manager,G4,Permanent,Hybrid,2023-12-22,2024-04-03,Exited,,1.0,Master's,2,LinkedIn,No
E02266,Employee 2266,Male,1994-06-24,Pune,Marketing,CC600,Marketing Executive,G4,Permanent,Hybrid,2026-04-25,,Active,,1.0,PhD,14,Company Website,Yes
E02267,Employee 2267,Male,1980-04-24,Hyderabad,Operations,CC300,Operations Manager,G4,Permanent,Hybrid,2024-12-14,,Active,,1.0,Master's,7,LinkedIn,No
E02268,Employee 2268,Female,1975-03-18,Pune,Sales,CC200,Regional Sales Manager,G4,Permanent,Hybrid,2019-07-05,,Active,,1.0,PhD,0,LinkedIn,No
E02269,Employee 2269,Male,1980-05-26,Noida,Finance,CC400,Finance Analyst,G6,Contract,Hybrid,2024-10-23,,Active,,0.5,B.Tech,10,Internal Mobility,No
E02270,Employee 2270,Male,1979-06-12,Bengaluru,Technology,CC100,Software Engineer,G2,Permanent,Hybrid,2022-06-28,,Active,E01887,1.0,MBA,15,Internal Mobility,No
E02271,Employee 2271,Male,1983-12-17,Chennai,Supply Chain,CC800,Supply Chain Analyst,G3,Permanent,Onsite,2020-11-19,2023-11-22,Exited,E03106,1.0,M.Tech,1,Company Website,No
E02272,Employee 2272,Female,2002-03-08,Pune,Human Resources,CC500,Talent Acquisition Specialist,G2,Permanent,Hybrid,2024-08-04,,Active,E02501,1.0,M.Tech,8,Referral,No
E02273,Employee 2273,Male,1999-09-24,Noida,Sales,CC200,Key Account Manager,G5,Permanent,Remote,2026-06-30,,Active,,1.0,Master's,7,Agency,No
E02274,Employee 2274,Female,1995-11-13,Bengaluru,Marketing,CC600,Digital Marketing Analyst,G5,Contract,Onsite,2025-01-07,,Active,,0.5,B.Tech,8,Job Portal,No
E02275,Employee 2275,Female,1990-11-29,Chennai,Operations,CC300,Team Lead,G1,Permanent,Hybrid,2022-12-21,,Active,E00882,1.0,B.Tech,2,LinkedIn,Yes
E02276,Employee 2276,Male,1990-01-13,Gurugram,Operations,CC300,Operations Analyst,G3,Permanent,Hybrid,2023-08-05,,Active,E03175,1.0,M.Tech,0,Agency,No
E02277,Employee 2277,Male,1995-08-04,Pune,Marketing,CC600,Product Marketing Manager,G4,Permanent,Onsite,2024-01-03,,Active,,1.0,PhD,11,LinkedIn,No
E02278,Employee 2278,Female,1994-07-25,Bengaluru,Human Resources,CC500,L&D Specialist,G3,Permanent,Hybrid,2020-07-07,,Active,E04428,1.0,B.Tech,15,Agency,No
E02279,Employee 2279,Male,1982-06-11,Bengaluru,Human Resources,CC500,Talent Acquisition Specialist,G4,Permanent,Hybrid,2017-12-20,,Active,,1.0,Bachelor's,9,Agency,No
E02280,Employee 2280,Female,1978-10-04,Chennai,Operations,CC300,Operations Manager,G2,Permanent,Hybrid,2023-09-19,,Active,,1.0,B.Tech,7,Company Website,No
E02281,Employee 2281,Female,1988-11-02,Pune,Technology,CC100,Engineering Manager,G4,Permanent,Onsite,2025-09-07,,Active,,1.0,Master's,11,Job Portal,No
E02282,Employee 2282,Female,1980-06-03,Mumbai,Technology,CC100,Data Scientist,G5,Contract,Hybrid,2018-01-16,,Active,,1.0,MBA,10,Internal Mobility,No
E02283,Employee 2283,Male,1988-12-01,Chennai,Technology,CC100,Data Scientist,G3,Intern,Onsite,2025-05-26,,Active,E01971,0.75,MBA,14,Internal Mobility,Yes
E02284,Employee 2284,Male,1995-10-31,Gurugram,Human Resources,CC500,HR Manager,G4,Permanent,Onsite,2024-11-23,,Active,,1.0,M.Tech,5,Referral,No
E02285,Employee 2285,Male,1991-06-08,Mumbai,Technology,CC100,Tech Lead,G1,Permanent,Onsite,2021-02-13,,Active,E04499,1.0,Bachelor's,0,Referral,No
E02286,Employee 2286,Male,1999-09-20,Hyderabad,Operations,CC300,Operations Executive,G4,Permanent,Onsite,2024-06-12,,Active,,1.0,MBA,9,LinkedIn,No
E02287,Employee 2287,Female,1997-11-25,Mumbai,Operations,CC300,Operations Manager,G2,Permanent,Hybrid,2020-08-08,,Active,E04928,1.0,MBA,7,Agency,No
E02288,Employee 2288,Male,1981-12-08,Noida,Customer Success,CC700,Customer Success Manager,G4,Permanent,Onsite,2025-11-15,,Active,,1.0,Bachelor's,8,LinkedIn,No
E02289,Employee 2289,Male,1987-08-23,Bengaluru,Human Resources,CC500,L&D Specialist,G2,Permanent,Hybrid,2024-10-19,,Active,E02870,1.0,MBA,3,Internal Mobility,Yes
E02290,Employee 2290,Male,1993-06-13,Bengaluru,Supply Chain,CC800,Planner,G5,Contract,Hybrid,2025-11-05,,Active,,0.5,Master's,6,Job Portal,No
E02291,Employee 2291,Female,1991-06-24,Gurugram,Customer Success,CC700,Support Analyst,G1,Permanent,Hybrid,2023-02-21,,Active,E00525,1.0,Master's,12,Company Website,No
E02292,Employee 2292,Male,2002-11-25,Noida,Marketing,CC600,Digital Marketing Analyst,G4,Permanent,Onsite,2024-03-13,,Active,,1.0,B.Tech,5,Referral,No
E02293,Employee 2293,Female,1977-11-27,Bengaluru,Human Resources,CC500,HR Business Partner,G4,Permanent,Remote,2018-08-22,,Active,,1.0,MBA,3,Agency,No
E02294,Employee 2294,Male,1979-08-13,Bengaluru,Operations,CC300,Operations Analyst,G3,Permanent,Hybrid,2024-01-28,,Active,E00872,1.0,MBA,8,Referral,No
E02295,Employee 2295,Male,1978-02-16,Mumbai,Finance,CC400,Senior Finance Analyst,G3,Permanent,Hybrid,2019-09-14,,Active,E04839,1.0,Master's,10,Job Portal,No
E02296,Employee 2296,Female,1986-11-05,Noida,Human Resources,CC500,HR Manager,G4,Permanent,Onsite,2024-04-16,,Active,,1.0,PhD,16,Company Website,No
E02297,Employee 2297,Female,1986-05-15,Pune,Sales,CC200,Regional Sales Manager,G1,Permanent,Hybrid,2025-10-21,2026-04-28,Exited,E03947,1.0,M.Tech,6,Campus,No
E02298,Employee 2298,Female,1990-08-26,Bengaluru,Sales,CC200,Sales Executive,G4,Permanent,Hybrid,2021-04-18,,Active,,1.0,M.Tech,14,LinkedIn,No
E02299,Employee 2299,Female,1994-03-13,Hyderabad,Customer Success,CC700,Support Analyst,G5,Permanent,Onsite,2018-04-29,,Active,,1.0,Bachelor's,12,Company Website,No
E02300,Employee 2300,Male,1974-12-24,Bengaluru,Sales,CC200,Key Account Manager,G1,Permanent,Remote,2017-03-22,,Active,E01305,1.0,B.Tech,1,Job Portal,No
E02301,Employee 2301,Female,1998-08-03,Mumbai,Finance,CC400,Finance Manager,G5,Permanent,Hybrid,2023-03-02,,Active,,1.0,Master's,15,LinkedIn,No
E02302,Employee 2302,Female,1978-01-17,Hyderabad,Supply Chain,CC800,Supply Chain Analyst,G1,Permanent,Onsite,2018-04-06,,Active,E00090,1.0,MBA,0,Agency,No
E02303,Employee 2303,Female,1995-02-05,Gurugram,Sales,CC200,Account Manager,G3,Permanent,Remote,2023-04-23,,Active,E00800,1.0,Bachelor's,3,Campus,No
E02304,Employee 2304,Male,1979-11-04,Chennai,Finance,CC400,Finance Manager,G5,Permanent,Hybrid,2018-01-25,,Active,,1.0,MBA,17,Job Portal,No
E02305,Employee 2305,Male,1990-03-12,Gurugram,Supply Chain,CC800,Planner,G2,Permanent,Onsite,2024-09-29,,Active,E02851,1.0,PhD,0,Agency,No
E02306,Employee 2306,Male,2001-03-27,Bengaluru,Technology,CC100,Software Engineer,G1,Permanent,Hybrid,2023-12-16,,Active,E00049,1.0,Bachelor's,8,Campus,No
E02307,Employee 2307,Female,1994-09-29,Gurugram,Human Resources,CC500,L&D Specialist,G2,Permanent,Hybrid,2018-09-14,,Active,E02401,1.0,MBA,3,Internal Mobility,Yes
E02308,Employee 2308,Female,1977-11-29,Hyderabad,Human Resources,CC500,HR Business Partner,G4,Permanent,Hybrid,2018-06-01,,Active,,1.0,B.Tech,1,Job Portal,No
E02309,Employee 2309,Female,1993-10-03,Noida,Technology,CC100,Tech Lead,G3,Permanent,Hybrid,2023-07-02,,Active,E01886,1.0,M.Tech,14,Referral,Yes
E02310,Employee 2310,Female,1986-03-07,Bengaluru,Technology,CC100,Senior Software Engineer,G2,Permanent,Remote,2025-09-28,,Active,E04661,1.0,B.Tech,17,Job Portal,No
E02311,Employee 2311,Female,1996-10-01,Noida,Operations,CC300,Operations Analyst,G4,Intern,Remote,2020-10-10,,Active,,0.5,Bachelor's,9,Campus,No
E02312,Employee 2312,Male,1983-05-15,Bengaluru,Sales,CC200,Account Manager,G3,Permanent,Remote,2019-07-14,,Active,E00833,1.0,PhD,14,Internal Mobility,No
E02313,Employee 2313,Female,2001-10-10,Pune,Sales,CC200,Key Account Manager,G3,Permanent,Hybrid,2026-07-30,,Active,E01886,1.0,M.Tech,9,Company Website,No
E02314,Employee 2314,Male,1983-02-19,Pune,Marketing,CC600,Brand Manager,G2,Permanent,Hybrid,2024-10-31,,Active,E02108,1.0,Master's,3,Referral,No
E02315,Employee 2315,Male,1982-04-08,Bengaluru,Supply Chain,CC800,Planner,G2,Permanent,Onsite,2019-11-15,,Active,E00905,1.0,Master's,14,Internal Mobility,No
E02316,Employee 2316,Female,1982-10-18,Bengaluru,Technology,CC100,Data Scientist,G4,Permanent,Hybrid,2019-04-18,,Active,,1.0,MBA,2,Job Portal,No
E02317,Employee 2317,Female,1980-12-15,Mumbai,Finance,CC400,Senior Finance Analyst,G6,Contract,Hybrid,2020-11-11,,Active,,1.0,PhD,8,Campus,No
E02318,Employee 2318,Female,1993-11-02,Bengaluru,Technology,CC100,Data Scientist,G5,Permanent,Hybrid,2023-10-29,,Active,,1.0,M.Tech,2,Agency,No
E02319,Employee 2319,Male,1988-02-25,Hyderabad,Sales,CC200,Account Manager,G4,Permanent,Onsite,2020-07-18,,Active,,1.0,M.Tech,17,Internal Mobility,No
E02320,Employee 2320,Female,1988-03-08,Bengaluru,Technology,CC100,Software Engineer,G3,Permanent,Hybrid,2019-03-26,2024-04-20,Exited,E03528,1.0,MBA,6,Agency,No
E02321,Employee 2321,Female,1995-12-18,Pune,Sales,CC200,Sales Executive,G4,Permanent,Hybrid,2021-10-19,,Active,,1.0,MBA,12,Internal Mobility,No
E02322,Employee 2322,Male,1997-01-09,Noida,Finance,CC400,Finance Manager,G3,Permanent,Onsite,2018-05-29,,Active,,1.0,Bachelor's,5,Agency,No
E02323,Employee 2323,Female,1987-01-25,Bengaluru,Operations,CC300,Operations Executive,G3,Permanent,Onsite,2019-04-19,,Active,E04983,1.0,M.Tech,17,LinkedIn,No
E02324,Employee 2324,Male,1976-08-23,Chennai,Operations,CC300,Operations Analyst,G3,Permanent,Onsite,2021-07-09,,Active,,1.0,Bachelor's,14,Job Portal,No
E02325,Employee 2325,Female,1996-07-05,Chennai,Supply Chain,CC800,Supply Chain Analyst,G3,Permanent,Onsite,2022-10-21,,Active,E02763,1.0,Bachelor's,17,Agency,No
E02326,Employee 2326,Female,1984-08-13,Hyderabad,Supply Chain,CC800,Planner,G3,Permanent,Hybrid,2018-01-04,2022-12-09,Exited,E03019,1.0,M.Tech,18,Internal Mobility,Yes
E02327,Employee 2327,Male,1998-04-25,Gurugram,Human Resources,CC500,Talent Acquisition Specialist,G3,Permanent,Hybrid,2022-05-14,,Active,E01213,1.0,Master's,18,Referral,No
E02328,Employee 2328,Male,1990-02-06,Bengaluru,Supply Chain,CC800,Procurement Specialist,G3,Contract,Hybrid,2024-03-27,,Active,E02998,0.75,PhD,14,Campus,No
E02329,Employee 2329,Female,1988-05-16,Pune,Customer Success,CC700,Support Analyst,G3,Permanent,Hybrid,2020-10-12,,Active,E00139,1.0,Master's,6,Job Portal,No
E02330,Employee 2330,Male,1980-01-11,Gurugram,Customer Success,CC700,Customer Success Manager,G3,Permanent,Hybrid,2023-04-17,,Active,,1.0,Bachelor's,17,Internal Mobility,No
E02331,Employee 2331,Male,2002-04-30,Hyderabad,Customer Success,CC700,Support Analyst,G4,Permanent,Hybrid,2023-08-13,,Active,,1.0,MBA,17,Referral,No
E02332,Employee 2332,Male,1988-09-18,Gurugram,Technology,CC100,Tech Lead,G3,Permanent,Hybrid,2024-06-02,,Active,E04188,1.0,B.Tech,16,Company Website,Yes
E02333,Employee 2333,Female,1982-10-07,Mumbai,Operations,CC300,Team Lead,G2,Permanent,Onsite,2025-07-04,,Active,E02538,1.0,M.Tech,3,Referral,No
E02334,Employee 2334,Female,1972-04-09,Bengaluru,Sales,CC200,Sales Executive,G6,Permanent,Hybrid,2017-01-02,,Active,,1.0,MBA,12,Company Website,No
E02335,Employee 2335,Male,1984-11-08,Gurugram,Sales,CC200,Regional Sales Manager,G6,Permanent,Hybrid,2022-11-03,,Active,,1.0,M.Tech,3,Job Portal,No
E02336,Employee 2336,Female,1997-08-17,Hyderabad,Operations,CC300,Team Lead,G5,Permanent,Remote,2020-03-01,,Active,,1.0,Master's,4,Job Portal,No
E02337,Employee 2337,Male,1989-02-22,Bengaluru,Technology,CC100,Tech Lead,G3,Permanent,Onsite,2023-07-30,,Active,E04170,1.0,Master's,4,Internal Mobility,No
E02338,Employee 2338,Male,1993-05-16,Noida,Technology,CC100,Data Analyst,G1,Permanent,Hybrid,2021-04-24,,Active,E01610,1.0,MBA,3,Agency,Yes
E02339,Employee 2339,Female,1990-12-10,Pune,Human Resources,CC500,Talent Acquisition Specialist,G2,Permanent,Hybrid,2023-11-01,,Active,E04646,1.0,M.Tech,18,Company Website,No
E02340,Employee 2340,Female,1994-09-30,Bengaluru,Sales,CC200,Regional Sales Manager,G4,Permanent,Onsite,2025-01-02,,Active,,1.0,PhD,0,Company Website,No
E02341,Employee 2341,Female,1975-02-01,Pune,Finance,CC400,Senior Finance Analyst,G3,Permanent,Hybrid,2017-08-02,,Active,E02139,1.0,B.Tech,10,Agency,No
E02342,Employee 2342,Male,1991-03-08,Gurugram,Supply Chain,CC800,Procurement Specialist,G2,Permanent,Remote,2019-09-30,,Active,E02076,1.0,B.Tech,7,Company Website,No
E02343,Employee 2343,Female,1992-08-22,Bengaluru,Sales,CC200,Key Account Manager,G5,Permanent,Hybrid,2018-05-29,,Active,,1.0,PhD,14,Agency,No
E02344,Employee 2344,Non-binary,1997-11-10,Bengaluru,Operations,CC300,Operations Analyst,G3,Contract,Hybrid,2020-06-25,,Active,E03468,1.0,B.Tech,18,Company Website,No
E02345,Employee 2345,Female,1990-11-11,Pune,Human Resources,CC500,Talent Acquisition Specialist,G2,Contract,Hybrid,2019-01-27,,Active,E00909,0.5,PhD,3,Company Website,No
E02346,Employee 2346,Male,1994-03-12,Noida,Technology,CC100,Tech Lead,G5,Permanent,Hybrid,2024-10-27,,Active,,1.0,M.Tech,17,Campus,No
E02347,Employee 2347,Male,1997-02-04,Hyderabad,Sales,CC200,Sales Executive,G1,Intern,Remote,2018-03-05,2019-05-29,Exited,E02997,0.75,MBA,4,Company Website,Yes
E02348,Employee 2348,Female,1997-01-25,Mumbai,Technology,CC100,Data Analyst,G6,Permanent,Hybrid,2026-04-03,,Active,,1.0,PhD,14,Campus,No
E02349,Employee 2349,Female,1998-04-15,Gurugram,Supply Chain,CC800,Supply Chain Analyst,G4,Intern,Hybrid,2024-10-14,,Active,,0.75,MBA,6,Referral,No
E02350,Employee 2350,Female,1977-07-26,Bengaluru,Customer Success,CC700,Customer Success Manager,G4,Permanent,Hybrid,2021-10-22,,Active,,1.0,Bachelor's,3,LinkedIn,No
E02351,Employee 2351,Male,1982-09-28,Bengaluru,Sales,CC200,Key Account Manager,G2,Permanent,Hybrid,2018-01-18,,Active,E02208,1.0,MBA,5,Referral,No
E02352,Employee 2352,Female,2002-08-24,Hyderabad,Human Resources,CC500,HR Business Partner,G3,Permanent,Hybrid,2024-02-04,2025-02-21,Exited,E01245,1.0,Bachelor's,2,Agency,No
E02353,Employee 2353,Male,2001-03-18,Noida,Customer Success,CC700,Customer Success Executive,G2,Permanent,Onsite,2022-10-22,,Active,,1.0,Master's,6,Company Website,No
E02354,Employee 2354,Female,1989-10-15,Hyderabad,Supply Chain,CC800,Supply Chain Analyst,G3,Permanent,Remote,2018-06-30,,Active,E02172,1.0,MBA,1,Referral,No
E02355,Employee 2355,Male,1990-03-16,Hyderabad,Sales,CC200,Regional Sales Manager,G4,Contract,Hybrid,2018-05-31,,Active,,1.0,Master's,2,Campus,No
E02356,Employee 2356,Male,1994-03-05,Bengaluru,Supply Chain,CC800,Logistics Manager,G3,Permanent,Hybrid,2018-06-28,,Active,E04499,1.0,B.Tech,11,Job Portal,No
E02357,Employee 2357,Male,2001-07-24,Pune,Supply Chain,CC800,Logistics Manager,G3,Permanent,Hybrid,2023-05-31,,Active,E00303,1.0,B.Tech,10,Agency,No
E02358,Employee 2358,Female,1990-04-21,Gurugram,Customer Success,CC700,Support Analyst,G4,Permanent,Hybrid,2025-12-27,,Active,,1.0,B.Tech,10,Agency,No
E02359,Employee 2359,Male,1992-04-06,Hyderabad,Operations,CC300,Operations Executive,G2,Intern,Hybrid,2023-01-23,,Active,E02881,1.0,Bachelor's,15,LinkedIn,No
E02360,Employee 2360,Male,1977-07-08,Gurugram,Sales,CC200,Regional Sales Manager,G2,Permanent,Hybrid,2020-10-18,2022-08-13,Exited,E04532,1.0,M.Tech,6,Campus,No
E02361,Employee 2361,Female,1996-02-11,Pune,Sales,CC200,Regional Sales Manager,G1,Permanent,Hybrid,2022-02-04,,Active,E00513,1.0,Master's,5,LinkedIn,No
E02362,Employee 2362,Female,1984-10-23,Pune,Finance,CC400,Senior Finance Analyst,G1,Contract,Onsite,2017-12-09,2020-11-16,Exited,E03716,1.0,M.Tech,3,Job Portal,Yes
E02363,Employee 2363,Male,1982-02-23,Hyderabad,Operations,CC300,Operations Analyst,G4,Permanent,Onsite,2017-07-27,,Active,,1.0,B.Tech,18,Campus,No
E02364,Employee 2364,Male,1982-02-23,Mumbai,Technology,CC100,Data Scientist,G3,Permanent,Hybrid,2017-05-22,,Active,E01417,1.0,M.Tech,18,Internal Mobility,No
E02365,Employee 2365,Male,1991-04-20,Bengaluru,Human Resources,CC500,Talent Acquisition Specialist,G5,Permanent,Onsite,2022-11-07,,Active,,1.0,M.Tech,3,Internal Mobility,No
E02366,Employee 2366,Female,1989-05-18,Pune,Sales,CC200,Key Account Manager,G4,Permanent,Remote,2022-09-15,,Active,,1.0,PhD,13,Campus,No
E02367,Employee 2367,Male,1977-09-15,Pune,Operations,CC300,Operations Manager,G1,Permanent,Hybrid,2017-07-19,,Active,E00459,1.0,MBA,6,Referral,No
E02368,Employee 2368,Male,1979-04-22,Gurugram,Technology,CC100,Data Analyst,G1,Permanent,Hybrid,2023-12-24,,Active,E03071,1.0,MBA,17,Job Portal,No
E02369,Employee 2369,Female,1979-11-06,Hyderabad,Human Resources,CC500,Talent Acquisition Specialist,G2,Intern,Hybrid,2017-01-30,,Active,E01766,0.75,Master's,16,Referral,No
E02370,Employee 2370,Female,2002-08-09,Bengaluru,Marketing,CC600,Digital Marketing Analyst,G3,Permanent,Hybrid,2023-10-05,,Active,E02868,1.0,MBA,11,Campus,No
E02371,Employee 2371,Male,1992-06-16,Bengaluru,Supply Chain,CC800,Logistics Manager,G4,Contract,Hybrid,2023-10-06,,Active,,0.5,Bachelor's,5,Agency,No
E02372,Employee 2372,Male,1990-01-28,Bengaluru,Customer Success,CC700,Support Analyst,G2,Permanent,Remote,2019-06-03,2022-06-01,Exited,E04381,1.0,M.Tech,11,Job Portal,Yes
E02373,Employee 2373,Female,1996-06-01,Chennai,Finance,CC400,Finance Analyst,G3,Permanent,Hybrid,2019-05-18,,Active,E03910,1.0,Bachelor's,2,Job Portal,Yes
E02374,Employee 2374,Male,1981-10-27,Hyderabad,Human Resources,CC500,HR Manager,G3,Contract,Onsite,2025-03-15,,Active,E01230,0.75,M.Tech,6,Company Website,No
E02375,Employee 2375,Male,1991-03-08,Gurugram,Operations,CC300,Operations Manager,G4,Permanent,Remote,2024-06-19,,Active,,1.0,MBA,14,Company Website,No
E02376,Employee 2376,Female,1990-02-10,Chennai,Marketing,CC600,Marketing Executive,G4,Permanent,Onsite,2021-08-05,2024-04-04,Exited,E04628,1.0,PhD,2,Company Website,No
E02377,Employee 2377,Female,1978-04-19,Hyderabad,Marketing,CC600,Product Marketing Manager,G2,Contract,Remote,2017-09-25,2025-10-23,Exited,E02487,0.75,M.Tech,3,Company Website,No
E02378,Employee 2378,Female,1985-11-15,Hyderabad,Sales,CC200,Key Account Manager,G1,Permanent,Onsite,2023-02-08,,Active,E04417,1.0,Bachelor's,16,Company Website,No
E02379,Employee 2379,Female,1986-02-03,Chennai,Finance,CC400,Finance Manager,G2,Permanent,Remote,2020-07-31,,Active,E04300,1.0,MBA,6,Campus,No
E02380,Employee 2380,Male,1979-03-24,Mumbai,Sales,CC200,Sales Executive,G2,Permanent,Onsite,2018-05-31,,Active,E02228,1.0,M.Tech,2,Agency,No
E02381,Employee 2381,Female,1995-10-01,Noida,Marketing,CC600,Digital Marketing Analyst,G3,Permanent,Onsite,2022-03-19,2024-09-06,Exited,E00925,1.0,MBA,9,Job Portal,No
E02382,Employee 2382,Female,1983-06-26,Mumbai,Finance,CC400,Senior Finance Analyst,G3,Permanent,Hybrid,2025-11-08,,Active,E01175,1.0,Bachelor's,4,Company Website,Yes
E02383,Employee 2383,Female,1979-07-18,Noida,Sales,CC200,Account Manager,G2,Permanent,Remote,2021-12-18,,Active,,1.0,MBA,17,Job Portal,No
E02384,Employee 2384,Male,2003-03-03,Hyderabad,Marketing,CC600,Marketing Executive,G3,Permanent,Onsite,2024-09-16,,Active,E02481,1.0,PhD,14,Agency,No
E02385,Employee 2385,Female,1992-12-29,Chennai,Supply Chain,CC800,Supply Chain Analyst,G3,Permanent,Remote,2017-08-04,2019-11-04,Exited,E02590,1.0,MBA,11,Company Website,No
E02386,Employee 2386,Male,1996-07-31,Pune,Technology,CC100,Data Scientist,G3,Permanent,Hybrid,2017-11-18,,Active,E00911,1.0,MBA,13,Agency,No
E02387,Employee 2387,Female,1992-02-11,Mumbai,Finance,CC400,Senior Finance Analyst,G5,Permanent,Remote,2018-11-14,,Active,,1.0,B.Tech,4,Referral,Yes
E02388,Employee 2388,Male,1996-03-05,Chennai,Operations,CC300,Operations Manager,G3,Permanent,Hybrid,2026-02-24,,Active,E02987,1.0,Master's,14,Campus,No
E02389,Employee 2389,Female,1980-01-05,Hyderabad,Technology,CC100,Engineering Manager,G1,Contract,Hybrid,2022-11-05,,Active,E00705,0.5,Master's,1,Internal Mobility,Yes
E02390,Employee 2390,Male,1991-07-01,Bengaluru,Operations,CC300,Operations Executive,G3,Permanent,Remote,2018-11-25,,Active,E00036,1.0,PhD,9,Referral,No
E02391,Employee 2391,Male,1989-03-08,Bengaluru,Customer Success,CC700,Customer Success Manager,G3,Contract,Hybrid,2022-04-15,,Active,E03653,0.5,Master's,14,Campus,No
E02392,Employee 2392,Female,1992-04-05,Mumbai,Customer Success,CC700,Support Analyst,G1,Permanent,Onsite,2018-04-01,,Active,E03710,1.0,Bachelor's,15,Internal Mobility,No
E02393,Employee 2393,Female,1993-11-29,Hyderabad,Technology,CC100,Tech Lead,G4,Permanent,Hybrid,2018-08-31,,Active,,1.0,PhD,14,Agency,No
E02394,Employee 2394,Male,1996-01-06,Pune,Customer Success,CC700,Support Analyst,G3,Permanent,Hybrid,2022-05-09,,Active,,1.0,M.Tech,10,Agency,No
E02395,Employee 2395,Female,1990-06-23,Pune,Customer Success,CC700,Customer Success Executive,G3,Permanent,Hybrid,2018-12-03,2020-12-13,Exited,E02485,1.0,Bachelor's,18,Internal Mobility,No
E02396,Employee 2396,Female,1983-12-26,Gurugram,Finance,CC400,Finance Analyst,G5,Permanent,Onsite,2025-08-11,,Active,,1.0,Bachelor's,6,Job Portal,No
E02397,Employee 2397,Female,1986-02-16,Noida,Human Resources,CC500,L&D Specialist,G2,Permanent,Hybrid,2025-11-12,2026-07-19,Exited,E01763,1.0,Bachelor's,18,Internal Mobility,No
E02398,Employee 2398,Male,1995-05-26,Chennai,Human Resources,CC500,HR Manager,G3,Permanent,Hybrid,2026-03-30,,Active,E01419,1.0,Master's,4,LinkedIn,Yes
E02399,Employee 2399,Female,1994-01-24,Noida,Finance,CC400,Finance Manager,G4,Permanent,Onsite,2019-12-27,,Active,,1.0,PhD,13,Internal Mobility,No
E02400,Employee 2400,Male,1981-06-24,Mumbai,Marketing,CC600,Brand Manager,G3,Intern,Hybrid,2018-06-20,,Active,E04638,1.0,PhD,11,Company Website,No
E02401,Employee 2401,Male,2001-01-17,Chennai,Sales,CC200,Sales Executive,G5,Permanent,Remote,2022-06-29,,Active,,1.0,MBA,9,Internal Mobility,Yes
E02402,Employee 2402,Male,1982-04-29,Bengaluru,Operations,CC300,Operations Executive,G3,Intern,Hybrid,2020-10-21,,Active,E02956,0.5,MBA,8,LinkedIn,Yes
E02403,Employee 2403,Female,1993-02-16,Pune,Customer Success,CC700,Customer Success Executive,G3,Permanent,Remote,2017-06-06,,Active,E01030,1.0,Bachelor's,8,Referral,No
E02404,Employee 2404,Female,1987-01-06,Hyderabad,Finance,CC400,Finance Manager,G2,Permanent,Onsite,2020-07-07,,Active,E03076,1.0,M.Tech,13,Campus,No
E02405,Employee 2405,Male,1977-11-29,Pune,Supply Chain,CC800,Procurement Specialist,G4,Permanent,Hybrid,2022-04-12,,Active,,1.0,PhD,15,Agency,No
E02406,Employee 2406,Male,1979-05-06,Pune,Finance,CC400,Finance Analyst,G4,Permanent,Hybrid,2023-06-15,,Active,,1.0,MBA,18,Referral,No
E02407,Employee 2407,Male,1995-02-16,Mumbai,Technology,CC100,Senior Software Engineer,G4,Permanent,Remote,2021-08-02,,Active,,1.0,M.Tech,14,Campus,No
E02408,Employee 2408,Male,1980-02-05,Pune,Sales,CC200,Key Account Manager,G3,Permanent,Hybrid,2018-08-11,,Active,E03014,1.0,MBA,7,Campus,No
E02409,Employee 2409,Female,1979-12-26,Bengaluru,Marketing,CC600,Product Marketing Manager,G2,Permanent,Onsite,2024-06-01,,Active,E02992,1.0,B.Tech,2,Internal Mobility,No
E02410,Employee 2410,Female,2004-06-25,Hyderabad,Marketing,CC600,Marketing Executive,G4,Permanent,Hybrid,2025-11-11,,Active,,1.0,Bachelor's,17,Campus,No
E02411,Employee 2411,Female,1983-04-15,Noida,Marketing,CC600,Brand Manager,G4,Permanent,Hybrid,2023-02-22,2024-01-05,Exited,E02821,1.0,Bachelor's,5,Agency,No
E02412,Employee 2412,Female,1979-09-20,Mumbai,Technology,CC100,Software Engineer,G1,Permanent,Hybrid,2018-06-01,,Active,E04733,1.0,Bachelor's,11,Agency,No
E02413,Employee 2413,Female,1983-03-29,Bengaluru,Finance,CC400,Finance Analyst,G4,Contract,Onsite,2024-11-06,2026-03-17,Exited,E03550,1.0,MBA,3,LinkedIn,Yes
E02414,Employee 2414,Female,1993-06-23,Hyderabad,Human Resources,CC500,L&D Specialist,G2,Intern,Hybrid,2019-06-04,,Active,E01812,1.0,Bachelor's,16,Job Portal,No
E02415,Employee 2415,Female,1989-09-24,Noida,Customer Success,CC700,Customer Success Executive,G2,Permanent,Hybrid,2018-03-29,,Active,E03105,1.0,MBA,9,Campus,No
E02416,Employee 2416,Male,1990-01-28,Hyderabad,Customer Success,CC700,Customer Success Manager,G2,Permanent,Remote,2018-05-08,,Active,E01015,1.0,B.Tech,3,Company Website,No
E02417,Employee 2417,Female,1998-05-30,Hyderabad,Finance,CC400,Finance Manager,G2,Permanent,Remote,2024-12-07,,Active,E01394,1.0,PhD,3,Agency,No
E02418,Employee 2418,Female,1985-05-26,Bengaluru,Supply Chain,CC800,Supply Chain Analyst,G4,Permanent,Hybrid,2024-08-11,,Active,,1.0,PhD,10,Company Website,No
E02419,Employee 2419,Male,1982-10-12,Hyderabad,Finance,CC400,Senior Finance Analyst,G3,Permanent,Onsite,2021-11-09,2023-01-22,Exited,E01317,1.0,Bachelor's,5,Internal Mobility,No
E02420,Employee 2420,Female,1995-06-02,Bengaluru,Sales,CC200,Regional Sales Manager,G2,Permanent,Onsite,2018-09-30,,Active,E04293,1.0,M.Tech,0,Referral,No
E02421,Employee 2421,Male,1983-06-26,Bengaluru,Human Resources,CC500,HR Executive,G2,Permanent,Hybrid,2021-07-20,,Active,E03425,1.0,MBA,12,Campus,No
E02422,Employee 2422,Male,1990-11-29,Pune,Finance,CC400,Senior Finance Analyst,G2,Permanent,Onsite,2025-08-27,,Active,E03666,1.0,Master's,18,Referral,Yes
E02423,Employee 2423,Male,1995-05-23,Gurugram,Technology,CC100,Tech Lead,G4,Permanent,Remote,2017-11-04,,Active,,1.0,B.Tech,1,Agency,No
E02424,Employee 2424,Female,1975-08-04,Bengaluru,Supply Chain,CC800,Supply Chain Analyst,G3,Permanent,Hybrid,2019-04-24,,Active,E04941,1.0,B.Tech,16,Campus,No
E02425,Employee 2425,Male,1999-11-15,Hyderabad,Customer Success,CC700,Customer Success Executive,G2,Permanent,Remote,2022-12-19,,Active,E01571,1.0,B.Tech,7,Campus,No
E02426,Employee 2426,Male,1988-09-07,Hyderabad,Finance,CC400,Finance Analyst,G6,Permanent,Remote,2025-09-29,,Active,,1.0,Master's,3,Job Portal,No
E02427,Employee 2427,Female,1985-02-25,Hyderabad,Finance,CC400,Finance Manager,G3,Permanent,Hybrid,2019-09-14,2024-07-26,Exited,E03873,1.0,M.Tech,16,Job Portal,No
E02428,Employee 2428,Male,1982-01-15,Mumbai,Operations,CC300,Team Lead,G2,Permanent,Hybrid,2019-07-19,,Active,E00046,1.0,B.Tech,15,LinkedIn,No
E02429,Employee 2429,Female,1973-02-13,Hyderabad,Customer Success,CC700,Customer Success Manager,G1,Permanent,Remote,2017-02-26,,Active,E02460,1.0,Master's,9,Job Portal,No
E02430,Employee 2430,Female,1979-04-26,Bengaluru,Operations,CC300,Team Lead,G3,Permanent,Hybrid,2017-10-29,,Active,E00368,1.0,PhD,6,Company Website,No
E02431,Employee 2431,Female,1980-09-12,Chennai,Human Resources,CC500,HR Executive,G4,Permanent,Onsite,2018-01-12,,Active,,1.0,MBA,15,Agency,No
E02432,Employee 2432,Male,1981-08-10,Chennai,Operations,CC300,Operations Analyst,G3,Permanent,Hybrid,2026-05-17,,Active,E04685,1.0,M.Tech,1,Agency,No
E02433,Employee 2433,Female,1991-04-14,Chennai,Operations,CC300,Operations Analyst,G3,Permanent,Hybrid,2025-06-06,2025-10-10,Exited,E02146,1.0,Master's,11,Agency,No
E02434,Employee 2434,Male,1984-03-02,Mumbai,Customer Success,CC700,Customer Success Executive,G3,Permanent,Hybrid,2024-07-07,,Active,E02502,1.0,MBA,15,Company Website,No
E02435,Employee 2435,Female,1988-05-01,Gurugram,Supply Chain,CC800,Procurement Specialist,G5,Permanent,Hybrid,2017-02-09,,Active,,1.0,MBA,14,Internal Mobility,No
E02436,Employee 2436,Male,1990-11-05,Gurugram,Finance,CC400,Senior Finance Analyst,G5,Permanent,Hybrid,2019-05-31,,Active,,1.0,B.Tech,12,Internal Mobility,No
E02437,Employee 2437,Female,1982-03-18,Hyderabad,Marketing,CC600,Product Marketing Manager,G3,Permanent,Remote,2019-11-13,,Active,E01292,1.0,PhD,18,Company Website,No
E02438,Employee 2438,Female,1997-01-11,Noida,Finance,CC400,Finance Manager,G3,Contract,Hybrid,2026-07-12,,Active,E01082,1.0,M.Tech,11,Campus,Yes
E02439,Employee 2439,Male,1989-09-03,Hyderabad,Customer Success,CC700,Customer Success Executive,G5,Contract,Hybrid,2021-05-28,,Active,,1.0,PhD,14,Campus,No
E02440,Employee 2440,Male,1994-10-16,Pune,Sales,CC200,Key Account Manager,G1,Permanent,Hybrid,2017-05-18,2020-08-26,Exited,E04959,1.0,B.Tech,12,Campus,No
E02441,Employee 2441,Male,1995-11-27,Bengaluru,Supply Chain,CC800,Procurement Specialist,G2,Permanent,Hybrid,2021-01-04,,Active,E01607,1.0,PhD,3,Job Portal,No
E02442,Employee 2442,Female,1986-02-10,Hyderabad,Sales,CC200,Sales Analyst,G2,Contract,Onsite,2017-11-03,,Active,E04182,0.5,Master's,8,LinkedIn,No
E02443,Employee 2443,Female,1987-01-24,Noida,Finance,CC400,Finance Analyst,G5,Permanent,Onsite,2025-02-01,,Active,,1.0,Bachelor's,16,Internal Mobility,No
E02444,Employee 2444,Male,1985-02-13,Bengaluru,Supply Chain,CC800,Logistics Manager,G4,Permanent,Hybrid,2020-10-18,2024-06-18,Exited,E04182,1.0,PhD,16,Campus,No
E02445,Employee 2445,Male,1985-02-03,Chennai,Human Resources,CC500,Talent Acquisition Specialist,G1,Permanent,Hybrid,2020-06-30,,Active,,1.0,PhD,11,Company Website,No
E02446,Employee 2446,Male,1999-10-07,Hyderabad,Technology,CC100,Software Engineer,G3,Permanent,Hybrid,2023-10-15,,Active,E03376,1.0,Master's,16,Company Website,No
E02447,Employee 2447,Female,1983-11-21,Gurugram,Sales,CC200,Sales Executive,G2,Permanent,Hybrid,2026-02-03,,Active,E01673,1.0,M.Tech,8,Internal Mobility,Yes
E02448,Employee 2448,Male,1987-02-02,Pune,Sales,CC200,Regional Sales Manager,G4,Contract,Onsite,2024-10-15,,Active,,1.0,PhD,6,Company Website,No
E02449,Employee 2449,Male,1979-05-06,Pune,Operations,CC300,Operations Analyst,G3,Permanent,Onsite,2017-06-18,,Active,E04497,1.0,MBA,6,Agency,No
E02450,Employee 2450,Male,1995-12-10,Gurugram,Technology,CC100,Senior Software Engineer,G3,Permanent,Remote,2021-09-22,,Active,E02371,1.0,B.Tech,17,Referral,Yes
E02451,Employee 2451,Female,1982-09-26,Bengaluru,Human Resources,CC500,L&D Specialist,G1,Intern,Onsite,2021-04-19,,Active,E01988,1.0,Bachelor's,10,Job Portal,No
E02452,Employee 2452,Male,1993-11-15,Bengaluru,Finance,CC400,Finance Analyst,G1,Contract,Onsite,2025-02-14,,Active,E04210,0.5,MBA,14,Job Portal,No
E02453,Employee 2453,Female,1975-05-26,Mumbai,Marketing,CC600,Digital Marketing Analyst,G4,Permanent,Hybrid,2018-03-03,,Active,,1.0,PhD,10,Campus,No
E02454,Employee 2454,Female,1984-06-30,Bengaluru,Operations,CC300,Operations Manager,G4,Permanent,Onsite,2018-10-07,2022-11-27,Exited,E03497,1.0,M.Tech,0,LinkedIn,No
E02455,Employee 2455,Female,1993-01-13,Hyderabad,Human Resources,CC500,HR Executive,G4,Permanent,Onsite,2023-07-23,,Active,,1.0,Master's,15,Company Website,No
E02456,Employee 2456,Male,1983-01-06,Noida,Supply Chain,CC800,Logistics Manager,G4,Permanent,Hybrid,2020-02-14,,Active,,1.0,M.Tech,7,Referral,No
E02457,Employee 2457,Male,1999-08-18,Bengaluru,Human Resources,CC500,L&D Specialist,G2,Permanent,Hybrid,2023-05-25,,Active,E00677,1.0,PhD,15,Referral,No
E02458,Employee 2458,Female,1987-09-23,Hyderabad,Sales,CC200,Key Account Manager,G3,Permanent,Remote,2022-05-31,2025-06-16,Exited,E01962,1.0,MBA,2,Internal Mobility,No
E02459,Employee 2459,Male,1983-01-23,Chennai,Operations,CC300,Operations Analyst,G5,Permanent,Hybrid,2019-02-18,2024-04-29,Exited,E03595,1.0,Bachelor's,10,Campus,No
E02460,Employee 2460,Male,1982-02-07,Chennai,Finance,CC400,Senior Finance Analyst,G4,Permanent,Hybrid,2021-08-10,,Active,,1.0,B.Tech,8,Internal Mobility,No
E02461,Employee 2461,Female,2002-04-11,Bengaluru,Sales,CC200,Sales Executive,G3,Contract,Hybrid,2025-11-02,,Active,E03734,0.5,M.Tech,1,Internal Mobility,Yes
E02462,Employee 2462,Female,1994-10-12,Hyderabad,Marketing,CC600,Marketing Executive,G3,Permanent,Hybrid,2021-03-25,,Active,E00045,1.0,M.Tech,4,Agency,No
E02463,Employee 2463,Male,1981-02-14,Pune,Finance,CC400,Finance Analyst,G5,Permanent,Hybrid,2021-03-01,2026-03-09,Exited,E02994,1.0,M.Tech,2,Campus,No
E02464,Employee 2464,Male,1990-01-02,Chennai,Technology,CC100,Data Analyst,G3,Permanent,Onsite,2022-08-29,2025-02-21,Exited,E00803,1.0,PhD,13,Company Website,No
E02465,Employee 2465,Female,1980-09-18,Noida,Supply Chain,CC800,Planner,G1,Permanent,Hybrid,2023-03-07,,Active,E01875,1.0,M.Tech,13,Company Website,No
E02466,Employee 2466,Female,1999-07-22,Hyderabad,Finance,CC400,Finance Manager,G3,Permanent,Hybrid,2025-01-29,,Active,E01338,1.0,B.Tech,0,Agency,No
E02467,Employee 2467,Female,1985-06-22,Noida,Marketing,CC600,Digital Marketing Analyst,G2,Permanent,Hybrid,2023-06-12,,Active,E04820,1.0,MBA,14,Campus,Yes
E02468,Employee 2468,Female,1998-09-29,Chennai,Human Resources,CC500,HR Manager,G3,Permanent,Remote,2019-11-08,,Active,E00988,1.0,MBA,11,Internal Mobility,No
E02469,Employee 2469,Female,2000-10-31,Bengaluru,Finance,CC400,Senior Finance Analyst,G2,Permanent,Hybrid,2025-05-31,,Active,E02803,1.0,Master's,12,LinkedIn,No
E02470,Employee 2470,Female,1997-03-18,Hyderabad,Human Resources,CC500,L&D Specialist,G3,Permanent,Onsite,2019-01-15,,Active,E04109,1.0,MBA,18,Internal Mobility,Yes
E02471,Employee 2471,Male,1998-01-07,Pune,Customer Success,CC700,Support Analyst,G2,Permanent,Hybrid,2022-10-06,,Active,,1.0,Bachelor's,10,Referral,No
E02472,Employee 2472,Male,1990-12-20,Bengaluru,Customer Success,CC700,Customer Success Manager,G5,Permanent,Onsite,2021-03-04,,Active,,1.0,Master's,4,Job Portal,No
E02473,Employee 2473,Female,1993-08-11,Hyderabad,Human Resources,CC500,HR Manager,G4,Contract,Hybrid,2021-02-13,,Active,,0.5,Master's,1,Referral,No
E02474,Employee 2474,Male,2003-08-29,Bengaluru,Customer Success,CC700,Support Analyst,G4,Contract,Onsite,2024-09-02,,Active,,0.75,MBA,9,Internal Mobility,No
E02475,Employee 2475,Male,1994-11-16,Hyderabad,Operations,CC300,Operations Manager,G5,Permanent,Onsite,2018-12-03,,Active,,1.0,Bachelor's,12,Job Portal,No
E02476,Employee 2476,Female,1981-03-02,Hyderabad,Operations,CC300,Operations Manager,G2,Permanent,Hybrid,2019-07-28,,Active,E04907,1.0,Master's,7,Campus,No
E02477,Employee 2477,Male,2000-12-03,Hyderabad,Marketing,CC600,Product Marketing Manager,G5,Permanent,Hybrid,2024-11-10,,Active,,1.0,Master's,9,Job Portal,No
E02478,Employee 2478,Male,1997-10-01,Hyderabad,Sales,CC200,Key Account Manager,G3,Permanent,Hybrid,2025-08-06,,Active,E02764,1.0,PhD,12,Job Portal,No
E02479,Employee 2479,Male,1983-04-24,Noida,Human Resources,CC500,HR Business Partner,G2,Permanent,Hybrid,2026-01-17,,Active,E03544,1.0,MBA,1,Company Website,No
E02480,Employee 2480,Male,1983-08-27,Mumbai,Operations,CC300,Operations Executive,G2,Contract,Onsite,2021-11-08,,Active,E03904,1.0,PhD,6,Referral,No
E02481,Employee 2481,Male,1996-08-06,Chennai,Customer Success,CC700,Customer Success Executive,G6,Permanent,Onsite,2019-09-12,,Active,,1.0,PhD,8,LinkedIn,No
E02482,Employee 2482,Female,1993-07-06,Bengaluru,Finance,CC400,Finance Analyst,G5,Permanent,Hybrid,2024-07-22,,Active,,1.0,Master's,10,LinkedIn,No
E02483,Employee 2483,Female,1977-08-21,Bengaluru,Sales,CC200,Account Manager,G5,Permanent,Hybrid,2021-07-23,,Active,,1.0,PhD,5,LinkedIn,Yes
E02484,Employee 2484,Female,1986-01-31,Bengaluru,Supply Chain,CC800,Planner,G3,Contract,Hybrid,2021-02-18,,Active,E01398,0.75,Master's,15,Company Website,No
E02485,Employee 2485,Male,1989-07-06,Bengaluru,Marketing,CC600,Digital Marketing Analyst,G4,Permanent,Hybrid,2022-07-23,,Active,,1.0,M.Tech,4,Agency,No
E02486,Employee 2486,Male,1996-05-05,Hyderabad,Sales,CC200,Regional Sales Manager,G2,Permanent,Onsite,2025-05-12,,Active,E03486,1.0,Bachelor's,0,Internal Mobility,No
E02487,Employee 2487,Male,1974-10-04,Chennai,Technology,CC100,Engineering Manager,G4,Contract,Remote,2018-09-22,,Active,,0.5,B.Tech,17,Company Website,Yes
E02488,Employee 2488,Female,1982-07-03,Bengaluru,Sales,CC200,Account Manager,G6,Permanent,Hybrid,2021-04-12,2026-07-07,Exited,E03002,1.0,M.Tech,17,Referral,No
E02489,Employee 2489,Female,1979-03-18,Pune,Technology,CC100,Data Analyst,G3,Contract,Hybrid,2021-09-16,,Active,E04411,1.0,Bachelor's,5,Campus,No
E02490,Employee 2490,Male,1990-03-13,Bengaluru,Marketing,CC600,Digital Marketing Analyst,G1,Permanent,Hybrid,2018-06-29,,Active,E02794,1.0,B.Tech,4,Agency,No
E02491,Employee 2491,Male,1985-03-27,Bengaluru,Customer Success,CC700,Customer Success Manager,G5,Permanent,Hybrid,2024-12-07,,Active,,1.0,M.Tech,5,Company Website,No
E02492,Employee 2492,Male,1981-01-23,Bengaluru,Customer Success,CC700,Customer Success Executive,G2,Permanent,Onsite,2018-04-25,,Active,E03858,1.0,B.Tech,0,LinkedIn,No
E02493,Employee 2493,Male,1997-08-23,Bengaluru,Customer Success,CC700,Support Analyst,G4,Permanent,Hybrid,2021-06-16,,Active,,1.0,B.Tech,15,Company Website,No
E02494,Employee 2494,Male,1991-01-08,Bengaluru,Sales,CC200,Account Manager,G4,Permanent,Hybrid,2025-03-01,,Active,,1.0,Bachelor's,8,Referral,No
E02495,Employee 2495,Male,2001-03-19,Noida,Supply Chain,CC800,Procurement Specialist,G3,Permanent,Hybrid,2023-05-02,,Active,E04148,1.0,MBA,16,Agency,No
E02496,Employee 2496,Male,1994-05-01,Noida,Sales,CC200,Key Account Manager,G4,Permanent,Onsite,2022-08-09,,Active,,1.0,MBA,16,LinkedIn,No
E02497,Employee 2497,Female,1990-02-25,Hyderabad,Technology,CC100,Software Engineer,G4,Permanent,Hybrid,2022-02-20,,Active,,1.0,M.Tech,8,Referral,No
E02498,Employee 2498,Female,1985-08-21,Gurugram,Customer Success,CC700,Customer Success Executive,G2,Permanent,Remote,2023-09-10,,Active,E02634,1.0,Master's,8,Agency,No
E02499,Employee 2499,Female,1982-02-15,Hyderabad,Supply Chain,CC800,Procurement Specialist,G4,Permanent,Hybrid,2024-12-05,,Active,,1.0,Master's,16,Agency,No
E02500,Employee 2500,Male,1986-02-18,Bengaluru,Human Resources,CC500,HR Business Partner,G3,Permanent,Remote,2022-01-17,,Active,E01833,1.0,PhD,9,Job Portal,No
E02501,Employee 2501,Male,1982-01-31,Bengaluru,Marketing,CC600,Digital Marketing Analyst,G4,Permanent,Hybrid,2023-05-18,,Active,,1.0,Master's,2,Job Portal,Yes
E02502,Employee 2502,Non-binary,1991-11-08,Hyderabad,Sales,CC200,Sales Executive,G5,Permanent,Remote,2022-12-24,,Active,,1.0,MBA,8,Company Website,No
E02503,Employee 2503,Female,1980-08-23,Bengaluru,Supply Chain,CC800,Supply Chain Analyst,G3,Permanent,Onsite,2022-08-31,,Active,E01013,1.0,B.Tech,13,Company Website,Yes
E02504,Employee 2504,Female,1986-05-22,Hyderabad,Technology,CC100,Data Scientist,G4,Permanent,Hybrid,2017-03-06,2018-07-26,Exited,E01186,1.0,PhD,17,Referral,No
E02505,Employee 2505,Male,1979-01-29,Pune,Human Resources,CC500,HR Business Partner,G4,Permanent,Hybrid,2019-05-23,,Active,,1.0,B.Tech,12,Company Website,No
E02506,Employee 2506,Male,1992-12-13,Chennai,Operations,CC300,Team Lead,G4,Permanent,Hybrid,2024-04-25,,Active,,1.0,Bachelor's,2,Job Portal,Yes
E02507,Employee 2507,Female,1987-03-16,Noida,Technology,CC100,Data Analyst,G4,Permanent,Hybrid,2025-11-04,,Active,,1.0,Master's,14,Referral,No
E02508,Employee 2508,Female,1989-02-22,Pune,Marketing,CC600,Brand Manager,G1,Permanent,Hybrid,2023-03-17,,Active,E02145,1.0,B.Tech,14,Agency,No
E02509,Employee 2509,Male,1987-07-31,Gurugram,Sales,CC200,Sales Analyst,G2,Permanent,Remote,2019-07-27,,Active,E02813,1.0,B.Tech,9,Job Portal,No
E02510,Employee 2510,Female,1981-06-01,Pune,Human Resources,CC500,L&D Specialist,G4,Permanent,Hybrid,2024-06-10,,Active,,1.0,PhD,16,Company Website,No
E02511,Employee 2511,Female,1979-02-22,Pune,Technology,CC100,Data Scientist,G5,Contract,Onsite,2022-01-04,,Active,,0.75,Bachelor's,13,Referral,No
E02512,Employee 2512,Male,1991-04-14,Hyderabad,Human Resources,CC500,Talent Acquisition Specialist,G2,Permanent,Hybrid,2024-11-24,,Active,E03067,1.0,Master's,0,Internal Mobility,No
E02513,Employee 2513,Male,1983-03-19,Chennai,Supply Chain,CC800,Logistics Manager,G4,Intern,Onsite,2019-01-04,,Active,,0.75,B.Tech,7,Referral,No
E02514,Employee 2514,Male,1984-09-24,Pune,Finance,CC400,Senior Finance Analyst,G2,Permanent,Hybrid,2020-02-25,,Active,E02541,1.0,PhD,6,Referral,No
E02515,Employee 2515,Female,1988-02-19,Bengaluru,Human Resources,CC500,HR Manager,G2,Permanent,Remote,2023-03-27,,Active,E02646,1.0,PhD,14,LinkedIn,Yes
E02516,Employee 2516,Female,1984-11-03,Hyderabad,Finance,CC400,Senior Finance Analyst,G4,Permanent,Hybrid,2018-04-15,,Active,,1.0,Master's,4,Company Website,Yes
E02517,Employee 2517,Male,1986-09-24,Pune,Sales,CC200,Sales Analyst,G3,Permanent,Remote,2024-11-02,,Active,E00591,1.0,M.Tech,11,Internal Mobility,No
E02518,Employee 2518,Female,1981-10-07,Pune,Technology,CC100,Senior Software Engineer,G3,Permanent,Onsite,2018-10-12,,Active,E03339,1.0,Bachelor's,2,Referral,No
E02519,Employee 2519,Male,1989-07-01,Pune,Technology,CC100,Data Scientist,G1,Permanent,Hybrid,2021-04-06,2022-01-07,Exited,E03247,1.0,M.Tech,8,Referral,No
E02520,Employee 2520,Female,1986-08-18,Gurugram,Operations,CC300,Operations Manager,G2,Permanent,Remote,2024-04-05,,Active,,1.0,B.Tech,16,Agency,Yes
E02521,Employee 2521,Female,2000-11-07,Mumbai,Customer Success,CC700,Customer Success Executive,G1,Permanent,Hybrid,2026-08-11,,Active,E01408,1.0,Bachelor's,6,LinkedIn,No
E02522,Employee 2522,Female,1992-09-12,Gurugram,Operations,CC300,Operations Manager,G4,Permanent,Hybrid,2019-05-06,,Active,,1.0,B.Tech,14,LinkedIn,No
E02523,Employee 2523,Female,1995-03-03,Gurugram,Operations,CC300,Team Lead,G6,Permanent,Hybrid,2019-03-31,,Active,,1.0,MBA,12,Referral,Yes
E02524,Employee 2524,Female,1995-01-08,Bengaluru,Finance,CC400,Senior Finance Analyst,G3,Contract,Remote,2018-11-27,,Active,E03017,1.0,B.Tech,13,Job Portal,No
E02525,Employee 2525,Female,1980-07-07,Mumbai,Technology,CC100,Engineering Manager,G3,Permanent,Hybrid,2018-04-16,,Active,E00128,1.0,M.Tech,6,Internal Mobility,Yes
E02526,Employee 2526,Male,1986-01-31,Noida,Human Resources,CC500,Talent Acquisition Specialist,G6,Permanent,Remote,2018-04-29,2021-05-18,Exited,E00022,1.0,Bachelor's,15,Job Portal,No
E02527,Employee 2527,Female,1999-05-21,Bengaluru,Operations,CC300,Team Lead,G3,Permanent,Onsite,2025-07-18,2025-12-16,Exited,E03671,1.0,MBA,13,Referral,No
E02528,Employee 2528,Female,1980-12-28,Bengaluru,Operations,CC300,Team Lead,G3,Permanent,Hybrid,2025-05-10,,Active,E00452,1.0,M.Tech,7,Company Website,No
E02529,Employee 2529,Female,1994-07-24,Bengaluru,Marketing,CC600,Brand Manager,G5,Permanent,Onsite,2019-11-13,,Active,,1.0,Master's,0,LinkedIn,No
E02530,Employee 2530,Female,1988-12-13,Bengaluru,Customer Success,CC700,Customer Success Manager,G4,Permanent,Onsite,2018-08-03,2019-04-02,Exited,E03823,1.0,PhD,17,Agency,No
E02531,Employee 2531,Female,1989-07-29,Bengaluru,Human Resources,CC500,HR Executive,G3,Permanent,Onsite,2023-07-10,,Active,E04149,1.0,MBA,8,Company Website,No
E02532,Employee 2532,Male,1988-03-05,Gurugram,Finance,CC400,Senior Finance Analyst,G2,Permanent,Remote,2024-06-11,,Active,E03373,1.0,PhD,9,LinkedIn,No
E02533,Employee 2533,Male,1978-05-28,Pune,Supply Chain,CC800,Logistics Manager,G3,Permanent,Hybrid,2021-05-08,,Active,E02676,1.0,Bachelor's,10,Internal Mobility,No
E02534,Employee 2534,Female,2000-09-10,Gurugram,Operations,CC300,Operations Analyst,G3,Permanent,Hybrid,2025-01-11,,Active,E03803,1.0,MBA,18,Job Portal,No
E02535,Employee 2535,Female,1994-12-14,Hyderabad,Marketing,CC600,Marketing Executive,G2,Permanent,Hybrid,2024-10-26,,Active,E04635,1.0,PhD,3,Campus,No
E02536,Employee 2536,Female,2000-03-29,Hyderabad,Finance,CC400,Senior Finance Analyst,G4,Contract,Hybrid,2023-04-27,,Active,,0.75,Bachelor's,18,Company Website,Yes
E02537,Employee 2537,Male,1987-03-04,Bengaluru,Supply Chain,CC800,Logistics Manager,G3,Permanent,Hybrid,2021-10-20,2024-08-24,Exited,E00144,1.0,PhD,2,Campus,No
E02538,Employee 2538,Male,1999-06-25,Hyderabad,Supply Chain,CC800,Planner,G5,Contract,Onsite,2024-06-09,,Active,,1.0,M.Tech,1,LinkedIn,Yes
E02539,Employee 2539,Male,1989-03-26,Bengaluru,Customer Success,CC700,Customer Success Manager,G3,Contract,Hybrid,2020-01-23,,Active,E00430,0.5,B.Tech,18,Campus,No
E02540,Employee 2540,Female,2001-02-23,Hyderabad,Sales,CC200,Regional Sales Manager,G1,Permanent,Hybrid,2025-09-12,,Active,E02964,1.0,Master's,9,Company Website,No
E02541,Employee 2541,Male,1978-02-22,Bengaluru,Sales,CC200,Sales Executive,G4,Permanent,Onsite,2020-08-11,,Active,,1.0,B.Tech,10,LinkedIn,Yes
E02542,Employee 2542,Male,1998-10-05,Bengaluru,Customer Success,CC700,Support Analyst,G2,Permanent,Hybrid,2023-12-11,,Active,E00326,1.0,PhD,8,Job Portal,Yes
E02543,Employee 2543,Female,1989-05-10,Chennai,Operations,CC300,Operations Analyst,G3,Permanent,Hybrid,2019-02-24,,Active,E03546,1.0,M.Tech,11,Company Website,No
E02544,Employee 2544,Female,1976-05-05,Hyderabad,Customer Success,CC700,Customer Success Manager,G3,Permanent,Hybrid,2019-12-05,,Active,E03839,1.0,M.Tech,18,Company Website,No
E02545,Employee 2545,Male,1974-01-11,Hyderabad,Human Resources,CC500,L&D Specialist,G5,Permanent,Hybrid,2017-10-19,,Active,,1.0,MBA,7,Internal Mobility,No
E02546,Employee 2546,Male,1994-03-24,Chennai,Operations,CC300,Team Lead,G3,Permanent,Hybrid,2025-04-29,,Active,E03218,1.0,B.Tech,13,Referral,No
E02547,Employee 2547,Male,1986-08-12,Chennai,Supply Chain,CC800,Logistics Manager,G1,Permanent,Hybrid,2021-01-16,2026-02-27,Exited,E01690,1.0,PhD,4,Referral,No
E02548,Employee 2548,Male,1982-11-29,Hyderabad,Technology,CC100,Data Analyst,G2,Permanent,Onsite,2024-12-20,,Active,E02208,1.0,Master's,16,Company Website,No
E02549,Employee 2549,Non-binary,1989-11-22,Bengaluru,Supply Chain,CC800,Planner,G2,Permanent,Hybrid,2018-01-05,,Active,E02870,1.0,B.Tech,13,Campus,No
E02550,Employee 2550,Female,1989-06-19,Bengaluru,Operations,CC300,Operations Manager,G3,Permanent,Remote,2020-07-20,,Active,E00271,1.0,B.Tech,2,LinkedIn,Yes
E02551,Employee 2551,Male,1993-10-19,Chennai,Supply Chain,CC800,Procurement Specialist,G5,Permanent,Onsite,2018-07-15,2019-02-15,Exited,E03976,1.0,Master's,0,Company Website,No
E02552,Employee 2552,Female,1978-01-19,Bengaluru,Finance,CC400,Finance Manager,G3,Contract,Hybrid,2022-03-14,,Active,E03671,0.5,PhD,8,Internal Mobility,Yes
E02553,Employee 2553,Male,1983-05-16,Hyderabad,Customer Success,CC700,Customer Success Executive,G2,Permanent,Onsite,2023-04-07,2025-09-29,Exited,E01772,1.0,Bachelor's,17,Agency,No
E02554,Employee 2554,Male,1994-03-27,Mumbai,Operations,CC300,Operations Executive,G5,Permanent,Onsite,2021-10-16,2024-02-11,Exited,E04534,1.0,PhD,10,Campus,No
E02555,Employee 2555,Female,1984-09-15,Hyderabad,Customer Success,CC700,Support Analyst,G3,Permanent,Remote,2024-03-24,,Active,E01644,1.0,Bachelor's,0,Referral,Yes
E02556,Employee 2556,Female,1997-01-04,Pune,Sales,CC200,Key Account Manager,G3,Permanent,Onsite,2024-09-18,,Active,E04766,1.0,MBA,6,Campus,No
E02557,Employee 2557,Male,2004-08-15,Mumbai,Sales,CC200,Sales Executive,G2,Permanent,Onsite,2026-02-17,,Active,E01809,1.0,MBA,5,Agency,No
E02558,Employee 2558,Female,1985-06-18,Chennai,Supply Chain,CC800,Supply Chain Analyst,G5,Intern,Remote,2019-09-25,2024-09-24,Exited,E00909,0.75,B.Tech,5,Job Portal,Yes
E02559,Employee 2559,Male,1980-06-25,Pune,Technology,CC100,Data Scientist,G3,Permanent,Remote,2024-08-18,,Active,E01758,1.0,Bachelor's,8,Job Portal,No
E02560,Employee 2560,Male,1981-09-14,Bengaluru,Customer Success,CC700,Support Analyst,G3,Permanent,Remote,2020-09-05,,Active,E04905,1.0,MBA,14,Company Website,No
E02561,Employee 2561,Female,1988-02-03,Hyderabad,Sales,CC200,Key Account Manager,G3,Intern,Hybrid,2021-05-23,2021-11-24,Exited,E00611,0.5,M.Tech,7,Internal Mobility,No
E02562,Employee 2562,Male,1979-12-24,Hyderabad,Marketing,CC600,Marketing Executive,G5,Permanent,Hybrid,2018-12-06,,Active,,1.0,M.Tech,17,Agency,No
E02563,Employee 2563,Female,1999-01-21,Bengaluru,Human Resources,CC500,HR Executive,G3,Contract,Hybrid,2020-10-20,,Active,E04172,0.75,Bachelor's,14,LinkedIn,No
E02564,Employee 2564,Female,1988-06-17,Hyderabad,Finance,CC400,Senior Finance Analyst,G3,Permanent,Hybrid,2020-04-19,,Active,E01320,1.0,MBA,0,LinkedIn,No
E02565,Employee 2565,Female,1994-02-02,Hyderabad,Technology,CC100,Software Engineer,G3,Contract,Onsite,2018-01-28,2025-10-09,Exited,E03616,1.0,Master's,16,Referral,Yes
E02566,Employee 2566,Female,1987-10-29,Hyderabad,Supply Chain,CC800,Logistics Manager,G3,Permanent,Hybrid,2020-11-29,,Active,E01392,1.0,M.Tech,15,Referral,No
E02567,Employee 2567,Female,1983-10-01,Pune,Human Resources,CC500,L&D Specialist,G4,Permanent,Hybrid,2019-10-28,,Active,,1.0,M.Tech,2,Job Portal,Yes
E02568,Employee 2568,Female,1979-09-03,Pune,Finance,CC400,Senior Finance Analyst,G6,Permanent,Remote,2022-11-04,,Active,,1.0,M.Tech,2,Campus,No
E02569,Employee 2569,Male,1994-06-03,Hyderabad,Supply Chain,CC800,Logistics Manager,G1,Contract,Hybrid,2023-09-24,,Active,E00705,1.0,PhD,17,Internal Mobility,No
E02570,Employee 2570,Male,1991-03-22,Bengaluru,Operations,CC300,Operations Manager,G3,Permanent,Hybrid,2025-03-09,,Active,,1.0,M.Tech,18,Internal Mobility,No
E02571,Employee 2571,Female,1980-10-13,Bengaluru,Technology,CC100,Engineering Manager,G4,Contract,Onsite,2019-03-10,,Active,,1.0,PhD,0,Agency,No
E02572,Employee 2572,Female,1987-04-06,Mumbai,Operations,CC300,Operations Manager,G2,Permanent,Onsite,2020-04-11,,Active,E02078,1.0,B.Tech,15,Referral,No
E02573,Employee 2573,Male,1988-02-14,Pune,Marketing,CC600,Brand Manager,G3,Permanent,Hybrid,2020-02-03,,Active,E00904,1.0,MBA,2,LinkedIn,No
E02574,Employee 2574,Female,1996-11-01,Hyderabad,Finance,CC400,Finance Manager,G4,Permanent,Remote,2025-09-21,,Active,,1.0,B.Tech,2,LinkedIn,No
E02575,Employee 2575,Male,1990-04-02,Chennai,Sales,CC200,Regional Sales Manager,G1,Permanent,Onsite,2020-03-26,,Active,E03996,1.0,MBA,12,Internal Mobility,No
E02576,Employee 2576,Male,1988-03-09,Gurugram,Operations,CC300,Operations Manager,G5,Permanent,Hybrid,2023-12-23,,Active,,1.0,M.Tech,0,Agency,No
E02577,Employee 2577,Female,1987-01-25,Mumbai,Technology,CC100,Data Analyst,G4,Permanent,Hybrid,2025-12-29,,Active,,1.0,Master's,14,Referral,Yes
E02578,Employee 2578,Male,1989-08-22,Mumbai,Technology,CC100,Senior Software Engineer,G4,Permanent,Hybrid,2019-08-02,,Active,,1.0,PhD,5,Referral,No
E02579,Employee 2579,Female,1992-07-13,Noida,Technology,CC100,Tech Lead,G2,Permanent,Hybrid,2022-11-21,,Active,E02436,1.0,B.Tech,3,Campus,No
E02580,Employee 2580,Female,2001-12-17,Bengaluru,Operations,CC300,Operations Manager,G4,Permanent,Hybrid,2026-07-22,,Active,,1.0,Bachelor's,3,Agency,No
E02581,Employee 2581,Female,1982-01-06,Bengaluru,Supply Chain,CC800,Planner,G3,Permanent,Onsite,2017-07-10,,Active,E01925,1.0,M.Tech,1,Job Portal,No
E02582,Employee 2582,Male,1996-06-24,Noida,Finance,CC400,Finance Manager,G4,Permanent,Hybrid,2018-06-14,2024-01-14,Exited,E03815,1.0,PhD,3,LinkedIn,Yes
E02583,Employee 2583,Male,1994-06-30,Bengaluru,Technology,CC100,Tech Lead,G4,Permanent,Hybrid,2024-06-25,2026-07-15,Exited,,1.0,Bachelor's,14,Internal Mobility,No
E02584,Employee 2584,Female,1986-07-25,Pune,Supply Chain,CC800,Supply Chain Analyst,G4,Permanent,Hybrid,2024-10-28,,Active,,1.0,PhD,15,Agency,No
E02585,Employee 2585,Female,1983-11-23,Hyderabad,Human Resources,CC500,HR Manager,G1,Permanent,Hybrid,2021-09-25,,Active,E00654,1.0,B.Tech,4,LinkedIn,No
E02586,Employee 2586,Female,1989-05-26,Noida,Sales,CC200,Sales Analyst,G3,Permanent,Hybrid,2017-09-06,2020-10-11,Exited,E02281,1.0,MBA,2,Internal Mobility,No
E02587,Employee 2587,Female,1982-01-22,Pune,Marketing,CC600,Marketing Executive,G3,Permanent,Hybrid,2017-08-04,,Active,E00589,1.0,PhD,9,Job Portal,No
E02588,Employee 2588,Male,1998-01-25,Bengaluru,Finance,CC400,Senior Finance Analyst,G5,Permanent,Onsite,2022-06-04,,Active,,1.0,MBA,8,Company Website,No
E02589,Employee 2589,Female,1986-04-21,Bengaluru,Technology,CC100,Software Engineer,G3,Permanent,Onsite,2019-12-01,,Active,E03996,1.0,Master's,10,Company Website,Yes
E02590,Employee 2590,Male,1993-02-01,Noida,Marketing,CC600,Marketing Executive,G4,Permanent,Onsite,2025-03-27,,Active,,1.0,Master's,4,Campus,No
E02591,Employee 2591,Female,1991-02-28,Hyderabad,Operations,CC300,Team Lead,G2,Permanent,Hybrid,2018-01-18,,Active,E03156,1.0,PhD,3,Company Website,No
E02592,Employee 2592,Male,2001-09-11,Hyderabad,Human Resources,CC500,Talent Acquisition Specialist,G4,Permanent,Onsite,2023-04-22,,Active,,1.0,Master's,0,Campus,Yes
E02593,Employee 2593,Female,1994-05-06,Bengaluru,Supply Chain,CC800,Logistics Manager,G3,Contract,Hybrid,2022-12-31,,Active,E00997,0.75,B.Tech,3,Internal Mobility,No
E02594,Employee 2594,Female,1986-02-11,Pune,Technology,CC100,Engineering Manager,G3,Permanent,Hybrid,2022-10-22,,Active,E01563,1.0,Master's,15,LinkedIn,No
E02595,Employee 2595,Male,1995-06-23,Chennai,Human Resources,CC500,HR Manager,G2,Permanent,Remote,2020-09-27,,Active,E00817,1.0,Bachelor's,12,Internal Mobility,No
E02596,Employee 2596,Female,1984-01-02,Chennai,Operations,CC300,Operations Analyst,G3,Permanent,Onsite,2021-03-03,,Active,E01477,1.0,Master's,3,Company Website,Yes
E02597,Employee 2597,Male,1986-04-13,Noida,Sales,CC200,Key Account Manager,G4,Permanent,Remote,2026-02-11,,Active,,1.0,M.Tech,11,Job Portal,No
E02598,Employee 2598,Male,1984-08-14,Bengaluru,Human Resources,CC500,HR Executive,G3,Permanent,Remote,2024-12-01,,Active,E01308,1.0,PhD,17,Campus,No
E02599,Employee 2599,Female,1985-10-12,Noida,Technology,CC100,Engineering Manager,G3,Permanent,Hybrid,2023-01-30,,Active,,1.0,PhD,14,Agency,No
E02600,Employee 2600,Male,1998-07-04,Pune,Sales,CC200,Regional Sales Manager,G2,Permanent,Hybrid,2024-11-14,,Active,E02185,1.0,PhD,9,Job Portal,No
E02601,Employee 2601,Male,1987-03-09,Mumbai,Finance,CC400,Finance Analyst,G4,Permanent,Hybrid,2017-02-16,,Active,,1.0,Bachelor's,6,LinkedIn,No
E02602,Employee 2602,Female,1988-06-03,Mumbai,Marketing,CC600,Product Marketing Manager,G3,Permanent,Hybrid,2017-09-18,,Active,,1.0,Master's,1,Job Portal,No
E02603,Employee 2603,Female,1977-01-09,Hyderabad,Supply Chain,CC800,Procurement Specialist,G2,Permanent,Hybrid,2017-07-08,,Active,E00806,1.0,PhD,18,Referral,No
E02604,Employee 2604,Female,1992-05-19,Gurugram,Technology,CC100,Data Scientist,G1,Permanent,Hybrid,2024-08-22,,Active,E01520,1.0,Bachelor's,2,Agency,No
E02605,Employee 2605,Female,1995-10-24,Gurugram,Technology,CC100,Data Analyst,G4,Permanent,Hybrid,2022-09-05,,Active,,1.0,Bachelor's,18,LinkedIn,No
E02606,Employee 2606,Female,1994-11-17,Chennai,Sales,CC200,Key Account Manager,G3,Contract,Hybrid,2018-10-16,,Active,E02964,1.0,B.Tech,0,Internal Mobility,No
E02607,Employee 2607,Female,1989-05-03,Pune,Finance,CC400,Senior Finance Analyst,G2,Permanent,Onsite,2018-10-31,,Active,E00946,1.0,M.Tech,10,Company Website,No
E02608,Employee 2608,Female,1991-04-01,Bengaluru,Supply Chain,CC800,Planner,G2,Permanent,Hybrid,2024-06-03,,Active,E02030,1.0,B.Tech,14,Company Website,Yes
E02609,Employee 2609,Male,1998-09-24,Chennai,Operations,CC300,Operations Executive,G5,Permanent,Hybrid,2020-03-08,,Active,,1.0,MBA,12,Campus,No
E02610,Employee 2610,Male,1981-01-07,Gurugram,Operations,CC300,Operations Executive,G5,Permanent,Onsite,2021-01-01,,Active,,1.0,Master's,17,Agency,No
E02611,Employee 2611,Male,1996-01-07,Bengaluru,Technology,CC100,Tech Lead,G3,Contract,Hybrid,2018-07-11,,Active,E00404,0.75,Bachelor's,18,Agency,No
E02612,Employee 2612,Female,1995-01-22,Hyderabad,Human Resources,CC500,HR Executive,G4,Permanent,Onsite,2018-03-08,,Active,,1.0,PhD,4,Company Website,No
E02613,Employee 2613,Male,1990-11-21,Pune,Technology,CC100,Tech Lead,G3,Permanent,Remote,2025-08-20,,Active,E01740,1.0,PhD,2,LinkedIn,No
E02614,Employee 2614,Female,2001-05-02,Mumbai,Customer Success,CC700,Support Analyst,G3,Permanent,Hybrid,2026-05-30,,Active,E03784,1.0,Bachelor's,0,Referral,No
E02615,Employee 2615,Male,1989-04-08,Pune,Supply Chain,CC800,Logistics Manager,G3,Permanent,Remote,2018-01-07,,Active,E04719,1.0,MBA,17,Job Portal,No
E02616,Employee 2616,Non-binary,1998-07-26,Mumbai,Finance,CC400,Finance Manager,G1,Permanent,Hybrid,2021-07-16,,Active,E00479,1.0,B.Tech,6,Campus,No
E02617,Employee 2617,Male,1993-07-22,Pune,Sales,CC200,Sales Executive,G2,Permanent,Hybrid,2018-05-18,,Active,E00988,1.0,Master's,18,Company Website,No
E02618,Employee 2618,Female,1995-12-16,Hyderabad,Operations,CC300,Operations Analyst,G2,Permanent,Hybrid,2017-10-19,2019-08-09,Exited,E03414,1.0,PhD,4,Job Portal,No
E02619,Employee 2619,Male,1994-06-07,Gurugram,Supply Chain,CC800,Logistics Manager,G4,Permanent,Hybrid,2019-09-17,,Active,,1.0,M.Tech,9,LinkedIn,No
E02620,Employee 2620,Male,1989-06-27,Mumbai,Human Resources,CC500,HR Manager,G3,Permanent,Onsite,2019-08-11,,Active,E01158,1.0,MBA,7,Referral,No
E02621,Employee 2621,Male,1991-03-31,Hyderabad,Finance,CC400,Senior Finance Analyst,G3,Permanent,Onsite,2024-04-09,,Active,E02903,1.0,B.Tech,12,LinkedIn,No
E02622,Employee 2622,Female,1976-12-13,Bengaluru,Sales,CC200,Key Account Manager,G2,Permanent,Onsite,2018-12-15,,Active,,1.0,MBA,2,Job Portal,No
E02623,Employee 2623,Female,1991-02-03,Noida,Finance,CC400,Senior Finance Analyst,G2,Permanent,Remote,2022-02-01,,Active,E03479,1.0,MBA,14,Internal Mobility,No
E02624,Employee 2624,Male,1973-10-14,Bengaluru,Marketing,CC600,Brand Manager,G1,Intern,Onsite,2018-10-02,,Active,E00747,0.75,MBA,4,Campus,No
E02625,Employee 2625,Female,1988-03-31,Bengaluru,Customer Success,CC700,Support Analyst,G5,Permanent,Hybrid,2025-04-22,,Active,,1.0,PhD,18,LinkedIn,No
E02626,Employee 2626,Male,1984-12-08,Mumbai,Sales,CC200,Sales Analyst,G4,Contract,Hybrid,2024-05-25,,Active,,0.75,M.Tech,1,Company Website,No
E02627,Employee 2627,Female,1983-08-08,Bengaluru,Human Resources,CC500,HR Manager,G4,Permanent,Onsite,2026-07-09,,Active,,1.0,PhD,8,Job Portal,No
E02628,Employee 2628,Male,1989-09-09,Hyderabad,Marketing,CC600,Digital Marketing Analyst,G2,Permanent,Hybrid,2017-01-21,,Active,E04475,1.0,M.Tech,2,Job Portal,No
E02629,Employee 2629,Male,1996-04-21,Pune,Sales,CC200,Sales Executive,G2,Permanent,Hybrid,2018-07-18,,Active,E03608,1.0,PhD,12,Job Portal,No
E02630,Employee 2630,Male,1972-02-29,Hyderabad,Supply Chain,CC800,Logistics Manager,G4,Contract,Hybrid,2017-01-18,2017-10-07,Exited,E00761,0.5,Master's,14,Internal Mobility,No
E02631,Employee 2631,Male,1996-12-29,Noida,Marketing,CC600,Brand Manager,G5,Permanent,Hybrid,2020-04-20,2021-01-25,Exited,E00024,1.0,PhD,14,Company Website,No
E02632,Employee 2632,Male,1984-04-23,Chennai,Technology,CC100,Data Analyst,G4,Contract,Hybrid,2022-11-21,,Active,,1.0,Master's,7,LinkedIn,No
E02633,Employee 2633,Male,1974-09-07,Bengaluru,Customer Success,CC700,Customer Success Executive,G2,Permanent,Hybrid,2017-03-26,,Active,E03071,1.0,Bachelor's,8,Company Website,No
E02634,Employee 2634,Male,1976-05-31,Bengaluru,Sales,CC200,Key Account Manager,G4,Permanent,Hybrid,2017-07-20,,Active,,1.0,PhD,13,LinkedIn,No
E02635,Employee 2635,Male,1981-01-06,Gurugram,Customer Success,CC700,Customer Success Executive,G4,Permanent,Onsite,2024-06-25,,Active,,1.0,Master's,5,Internal Mobility,No
E02636,Employee 2636,Female,1982-02-04,Bengaluru,Marketing,CC600,Brand Manager,G5,Contract,Hybrid,2020-09-18,,Active,,0.75,M.Tech,0,LinkedIn,No
E02637,Employee 2637,Male,1999-07-29,Hyderabad,Finance,CC400,Senior Finance Analyst,G4,Permanent,Hybrid,2020-08-03,,Active,,1.0,MBA,5,Referral,No
E02638,Employee 2638,Female,1992-04-01,Gurugram,Finance,CC400,Finance Manager,G1,Contract,Remote,2019-01-25,,Active,E04696,1.0,M.Tech,18,Referral,No
E02639,Employee 2639,Female,1980-02-21,Hyderabad,Human Resources,CC500,HR Executive,G1,Permanent,Hybrid,2022-04-09,,Active,E01308,1.0,MBA,10,Job Portal,No
E02640,Employee 2640,Male,1980-06-19,Bengaluru,Customer Success,CC700,Customer Success Manager,G4,Contract,Onsite,2021-08-17,,Active,,0.75,Bachelor's,16,Agency,No
E02641,Employee 2641,Male,1983-12-23,Hyderabad,Finance,CC400,Finance Analyst,G3,Permanent,Hybrid,2022-02-09,,Active,E01491,1.0,B.Tech,6,Company Website,Yes
E02642,Employee 2642,Female,1985-09-08,Mumbai,Sales,CC200,Sales Analyst,G3,Permanent,Hybrid,2025-12-14,2026-05-31,Exited,E04345,1.0,PhD,2,Job Portal,No
E02643,Employee 2643,Male,1997-08-31,Hyderabad,Sales,CC200,Account Manager,G2,Permanent,Hybrid,2025-11-03,,Active,E01093,1.0,Bachelor's,11,LinkedIn,No
E02644,Employee 2644,Male,1987-12-14,Bengaluru,Finance,CC400,Senior Finance Analyst,G4,Permanent,Hybrid,2023-01-05,,Active,,1.0,MBA,10,Company Website,No
E02645,Employee 2645,Male,1980-02-10,Pune,Sales,CC200,Sales Analyst,G4,Permanent,Hybrid,2021-05-19,2022-08-25,Exited,E00471,1.0,Master's,17,Agency,No
E02646,Employee 2646,Male,1984-02-20,Mumbai,Technology,CC100,Tech Lead,G4,Permanent,Hybrid,2020-05-02,,Active,,1.0,Bachelor's,10,Company Website,No
E02647,Employee 2647,Male,1985-02-01,Pune,Human Resources,CC500,HR Business Partner,G5,Permanent,Hybrid,2019-09-11,,Active,,1.0,MBA,3,Campus,No
E02648,Employee 2648,Female,1986-11-19,Chennai,Technology,CC100,Data Analyst,G6,Permanent,Hybrid,2024-10-10,,Active,,1.0,B.Tech,9,Campus,No
E02649,Employee 2649,Female,1980-07-25,Pune,Customer Success,CC700,Customer Success Executive,G2,Permanent,Hybrid,2025-05-02,,Active,E03985,1.0,Bachelor's,14,Agency,Yes
E02650,Employee 2650,Female,1998-08-18,Bengaluru,Technology,CC100,Data Scientist,G3,Permanent,Hybrid,2026-04-27,,Active,E00339,1.0,PhD,7,LinkedIn,No
E02651,Employee 2651,Male,1977-04-01,Bengaluru,Technology,CC100,Data Analyst,G4,Permanent,Remote,2021-10-17,2026-05-28,Exited,E01851,1.0,B.Tech,0,Agency,No
E02652,Employee 2652,Male,1986-02-12,Gurugram,Operations,CC300,Operations Executive,G4,Contract,Onsite,2024-08-05,,Active,,0.5,Bachelor's,3,Job Portal,No
E02653,Employee 2653,Male,1989-09-11,Bengaluru,Human Resources,CC500,HR Manager,G2,Permanent,Onsite,2021-05-23,,Active,E03947,1.0,Master's,18,Campus,Yes
E02654,Employee 2654,Male,1982-10-28,Chennai,Supply Chain,CC800,Supply Chain Analyst,G3,Permanent,Hybrid,2018-12-17,2026-07-15,Exited,E02895,1.0,MBA,10,Agency,No
E02655,Employee 2655,Male,1989-11-22,Bengaluru,Human Resources,CC500,L&D Specialist,G5,Contract,Remote,2018-09-06,2024-09-27,Exited,E01911,1.0,B.Tech,5,Campus,Yes
E02656,Employee 2656,Female,1988-01-18,Hyderabad,Marketing,CC600,Product Marketing Manager,G2,Contract,Onsite,2020-10-16,2026-03-16,Exited,E01832,1.0,M.Tech,4,Company Website,No
E02657,Employee 2657,Male,1987-02-22,Chennai,Finance,CC400,Senior Finance Analyst,G2,Permanent,Remote,2018-10-01,,Active,E04415,1.0,M.Tech,8,Agency,No
E02658,Employee 2658,Male,1989-01-22,Bengaluru,Marketing,CC600,Marketing Executive,G3,Permanent,Remote,2018-08-17,,Active,E04213,1.0,MBA,9,Campus,Yes
E02659,Employee 2659,Female,1983-07-04,Mumbai,Marketing,CC600,Marketing Executive,G3,Permanent,Hybrid,2025-03-25,,Active,E00103,1.0,B.Tech,1,LinkedIn,No
E02660,Employee 2660,Female,1990-02-25,Bengaluru,Technology,CC100,Senior Software Engineer,G4,Contract,Hybrid,2025-08-02,,Active,,0.5,M.Tech,1,LinkedIn,Yes
E02661,Employee 2661,Male,1989-12-16,Mumbai,Marketing,CC600,Product Marketing Manager,G5,Permanent,Hybrid,2024-03-23,,Active,,1.0,Bachelor's,5,Agency,No
E02662,Employee 2662,Male,1977-12-28,Hyderabad,Marketing,CC600,Brand Manager,G2,Permanent,Hybrid,2022-12-10,,Active,E02435,1.0,MBA,9,Campus,No
E02663,Employee 2663,Male,1993-12-17,Mumbai,Technology,CC100,Engineering Manager,G2,Contract,Hybrid,2024-01-14,,Active,,0.5,PhD,5,Referral,No
E02664,Employee 2664,Female,1977-06-09,Pune,Operations,CC300,Operations Manager,G3,Permanent,Hybrid,2022-02-17,,Active,E04046,1.0,MBA,3,Internal Mobility,Yes
E02665,Employee 2665,Male,2002-06-09,Bengaluru,Supply Chain,CC800,Logistics Manager,G2,Permanent,Onsite,2025-10-03,,Active,E00732,1.0,Bachelor's,18,Campus,No
E02666,Employee 2666,Male,1993-12-06,Bengaluru,Customer Success,CC700,Customer Success Manager,G4,Permanent,Hybrid,2022-12-03,2026-06-19,Exited,E01229,1.0,Bachelor's,5,Job Portal,Yes
E02667,Employee 2667,Female,1999-12-10,Noida,Human Resources,CC500,HR Business Partner,G3,Permanent,Hybrid,2024-11-23,,Active,E00835,1.0,PhD,12,Agency,Yes
E02668,Employee 2668,Male,1990-01-16,Gurugram,Customer Success,CC700,Customer Success Executive,G3,Permanent,Hybrid,2019-05-02,,Active,E00966,1.0,Master's,14,Agency,No
E02669,Employee 2669,Male,1994-12-27,Bengaluru,Supply Chain,CC800,Logistics Manager,G4,Permanent,Onsite,2017-01-31,,Active,,1.0,M.Tech,3,Campus,No
E02670,Employee 2670,Male,1988-05-23,Pune,Supply Chain,CC800,Procurement Specialist,G3,Contract,Remote,2017-06-07,,Active,E04340,0.75,M.Tech,5,Agency,Yes
E02671,Employee 2671,Female,1996-12-01,Bengaluru,Supply Chain,CC800,Procurement Specialist,G4,Permanent,Hybrid,2023-05-07,,Active,,1.0,PhD,18,Internal Mobility,No
E02672,Employee 2672,Female,1978-09-29,Mumbai,Operations,CC300,Operations Analyst,G4,Intern,Remote,2022-07-06,2025-02-06,Exited,E01265,1.0,PhD,12,Campus,No
E02673,Employee 2673,Male,1977-02-07,Bengaluru,Customer Success,CC700,Support Analyst,G5,Permanent,Hybrid,2020-06-09,,Active,,1.0,Bachelor's,12,Agency,No
E02674,Employee 2674,Male,1988-04-07,Chennai,Technology,CC100,Data Scientist,G3,Permanent,Hybrid,2023-10-23,,Active,E01962,1.0,MBA,4,Campus,No
E02675,Employee 2675,Male,1996-05-10,Hyderabad,Finance,CC400,Finance Manager,G4,Contract,Onsite,2017-11-23,,Active,,0.5,B.Tech,2,Job Portal,No
E02676,Employee 2676,Female,1989-04-26,Mumbai,Human Resources,CC500,HR Executive,G5,Permanent,Remote,2025-11-11,,Active,,1.0,MBA,11,Agency,Yes
E02677,Employee 2677,Male,1993-07-05,Bengaluru,Marketing,CC600,Brand Manager,G3,Permanent,Hybrid,2020-08-02,,Active,,1.0,B.Tech,15,Internal Mobility,No
E02678,Employee 2678,Male,1988-03-12,Bengaluru,Sales,CC200,Regional Sales Manager,G3,Permanent,Hybrid,2019-08-25,,Active,E01589,1.0,B.Tech,8,Referral,No
E02679,Employee 2679,Female,1981-08-18,Bengaluru,Technology,CC100,Data Scientist,G3,Permanent,Remote,2018-12-22,,Active,,1.0,B.Tech,8,Internal Mobility,No
E02680,Employee 2680,Female,1979-02-24,Gurugram,Sales,CC200,Sales Analyst,G3,Permanent,Onsite,2021-12-02,,Active,E01395,1.0,PhD,2,Agency,No
E02681,Employee 2681,Male,2003-07-13,Bengaluru,Marketing,CC600,Product Marketing Manager,G3,Contract,Hybrid,2026-03-13,,Active,E01089,0.75,B.Tech,17,Job Portal,No
E02682,Employee 2682,Female,1992-03-30,Hyderabad,Sales,CC200,Account Manager,G4,Permanent,Hybrid,2023-12-18,,Active,,1.0,PhD,6,Company Website,No
E02683,Employee 2683,Female,1993-04-17,Hyderabad,Human Resources,CC500,L&D Specialist,G2,Permanent,Remote,2026-07-07,,Active,E02046,1.0,B.Tech,6,Campus,No
E02684,Employee 2684,Female,1987-09-26,Hyderabad,Sales,CC200,Key Account Manager,G4,Permanent,Hybrid,2021-08-02,,Active,,1.0,Bachelor's,1,Referral,No
E02685,Employee 2685,Female,1980-11-27,Noida,Marketing,CC600,Marketing Executive,G3,Permanent,Hybrid,2024-12-12,2025-10-04,Exited,E00591,1.0,Master's,6,Internal Mobility,No
E02686,Employee 2686,Male,1990-11-03,Hyderabad,Marketing,CC600,Brand Manager,G2,Contract,Hybrid,2018-05-15,,Active,E03476,0.75,MBA,3,Referral,No
E02687,Employee 2687,Female,1978-08-15,Bengaluru,Customer Success,CC700,Support Analyst,G1,Permanent,Onsite,2021-03-14,,Active,E00038,1.0,MBA,6,Company Website,No
E02688,Employee 2688,Female,1988-10-23,Hyderabad,Finance,CC400,Senior Finance Analyst,G5,Permanent,Hybrid,2023-12-23,2024-11-16,Exited,,1.0,MBA,12,Campus,No
E02689,Employee 2689,Female,1981-03-17,Bengaluru,Marketing,CC600,Digital Marketing Analyst,G3,Permanent,Hybrid,2017-01-08,,Active,E00657,1.0,PhD,14,Referral,No
E02690,Employee 2690,Female,1993-12-07,Hyderabad,Supply Chain,CC800,Supply Chain Analyst,G3,Permanent,Onsite,2021-11-27,,Active,E00649,1.0,B.Tech,18,Internal Mobility,No
E02691,Employee 2691,Male,1982-02-08,Noida,Human Resources,CC500,HR Business Partner,G3,Permanent,Hybrid,2025-08-24,,Active,E04158,1.0,M.Tech,5,Internal Mobility,No
E02692,Employee 2692,Male,1979-12-06,Mumbai,Technology,CC100,Tech Lead,G5,Permanent,Hybrid,2023-06-11,,Active,,1.0,MBA,13,Referral,No
E02693,Employee 2693,Female,1989-10-10,Bengaluru,Sales,CC200,Key Account Manager,G4,Permanent,Hybrid,2022-02-21,,Active,,1.0,M.Tech,1,Internal Mobility,No
E02694,Employee 2694,Female,1980-06-24,Bengaluru,Human Resources,CC500,L&D Specialist,G2,Permanent,Hybrid,2017-04-13,,Active,E02013,1.0,MBA,9,Job Portal,Yes
E02695,Employee 2695,Male,1989-12-12,Noida,Sales,CC200,Account Manager,G2,Permanent,Hybrid,2022-05-29,2022-10-08,Exited,E00593,1.0,Master's,0,LinkedIn,No
E02696,Employee 2696,Male,2000-03-31,Hyderabad,Finance,CC400,Finance Manager,G1,Permanent,Remote,2025-01-22,,Active,,1.0,MBA,17,Job Portal,No
E02697,Employee 2697,Male,1986-04-04,Mumbai,Marketing,CC600,Brand Manager,G5,Permanent,Hybrid,2023-04-23,,Active,,1.0,Master's,15,Job Portal,No
E02698,Employee 2698,Female,1986-05-18,Noida,Technology,CC100,Data Analyst,G4,Permanent,Hybrid,2022-10-01,,Active,,1.0,M.Tech,7,Agency,No
E02699,Employee 2699,Female,1992-01-11,Gurugram,Marketing,CC600,Digital Marketing Analyst,G4,Permanent,Remote,2025-04-27,2025-10-01,Exited,E01416,1.0,Master's,15,Internal Mobility,No
E02700,Employee 2700,Female,1996-10-18,Gurugram,Marketing,CC600,Product Marketing Manager,G3,Permanent,Hybrid,2022-06-08,,Active,E03251,1.0,B.Tech,16,Campus,No
E02701,Employee 2701,Female,1977-07-22,Hyderabad,Technology,CC100,Engineering Manager,G2,Permanent,Remote,2021-02-19,,Active,E00549,1.0,Master's,14,Agency,No
E02702,Employee 2702,Male,1984-10-28,Chennai,Customer Success,CC700,Customer Success Executive,G3,Permanent,Onsite,2025-06-23,,Active,E02169,1.0,PhD,6,Campus,No
E02703,Employee 2703,Male,1991-11-08,Noida,Supply Chain,CC800,Logistics Manager,G3,Permanent,Hybrid,2023-02-26,,Active,E01598,1.0,Master's,1,Referral,No
E02704,Employee 2704,Male,1989-07-16,Hyderabad,Finance,CC400,Finance Manager,G2,Permanent,Hybrid,2019-04-06,,Active,E00785,1.0,M.Tech,4,Job Portal,No
E02705,Employee 2705,Female,1981-08-16,Pune,Human Resources,CC500,Talent Acquisition Specialist,G3,Contract,Hybrid,2019-05-19,,Active,E00167,0.75,Master's,14,LinkedIn,No
E02706,Employee 2706,Female,1982-08-23,Hyderabad,Finance,CC400,Finance Analyst,G2,Permanent,Hybrid,2017-03-24,2025-07-14,Exited,E02003,1.0,B.Tech,4,Internal Mobility,No
E02707,Employee 2707,Male,1982-05-22,Pune,Technology,CC100,Engineering Manager,G3,Permanent,Remote,2024-04-01,,Active,E00152,1.0,PhD,4,Internal Mobility,No
E02708,Employee 2708,Female,1994-04-24,Chennai,Finance,CC400,Senior Finance Analyst,G4,Permanent,Hybrid,2024-11-09,,Active,,1.0,Bachelor's,12,Referral,No
E02709,Employee 2709,Male,1985-04-22,Hyderabad,Technology,CC100,Data Analyst,G3,Permanent,Remote,2023-09-14,,Active,E04167,1.0,B.Tech,1,Internal Mobility,No
E02710,Employee 2710,Female,1982-10-03,Noida,Finance,CC400,Senior Finance Analyst,G4,Permanent,Hybrid,2019-12-04,2020-09-22,Exited,E03380,1.0,PhD,17,Campus,No
E02711,Employee 2711,Male,1988-06-15,Hyderabad,Finance,CC400,Finance Analyst,G4,Permanent,Remote,2020-01-13,,Active,,1.0,Bachelor's,15,Campus,No
E02712,Employee 2712,Female,1999-08-12,Hyderabad,Sales,CC200,Key Account Manager,G4,Contract,Hybrid,2020-11-21,,Active,,0.75,PhD,15,Internal Mobility,No
E02713,Employee 2713,Male,1994-08-29,Pune,Supply Chain,CC800,Procurement Specialist,G3,Contract,Hybrid,2020-08-18,,Active,E01543,0.75,Bachelor's,11,Job Portal,No
E02714,Employee 2714,Male,1987-08-01,Hyderabad,Technology,CC100,Data Scientist,G2,Contract,Hybrid,2024-08-15,2025-11-26,Exited,E01825,0.5,Master's,1,Referral,No
E02715,Employee 2715,Male,1998-11-29,Hyderabad,Marketing,CC600,Product Marketing Manager,G3,Permanent,Onsite,2022-08-27,,Active,E04629,1.0,Bachelor's,6,Campus,Yes
E02716,Employee 2716,Male,1987-02-23,Chennai,Operations,CC300,Operations Manager,G4,Permanent,Onsite,2023-07-14,2025-12-08,Exited,E03727,1.0,Bachelor's,10,Job Portal,No
E02717,Employee 2717,Female,1996-10-31,Hyderabad,Technology,CC100,Data Analyst,G2,Intern,Hybrid,2026-04-05,,Active,E02072,0.5,M.Tech,6,Agency,Yes
E02718,Employee 2718,Male,1995-12-30,Bengaluru,Customer Success,CC700,Customer Success Manager,G1,Permanent,Onsite,2023-10-07,,Active,E03438,1.0,B.Tech,8,Job Portal,No
E02719,Employee 2719,Male,1975-01-24,Gurugram,Operations,CC300,Team Lead,G2,Permanent,Onsite,2019-07-29,,Active,E04085,1.0,B.Tech,17,Job Portal,No
E02720,Employee 2720,Male,1980-12-20,Pune,Human Resources,CC500,HR Executive,G2,Permanent,Remote,2023-05-06,,Active,E00389,1.0,Bachelor's,2,LinkedIn,No
E02721,Employee 2721,Male,1980-07-12,Bengaluru,Operations,CC300,Operations Executive,G2,Permanent,Remote,2018-03-09,,Active,E04850,1.0,B.Tech,15,Internal Mobility,No
E02722,Employee 2722,Male,1981-09-27,Hyderabad,Operations,CC300,Operations Manager,G3,Permanent,Remote,2022-11-21,,Active,E04004,1.0,M.Tech,4,Agency,No
E02723,Employee 2723,Female,1986-08-16,Pune,Operations,CC300,Operations Executive,G4,Permanent,Onsite,2022-10-31,2026-08-11,Exited,E01062,1.0,Bachelor's,6,Job Portal,No
E02724,Employee 2724,Male,1980-09-18,Mumbai,Customer Success,CC700,Support Analyst,G1,Permanent,Remote,2020-09-16,,Active,E00316,1.0,M.Tech,4,Job Portal,No
E02725,Employee 2725,Male,1985-06-22,Pune,Operations,CC300,Operations Executive,G3,Permanent,Hybrid,2022-02-20,,Active,E02483,1.0,PhD,6,Referral,No
E02726,Employee 2726,Female,1996-08-21,Hyderabad,Customer Success,CC700,Support Analyst,G4,Permanent,Hybrid,2021-06-28,,Active,,1.0,PhD,1,Agency,No
E02727,Employee 2727,Male,2000-07-31,Hyderabad,Human Resources,CC500,HR Executive,G1,Permanent,Hybrid,2026-02-05,,Active,E03249,1.0,MBA,10,Internal Mobility,No
E02728,Employee 2728,Female,1986-04-26,Hyderabad,Finance,CC400,Finance Analyst,G1,Permanent,Onsite,2020-04-19,,Active,E01929,1.0,B.Tech,7,Referral,No
E02729,Employee 2729,Female,1984-08-05,Noida,Customer Success,CC700,Support Analyst,G4,Permanent,Hybrid,2024-04-06,,Active,,1.0,MBA,12,Internal Mobility,No
E02730,Employee 2730,Male,2001-08-12,Pune,Marketing,CC600,Brand Manager,G1,Permanent,Remote,2023-01-01,,Active,E03435,1.0,B.Tech,1,Internal Mobility,No
E02731,Employee 2731,Female,1975-08-07,Pune,Human Resources,CC500,HR Manager,G3,Permanent,Hybrid,2019-06-17,2023-08-22,Exited,E01740,1.0,Master's,9,Referral,No
E02732,Employee 2732,Female,1989-03-26,Chennai,Customer Success,CC700,Customer Success Manager,G5,Permanent,Hybrid,2020-06-06,,Active,,1.0,B.Tech,3,LinkedIn,No
E02733,Employee 2733,Male,2004-08-10,Bengaluru,Technology,CC100,Data Analyst,G3,Permanent,Hybrid,2026-08-29,,Active,E03046,1.0,B.Tech,0,Agency,Yes
E02734,Employee 2734,Female,1985-12-06,Mumbai,Customer Success,CC700,Support Analyst,G1,Permanent,Hybrid,2026-07-09,,Active,E01758,1.0,Master's,16,Campus,No
E02735,Employee 2735,Female,1993-11-06,Mumbai,Supply Chain,CC800,Procurement Specialist,G4,Permanent,Onsite,2019-01-12,,Active,,1.0,Master's,3,Internal Mobility,No
E02736,Employee 2736,Male,1977-11-23,Hyderabad,Supply Chain,CC800,Logistics Manager,G4,Permanent,Remote,2020-03-22,,Active,,1.0,Bachelor's,6,Agency,No
E02737,Employee 2737,Female,1987-09-23,Bengaluru,Technology,CC100,Senior Software Engineer,G3,Permanent,Hybrid,2018-04-11,,Active,E02407,1.0,Bachelor's,13,Referral,Yes
E02738,Employee 2738,Female,1982-02-14,Bengaluru,Customer Success,CC700,Customer Success Executive,G1,Permanent,Hybrid,2020-09-01,,Active,E00604,1.0,MBA,6,Campus,Yes
E02739,Employee 2739,Female,1978-05-12,Gurugram,Customer Success,CC700,Customer Success Executive,G3,Permanent,Onsite,2018-06-09,,Active,E01480,1.0,Bachelor's,7,Campus,Yes
E02740,Employee 2740,Female,1991-05-04,Bengaluru,Operations,CC300,Operations Analyst,G2,Permanent,Hybrid,2024-01-16,,Active,,1.0,Master's,17,LinkedIn,No
E02741,Employee 2741,Female,1993-11-11,Gurugram,Operations,CC300,Operations Manager,G4,Permanent,Hybrid,2025-10-03,,Active,,1.0,M.Tech,11,Company Website,No
E02742,Employee 2742,Female,1992-07-29,Pune,Operations,CC300,Operations Executive,G2,Permanent,Hybrid,2017-11-13,,Active,E04160,1.0,Master's,2,Job Portal,No
E02743,Employee 2743,Male,1997-08-10,Hyderabad,Supply Chain,CC800,Supply Chain Analyst,G6,Permanent,Onsite,2020-03-25,,Active,,1.0,M.Tech,17,Job Portal,No
E02744,Employee 2744,Female,1989-08-13,Noida,Finance,CC400,Finance Manager,G1,Permanent,Remote,2021-01-07,,Active,E01254,1.0,Bachelor's,0,Agency,No
E02745,Employee 2745,Male,1989-07-05,Mumbai,Technology,CC100,Data Analyst,G3,Permanent,Hybrid,2023-07-17,,Active,E01720,1.0,B.Tech,17,Company Website,No
E02746,Employee 2746,Male,1992-12-01,Pune,Operations,CC300,Operations Executive,G1,Permanent,Hybrid,2017-12-17,,Active,E00463,1.0,PhD,8,Job Portal,No
E02747,Employee 2747,Male,1986-07-06,Gurugram,Technology,CC100,Engineering Manager,G3,Contract,Hybrid,2018-12-27,,Active,E01943,1.0,MBA,16,Campus,No
E02748,Employee 2748,Male,1992-04-21,Hyderabad,Sales,CC200,Sales Analyst,G4,Permanent,Hybrid,2018-02-04,,Active,,1.0,Master's,14,Campus,No
E02749,Employee 2749,Female,1993-05-24,Gurugram,Supply Chain,CC800,Logistics Manager,G1,Permanent,Hybrid,2020-08-21,,Active,E00304,1.0,Bachelor's,2,Referral,No
E02750,Employee 2750,Male,1994-05-11,Gurugram,Operations,CC300,Operations Analyst,G5,Permanent,Hybrid,2019-01-02,2021-12-14,Exited,E00646,1.0,MBA,9,Job Portal,No
E02751,Employee 2751,Male,1978-11-11,Hyderabad,Operations,CC300,Operations Manager,G6,Contract,Hybrid,2017-03-17,,Active,,0.5,M.Tech,0,Agency,No
E02752,Employee 2752,Male,1991-06-14,Hyderabad,Supply Chain,CC800,Planner,G1,Permanent,Onsite,2025-08-04,,Active,E02203,1.0,M.Tech,17,Job Portal,No
E02753,Employee 2753,Male,1999-07-08,Bengaluru,Operations,CC300,Operations Manager,G4,Contract,Hybrid,2025-04-20,,Active,,1.0,Master's,10,Company Website,No
E02754,Employee 2754,Female,2001-02-08,Noida,Customer Success,CC700,Customer Success Manager,G2,Permanent,Hybrid,2025-08-18,,Active,E00301,1.0,Bachelor's,8,Agency,No
E02755,Employee 2755,Female,1989-04-15,Hyderabad,Operations,CC300,Operations Manager,G1,Contract,Hybrid,2024-11-14,,Active,E03716,1.0,M.Tech,10,Referral,No
E02756,Employee 2756,Male,1984-11-23,Gurugram,Finance,CC400,Finance Analyst,G3,Permanent,Onsite,2020-03-15,,Active,E03376,1.0,MBA,3,LinkedIn,No
E02757,Employee 2757,Female,1998-08-19,Hyderabad,Human Resources,CC500,Talent Acquisition Specialist,G1,Permanent,Remote,2026-06-04,,Active,E04644,1.0,MBA,16,Referral,Yes
E02758,Employee 2758,Male,1998-06-24,Bengaluru,Customer Success,CC700,Customer Success Executive,G4,Permanent,Hybrid,2023-03-22,,Active,,1.0,M.Tech,14,Referral,No
E02759,Employee 2759,Male,1979-03-16,Mumbai,Operations,CC300,Operations Manager,G3,Permanent,Hybrid,2020-06-13,2024-04-11,Exited,,1.0,MBA,11,Internal Mobility,No
E02760,Employee 2760,Female,1975-03-10,Hyderabad,Marketing,CC600,Digital Marketing Analyst,G5,Permanent,Onsite,2019-08-07,,Active,,1.0,Bachelor's,9,Agency,No
E02761,Employee 2761,Non-binary,1996-03-04,Gurugram,Finance,CC400,Senior Finance Analyst,G2,Intern,Hybrid,2026-08-14,,Active,E04942,0.5,Master's,15,Campus,Yes
E02762,Employee 2762,Male,1978-06-22,Gurugram,Supply Chain,CC800,Procurement Specialist,G4,Contract,Hybrid,2017-07-27,2025-10-01,Exited,E03105,0.75,M.Tech,6,LinkedIn,No
E02763,Employee 2763,Male,1998-05-04,Gurugram,Marketing,CC600,Product Marketing Manager,G4,Permanent,Onsite,2022-06-03,,Active,,1.0,Master's,7,LinkedIn,No
E02764,Employee 2764,Male,1988-12-29,Hyderabad,Finance,CC400,Finance Manager,G4,Permanent,Hybrid,2023-12-23,,Active,,1.0,Bachelor's,9,Company Website,No
E02765,Employee 2765,Male,1991-03-30,Bengaluru,Sales,CC200,Sales Executive,G4,Permanent,Hybrid,2023-04-08,,Active,,1.0,Bachelor's,10,Job Portal,No
E02766,Employee 2766,Female,1987-04-29,Gurugram,Finance,CC400,Senior Finance Analyst,G4,Permanent,Onsite,2025-03-05,,Active,,1.0,M.Tech,1,Job Portal,Yes
E02767,Employee 2767,Female,1995-09-17,Hyderabad,Marketing,CC600,Product Marketing Manager,G4,Permanent,Onsite,2023-09-28,,Active,,1.0,Bachelor's,9,LinkedIn,Yes
E02768,Employee 2768,Male,1987-06-30,Mumbai,Operations,CC300,Operations Manager,G5,Permanent,Remote,2018-07-05,2021-04-05,Exited,E00735,1.0,Master's,11,Internal Mobility,Yes
E02769,Employee 2769,Female,1978-06-01,Bengaluru,Marketing,CC600,Marketing Executive,G3,Permanent,Remote,2022-09-02,,Active,E01900,1.0,MBA,13,Agency,No
E02770,Employee 2770,Male,1998-09-04,Bengaluru,Technology,CC100,Engineering Manager,G2,Permanent,Hybrid,2024-02-04,,Active,E00806,1.0,MBA,5,Internal Mobility,Yes
E02771,Employee 2771,Male,1981-11-24,Mumbai,Supply Chain,CC800,Planner,G2,Contract,Hybrid,2023-06-28,,Active,E04345,0.75,MBA,17,Campus,No
E02772,Employee 2772,Male,1984-07-22,Gurugram,Customer Success,CC700,Customer Success Manager,G4,Contract,Hybrid,2021-06-23,,Active,,0.75,M.Tech,6,Referral,No
E02773,Employee 2773,Male,1987-12-12,Chennai,Human Resources,CC500,Talent Acquisition Specialist,G1,Permanent,Onsite,2018-03-13,,Active,E00024,1.0,B.Tech,18,Referral,No
E02774,Employee 2774,Female,1991-09-27,Gurugram,Technology,CC100,Senior Software Engineer,G2,Permanent,Hybrid,2024-04-04,,Active,E02578,1.0,PhD,4,Company Website,No
E02775,Employee 2775,Male,1989-08-20,Bengaluru,Technology,CC100,Data Scientist,G2,Contract,Remote,2022-07-22,,Active,E00225,0.5,MBA,13,Company Website,No
E02776,Employee 2776,Male,1993-10-25,Hyderabad,Finance,CC400,Finance Manager,G3,Permanent,Hybrid,2017-10-01,2024-12-16,Exited,E04560,1.0,MBA,15,Referral,No
E02777,Employee 2777,Non-binary,1976-10-31,Hyderabad,Marketing,CC600,Marketing Executive,G4,Permanent,Onsite,2021-08-15,,Active,,1.0,M.Tech,7,Internal Mobility,No
E02778,Employee 2778,Male,1985-12-24,Chennai,Operations,CC300,Operations Analyst,G2,Permanent,Hybrid,2020-10-22,,Active,E02194,1.0,PhD,10,Campus,No
E02779,Employee 2779,Female,1987-06-26,Chennai,Operations,CC300,Operations Analyst,G3,Contract,Hybrid,2018-02-27,,Active,E04692,1.0,M.Tech,8,LinkedIn,No
E02780,Employee 2780,Female,1981-09-16,Hyderabad,Sales,CC200,Sales Executive,G2,Permanent,Remote,2019-06-03,,Active,,1.0,M.Tech,0,Company Website,No
E02781,Employee 2781,Female,1989-01-21,Chennai,Finance,CC400,Finance Analyst,G3,Permanent,Hybrid,2018-12-19,2023-09-03,Exited,E00760,1.0,Bachelor's,1,Company Website,No
E02782,Employee 2782,Female,1990-07-04,Chennai,Technology,CC100,Data Scientist,G4,Permanent,Hybrid,2017-10-31,,Active,,1.0,PhD,6,Referral,No
E02783,Employee 2783,Female,1990-07-21,Chennai,Marketing,CC600,Product Marketing Manager,G3,Permanent,Remote,2026-08-12,,Active,E01185,1.0,B.Tech,0,Company Website,No
E02784,Employee 2784,Male,2000-04-19,Chennai,Marketing,CC600,Brand Manager,G2,Intern,Onsite,2024-06-04,,Active,E00695,0.75,MBA,5,Internal Mobility,No
E02785,Employee 2785,Female,1979-10-03,Bengaluru,Technology,CC100,Data Analyst,G5,Permanent,Hybrid,2024-10-01,,Active,,1.0,Master's,3,Campus,No
E02786,Employee 2786,Male,1991-06-26,Hyderabad,Finance,CC400,Finance Analyst,G3,Permanent,Hybrid,2020-08-07,,Active,E02494,1.0,M.Tech,1,Agency,Yes
E02787,Employee 2787,Male,1989-09-12,Gurugram,Sales,CC200,Account Manager,G2,Permanent,Hybrid,2024-03-30,,Active,E01524,1.0,PhD,10,Referral,No
E02788,Employee 2788,Female,1999-06-27,Bengaluru,Finance,CC400,Finance Analyst,G4,Permanent,Hybrid,2026-05-14,,Active,,1.0,PhD,6,Campus,Yes
E02789,Employee 2789,Male,1983-03-01,Hyderabad,Supply Chain,CC800,Supply Chain Analyst,G3,Permanent,Hybrid,2018-07-15,,Active,E01606,1.0,Master's,12,Agency,No
E02790,Employee 2790,Male,1994-02-16,Noida,Sales,CC200,Sales Analyst,G5,Contract,Onsite,2017-01-26,2024-07-25,Exited,E03762,1.0,PhD,11,Company Website,No
E02791,Employee 2791,Male,1985-05-02,Mumbai,Marketing,CC600,Brand Manager,G2,Permanent,Hybrid,2024-04-18,,Active,E03280,1.0,M.Tech,12,Referral,No
E02792,Employee 2792,Male,1987-10-19,Mumbai,Sales,CC200,Key Account Manager,G2,Permanent,Hybrid,2024-01-15,,Active,E03468,1.0,M.Tech,18,Agency,No
E02793,Employee 2793,Female,1985-05-20,Pune,Marketing,CC600,Brand Manager,G2,Permanent,Onsite,2019-02-08,,Active,E02682,1.0,Master's,2,Job Portal,Yes
E02794,Employee 2794,Male,2000-02-07,Gurugram,Customer Success,CC700,Customer Success Manager,G4,Permanent,Hybrid,2024-03-21,,Active,,1.0,Master's,10,Campus,No
E02795,Employee 2795,Male,1983-06-12,Mumbai,Operations,CC300,Operations Manager,G2,Permanent,Hybrid,2023-04-08,,Active,,1.0,B.Tech,13,Agency,No
E02796,Employee 2796,Female,1988-03-23,Hyderabad,Supply Chain,CC800,Procurement Specialist,G2,Permanent,Hybrid,2023-10-31,,Active,E01806,1.0,MBA,11,Company Website,No
E02797,Employee 2797,Female,1980-12-28,Bengaluru,Marketing,CC600,Brand Manager,G2,Permanent,Hybrid,2024-09-25,2026-02-08,Exited,E00801,1.0,Bachelor's,16,Agency,No
E02798,Employee 2798,Male,1989-10-15,Hyderabad,Finance,CC400,Finance Manager,G1,Contract,Onsite,2017-08-21,2024-05-05,Exited,E04300,1.0,B.Tech,16,Job Portal,No
E02799,Employee 2799,Female,1991-10-30,Noida,Operations,CC300,Operations Executive,G3,Contract,Hybrid,2022-03-05,,Active,E02211,0.75,Master's,16,Internal Mobility,Yes
E02800,Employee 2800,Female,1981-11-17,Mumbai,Technology,CC100,Data Scientist,G3,Permanent,Onsite,2024-02-08,,Active,E04475,1.0,Master's,5,Referral,No
E02801,Employee 2801,Male,1989-11-05,Bengaluru,Human Resources,CC500,HR Manager,G1,Contract,Onsite,2021-01-27,,Active,E04144,0.75,M.Tech,14,Campus,No
E02802,Employee 2802,Male,1993-12-02,Pune,Sales,CC200,Sales Analyst,G3,Permanent,Hybrid,2024-11-24,,Active,E01155,1.0,M.Tech,6,Internal Mobility,No
E02803,Employee 2803,Female,1978-03-25,Hyderabad,Supply Chain,CC800,Procurement Specialist,G5,Permanent,Hybrid,2019-02-13,,Active,,1.0,B.Tech,11,Company Website,Yes
E02804,Employee 2804,Male,1986-02-08,Bengaluru,Customer Success,CC700,Support Analyst,G5,Permanent,Hybrid,2025-06-13,2025-11-30,Exited,E04942,1.0,PhD,2,Campus,No
E02805,Employee 2805,Male,1991-07-03,Pune,Marketing,CC600,Brand Manager,G2,Permanent,Hybrid,2019-08-07,,Active,E02157,1.0,Master's,1,Agency,No
E02806,Employee 2806,Male,1980-05-23,Mumbai,Customer Success,CC700,Customer Success Executive,G2,Permanent,Onsite,2017-09-06,,Active,E02439,1.0,Bachelor's,10,Campus,No
E02807,Employee 2807,Female,1984-07-18,Hyderabad,Human Resources,CC500,HR Manager,G4,Permanent,Remote,2023-08-29,,Active,,1.0,B.Tech,3,Company Website,Yes
E02808,Employee 2808,Male,1987-09-23,Hyderabad,Human Resources,CC500,Talent Acquisition Specialist,G2,Permanent,Hybrid,2017-11-24,,Active,E03790,1.0,M.Tech,12,Agency,No
E02809,Employee 2809,Male,1990-07-25,Hyderabad,Operations,CC300,Team Lead,G3,Intern,Onsite,2023-12-02,,Active,E04086,0.75,M.Tech,18,Referral,No
E02810,Employee 2810,Female,1987-04-05,Bengaluru,Finance,CC400,Finance Manager,G3,Permanent,Remote,2017-08-06,2019-08-11,Exited,E02951,1.0,MBA,4,Job Portal,No
E02811,Employee 2811,Male,1989-06-20,Gurugram,Operations,CC300,Operations Manager,G4,Permanent,Hybrid,2023-05-01,,Active,,1.0,Bachelor's,12,Internal Mobility,Yes
E02812,Employee 2812,Male,1997-07-10,Mumbai,Sales,CC200,Sales Analyst,G5,Permanent,Hybrid,2018-11-12,2024-12-25,Exited,E04353,1.0,PhD,11,Job Portal,No
E02813,Employee 2813,Female,1996-03-18,Pune,Technology,CC100,Data Analyst,G4,Permanent,Hybrid,2025-01-08,,Active,,1.0,B.Tech,2,Agency,Yes
E02814,Employee 2814,Male,1981-12-27,Bengaluru,Supply Chain,CC800,Logistics Manager,G5,Permanent,Remote,2026-01-21,,Active,,1.0,PhD,5,Agency,Yes
E02815,Employee 2815,Male,1989-05-12,Mumbai,Technology,CC100,Tech Lead,G3,Permanent,Remote,2025-10-04,,Active,E02741,1.0,B.Tech,1,Job Portal,No
E02816,Employee 2816,Male,1974-05-13,Chennai,Finance,CC400,Finance Analyst,G2,Permanent,Hybrid,2019-04-01,,Active,E01073,1.0,PhD,1,Agency,No
E02817,Employee 2817,Male,1997-04-07,Hyderabad,Human Resources,CC500,HR Manager,G3,Permanent,Onsite,2019-07-29,,Active,E02597,1.0,PhD,18,Job Portal,Yes
E02818,Employee 2818,Male,1997-10-30,Pune,Finance,CC400,Finance Analyst,G3,Permanent,Hybrid,2023-01-28,,Active,E03305,1.0,PhD,12,Internal Mobility,No
E02819,Employee 2819,Female,1994-09-04,Hyderabad,Technology,CC100,Engineering Manager,G2,Contract,Onsite,2018-04-23,,Active,E01499,1.0,Bachelor's,8,Job Portal,No
E02820,Employee 2820,Female,1995-02-11,Mumbai,Technology,CC100,Engineering Manager,G2,Permanent,Hybrid,2024-11-22,2025-08-15,Exited,E03092,1.0,MBA,0,Campus,Yes
E02821,Employee 2821,Male,1985-03-10,Noida,Human Resources,CC500,HR Business Partner,G5,Contract,Remote,2020-09-06,,Active,,0.75,MBA,18,Referral,No
E02822,Employee 2822,Male,1975-11-16,Mumbai,Finance,CC400,Finance Analyst,G2,Permanent,Hybrid,2019-04-25,,Active,E00167,1.0,MBA,4,Agency,No
E02823,Employee 2823,Male,2001-01-10,Hyderabad,Technology,CC100,Data Analyst,G4,Permanent,Hybrid,2023-05-24,,Active,,1.0,PhD,3,Job Portal,No
E02824,Employee 2824,Male,2001-07-24,Bengaluru,Marketing,CC600,Product Marketing Manager,G4,Permanent,Onsite,2024-10-15,,Active,,1.0,B.Tech,8,Company Website,No
E02825,Employee 2825,Female,1996-06-05,Pune,Finance,CC400,Finance Analyst,G5,Permanent,Onsite,2021-07-31,,Active,,1.0,M.Tech,6,LinkedIn,No
E02826,Employee 2826,Female,1985-09-04,Bengaluru,Human Resources,CC500,HR Executive,G4,Permanent,Onsite,2021-07-30,,Active,,1.0,MBA,4,Campus,Yes
E02827,Employee 2827,Male,1994-10-21,Mumbai,Operations,CC300,Operations Executive,G4,Permanent,Onsite,2020-09-21,,Active,,1.0,MBA,2,Campus,No
E02828,Employee 2828,Male,1979-09-26,Bengaluru,Supply Chain,CC800,Procurement Specialist,G2,Permanent,Hybrid,2019-06-23,,Active,E01230,1.0,Master's,12,Internal Mobility,Yes
E02829,Employee 2829,Female,1979-12-02,Hyderabad,Operations,CC300,Operations Manager,G3,Permanent,Onsite,2017-03-04,,Active,E01314,1.0,Master's,13,Internal Mobility,No
E02830,Employee 2830,Male,2000-02-18,Bengaluru,Finance,CC400,Finance Manager,G3,Permanent,Hybrid,2026-08-05,,Active,E00576,1.0,Bachelor's,15,Job Portal,No
E02831,Employee 2831,Male,2002-07-31,Gurugram,Marketing,CC600,Brand Manager,G3,Permanent,Remote,2024-04-05,,Active,E02157,1.0,MBA,16,Referral,No
E02832,Employee 2832,Male,1989-05-24,Noida,Technology,CC100,Tech Lead,G4,Permanent,Hybrid,2022-07-07,,Active,,1.0,B.Tech,5,Internal Mobility,No
E02833,Employee 2833,Female,1989-03-02,Pune,Customer Success,CC700,Support Analyst,G3,Permanent,Hybrid,2025-11-25,,Active,E01492,1.0,M.Tech,9,LinkedIn,No
E02834,Employee 2834,Female,1980-10-02,Hyderabad,Marketing,CC600,Marketing Executive,G2,Intern,Hybrid,2022-01-03,,Active,E03671,1.0,Bachelor's,14,Referral,No
E02835,Employee 2835,Male,2002-09-02,Bengaluru,Technology,CC100,Data Scientist,G3,Permanent,Hybrid,2026-04-10,,Active,E02266,1.0,PhD,11,LinkedIn,No
E02836,Employee 2836,Male,1986-08-11,Hyderabad,Human Resources,CC500,HR Manager,G3,Contract,Onsite,2020-04-24,,Active,E01247,0.75,Bachelor's,8,LinkedIn,No
E02837,Employee 2837,Female,1987-08-27,Chennai,Supply Chain,CC800,Logistics Manager,G4,Contract,Hybrid,2024-02-03,,Active,,0.5,PhD,4,Company Website,Yes
E02838,Employee 2838,Female,1978-08-15,Hyderabad,Operations,CC300,Team Lead,G2,Permanent,Remote,2021-07-10,,Active,E01205,1.0,PhD,13,Job Portal,No
E02839,Employee 2839,Male,2001-09-12,Hyderabad,Sales,CC200,Key Account Manager,G3,Permanent,Remote,2023-11-13,,Active,E04455,1.0,B.Tech,0,Referral,No
E02840,Employee 2840,Male,1989-02-06,Bengaluru,Marketing,CC600,Marketing Executive,G1,Permanent,Hybrid,2023-02-15,,Active,E02076,1.0,Master's,15,Job Portal,No
E02841,Employee 2841,Female,1991-01-02,Hyderabad,Customer Success,CC700,Customer Success Executive,G3,Contract,Hybrid,2023-09-05,,Active,E01320,0.75,B.Tech,10,Campus,Yes
E02842,Employee 2842,Male,1992-01-31,Hyderabad,Supply Chain,CC800,Supply Chain Analyst,G2,Permanent,Onsite,2023-02-21,,Active,E01803,1.0,M.Tech,16,Internal Mobility,Yes
E02843,Employee 2843,Male,1993-01-10,Bengaluru,Marketing,CC600,Product Marketing Manager,G3,Contract,Hybrid,2024-11-12,2026-08-12,Exited,E03887,0.75,MBA,8,Agency,No
E02844,Employee 2844,Male,1981-08-24,Hyderabad,Finance,CC400,Finance Manager,G3,Contract,Remote,2021-12-20,2025-01-30,Exited,E04850,0.75,PhD,18,Company Website,Yes
E02845,Employee 2845,Male,1985-07-18,Pune,Marketing,CC600,Marketing Executive,G4,Permanent,Hybrid,2018-11-08,,Active,,1.0,Bachelor's,16,Internal Mobility,No
E02846,Employee 2846,Female,1991-11-28,Bengaluru,Customer Success,CC700,Support Analyst,G2,Permanent,Hybrid,2017-10-09,2023-11-06,Exited,E01878,1.0,Master's,15,Internal Mobility,No
E02847,Employee 2847,Female,1987-01-06,Mumbai,Technology,CC100,Data Scientist,G4,Permanent,Hybrid,2022-08-28,,Active,,1.0,B.Tech,18,Company Website,No
E02848,Employee 2848,Female,1982-01-03,Mumbai,Technology,CC100,Senior Software Engineer,G2,Permanent,Remote,2021-01-24,,Active,E00122,1.0,B.Tech,18,Referral,No
E02849,Employee 2849,Female,1978-06-18,Bengaluru,Human Resources,CC500,HR Business Partner,G3,Permanent,Remote,2018-05-27,,Active,E03929,1.0,Master's,3,Internal Mobility,No
E02850,Employee 2850,Non-binary,1989-05-28,Bengaluru,Finance,CC400,Finance Manager,G3,Permanent,Hybrid,2025-03-01,,Active,E01955,1.0,B.Tech,0,Internal Mobility,No
E02851,Employee 2851,Female,1998-09-24,Pune,Technology,CC100,Software Engineer,G5,Contract,Hybrid,2021-06-03,,Active,,0.5,MBA,14,Company Website,No
E02852,Employee 2852,Female,1985-09-10,Bengaluru,Human Resources,CC500,Talent Acquisition Specialist,G1,Contract,Hybrid,2021-10-02,,Active,E03106,1.0,Master's,2,Campus,No
E02853,Employee 2853,Female,1998-06-23,Pune,Customer Success,CC700,Customer Success Executive,G3,Permanent,Onsite,2022-01-06,,Active,E01317,1.0,MBA,11,Agency,No
E02854,Employee 2854,Female,1983-10-13,Hyderabad,Marketing,CC600,Digital Marketing Analyst,G2,Permanent,Onsite,2023-04-29,,Active,E01146,1.0,M.Tech,18,LinkedIn,Yes
E02855,Employee 2855,Male,1978-04-23,Chennai,Customer Success,CC700,Customer Success Executive,G1,Permanent,Onsite,2018-03-12,,Active,E04651,1.0,Bachelor's,0,Referral,No
E02856,Employee 2856,Female,1996-02-29,Hyderabad,Marketing,CC600,Product Marketing Manager,G3,Permanent,Hybrid,2018-08-29,,Active,E01229,1.0,Master's,8,Company Website,No
E02857,Employee 2857,Male,1982-11-07,Pune,Finance,CC400,Senior Finance Analyst,G1,Permanent,Onsite,2026-07-20,,Active,E02693,1.0,MBA,3,Referral,No
E02858,Employee 2858,Female,1988-02-13,Bengaluru,Technology,CC100,Engineering Manager,G3,Permanent,Hybrid,2017-01-11,2017-08-12,Exited,E01356,1.0,Bachelor's,6,Job Portal,No
E02859,Employee 2859,Female,1982-08-27,Hyderabad,Finance,CC400,Finance Manager,G3,Permanent,Hybrid,2018-02-26,,Active,E03090,1.0,Master's,14,Campus,No
E02860,Employee 2860,Male,1985-07-03,Hyderabad,Human Resources,CC500,HR Business Partner,G6,Permanent,Remote,2023-08-31,,Active,,1.0,Bachelor's,3,Company Website,No
E02861,Employee 2861,Male,1976-07-22,Chennai,Customer Success,CC700,Customer Success Manager,G2,Intern,Onsite,2018-12-31,,Active,E00009,0.5,B.Tech,12,LinkedIn,No
E02862,Employee 2862,Female,1983-01-22,Mumbai,Technology,CC100,Software Engineer,G3,Permanent,Onsite,2024-01-09,,Active,E02814,1.0,Bachelor's,0,LinkedIn,No
E02863,Employee 2863,Male,1994-11-20,Gurugram,Finance,CC400,Finance Analyst,G3,Permanent,Hybrid,2024-02-25,,Active,,1.0,Bachelor's,6,Campus,No
E02864,Employee 2864,Female,1976-09-09,Bengaluru,Human Resources,CC500,HR Business Partner,G2,Permanent,Onsite,2017-01-12,,Active,E00689,1.0,Bachelor's,9,Internal Mobility,No
E02865,Employee 2865,Female,1981-08-30,Noida,Human Resources,CC500,HR Business Partner,G1,Permanent,Onsite,2024-07-11,,Active,E03186,1.0,MBA,2,LinkedIn,No
E02866,Employee 2866,Female,1993-08-04,Pune,Finance,CC400,Finance Manager,G3,Permanent,Remote,2022-07-21,,Active,E02148,1.0,M.Tech,4,Internal Mobility,No
E02867,Employee 2867,Male,1986-11-20,Chennai,Sales,CC200,Sales Analyst,G4,Permanent,Hybrid,2018-12-04,2022-12-17,Exited,E00298,1.0,PhD,11,Agency,No
E02868,Employee 2868,Male,1986-11-06,Hyderabad,Marketing,CC600,Marketing Executive,G4,Contract,Hybrid,2023-08-06,,Active,,1.0,Bachelor's,9,Agency,No
E02869,Employee 2869,Male,2002-05-03,Hyderabad,Supply Chain,CC800,Supply Chain Analyst,G1,Permanent,Hybrid,2024-05-15,,Active,E00774,1.0,M.Tech,1,Campus,No
E02870,Employee 2870,Female,1991-11-17,Noida,Supply Chain,CC800,Procurement Specialist,G4,Permanent,Hybrid,2019-04-20,,Active,,1.0,Master's,18,LinkedIn,No
E02871,Employee 2871,Female,1975-01-15,Mumbai,Marketing,CC600,Digital Marketing Analyst,G2,Permanent,Hybrid,2017-03-02,,Active,E02538,1.0,PhD,17,LinkedIn,No
E02872,Employee 2872,Female,1992-12-03,Hyderabad,Human Resources,CC500,HR Executive,G3,Permanent,Hybrid,2023-04-13,,Active,E03156,1.0,PhD,0,Agency,No
E02873,Employee 2873,Male,1984-04-14,Hyderabad,Human Resources,CC500,HR Executive,G3,Permanent,Remote,2019-05-18,,Active,E02363,1.0,PhD,4,Campus,No
E02874,Employee 2874,Female,1986-09-24,Gurugram,Operations,CC300,Operations Manager,G2,Permanent,Onsite,2024-02-08,,Active,E00011,1.0,Bachelor's,8,Agency,No
E02875,Employee 2875,Male,1984-11-21,Hyderabad,Supply Chain,CC800,Supply Chain Analyst,G3,Permanent,Hybrid,2018-02-20,,Active,E03065,1.0,M.Tech,18,LinkedIn,No
E02876,Employee 2876,Male,1983-02-20,Noida,Customer Success,CC700,Support Analyst,G2,Permanent,Hybrid,2025-07-18,,Active,E01471,1.0,PhD,7,LinkedIn,No
E02877,Employee 2877,Female,2001-03-29,Hyderabad,Human Resources,CC500,Talent Acquisition Specialist,G1,Intern,Hybrid,2026-01-26,,Active,E01803,0.5,Master's,9,Internal Mobility,No
E02878,Employee 2878,Male,2002-05-23,Bengaluru,Supply Chain,CC800,Procurement Specialist,G3,Permanent,Hybrid,2026-01-05,,Active,E03115,1.0,MBA,14,Job Portal,Yes
E02879,Employee 2879,Female,1981-06-26,Hyderabad,Supply Chain,CC800,Supply Chain Analyst,G2,Permanent,Hybrid,2020-08-12,,Active,E01506,1.0,Master's,17,Job Portal,No
E02880,Employee 2880,Male,1986-11-30,Noida,Sales,CC200,Account Manager,G5,Permanent,Hybrid,2017-05-18,2021-03-10,Exited,E00503,1.0,PhD,7,LinkedIn,No
E02881,Employee 2881,Female,2000-07-27,Hyderabad,Sales,CC200,Sales Executive,G6,Permanent,Onsite,2023-01-31,,Active,,1.0,MBA,16,Company Website,No
E02882,Employee 2882,Male,1977-12-26,Hyderabad,Marketing,CC600,Digital Marketing Analyst,G3,Contract,Hybrid,2018-01-07,,Active,E00414,1.0,Bachelor's,15,Campus,Yes
E02883,Employee 2883,Male,1992-11-12,Bengaluru,Finance,CC400,Finance Manager,G2,Permanent,Onsite,2025-11-12,,Active,E00714,1.0,M.Tech,3,Agency,No
E02884,Employee 2884,Male,1992-10-18,Chennai,Supply Chain,CC800,Supply Chain Analyst,G4,Permanent,Hybrid,2021-09-04,,Active,,1.0,Master's,5,Referral,No
E02885,Employee 2885,Male,1989-12-21,Bengaluru,Technology,CC100,Data Scientist,G2,Permanent,Remote,2024-09-08,,Active,E00766,1.0,M.Tech,16,Company Website,Yes
E02886,Employee 2886,Female,1985-09-30,Mumbai,Operations,CC300,Operations Analyst,G4,Contract,Remote,2024-12-22,,Active,,0.75,Master's,16,Company Website,Yes
E02887,Employee 2887,Female,1982-08-21,Bengaluru,Finance,CC400,Finance Manager,G3,Contract,Hybrid,2023-05-15,,Active,E02068,0.5,Master's,4,Campus,No
E02888,Employee 2888,Male,1975-03-02,Bengaluru,Operations,CC300,Operations Manager,G2,Contract,Hybrid,2019-08-03,2025-02-14,Exited,E01328,0.75,Master's,15,Company Website,No
E02889,Employee 2889,Female,1986-06-27,Chennai,Customer Success,CC700,Customer Success Manager,G1,Permanent,Remote,2021-05-31,,Active,E04617,1.0,B.Tech,17,LinkedIn,No
E02890,Employee 2890,Male,1998-06-06,Mumbai,Technology,CC100,Data Scientist,G3,Intern,Remote,2023-05-11,,Active,E00290,0.5,Master's,18,Company Website,Yes
E02891,Employee 2891,Male,1991-11-15,Chennai,Technology,CC100,Data Scientist,G3,Permanent,Hybrid,2019-11-11,2020-12-01,Exited,E03749,1.0,PhD,5,Job Portal,No
E02892,Employee 2892,Male,1990-12-05,Hyderabad,Customer Success,CC700,Customer Success Manager,G4,Permanent,Hybrid,2020-06-21,,Active,,1.0,Bachelor's,1,Agency,No
E02893,Employee 2893,Male,1991-08-16,Hyderabad,Marketing,CC600,Marketing Executive,G3,Contract,Hybrid,2025-04-16,,Active,E02536,0.5,Bachelor's,8,Job Portal,No
E02894,Employee 2894,Male,1998-09-24,Chennai,Marketing,CC600,Brand Manager,G3,Permanent,Hybrid,2026-03-30,,Active,E01249,1.0,MBA,11,Campus,No
E02895,Employee 2895,Male,1981-12-15,Gurugram,Technology,CC100,Software Engineer,G5,Permanent,Remote,2017-09-22,,Active,,1.0,Bachelor's,16,Company Website,Yes
E02896,Employee 2896,Female,1980-02-25,Pune,Operations,CC300,Operations Manager,G6,Permanent,Hybrid,2018-03-12,,Active,,1.0,MBA,16,Referral,Yes
E02897,Employee 2897,Female,1988-07-08,Pune,Operations,CC300,Team Lead,G2,Permanent,Hybrid,2021-12-05,,Active,E03755,1.0,B.Tech,6,Job Portal,No
E02898,Employee 2898,Male,1995-12-14,Gurugram,Supply Chain,CC800,Supply Chain Analyst,G3,Permanent,Hybrid,2022-10-23,2026-04-18,Exited,E00589,1.0,MBA,10,Internal Mobility,No
E02899,Employee 2899,Male,1996-04-28,Pune,Marketing,CC600,Brand Manager,G2,Permanent,Hybrid,2022-09-23,,Active,E01492,1.0,MBA,4,Agency,No
E02900,Employee 2900,Female,1996-02-16,Mumbai,Human Resources,CC500,HR Business Partner,G4,Permanent,Hybrid,2020-01-16,,Active,,1.0,PhD,1,LinkedIn,No
E02901,Employee 2901,Male,1996-09-29,Hyderabad,Technology,CC100,Software Engineer,G4,Permanent,Onsite,2023-01-08,,Active,,1.0,Master's,7,Company Website,Yes
E02902,Employee 2902,Male,1984-01-21,Gurugram,Operations,CC300,Operations Analyst,G2,Permanent,Hybrid,2018-12-07,,Active,E03640,1.0,B.Tech,16,Referral,No
E02903,Employee 2903,Male,1983-04-13,Mumbai,Marketing,CC600,Marketing Executive,G5,Permanent,Hybrid,2021-01-13,,Active,,1.0,PhD,18,Company Website,No
E02904,Employee 2904,Male,1976-05-20,Bengaluru,Technology,CC100,Data Analyst,G5,Permanent,Hybrid,2017-03-03,,Active,,1.0,Bachelor's,15,Internal Mobility,No
E02905,Employee 2905,Male,1988-03-15,Hyderabad,Finance,CC400,Finance Manager,G3,Intern,Hybrid,2021-02-11,,Active,E03339,0.75,Master's,6,Campus,No
E02906,Employee 2906,Male,1993-07-10,Pune,Marketing,CC600,Digital Marketing Analyst,G3,Permanent,Onsite,2019-01-10,,Active,E03779,1.0,PhD,17,Referral,No
E02907,Employee 2907,Male,1988-07-16,Hyderabad,Customer Success,CC700,Customer Success Manager,G2,Permanent,Hybrid,2022-11-15,,Active,E03943,1.0,M.Tech,0,Referral,Yes
E02908,Employee 2908,Female,1986-09-21,Hyderabad,Technology,CC100,Data Scientist,G3,Permanent,Onsite,2023-03-06,,Active,E03050,1.0,Master's,1,Campus,No
E02909,Employee 2909,Male,1999-06-13,Pune,Supply Chain,CC800,Supply Chain Analyst,G4,Permanent,Remote,2020-07-24,2024-09-29,Exited,E04854,1.0,B.Tech,6,Job Portal,Yes
E02910,Employee 2910,Male,1992-08-19,Noida,Customer Success,CC700,Support Analyst,G1,Permanent,Remote,2019-11-11,,Active,E00591,1.0,MBA,11,Campus,No
E02911,Employee 2911,Male,1981-04-02,Bengaluru,Customer Success,CC700,Support Analyst,G4,Permanent,Onsite,2021-04-19,,Active,,1.0,Master's,14,Referral,No
E02912,Employee 2912,Male,2002-01-09,Mumbai,Marketing,CC600,Product Marketing Manager,G2,Intern,Hybrid,2025-08-08,,Active,E04803,0.5,MBA,15,Referral,No
E02913,Employee 2913,Female,1986-10-07,Noida,Marketing,CC600,Product Marketing Manager,G4,Permanent,Onsite,2023-11-07,,Active,,1.0,Master's,17,Job Portal,No
E02914,Employee 2914,Female,1994-01-08,Chennai,Customer Success,CC700,Customer Success Manager,G2,Permanent,Onsite,2025-02-13,,Active,E01944,1.0,Master's,8,Referral,No
E02915,Employee 2915,Male,1990-03-13,Gurugram,Finance,CC400,Senior Finance Analyst,G3,Permanent,Hybrid,2024-07-15,,Active,E04213,1.0,Bachelor's,10,Company Website,Yes
E02916,Employee 2916,Female,1998-11-04,Chennai,Marketing,CC600,Digital Marketing Analyst,G2,Permanent,Onsite,2023-01-22,,Active,E03513,1.0,Master's,17,Job Portal,No
E02917,Employee 2917,Female,1980-01-12,Hyderabad,Marketing,CC600,Product Marketing Manager,G4,Permanent,Onsite,2022-06-16,,Active,,1.0,M.Tech,3,LinkedIn,No
E02918,Employee 2918,Male,1989-08-06,Bengaluru,Supply Chain,CC800,Procurement Specialist,G5,Intern,Hybrid,2022-01-26,2022-08-16,Exited,E03107,1.0,Master's,13,LinkedIn,No
E02919,Employee 2919,Female,1994-08-15,Hyderabad,Supply Chain,CC800,Logistics Manager,G3,Intern,Onsite,2018-01-19,2020-08-06,Exited,E01506,0.5,Bachelor's,5,Internal Mobility,No
E02920,Employee 2920,Male,1992-02-16,Hyderabad,Supply Chain,CC800,Procurement Specialist,G1,Permanent,Hybrid,2024-06-03,,Active,E00646,1.0,Master's,0,Company Website,No
E02921,Employee 2921,Female,1983-01-22,Bengaluru,Technology,CC100,Senior Software Engineer,G2,Permanent,Hybrid,2025-02-07,,Active,E04301,1.0,B.Tech,0,Campus,No
E02922,Employee 2922,Male,2001-04-27,Hyderabad,Customer Success,CC700,Support Analyst,G3,Permanent,Hybrid,2022-07-12,,Active,E04455,1.0,Master's,2,LinkedIn,No
E02923,Employee 2923,Female,1975-11-24,Mumbai,Technology,CC100,Engineering Manager,G2,Permanent,Hybrid,2018-05-25,,Active,E00063,1.0,B.Tech,10,LinkedIn,Yes
E02924,Employee 2924,Male,1986-12-08,Noida,Marketing,CC600,Brand Manager,G1,Contract,Remote,2023-11-16,,Active,E02292,0.75,MBA,4,Agency,Yes
E02925,Employee 2925,Female,1981-04-16,Chennai,Supply Chain,CC800,Procurement Specialist,G3,Permanent,Onsite,2018-02-06,,Active,E04558,1.0,PhD,1,Campus,No
E02926,Employee 2926,Female,1977-12-03,Noida,Marketing,CC600,Brand Manager,G5,Permanent,Hybrid,2019-08-06,,Active,,1.0,Master's,6,LinkedIn,No
E02927,Employee 2927,Female,1994-01-24,Bengaluru,Marketing,CC600,Marketing Executive,G3,Permanent,Hybrid,2020-03-31,2024-07-27,Exited,E02612,1.0,Bachelor's,6,Campus,No
E02928,Employee 2928,Female,1990-06-10,Noida,Technology,CC100,Tech Lead,G2,Contract,Hybrid,2019-04-05,,Active,E04534,0.5,B.Tech,3,Campus,No
E02929,Employee 2929,Male,1990-06-26,Bengaluru,Sales,CC200,Key Account Manager,G2,Permanent,Onsite,2025-10-08,,Active,E02145,1.0,M.Tech,6,Referral,No
E02930,Employee 2930,Male,1990-07-24,Noida,Technology,CC100,Data Analyst,G4,Permanent,Hybrid,2022-07-27,,Active,,1.0,MBA,10,Company Website,Yes
E02931,Employee 2931,Female,1983-07-27,Bengaluru,Customer Success,CC700,Customer Success Executive,G4,Permanent,Onsite,2023-05-05,,Active,,1.0,PhD,3,Company Website,No
E02932,Employee 2932,Male,1995-02-10,Bengaluru,Supply Chain,CC800,Planner,G1,Permanent,Onsite,2025-09-18,,Active,E04768,1.0,B.Tech,3,Campus,No
E02933,Employee 2933,Male,1990-04-09,Bengaluru,Operations,CC300,Operations Analyst,G4,Permanent,Hybrid,2020-10-15,,Active,,1.0,B.Tech,2,Agency,Yes
E02934,Employee 2934,Female,1992-10-23,Bengaluru,Finance,CC400,Finance Manager,G2,Permanent,Onsite,2017-11-11,,Active,E00801,1.0,M.Tech,0,Referral,No
E02935,Employee 2935,Male,1980-12-20,Hyderabad,Human Resources,CC500,HR Manager,G2,Intern,Onsite,2017-11-23,,Active,E00830,0.75,M.Tech,16,Campus,No
E02936,Employee 2936,Female,1988-11-01,Hyderabad,Human Resources,CC500,L&D Specialist,G1,Permanent,Hybrid,2019-09-09,,Active,E04455,1.0,M.Tech,0,Company Website,No
E02937,Employee 2937,Female,1974-10-03,Bengaluru,Human Resources,CC500,HR Manager,G5,Permanent,Hybrid,2017-08-21,,Active,,1.0,B.Tech,3,Company Website,No
E02938,Employee 2938,Male,1985-04-12,Hyderabad,Finance,CC400,Senior Finance Analyst,G4,Contract,Onsite,2023-01-30,,Active,,1.0,B.Tech,4,Referral,No
E02939,Employee 2939,Male,1983-04-21,Chennai,Human Resources,CC500,HR Executive,G5,Contract,Hybrid,2024-06-10,,Active,,1.0,PhD,5,Company Website,No
E02940,Employee 2940,Male,1990-12-08,Noida,Human Resources,CC500,L&D Specialist,G2,Permanent,Hybrid,2020-07-05,,Active,E00350,1.0,PhD,17,Referral,Yes
E02941,Employee 2941,Male,1992-06-20,Hyderabad,Human Resources,CC500,L&D Specialist,G3,Permanent,Onsite,2023-06-06,,Active,E00673,1.0,MBA,2,Job Portal,No
E02942,Employee 2942,Male,1992-08-16,Pune,Operations,CC300,Operations Manager,G3,Permanent,Onsite,2020-09-08,,Active,E03779,1.0,MBA,0,Company Website,No
E02943,Employee 2943,Female,1992-03-08,Hyderabad,Human Resources,CC500,Talent Acquisition Specialist,G3,Contract,Hybrid,2023-07-02,,Active,E04364,0.5,B.Tech,13,Company Website,No
E02944,Employee 2944,Female,1993-10-22,Mumbai,Supply Chain,CC800,Procurement Specialist,G4,Permanent,Hybrid,2019-11-08,,Active,,1.0,Master's,13,Referral,No
E02945,Employee 2945,Male,1989-11-07,Noida,Technology,CC100,Data Scientist,G3,Contract,Onsite,2022-09-20,,Active,E02860,0.5,Master's,0,Referral,No
E02946,Employee 2946,Female,1989-06-02,Chennai,Technology,CC100,Software Engineer,G1,Contract,Hybrid,2018-10-05,,Active,E01229,0.75,PhD,8,LinkedIn,No
E02947,Employee 2947,Female,1997-01-31,Hyderabad,Customer Success,CC700,Customer Success Manager,G3,Permanent,Onsite,2021-09-06,,Active,E01648,1.0,PhD,10,Job Portal,No
E02948,Employee 2948,Male,1981-03-21,Gurugram,Customer Success,CC700,Support Analyst,G3,Permanent,Hybrid,2023-01-18,,Active,E04238,1.0,MBA,12,Company Website,No
E02949,Employee 2949,Male,1991-10-01,Bengaluru,Human Resources,CC500,L&D Specialist,G3,Contract,Hybrid,2025-12-31,,Active,E01090,0.75,PhD,9,Job Portal,Yes
E02950,Employee 2950,Male,1984-07-12,Bengaluru,Finance,CC400,Finance Manager,G3,Permanent,Remote,2023-10-03,,Active,E03137,1.0,MBA,8,Campus,No
E02951,Employee 2951,Female,1978-10-05,Gurugram,Human Resources,CC500,L&D Specialist,G5,Permanent,Hybrid,2022-02-24,,Active,,1.0,Bachelor's,11,Referral,No
E02952,Employee 2952,Male,1998-01-30,Pune,Technology,CC100,Data Scientist,G4,Permanent,Hybrid,2024-03-20,,Active,,1.0,Master's,5,LinkedIn,Yes
E02953,Employee 2953,Female,1991-05-19,Bengaluru,Sales,CC200,Regional Sales Manager,G3,Permanent,Hybrid,2023-02-13,,Active,E00599,1.0,MBA,18,Referral,No
E02954,Employee 2954,Male,2002-04-04,Hyderabad,Marketing,CC600,Marketing Executive,G6,Permanent,Remote,2023-08-09,,Active,,1.0,PhD,2,Agency,No
E02955,Employee 2955,Male,1990-07-17,Mumbai,Sales,CC200,Key Account Manager,G2,Permanent,Hybrid,2018-01-27,,Active,E03129,1.0,Bachelor's,0,Campus,No
E02956,Employee 2956,Female,1999-04-24,Pune,Customer Success,CC700,Support Analyst,G6,Permanent,Hybrid,2025-12-23,,Active,,1.0,M.Tech,0,Campus,No
E02957,Employee 2957,Female,1994-07-01,Bengaluru,Sales,CC200,Regional Sales Manager,G5,Permanent,Onsite,2024-08-10,,Active,,1.0,PhD,7,Campus,No
E02958,Employee 2958,Female,2001-08-20,Bengaluru,Finance,CC400,Finance Analyst,G3,Permanent,Onsite,2023-07-17,,Active,E00341,1.0,PhD,0,Company Website,No
E02959,Employee 2959,Female,1984-06-26,Mumbai,Marketing,CC600,Brand Manager,G3,Permanent,Hybrid,2018-01-29,,Active,E04636,1.0,Master's,14,Agency,Yes
E02960,Employee 2960,Male,1991-10-25,Hyderabad,Operations,CC300,Operations Manager,G3,Contract,Hybrid,2018-04-21,2024-07-16,Exited,E01205,1.0,Master's,4,Company Website,No
E02961,Employee 2961,Male,1980-05-13,Bengaluru,Technology,CC100,Engineering Manager,G4,Contract,Onsite,2020-07-09,2021-03-18,Exited,E03749,0.75,MBA,18,Internal Mobility,No
E02962,Employee 2962,Female,1997-02-21,Bengaluru,Marketing,CC600,Product Marketing Manager,G2,Permanent,Remote,2019-11-15,,Active,E01618,1.0,PhD,4,Company Website,No
E02963,Employee 2963,Male,1980-01-29,Hyderabad,Customer Success,CC700,Customer Success Executive,G2,Contract,Hybrid,2018-03-16,,Active,E01543,1.0,PhD,9,LinkedIn,Yes
E02964,Employee 2964,Female,1991-02-27,Hyderabad,Finance,CC400,Senior Finance Analyst,G4,Permanent,Hybrid,2026-08-21,,Active,,1.0,M.Tech,1,Campus,No
E02965,Employee 2965,Male,1987-01-29,Gurugram,Marketing,CC600,Brand Manager,G5,Contract,Remote,2022-12-26,,Active,,0.5,PhD,15,LinkedIn,No
E02966,Employee 2966,Female,1998-06-22,Bengaluru,Marketing,CC600,Product Marketing Manager,G3,Permanent,Hybrid,2021-01-18,,Active,E02192,1.0,MBA,11,LinkedIn,No
E02967,Employee 2967,Male,1980-08-22,Pune,Human Resources,CC500,HR Manager,G4,Permanent,Hybrid,2017-03-08,2026-01-16,Exited,E04638,1.0,MBA,18,Company Website,No
E02968,Employee 2968,Male,1980-10-04,Hyderabad,Technology,CC100,Data Analyst,G3,Permanent,Remote,2025-04-01,,Active,E01134,1.0,Bachelor's,8,Job Portal,Yes
E02969,Employee 2969,Female,1985-05-08,Gurugram,Marketing,CC600,Product Marketing Manager,G3,Intern,Hybrid,2019-11-13,2024-03-02,Exited,E04698,0.75,PhD,5,LinkedIn,No
E02970,Employee 2970,Female,1999-02-10,Hyderabad,Human Resources,CC500,HR Executive,G2,Permanent,Remote,2025-03-17,,Active,,1.0,B.Tech,5,Referral,No
E02971,Employee 2971,Male,1987-04-21,Gurugram,Human Resources,CC500,HR Business Partner,G4,Permanent,Hybrid,2019-09-24,2021-12-04,Exited,E03673,1.0,MBA,0,LinkedIn,No
E02972,Employee 2972,Female,1991-01-23,Bengaluru,Human Resources,CC500,HR Business Partner,G4,Permanent,Hybrid,2019-10-11,2025-01-17,Exited,E00997,1.0,PhD,6,Campus,No
E02973,Employee 2973,Female,1982-03-29,Hyderabad,Technology,CC100,Senior Software Engineer,G2,Permanent,Hybrid,2026-08-23,,Active,E00052,1.0,Bachelor's,11,Job Portal,No
E02974,Employee 2974,Female,1997-05-14,Noida,Supply Chain,CC800,Logistics Manager,G1,Permanent,Remote,2022-11-15,,Active,E01692,1.0,MBA,9,Company Website,Yes
E02975,Employee 2975,Male,1991-07-15,Hyderabad,Finance,CC400,Finance Analyst,G2,Permanent,Remote,2023-12-30,,Active,E03662,1.0,B.Tech,12,LinkedIn,No
E02976,Employee 2976,Male,1998-08-08,Bengaluru,Operations,CC300,Team Lead,G4,Permanent,Hybrid,2021-04-11,,Active,,1.0,Master's,18,Campus,No
E02977,Employee 2977,Male,1994-09-16,Gurugram,Technology,CC100,Data Analyst,G4,Contract,Onsite,2023-09-23,,Active,,0.5,PhD,11,Agency,No
E02978,Employee 2978,Female,1980-10-08,Chennai,Supply Chain,CC800,Procurement Specialist,G4,Contract,Hybrid,2020-07-10,,Active,,0.5,B.Tech,11,Internal Mobility,No
E02979,Employee 2979,Male,1983-11-07,Gurugram,Marketing,CC600,Marketing Executive,G2,Permanent,Hybrid,2020-02-11,,Active,E04764,1.0,PhD,15,Referral,Yes
E02980,Employee 2980,Female,1974-06-03,Mumbai,Sales,CC200,Sales Analyst,G4,Permanent,Remote,2017-09-05,2022-08-21,Exited,E01092,1.0,Bachelor's,15,LinkedIn,No
E02981,Employee 2981,Male,1973-09-16,Noida,Human Resources,CC500,HR Business Partner,G2,Permanent,Hybrid,2017-08-06,,Active,E02726,1.0,MBA,8,Company Website,No
E02982,Employee 2982,Male,1996-04-25,Bengaluru,Finance,CC400,Finance Analyst,G4,Permanent,Hybrid,2018-01-08,2024-11-05,Exited,E01925,1.0,Bachelor's,0,Company Website,Yes
E02983,Employee 2983,Male,1991-04-28,Mumbai,Customer Success,CC700,Customer Success Manager,G4,Contract,Remote,2018-08-22,,Active,,0.75,MBA,6,Internal Mobility,No
E02984,Employee 2984,Female,1991-11-15,Pune,Sales,CC200,Key Account Manager,G2,Permanent,Hybrid,2022-11-06,,Active,E01308,1.0,MBA,3,Campus,Yes
E02985,Employee 2985,Male,1980-04-10,Gurugram,Customer Success,CC700,Support Analyst,G4,Contract,Onsite,2017-07-10,,Active,,1.0,M.Tech,15,Campus,No
E02986,Employee 2986,Female,1992-02-13,Chennai,Customer Success,CC700,Support Analyst,G4,Contract,Onsite,2017-07-12,2019-08-24,Exited,E00974,0.75,B.Tech,5,Referral,Yes
E02987,Employee 2987,Female,1996-09-16,Hyderabad,Sales,CC200,Sales Executive,G4,Permanent,Hybrid,2021-09-09,,Active,,1.0,PhD,15,Agency,No
E02988,Employee 2988,Female,1986-03-29,Gurugram,Finance,CC400,Finance Manager,G1,Permanent,Hybrid,2025-06-01,,Active,E04009,1.0,M.Tech,2,Campus,No
E02989,Employee 2989,Male,1990-09-16,Hyderabad,Supply Chain,CC800,Procurement Specialist,G2,Permanent,Hybrid,2024-09-12,,Active,E00809,1.0,PhD,4,Referral,No
E02990,Employee 2990,Male,1980-07-14,Mumbai,Customer Success,CC700,Support Analyst,G4,Permanent,Hybrid,2023-05-24,2024-04-12,Exited,E03136,1.0,PhD,6,Internal Mobility,No
E02991,Employee 2991,Male,1981-11-29,Hyderabad,Operations,CC300,Operations Analyst,G3,Contract,Hybrid,2018-02-01,2023-12-16,Exited,E03806,0.75,B.Tech,13,Internal Mobility,No
E02992,Employee 2992,Male,1995-07-15,Bengaluru,Marketing,CC600,Digital Marketing Analyst,G6,Permanent,Hybrid,2026-08-28,,Active,,1.0,Master's,0,Referral,No
E02993,Employee 2993,Male,1995-04-24,Pune,Operations,CC300,Operations Analyst,G4,Permanent,Onsite,2017-01-10,,Active,,1.0,B.Tech,5,Internal Mobility,No
E02994,Employee 2994,Female,1988-05-16,Hyderabad,Finance,CC400,Finance Analyst,G4,Contract,Hybrid,2018-04-23,,Active,,0.5,B.Tech,1,Referral,No
E02995,Employee 2995,Female,1986-01-09,Bengaluru,Finance,CC400,Senior Finance Analyst,G3,Contract,Hybrid,2025-01-05,,Active,E03106,0.5,Master's,8,Referral,Yes
E02996,Employee 2996,Female,1983-03-07,Bengaluru,Marketing,CC600,Product Marketing Manager,G2,Permanent,Hybrid,2024-06-06,,Active,E00015,1.0,Master's,8,Company Website,No
E02997,Employee 2997,Female,1979-09-12,Hyderabad,Technology,CC100,Engineering Manager,G5,Permanent,Hybrid,2021-01-29,,Active,,1.0,PhD,0,Agency,No
E02998,Employee 2998,Female,1987-02-18,Bengaluru,Supply Chain,CC800,Supply Chain Analyst,G4,Permanent,Hybrid,2024-12-26,,Active,,1.0,MBA,16,Company Website,No
E02999,Employee 2999,Female,1981-12-20,Hyderabad,Finance,CC400,Senior Finance Analyst,G3,Permanent,Hybrid,2018-09-13,,Active,E02076,1.0,PhD,4,LinkedIn,No
E03000,Employee 3000,Female,1992-06-16,Hyderabad,Finance,CC400,Senior Finance Analyst,G3,Permanent,Remote,2026-07-17,,Active,E01432,1.0,MBA,5,Referral,No
E03001,Employee 3001,Male,1994-09-17,Bengaluru,Supply Chain,CC800,Planner,G3,Permanent,Onsite,2019-07-31,,Active,,1.0,B.Tech,2,LinkedIn,No
E03002,Employee 3002,Male,1988-08-26,Mumbai,Finance,CC400,Finance Manager,G4,Permanent,Hybrid,2020-04-29,,Active,,1.0,MBA,18,Job Portal,Yes
E03003,Employee 3003,Male,1999-07-07,Bengaluru,Marketing,CC600,Marketing Executive,G3,Permanent,Onsite,2021-07-21,,Active,E04829,1.0,MBA,3,Agency,No
E03004,Employee 3004,Female,1990-03-19,Pune,Supply Chain,CC800,Supply Chain Analyst,G1,Permanent,Hybrid,2025-03-06,,Active,E04124,1.0,Bachelor's,5,Internal Mobility,No
E03005,Employee 3005,Male,1996-02-24,Hyderabad,Technology,CC100,Software Engineer,G4,Permanent,Hybrid,2019-08-27,,Active,,1.0,Master's,3,Internal Mobility,No
E03006,Employee 3006,Male,1980-05-26,Hyderabad,Technology,CC100,Tech Lead,G4,Permanent,Remote,2025-05-17,,Active,,1.0,MBA,6,Referral,No
E03007,Employee 3007,Female,1982-06-16,Bengaluru,Finance,CC400,Senior Finance Analyst,G2,Permanent,Onsite,2017-11-20,,Active,E00454,1.0,M.Tech,18,Job Portal,Yes
E03008,Employee 3008,Female,1998-07-25,Chennai,Sales,CC200,Regional Sales Manager,G5,Permanent,Hybrid,2022-11-17,,Active,,1.0,B.Tech,13,Company Website,No
E03009,Employee 3009,Male,2000-04-10,Mumbai,Human Resources,CC500,L&D Specialist,G6,Permanent,Hybrid,2024-06-15,,Active,,1.0,MBA,18,Agency,No
E03010,Employee 3010,Male,1975-11-22,Chennai,Marketing,CC600,Marketing Executive,G4,Permanent,Onsite,2017-08-23,,Active,,1.0,Bachelor's,2,LinkedIn,No
E03011,Employee 3011,Female,1991-10-10,Hyderabad,Operations,CC300,Operations Executive,G1,Permanent,Hybrid,2024-01-17,2025-03-06,Exited,E02405,1.0,M.Tech,10,Referral,No
E03012,Employee 3012,Male,1979-01-10,Hyderabad,Sales,CC200,Key Account Manager,G4,Permanent,Hybrid,2017-01-24,,Active,,1.0,Master's,3,Company Website,No
E03013,Employee 3013,Female,1980-05-14,Pune,Sales,CC200,Account Manager,G3,Intern,Hybrid,2022-06-29,2025-05-04,Exited,E01280,1.0,PhD,5,Campus,No
E03014,Employee 3014,Female,2000-02-12,Hyderabad,Supply Chain,CC800,Supply Chain Analyst,G4,Permanent,Hybrid,2023-10-18,,Active,,1.0,B.Tech,6,Job Portal,No
E03015,Employee 3015,Male,1984-03-23,Bengaluru,Operations,CC300,Operations Executive,G5,Permanent,Hybrid,2020-01-14,,Active,,1.0,B.Tech,9,LinkedIn,No
E03016,Employee 3016,Male,1982-02-03,Pune,Finance,CC400,Finance Manager,G5,Permanent,Remote,2025-11-17,2026-08-27,Exited,E03755,1.0,Master's,9,Company Website,No
E03017,Employee 3017,Male,1992-12-15,Chennai,Customer Success,CC700,Customer Success Executive,G5,Permanent,Onsite,2020-06-04,,Active,,1.0,M.Tech,6,Job Portal,No
E03018,Employee 3018,Female,1985-02-21,Hyderabad,Sales,CC200,Key Account Manager,G2,Permanent,Hybrid,2020-06-14,,Active,E02439,1.0,Master's,14,Job Portal,No
E03019,Employee 3019,Male,1981-07-07,Mumbai,Finance,CC400,Senior Finance Analyst,G4,Permanent,Hybrid,2017-12-24,,Active,,1.0,B.Tech,7,Job Portal,No
E03020,Employee 3020,Female,1982-06-27,Mumbai,Operations,CC300,Operations Analyst,G5,Permanent,Onsite,2021-11-29,,Active,,1.0,Bachelor's,3,Job Portal,No
E03021,Employee 3021,Male,1999-05-22,Hyderabad,Operations,CC300,Operations Analyst,G4,Permanent,Hybrid,2021-09-16,,Active,,1.0,MBA,7,Company Website,No
E03022,Employee 3022,Male,1997-12-25,Noida,Human Resources,CC500,L&D Specialist,G4,Permanent,Hybrid,2019-10-24,2020-03-26,Exited,E01916,1.0,MBA,12,Job Portal,No
E03023,Employee 3023,Male,1977-09-08,Hyderabad,Operations,CC300,Operations Analyst,G1,Contract,Hybrid,2021-06-30,,Active,E04351,1.0,PhD,0,Internal Mobility,No
E03024,Employee 3024,Male,1991-02-07,Hyderabad,Human Resources,CC500,HR Executive,G3,Contract,Onsite,2025-11-30,,Active,E02913,0.5,M.Tech,3,Referral,No
E03025,Employee 3025,Male,1981-05-23,Pune,Technology,CC100,Data Scientist,G1,Permanent,Hybrid,2025-04-10,,Active,,1.0,M.Tech,4,Referral,No
E03026,Employee 3026,Male,1996-02-04,Pune,Sales,CC200,Sales Analyst,G1,Permanent,Hybrid,2020-02-09,,Active,E01973,1.0,MBA,14,LinkedIn,No
E03027,Employee 3027,Male,1987-10-05,Hyderabad,Operations,CC300,Operations Manager,G6,Permanent,Onsite,2025-02-19,,Active,,1.0,B.Tech,2,Campus,No
E03028,Employee 3028,Female,1981-12-16,Hyderabad,Operations,CC300,Operations Manager,G6,Permanent,Hybrid,2024-07-16,,Active,,1.0,Master's,13,Job Portal,No
E03029,Employee 3029,Female,1994-12-12,Noida,Operations,CC300,Team Lead,G2,Permanent,Hybrid,2017-11-20,,Active,E00746,1.0,Bachelor's,10,Agency,No
E03030,Employee 3030,Male,1981-06-23,Bengaluru,Finance,CC400,Senior Finance Analyst,G2,Contract,Onsite,2024-05-19,,Active,E03668,0.5,PhD,17,Agency,No
E03031,Employee 3031,Female,1977-05-04,Noida,Sales,CC200,Key Account Manager,G4,Permanent,Hybrid,2020-07-12,,Active,,1.0,B.Tech,7,Agency,No
E03032,Employee 3032,Female,1993-08-07,Pune,Supply Chain,CC800,Procurement Specialist,G3,Permanent,Hybrid,2021-01-14,2022-06-12,Exited,E02760,1.0,B.Tech,7,LinkedIn,No
E03033,Employee 3033,Male,1984-05-21,Hyderabad,Technology,CC100,Tech Lead,G2,Permanent,Hybrid,2019-02-17,,Active,E03060,1.0,B.Tech,12,LinkedIn,No
E03034,Employee 3034,Male,1979-08-03,Chennai,Supply Chain,CC800,Planner,G4,Permanent,Hybrid,2017-01-05,,Active,,1.0,PhD,3,Internal Mobility,No
E03035,Employee 3035,Female,2004-01-02,Hyderabad,Customer Success,CC700,Customer Success Executive,G2,Contract,Hybrid,2026-07-06,,Active,E02371,0.75,MBA,4,Campus,No
E03036,Employee 3036,Male,2000-01-24,Gurugram,Operations,CC300,Operations Executive,G2,Permanent,Onsite,2026-08-15,,Active,E00406,1.0,Bachelor's,5,Referral,No
E03037,Employee 3037,Male,1982-09-18,Pune,Technology,CC100,Data Analyst,G2,Permanent,Hybrid,2018-07-03,2020-09-02,Exited,E04154,1.0,Bachelor's,13,Agency,No
E03038,Employee 3038,Female,1982-04-29,Pune,Customer Success,CC700,Customer Success Manager,G1,Permanent,Hybrid,2022-07-20,,Active,E02166,1.0,MBA,16,Campus,Yes
E03039,Employee 3039,Female,2003-06-14,Hyderabad,Technology,CC100,Data Analyst,G2,Permanent,Hybrid,2026-03-03,,Active,E00527,1.0,Master's,9,LinkedIn,No
E03040,Employee 3040,Male,1991-05-12,Pune,Sales,CC200,Sales Executive,G2,Permanent,Hybrid,2022-06-24,,Active,,1.0,M.Tech,4,Internal Mobility,No
E03041,Employee 3041,Female,1996-01-04,Gurugram,Technology,CC100,Software Engineer,G3,Permanent,Hybrid,2018-08-15,2020-11-04,Exited,E01411,1.0,M.Tech,6,Company Website,No
E03042,Employee 3042,Male,1999-11-20,Pune,Technology,CC100,Engineering Manager,G5,Contract,Hybrid,2023-07-12,,Active,,1.0,Bachelor's,18,LinkedIn,Yes
E03043,Employee 3043,Male,1982-07-29,Pune,Sales,CC200,Sales Analyst,G6,Permanent,Hybrid,2024-10-03,,Active,,1.0,Bachelor's,18,Agency,No
E03044,Employee 3044,Female,1986-07-26,Chennai,Sales,CC200,Sales Executive,G6,Permanent,Hybrid,2020-04-27,,Active,,1.0,Bachelor's,4,Campus,No
E03045,Employee 3045,Female,2000-10-21,Pune,Supply Chain,CC800,Logistics Manager,G5,Permanent,Hybrid,2022-07-17,2024-03-30,Exited,E04942,1.0,M.Tech,5,Job Portal,No
E03046,Employee 3046,Male,1996-07-23,Hyderabad,Human Resources,CC500,L&D Specialist,G4,Intern,Hybrid,2024-11-25,,Active,,0.75,B.Tech,17,Internal Mobility,No
E03047,Employee 3047,Male,1991-02-13,Hyderabad,Operations,CC300,Operations Executive,G5,Permanent,Hybrid,2017-11-16,2022-04-07,Exited,E01095,1.0,Master's,5,LinkedIn,No
E03048,Employee 3048,Female,1990-03-22,Pune,Technology,CC100,Senior Software Engineer,G1,Permanent,Onsite,2021-02-11,,Active,E01214,1.0,Bachelor's,18,Job Portal,No
E03049,Employee 3049,Male,1986-08-13,Gurugram,Sales,CC200,Sales Analyst,G2,Contract,Onsite,2019-05-06,2024-04-21,Exited,E04038,0.75,Bachelor's,1,Internal Mobility,No
E03050,Employee 3050,Male,2001-03-27,Hyderabad,Marketing,CC600,Digital Marketing Analyst,G4,Permanent,Hybrid,2025-01-19,,Active,,1.0,PhD,8,Referral,Yes
E03051,Employee 3051,Female,1979-09-26,Bengaluru,Supply Chain,CC800,Planner,G3,Contract,Hybrid,2023-06-23,,Active,E01309,1.0,B.Tech,11,Job Portal,Yes
E03052,Employee 3052,Female,1980-04-28,Chennai,Human Resources,CC500,Talent Acquisition Specialist,G4,Permanent,Onsite,2025-01-14,2026-07-29,Exited,E01369,1.0,Master's,1,Internal Mobility,No
E03053,Employee 3053,Female,1979-05-01,Mumbai,Finance,CC400,Finance Manager,G4,Intern,Onsite,2019-10-11,,Active,,1.0,MBA,16,Job Portal,No
E03054,Employee 3054,Male,1995-07-31,Bengaluru,Human Resources,CC500,HR Manager,G2,Permanent,Hybrid,2022-12-04,,Active,E03707,1.0,PhD,14,Agency,Yes
E03055,Employee 3055,Male,1996-05-11,Noida,Sales,CC200,Account Manager,G3,Contract,Onsite,2017-12-14,,Active,E04222,1.0,Bachelor's,11,Internal Mobility,No
E03056,Employee 3056,Male,1990-08-13,Hyderabad,Operations,CC300,Team Lead,G4,Permanent,Hybrid,2024-03-23,,Active,,1.0,Master's,9,Campus,No
E03057,Employee 3057,Male,1978-03-03,Pune,Sales,CC200,Regional Sales Manager,G1,Permanent,Hybrid,2019-12-13,,Active,E02211,1.0,Master's,16,Campus,No
E03058,Employee 3058,Male,1994-07-19,Gurugram,Marketing,CC600,Product Marketing Manager,G4,Permanent,Hybrid,2021-01-05,,Active,,1.0,Bachelor's,3,LinkedIn,No
E03059,Employee 3059,Female,1999-06-16,Gurugram,Marketing,CC600,Marketing Executive,G4,Permanent,Hybrid,2023-11-23,,Active,,1.0,PhD,10,Campus,No
E03060,Employee 3060,Male,1980-05-13,Hyderabad,Customer Success,CC700,Support Analyst,G4,Permanent,Onsite,2023-07-05,,Active,,1.0,MBA,12,Referral,No
E03061,Employee 3061,Female,2002-03-01,Gurugram,Customer Success,CC700,Customer Success Manager,G2,Permanent,Remote,2023-04-05,,Active,E04536,1.0,Bachelor's,7,Agency,No
E03062,Employee 3062,Female,1997-05-22,Mumbai,Operations,CC300,Operations Executive,G2,Permanent,Onsite,2022-02-27,,Active,E01862,1.0,B.Tech,14,Job Portal,No
E03063,Employee 3063,Female,1988-01-05,Mumbai,Finance,CC400,Finance Manager,G4,Permanent,Hybrid,2017-06-16,,Active,,1.0,MBA,5,Job Portal,No
E03064,Employee 3064,Female,1993-05-05,Gurugram,Customer Success,CC700,Customer Success Manager,G4,Permanent,Hybrid,2021-01-07,,Active,,1.0,M.Tech,1,Internal Mobility,No
E03065,Employee 3065,Male,1989-05-31,Hyderabad,Technology,CC100,Engineering Manager,G5,Permanent,Hybrid,2024-06-19,,Active,,1.0,B.Tech,9,Agency,Yes
E03066,Employee 3066,Female,1984-02-11,Bengaluru,Finance,CC400,Senior Finance Analyst,G2,Contract,Hybrid,2018-05-07,,Active,E01590,0.75,Bachelor's,1,LinkedIn,No
E03067,Employee 3067,Female,1994-11-28,Gurugram,Supply Chain,CC800,Planner,G4,Contract,Hybrid,2022-02-19,,Active,,0.5,Bachelor's,1,Internal Mobility,No
E03068,Employee 3068,Female,1990-01-21,Hyderabad,Marketing,CC600,Digital Marketing Analyst,G3,Intern,Remote,2022-01-28,,Active,E02126,0.75,PhD,17,Referral,No
E03069,Employee 3069,Female,1978-04-04,Gurugram,Human Resources,CC500,HR Business Partner,G1,Contract,Remote,2017-03-21,,Active,E02166,0.5,Master's,0,LinkedIn,No
E03070,Employee 3070,Female,1990-04-22,Hyderabad,Operations,CC300,Operations Analyst,G3,Permanent,Hybrid,2021-03-07,,Active,E03677,1.0,Master's,7,Internal Mobility,No
E03071,Employee 3071,Female,1985-01-02,Pune,Finance,CC400,Finance Analyst,G4,Permanent,Remote,2025-02-22,,Active,,1.0,Master's,6,Campus,No
E03072,Employee 3072,Female,1982-02-03,Pune,Technology,CC100,Data Analyst,G5,Contract,Onsite,2022-10-04,,Active,,1.0,PhD,13,Internal Mobility,Yes
E03073,Employee 3073,Male,1981-12-04,Pune,Operations,CC300,Operations Executive,G4,Permanent,Hybrid,2025-11-01,,Active,,1.0,Master's,16,Internal Mobility,No
E03074,Employee 3074,Male,1987-01-10,Hyderabad,Operations,CC300,Operations Analyst,G2,Permanent,Remote,2026-03-27,,Active,E00463,1.0,B.Tech,16,LinkedIn,No
E03075,Employee 3075,Female,1992-02-04,Gurugram,Customer Success,CC700,Support Analyst,G4,Contract,Hybrid,2026-05-02,,Active,,1.0,Master's,12,Internal Mobility,No
E03076,Employee 3076,Female,1988-02-22,Noida,Human Resources,CC500,L&D Specialist,G4,Contract,Hybrid,2025-02-25,,Active,,1.0,MBA,9,Agency,No
E03077,Employee 3077,Female,1979-08-14,Chennai,Operations,CC300,Team Lead,G3,Permanent,Hybrid,2020-12-08,,Active,E02976,1.0,MBA,18,Company Website,No
E03078,Employee 3078,Female,1990-05-02,Mumbai,Sales,CC200,Sales Executive,G1,Permanent,Hybrid,2022-09-23,,Active,E03213,1.0,Bachelor's,10,Company Website,No
E03079,Employee 3079,Male,1982-05-12,Gurugram,Human Resources,CC500,HR Manager,G4,Permanent,Hybrid,2020-01-19,,Active,,1.0,MBA,7,Referral,No
E03080,Employee 3080,Male,1982-01-22,Noida,Human Resources,CC500,HR Manager,G5,Permanent,Remote,2024-08-11,,Active,,1.0,M.Tech,12,Campus,No
E03081,Employee 3081,Male,1979-04-15,Mumbai,Human Resources,CC500,HR Executive,G1,Permanent,Hybrid,2020-08-28,2026-05-30,Exited,E02712,1.0,PhD,11,Campus,No
E03082,Employee 3082,Male,1993-11-18,Hyderabad,Sales,CC200,Key Account Manager,G4,Permanent,Onsite,2021-09-13,,Active,,1.0,Master's,12,Campus,No
E03083,Employee 3083,Female,1980-10-31,Gurugram,Sales,CC200,Sales Executive,G2,Permanent,Hybrid,2018-10-19,,Active,E03073,1.0,Master's,15,Company Website,No
E03084,Employee 3084,Male,1992-02-15,Pune,Customer Success,CC700,Customer Success Manager,G5,Contract,Onsite,2026-03-28,,Active,,0.75,Master's,12,Campus,No
E03085,Employee 3085,Female,1989-11-06,Bengaluru,Supply Chain,CC800,Logistics Manager,G3,Contract,Remote,2020-12-02,2024-04-22,Exited,E04331,1.0,M.Tech,5,Agency,No
E03086,Employee 3086,Male,2001-01-18,Bengaluru,Human Resources,CC500,L&D Specialist,G3,Permanent,Hybrid,2022-06-20,,Active,E04905,1.0,Master's,5,Company Website,No
E03087,Employee 3087,Female,1978-12-26,Noida,Technology,CC100,Engineering Manager,G2,Permanent,Onsite,2022-08-11,,Active,E01762,1.0,PhD,16,Campus,Yes
E03088,Employee 3088,Female,1991-04-17,Chennai,Human Resources,CC500,HR Executive,G1,Permanent,Hybrid,2024-04-27,,Active,E01151,1.0,PhD,1,Agency,No
E03089,Employee 3089,Female,1988-12-11,Mumbai,Technology,CC100,Software Engineer,G1,Permanent,Remote,2019-07-20,,Active,E04566,1.0,M.Tech,13,LinkedIn,No
E03090,Employee 3090,Female,1984-07-25,Pune,Operations,CC300,Operations Analyst,G4,Permanent,Hybrid,2018-12-16,,Active,,1.0,Bachelor's,0,LinkedIn,No
E03091,Employee 3091,Female,1990-10-02,Gurugram,Customer Success,CC700,Customer Success Manager,G4,Permanent,Onsite,2020-02-02,2021-08-04,Exited,E01621,1.0,Bachelor's,2,LinkedIn,No
E03092,Employee 3092,Female,1996-05-10,Pune,Technology,CC100,Data Scientist,G5,Permanent,Onsite,2025-01-20,,Active,,1.0,Master's,1,Job Portal,No
E03093,Employee 3093,Female,1982-01-20,Bengaluru,Finance,CC400,Finance Manager,G4,Permanent,Hybrid,2021-05-08,,Active,,1.0,PhD,6,Job Portal,No
E03094,Employee 3094,Female,1986-07-28,Hyderabad,Sales,CC200,Sales Executive,G3,Permanent,Hybrid,2019-08-12,,Active,E01673,1.0,MBA,16,LinkedIn,No
E03095,Employee 3095,Male,1992-07-15,Gurugram,Human Resources,CC500,HR Executive,G4,Permanent,Onsite,2024-01-17,,Active,,1.0,Bachelor's,8,Referral,No
E03096,Employee 3096,Non-binary,1987-02-03,Gurugram,Marketing,CC600,Marketing Executive,G1,Permanent,Onsite,2023-03-12,,Active,E03524,1.0,Bachelor's,8,Job Portal,Yes
E03097,Employee 3097,Male,1999-10-13,Bengaluru,Operations,CC300,Operations Manager,G1,Permanent,Hybrid,2025-06-05,,Active,,1.0,MBA,4,LinkedIn,No
E03098,Employee 3098,Male,2003-01-16,Gurugram,Technology,CC100,Tech Lead,G5,Permanent,Onsite,2026-05-27,,Active,,1.0,M.Tech,15,Job Portal,No
E03099,Employee 3099,Male,2001-12-06,Hyderabad,Supply Chain,CC800,Logistics Manager,G1,Permanent,Onsite,2025-11-02,,Active,E03767,1.0,Bachelor's,7,Referral,No
E03100,Employee 3100,Female,1979-02-06,Pune,Technology,CC100,Data Scientist,G3,Permanent,Onsite,2021-08-04,,Active,E01206,1.0,Bachelor's,5,Agency,No
E03101,Employee 3101,Male,1994-06-07,Chennai,Technology,CC100,Senior Software Engineer,G4,Contract,Hybrid,2019-04-20,,Active,,1.0,PhD,14,Agency,No
E03102,Employee 3102,Non-binary,1996-09-06,Gurugram,Technology,CC100,Senior Software Engineer,G4,Permanent,Hybrid,2025-06-24,,Active,,1.0,Master's,5,Referral,No
E03103,Employee 3103,Male,1992-06-23,Hyderabad,Sales,CC200,Sales Analyst,G4,Permanent,Onsite,2024-07-23,,Active,,1.0,M.Tech,12,Referral,No
E03104,Employee 3104,Female,1989-12-23,Bengaluru,Customer Success,CC700,Customer Success Executive,G3,Permanent,Onsite,2019-09-04,,Active,E02296,1.0,B.Tech,11,Agency,No
E03105,Employee 3105,Male,1980-08-26,Hyderabad,Operations,CC300,Operations Executive,G4,Contract,Hybrid,2023-01-30,,Active,,0.5,Bachelor's,14,Job Portal,No
E03106,Employee 3106,Male,1992-09-21,Bengaluru,Human Resources,CC500,HR Business Partner,G5,Permanent,Hybrid,2025-06-25,,Active,,1.0,M.Tech,1,Job Portal,No
E03107,Employee 3107,Female,1993-01-27,Mumbai,Sales,CC200,Regional Sales Manager,G4,Permanent,Onsite,2020-10-27,,Active,,1.0,B.Tech,14,LinkedIn,No
E03108,Employee 3108,Female,1994-10-09,Gurugram,Sales,CC200,Account Manager,G3,Permanent,Remote,2021-07-29,,Active,E01470,1.0,Bachelor's,3,LinkedIn,No
E03109,Employee 3109,Male,1997-11-29,Hyderabad,Customer Success,CC700,Customer Success Executive,G5,Permanent,Hybrid,2026-02-24,,Active,,1.0,Master's,16,Referral,No
E03110,Employee 3110,Female,1993-07-24,Bengaluru,Sales,CC200,Sales Analyst,G2,Permanent,Hybrid,2019-06-03,,Active,,1.0,MBA,17,Company Website,Yes
E03111,Employee 3111,Male,1996-06-04,Mumbai,Customer Success,CC700,Support Analyst,G3,Permanent,Hybrid,2025-03-10,,Active,E02485,1.0,Bachelor's,5,Referral,Yes
E03112,Employee 3112,Male,1994-07-12,Gurugram,Finance,CC400,Senior Finance Analyst,G4,Contract,Onsite,2017-03-23,,Active,,0.75,PhD,6,Internal Mobility,No
E03113,Employee 3113,Female,1994-07-13,Bengaluru,Human Resources,CC500,HR Business Partner,G1,Contract,Hybrid,2021-12-18,,Active,E04004,1.0,MBA,7,Agency,Yes
E03114,Employee 3114,Male,1987-09-02,Pune,Marketing,CC600,Marketing Executive,G1,Intern,Hybrid,2025-10-01,,Active,E01887,0.75,M.Tech,14,Referral,Yes
E03115,Employee 3115,Female,1998-09-17,Gurugram,Finance,CC400,Senior Finance Analyst,G4,Permanent,Hybrid,2025-12-03,,Active,,1.0,PhD,13,Agency,No
E03116,Employee 3116,Female,1994-10-03,Gurugram,Operations,CC300,Operations Executive,G2,Contract,Hybrid,2024-03-03,,Active,E00286,0.75,Bachelor's,16,Campus,No
E03117,Employee 3117,Female,1986-06-12,Bengaluru,Marketing,CC600,Product Marketing Manager,G3,Permanent,Hybrid,2026-02-26,,Active,E02101,1.0,M.Tech,3,Referral,No
E03118,Employee 3118,Male,1987-12-23,Pune,Supply Chain,CC800,Procurement Specialist,G4,Contract,Hybrid,2024-05-12,,Active,,1.0,MBA,4,Company Website,No
E03119,Employee 3119,Female,1994-10-06,Chennai,Technology,CC100,Tech Lead,G2,Contract,Hybrid,2026-08-27,,Active,E02634,0.75,Master's,12,Referral,No
E03120,Employee 3120,Female,2000-01-09,Noida,Operations,CC300,Operations Manager,G2,Permanent,Hybrid,2024-12-31,,Active,E01304,1.0,M.Tech,8,LinkedIn,No
E03121,Employee 3121,Male,1995-12-06,Bengaluru,Human Resources,CC500,Talent Acquisition Specialist,G2,Permanent,Hybrid,2022-12-07,,Active,E03391,1.0,PhD,13,Company Website,No
E03122,Employee 3122,Male,1999-01-08,Hyderabad,Customer Success,CC700,Customer Success Executive,G3,Permanent,Onsite,2020-10-22,,Active,E01606,1.0,Master's,3,Internal Mobility,Yes
E03123,Employee 3123,Male,1988-07-06,Hyderabad,Operations,CC300,Team Lead,G4,Permanent,Remote,2026-05-28,,Active,,1.0,MBA,18,Referral,No
E03124,Employee 3124,Female,1984-08-26,Mumbai,Technology,CC100,Senior Software Engineer,G2,Permanent,Remote,2022-05-27,2025-07-19,Exited,E02304,1.0,M.Tech,9,Campus,No
E03125,Employee 3125,Male,1989-09-30,Pune,Marketing,CC600,Product Marketing Manager,G4,Permanent,Onsite,2017-03-26,2019-11-08,Exited,,1.0,PhD,15,Campus,No
E03126,Employee 3126,Male,1993-06-12,Hyderabad,Customer Success,CC700,Customer Success Executive,G3,Permanent,Onsite,2026-05-07,,Active,E00052,1.0,Master's,0,Internal Mobility,No
E03127,Employee 3127,Male,1973-06-05,Bengaluru,Finance,CC400,Senior Finance Analyst,G2,Permanent,Hybrid,2017-04-06,,Active,E00353,1.0,Bachelor's,2,Company Website,No
E03128,Employee 3128,Female,2001-07-12,Bengaluru,Technology,CC100,Engineering Manager,G3,Permanent,Hybrid,2024-06-21,2026-02-26,Exited,E03414,1.0,PhD,15,Agency,No
E03129,Employee 3129,Female,1979-06-25,Chennai,Marketing,CC600,Brand Manager,G4,Permanent,Hybrid,2017-10-25,,Active,,1.0,M.Tech,1,Job Portal,No
E03130,Employee 3130,Male,1985-06-11,Chennai,Finance,CC400,Senior Finance Analyst,G2,Permanent,Remote,2026-06-26,,Active,E04825,1.0,PhD,9,LinkedIn,No
E03131,Employee 3131,Female,1988-04-17,Noida,Human Resources,CC500,L&D Specialist,G3,Permanent,Hybrid,2023-11-21,,Active,E01693,1.0,PhD,10,LinkedIn,No
E03132,Employee 3132,Female,1977-03-30,Gurugram,Technology,CC100,Tech Lead,G2,Permanent,Hybrid,2019-05-12,,Active,E04594,1.0,Master's,11,Agency,No
E03133,Employee 3133,Female,1992-06-09,Chennai,Operations,CC300,Operations Manager,G4,Permanent,Remote,2021-06-01,,Active,,1.0,B.Tech,3,Internal Mobility,No
E03134,Employee 3134,Male,1982-10-14,Bengaluru,Technology,CC100,Data Analyst,G2,Permanent,Hybrid,2021-06-14,,Active,E01543,1.0,PhD,6,Job Portal,Yes
E03135,Employee 3135,Female,2001-04-19,Noida,Technology,CC100,Senior Software Engineer,G3,Contract,Hybrid,2022-11-12,,Active,E00425,1.0,Bachelor's,2,Internal Mobility,No
E03136,Employee 3136,Male,1995-03-03,Mumbai,Sales,CC200,Sales Executive,G4,Permanent,Hybrid,2018-08-10,,Active,,1.0,B.Tech,11,Referral,No
E03137,Employee 3137,Male,1983-12-15,Hyderabad,Technology,CC100,Tech Lead,G4,Permanent,Hybrid,2026-06-16,,Active,,1.0,B.Tech,16,Campus,Yes
E03138,Employee 3138,Male,1982-08-25,Chennai,Customer Success,CC700,Customer Success Manager,G4,Permanent,Hybrid,2023-09-26,,Active,,1.0,B.Tech,6,Agency,Yes
E03139,Employee 3139,Male,1985-07-27,Hyderabad,Technology,CC100,Data Analyst,G4,Contract,Hybrid,2018-04-14,,Active,,1.0,MBA,7,Campus,Yes
E03140,Employee 3140,Male,1983-03-25,Gurugram,Finance,CC400,Finance Manager,G4,Permanent,Onsite,2017-10-30,,Active,,1.0,PhD,8,Job Portal,No
E03141,Employee 3141,Female,1982-01-21,Pune,Operations,CC300,Operations Executive,G4,Contract,Hybrid,2017-09-18,,Active,,1.0,Bachelor's,9,Company Website,No
E03142,Employee 3142,Female,1982-03-26,Hyderabad,Human Resources,CC500,HR Executive,G3,Permanent,Remote,2020-07-14,,Active,E00326,1.0,PhD,3,Campus,No
E03143,Employee 3143,Male,1992-05-02,Hyderabad,Supply Chain,CC800,Logistics Manager,G2,Permanent,Hybrid,2023-03-06,,Active,E00445,1.0,Bachelor's,1,Agency,No
E03144,Employee 3144,Male,1981-01-09,Gurugram,Customer Success,CC700,Customer Success Manager,G5,Intern,Remote,2018-03-15,,Active,,0.75,PhD,16,Internal Mobility,No
E03145,Employee 3145,Female,1988-01-10,Pune,Technology,CC100,Software Engineer,G3,Permanent,Hybrid,2021-10-05,,Active,E00678,1.0,MBA,4,Job Portal,No
E03146,Employee 3146,Male,1997-06-13,Mumbai,Human Resources,CC500,HR Business Partner,G5,Contract,Remote,2020-12-21,,Active,,1.0,PhD,6,Internal Mobility,No
E03147,Employee 3147,Female,1975-08-10,Mumbai,Customer Success,CC700,Customer Success Manager,G2,Permanent,Hybrid,2018-11-28,,Active,E02343,1.0,B.Tech,12,Referral,No
E03148,Employee 3148,Male,1981-11-18,Gurugram,Operations,CC300,Team Lead,G3,Permanent,Remote,2018-03-28,,Active,E03813,1.0,B.Tech,18,Company Website,No
E03149,Employee 3149,Female,1990-05-20,Hyderabad,Finance,CC400,Finance Analyst,G5,Contract,Hybrid,2017-12-13,2024-08-04,Exited,E00443,0.75,PhD,6,Agency,Yes
E03150,Employee 3150,Female,1990-03-16,Hyderabad,Supply Chain,CC800,Supply Chain Analyst,G3,Permanent,Hybrid,2024-04-28,,Active,E02903,1.0,B.Tech,17,Job Portal,No
E03151,Employee 3151,Non-binary,1993-01-27,Hyderabad,Operations,CC300,Operations Analyst,G4,Permanent,Remote,2019-11-06,,Active,,1.0,Master's,18,Campus,No
E03152,Employee 3152,Female,1987-03-19,Pune,Technology,CC100,Software Engineer,G3,Permanent,Hybrid,2019-01-28,2023-07-10,Exited,E02304,1.0,B.Tech,16,Campus,No
E03153,Employee 3153,Male,1978-11-13,Mumbai,Marketing,CC600,Marketing Executive,G4,Permanent,Hybrid,2017-07-28,2025-01-23,Exited,E00973,1.0,M.Tech,14,Agency,No
E03154,Employee 3154,Female,1988-09-21,Bengaluru,Operations,CC300,Team Lead,G3,Permanent,Onsite,2025-01-22,2026-02-22,Exited,E01929,1.0,Bachelor's,13,Internal Mobility,No
E03155,Employee 3155,Male,1985-01-17,Hyderabad,Technology,CC100,Data Analyst,G2,Permanent,Hybrid,2025-08-17,,Active,E02176,1.0,MBA,14,Job Portal,No
E03156,Employee 3156,Female,1998-02-01,Gurugram,Supply Chain,CC800,Procurement Specialist,G4,Contract,Remote,2024-06-09,,Active,,0.5,MBA,18,LinkedIn,Yes
E03157,Employee 3157,Female,1988-09-21,Hyderabad,Finance,CC400,Finance Manager,G2,Permanent,Hybrid,2022-10-13,,Active,E02522,1.0,B.Tech,17,Job Portal,No
E03158,Employee 3158,Male,1978-01-23,Pune,Operations,CC300,Operations Manager,G3,Permanent,Hybrid,2020-07-09,2022-09-16,Exited,E04646,1.0,PhD,6,Company Website,No
E03159,Employee 3159,Female,1980-07-17,Noida,Technology,CC100,Engineering Manager,G6,Permanent,Hybrid,2020-10-24,,Active,,1.0,Bachelor's,4,Referral,No
E03160,Employee 3160,Female,1982-08-06,Hyderabad,Technology,CC100,Data Scientist,G5,Permanent,Hybrid,2020-11-28,2025-06-19,Exited,E00339,1.0,M.Tech,0,Job Portal,No
E03161,Employee 3161,Male,1988-01-04,Mumbai,Customer Success,CC700,Customer Success Executive,G3,Contract,Hybrid,2020-10-29,,Active,E02298,0.5,Bachelor's,2,Company Website,No
E03162,Employee 3162,Male,1987-11-05,Bengaluru,Customer Success,CC700,Support Analyst,G2,Permanent,Remote,2018-07-15,,Active,E02926,1.0,Master's,13,Internal Mobility,No
E03163,Employee 3163,Male,1983-10-02,Pune,Finance,CC400,Finance Analyst,G3,Permanent,Hybrid,2022-06-11,,Active,E03317,1.0,Master's,7,Job Portal,No
E03164,Employee 3164,Male,1983-03-17,Hyderabad,Technology,CC100,Senior Software Engineer,G2,Contract,Hybrid,2020-08-01,,Active,E04521,1.0,M.Tech,6,LinkedIn,No
E03165,Employee 3165,Male,1978-12-30,Bengaluru,Finance,CC400,Senior Finance Analyst,G4,Permanent,Onsite,2018-05-18,,Active,,1.0,B.Tech,10,Campus,No
E03166,Employee 3166,Male,1985-12-06,Pune,Sales,CC200,Account Manager,G3,Permanent,Onsite,2021-04-29,,Active,E02436,1.0,PhD,4,Company Website,No
E03167,Employee 3167,Female,1992-05-05,Pune,Sales,CC200,Sales Executive,G3,Permanent,Hybrid,2020-04-20,,Active,E03513,1.0,Bachelor's,3,Referral,No
E03168,Employee 3168,Female,1990-06-29,Bengaluru,Customer Success,CC700,Customer Success Manager,G3,Permanent,Hybrid,2021-04-21,,Active,E00592,1.0,M.Tech,16,Referral,No
E03169,Employee 3169,Male,1989-03-12,Pune,Finance,CC400,Finance Manager,G3,Contract,Onsite,2020-02-01,,Active,E00041,0.75,PhD,16,Referral,No
E03170,Employee 3170,Male,1987-04-17,Hyderabad,Technology,CC100,Tech Lead,G1,Permanent,Onsite,2020-08-14,,Active,E02249,1.0,M.Tech,16,Campus,Yes
E03171,Employee 3171,Female,1980-04-06,Noida,Technology,CC100,Tech Lead,G3,Permanent,Hybrid,2022-12-25,,Active,E03384,1.0,M.Tech,2,Job Portal,No
E03172,Employee 3172,Male,1980-01-14,Hyderabad,Sales,CC200,Sales Executive,G4,Permanent,Hybrid,2023-12-06,,Active,,1.0,MBA,18,Internal Mobility,No
E03173,Employee 3173,Male,1990-12-20,Pune,Human Resources,CC500,HR Manager,G4,Permanent,Onsite,2026-05-04,,Active,,1.0,PhD,7,Company Website,Yes
E03174,Employee 3174,Male,1987-07-16,Bengaluru,Human Resources,CC500,HR Executive,G3,Contract,Onsite,2025-09-28,,Active,E03969,0.5,PhD,3,Company Website,Yes
E03175,Employee 3175,Female,1996-12-03,Hyderabad,Customer Success,CC700,Customer Success Executive,G4,Permanent,Hybrid,2024-01-22,,Active,,1.0,B.Tech,15,Campus,No
E03176,Employee 3176,Female,1975-10-03,Gurugram,Supply Chain,CC800,Planner,G2,Permanent,Onsite,2020-02-13,,Active,E01007,1.0,Master's,6,Job Portal,No
E03177,Employee 3177,Female,1984-02-03,Gurugram,Technology,CC100,Engineering Manager,G3,Permanent,Onsite,2017-11-15,,Active,E03572,1.0,PhD,8,Company Website,No
E03178,Employee 3178,Male,2000-09-19,Mumbai,Customer Success,CC700,Customer Success Manager,G3,Permanent,Hybrid,2023-02-26,,Active,E03906,1.0,B.Tech,9,LinkedIn,No
E03179,Employee 3179,Male,1999-02-03,Bengaluru,Human Resources,CC500,Talent Acquisition Specialist,G4,Permanent,Remote,2020-04-17,2020-08-27,Exited,E00286,1.0,PhD,4,Company Website,Yes
E03180,Employee 3180,Male,1995-07-31,Gurugram,Technology,CC100,Senior Software Engineer,G3,Permanent,Onsite,2026-08-31,,Active,E04704,1.0,PhD,0,Internal Mobility,No
E03181,Employee 3181,Female,1981-09-22,Mumbai,Marketing,CC600,Digital Marketing Analyst,G4,Contract,Onsite,2018-03-10,2026-02-27,Exited,E04800,0.75,Bachelor's,2,Agency,Yes
E03182,Employee 3182,Female,1973-11-18,Bengaluru,Supply Chain,CC800,Planner,G2,Permanent,Hybrid,2017-10-19,,Active,E04644,1.0,M.Tech,4,Job Portal,No
E03183,Employee 3183,Female,1993-11-06,Bengaluru,Finance,CC400,Senior Finance Analyst,G4,Permanent,Onsite,2019-03-24,,Active,,1.0,B.Tech,0,Company Website,No
E03184,Employee 3184,Female,1975-05-22,Noida,Human Resources,CC500,HR Executive,G3,Permanent,Remote,2017-10-13,2024-10-21,Exited,E00840,1.0,MBA,11,Agency,No
E03185,Employee 3185,Male,1994-12-20,Hyderabad,Sales,CC200,Sales Analyst,G2,Permanent,Hybrid,2024-10-06,,Active,E04066,1.0,B.Tech,2,Campus,No
E03186,Employee 3186,Male,1984-07-07,Hyderabad,Supply Chain,CC800,Planner,G4,Permanent,Hybrid,2020-02-19,,Active,,1.0,PhD,17,Agency,No
E03187,Employee 3187,Male,1975-06-10,Chennai,Customer Success,CC700,Support Analyst,G4,Permanent,Hybrid,2018-08-18,,Active,,1.0,Master's,12,Internal Mobility,No
E03188,Employee 3188,Male,1986-08-16,Gurugram,Sales,CC200,Sales Executive,G5,Permanent,Onsite,2018-06-28,,Active,,1.0,PhD,2,Campus,Yes
E03189,Employee 3189,Female,1979-09-29,Hyderabad,Marketing,CC600,Marketing Executive,G3,Permanent,Hybrid,2018-03-14,,Active,E00676,1.0,PhD,18,Job Portal,No
E03190,Employee 3190,Male,2000-03-09,Hyderabad,Supply Chain,CC800,Planner,G3,Permanent,Remote,2021-11-30,,Active,E02366,1.0,Master's,2,Agency,Yes
E03191,Employee 3191,Female,1985-07-15,Mumbai,Operations,CC300,Team Lead,G3,Permanent,Hybrid,2022-09-14,,Active,E01927,1.0,PhD,0,Job Portal,No
E03192,Employee 3192,Male,1997-07-12,Noida,Marketing,CC600,Digital Marketing Analyst,G4,Permanent,Onsite,2019-01-23,2020-06-08,Exited,E03107,1.0,MBA,9,LinkedIn,Yes
E03193,Employee 3193,Female,1996-07-06,Bengaluru,Technology,CC100,Engineering Manager,G6,Permanent,Remote,2019-03-17,,Active,,1.0,B.Tech,7,Company Website,No
E03194,Employee 3194,Non-binary,1991-06-26,Bengaluru,Human Resources,CC500,HR Manager,G4,Permanent,Onsite,2019-08-18,,Active,,1.0,M.Tech,0,Company Website,No
E03195,Employee 3195,Male,1998-03-07,Noida,Customer Success,CC700,Support Analyst,G2,Permanent,Onsite,2020-05-16,,Active,E02128,1.0,Bachelor's,0,Campus,No
E03196,Employee 3196,Male,1995-06-13,Noida,Sales,CC200,Sales Analyst,G2,Permanent,Onsite,2021-03-06,,Active,E01245,1.0,M.Tech,10,Agency,Yes
E03197,Employee 3197,Female,1992-09-28,Hyderabad,Operations,CC300,Operations Manager,G4,Contract,Hybrid,2022-07-26,2026-04-13,Exited,E02056,1.0,M.Tech,10,Campus,No
E03198,Employee 3198,Female,1979-01-27,Gurugram,Marketing,CC600,Brand Manager,G3,Contract,Hybrid,2021-12-13,,Active,E02673,0.75,PhD,7,Job Portal,No
E03199,Employee 3199,Male,1980-12-31,Noida,Technology,CC100,Tech Lead,G1,Contract,Remote,2019-02-27,,Active,E02682,0.75,Master's,6,LinkedIn,No
E03200,Employee 3200,Female,2002-10-04,Chennai,Human Resources,CC500,L&D Specialist,G2,Permanent,Hybrid,2024-06-16,,Active,E01610,1.0,PhD,15,Company Website,No
E03201,Employee 3201,Female,1983-12-23,Hyderabad,Supply Chain,CC800,Procurement Specialist,G3,Permanent,Onsite,2025-10-03,,Active,E03943,1.0,M.Tech,8,Company Website,No
E03202,Employee 3202,Female,1993-04-22,Hyderabad,Sales,CC200,Sales Executive,G3,Permanent,Hybrid,2017-09-07,,Active,E01794,1.0,M.Tech,12,Company Website,No
E03203,Employee 3203,Female,1991-02-07,Hyderabad,Supply Chain,CC800,Procurement Specialist,G1,Contract,Remote,2023-02-05,,Active,E00701,0.75,PhD,3,Agency,No
E03204,Employee 3204,Female,1986-11-11,Pune,Sales,CC200,Sales Executive,G4,Permanent,Remote,2023-02-04,,Active,,1.0,Bachelor's,9,Agency,No
E03205,Employee 3205,Male,1999-06-04,Chennai,Supply Chain,CC800,Supply Chain Analyst,G3,Contract,Hybrid,2025-08-10,,Active,E03342,0.75,Master's,4,Agency,No
E03206,Employee 3206,Male,1990-07-05,Chennai,Marketing,CC600,Marketing Executive,G1,Permanent,Hybrid,2024-12-13,,Active,E02020,1.0,M.Tech,8,Job Portal,Yes
E03207,Employee 3207,Male,1979-12-02,Noida,Operations,CC300,Operations Manager,G2,Permanent,Hybrid,2021-01-20,,Active,E04306,1.0,B.Tech,12,Job Portal,No
E03208,Employee 3208,Female,1988-01-04,Pune,Sales,CC200,Account Manager,G2,Permanent,Onsite,2018-01-05,,Active,E03691,1.0,B.Tech,4,Agency,No
E03209,Employee 3209,Male,1993-08-20,Mumbai,Finance,CC400,Finance Manager,G6,Permanent,Onsite,2019-11-23,,Active,,1.0,MBA,16,Campus,No
E03210,Employee 3210,Female,1999-07-30,Pune,Marketing,CC600,Digital Marketing Analyst,G2,Permanent,Onsite,2021-09-10,,Active,E03866,1.0,M.Tech,14,LinkedIn,No
E03211,Employee 3211,Female,1980-07-28,Chennai,Human Resources,CC500,HR Manager,G2,Permanent,Onsite,2018-01-27,,Active,E00063,1.0,Master's,17,Campus,No
E03212,Employee 3212,Female,1980-09-17,Pune,Supply Chain,CC800,Logistics Manager,G2,Permanent,Hybrid,2021-11-30,,Active,E03474,1.0,Master's,18,LinkedIn,No
E03213,Employee 3213,Female,2000-02-18,Chennai,Operations,CC300,Operations Executive,G5,Permanent,Remote,2021-10-28,,Active,,1.0,M.Tech,9,Agency,No
E03214,Employee 3214,Male,1987-07-02,Pune,Human Resources,CC500,HR Business Partner,G3,Contract,Onsite,2023-06-28,,Active,E03767,1.0,Master's,8,Campus,No
E03215,Employee 3215,Male,1991-08-17,Bengaluru,Technology,CC100,Tech Lead,G4,Permanent,Hybrid,2021-03-09,,Active,,1.0,MBA,16,Job Portal,No
E03216,Employee 3216,Male,1988-01-02,Noida,Customer Success,CC700,Support Analyst,G4,Permanent,Hybrid,2025-05-30,,Active,,1.0,M.Tech,17,Job Portal,No
E03217,Employee 3217,Male,1993-10-31,Bengaluru,Sales,CC200,Sales Executive,G3,Permanent,Hybrid,2022-09-24,,Active,E02292,1.0,PhD,16,Company Website,Yes
E03218,Employee 3218,Female,1984-05-16,Hyderabad,Supply Chain,CC800,Logistics Manager,G6,Contract,Hybrid,2018-01-28,,Active,,0.5,Master's,6,Internal Mobility,No
E03219,Employee 3219,Female,1986-10-07,Noida,Marketing,CC600,Digital Marketing Analyst,G1,Permanent,Hybrid,2020-10-29,,Active,E01985,1.0,Bachelor's,13,LinkedIn,No
E03220,Employee 3220,Female,1974-03-17,Bengaluru,Sales,CC200,Sales Executive,G4,Contract,Onsite,2018-04-16,2021-01-07,Exited,E03536,1.0,M.Tech,12,Agency,Yes
E03221,Employee 3221,Female,1987-04-04,Bengaluru,Customer Success,CC700,Customer Success Executive,G4,Permanent,Hybrid,2025-12-07,,Active,,1.0,Bachelor's,16,Internal Mobility,No
E03222,Employee 3222,Male,1984-01-31,Noida,Marketing,CC600,Marketing Executive,G2,Permanent,Onsite,2025-11-28,,Active,E00605,1.0,M.Tech,15,Internal Mobility,No
E03223,Employee 3223,Female,1987-08-08,Hyderabad,Customer Success,CC700,Customer Success Executive,G5,Permanent,Hybrid,2023-04-17,,Active,,1.0,Bachelor's,7,Company Website,No
E03224,Employee 3224,Male,1996-09-19,Gurugram,Supply Chain,CC800,Supply Chain Analyst,G4,Permanent,Onsite,2025-01-22,,Active,,1.0,PhD,12,Referral,No
E03225,Employee 3225,Male,1996-07-30,Bengaluru,Technology,CC100,Tech Lead,G3,Permanent,Remote,2024-10-01,,Active,E03071,1.0,B.Tech,0,LinkedIn,No
E03226,Employee 3226,Female,1991-10-22,Gurugram,Sales,CC200,Sales Analyst,G2,Permanent,Remote,2024-03-22,,Active,E04640,1.0,PhD,7,Internal Mobility,No
E03227,Employee 3227,Female,2002-11-15,Pune,Supply Chain,CC800,Planner,G4,Permanent,Hybrid,2025-04-28,,Active,,1.0,B.Tech,5,Job Portal,No
E03228,Employee 3228,Female,1985-06-25,Gurugram,Customer Success,CC700,Support Analyst,G3,Permanent,Hybrid,2023-09-13,,Active,E02249,1.0,PhD,15,Internal Mobility,No
E03229,Employee 3229,Male,1983-12-17,Mumbai,Supply Chain,CC800,Logistics Manager,G3,Permanent,Hybrid,2018-11-03,,Active,E01245,1.0,Master's,12,LinkedIn,No
E03230,Employee 3230,Female,2000-09-28,Hyderabad,Customer Success,CC700,Customer Success Manager,G2,Permanent,Onsite,2025-02-11,,Active,E04133,1.0,MBA,13,Agency,No
E03231,Employee 3231,Female,1992-06-06,Gurugram,Marketing,CC600,Product Marketing Manager,G2,Permanent,Hybrid,2025-07-28,,Active,E01714,1.0,Bachelor's,6,Company Website,No
E03232,Employee 3232,Female,1983-05-26,Chennai,Operations,CC300,Team Lead,G5,Permanent,Hybrid,2018-04-29,,Active,,1.0,B.Tech,12,Referral,No
E03233,Employee 3233,Female,1992-02-08,Bengaluru,Supply Chain,CC800,Supply Chain Analyst,G5,Permanent,Hybrid,2021-05-16,,Active,,1.0,Master's,16,LinkedIn,No
E03234,Employee 3234,Male,1994-03-15,Mumbai,Sales,CC200,Account Manager,G4,Contract,Hybrid,2021-11-03,2024-06-20,Exited,E00847,0.75,M.Tech,9,Campus,No
E03235,Employee 3235,Male,1987-12-01,Hyderabad,Marketing,CC600,Product Marketing Manager,G3,Permanent,Remote,2023-08-10,2024-06-03,Exited,E02895,1.0,MBA,14,Internal Mobility,No
E03236,Employee 3236,Female,1980-06-14,Bengaluru,Operations,CC300,Operations Manager,G3,Permanent,Hybrid,2020-07-13,,Active,E02405,1.0,PhD,15,Internal Mobility,Yes
E03237,Employee 3237,Female,1987-10-10,Gurugram,Marketing,CC600,Digital Marketing Analyst,G6,Permanent,Hybrid,2020-01-26,2026-08-13,Exited,E01660,1.0,M.Tech,16,Company Website,No
E03238,Employee 3238,Female,1975-04-08,Pune,Finance,CC400,Senior Finance Analyst,G4,Permanent,Hybrid,2020-03-24,,Active,,1.0,M.Tech,7,LinkedIn,Yes
E03239,Employee 3239,Male,1985-01-17,Mumbai,Sales,CC200,Account Manager,G5,Permanent,Hybrid,2021-03-26,2023-09-03,Exited,E04416,1.0,MBA,3,Referral,No
E03240,Employee 3240,Female,1983-11-22,Hyderabad,Marketing,CC600,Brand Manager,G3,Permanent,Hybrid,2020-01-12,2021-06-19,Exited,E03664,1.0,PhD,7,Agency,Yes
E03241,Employee 3241,Female,1980-07-14,Mumbai,Customer Success,CC700,Customer Success Executive,G3,Contract,Hybrid,2025-01-29,2025-09-08,Exited,E00339,0.75,B.Tech,10,Campus,No
E03242,Employee 3242,Male,1984-06-30,Gurugram,Finance,CC400,Finance Manager,G5,Permanent,Hybrid,2019-12-26,2026-03-10,Exited,E03930,1.0,MBA,17,Referral,No
E03243,Employee 3243,Female,1989-12-16,Hyderabad,Supply Chain,CC800,Procurement Specialist,G2,Permanent,Onsite,2024-02-20,,Active,E03858,1.0,M.Tech,17,Referral,No
E03244,Employee 3244,Female,1985-06-28,Gurugram,Sales,CC200,Regional Sales Manager,G2,Intern,Onsite,2025-12-29,,Active,E01542,0.75,B.Tech,14,Internal Mobility,No
E03245,Employee 3245,Non-binary,1983-10-24,Bengaluru,Supply Chain,CC800,Supply Chain Analyst,G1,Permanent,Hybrid,2022-08-19,2024-09-06,Exited,E01921,1.0,B.Tech,10,Company Website,No
E03246,Employee 3246,Male,1995-06-06,Hyderabad,Marketing,CC600,Brand Manager,G4,Permanent,Hybrid,2025-08-10,,Active,,1.0,B.Tech,7,LinkedIn,Yes
E03247,Employee 3247,Male,1976-12-13,Pune,Marketing,CC600,Brand Manager,G4,Permanent,Hybrid,2020-08-21,,Active,,1.0,M.Tech,8,LinkedIn,No
E03248,Employee 3248,Female,1991-10-05,Mumbai,Human Resources,CC500,HR Executive,G2,Contract,Onsite,2017-10-28,2023-11-25,Exited,E04757,1.0,MBA,16,LinkedIn,No
E03249,Employee 3249,Male,1981-12-24,Bengaluru,Human Resources,CC500,HR Executive,G4,Permanent,Hybrid,2023-03-23,,Active,,1.0,PhD,9,Agency,Yes
E03250,Employee 3250,Non-binary,1987-08-24,Noida,Operations,CC300,Operations Manager,G1,Permanent,Hybrid,2022-06-17,2022-10-18,Exited,E03790,1.0,MBA,2,Company Website,No
E03251,Employee 3251,Male,1985-01-31,Hyderabad,Human Resources,CC500,HR Business Partner,G5,Permanent,Hybrid,2019-05-19,,Active,,1.0,Bachelor's,3,Job Portal,No
E03252,Employee 3252,Female,1979-10-20,Bengaluru,Human Resources,CC500,HR Business Partner,G4,Permanent,Hybrid,2021-08-18,,Active,,1.0,B.Tech,8,Referral,No
E03253,Employee 3253,Male,1984-05-23,Hyderabad,Customer Success,CC700,Customer Success Executive,G3,Permanent,Onsite,2024-10-21,,Active,E04582,1.0,M.Tech,9,LinkedIn,No
E03254,Employee 3254,Male,1994-07-15,Hyderabad,Operations,CC300,Operations Analyst,G2,Permanent,Hybrid,2022-03-25,,Active,,1.0,Bachelor's,8,LinkedIn,No
E03255,Employee 3255,Male,1987-10-26,Chennai,Technology,CC100,Software Engineer,G1,Permanent,Hybrid,2022-10-26,2025-08-10,Exited,,1.0,Bachelor's,18,Referral,No
E03256,Employee 3256,Male,1979-09-15,Bengaluru,Sales,CC200,Sales Executive,G1,Permanent,Hybrid,2023-04-15,2023-12-17,Exited,E03892,1.0,B.Tech,5,Company Website,No
E03257,Employee 3257,Male,1983-07-23,Hyderabad,Technology,CC100,Data Analyst,G2,Contract,Onsite,2018-03-19,,Active,E04114,1.0,PhD,8,LinkedIn,No
E03258,Employee 3258,Male,1976-10-24,Chennai,Supply Chain,CC800,Planner,G3,Permanent,Hybrid,2018-01-19,,Active,E04878,1.0,Master's,5,LinkedIn,No
E03259,Employee 3259,Female,1991-05-10,Hyderabad,Technology,CC100,Data Analyst,G2,Contract,Onsite,2022-06-26,,Active,E03911,0.75,M.Tech,13,Agency,No
E03260,Employee 3260,Male,2002-02-10,Pune,Human Resources,CC500,Talent Acquisition Specialist,G3,Permanent,Remote,2023-03-22,,Active,E00990,1.0,PhD,5,Company Website,No
E03261,Employee 3261,Male,1987-01-04,Chennai,Customer Success,CC700,Support Analyst,G1,Permanent,Hybrid,2022-03-14,,Active,E03422,1.0,MBA,14,Job Portal,No
E03262,Employee 3262,Male,1988-02-28,Mumbai,Operations,CC300,Team Lead,G1,Contract,Hybrid,2019-02-13,,Active,E03482,1.0,PhD,9,Agency,No
E03263,Employee 3263,Female,1996-09-17,Hyderabad,Sales,CC200,Sales Analyst,G4,Permanent,Hybrid,2023-02-18,,Active,,1.0,Bachelor's,2,LinkedIn,Yes
E03264,Employee 3264,Female,1994-10-17,Hyderabad,Finance,CC400,Finance Analyst,G3,Permanent,Hybrid,2025-11-29,,Active,E01499,1.0,B.Tech,6,Job Portal,No
E03265,Employee 3265,Male,1998-10-23,Bengaluru,Supply Chain,CC800,Procurement Specialist,G3,Permanent,Onsite,2020-08-14,,Active,E01979,1.0,PhD,3,Job Portal,No
E03266,Employee 3266,Male,1982-05-19,Hyderabad,Human Resources,CC500,HR Manager,G3,Permanent,Onsite,2021-02-08,,Active,,1.0,Bachelor's,14,Internal Mobility,No
E03267,Employee 3267,Female,1987-04-19,Pune,Marketing,CC600,Digital Marketing Analyst,G4,Permanent,Hybrid,2022-03-27,,Active,,1.0,MBA,0,Agency,Yes
E03268,Employee 3268,Female,1985-04-22,Gurugram,Finance,CC400,Finance Manager,G4,Contract,Hybrid,2017-04-16,,Active,,0.75,M.Tech,12,LinkedIn,No
E03269,Employee 3269,Female,1981-03-03,Hyderabad,Technology,CC100,Tech Lead,G2,Permanent,Onsite,2025-12-08,,Active,E00167,1.0,Master's,13,Referral,No
E03270,Employee 3270,Non-binary,1991-02-01,Hyderabad,Technology,CC100,Software Engineer,G4,Permanent,Hybrid,2023-01-21,,Active,,1.0,PhD,6,Campus,Yes
E03271,Employee 3271,Female,1984-09-29,Chennai,Human Resources,CC500,HR Business Partner,G4,Contract,Hybrid,2018-10-11,,Active,,0.75,Bachelor's,6,Job Portal,No
E03272,Employee 3272,Non-binary,1981-10-26,Mumbai,Human Resources,CC500,L&D Specialist,G5,Permanent,Hybrid,2024-07-17,,Active,,1.0,M.Tech,12,LinkedIn,Yes
E03273,Employee 3273,Female,1983-06-14,Hyderabad,Finance,CC400,Senior Finance Analyst,G2,Permanent,Hybrid,2019-04-21,,Active,E01061,1.0,Bachelor's,3,LinkedIn,No
E03274,Employee 3274,Male,1995-05-28,Hyderabad,Sales,CC200,Sales Analyst,G2,Permanent,Hybrid,2025-06-08,,Active,E00589,1.0,Master's,2,Campus,No
E03275,Employee 3275,Male,1995-01-02,Noida,Sales,CC200,Sales Executive,G2,Permanent,Remote,2025-02-16,,Active,E04577,1.0,M.Tech,2,Internal Mobility,No
E03276,Employee 3276,Male,1996-04-01,Gurugram,Operations,CC300,Operations Executive,G1,Contract,Onsite,2021-07-11,,Active,E01981,0.5,Bachelor's,8,Campus,No
E03277,Employee 3277,Female,1988-04-16,Mumbai,Technology,CC100,Senior Software Engineer,G4,Permanent,Onsite,2021-05-14,,Active,,1.0,Master's,17,Campus,No
E03278,Employee 3278,Female,2001-10-21,Mumbai,Sales,CC200,Key Account Manager,G1,Permanent,Hybrid,2023-05-30,,Active,E02365,1.0,PhD,8,LinkedIn,No
E03279,Employee 3279,Female,1982-09-10,Gurugram,Operations,CC300,Operations Analyst,G4,Contract,Onsite,2019-03-25,2025-08-15,Exited,E00318,1.0,M.Tech,6,Job Portal,No
E03280,Employee 3280,Male,1981-08-05,Gurugram,Human Resources,CC500,HR Manager,G4,Permanent,Remote,2017-02-05,,Active,,1.0,MBA,17,LinkedIn,No
E03281,Employee 3281,Male,1983-09-08,Noida,Supply Chain,CC800,Planner,G5,Permanent,Hybrid,2025-07-31,,Active,,1.0,Master's,10,Company Website,No
E03282,Employee 3282,Female,1977-04-12,Noida,Finance,CC400,Finance Manager,G4,Contract,Hybrid,2020-10-11,2022-02-14,Exited,,1.0,MBA,4,Internal Mobility,No
E03283,Employee 3283,Male,1992-06-22,Chennai,Human Resources,CC500,HR Business Partner,G5,Permanent,Remote,2026-05-21,,Active,,1.0,PhD,14,Internal Mobility,No
E03284,Employee 3284,Female,1992-12-16,Bengaluru,Technology,CC100,Tech Lead,G3,Permanent,Onsite,2026-04-15,,Active,E00250,1.0,Master's,12,Referral,No
E03285,Employee 3285,Male,1988-10-06,Pune,Human Resources,CC500,Talent Acquisition Specialist,G4,Permanent,Remote,2019-06-30,,Active,,1.0,Master's,16,Internal Mobility,Yes
E03286,Employee 3286,Female,1979-12-30,Bengaluru,Marketing,CC600,Product Marketing Manager,G3,Permanent,Hybrid,2024-12-25,,Active,E04239,1.0,PhD,0,Company Website,Yes
E03287,Employee 3287,Male,1998-11-16,Hyderabad,Sales,CC200,Account Manager,G4,Permanent,Hybrid,2023-11-19,,Active,,1.0,MBA,11,Company Website,No
E03288,Employee 3288,Male,2001-03-25,Bengaluru,Sales,CC200,Regional Sales Manager,G4,Permanent,Remote,2023-10-01,,Active,,1.0,MBA,4,Campus,No
E03289,Employee 3289,Female,1998-04-16,Noida,Supply Chain,CC800,Planner,G4,Contract,Hybrid,2025-05-02,,Active,,0.5,MBA,5,Job Portal,No
E03290,Employee 3290,Non-binary,1995-04-15,Hyderabad,Marketing,CC600,Product Marketing Manager,G2,Permanent,Remote,2024-01-04,2026-08-30,Exited,E03021,1.0,PhD,17,Internal Mobility,No
E03291,Employee 3291,Male,1993-11-27,Pune,Sales,CC200,Sales Analyst,G3,Permanent,Onsite,2024-08-10,,Active,E02904,1.0,Master's,1,Company Website,No
E03292,Employee 3292,Female,1992-02-26,Hyderabad,Sales,CC200,Sales Executive,G2,Contract,Hybrid,2023-04-29,,Active,E03215,0.75,Bachelor's,4,Referral,No
E03293,Employee 3293,Male,1999-12-22,Bengaluru,Supply Chain,CC800,Procurement Specialist,G1,Permanent,Onsite,2026-06-20,,Active,E00840,1.0,Master's,3,Job Portal,No
E03294,Employee 3294,Female,1982-02-26,Hyderabad,Human Resources,CC500,HR Business Partner,G2,Permanent,Remote,2022-09-02,,Active,E02987,1.0,PhD,14,Company Website,No
E03295,Employee 3295,Female,1984-09-01,Mumbai,Human Resources,CC500,L&D Specialist,G3,Contract,Hybrid,2022-10-04,,Active,E02277,1.0,M.Tech,9,Internal Mobility,No
E03296,Employee 3296,Male,1996-06-07,Chennai,Operations,CC300,Operations Manager,G6,Intern,Hybrid,2020-10-30,2022-11-23,Exited,E03046,0.5,Bachelor's,17,LinkedIn,No
E03297,Employee 3297,Female,2002-12-24,Bengaluru,Human Resources,CC500,HR Executive,G3,Permanent,Onsite,2024-05-06,,Active,E02712,1.0,MBA,1,Referral,No
E03298,Employee 3298,Male,1980-07-12,Gurugram,Operations,CC300,Operations Manager,G2,Permanent,Onsite,2019-06-18,,Active,E03376,1.0,PhD,8,Job Portal,Yes
E03299,Employee 3299,Female,1990-03-26,Mumbai,Finance,CC400,Finance Manager,G2,Permanent,Hybrid,2025-11-26,,Active,E01041,1.0,MBA,1,Job Portal,No
E03300,Employee 3300,Female,1981-08-17,Gurugram,Human Resources,CC500,HR Executive,G3,Permanent,Hybrid,2018-02-15,,Active,E00997,1.0,B.Tech,6,Agency,No
E03301,Employee 3301,Male,1981-09-06,Bengaluru,Customer Success,CC700,Support Analyst,G4,Permanent,Hybrid,2023-01-02,,Active,,1.0,M.Tech,5,Agency,No
E03302,Employee 3302,Male,1989-03-26,Pune,Sales,CC200,Account Manager,G2,Permanent,Hybrid,2017-04-27,2019-03-09,Exited,E04471,1.0,PhD,0,Campus,Yes
E03303,Employee 3303,Male,1977-11-15,Pune,Operations,CC300,Team Lead,G3,Permanent,Hybrid,2022-03-10,,Active,E04518,1.0,MBA,11,Job Portal,No
E03304,Employee 3304,Male,1991-01-29,Hyderabad,Operations,CC300,Operations Analyst,G1,Permanent,Onsite,2023-02-04,2025-10-19,Exited,E04753,1.0,Bachelor's,4,Company Website,No
E03305,Employee 3305,Female,1994-01-27,Bengaluru,Finance,CC400,Finance Manager,G5,Permanent,Hybrid,2023-07-26,,Active,,1.0,B.Tech,6,LinkedIn,No
E03306,Employee 3306,Male,1988-10-06,Bengaluru,Operations,CC300,Operations Executive,G2,Permanent,Hybrid,2021-03-31,,Active,E00244,1.0,PhD,6,Job Portal,Yes
E03307,Employee 3307,Male,1981-11-13,Bengaluru,Human Resources,CC500,HR Business Partner,G4,Permanent,Hybrid,2018-01-11,2018-10-02,Exited,E03974,1.0,Bachelor's,11,Job Portal,No
E03308,Employee 3308,Female,1976-12-11,Hyderabad,Technology,CC100,Senior Software Engineer,G5,Permanent,Hybrid,2021-07-08,,Active,,1.0,MBA,13,Internal Mobility,No
E03309,Employee 3309,Female,1994-10-27,Hyderabad,Technology,CC100,Tech Lead,G4,Permanent,Hybrid,2017-08-12,2020-10-29,Exited,E03604,1.0,B.Tech,7,Referral,No
E03310,Employee 3310,Female,1987-10-12,Pune,Marketing,CC600,Brand Manager,G5,Contract,Hybrid,2017-05-12,,Active,,0.5,Bachelor's,17,Company Website,No
E03311,Employee 3311,Male,1996-06-15,Bengaluru,Finance,CC400,Finance Analyst,G2,Permanent,Hybrid,2019-05-21,,Active,E03602,1.0,MBA,11,Job Portal,No
E03312,Employee 3312,Female,1996-03-05,Bengaluru,Sales,CC200,Sales Analyst,G2,Permanent,Remote,2025-07-18,,Active,E02845,1.0,Master's,9,Company Website,No
E03313,Employee 3313,Male,1981-07-15,Hyderabad,Finance,CC400,Senior Finance Analyst,G3,Permanent,Remote,2023-05-31,,Active,E04273,1.0,B.Tech,12,Referral,No
E03314,Employee 3314,Male,1979-10-01,Gurugram,Technology,CC100,Senior Software Engineer,G4,Permanent,Onsite,2020-03-03,2023-02-08,Exited,E03042,1.0,PhD,6,LinkedIn,Yes
E03315,Employee 3315,Male,1978-12-01,Hyderabad,Customer Success,CC700,Customer Success Manager,G3,Contract,Remote,2019-01-30,,Active,E04428,0.5,Bachelor's,10,Agency,No
E03316,Employee 3316,Female,1990-07-28,Hyderabad,Technology,CC100,Software Engineer,G5,Permanent,Remote,2023-02-18,,Active,,1.0,PhD,7,LinkedIn,No
E03317,Employee 3317,Female,1980-08-23,Hyderabad,Human Resources,CC500,Talent Acquisition Specialist,G4,Permanent,Onsite,2021-11-15,,Active,,1.0,Bachelor's,9,Agency,No
E03318,Employee 3318,Female,1985-03-14,Bengaluru,Finance,CC400,Senior Finance Analyst,G2,Permanent,Remote,2021-08-02,2022-11-16,Exited,E00599,1.0,M.Tech,13,Internal Mobility,No
E03319,Employee 3319,Female,1980-03-08,Pune,Operations,CC300,Operations Executive,G4,Permanent,Remote,2019-10-02,2026-03-07,Exited,,1.0,Master's,13,Internal Mobility,No
E03320,Employee 3320,Female,1995-08-12,Chennai,Human Resources,CC500,HR Executive,G3,Contract,Hybrid,2023-10-17,,Active,E01976,0.5,Master's,8,Campus,No
E03321,Employee 3321,Male,1977-11-05,Hyderabad,Finance,CC400,Senior Finance Analyst,G4,Contract,Hybrid,2019-11-14,,Active,,0.75,Master's,9,Referral,No
E03322,Employee 3322,Female,1991-12-27,Pune,Supply Chain,CC800,Planner,G3,Permanent,Onsite,2024-03-02,,Active,E02172,1.0,Master's,3,Agency,No
E03323,Employee 3323,Male,1992-01-04,Chennai,Finance,CC400,Senior Finance Analyst,G4,Permanent,Hybrid,2021-07-25,,Active,,1.0,MBA,6,LinkedIn,No
E03324,Employee 3324,Female,1978-12-24,Hyderabad,Marketing,CC600,Marketing Executive,G4,Permanent,Hybrid,2020-05-10,2023-03-11,Exited,E03749,1.0,B.Tech,11,LinkedIn,No
E03325,Employee 3325,Female,1981-09-03,Bengaluru,Technology,CC100,Senior Software Engineer,G4,Permanent,Hybrid,2017-04-22,,Active,,1.0,B.Tech,6,Referral,Yes
E03326,Employee 3326,Female,1995-08-09,Chennai,Technology,CC100,Data Scientist,G5,Contract,Onsite,2018-09-29,2024-05-10,Exited,E02782,0.5,B.Tech,5,Internal Mobility,No
E03327,Employee 3327,Female,1988-02-18,Chennai,Finance,CC400,Finance Manager,G2,Permanent,Onsite,2023-08-23,,Active,E04046,1.0,Bachelor's,15,Company Website,No
E03328,Employee 3328,Female,1991-03-05,Bengaluru,Operations,CC300,Operations Manager,G3,Contract,Hybrid,2022-09-03,,Active,,0.75,MBA,3,Agency,Yes
E03329,Employee 3329,Female,1996-09-14,Bengaluru,Sales,CC200,Key Account Manager,G2,Permanent,Hybrid,2024-02-04,,Active,E04948,1.0,Bachelor's,1,Internal Mobility,No
E03330,Employee 3330,Male,1982-10-27,Hyderabad,Customer Success,CC700,Support Analyst,G2,Permanent,Onsite,2019-03-26,2025-04-13,Exited,E01851,1.0,M.Tech,14,Agency,No
E03331,Employee 3331,Female,1975-04-29,Hyderabad,Operations,CC300,Operations Manager,G1,Permanent,Onsite,2019-04-24,,Active,E00205,1.0,M.Tech,12,Internal Mobility,No
E03332,Employee 3332,Female,1985-01-14,Pune,Supply Chain,CC800,Supply Chain Analyst,G5,Permanent,Remote,2024-10-05,,Active,,1.0,Master's,4,Campus,Yes
E03333,Employee 3333,Male,1988-12-04,Mumbai,Supply Chain,CC800,Supply Chain Analyst,G5,Permanent,Hybrid,2019-10-17,2020-01-26,Exited,E01805,1.0,Bachelor's,15,Company Website,No
E03334,Employee 3334,Male,1992-12-31,Noida,Operations,CC300,Team Lead,G3,Permanent,Remote,2024-10-15,,Active,E01801,1.0,Master's,12,LinkedIn,No
E03335,Employee 3335,Female,1991-05-02,Bengaluru,Supply Chain,CC800,Procurement Specialist,G5,Permanent,Onsite,2022-01-28,,Active,,1.0,M.Tech,5,Job Portal,No
E03336,Employee 3336,Female,1985-12-11,Noida,Marketing,CC600,Product Marketing Manager,G4,Permanent,Remote,2023-01-06,,Active,,1.0,B.Tech,8,Campus,No
E03337,Employee 3337,Female,1982-02-12,Mumbai,Technology,CC100,Tech Lead,G4,Permanent,Onsite,2017-12-01,2026-02-25,Exited,E02145,1.0,M.Tech,4,Campus,No
E03338,Employee 3338,Male,1994-08-16,Noida,Operations,CC300,Operations Analyst,G1,Permanent,Onsite,2024-04-21,,Active,E01762,1.0,M.Tech,1,Internal Mobility,No
E03339,Employee 3339,Female,1988-03-23,Bengaluru,Operations,CC300,Operations Analyst,G5,Permanent,Hybrid,2024-04-26,,Active,,1.0,Master's,13,Referral,No
E03340,Employee 3340,Male,1988-03-15,Bengaluru,Sales,CC200,Account Manager,G2,Permanent,Hybrid,2023-11-29,,Active,E04281,1.0,B.Tech,0,Job Portal,No
E03341,Employee 3341,Male,1999-09-24,Bengaluru,Customer Success,CC700,Customer Success Manager,G3,Permanent,Hybrid,2021-07-02,,Active,E02175,1.0,Master's,6,Company Website,No
E03342,Employee 3342,Male,1995-11-16,Pune,Supply Chain,CC800,Supply Chain Analyst,G4,Permanent,Hybrid,2019-03-03,,Active,,1.0,PhD,5,Job Portal,Yes
E03343,Employee 3343,Male,1982-12-04,Pune,Operations,CC300,Team Lead,G1,Permanent,Hybrid,2018-03-12,,Active,E02234,1.0,M.Tech,17,LinkedIn,No
E03344,Employee 3344,Female,2001-10-26,Bengaluru,Operations,CC300,Operations Manager,G4,Permanent,Hybrid,2026-08-19,,Active,,1.0,B.Tech,18,Job Portal,No
E03345,Employee 3345,Male,1987-03-02,Pune,Finance,CC400,Finance Analyst,G2,Contract,Hybrid,2022-12-21,,Active,E03526,1.0,M.Tech,11,LinkedIn,No
E03346,Employee 3346,Female,1983-08-24,Bengaluru,Customer Success,CC700,Support Analyst,G4,Contract,Hybrid,2021-11-15,,Active,,1.0,Bachelor's,12,Internal Mobility,No
E03347,Employee 3347,Male,1985-04-20,Chennai,Operations,CC300,Operations Analyst,G4,Permanent,Hybrid,2023-01-15,,Active,,1.0,PhD,10,Campus,No
E03348,Employee 3348,Male,1982-12-13,Noida,Sales,CC200,Key Account Manager,G3,Permanent,Hybrid,2021-01-24,,Active,E00849,1.0,PhD,16,LinkedIn,No
E03349,Employee 3349,Male,1996-07-12,Hyderabad,Finance,CC400,Senior Finance Analyst,G2,Permanent,Hybrid,2025-05-30,,Active,E03209,1.0,Bachelor's,5,LinkedIn,No
E03350,Employee 3350,Non-binary,1993-12-04,Hyderabad,Finance,CC400,Finance Manager,G2,Permanent,Onsite,2025-11-18,,Active,E01314,1.0,Master's,1,Internal Mobility,No
E03351,Employee 3351,Male,1993-05-22,Pune,Customer Success,CC700,Customer Success Manager,G2,Permanent,Hybrid,2021-11-28,,Active,E02358,1.0,MBA,0,Referral,No
E03352,Employee 3352,Male,1978-07-16,Pune,Human Resources,CC500,HR Manager,G4,Permanent,Hybrid,2021-01-05,2022-01-12,Exited,E01586,1.0,M.Tech,11,LinkedIn,No
E03353,Employee 3353,Male,1990-11-16,Mumbai,Supply Chain,CC800,Supply Chain Analyst,G4,Permanent,Onsite,2019-03-07,2024-02-22,Exited,E02823,1.0,Bachelor's,11,Referral,No
E03354,Employee 3354,Male,1982-08-15,Chennai,Customer Success,CC700,Customer Success Manager,G1,Permanent,Hybrid,2018-10-21,,Active,E04455,1.0,PhD,18,Agency,No
E03355,Employee 3355,Male,1993-09-07,Pune,Sales,CC200,Sales Executive,G3,Permanent,Hybrid,2026-02-15,,Active,E01589,1.0,Master's,15,Campus,No
E03356,Employee 3356,Male,1993-01-10,Bengaluru,Supply Chain,CC800,Planner,G4,Permanent,Hybrid,2020-11-15,,Active,,1.0,Master's,14,Campus,No
E03357,Employee 3357,Female,1992-01-17,Bengaluru,Technology,CC100,Senior Software Engineer,G3,Permanent,Hybrid,2023-06-22,,Active,E02601,1.0,B.Tech,9,Campus,No
E03358,Employee 3358,Non-binary,1993-04-06,Chennai,Operations,CC300,Operations Manager,G4,Permanent,Hybrid,2020-01-27,,Active,,1.0,MBA,7,Company Website,No
E03359,Employee 3359,Female,1987-11-25,Mumbai,Technology,CC100,Software Engineer,G3,Permanent,Hybrid,2020-10-23,,Active,E02211,1.0,MBA,13,Internal Mobility,No
E03360,Employee 3360,Male,1988-11-09,Bengaluru,Technology,CC100,Data Analyst,G5,Permanent,Hybrid,2022-07-18,,Active,,1.0,B.Tech,13,Job Portal,No
E03361,Employee 3361,Female,1980-05-29,Gurugram,Marketing,CC600,Digital Marketing Analyst,G1,Permanent,Hybrid,2019-03-30,,Active,E02477,1.0,Master's,1,Referral,No
E03362,Employee 3362,Male,1987-12-12,Gurugram,Marketing,CC600,Marketing Executive,G3,Permanent,Onsite,2021-04-04,,Active,E03008,1.0,M.Tech,12,Agency,Yes
E03363,Employee 3363,Male,1976-12-17,Mumbai,Finance,CC400,Finance Manager,G2,Permanent,Onsite,2018-06-05,,Active,E03478,1.0,PhD,1,Campus,No
E03364,Employee 3364,Male,1987-06-06,Gurugram,Customer Success,CC700,Customer Success Manager,G4,Contract,Hybrid,2026-01-30,,Active,,0.5,M.Tech,2,Agency,No
E03365,Employee 3365,Female,1996-12-05,Gurugram,Finance,CC400,Finance Analyst,G2,Permanent,Hybrid,2023-02-27,2023-06-27,Exited,E03395,1.0,Bachelor's,11,Referral,No
E03366,Employee 3366,Female,1999-06-12,Hyderabad,Technology,CC100,Data Analyst,G4,Permanent,Remote,2025-08-02,,Active,,1.0,M.Tech,11,Internal Mobility,Yes
E03367,Employee 3367,Female,1975-12-27,Chennai,Operations,CC300,Team Lead,G4,Permanent,Hybrid,2017-09-05,,Active,,1.0,Master's,7,Job Portal,Yes
E03368,Employee 3368,Male,1982-02-19,Hyderabad,Operations,CC300,Operations Executive,G4,Permanent,Onsite,2026-05-09,,Active,,1.0,Bachelor's,10,Campus,No
E03369,Employee 3369,Male,1987-08-03,Bengaluru,Technology,CC100,Software Engineer,G1,Permanent,Onsite,2019-04-10,,Active,E03640,1.0,Bachelor's,1,Company Website,No
E03370,Employee 3370,Female,1991-10-01,Gurugram,Marketing,CC600,Brand Manager,G3,Permanent,Hybrid,2025-04-28,,Active,E00470,1.0,M.Tech,0,LinkedIn,No
E03371,Employee 3371,Male,1989-04-02,Mumbai,Supply Chain,CC800,Logistics Manager,G2,Permanent,Hybrid,2021-09-05,,Active,E03247,1.0,PhD,5,LinkedIn,No
E03372,Employee 3372,Female,1980-02-23,Bengaluru,Finance,CC400,Finance Analyst,G3,Permanent,Hybrid,2017-05-12,,Active,E03133,1.0,M.Tech,10,Company Website,No
E03373,Employee 3373,Female,1977-10-21,Chennai,Customer Success,CC700,Customer Success Manager,G4,Permanent,Hybrid,2019-02-20,,Active,,1.0,B.Tech,14,Internal Mobility,No
E03374,Employee 3374,Male,1982-05-14,Bengaluru,Finance,CC400,Finance Manager,G3,Permanent,Hybrid,2017-11-01,,Active,E03308,1.0,Master's,5,Campus,No
E03375,Employee 3375,Male,1997-06-24,Mumbai,Customer Success,CC700,Customer Success Manager,G1,Permanent,Hybrid,2023-10-16,,Active,E03080,1.0,B.Tech,3,Company Website,Yes
E03376,Employee 3376,Female,1994-11-08,Noida,Customer Success,CC700,Customer Success Executive,G4,Permanent,Hybrid,2019-01-17,,Active,,1.0,MBA,5,Agency,No
E03377,Employee 3377,Female,1990-11-19,Gurugram,Finance,CC400,Finance Analyst,G4,Contract,Remote,2023-07-07,,Active,,0.75,M.Tech,4,LinkedIn,No
E03378,Employee 3378,Female,1986-12-16,Bengaluru,Operations,CC300,Operations Analyst,G3,Permanent,Hybrid,2018-07-26,2020-05-31,Exited,E00997,1.0,M.Tech,12,Internal Mobility,No
E03379,Employee 3379,Female,1988-03-02,Hyderabad,Human Resources,CC500,Talent Acquisition Specialist,G3,Permanent,Onsite,2018-08-12,2026-07-27,Exited,E04726,1.0,MBA,0,Agency,No
E03380,Employee 3380,Male,1996-02-08,Bengaluru,Customer Success,CC700,Support Analyst,G4,Permanent,Remote,2025-03-21,,Active,,1.0,PhD,7,Campus,No
E03381,Employee 3381,Male,1997-12-25,Gurugram,Operations,CC300,Operations Analyst,G4,Permanent,Hybrid,2024-03-26,,Active,,1.0,PhD,10,Referral,No
E03382,Employee 3382,Female,1992-04-22,Bengaluru,Marketing,CC600,Marketing Executive,G6,Permanent,Remote,2019-10-27,2021-11-12,Exited,E04132,1.0,B.Tech,0,Referral,No
E03383,Employee 3383,Male,1976-06-11,Mumbai,Technology,CC100,Data Scientist,G4,Permanent,Onsite,2018-03-23,,Active,,1.0,Bachelor's,15,Internal Mobility,No
E03384,Employee 3384,Male,1978-10-14,Hyderabad,Marketing,CC600,Brand Manager,G5,Permanent,Hybrid,2021-05-29,,Active,,1.0,M.Tech,6,Referral,Yes
E03385,Employee 3385,Male,1997-04-18,Mumbai,Operations,CC300,Operations Analyst,G3,Permanent,Hybrid,2021-09-13,2024-08-13,Exited,E00191,1.0,B.Tech,6,Campus,No
E03386,Employee 3386,Female,1994-12-11,Pune,Finance,CC400,Finance Analyst,G5,Permanent,Onsite,2026-01-31,,Active,,1.0,Master's,3,Company Website,No
E03387,Employee 3387,Female,1991-07-11,Bengaluru,Sales,CC200,Account Manager,G4,Permanent,Onsite,2024-05-14,,Active,,1.0,Bachelor's,17,Job Portal,No
E03388,Employee 3388,Male,1994-09-17,Hyderabad,Operations,CC300,Operations Analyst,G3,Permanent,Hybrid,2017-02-12,,Active,E04548,1.0,M.Tech,6,Job Portal,No
E03389,Employee 3389,Male,1979-10-14,Gurugram,Sales,CC200,Account Manager,G3,Permanent,Hybrid,2017-06-05,2021-10-06,Exited,E04490,1.0,B.Tech,10,Agency,No
E03390,Employee 3390,Male,1993-03-18,Mumbai,Customer Success,CC700,Customer Success Executive,G5,Permanent,Remote,2020-10-18,,Active,,1.0,Bachelor's,14,Company Website,Yes
E03391,Employee 3391,Male,1985-03-25,Mumbai,Human Resources,CC500,HR Manager,G4,Permanent,Hybrid,2017-05-24,,Active,,1.0,B.Tech,4,Referral,Yes
E03392,Employee 3392,Female,1986-05-28,Gurugram,Sales,CC200,Account Manager,G2,Intern,Hybrid,2025-08-18,,Active,E00027,0.75,B.Tech,18,Referral,No
E03393,Employee 3393,Male,1984-05-28,Gurugram,Customer Success,CC700,Support Analyst,G3,Permanent,Hybrid,2023-05-29,,Active,,1.0,B.Tech,14,LinkedIn,No
E03394,Employee 3394,Female,1979-12-23,Hyderabad,Technology,CC100,Software Engineer,G6,Permanent,Hybrid,2024-08-16,,Active,,1.0,PhD,6,Company Website,No
E03395,Employee 3395,Male,1989-06-24,Pune,Supply Chain,CC800,Planner,G5,Permanent,Remote,2019-01-12,,Active,,1.0,PhD,7,Internal Mobility,No
E03396,Employee 3396,Male,1980-10-24,Hyderabad,Human Resources,CC500,HR Business Partner,G3,Permanent,Remote,2025-04-07,,Active,E04657,1.0,Master's,5,Internal Mobility,Yes
E03397,Employee 3397,Male,1982-07-19,Bengaluru,Technology,CC100,Software Engineer,G4,Permanent,Hybrid,2025-10-26,,Active,,1.0,M.Tech,8,Campus,Yes
E03398,Employee 3398,Female,1997-01-16,Bengaluru,Human Resources,CC500,HR Manager,G4,Permanent,Onsite,2021-07-15,,Active,,1.0,B.Tech,1,LinkedIn,No
E03399,Employee 3399,Female,1984-10-19,Bengaluru,Supply Chain,CC800,Supply Chain Analyst,G1,Permanent,Remote,2024-10-06,,Active,E02349,1.0,Master's,15,Company Website,No
E03400,Employee 3400,Male,2001-07-22,Pune,Marketing,CC600,Marketing Executive,G1,Permanent,Hybrid,2024-01-05,,Active,E03221,1.0,PhD,7,Internal Mobility,No
E03401,Employee 3401,Male,1991-01-16,Pune,Marketing,CC600,Marketing Executive,G1,Permanent,Remote,2020-11-27,,Active,E01095,1.0,Bachelor's,7,Job Portal,No
E03402,Employee 3402,Male,1994-04-26,Hyderabad,Supply Chain,CC800,Procurement Specialist,G5,Permanent,Hybrid,2024-02-25,,Active,,1.0,Bachelor's,2,LinkedIn,No
E03403,Employee 3403,Male,1980-05-04,Noida,Sales,CC200,Sales Executive,G3,Permanent,Hybrid,2017-03-18,,Active,,1.0,Bachelor's,18,Agency,Yes
E03404,Employee 3404,Female,1989-05-05,Bengaluru,Human Resources,CC500,HR Manager,G4,Permanent,Hybrid,2024-11-12,,Active,,1.0,Master's,6,LinkedIn,No
E03405,Employee 3405,Male,1984-12-15,Hyderabad,Technology,CC100,Data Scientist,G5,Permanent,Hybrid,2021-05-02,,Active,,1.0,B.Tech,4,Agency,No
E03406,Employee 3406,Female,1984-03-18,Hyderabad,Marketing,CC600,Brand Manager,G2,Permanent,Onsite,2019-04-25,,Active,E04401,1.0,Master's,17,Company Website,No
E03407,Employee 3407,Male,1977-07-19,Bengaluru,Sales,CC200,Regional Sales Manager,G3,Permanent,Remote,2017-09-02,,Active,E04640,1.0,PhD,12,Company Website,No
E03408,Employee 3408,Male,1985-09-07,Hyderabad,Customer Success,CC700,Customer Success Manager,G5,Contract,Hybrid,2024-02-26,,Active,,0.5,B.Tech,18,Agency,Yes
E03409,Employee 3409,Female,1994-07-17,Hyderabad,Operations,CC300,Operations Analyst,G2,Permanent,Onsite,2025-06-03,,Active,E00036,1.0,Master's,18,Company Website,No
E03410,Employee 3410,Female,1998-12-25,Hyderabad,Operations,CC300,Operations Manager,G5,Permanent,Hybrid,2021-03-07,,Active,,1.0,Bachelor's,15,Agency,Yes
E03411,Employee 3411,Female,1988-03-31,Pune,Operations,CC300,Operations Executive,G5,Permanent,Onsite,2021-10-08,,Active,,1.0,B.Tech,8,Referral,No
E03412,Employee 3412,Female,1985-03-17,Gurugram,Marketing,CC600,Digital Marketing Analyst,G4,Permanent,Hybrid,2023-09-30,2025-03-10,Exited,E00462,1.0,B.Tech,17,Agency,No
E03413,Employee 3413,Non-binary,1987-08-08,Bengaluru,Human Resources,CC500,Talent Acquisition Specialist,G1,Permanent,Onsite,2019-09-28,,Active,E00279,1.0,Bachelor's,6,Company Website,Yes
E03414,Employee 3414,Male,1978-05-29,Bengaluru,Supply Chain,CC800,Supply Chain Analyst,G5,Permanent,Remote,2018-04-08,,Active,,1.0,MBA,17,Internal Mobility,Yes
E03415,Employee 3415,Female,1974-02-10,Chennai,Operations,CC300,Team Lead,G4,Permanent,Hybrid,2017-01-28,2017-05-05,Exited,E03668,1.0,B.Tech,1,Agency,Yes
E03416,Employee 3416,Male,1982-10-23,Mumbai,Supply Chain,CC800,Supply Chain Analyst,G3,Permanent,Hybrid,2017-04-20,2022-12-11,Exited,E04381,1.0,M.Tech,14,LinkedIn,No
E03417,Employee 3417,Female,1984-11-08,Gurugram,Marketing,CC600,Digital Marketing Analyst,G4,Permanent,Onsite,2017-03-23,2025-05-14,Exited,E02993,1.0,Bachelor's,13,LinkedIn,No
E03418,Employee 3418,Female,1982-03-11,Bengaluru,Marketing,CC600,Digital Marketing Analyst,G2,Contract,Hybrid,2019-11-16,,Active,E03528,0.75,MBA,6,LinkedIn,No
E03419,Employee 3419,Male,2001-10-30,Hyderabad,Human Resources,CC500,HR Executive,G3,Permanent,Hybrid,2025-05-06,,Active,E03668,1.0,M.Tech,7,Job Portal,No
E03420,Employee 3420,Female,1991-02-21,Hyderabad,Supply Chain,CC800,Supply Chain Analyst,G4,Contract,Hybrid,2022-02-05,2024-04-06,Exited,E03903,1.0,B.Tech,3,Job Portal,Yes
E03421,Employee 3421,Male,1988-09-15,Chennai,Human Resources,CC500,HR Manager,G3,Permanent,Remote,2023-08-25,,Active,E03053,1.0,Master's,14,Internal Mobility,No
E03422,Employee 3422,Male,1989-11-20,Hyderabad,Customer Success,CC700,Customer Success Executive,G4,Permanent,Hybrid,2021-04-12,,Active,,1.0,PhD,9,Job Portal,Yes
E03423,Employee 3423,Male,1980-10-11,Hyderabad,Technology,CC100,Software Engineer,G3,Contract,Onsite,2020-11-08,,Active,E00358,1.0,M.Tech,6,Campus,No
E03424,Employee 3424,Male,1995-03-08,Mumbai,Marketing,CC600,Brand Manager,G4,Permanent,Onsite,2017-01-11,2020-01-08,Exited,E01769,1.0,Master's,5,Referral,No
E03425,Employee 3425,Male,1972-02-26,Hyderabad,Human Resources,CC500,HR Manager,G4,Permanent,Hybrid,2017-01-21,,Active,,1.0,M.Tech,9,Internal Mobility,No
E03426,Employee 3426,Male,1980-02-04,Pune,Customer Success,CC700,Customer Success Executive,G3,Permanent,Remote,2017-08-06,2026-06-21,Exited,E01598,1.0,Bachelor's,11,Job Portal,No
E03427,Employee 3427,Female,1994-08-02,Noida,Customer Success,CC700,Support Analyst,G2,Permanent,Hybrid,2019-08-13,,Active,E01742,1.0,M.Tech,14,LinkedIn,No
E03428,Employee 3428,Male,1988-01-04,Gurugram,Customer Success,CC700,Customer Success Manager,G3,Permanent,Hybrid,2026-07-28,,Active,E03246,1.0,B.Tech,10,LinkedIn,No
E03429,Employee 3429,Male,1985-11-09,Gurugram,Supply Chain,CC800,Logistics Manager,G2,Permanent,Hybrid,2017-08-05,,Active,E04990,1.0,B.Tech,16,Agency,No
E03430,Employee 3430,Male,1998-04-09,Mumbai,Operations,CC300,Operations Executive,G5,Permanent,Hybrid,2020-12-17,,Active,,1.0,Master's,2,Internal Mobility,No
E03431,Employee 3431,Male,1977-03-17,Bengaluru,Sales,CC200,Sales Analyst,G4,Permanent,Hybrid,2019-08-18,2025-10-29,Exited,E02933,1.0,B.Tech,9,Internal Mobility,Yes
E03432,Employee 3432,Female,1980-08-14,Pune,Finance,CC400,Finance Manager,G4,Permanent,Hybrid,2021-08-22,,Active,,1.0,B.Tech,17,Referral,No
E03433,Employee 3433,Male,1990-12-04,Noida,Human Resources,CC500,HR Executive,G5,Permanent,Hybrid,2022-12-20,,Active,,1.0,B.Tech,1,Campus,No
E03434,Employee 3434,Male,1996-07-10,Bengaluru,Technology,CC100,Data Scientist,G3,Contract,Hybrid,2018-04-18,,Active,E00413,0.75,M.Tech,5,Internal Mobility,Yes
E03435,Employee 3435,Male,1981-08-14,Hyderabad,Marketing,CC600,Brand Manager,G5,Permanent,Hybrid,2022-12-01,,Active,,1.0,MBA,7,LinkedIn,No
E03436,Employee 3436,Female,1993-09-17,Bengaluru,Finance,CC400,Senior Finance Analyst,G3,Permanent,Hybrid,2024-05-09,,Active,E03380,1.0,MBA,12,Agency,No
E03437,Employee 3437,Female,1997-04-12,Mumbai,Human Resources,CC500,L&D Specialist,G4,Permanent,Hybrid,2025-08-05,,Active,,1.0,M.Tech,16,Campus,No
E03438,Employee 3438,Female,1977-01-24,Hyderabad,Human Resources,CC500,L&D Specialist,G4,Permanent,Remote,2018-08-12,,Active,,1.0,MBA,5,Agency,No
E03439,Employee 3439,Female,1973-01-26,Mumbai,Technology,CC100,Data Scientist,G3,Permanent,Hybrid,2017-09-26,,Active,E03368,1.0,B.Tech,4,Campus,No
E03440,Employee 3440,Male,1994-02-10,Pune,Operations,CC300,Operations Manager,G5,Permanent,Hybrid,2018-10-27,,Active,,1.0,B.Tech,4,Agency,No
E03441,Employee 3441,Female,1983-05-23,Pune,Customer Success,CC700,Support Analyst,G4,Permanent,Remote,2023-09-27,2025-02-25,Exited,,1.0,MBA,0,Campus,Yes
E03442,Employee 3442,Male,1990-07-13,Hyderabad,Marketing,CC600,Marketing Executive,G2,Permanent,Onsite,2020-08-28,,Active,E03542,1.0,Bachelor's,7,Referral,No
E03443,Employee 3443,Female,1995-04-27,Gurugram,Technology,CC100,Tech Lead,G6,Contract,Onsite,2022-08-28,2025-01-13,Exited,E01754,1.0,M.Tech,5,Agency,No
E03444,Employee 3444,Female,1990-09-08,Gurugram,Technology,CC100,Data Analyst,G5,Permanent,Onsite,2022-10-18,,Active,,1.0,Master's,8,LinkedIn,No
E03445,Employee 3445,Female,1982-01-20,Bengaluru,Operations,CC300,Operations Analyst,G4,Permanent,Hybrid,2018-04-24,,Active,,1.0,PhD,5,Internal Mobility,Yes
E03446,Employee 3446,Female,1992-12-04,Bengaluru,Customer Success,CC700,Customer Success Executive,G6,Permanent,Hybrid,2018-05-01,,Active,,1.0,PhD,8,Campus,No
E03447,Employee 3447,Female,1989-07-23,Gurugram,Technology,CC100,Tech Lead,G3,Contract,Hybrid,2018-08-07,,Active,E01569,0.75,Master's,13,Referral,No
E03448,Employee 3448,Male,1978-11-23,Noida,Technology,CC100,Software Engineer,G2,Permanent,Onsite,2019-12-31,,Active,E03251,1.0,Bachelor's,9,Campus,Yes
E03449,Employee 3449,Female,1984-10-14,Hyderabad,Customer Success,CC700,Support Analyst,G5,Permanent,Hybrid,2019-01-09,,Active,,1.0,MBA,13,Referral,No
E03450,Employee 3450,Male,1992-04-03,Gurugram,Sales,CC200,Sales Analyst,G3,Permanent,Onsite,2026-06-19,,Active,E04149,1.0,PhD,5,LinkedIn,No
E03451,Employee 3451,Female,2000-03-29,Noida,Marketing,CC600,Product Marketing Manager,G3,Permanent,Onsite,2022-05-12,,Active,E00074,1.0,B.Tech,0,Campus,No
E03452,Employee 3452,Male,1986-03-14,Pune,Technology,CC100,Engineering Manager,G3,Permanent,Hybrid,2017-05-03,,Active,E04640,1.0,Master's,12,Job Portal,No
E03453,Employee 3453,Female,1995-12-21,Gurugram,Technology,CC100,Software Engineer,G4,Permanent,Hybrid,2025-01-31,,Active,,1.0,M.Tech,11,Internal Mobility,No
E03454,Employee 3454,Female,1991-08-21,Hyderabad,Operations,CC300,Operations Executive,G4,Permanent,Hybrid,2020-11-16,,Active,,1.0,MBA,16,Agency,No
E03455,Employee 3455,Male,1989-12-21,Chennai,Human Resources,CC500,Talent Acquisition Specialist,G2,Permanent,Onsite,2024-06-04,,Active,E04679,1.0,Master's,18,Agency,No
E03456,Employee 3456,Male,1992-08-23,Hyderabad,Human Resources,CC500,HR Manager,G3,Permanent,Onsite,2023-10-12,2024-06-16,Exited,E04290,1.0,MBA,12,Referral,No
E03457,Employee 3457,Male,1981-07-08,Noida,Technology,CC100,Tech Lead,G4,Permanent,Hybrid,2022-05-24,,Active,,1.0,Bachelor's,13,Campus,No
E03458,Employee 3458,Female,2001-01-16,Pune,Finance,CC400,Senior Finance Analyst,G2,Permanent,Remote,2026-01-10,,Active,E00264,1.0,Master's,5,Job Portal,No
E03459,Employee 3459,Male,1999-10-01,Hyderabad,Marketing,CC600,Digital Marketing Analyst,G3,Permanent,Hybrid,2025-12-17,,Active,E01506,1.0,Master's,13,Company Website,Yes
E03460,Employee 3460,Male,1987-08-17,Hyderabad,Finance,CC400,Senior Finance Analyst,G4,Permanent,Hybrid,2022-03-26,,Active,,1.0,MBA,0,Campus,No
E03461,Employee 3461,Female,1993-10-02,Bengaluru,Marketing,CC600,Product Marketing Manager,G3,Permanent,Hybrid,2025-12-12,,Active,E01401,1.0,MBA,9,Internal Mobility,Yes
E03462,Employee 3462,Female,1998-04-24,Noida,Marketing,CC600,Marketing Executive,G3,Permanent,Hybrid,2024-12-08,,Active,E04210,1.0,Bachelor's,8,Job Portal,Yes
E03463,Employee 3463,Female,1994-06-26,Noida,Human Resources,CC500,HR Executive,G3,Permanent,Hybrid,2019-11-26,2021-05-07,Exited,E02128,1.0,PhD,2,Internal Mobility,No
E03464,Employee 3464,Female,1996-09-01,Mumbai,Marketing,CC600,Brand Manager,G3,Permanent,Hybrid,2020-10-11,,Active,E00286,1.0,Master's,17,Agency,No
E03465,Employee 3465,Male,1995-03-24,Mumbai,Sales,CC200,Sales Executive,G4,Permanent,Hybrid,2025-05-24,,Active,,1.0,B.Tech,12,Campus,No
E03466,Employee 3466,Female,1994-12-04,Hyderabad,Technology,CC100,Software Engineer,G2,Permanent,Hybrid,2018-09-16,,Active,E01750,1.0,MBA,5,LinkedIn,No
E03467,Employee 3467,Male,1996-07-31,Bengaluru,Operations,CC300,Operations Executive,G5,Permanent,Onsite,2025-09-28,,Active,,1.0,Bachelor's,9,LinkedIn,No
E03468,Employee 3468,Male,1981-12-05,Pune,Sales,CC200,Sales Executive,G4,Permanent,Hybrid,2018-08-13,,Active,,1.0,M.Tech,4,Referral,No
E03469,Employee 3469,Male,1991-01-10,Pune,Technology,CC100,Engineering Manager,G4,Permanent,Onsite,2021-10-07,,Active,,1.0,MBA,9,LinkedIn,No
E03470,Employee 3470,Male,1987-02-18,Hyderabad,Supply Chain,CC800,Supply Chain Analyst,G4,Permanent,Hybrid,2024-06-23,,Active,,1.0,PhD,10,LinkedIn,No
E03471,Employee 3471,Female,1981-03-30,Noida,Technology,CC100,Senior Software Engineer,G3,Permanent,Hybrid,2021-03-27,,Active,E01608,1.0,Bachelor's,8,Company Website,No
E03472,Employee 3472,Female,1975-12-27,Pune,Supply Chain,CC800,Supply Chain Analyst,G3,Permanent,Remote,2019-03-02,,Active,E04467,1.0,Master's,14,Agency,No
E03473,Employee 3473,Male,1979-02-26,Pune,Finance,CC400,Senior Finance Analyst,G4,Contract,Onsite,2017-11-25,2024-12-23,Exited,E03822,0.5,Bachelor's,13,Company Website,No
E03474,Employee 3474,Male,1982-02-26,Hyderabad,Supply Chain,CC800,Supply Chain Analyst,G6,Permanent,Onsite,2017-05-22,,Active,,1.0,Bachelor's,5,Agency,No
E03475,Employee 3475,Male,1993-04-02,Chennai,Customer Success,CC700,Customer Success Executive,G3,Permanent,Hybrid,2022-04-13,,Active,E01384,1.0,B.Tech,13,Internal Mobility,No
E03476,Employee 3476,Female,1987-02-06,Hyderabad,Supply Chain,CC800,Planner,G6,Permanent,Onsite,2023-05-01,,Active,,1.0,M.Tech,10,Referral,Yes
E03477,Employee 3477,Male,1998-04-29,Hyderabad,Human Resources,CC500,Talent Acquisition Specialist,G5,Permanent,Hybrid,2024-04-19,,Active,,1.0,B.Tech,6,Company Website,No
E03478,Employee 3478,Female,1976-10-07,Hyderabad,Finance,CC400,Finance Manager,G4,Permanent,Hybrid,2017-03-18,,Active,,1.0,Master's,12,Company Website,No
E03479,Employee 3479,Male,1984-08-15,Bengaluru,Sales,CC200,Sales Executive,G4,Contract,Hybrid,2025-08-20,,Active,,0.5,MBA,12,Agency,No
E03480,Employee 3480,Female,1992-10-16,Pune,Operations,CC300,Operations Executive,G3,Intern,Onsite,2026-07-22,,Active,,0.75,Bachelor's,10,Internal Mobility,No
E03481,Employee 3481,Female,1992-04-02,Hyderabad,Operations,CC300,Operations Analyst,G4,Permanent,Hybrid,2017-03-16,2018-12-18,Exited,E02043,1.0,Master's,0,Referral,No
E03482,Employee 3482,Male,1991-05-24,Mumbai,Finance,CC400,Finance Analyst,G4,Permanent,Hybrid,2017-06-24,,Active,,1.0,PhD,4,Agency,Yes
E03483,Employee 3483,Male,1982-09-02,Gurugram,Marketing,CC600,Brand Manager,G4,Permanent,Onsite,2023-09-30,,Active,,1.0,MBA,17,Referral,No
E03484,Employee 3484,Female,1985-06-15,Mumbai,Sales,CC200,Key Account Manager,G6,Permanent,Hybrid,2022-07-20,,Active,,1.0,PhD,15,LinkedIn,No
E03485,Employee 3485,Male,1984-09-18,Hyderabad,Customer Success,CC700,Customer Success Manager,G4,Permanent,Remote,2022-01-30,,Active,,1.0,B.Tech,5,Internal Mobility,No
E03486,Employee 3486,Male,1994-06-15,Hyderabad,Technology,CC100,Software Engineer,G4,Permanent,Onsite,2021-11-02,,Active,,1.0,MBA,9,Internal Mobility,Yes
E03487,Employee 3487,Male,1990-08-22,Bengaluru,Marketing,CC600,Digital Marketing Analyst,G4,Permanent,Hybrid,2018-02-15,2023-08-04,Exited,E01389,1.0,Master's,5,Referral,No
E03488,Employee 3488,Female,1973-06-01,Mumbai,Marketing,CC600,Brand Manager,G4,Permanent,Hybrid,2017-07-09,,Active,,1.0,M.Tech,6,Referral,No
E03489,Employee 3489,Female,1986-01-31,Chennai,Technology,CC100,Data Scientist,G3,Permanent,Hybrid,2020-08-27,2022-10-18,Exited,E04733,1.0,MBA,5,LinkedIn,No
E03490,Employee 3490,Male,1990-02-14,Hyderabad,Finance,CC400,Senior Finance Analyst,G3,Permanent,Onsite,2019-12-18,,Active,E04459,1.0,PhD,14,Referral,No
E03491,Employee 3491,Male,1993-06-17,Mumbai,Operations,CC300,Operations Manager,G2,Permanent,Onsite,2019-01-13,,Active,,1.0,PhD,5,Internal Mobility,Yes
E03492,Employee 3492,Female,1977-01-31,Gurugram,Finance,CC400,Senior Finance Analyst,G3,Permanent,Remote,2021-01-14,,Active,E04864,1.0,Bachelor's,13,Job Portal,No
E03493,Employee 3493,Male,1985-12-13,Chennai,Human Resources,CC500,HR Business Partner,G5,Permanent,Remote,2024-01-23,,Active,,1.0,B.Tech,11,Company Website,No
E03494,Employee 3494,Female,1976-04-10,Chennai,Sales,CC200,Regional Sales Manager,G3,Permanent,Hybrid,2020-05-24,,Active,E04210,1.0,Bachelor's,1,Company Website,No
E03495,Employee 3495,Female,2003-10-09,Chennai,Human Resources,CC500,L&D Specialist,G3,Permanent,Remote,2025-02-25,,Active,E03557,1.0,B.Tech,18,LinkedIn,No
E03496,Employee 3496,Male,1997-03-17,Bengaluru,Sales,CC200,Regional Sales Manager,G3,Permanent,Onsite,2021-07-23,,Active,E01223,1.0,M.Tech,7,LinkedIn,No
E03497,Employee 3497,Male,1993-01-10,Hyderabad,Sales,CC200,Regional Sales Manager,G4,Permanent,Hybrid,2025-07-09,,Active,,1.0,MBA,8,Referral,No
E03498,Employee 3498,Male,1994-09-09,Gurugram,Customer Success,CC700,Customer Success Manager,G3,Permanent,Onsite,2024-03-04,,Active,E04250,1.0,PhD,16,Agency,No
E03499,Employee 3499,Male,2000-06-05,Hyderabad,Human Resources,CC500,HR Manager,G3,Permanent,Onsite,2025-08-15,,Active,E02048,1.0,MBA,4,Agency,No
E03500,Employee 3500,Male,1997-07-08,Gurugram,Customer Success,CC700,Support Analyst,G4,Permanent,Hybrid,2026-01-10,,Active,,1.0,M.Tech,7,LinkedIn,No
E03501,Employee 3501,Female,1998-12-08,Mumbai,Finance,CC400,Finance Manager,G2,Contract,Hybrid,2020-01-17,,Active,E01867,0.75,PhD,12,Referral,Yes
E03502,Employee 3502,Male,1990-04-27,Pune,Customer Success,CC700,Customer Success Manager,G5,Permanent,Hybrid,2024-12-29,,Active,,1.0,Bachelor's,8,LinkedIn,Yes
E03503,Employee 3503,Female,1982-11-23,Hyderabad,Human Resources,CC500,HR Manager,G2,Permanent,Hybrid,2019-09-13,,Active,E01190,1.0,B.Tech,7,Campus,No
E03504,Employee 3504,Female,1980-08-06,Gurugram,Human Resources,CC500,HR Executive,G4,Permanent,Hybrid,2017-09-11,,Active,,1.0,Master's,4,Company Website,No
E03505,Employee 3505,Female,1981-05-27,Hyderabad,Human Resources,CC500,HR Executive,G3,Permanent,Hybrid,2018-09-20,,Active,E02355,1.0,Master's,9,Agency,Yes
E03506,Employee 3506,Male,1994-02-25,Hyderabad,Customer Success,CC700,Support Analyst,G3,Contract,Remote,2020-10-20,,Active,E04177,0.75,M.Tech,6,Campus,Yes
E03507,Employee 3507,Female,1979-10-24,Hyderabad,Human Resources,CC500,HR Executive,G3,Intern,Onsite,2019-01-18,,Active,E04947,0.5,B.Tech,17,Agency,No
E03508,Employee 3508,Female,1988-11-21,Bengaluru,Human Resources,CC500,HR Business Partner,G3,Permanent,Onsite,2019-06-04,,Active,,1.0,MBA,5,Job Portal,No
E03509,Employee 3509,Female,1985-05-14,Gurugram,Supply Chain,CC800,Procurement Specialist,G3,Permanent,Onsite,2020-03-17,,Active,E03252,1.0,Bachelor's,15,LinkedIn,No
E03510,Employee 3510,Female,2003-03-23,Chennai,Human Resources,CC500,L&D Specialist,G3,Permanent,Hybrid,2024-11-28,,Active,E03139,1.0,PhD,13,Agency,Yes
E03511,Employee 3511,Male,1974-03-20,Bengaluru,Customer Success,CC700,Support Analyst,G3,Permanent,Hybrid,2017-02-12,2025-06-28,Exited,E03558,1.0,M.Tech,6,Company Website,No
E03512,Employee 3512,Male,1989-10-08,Gurugram,Operations,CC300,Operations Executive,G3,Permanent,Hybrid,2025-08-18,,Active,E02334,1.0,M.Tech,9,Company Website,No
E03513,Employee 3513,Female,1986-01-11,Noida,Human Resources,CC500,HR Manager,G4,Permanent,Hybrid,2019-03-15,,Active,,1.0,Bachelor's,4,Company Website,No
E03514,Employee 3514,Male,1982-10-08,Hyderabad,Supply Chain,CC800,Procurement Specialist,G4,Permanent,Hybrid,2018-07-13,,Active,,1.0,M.Tech,18,LinkedIn,No
E03515,Employee 3515,Male,1993-11-27,Mumbai,Operations,CC300,Team Lead,G3,Contract,Hybrid,2020-10-17,,Active,E00747,1.0,B.Tech,13,Internal Mobility,No
E03516,Employee 3516,Female,2005-03-17,Hyderabad,Technology,CC100,Engineering Manager,G3,Permanent,Hybrid,2026-08-15,,Active,E01943,1.0,B.Tech,10,Referral,No
E03517,Employee 3517,Female,1981-11-06,Chennai,Marketing,CC600,Marketing Executive,G1,Permanent,Remote,2017-06-27,,Active,E03058,1.0,Master's,8,Campus,No
E03518,Employee 3518,Female,1992-06-27,Hyderabad,Technology,CC100,Software Engineer,G4,Permanent,Hybrid,2017-11-20,,Active,,1.0,M.Tech,12,Internal Mobility,No
E03519,Employee 3519,Female,1991-04-21,Bengaluru,Sales,CC200,Key Account Manager,G1,Permanent,Onsite,2023-10-04,,Active,E01366,1.0,B.Tech,8,LinkedIn,No
E03520,Employee 3520,Female,1981-06-08,Chennai,Customer Success,CC700,Customer Success Manager,G3,Permanent,Onsite,2020-03-18,,Active,E01598,1.0,B.Tech,17,Campus,No
E03521,Employee 3521,Female,1984-05-16,Chennai,Marketing,CC600,Brand Manager,G3,Permanent,Hybrid,2019-01-05,,Active,E01346,1.0,M.Tech,3,Agency,No
E03522,Employee 3522,Female,1991-11-11,Chennai,Finance,CC400,Finance Manager,G4,Permanent,Hybrid,2025-05-30,,Active,,1.0,MBA,14,Internal Mobility,No
E03523,Employee 3523,Female,1990-12-15,Bengaluru,Operations,CC300,Operations Executive,G2,Permanent,Onsite,2018-08-16,,Active,E03437,1.0,Bachelor's,18,LinkedIn,No
E03524,Employee 3524,Male,1995-05-02,Bengaluru,Customer Success,CC700,Customer Success Manager,G4,Permanent,Hybrid,2020-11-29,,Active,,1.0,Bachelor's,8,Agency,No
E03525,Employee 3525,Female,1995-05-01,Bengaluru,Technology,CC100,Engineering Manager,G4,Permanent,Hybrid,2021-11-19,2024-10-28,Exited,E04517,1.0,B.Tech,4,Job Portal,No
E03526,Employee 3526,Female,1977-12-27,Pune,Sales,CC200,Sales Executive,G6,Permanent,Onsite,2018-09-05,,Active,,1.0,B.Tech,2,Campus,No
E03527,Employee 3527,Female,1979-04-25,Mumbai,Operations,CC300,Operations Analyst,G3,Permanent,Remote,2019-07-20,,Active,E03707,1.0,Bachelor's,14,Campus,Yes
E03528,Employee 3528,Male,1974-01-02,Gurugram,Operations,CC300,Operations Executive,G4,Permanent,Remote,2017-11-13,,Active,,1.0,M.Tech,11,Company Website,No
E03529,Employee 3529,Male,1978-11-20,Bengaluru,Supply Chain,CC800,Planner,G2,Permanent,Onsite,2022-11-02,,Active,E01929,1.0,Bachelor's,6,Internal Mobility,No
E03530,Employee 3530,Male,1979-08-24,Mumbai,Operations,CC300,Operations Manager,G5,Permanent,Hybrid,2018-06-01,,Active,,1.0,MBA,17,Referral,No
E03531,Employee 3531,Female,1984-10-30,Hyderabad,Technology,CC100,Engineering Manager,G2,Permanent,Remote,2022-05-09,,Active,E01470,1.0,Master's,7,LinkedIn,No
E03532,Employee 3532,Female,1999-03-03,Chennai,Customer Success,CC700,Customer Success Manager,G4,Permanent,Hybrid,2020-04-22,,Active,,1.0,Master's,8,Job Portal,No
E03533,Employee 3533,Female,1988-08-07,Pune,Technology,CC100,Engineering Manager,G3,Permanent,Hybrid,2019-02-13,,Active,E03557,1.0,M.Tech,10,Agency,No
E03534,Employee 3534,Male,1981-10-24,Gurugram,Marketing,CC600,Digital Marketing Analyst,G4,Contract,Hybrid,2017-07-05,2019-04-11,Exited,E01722,0.75,M.Tech,0,Referral,Yes
E03535,Employee 3535,Female,1993-03-01,Gurugram,Technology,CC100,Tech Lead,G3,Permanent,Onsite,2023-06-01,,Active,E03488,1.0,Bachelor's,2,LinkedIn,No
E03536,Employee 3536,Female,1987-10-07,Hyderabad,Supply Chain,CC800,Procurement Specialist,G5,Permanent,Hybrid,2026-08-30,,Active,,1.0,PhD,7,Referral,No
E03537,Employee 3537,Female,1991-03-16,Bengaluru,Human Resources,CC500,Talent Acquisition Specialist,G2,Permanent,Hybrid,2019-11-20,,Active,E00290,1.0,Bachelor's,14,Company Website,No
E03538,Employee 3538,Male,1982-01-01,Chennai,Marketing,CC600,Product Marketing Manager,G4,Permanent,Hybrid,2017-02-11,2019-02-22,Exited,,1.0,Bachelor's,15,Agency,No
E03539,Employee 3539,Male,1986-01-18,Noida,Supply Chain,CC800,Planner,G2,Permanent,Hybrid,2020-08-19,2024-07-11,Exited,E03881,1.0,MBA,1,Referral,No
E03540,Employee 3540,Female,1981-01-03,Bengaluru,Sales,CC200,Regional Sales Manager,G3,Permanent,Hybrid,2018-01-05,,Active,E04667,1.0,MBA,2,Internal Mobility,No
E03541,Employee 3541,Male,1986-03-27,Bengaluru,Customer Success,CC700,Customer Success Manager,G3,Permanent,Onsite,2023-03-25,,Active,E03454,1.0,MBA,6,Job Portal,No
E03542,Employee 3542,Male,1980-01-06,Hyderabad,Technology,CC100,Engineering Manager,G4,Permanent,Hybrid,2024-10-10,,Active,,1.0,Bachelor's,7,Referral,No
E03543,Employee 3543,Male,2001-03-04,Mumbai,Human Resources,CC500,L&D Specialist,G2,Permanent,Hybrid,2022-08-10,,Active,E03920,1.0,M.Tech,8,Campus,No
E03544,Employee 3544,Female,1996-10-12,Mumbai,Marketing,CC600,Marketing Executive,G4,Permanent,Remote,2018-02-24,,Active,,1.0,PhD,17,Job Portal,No
E03545,Employee 3545,Male,1998-04-17,Chennai,Supply Chain,CC800,Procurement Specialist,G2,Contract,Hybrid,2019-12-26,,Active,E02772,0.75,M.Tech,5,Agency,No
E03546,Employee 3546,Female,1992-09-13,Bengaluru,Operations,CC300,Operations Executive,G4,Permanent,Hybrid,2026-02-02,,Active,,1.0,Master's,13,Internal Mobility,No
E03547,Employee 3547,Male,1982-05-28,Bengaluru,Technology,CC100,Data Scientist,G3,Contract,Onsite,2023-11-12,,Active,E00505,1.0,MBA,4,Internal Mobility,No
E03548,Employee 3548,Male,1994-10-01,Pune,Supply Chain,CC800,Procurement Specialist,G5,Permanent,Hybrid,2017-11-17,,Active,,1.0,B.Tech,8,Job Portal,Yes
E03549,Employee 3549,Male,1979-07-03,Gurugram,Customer Success,CC700,Customer Success Manager,G2,Permanent,Hybrid,2019-04-01,2022-07-06,Exited,,1.0,PhD,14,Agency,No
E03550,Employee 3550,Male,1994-08-17,Hyderabad,Finance,CC400,Finance Analyst,G4,Permanent,Hybrid,2024-07-03,,Active,,1.0,MBA,11,Agency,No
E03551,Employee 3551,Male,2000-07-17,Noida,Operations,CC300,Team Lead,G4,Permanent,Remote,2023-04-10,2023-12-01,Exited,E04140,1.0,B.Tech,17,Agency,Yes
E03552,Employee 3552,Male,1978-06-11,Chennai,Operations,CC300,Operations Manager,G4,Permanent,Remote,2023-04-07,,Active,,1.0,Master's,17,Campus,No
E03553,Employee 3553,Male,1974-04-12,Mumbai,Operations,CC300,Operations Analyst,G3,Permanent,Hybrid,2017-06-18,,Active,E01428,1.0,MBA,6,LinkedIn,No
E03554,Employee 3554,Female,1983-09-30,Mumbai,Marketing,CC600,Digital Marketing Analyst,G4,Contract,Onsite,2017-10-07,,Active,,0.75,B.Tech,15,LinkedIn,No
E03555,Employee 3555,Male,1996-12-03,Pune,Technology,CC100,Data Scientist,G2,Permanent,Hybrid,2025-08-26,,Active,E02964,1.0,Master's,5,Internal Mobility,No
E03556,Employee 3556,Female,1982-01-27,Hyderabad,Customer Success,CC700,Customer Success Executive,G4,Permanent,Onsite,2024-10-17,,Active,,1.0,Bachelor's,9,Agency,No
E03557,Employee 3557,Female,1991-03-25,Pune,Customer Success,CC700,Customer Success Manager,G4,Permanent,Hybrid,2017-09-09,,Active,,1.0,Bachelor's,12,LinkedIn,Yes
E03558,Employee 3558,Male,1975-01-14,Bengaluru,Customer Success,CC700,Customer Success Manager,G5,Permanent,Hybrid,2017-09-23,,Active,,1.0,PhD,16,LinkedIn,No
E03559,Employee 3559,Male,2000-11-09,Bengaluru,Finance,CC400,Senior Finance Analyst,G2,Contract,Onsite,2022-07-13,,Active,E00883,0.75,PhD,4,LinkedIn,Yes
E03560,Employee 3560,Female,1987-06-30,Pune,Human Resources,CC500,HR Manager,G2,Permanent,Onsite,2017-08-25,,Active,E03614,1.0,MBA,4,Internal Mobility,No
E03561,Employee 3561,Male,1996-10-24,Pune,Supply Chain,CC800,Procurement Specialist,G4,Permanent,Hybrid,2020-05-15,,Active,,1.0,Bachelor's,10,Agency,Yes
E03562,Employee 3562,Male,2000-11-29,Chennai,Finance,CC400,Finance Analyst,G2,Permanent,Hybrid,2024-11-15,,Active,E01764,1.0,M.Tech,6,Job Portal,No
E03563,Employee 3563,Male,2001-11-21,Mumbai,Supply Chain,CC800,Supply Chain Analyst,G1,Permanent,Hybrid,2023-01-23,,Active,E04533,1.0,M.Tech,1,Job Portal,No
E03564,Employee 3564,Male,2001-04-26,Hyderabad,Finance,CC400,Finance Analyst,G5,Permanent,Hybrid,2025-02-28,,Active,,1.0,Master's,13,Agency,No
E03565,Employee 3565,Female,1984-07-07,Hyderabad,Finance,CC400,Finance Analyst,G2,Permanent,Onsite,2019-11-30,2025-12-12,Exited,E03301,1.0,B.Tech,13,Company Website,No
E03566,Employee 3566,Female,1991-01-01,Bengaluru,Supply Chain,CC800,Supply Chain Analyst,G3,Permanent,Hybrid,2025-11-16,,Active,E02232,1.0,B.Tech,16,Referral,No
E03567,Employee 3567,Male,1976-02-12,Pune,Marketing,CC600,Product Marketing Manager,G2,Permanent,Hybrid,2017-08-24,2018-09-30,Exited,E03270,1.0,Master's,1,Job Portal,No
E03568,Employee 3568,Female,2001-01-15,Bengaluru,Supply Chain,CC800,Supply Chain Analyst,G4,Permanent,Onsite,2024-05-15,,Active,,1.0,B.Tech,0,Company Website,No
E03569,Employee 3569,Male,1998-08-22,Hyderabad,Customer Success,CC700,Customer Success Manager,G2,Permanent,Hybrid,2025-02-24,,Active,E04186,1.0,Bachelor's,5,Campus,No
E03570,Employee 3570,Female,1982-06-11,Hyderabad,Customer Success,CC700,Customer Success Executive,G1,Permanent,Hybrid,2024-08-09,,Active,E02764,1.0,M.Tech,11,Job Portal,No
E03571,Employee 3571,Male,1989-11-09,Chennai,Marketing,CC600,Marketing Executive,G2,Intern,Onsite,2022-01-18,,Active,E03342,1.0,MBA,17,Job Portal,No
E03572,Employee 3572,Female,1981-05-15,Bengaluru,Technology,CC100,Data Analyst,G4,Permanent,Remote,2018-01-22,,Active,,1.0,B.Tech,17,Company Website,No
E03573,Employee 3573,Female,1976-04-10,Hyderabad,Operations,CC300,Operations Executive,G4,Permanent,Hybrid,2017-07-31,2020-06-10,Exited,E01296,1.0,Bachelor's,2,Internal Mobility,No
E03574,Employee 3574,Female,1995-05-29,Hyderabad,Technology,CC100,Tech Lead,G4,Contract,Hybrid,2024-11-02,,Active,,1.0,M.Tech,9,Referral,No
E03575,Employee 3575,Female,1991-06-17,Hyderabad,Marketing,CC600,Marketing Executive,G5,Permanent,Onsite,2023-10-13,,Active,,1.0,PhD,9,LinkedIn,No
E03576,Employee 3576,Male,1986-08-18,Chennai,Human Resources,CC500,Talent Acquisition Specialist,G3,Permanent,Hybrid,2023-08-31,,Active,E00760,1.0,MBA,4,Referral,No
E03577,Employee 3577,Female,2000-06-13,Gurugram,Supply Chain,CC800,Logistics Manager,G2,Permanent,Remote,2025-01-13,,Active,E03818,1.0,B.Tech,13,Job Portal,No
E03578,Employee 3578,Male,1986-03-17,Mumbai,Sales,CC200,Sales Analyst,G4,Permanent,Onsite,2019-11-01,2026-05-02,Exited,E03572,1.0,M.Tech,1,Internal Mobility,No
E03579,Employee 3579,Female,1999-10-05,Noida,Customer Success,CC700,Customer Success Executive,G2,Permanent,Hybrid,2025-05-08,,Active,E04003,1.0,B.Tech,1,Agency,No
E03580,Employee 3580,Female,1982-08-07,Hyderabad,Supply Chain,CC800,Procurement Specialist,G5,Permanent,Remote,2018-06-30,2023-10-24,Exited,E02609,1.0,PhD,13,Job Portal,No
E03581,Employee 3581,Female,1979-08-07,Hyderabad,Finance,CC400,Finance Manager,G4,Permanent,Hybrid,2022-06-27,2024-06-13,Exited,E02483,1.0,MBA,10,Job Portal,No
E03582,Employee 3582,Male,1979-03-24,Hyderabad,Finance,CC400,Finance Analyst,G2,Permanent,Hybrid,2022-07-13,,Active,,1.0,B.Tech,5,Company Website,No
E03583,Employee 3583,Female,1985-07-12,Mumbai,Human Resources,CC500,HR Manager,G1,Permanent,Hybrid,2026-03-17,,Active,E04417,1.0,M.Tech,17,Agency,No
E03584,Employee 3584,Female,1983-10-01,Hyderabad,Technology,CC100,Software Engineer,G1,Permanent,Remote,2025-10-03,,Active,E03986,1.0,MBA,2,Campus,No
E03585,Employee 3585,Male,1990-08-10,Gurugram,Supply Chain,CC800,Planner,G4,Permanent,Onsite,2018-01-15,,Active,,1.0,MBA,12,Job Portal,No
E03586,Employee 3586,Male,1993-06-10,Mumbai,Operations,CC300,Operations Executive,G2,Permanent,Hybrid,2020-08-19,,Active,E03905,1.0,M.Tech,9,Company Website,No
E03587,Employee 3587,Female,1982-05-28,Bengaluru,Operations,CC300,Operations Manager,G5,Permanent,Onsite,2019-08-12,,Active,,1.0,PhD,9,Agency,No
E03588,Employee 3588,Female,1997-05-30,Chennai,Human Resources,CC500,L&D Specialist,G3,Permanent,Hybrid,2020-04-26,,Active,E04426,1.0,B.Tech,1,Internal Mobility,Yes
E03589,Employee 3589,Male,1986-08-28,Mumbai,Supply Chain,CC800,Supply Chain Analyst,G3,Permanent,Remote,2023-07-03,,Active,E01878,1.0,Master's,4,Company Website,No
E03590,Employee 3590,Male,2003-08-30,Hyderabad,Finance,CC400,Finance Manager,G3,Permanent,Hybrid,2024-08-30,,Active,E01956,1.0,M.Tech,0,LinkedIn,No
E03591,Employee 3591,Male,1975-08-23,Mumbai,Finance,CC400,Finance Analyst,G5,Permanent,Hybrid,2019-09-17,,Active,,1.0,Bachelor's,17,Internal Mobility,No
E03592,Employee 3592,Male,1990-05-04,Gurugram,Marketing,CC600,Marketing Executive,G1,Permanent,Onsite,2019-11-19,,Active,E03325,1.0,PhD,12,Company Website,No
E03593,Employee 3593,Male,1993-01-23,Bengaluru,Marketing,CC600,Marketing Executive,G3,Permanent,Hybrid,2025-07-04,,Active,E03746,1.0,B.Tech,18,Agency,No
E03594,Employee 3594,Female,1992-11-20,Hyderabad,Sales,CC200,Sales Analyst,G4,Permanent,Hybrid,2025-12-09,,Active,,1.0,Bachelor's,1,Internal Mobility,Yes
E03595,Employee 3595,Male,1990-04-02,Bengaluru,Supply Chain,CC800,Planner,G4,Intern,Onsite,2018-05-14,,Active,,0.75,MBA,6,Agency,No
E03596,Employee 3596,Male,1980-08-01,Noida,Supply Chain,CC800,Planner,G3,Permanent,Hybrid,2020-09-10,2021-10-06,Exited,E03930,1.0,PhD,3,Referral,No
E03597,Employee 3597,Female,1980-01-26,Bengaluru,Human Resources,CC500,Talent Acquisition Specialist,G3,Permanent,Hybrid,2020-12-08,,Active,E00225,1.0,Master's,10,Agency,No
E03598,Employee 3598,Male,2002-07-15,Gurugram,Supply Chain,CC800,Planner,G3,Contract,Hybrid,2023-10-02,,Active,E04170,0.75,M.Tech,2,Campus,Yes
E03599,Employee 3599,Female,1996-09-03,Bengaluru,Supply Chain,CC800,Supply Chain Analyst,G1,Permanent,Hybrid,2020-12-17,,Active,E00726,1.0,Bachelor's,15,Referral,No
E03600,Employee 3600,Male,1989-01-28,Gurugram,Sales,CC200,Regional Sales Manager,G3,Permanent,Hybrid,2023-06-21,2024-05-23,Exited,E03071,1.0,MBA,4,Referral,No
E03601,Employee 3601,Male,1997-04-02,Noida,Customer Success,CC700,Support Analyst,G3,Permanent,Hybrid,2025-11-26,,Active,E02318,1.0,Master's,6,Internal Mobility,Yes
E03602,Employee 3602,Male,1984-07-22,Mumbai,Operations,CC300,Operations Manager,G4,Contract,Onsite,2018-10-10,,Active,,0.75,B.Tech,1,Company Website,No
E03603,Employee 3603,Male,1991-12-07,Bengaluru,Customer Success,CC700,Customer Success Executive,G3,Permanent,Onsite,2025-01-10,,Active,E03215,1.0,MBA,18,Job Portal,Yes
E03604,Employee 3604,Female,1984-09-20,Bengaluru,Customer Success,CC700,Customer Success Executive,G4,Permanent,Hybrid,2020-10-14,,Active,,1.0,Master's,4,Internal Mobility,No
E03605,Employee 3605,Female,1989-02-11,Noida,Customer Success,CC700,Customer Success Manager,G3,Permanent,Onsite,2025-08-08,,Active,E03308,1.0,M.Tech,4,LinkedIn,No
E03606,Employee 3606,Female,1976-03-16,Pune,Supply Chain,CC800,Supply Chain Analyst,G4,Permanent,Onsite,2019-06-23,2022-06-24,Exited,E01517,1.0,Master's,3,Company Website,No
E03607,Employee 3607,Male,1991-06-16,Bengaluru,Human Resources,CC500,HR Business Partner,G4,Permanent,Hybrid,2023-02-01,,Active,,1.0,Bachelor's,11,Internal Mobility,Yes
E03608,Employee 3608,Female,1997-03-27,Bengaluru,Marketing,CC600,Digital Marketing Analyst,G5,Permanent,Hybrid,2023-03-05,,Active,,1.0,PhD,17,Job Portal,No
E03609,Employee 3609,Male,2000-08-15,Gurugram,Sales,CC200,Sales Analyst,G2,Permanent,Hybrid,2021-12-28,,Active,E01292,1.0,PhD,15,Agency,No
E03610,Employee 3610,Female,1975-09-01,Hyderabad,Finance,CC400,Senior Finance Analyst,G2,Permanent,Hybrid,2019-11-24,2020-09-15,Exited,E04959,1.0,PhD,8,Referral,No
E03611,Employee 3611,Female,1997-03-19,Noida,Operations,CC300,Team Lead,G3,Permanent,Hybrid,2018-03-20,,Active,E04566,1.0,Bachelor's,13,LinkedIn,No
E03612,Employee 3612,Male,1982-09-02,Bengaluru,Sales,CC200,Sales Analyst,G1,Permanent,Remote,2019-04-12,,Active,E04736,1.0,M.Tech,2,LinkedIn,No
E03613,Employee 3613,Male,1994-05-05,Bengaluru,Operations,CC300,Operations Analyst,G3,Permanent,Hybrid,2021-09-25,2024-03-08,Exited,,1.0,Master's,12,Referral,Yes
E03614,Employee 3614,Male,2001-05-29,Gurugram,Sales,CC200,Regional Sales Manager,G5,Permanent,Remote,2024-05-14,,Active,,1.0,MBA,8,LinkedIn,No
E03615,Employee 3615,Male,1998-06-29,Mumbai,Customer Success,CC700,Customer Success Executive,G3,Permanent,Hybrid,2023-10-11,,Active,E01139,1.0,Bachelor's,7,Internal Mobility,No
E03616,Employee 3616,Male,1996-12-02,Hyderabad,Human Resources,CC500,HR Executive,G4,Permanent,Hybrid,2020-04-28,,Active,,1.0,B.Tech,10,Agency,No
E03617,Employee 3617,Male,1993-11-03,Mumbai,Finance,CC400,Senior Finance Analyst,G5,Permanent,Remote,2025-12-14,,Active,,1.0,B.Tech,8,Company Website,No
E03618,Employee 3618,Male,1984-03-01,Hyderabad,Sales,CC200,Sales Executive,G3,Contract,Hybrid,2018-02-01,2024-05-05,Exited,E03839,0.75,M.Tech,5,Referral,No
E03619,Employee 3619,Female,1980-01-21,Bengaluru,Finance,CC400,Finance Manager,G2,Permanent,Hybrid,2019-01-03,,Active,E04712,1.0,PhD,5,Job Portal,No
E03620,Employee 3620,Female,1994-09-05,Hyderabad,Marketing,CC600,Digital Marketing Analyst,G3,Permanent,Onsite,2023-07-12,,Active,E02785,1.0,Master's,16,Job Portal,No
E03621,Employee 3621,Male,1984-09-27,Hyderabad,Sales,CC200,Key Account Manager,G3,Permanent,Hybrid,2019-08-14,,Active,E04971,1.0,Bachelor's,1,Internal Mobility,No
E03622,Employee 3622,Female,1992-06-29,Hyderabad,Operations,CC300,Operations Executive,G5,Permanent,Hybrid,2022-06-08,2026-03-05,Exited,E03076,1.0,B.Tech,11,Internal Mobility,No
E03623,Employee 3623,Female,1996-06-30,Pune,Sales,CC200,Regional Sales Manager,G4,Permanent,Hybrid,2022-01-26,,Active,,1.0,B.Tech,18,Referral,No
E03624,Employee 3624,Male,1997-03-27,Hyderabad,Sales,CC200,Key Account Manager,G5,Contract,Hybrid,2025-09-17,,Active,,0.75,MBA,6,Campus,No
E03625,Employee 3625,Female,1976-05-20,Hyderabad,Customer Success,CC700,Customer Success Manager,G4,Permanent,Hybrid,2019-07-10,,Active,,1.0,PhD,6,LinkedIn,Yes
E03626,Employee 3626,Female,2000-04-10,Mumbai,Finance,CC400,Finance Analyst,G2,Permanent,Hybrid,2022-07-04,,Active,E01720,1.0,B.Tech,11,LinkedIn,No
E03627,Employee 3627,Female,1986-02-03,Noida,Supply Chain,CC800,Logistics Manager,G1,Permanent,Hybrid,2025-12-03,,Active,E01388,1.0,MBA,14,Referral,No
E03628,Employee 3628,Male,1975-05-26,Bengaluru,Supply Chain,CC800,Logistics Manager,G5,Permanent,Onsite,2017-08-02,,Active,,1.0,MBA,7,LinkedIn,No
E03629,Employee 3629,Male,1977-07-14,Bengaluru,Customer Success,CC700,Customer Success Executive,G3,Permanent,Onsite,2017-05-17,,Active,E03172,1.0,Bachelor's,3,Job Portal,No
E03630,Employee 3630,Male,1992-10-21,Bengaluru,Human Resources,CC500,HR Business Partner,G1,Permanent,Hybrid,2018-07-07,,Active,E03106,1.0,B.Tech,5,LinkedIn,No
E03631,Employee 3631,Male,1997-12-13,Noida,Finance,CC400,Finance Analyst,G3,Permanent,Onsite,2022-01-18,2023-10-31,Exited,E03272,1.0,PhD,16,Internal Mobility,No
E03632,Employee 3632,Male,2002-03-20,Bengaluru,Human Resources,CC500,HR Business Partner,G2,Contract,Hybrid,2023-05-18,,Active,E01409,0.5,MBA,0,Campus,No
E03633,Employee 3633,Male,1981-10-09,Hyderabad,Operations,CC300,Operations Executive,G3,Permanent,Onsite,2018-02-21,,Active,E00319,1.0,MBA,3,Referral,No
E03634,Employee 3634,Non-binary,1995-11-24,Bengaluru,Technology,CC100,Tech Lead,G4,Permanent,Hybrid,2025-11-06,,Active,,1.0,Master's,1,Referral,No
E03635,Employee 3635,Male,1991-11-18,Hyderabad,Technology,CC100,Engineering Manager,G5,Permanent,Hybrid,2022-08-13,2025-08-03,Exited,E03707,1.0,M.Tech,13,LinkedIn,No
E03636,Employee 3636,Male,1982-10-31,Gurugram,Sales,CC200,Account Manager,G2,Permanent,Hybrid,2025-04-27,,Active,E03594,1.0,Bachelor's,0,Referral,No
E03637,Employee 3637,Female,1990-07-21,Hyderabad,Technology,CC100,Senior Software Engineer,G1,Permanent,Onsite,2022-05-26,,Active,E01092,1.0,B.Tech,2,Internal Mobility,No
E03638,Employee 3638,Female,1992-10-08,Bengaluru,Sales,CC200,Sales Analyst,G3,Permanent,Hybrid,2022-11-28,,Active,E01607,1.0,M.Tech,6,Job Portal,No
E03639,Employee 3639,Female,1981-07-09,Mumbai,Marketing,CC600,Marketing Executive,G5,Permanent,Hybrid,2022-10-01,2024-06-18,Exited,E01095,1.0,Master's,9,Job Portal,No
E03640,Employee 3640,Male,1985-10-28,Hyderabad,Customer Success,CC700,Customer Success Manager,G5,Intern,Hybrid,2022-01-08,,Active,,1.0,MBA,14,Company Website,Yes
E03641,Employee 3641,Male,1990-08-13,Bengaluru,Customer Success,CC700,Support Analyst,G3,Permanent,Hybrid,2022-12-02,,Active,E03050,1.0,PhD,10,Company Website,No
E03642,Employee 3642,Male,1984-09-18,Pune,Operations,CC300,Operations Analyst,G2,Contract,Onsite,2018-11-05,,Active,E00092,1.0,Bachelor's,9,Company Website,No
E03643,Employee 3643,Female,1987-08-05,Chennai,Sales,CC200,Key Account Manager,G2,Permanent,Hybrid,2017-05-05,,Active,E04173,1.0,PhD,1,Internal Mobility,No
E03644,Employee 3644,Male,1993-01-24,Mumbai,Operations,CC300,Team Lead,G3,Permanent,Onsite,2023-09-30,,Active,E00702,1.0,B.Tech,5,Campus,No
E03645,Employee 3645,Male,1992-06-01,Hyderabad,Human Resources,CC500,HR Executive,G4,Permanent,Hybrid,2021-04-25,2025-08-26,Exited,E02443,1.0,Bachelor's,9,Agency,No
E03646,Employee 3646,Female,1998-07-16,Chennai,Technology,CC100,Data Scientist,G2,Permanent,Onsite,2024-09-14,,Active,,1.0,PhD,13,Job Portal,No
E03647,Employee 3647,Female,1986-05-28,Hyderabad,Human Resources,CC500,L&D Specialist,G4,Permanent,Hybrid,2017-03-18,2023-05-05,Exited,E02066,1.0,M.Tech,8,LinkedIn,No
E03648,Employee 3648,Female,1984-06-08,Hyderabad,Technology,CC100,Senior Software Engineer,G3,Permanent,Hybrid,2022-09-07,2023-12-20,Exited,E02895,1.0,Master's,8,Referral,No
E03649,Employee 3649,Male,1992-01-13,Bengaluru,Technology,CC100,Data Scientist,G3,Permanent,Hybrid,2023-10-15,,Active,E03672,1.0,MBA,1,Campus,No
E03650,Employee 3650,Female,1999-01-18,Bengaluru,Technology,CC100,Software Engineer,G3,Permanent,Onsite,2021-07-22,,Active,E01762,1.0,M.Tech,7,Company Website,No
E03651,Employee 3651,Female,1976-04-19,Bengaluru,Operations,CC300,Operations Executive,G3,Permanent,Hybrid,2019-01-01,,Active,E01615,1.0,B.Tech,9,Campus,No
E03652,Employee 3652,Female,1988-05-14,Noida,Technology,CC100,Tech Lead,G3,Permanent,Remote,2019-08-16,,Active,E01384,1.0,PhD,11,Referral,No
E03653,Employee 3653,Male,1989-07-15,Gurugram,Technology,CC100,Data Scientist,G4,Permanent,Onsite,2024-05-04,,Active,,1.0,PhD,13,Internal Mobility,No
E03654,Employee 3654,Male,1996-02-15,Pune,Finance,CC400,Senior Finance Analyst,G4,Contract,Hybrid,2021-11-30,2022-07-02,Exited,E01179,1.0,Bachelor's,11,Campus,No
E03655,Employee 3655,Female,1986-08-09,Hyderabad,Human Resources,CC500,Talent Acquisition Specialist,G5,Permanent,Onsite,2022-07-24,,Active,,1.0,M.Tech,10,Company Website,No
E03656,Employee 3656,Female,1988-11-27,Pune,Customer Success,CC700,Customer Success Executive,G1,Permanent,Hybrid,2020-01-26,,Active,E00801,1.0,Master's,16,Campus,No
E03657,Employee 3657,Male,1991-03-15,Bengaluru,Operations,CC300,Operations Executive,G2,Intern,Onsite,2019-03-02,2024-12-17,Exited,E03903,0.5,B.Tech,16,Referral,No
E03658,Employee 3658,Male,2004-08-01,Bengaluru,Technology,CC100,Engineering Manager,G3,Permanent,Hybrid,2025-09-08,,Active,E00010,1.0,B.Tech,12,LinkedIn,No
E03659,Employee 3659,Male,1986-03-05,Bengaluru,Customer Success,CC700,Support Analyst,G3,Permanent,Hybrid,2023-11-12,,Active,E01833,1.0,M.Tech,1,Campus,No
E03660,Employee 3660,Female,1997-11-15,Hyderabad,Supply Chain,CC800,Supply Chain Analyst,G2,Permanent,Onsite,2023-04-14,2024-08-24,Exited,E03151,1.0,PhD,2,LinkedIn,No
E03661,Employee 3661,Female,2000-09-19,Noida,Marketing,CC600,Product Marketing Manager,G3,Permanent,Hybrid,2025-01-20,,Active,E02647,1.0,PhD,10,Campus,No
E03662,Employee 3662,Male,1980-06-01,Bengaluru,Operations,CC300,Operations Analyst,G5,Permanent,Onsite,2017-11-22,,Active,,1.0,Master's,1,Internal Mobility,No
E03663,Employee 3663,Female,1994-11-25,Chennai,Technology,CC100,Engineering Manager,G3,Permanent,Onsite,2025-09-26,,Active,E02821,1.0,B.Tech,15,Company Website,No
E03664,Employee 3664,Male,1986-03-28,Pune,Supply Chain,CC800,Planner,G4,Permanent,Onsite,2022-03-08,,Active,,1.0,Bachelor's,2,Company Website,No
E03665,Employee 3665,Male,1990-07-30,Gurugram,Human Resources,CC500,HR Manager,G2,Permanent,Hybrid,2021-06-21,,Active,E01119,1.0,MBA,16,Job Portal,Yes
E03666,Employee 3666,Male,1997-08-20,Noida,Customer Success,CC700,Customer Success Executive,G4,Permanent,Onsite,2024-06-01,,Active,,1.0,Bachelor's,12,Referral,No
E03667,Employee 3667,Male,1985-11-16,Hyderabad,Operations,CC300,Team Lead,G2,Permanent,Hybrid,2019-07-30,,Active,E02189,1.0,Master's,11,Job Portal,No
E03668,Employee 3668,Female,1989-10-24,Pune,Customer Success,CC700,Support Analyst,G6,Permanent,Hybrid,2020-01-06,,Active,,1.0,Master's,16,Agency,No
E03669,Employee 3669,Female,1977-05-17,Bengaluru,Finance,CC400,Senior Finance Analyst,G2,Contract,Remote,2017-11-06,,Active,E04331,1.0,Master's,3,Referral,No
E03670,Employee 3670,Female,1975-07-06,Pune,Marketing,CC600,Digital Marketing Analyst,G4,Permanent,Hybrid,2019-06-15,,Active,,1.0,Bachelor's,8,Company Website,No
E03671,Employee 3671,Male,1979-12-27,Noida,Marketing,CC600,Brand Manager,G5,Permanent,Hybrid,2020-06-02,,Active,,1.0,PhD,9,Agency,No
E03672,Employee 3672,Male,1981-07-21,Gurugram,Supply Chain,CC800,Planner,G4,Permanent,Remote,2023-03-09,,Active,,1.0,Master's,11,Campus,No
E03673,Employee 3673,Non-binary,1981-03-17,Hyderabad,Sales,CC200,Regional Sales Manager,G4,Contract,Hybrid,2018-10-08,,Active,,1.0,B.Tech,9,LinkedIn,No
E03674,Employee 3674,Female,1987-02-12,Bengaluru,Customer Success,CC700,Customer Success Manager,G3,Permanent,Hybrid,2018-02-21,,Active,E04710,1.0,PhD,5,Company Website,No
E03675,Employee 3675,Male,2002-04-28,Gurugram,Supply Chain,CC800,Logistics Manager,G6,Permanent,Hybrid,2026-07-27,,Active,,1.0,PhD,2,Job Portal,No
E03676,Employee 3676,Male,1994-04-10,Hyderabad,Marketing,CC600,Digital Marketing Analyst,G3,Permanent,Onsite,2019-10-12,,Active,E00917,1.0,MBA,4,LinkedIn,No
E03677,Employee 3677,Male,1992-05-22,Gurugram,Supply Chain,CC800,Supply Chain Analyst,G4,Permanent,Hybrid,2026-06-28,,Active,,1.0,B.Tech,5,Agency,Yes
E03678,Employee 3678,Male,1994-12-13,Chennai,Human Resources,CC500,HR Business Partner,G2,Permanent,Remote,2021-10-17,,Active,E04193,1.0,Master's,9,Agency,No
E03679,Employee 3679,Male,1973-03-23,Bengaluru,Marketing,CC600,Brand Manager,G5,Permanent,Hybrid,2017-04-04,,Active,,1.0,B.Tech,17,Company Website,No
E03680,Employee 3680,Male,1980-06-04,Pune,Technology,CC100,Data Analyst,G4,Permanent,Hybrid,2022-12-30,2024-09-03,Exited,E01851,1.0,MBA,6,Internal Mobility,No
E03681,Employee 3681,Male,1995-08-30,Hyderabad,Finance,CC400,Senior Finance Analyst,G4,Permanent,Hybrid,2025-05-09,,Active,,1.0,MBA,3,Referral,No
E03682,Employee 3682,Male,1987-10-22,Gurugram,Sales,CC200,Key Account Manager,G5,Permanent,Onsite,2017-12-16,,Active,,1.0,Bachelor's,0,Internal Mobility,No
E03683,Employee 3683,Female,1996-05-21,Noida,Finance,CC400,Senior Finance Analyst,G5,Permanent,Hybrid,2023-05-16,,Active,,1.0,B.Tech,13,Campus,No
E03684,Employee 3684,Female,1993-07-13,Hyderabad,Technology,CC100,Data Scientist,G3,Permanent,Onsite,2020-01-24,2023-06-04,Exited,E00529,1.0,Master's,4,Job Portal,No
E03685,Employee 3685,Female,2002-09-15,Chennai,Operations,CC300,Operations Analyst,G2,Permanent,Hybrid,2025-12-28,,Active,E00326,1.0,Master's,9,Referral,Yes
E03686,Employee 3686,Female,2004-01-20,Hyderabad,Operations,CC300,Team Lead,G5,Permanent,Remote,2025-06-06,,Active,,1.0,MBA,13,Campus,No
E03687,Employee 3687,Female,1989-05-08,Hyderabad,Technology,CC100,Tech Lead,G1,Intern,Hybrid,2017-11-27,,Active,E03028,1.0,Master's,12,LinkedIn,No
E03688,Employee 3688,Male,1980-02-14,Chennai,Sales,CC200,Key Account Manager,G1,Permanent,Onsite,2017-09-27,2023-06-28,Exited,E01139,1.0,Master's,14,Campus,No
E03689,Employee 3689,Male,1994-09-08,Hyderabad,Marketing,CC600,Product Marketing Manager,G3,Permanent,Hybrid,2026-01-31,2026-05-25,Exited,,1.0,Bachelor's,5,LinkedIn,Yes
E03690,Employee 3690,Female,1981-02-12,Hyderabad,Technology,CC100,Senior Software Engineer,G5,Permanent,Remote,2018-07-05,,Active,,1.0,Bachelor's,1,Agency,No
E03691,Employee 3691,Male,1991-10-09,Gurugram,Operations,CC300,Team Lead,G5,Permanent,Hybrid,2017-09-23,,Active,,1.0,B.Tech,2,Job Portal,No
E03692,Employee 3692,Male,1978-01-31,Bengaluru,Customer Success,CC700,Customer Success Executive,G4,Permanent,Hybrid,2022-05-24,,Active,,1.0,M.Tech,17,Internal Mobility,No
E03693,Employee 3693,Female,1989-08-13,Noida,Marketing,CC600,Marketing Executive,G3,Contract,Onsite,2022-02-27,,Active,E03008,0.75,Master's,18,Job Portal,No
E03694,Employee 3694,Female,2000-03-16,Bengaluru,Customer Success,CC700,Customer Success Manager,G4,Intern,Remote,2022-12-17,,Active,,0.75,M.Tech,18,Agency,Yes
E03695,Employee 3695,Male,1996-05-11,Mumbai,Operations,CC300,Operations Analyst,G3,Contract,Hybrid,2026-02-05,,Active,E03356,1.0,B.Tech,16,Internal Mobility,No
E03696,Employee 3696,Female,1984-07-03,Bengaluru,Human Resources,CC500,Talent Acquisition Specialist,G3,Permanent,Hybrid,2020-11-11,,Active,E03712,1.0,Master's,10,Internal Mobility,No
E03697,Employee 3697,Male,1994-05-23,Chennai,Marketing,CC600,Brand Manager,G4,Permanent,Hybrid,2020-06-03,,Active,,1.0,Bachelor's,9,Internal Mobility,No
E03698,Employee 3698,Male,1983-08-10,Hyderabad,Technology,CC100,Tech Lead,G1,Contract,Hybrid,2020-02-23,,Active,E02426,0.5,Bachelor's,4,LinkedIn,No
E03699,Employee 3699,Male,1996-08-16,Pune,Human Resources,CC500,HR Business Partner,G2,Permanent,Hybrid,2021-07-06,,Active,E03364,1.0,PhD,8,Company Website,No
E03700,Employee 3700,Male,1984-07-26,Hyderabad,Customer Success,CC700,Support Analyst,G3,Permanent,Hybrid,2020-10-07,,Active,E00092,1.0,B.Tech,9,Agency,No
E03701,Employee 3701,Male,1992-01-25,Gurugram,Operations,CC300,Operations Manager,G2,Intern,Hybrid,2017-06-09,,Active,E02477,1.0,PhD,13,Referral,Yes
E03702,Employee 3702,Female,1998-02-03,Gurugram,Sales,CC200,Sales Executive,G3,Permanent,Onsite,2024-01-01,,Active,E00009,1.0,B.Tech,2,Referral,No
E03703,Employee 3703,Male,1983-12-21,Gurugram,Customer Success,CC700,Customer Success Executive,G4,Permanent,Onsite,2020-07-07,,Active,,1.0,B.Tech,10,Job Portal,No
E03704,Employee 3704,Male,1975-12-20,Chennai,Supply Chain,CC800,Procurement Specialist,G4,Permanent,Remote,2020-10-04,2021-11-01,Exited,E01024,1.0,Bachelor's,18,Internal Mobility,No
E03705,Employee 3705,Male,1986-03-08,Hyderabad,Operations,CC300,Operations Manager,G3,Permanent,Hybrid,2024-03-07,,Active,E04006,1.0,B.Tech,9,Referral,No
E03706,Employee 3706,Female,1984-04-30,Pune,Supply Chain,CC800,Logistics Manager,G3,Permanent,Hybrid,2025-03-19,,Active,E03042,1.0,PhD,10,Agency,No
E03707,Employee 3707,Female,1979-07-25,Hyderabad,Supply Chain,CC800,Logistics Manager,G4,Permanent,Onsite,2023-02-13,,Active,,1.0,Master's,18,Company Website,Yes
E03708,Employee 3708,Female,1980-04-16,Chennai,Sales,CC200,Sales Executive,G3,Permanent,Remote,2022-02-15,,Active,E01897,1.0,MBA,3,Company Website,No
E03709,Employee 3709,Female,2004-10-06,Bengaluru,Human Resources,CC500,L&D Specialist,G4,Contract,Hybrid,2026-08-09,,Active,,0.5,PhD,12,Company Website,No
E03710,Employee 3710,Male,1985-04-06,Mumbai,Sales,CC200,Sales Executive,G4,Permanent,Hybrid,2025-07-04,,Active,,1.0,PhD,11,Job Portal,No
E03711,Employee 3711,Male,1988-04-08,Hyderabad,Technology,CC100,Data Scientist,G3,Permanent,Hybrid,2022-08-04,2024-05-30,Exited,E04839,1.0,PhD,0,Campus,No
E03712,Employee 3712,Male,2004-01-02,Pune,Operations,CC300,Team Lead,G4,Permanent,Remote,2026-04-13,,Active,,1.0,M.Tech,1,Referral,No
E03713,Employee 3713,Female,1996-04-19,Hyderabad,Human Resources,CC500,Talent Acquisition Specialist,G3,Permanent,Hybrid,2019-01-04,2023-05-09,Exited,E03344,1.0,Master's,9,LinkedIn,Yes
E03714,Employee 3714,Female,2000-05-06,Bengaluru,Sales,CC200,Sales Analyst,G3,Permanent,Hybrid,2022-09-21,,Active,E03043,1.0,PhD,2,Internal Mobility,No
E03715,Employee 3715,Female,1974-07-29,Mumbai,Sales,CC200,Regional Sales Manager,G2,Permanent,Onsite,2019-05-23,2020-04-17,Exited,E04870,1.0,MBA,14,Job Portal,Yes
E03716,Employee 3716,Male,1992-10-03,Mumbai,Marketing,CC600,Digital Marketing Analyst,G4,Permanent,Hybrid,2021-03-08,,Active,,1.0,M.Tech,10,Campus,No
E03717,Employee 3717,Female,1996-03-28,Hyderabad,Finance,CC400,Finance Manager,G3,Permanent,Hybrid,2022-08-11,,Active,E01041,1.0,PhD,8,Internal Mobility,No
E03718,Employee 3718,Male,1980-05-03,Hyderabad,Marketing,CC600,Brand Manager,G5,Permanent,Remote,2025-04-26,,Active,,1.0,MBA,15,LinkedIn,No
E03719,Employee 3719,Male,1988-03-10,Noida,Supply Chain,CC800,Planner,G2,Permanent,Onsite,2021-07-01,,Active,E04184,1.0,B.Tech,13,Campus,No
E03720,Employee 3720,Male,1984-05-28,Bengaluru,Sales,CC200,Account Manager,G3,Permanent,Hybrid,2025-10-27,,Active,,1.0,Master's,18,LinkedIn,No
E03721,Employee 3721,Non-binary,1990-01-05,Chennai,Marketing,CC600,Brand Manager,G3,Permanent,Hybrid,2022-06-04,,Active,E00676,1.0,MBA,0,Company Website,No
E03722,Employee 3722,Female,1994-09-05,Pune,Operations,CC300,Operations Analyst,G6,Permanent,Remote,2019-12-21,2021-10-08,Exited,,1.0,M.Tech,8,Agency,No
E03723,Employee 3723,Female,1987-07-29,Noida,Human Resources,CC500,Talent Acquisition Specialist,G2,Permanent,Hybrid,2017-06-16,,Active,E02286,1.0,M.Tech,4,LinkedIn,No
E03724,Employee 3724,Female,1980-06-15,Bengaluru,Human Resources,CC500,L&D Specialist,G3,Permanent,Onsite,2019-01-27,2023-10-15,Exited,E00279,1.0,B.Tech,14,Internal Mobility,No
E03725,Employee 3725,Female,1988-05-17,Bengaluru,Human Resources,CC500,L&D Specialist,G3,Permanent,Hybrid,2024-09-08,,Active,E04428,1.0,PhD,13,LinkedIn,No
E03726,Employee 3726,Male,1979-11-25,Bengaluru,Customer Success,CC700,Support Analyst,G4,Permanent,Remote,2022-03-14,,Active,,1.0,B.Tech,18,Campus,Yes
E03727,Employee 3727,Male,1974-09-01,Bengaluru,Human Resources,CC500,HR Manager,G6,Permanent,Hybrid,2019-01-16,,Active,,1.0,Master's,0,Company Website,No
E03728,Employee 3728,Male,1997-12-25,Pune,Marketing,CC600,Product Marketing Manager,G4,Permanent,Onsite,2025-11-11,,Active,,1.0,Bachelor's,6,Company Website,No
E03729,Employee 3729,Male,2000-12-21,Bengaluru,Finance,CC400,Senior Finance Analyst,G2,Permanent,Hybrid,2025-04-18,,Active,E03989,1.0,Master's,10,Referral,No
E03730,Employee 3730,Male,1989-10-26,Bengaluru,Customer Success,CC700,Customer Success Manager,G6,Permanent,Onsite,2025-09-01,,Active,,1.0,Master's,12,Company Website,No
E03731,Employee 3731,Male,1982-01-04,Hyderabad,Operations,CC300,Operations Executive,G1,Contract,Hybrid,2019-05-18,,Active,E01117,0.75,MBA,0,Company Website,No
E03732,Employee 3732,Female,1994-12-10,Bengaluru,Customer Success,CC700,Support Analyst,G6,Permanent,Hybrid,2023-01-22,2026-03-03,Exited,E00905,1.0,B.Tech,6,Campus,No
E03733,Employee 3733,Male,1995-11-21,Gurugram,Customer Success,CC700,Customer Success Executive,G4,Permanent,Hybrid,2023-12-21,2024-11-06,Exited,E02226,1.0,B.Tech,18,Job Portal,No
E03734,Employee 3734,Male,1984-04-10,Noida,Sales,CC200,Sales Analyst,G5,Intern,Hybrid,2020-11-15,,Active,,0.5,M.Tech,5,Job Portal,No
E03735,Employee 3735,Female,1976-09-10,Chennai,Human Resources,CC500,L&D Specialist,G1,Permanent,Hybrid,2019-06-01,,Active,E04417,1.0,MBA,2,Job Portal,No
E03736,Employee 3736,Male,1982-06-17,Pune,Supply Chain,CC800,Planner,G1,Contract,Onsite,2021-12-31,,Active,E04682,0.75,M.Tech,13,Company Website,No
E03737,Employee 3737,Male,1994-02-05,Gurugram,Customer Success,CC700,Customer Success Manager,G4,Permanent,Onsite,2018-04-11,,Active,,1.0,MBA,7,Campus,No
E03738,Employee 3738,Male,1987-08-27,Hyderabad,Supply Chain,CC800,Planner,G2,Permanent,Hybrid,2019-04-14,,Active,E00223,1.0,Master's,14,Internal Mobility,No
E03739,Employee 3739,Male,1990-03-09,Gurugram,Technology,CC100,Senior Software Engineer,G2,Permanent,Hybrid,2023-08-16,,Active,E00650,1.0,M.Tech,10,Job Portal,No
E03740,Employee 3740,Female,1996-07-19,Chennai,Customer Success,CC700,Support Analyst,G5,Permanent,Hybrid,2020-05-01,,Active,,1.0,MBA,5,LinkedIn,No
E03741,Employee 3741,Female,1988-04-04,Gurugram,Technology,CC100,Data Analyst,G4,Permanent,Remote,2022-10-22,,Active,,1.0,Master's,16,Company Website,Yes
E03742,Employee 3742,Male,1997-09-08,Hyderabad,Supply Chain,CC800,Logistics Manager,G3,Permanent,Remote,2020-04-18,,Active,E02562,1.0,MBA,13,Campus,No
E03743,Employee 3743,Male,1991-11-15,Noida,Finance,CC400,Finance Analyst,G1,Contract,Hybrid,2022-05-29,,Active,E01469,1.0,B.Tech,0,Job Portal,Yes
E03744,Employee 3744,Male,1985-03-12,Hyderabad,Operations,CC300,Team Lead,G5,Permanent,Hybrid,2022-11-04,,Active,,1.0,Master's,16,Job Portal,No
E03745,Employee 3745,Female,1973-07-12,Chennai,Sales,CC200,Account Manager,G2,Permanent,Hybrid,2017-12-06,2019-02-14,Exited,E02978,1.0,MBA,0,LinkedIn,No
E03746,Employee 3746,Male,1987-11-15,Mumbai,Customer Success,CC700,Support Analyst,G5,Permanent,Hybrid,2022-03-11,,Active,,1.0,PhD,8,Job Portal,No
E03747,Employee 3747,Female,1993-04-21,Pune,Sales,CC200,Regional Sales Manager,G2,Permanent,Onsite,2024-12-06,,Active,E04345,1.0,PhD,2,Campus,No
E03748,Employee 3748,Male,1986-09-08,Chennai,Operations,CC300,Operations Executive,G3,Permanent,Remote,2019-03-27,,Active,E03905,1.0,Master's,1,Internal Mobility,No
E03749,Employee 3749,Male,1992-03-20,Pune,Customer Success,CC700,Customer Success Executive,G4,Permanent,Remote,2024-10-01,,Active,,1.0,M.Tech,11,LinkedIn,Yes
E03750,Employee 3750,Male,1979-12-11,Mumbai,Sales,CC200,Account Manager,G3,Intern,Hybrid,2020-09-03,,Active,E01398,0.5,MBA,11,LinkedIn,No
E03751,Employee 3751,Male,1991-07-25,Gurugram,Finance,CC400,Finance Manager,G4,Permanent,Onsite,2022-12-23,,Active,,1.0,B.Tech,10,Company Website,No
E03752,Employee 3752,Male,1996-06-10,Bengaluru,Finance,CC400,Finance Manager,G2,Permanent,Hybrid,2021-11-18,,Active,E04111,1.0,MBA,12,Campus,No
E03753,Employee 3753,Male,1990-05-14,Hyderabad,Technology,CC100,Tech Lead,G3,Permanent,Hybrid,2018-08-25,,Active,E02036,1.0,PhD,13,Internal Mobility,No
E03754,Employee 3754,Male,1996-01-27,Bengaluru,Customer Success,CC700,Customer Success Executive,G3,Permanent,Hybrid,2024-09-30,,Active,E02163,1.0,Master's,7,Agency,No
E03755,Employee 3755,Male,1982-02-26,Gurugram,Supply Chain,CC800,Planner,G5,Permanent,Hybrid,2018-10-30,,Active,,1.0,MBA,15,Job Portal,No
E03756,Employee 3756,Male,1996-08-04,Bengaluru,Customer Success,CC700,Customer Success Manager,G2,Permanent,Hybrid,2026-06-21,,Active,E02538,1.0,Master's,13,Internal Mobility,No
E03757,Employee 3757,Female,1976-04-13,Noida,Customer Success,CC700,Support Analyst,G4,Permanent,Hybrid,2017-07-17,,Active,,1.0,MBA,2,Campus,No
E03758,Employee 3758,Female,1983-11-24,Bengaluru,Marketing,CC600,Brand Manager,G4,Permanent,Hybrid,2026-04-19,,Active,,1.0,MBA,9,Job Portal,No
E03759,Employee 3759,Non-binary,1990-10-05,Hyderabad,Operations,CC300,Operations Analyst,G2,Intern,Hybrid,2018-03-01,2024-04-03,Exited,E00303,0.75,PhD,10,Job Portal,No
E03760,Employee 3760,Male,1982-05-20,Bengaluru,Human Resources,CC500,HR Executive,G2,Permanent,Onsite,2024-04-14,,Active,,1.0,M.Tech,12,LinkedIn,No
E03761,Employee 3761,Male,1999-07-28,Noida,Operations,CC300,Team Lead,G2,Permanent,Onsite,2024-10-04,,Active,E04072,1.0,B.Tech,6,Campus,No
E03762,Employee 3762,Male,2001-12-23,Bengaluru,Finance,CC400,Finance Manager,G4,Permanent,Onsite,2025-02-26,,Active,,1.0,Bachelor's,3,Internal Mobility,No
E03763,Employee 3763,Female,1976-05-29,Chennai,Supply Chain,CC800,Procurement Specialist,G4,Permanent,Onsite,2019-07-09,,Active,,1.0,MBA,18,LinkedIn,No
E03764,Employee 3764,Female,1988-02-25,Bengaluru,Sales,CC200,Sales Executive,G3,Intern,Hybrid,2022-08-01,,Active,E03059,1.0,B.Tech,9,Agency,No
E03765,Employee 3765,Female,1997-03-15,Mumbai,Operations,CC300,Operations Executive,G1,Contract,Hybrid,2019-05-21,,Active,E03925,0.5,MBA,9,Company Website,No
E03766,Employee 3766,Female,1985-03-15,Gurugram,Operations,CC300,Operations Analyst,G5,Permanent,Hybrid,2019-12-07,,Active,,1.0,Bachelor's,5,Referral,Yes
E03767,Employee 3767,Male,1986-09-28,Hyderabad,Marketing,CC600,Product Marketing Manager,G5,Permanent,Hybrid,2026-04-18,,Active,,1.0,B.Tech,7,Campus,No
E03768,Employee 3768,Female,1977-12-05,Hyderabad,Sales,CC200,Sales Analyst,G3,Permanent,Remote,2018-06-19,,Active,E00469,1.0,Bachelor's,12,Internal Mobility,No
E03769,Employee 3769,Male,1980-07-18,Bengaluru,Customer Success,CC700,Support Analyst,G4,Permanent,Onsite,2017-06-04,2026-03-09,Exited,E00513,1.0,PhD,6,LinkedIn,No
E03770,Employee 3770,Female,1989-12-15,Hyderabad,Marketing,CC600,Digital Marketing Analyst,G2,Permanent,Onsite,2026-01-12,,Active,E02627,1.0,B.Tech,5,Internal Mobility,No
E03771,Employee 3771,Female,1998-10-03,Pune,Technology,CC100,Senior Software Engineer,G5,Permanent,Hybrid,2023-04-09,,Active,,1.0,Master's,18,Campus,No
E03772,Employee 3772,Male,1991-03-11,Hyderabad,Customer Success,CC700,Customer Success Manager,G2,Permanent,Onsite,2023-01-30,,Active,E03063,1.0,M.Tech,0,Company Website,No
E03773,Employee 3773,Female,1990-02-14,Pune,Supply Chain,CC800,Supply Chain Analyst,G2,Permanent,Hybrid,2024-09-29,,Active,E03112,1.0,M.Tech,9,Agency,No
E03774,Employee 3774,Female,1979-02-21,Pune,Sales,CC200,Regional Sales Manager,G1,Permanent,Hybrid,2021-11-06,,Active,E00194,1.0,MBA,7,Referral,No
E03775,Employee 3775,Male,1996-03-27,Gurugram,Technology,CC100,Data Analyst,G3,Permanent,Hybrid,2025-12-16,,Active,,1.0,PhD,12,Internal Mobility,No
E03776,Employee 3776,Male,1980-01-01,Bengaluru,Technology,CC100,Senior Software Engineer,G2,Permanent,Hybrid,2021-10-26,2022-07-24,Exited,E03387,1.0,B.Tech,17,Job Portal,Yes
E03777,Employee 3777,Female,2001-06-18,Gurugram,Sales,CC200,Sales Analyst,G4,Permanent,Onsite,2025-07-16,,Active,,1.0,MBA,13,Company Website,No
E03778,Employee 3778,Female,1976-08-19,Gurugram,Customer Success,CC700,Customer Success Manager,G2,Permanent,Hybrid,2019-10-21,,Active,E02917,1.0,B.Tech,9,Internal Mobility,No
E03779,Employee 3779,Male,1985-06-29,Chennai,Technology,CC100,Senior Software Engineer,G5,Permanent,Onsite,2025-08-09,,Active,,1.0,M.Tech,15,Company Website,No
E03780,Employee 3780,Female,2000-05-12,Chennai,Technology,CC100,Data Scientist,G4,Contract,Remote,2026-01-21,,Active,,0.75,PhD,6,Referral,No
E03781,Employee 3781,Female,1991-08-04,Gurugram,Marketing,CC600,Product Marketing Manager,G1,Permanent,Remote,2021-07-16,,Active,E01398,1.0,Master's,17,Campus,No
E03782,Employee 3782,Female,1995-07-16,Hyderabad,Marketing,CC600,Digital Marketing Analyst,G3,Permanent,Hybrid,2023-11-01,,Active,E04401,1.0,MBA,17,Referral,No
E03783,Employee 3783,Male,1996-11-08,Chennai,Marketing,CC600,Brand Manager,G3,Contract,Hybrid,2018-11-02,,Active,E00517,0.5,M.Tech,4,Company Website,No
E03784,Employee 3784,Male,1985-11-21,Bengaluru,Customer Success,CC700,Support Analyst,G4,Permanent,Hybrid,2018-02-05,,Active,,1.0,MBA,2,Internal Mobility,No
E03785,Employee 3785,Female,1983-01-25,Hyderabad,Supply Chain,CC800,Procurement Specialist,G2,Contract,Hybrid,2022-06-17,,Active,E03927,1.0,Bachelor's,6,LinkedIn,Yes
E03786,Employee 3786,Male,1998-11-21,Pune,Marketing,CC600,Digital Marketing Analyst,G3,Permanent,Hybrid,2020-08-03,,Active,E01385,1.0,M.Tech,13,LinkedIn,No
E03787,Employee 3787,Male,1986-12-02,Gurugram,Technology,CC100,Data Scientist,G3,Permanent,Hybrid,2020-04-06,2026-05-27,Exited,E02340,1.0,Master's,12,LinkedIn,No
E03788,Employee 3788,Female,1977-11-09,Gurugram,Operations,CC300,Operations Manager,G1,Permanent,Hybrid,2021-04-18,,Active,E03655,1.0,B.Tech,13,Referral,No
E03789,Employee 3789,Male,2003-03-21,Hyderabad,Supply Chain,CC800,Logistics Manager,G3,Permanent,Onsite,2026-02-11,,Active,E03662,1.0,PhD,0,Company Website,No
E03790,Employee 3790,Male,1990-02-12,Gurugram,Customer Success,CC700,Support Analyst,G6,Permanent,Remote,2017-05-05,,Active,,1.0,Master's,7,Campus,No
E03791,Employee 3791,Male,1996-02-23,Pune,Finance,CC400,Senior Finance Analyst,G4,Permanent,Onsite,2018-01-23,2022-01-29,Exited,E03090,1.0,MBA,18,Job Portal,No
E03792,Employee 3792,Female,1984-11-19,Noida,Customer Success,CC700,Support Analyst,G2,Permanent,Hybrid,2021-03-16,,Active,E04110,1.0,M.Tech,18,Referral,No
E03793,Employee 3793,Female,1997-03-04,Hyderabad,Finance,CC400,Senior Finance Analyst,G2,Permanent,Hybrid,2025-03-12,,Active,E00348,1.0,Master's,5,Company Website,No
E03794,Employee 3794,Female,2001-06-27,Pune,Sales,CC200,Sales Executive,G1,Contract,Onsite,2022-10-17,2025-09-11,Exited,E03925,0.75,M.Tech,18,Internal Mobility,No
E03795,Employee 3795,Male,1976-05-05,Mumbai,Human Resources,CC500,Talent Acquisition Specialist,G2,Permanent,Hybrid,2018-04-10,2022-08-03,Exited,E03204,1.0,B.Tech,7,Campus,No
E03796,Employee 3796,Female,1981-07-31,Gurugram,Sales,CC200,Regional Sales Manager,G3,Permanent,Remote,2019-07-09,,Active,E00803,1.0,PhD,3,Campus,No
E03797,Employee 3797,Female,1989-05-07,Bengaluru,Finance,CC400,Finance Analyst,G3,Permanent,Hybrid,2020-11-30,,Active,E00368,1.0,Bachelor's,9,Job Portal,No
E03798,Employee 3798,Male,1983-09-06,Gurugram,Customer Success,CC700,Support Analyst,G4,Permanent,Remote,2017-04-22,,Active,,1.0,M.Tech,10,Internal Mobility,No
E03799,Employee 3799,Male,2000-10-24,Chennai,Customer Success,CC700,Customer Success Executive,G5,Permanent,Onsite,2026-01-06,,Active,,1.0,Master's,14,Agency,No
E03800,Employee 3800,Female,1998-12-27,Gurugram,Finance,CC400,Finance Manager,G4,Permanent,Hybrid,2023-01-03,,Active,,1.0,M.Tech,11,Agency,No
E03801,Employee 3801,Male,1982-07-30,Bengaluru,Sales,CC200,Sales Executive,G4,Permanent,Onsite,2020-10-02,,Active,,1.0,MBA,8,Campus,Yes
E03802,Employee 3802,Female,1987-10-06,Hyderabad,Sales,CC200,Sales Executive,G3,Permanent,Hybrid,2025-02-13,2026-03-23,Exited,E03263,1.0,PhD,4,Job Portal,No
E03803,Employee 3803,Male,1987-09-06,Hyderabad,Technology,CC100,Software Engineer,G4,Permanent,Hybrid,2025-07-13,,Active,,1.0,B.Tech,14,Agency,No
E03804,Employee 3804,Male,1984-11-25,Mumbai,Human Resources,CC500,HR Executive,G3,Permanent,Onsite,2025-02-06,,Active,E03502,1.0,PhD,12,Referral,No
E03805,Employee 3805,Female,1991-07-27,Mumbai,Supply Chain,CC800,Logistics Manager,G3,Permanent,Remote,2021-08-16,2024-12-12,Exited,E01007,1.0,B.Tech,10,Referral,No
E03806,Employee 3806,Female,1985-04-11,Gurugram,Marketing,CC600,Marketing Executive,G5,Permanent,Hybrid,2019-03-24,,Active,,1.0,B.Tech,3,Internal Mobility,No
E03807,Employee 3807,Female,1993-06-18,Hyderabad,Technology,CC100,Engineering Manager,G5,Permanent,Onsite,2017-10-17,2026-02-25,Exited,E02900,1.0,MBA,8,Referral,No
E03808,Employee 3808,Female,1976-08-05,Bengaluru,Sales,CC200,Account Manager,G3,Intern,Onsite,2019-08-28,2021-10-14,Exited,E03803,0.75,MBA,12,Internal Mobility,Yes
E03809,Employee 3809,Female,1985-04-22,Hyderabad,Marketing,CC600,Brand Manager,G5,Intern,Hybrid,2019-08-17,2022-11-14,Exited,E01750,0.75,M.Tech,9,Internal Mobility,Yes
E03810,Employee 3810,Male,1995-02-23,Hyderabad,Finance,CC400,Senior Finance Analyst,G1,Permanent,Onsite,2021-05-11,,Active,E03800,1.0,PhD,17,Referral,Yes
E03811,Employee 3811,Female,1987-01-22,Chennai,Customer Success,CC700,Support Analyst,G2,Permanent,Hybrid,2018-02-21,,Active,E02017,1.0,Bachelor's,6,Job Portal,No
E03812,Employee 3812,Female,1985-11-20,Bengaluru,Marketing,CC600,Product Marketing Manager,G5,Permanent,Remote,2017-05-08,2019-06-21,Exited,E03012,1.0,M.Tech,8,Agency,Yes
E03813,Employee 3813,Female,1977-11-17,Pune,Finance,CC400,Finance Manager,G5,Permanent,Hybrid,2018-09-25,,Active,,1.0,B.Tech,12,Agency,No
E03814,Employee 3814,Male,1981-08-07,Hyderabad,Marketing,CC600,Brand Manager,G3,Permanent,Onsite,2019-09-09,,Active,E00949,1.0,Bachelor's,4,Campus,No
E03815,Employee 3815,Female,2002-07-04,Hyderabad,Finance,CC400,Senior Finance Analyst,G5,Permanent,Hybrid,2024-06-03,,Active,,1.0,PhD,8,Internal Mobility,No
E03816,Employee 3816,Male,1996-05-15,Hyderabad,Human Resources,CC500,HR Business Partner,G3,Permanent,Remote,2026-05-24,,Active,E03252,1.0,MBA,15,Internal Mobility,No
E03817,Employee 3817,Male,1978-04-23,Chennai,Finance,CC400,Senior Finance Analyst,G3,Permanent,Hybrid,2017-02-22,,Active,E00853,1.0,Bachelor's,14,Campus,No
E03818,Employee 3818,Male,1994-03-27,Chennai,Finance,CC400,Finance Analyst,G4,Permanent,Hybrid,2023-04-22,,Active,,1.0,Bachelor's,1,Internal Mobility,No
E03819,Employee 3819,Male,1998-02-01,Gurugram,Technology,CC100,Software Engineer,G3,Permanent,Hybrid,2025-01-20,,Active,E02788,1.0,M.Tech,17,Company Website,No
E03820,Employee 3820,Male,1997-05-18,Gurugram,Marketing,CC600,Digital Marketing Analyst,G2,Permanent,Hybrid,2018-11-06,,Active,E00318,1.0,PhD,13,LinkedIn,No
E03821,Employee 3821,Male,1989-01-17,Bengaluru,Marketing,CC600,Product Marketing Manager,G5,Contract,Remote,2020-04-15,2023-11-21,Exited,E01141,1.0,M.Tech,2,Job Portal,No
E03822,Employee 3822,Female,1994-10-07,Hyderabad,Finance,CC400,Senior Finance Analyst,G6,Permanent,Hybrid,2024-12-13,,Active,,1.0,Master's,7,Campus,No
E03823,Employee 3823,Female,1995-10-18,Mumbai,Human Resources,CC500,Talent Acquisition Specialist,G4,Contract,Onsite,2023-05-21,,Active,,0.75,MBA,1,Internal Mobility,No
E03824,Employee 3824,Male,1992-10-22,Bengaluru,Marketing,CC600,Digital Marketing Analyst,G4,Contract,Hybrid,2025-05-12,,Active,,1.0,PhD,14,Referral,No
E03825,Employee 3825,Female,1987-10-31,Pune,Marketing,CC600,Marketing Executive,G4,Permanent,Remote,2019-12-08,,Active,,1.0,PhD,8,Campus,No
E03826,Employee 3826,Male,1985-06-07,Mumbai,Technology,CC100,Senior Software Engineer,G3,Contract,Onsite,2018-04-30,,Active,E04854,1.0,PhD,11,LinkedIn,No
E03827,Employee 3827,Male,1990-11-29,Hyderabad,Operations,CC300,Operations Manager,G4,Permanent,Remote,2025-12-05,,Active,,1.0,Master's,8,Job Portal,No
E03828,Employee 3828,Female,1994-02-08,Hyderabad,Sales,CC200,Key Account Manager,G5,Contract,Remote,2025-04-23,,Active,,0.5,B.Tech,1,Company Website,No
E03829,Employee 3829,Female,2004-07-03,Bengaluru,Sales,CC200,Sales Analyst,G2,Permanent,Hybrid,2026-01-26,,Active,E03554,1.0,B.Tech,2,Campus,Yes
E03830,Employee 3830,Male,2000-07-04,Gurugram,Supply Chain,CC800,Logistics Manager,G3,Permanent,Onsite,2021-11-21,,Active,E01376,1.0,M.Tech,16,Campus,Yes
E03831,Employee 3831,Male,1990-03-04,Bengaluru,Finance,CC400,Finance Analyst,G2,Permanent,Hybrid,2022-06-20,,Active,E02729,1.0,M.Tech,11,Job Portal,No
E03832,Employee 3832,Male,1981-05-07,Pune,Marketing,CC600,Marketing Executive,G3,Permanent,Hybrid,2023-11-06,,Active,E00397,1.0,MBA,12,Referral,Yes
E03833,Employee 3833,Female,2000-02-20,Pune,Technology,CC100,Data Scientist,G4,Permanent,Hybrid,2024-12-20,,Active,,1.0,M.Tech,14,LinkedIn,No
E03834,Employee 3834,Male,1977-04-25,Bengaluru,Technology,CC100,Senior Software Engineer,G3,Contract,Hybrid,2018-12-10,,Active,E04472,1.0,MBA,5,Company Website,No
E03835,Employee 3835,Female,1991-04-11,Hyderabad,Supply Chain,CC800,Procurement Specialist,G2,Permanent,Hybrid,2025-01-06,,Active,E00740,1.0,MBA,13,Agency,No
E03836,Employee 3836,Male,1978-02-07,Noida,Supply Chain,CC800,Logistics Manager,G3,Contract,Onsite,2020-02-27,,Active,E03391,1.0,B.Tech,14,Agency,Yes
E03837,Employee 3837,Female,1989-09-01,Gurugram,Human Resources,CC500,Talent Acquisition Specialist,G2,Permanent,Hybrid,2019-10-02,,Active,E04090,1.0,B.Tech,5,Job Portal,No
E03838,Employee 3838,Female,1989-06-01,Bengaluru,Customer Success,CC700,Support Analyst,G2,Permanent,Onsite,2020-06-24,2021-01-15,Exited,E02627,1.0,Bachelor's,16,LinkedIn,Yes
E03839,Employee 3839,Male,1990-10-11,Gurugram,Human Resources,CC500,L&D Specialist,G4,Permanent,Hybrid,2018-11-16,,Active,,1.0,Bachelor's,10,Agency,Yes
E03840,Employee 3840,Male,1991-11-17,Chennai,Human Resources,CC500,HR Manager,G3,Permanent,Onsite,2018-10-22,,Active,E01026,1.0,Bachelor's,18,Internal Mobility,No
E03841,Employee 3841,Female,1994-04-07,Mumbai,Technology,CC100,Tech Lead,G3,Permanent,Hybrid,2020-07-29,,Active,E01782,1.0,M.Tech,6,Agency,No
E03842,Employee 3842,Male,1997-11-13,Pune,Operations,CC300,Operations Analyst,G2,Permanent,Hybrid,2020-02-08,,Active,E04395,1.0,Master's,4,Referral,No
E03843,Employee 3843,Female,1992-06-24,Bengaluru,Customer Success,CC700,Customer Success Executive,G3,Permanent,Hybrid,2020-03-30,,Active,E00540,1.0,MBA,8,Job Portal,No
E03844,Employee 3844,Female,2002-05-08,Bengaluru,Sales,CC200,Sales Executive,G2,Permanent,Hybrid,2023-09-19,,Active,E03285,1.0,PhD,1,Agency,No
E03845,Employee 3845,Male,1981-04-04,Hyderabad,Marketing,CC600,Digital Marketing Analyst,G3,Contract,Remote,2019-01-22,,Active,E00590,0.75,M.Tech,0,LinkedIn,No
E03846,Employee 3846,Male,1983-09-22,Chennai,Operations,CC300,Operations Manager,G4,Permanent,Hybrid,2025-09-18,,Active,,1.0,MBA,12,Referral,No
E03847,Employee 3847,Female,1985-04-01,Hyderabad,Sales,CC200,Regional Sales Manager,G4,Permanent,Hybrid,2018-09-08,2022-10-14,Exited,E01340,1.0,M.Tech,0,Company Website,Yes
E03848,Employee 3848,Female,1987-09-15,Noida,Supply Chain,CC800,Supply Chain Analyst,G4,Permanent,Hybrid,2017-02-15,,Active,,1.0,M.Tech,7,Job Portal,No
E03849,Employee 3849,Male,1988-02-05,Pune,Technology,CC100,Engineering Manager,G4,Permanent,Hybrid,2023-12-19,,Active,,1.0,B.Tech,6,Job Portal,No
E03850,Employee 3850,Male,1977-01-12,Hyderabad,Marketing,CC600,Marketing Executive,G5,Permanent,Onsite,2020-12-11,2025-06-23,Exited,E04011,1.0,M.Tech,5,Job Portal,Yes
E03851,Employee 3851,Female,1991-08-11,Chennai,Customer Success,CC700,Support Analyst,G2,Permanent,Remote,2023-11-29,,Active,E04816,1.0,MBA,8,Internal Mobility,No
E03852,Employee 3852,Male,1995-03-08,Gurugram,Technology,CC100,Engineering Manager,G3,Permanent,Hybrid,2023-02-25,,Active,E04621,1.0,Bachelor's,4,Company Website,No
E03853,Employee 3853,Male,1990-11-09,Gurugram,Customer Success,CC700,Customer Success Manager,G1,Permanent,Hybrid,2021-11-07,2025-03-03,Exited,E02743,1.0,PhD,14,Agency,No
E03854,Employee 3854,Male,1986-02-28,Bengaluru,Operations,CC300,Operations Analyst,G4,Permanent,Onsite,2024-05-17,2026-07-02,Exited,E00281,1.0,Bachelor's,2,Company Website,Yes
E03855,Employee 3855,Female,1993-05-11,Pune,Technology,CC100,Tech Lead,G1,Permanent,Onsite,2026-05-15,,Active,E01180,1.0,Master's,16,Agency,No
E03856,Employee 3856,Female,1993-10-03,Hyderabad,Customer Success,CC700,Support Analyst,G3,Intern,Onsite,2026-07-10,,Active,E00191,1.0,MBA,16,LinkedIn,No
E03857,Employee 3857,Male,1991-03-25,Gurugram,Sales,CC200,Sales Executive,G3,Permanent,Hybrid,2019-05-23,,Active,E01347,1.0,Master's,8,Job Portal,No
E03858,Employee 3858,Female,1984-11-13,Bengaluru,Supply Chain,CC800,Procurement Specialist,G5,Permanent,Hybrid,2022-06-14,,Active,,1.0,PhD,3,LinkedIn,No
E03859,Employee 3859,Female,1975-02-28,Mumbai,Finance,CC400,Finance Manager,G3,Contract,Hybrid,2018-05-29,,Active,E04248,0.5,M.Tech,16,LinkedIn,No
E03860,Employee 3860,Male,1983-08-16,Chennai,Human Resources,CC500,HR Business Partner,G3,Permanent,Onsite,2022-01-23,,Active,E02410,1.0,PhD,16,Referral,No
E03861,Employee 3861,Female,1975-06-29,Hyderabad,Finance,CC400,Finance Analyst,G2,Permanent,Hybrid,2020-01-05,,Active,E03895,1.0,Master's,7,Company Website,No
E03862,Employee 3862,Male,1992-04-19,Pune,Technology,CC100,Engineering Manager,G2,Contract,Remote,2017-07-03,,Active,E04117,1.0,M.Tech,18,LinkedIn,Yes
E03863,Employee 3863,Female,1979-08-12,Bengaluru,Technology,CC100,Tech Lead,G1,Permanent,Hybrid,2019-05-30,2023-12-30,Exited,E03662,1.0,B.Tech,15,LinkedIn,No
E03864,Employee 3864,Female,1999-06-27,Mumbai,Operations,CC300,Team Lead,G2,Contract,Hybrid,2021-02-08,,Active,E04591,0.5,Master's,2,Referral,No
E03865,Employee 3865,Male,1994-08-29,Hyderabad,Operations,CC300,Operations Manager,G3,Permanent,Onsite,2024-05-06,,Active,E02192,1.0,MBA,5,Agency,Yes
E03866,Employee 3866,Male,1985-07-30,Pune,Human Resources,CC500,Talent Acquisition Specialist,G5,Permanent,Hybrid,2025-07-20,,Active,,1.0,Bachelor's,9,Company Website,No
E03867,Employee 3867,Male,1980-04-19,Bengaluru,Marketing,CC600,Product Marketing Manager,G6,Permanent,Onsite,2024-11-27,2026-03-14,Exited,E03465,1.0,PhD,16,Agency,No
E03868,Employee 3868,Male,1991-07-20,Gurugram,Customer Success,CC700,Customer Success Executive,G4,Permanent,Hybrid,2018-01-06,,Active,,1.0,M.Tech,10,LinkedIn,No
E03869,Employee 3869,Male,1984-02-02,Hyderabad,Sales,CC200,Sales Analyst,G2,Permanent,Hybrid,2024-07-21,,Active,,1.0,Bachelor's,4,Agency,No
E03870,Employee 3870,Female,1997-05-07,Noida,Technology,CC100,Tech Lead,G1,Permanent,Onsite,2024-04-27,,Active,E02675,1.0,Master's,6,Campus,No
E03871,Employee 3871,Male,1994-10-07,Gurugram,Sales,CC200,Sales Analyst,G5,Permanent,Hybrid,2017-04-10,2023-05-20,Exited,E03465,1.0,PhD,18,Internal Mobility,No
E03872,Employee 3872,Male,1994-12-26,Mumbai,Operations,CC300,Operations Analyst,G3,Permanent,Remote,2025-04-19,,Active,E04000,1.0,B.Tech,17,Job Portal,No
E03873,Employee 3873,Female,2000-02-07,Gurugram,Sales,CC200,Sales Analyst,G4,Permanent,Hybrid,2022-11-29,,Active,,1.0,M.Tech,5,Referral,No
E03874,Employee 3874,Female,1989-06-11,Gurugram,Finance,CC400,Senior Finance Analyst,G1,Permanent,Hybrid,2017-03-26,,Active,E04636,1.0,B.Tech,3,Campus,No
E03875,Employee 3875,Male,1990-02-03,Hyderabad,Sales,CC200,Key Account Manager,G3,Permanent,Hybrid,2021-10-18,,Active,,1.0,PhD,4,Internal Mobility,No
E03876,Employee 3876,Female,1985-05-12,Pune,Technology,CC100,Tech Lead,G1,Permanent,Hybrid,2025-10-19,,Active,E04480,1.0,M.Tech,11,Job Portal,No
E03877,Employee 3877,Female,1985-09-27,Mumbai,Operations,CC300,Operations Manager,G2,Permanent,Hybrid,2019-11-18,,Active,E01324,1.0,MBA,13,LinkedIn,No
E03878,Employee 3878,Male,2003-05-23,Hyderabad,Human Resources,CC500,HR Business Partner,G2,Intern,Remote,2024-11-10,,Active,E02609,0.5,PhD,13,LinkedIn,No
E03879,Employee 3879,Female,1985-12-13,Hyderabad,Supply Chain,CC800,Planner,G3,Contract,Remote,2022-07-25,,Active,E04195,0.75,Master's,14,Referral,No
E03880,Employee 3880,Male,1989-04-20,Hyderabad,Marketing,CC600,Marketing Executive,G2,Permanent,Hybrid,2019-10-21,,Active,E04950,1.0,Bachelor's,3,Agency,Yes
E03881,Employee 3881,Male,1997-04-13,Gurugram,Customer Success,CC700,Customer Success Executive,G4,Contract,Hybrid,2022-02-03,,Active,,0.5,Bachelor's,5,Campus,No
E03882,Employee 3882,Male,1991-01-03,Noida,Finance,CC400,Finance Manager,G3,Permanent,Hybrid,2018-04-27,,Active,E04858,1.0,B.Tech,2,Company Website,Yes
E03883,Employee 3883,Male,1990-09-06,Hyderabad,Operations,CC300,Team Lead,G4,Contract,Hybrid,2022-02-12,,Active,,0.75,PhD,3,Referral,No
E03884,Employee 3884,Male,2000-08-29,Bengaluru,Customer Success,CC700,Customer Success Executive,G3,Permanent,Hybrid,2024-08-06,,Active,E04519,1.0,PhD,14,Agency,No
E03885,Employee 3885,Male,1982-01-23,Bengaluru,Marketing,CC600,Brand Manager,G2,Permanent,Remote,2025-03-19,,Active,E01090,1.0,MBA,14,LinkedIn,No
E03886,Employee 3886,Male,1981-11-11,Hyderabad,Technology,CC100,Data Analyst,G2,Permanent,Onsite,2024-04-06,,Active,E03623,1.0,Master's,0,Company Website,No
E03887,Employee 3887,Male,1985-08-13,Gurugram,Technology,CC100,Engineering Manager,G5,Contract,Onsite,2025-06-20,,Active,,0.5,Bachelor's,9,Agency,No
E03888,Employee 3888,Female,1997-11-04,Chennai,Supply Chain,CC800,Supply Chain Analyst,G4,Contract,Onsite,2021-09-30,,Active,,1.0,B.Tech,2,Company Website,Yes
E03889,Employee 3889,Male,2000-03-10,Gurugram,Marketing,CC600,Marketing Executive,G3,Intern,Remote,2024-12-15,,Active,E01643,0.5,MBA,2,Campus,No
E03890,Employee 3890,Non-binary,1985-02-23,Chennai,Marketing,CC600,Digital Marketing Analyst,G1,Contract,Hybrid,2022-02-23,2026-05-10,Exited,E03437,0.5,PhD,16,Job Portal,No
E03891,Employee 3891,Male,1998-04-22,Chennai,Operations,CC300,Team Lead,G4,Permanent,Onsite,2024-04-02,,Active,,1.0,PhD,9,Internal Mobility,No
E03892,Employee 3892,Male,1993-03-26,Gurugram,Finance,CC400,Finance Analyst,G5,Permanent,Onsite,2021-12-27,,Active,,1.0,Master's,5,Company Website,No
E03893,Employee 3893,Male,1994-02-14,Gurugram,Customer Success,CC700,Customer Success Manager,G3,Permanent,Remote,2021-03-24,2025-07-31,Exited,E02647,1.0,M.Tech,11,Internal Mobility,No
E03894,Employee 3894,Female,1990-02-21,Mumbai,Finance,CC400,Senior Finance Analyst,G3,Contract,Remote,2022-02-16,,Active,E01735,1.0,Bachelor's,15,LinkedIn,No
E03895,Employee 3895,Female,1994-06-28,Hyderabad,Marketing,CC600,Product Marketing Manager,G4,Permanent,Onsite,2017-11-12,,Active,,1.0,MBA,12,Campus,No
E03896,Employee 3896,Female,1983-03-02,Chennai,Supply Chain,CC800,Planner,G3,Permanent,Hybrid,2026-04-01,,Active,E04210,1.0,B.Tech,3,Company Website,No
E03897,Employee 3897,Male,1986-03-21,Mumbai,Marketing,CC600,Digital Marketing Analyst,G1,Permanent,Hybrid,2025-07-21,,Active,E01563,1.0,PhD,1,Campus,No
E03898,Employee 3898,Male,1989-10-20,Hyderabad,Customer Success,CC700,Customer Success Manager,G3,Permanent,Hybrid,2019-02-18,,Active,E00050,1.0,B.Tech,15,Agency,No
E03899,Employee 3899,Male,1974-09-05,Hyderabad,Sales,CC200,Sales Executive,G1,Permanent,Hybrid,2019-03-17,2022-01-21,Exited,E01833,1.0,MBA,9,Referral,Yes
E03900,Employee 3900,Female,1998-04-20,Mumbai,Sales,CC200,Key Account Manager,G3,Intern,Hybrid,2023-07-18,,Active,,0.75,Bachelor's,16,LinkedIn,No
E03901,Employee 3901,Male,1976-08-23,Mumbai,Finance,CC400,Finance Manager,G3,Permanent,Hybrid,2018-02-13,,Active,E03710,1.0,M.Tech,15,Company Website,No
E03902,Employee 3902,Male,1976-06-25,Mumbai,Marketing,CC600,Digital Marketing Analyst,G5,Intern,Hybrid,2017-01-30,,Active,,1.0,M.Tech,9,Agency,No
E03903,Employee 3903,Male,1979-05-10,Bengaluru,Customer Success,CC700,Customer Success Manager,G4,Permanent,Hybrid,2019-08-17,,Active,,1.0,M.Tech,11,Campus,No
E03904,Employee 3904,Male,1993-11-19,Hyderabad,Supply Chain,CC800,Procurement Specialist,G4,Permanent,Onsite,2026-06-15,,Active,,1.0,MBA,14,Agency,No
E03905,Employee 3905,Male,1981-06-03,Chennai,Supply Chain,CC800,Logistics Manager,G4,Permanent,Onsite,2023-12-02,,Active,,1.0,PhD,7,Campus,No
E03906,Employee 3906,Female,1977-02-17,Bengaluru,Sales,CC200,Sales Analyst,G4,Permanent,Hybrid,2018-02-24,,Active,,1.0,PhD,12,Job Portal,No
E03907,Employee 3907,Male,1981-04-27,Mumbai,Sales,CC200,Sales Executive,G3,Intern,Hybrid,2022-08-15,,Active,,0.75,B.Tech,10,Campus,Yes
E03908,Employee 3908,Female,1984-07-04,Hyderabad,Human Resources,CC500,L&D Specialist,G5,Permanent,Hybrid,2018-05-13,,Active,,1.0,Master's,9,Referral,No
E03909,Employee 3909,Female,1987-09-05,Noida,Sales,CC200,Sales Executive,G3,Permanent,Hybrid,2025-06-04,,Active,E03777,1.0,M.Tech,1,Company Website,Yes
E03910,Employee 3910,Female,1996-12-28,Gurugram,Human Resources,CC500,Talent Acquisition Specialist,G5,Permanent,Remote,2024-02-14,,Active,,1.0,Bachelor's,11,Company Website,No
E03911,Employee 3911,Female,1989-11-03,Gurugram,Human Resources,CC500,HR Business Partner,G4,Permanent,Hybrid,2021-08-02,,Active,,1.0,Master's,18,Agency,No
E03912,Employee 3912,Female,1994-08-24,Hyderabad,Supply Chain,CC800,Planner,G4,Permanent,Hybrid,2018-11-16,2025-10-01,Exited,E00128,1.0,M.Tech,12,Company Website,No
E03913,Employee 3913,Female,1992-03-21,Gurugram,Finance,CC400,Finance Analyst,G4,Permanent,Hybrid,2026-08-04,,Active,,1.0,Bachelor's,1,Company Website,Yes
E03914,Employee 3914,Female,1979-03-16,Bengaluru,Operations,CC300,Operations Analyst,G3,Permanent,Hybrid,2023-03-19,,Active,,1.0,PhD,16,Referral,No
E03915,Employee 3915,Female,1993-01-14,Hyderabad,Operations,CC300,Operations Manager,G2,Permanent,Hybrid,2025-04-05,,Active,E04544,1.0,B.Tech,17,Referral,No
E03916,Employee 3916,Male,1997-11-09,Bengaluru,Sales,CC200,Regional Sales Manager,G5,Permanent,Hybrid,2025-05-22,2026-03-03,Exited,E04497,1.0,B.Tech,16,LinkedIn,No
E03917,Employee 3917,Female,1991-03-21,Chennai,Supply Chain,CC800,Procurement Specialist,G4,Permanent,Onsite,2018-05-12,2026-07-19,Exited,,1.0,M.Tech,16,Internal Mobility,No
E03918,Employee 3918,Male,1989-12-20,Noida,Human Resources,CC500,HR Manager,G4,Permanent,Hybrid,2021-11-07,,Active,,1.0,MBA,8,Company Website,No
E03919,Employee 3919,Male,2001-11-01,Pune,Customer Success,CC700,Customer Success Manager,G4,Permanent,Hybrid,2024-08-18,,Active,,1.0,M.Tech,9,LinkedIn,No
E03920,Employee 3920,Female,1998-04-16,Chennai,Marketing,CC600,Product Marketing Manager,G4,Permanent,Onsite,2025-07-09,,Active,,1.0,Master's,7,Agency,No
E03921,Employee 3921,Female,1994-12-10,Noida,Human Resources,CC500,HR Manager,G2,Permanent,Onsite,2026-05-26,,Active,E03744,1.0,Master's,5,Agency,No
E03922,Employee 3922,Male,1995-09-18,Mumbai,Finance,CC400,Finance Analyst,G2,Permanent,Remote,2017-12-04,,Active,E03868,1.0,B.Tech,13,Company Website,No
E03923,Employee 3923,Male,2000-11-13,Gurugram,Technology,CC100,Senior Software Engineer,G2,Permanent,Onsite,2023-12-23,,Active,E02358,1.0,M.Tech,17,Internal Mobility,No
E03924,Employee 3924,Male,1982-11-29,Noida,Human Resources,CC500,HR Executive,G3,Permanent,Onsite,2020-08-19,,Active,E04163,1.0,M.Tech,7,Internal Mobility,No
E03925,Employee 3925,Female,1982-10-31,Bengaluru,Technology,CC100,Data Analyst,G4,Permanent,Hybrid,2021-08-02,,Active,,1.0,Bachelor's,16,Referral,No
E03926,Employee 3926,Female,1992-05-23,Noida,Marketing,CC600,Digital Marketing Analyst,G6,Contract,Hybrid,2021-03-26,,Active,,0.75,MBA,2,Agency,No
E03927,Employee 3927,Male,1980-04-06,Hyderabad,Operations,CC300,Operations Executive,G5,Permanent,Remote,2022-03-14,,Active,,1.0,PhD,10,Company Website,No
E03928,Employee 3928,Female,1986-01-22,Gurugram,Human Resources,CC500,HR Business Partner,G3,Permanent,Onsite,2023-03-17,2025-03-17,Exited,E04757,1.0,PhD,10,Referral,No
E03929,Employee 3929,Female,1984-12-07,Pune,Operations,CC300,Team Lead,G6,Permanent,Hybrid,2019-10-01,,Active,,1.0,MBA,8,Campus,No
E03930,Employee 3930,Female,1987-12-06,Pune,Customer Success,CC700,Customer Success Executive,G4,Permanent,Remote,2025-03-28,,Active,,1.0,MBA,7,Internal Mobility,No
E03931,Employee 3931,Female,1978-12-31,Mumbai,Customer Success,CC700,Customer Success Manager,G1,Permanent,Hybrid,2017-02-18,2022-06-18,Exited,E00667,1.0,Bachelor's,11,Referral,No
E03932,Employee 3932,Female,1980-06-24,Mumbai,Marketing,CC600,Product Marketing Manager,G2,Permanent,Onsite,2023-08-01,,Active,E01307,1.0,PhD,18,Company Website,No
E03933,Employee 3933,Female,1997-05-18,Hyderabad,Finance,CC400,Finance Manager,G3,Permanent,Onsite,2022-01-26,,Active,E00095,1.0,B.Tech,2,Campus,No
E03934,Employee 3934,Male,1982-06-27,Hyderabad,Marketing,CC600,Marketing Executive,G5,Permanent,Remote,2019-12-19,,Active,,1.0,PhD,2,Referral,Yes
E03935,Employee 3935,Female,2003-07-13,Chennai,Human Resources,CC500,HR Manager,G4,Permanent,Remote,2024-11-15,,Active,,1.0,PhD,3,Company Website,No
E03936,Employee 3936,Female,1983-03-08,Pune,Finance,CC400,Finance Manager,G1,Permanent,Hybrid,2022-08-10,,Active,,1.0,Master's,14,Company Website,No
E03937,Employee 3937,Non-binary,1994-04-11,Mumbai,Customer Success,CC700,Customer Success Executive,G2,Intern,Onsite,2019-11-21,,Active,,0.5,M.Tech,17,Job Portal,No
E03938,Employee 3938,Female,1993-02-26,Noida,Sales,CC200,Key Account Manager,G2,Permanent,Hybrid,2024-07-02,,Active,E01494,1.0,M.Tech,4,Job Portal,No
E03939,Employee 3939,Male,1992-07-09,Hyderabad,Technology,CC100,Senior Software Engineer,G2,Permanent,Remote,2019-05-20,,Active,E04560,1.0,Bachelor's,16,Referral,No
E03940,Employee 3940,Female,1976-07-19,Chennai,Technology,CC100,Data Analyst,G3,Permanent,Onsite,2017-07-28,2026-01-17,Exited,E02609,1.0,Master's,17,LinkedIn,No
E03941,Employee 3941,Male,1999-12-17,Pune,Human Resources,CC500,HR Manager,G1,Permanent,Hybrid,2020-12-30,,Active,E04429,1.0,B.Tech,1,Campus,No
E03942,Employee 3942,Female,1998-03-16,Pune,Finance,CC400,Finance Manager,G4,Permanent,Hybrid,2024-06-27,,Active,,1.0,Bachelor's,14,LinkedIn,No
E03943,Employee 3943,Male,1988-05-24,Hyderabad,Human Resources,CC500,HR Manager,G4,Permanent,Onsite,2020-12-12,,Active,,1.0,Bachelor's,18,Company Website,No
E03944,Employee 3944,Male,1982-06-13,Bengaluru,Supply Chain,CC800,Supply Chain Analyst,G3,Permanent,Remote,2020-07-25,,Active,E02825,1.0,PhD,10,Company Website,No
E03945,Employee 3945,Male,1999-04-20,Gurugram,Operations,CC300,Team Lead,G2,Permanent,Hybrid,2021-07-20,,Active,E03467,1.0,Master's,3,Internal Mobility,No
E03946,Employee 3946,Female,1997-12-26,Pune,Operations,CC300,Operations Analyst,G5,Permanent,Hybrid,2021-02-19,,Active,,1.0,MBA,14,Company Website,No
E03947,Employee 3947,Female,1982-08-28,Noida,Operations,CC300,Operations Manager,G4,Contract,Hybrid,2024-04-26,,Active,,1.0,Master's,9,Company Website,No
E03948,Employee 3948,Male,1985-03-25,Pune,Supply Chain,CC800,Logistics Manager,G1,Permanent,Hybrid,2022-05-04,,Active,,1.0,Bachelor's,4,Job Portal,No
E03949,Employee 3949,Female,1993-05-01,Noida,Human Resources,CC500,HR Executive,G3,Permanent,Onsite,2022-09-17,,Active,E02012,1.0,B.Tech,11,Referral,No
E03950,Employee 3950,Male,1976-12-19,Noida,Sales,CC200,Sales Analyst,G2,Intern,Hybrid,2018-07-18,2024-02-15,Exited,E04004,0.75,Bachelor's,17,Company Website,No
E03951,Employee 3951,Male,1990-08-21,Chennai,Marketing,CC600,Digital Marketing Analyst,G3,Contract,Hybrid,2018-05-02,,Active,E01700,0.5,B.Tech,18,Internal Mobility,No
E03952,Employee 3952,Male,1994-10-29,Hyderabad,Customer Success,CC700,Customer Success Manager,G2,Permanent,Hybrid,2022-11-25,,Active,E00028,1.0,B.Tech,15,Agency,No
E03953,Employee 3953,Female,1996-06-01,Hyderabad,Finance,CC400,Finance Manager,G2,Permanent,Onsite,2019-03-22,,Active,E01714,1.0,PhD,16,Agency,No
E03954,Employee 3954,Male,1988-06-27,Noida,Supply Chain,CC800,Procurement Specialist,G3,Permanent,Onsite,2019-07-07,2023-12-12,Exited,E02311,1.0,Master's,3,Referral,No
E03955,Employee 3955,Male,1987-03-05,Gurugram,Customer Success,CC700,Support Analyst,G4,Permanent,Remote,2019-10-11,2026-04-05,Exited,E01654,1.0,Master's,0,Campus,Yes
E03956,Employee 3956,Male,1975-12-15,Pune,Human Resources,CC500,HR Manager,G4,Contract,Hybrid,2020-11-11,,Active,,0.75,Bachelor's,13,Internal Mobility,No
E03957,Employee 3957,Female,1989-10-22,Bengaluru,Operations,CC300,Operations Executive,G3,Contract,Hybrid,2022-10-13,2025-05-10,Exited,E04290,0.75,Bachelor's,12,Referral,No
E03958,Employee 3958,Female,1982-07-27,Hyderabad,Supply Chain,CC800,Planner,G1,Permanent,Remote,2020-10-22,,Active,E01863,1.0,MBA,6,LinkedIn,Yes
E03959,Employee 3959,Non-binary,1998-07-29,Bengaluru,Marketing,CC600,Brand Manager,G4,Permanent,Onsite,2022-09-26,,Active,,1.0,Bachelor's,5,Internal Mobility,No
E03960,Employee 3960,Male,1988-09-07,Hyderabad,Technology,CC100,Tech Lead,G2,Contract,Hybrid,2026-04-26,,Active,E01146,0.75,Bachelor's,17,Company Website,No
E03961,Employee 3961,Male,1993-01-14,Chennai,Operations,CC300,Operations Executive,G3,Permanent,Hybrid,2024-06-06,,Active,E00247,1.0,PhD,12,LinkedIn,No
E03962,Employee 3962,Male,1978-04-10,Pune,Human Resources,CC500,HR Executive,G3,Intern,Onsite,2018-01-29,,Active,E02211,1.0,PhD,16,LinkedIn,No
E03963,Employee 3963,Male,1985-12-13,Hyderabad,Sales,CC200,Regional Sales Manager,G3,Permanent,Hybrid,2018-10-05,,Active,E02436,1.0,Bachelor's,3,Agency,No
E03964,Employee 3964,Male,1989-12-08,Bengaluru,Human Resources,CC500,HR Executive,G5,Permanent,Hybrid,2022-07-08,,Active,,1.0,Bachelor's,16,Agency,No
E03965,Employee 3965,Male,1980-10-21,Bengaluru,Finance,CC400,Finance Analyst,G2,Permanent,Hybrid,2023-03-16,,Active,E03602,1.0,Master's,5,Campus,No
E03966,Employee 3966,Male,1975-09-23,Bengaluru,Operations,CC300,Operations Analyst,G4,Permanent,Onsite,2017-11-02,2024-02-25,Exited,E02022,1.0,MBA,7,LinkedIn,Yes
E03967,Employee 3967,Female,1994-07-23,Gurugram,Technology,CC100,Data Scientist,G3,Permanent,Onsite,2019-11-05,,Active,E02127,1.0,Bachelor's,11,Internal Mobility,No
E03968,Employee 3968,Female,1995-03-15,Gurugram,Finance,CC400,Finance Manager,G1,Permanent,Onsite,2022-01-12,,Active,E03528,1.0,Master's,18,Campus,No
E03969,Employee 3969,Female,1997-08-18,Hyderabad,Supply Chain,CC800,Supply Chain Analyst,G4,Permanent,Hybrid,2024-03-28,,Active,,1.0,Bachelor's,2,Campus,No
E03970,Employee 3970,Female,1994-06-01,Pune,Finance,CC400,Senior Finance Analyst,G2,Permanent,Hybrid,2021-06-25,2025-05-07,Exited,E01589,1.0,B.Tech,4,Referral,Yes
E03971,Employee 3971,Female,2000-02-19,Hyderabad,Finance,CC400,Senior Finance Analyst,G5,Permanent,Onsite,2022-05-12,,Active,,1.0,PhD,2,Referral,No
E03972,Employee 3972,Male,1981-08-19,Hyderabad,Sales,CC200,Sales Executive,G3,Permanent,Onsite,2020-04-01,2023-02-21,Exited,E03726,1.0,MBA,10,Agency,No
E03973,Employee 3973,Male,1995-02-10,Gurugram,Operations,CC300,Operations Analyst,G4,Permanent,Hybrid,2023-10-01,,Active,,1.0,Bachelor's,7,Campus,Yes
E03974,Employee 3974,Male,1983-12-17,Mumbai,Supply Chain,CC800,Procurement Specialist,G4,Permanent,Onsite,2021-06-16,,Active,,1.0,Bachelor's,5,Company Website,Yes
E03975,Employee 3975,Male,1994-11-11,Bengaluru,Sales,CC200,Account Manager,G2,Contract,Remote,2021-04-07,,Active,E01015,0.5,Master's,4,Agency,No
E03976,Employee 3976,Female,1995-05-24,Gurugram,Human Resources,CC500,HR Manager,G4,Permanent,Hybrid,2020-07-07,,Active,,1.0,Bachelor's,10,Job Portal,No
E03977,Employee 3977,Male,1999-05-04,Bengaluru,Sales,CC200,Regional Sales Manager,G2,Permanent,Onsite,2025-04-18,2025-09-04,Exited,E01015,1.0,PhD,14,Internal Mobility,Yes
E03978,Employee 3978,Male,1998-06-29,Bengaluru,Customer Success,CC700,Customer Success Manager,G4,Permanent,Remote,2024-01-10,,Active,,1.0,Master's,10,LinkedIn,No
E03979,Employee 3979,Male,1973-05-24,Hyderabad,Customer Success,CC700,Customer Success Executive,G5,Permanent,Remote,2017-01-26,2022-02-11,Exited,E03522,1.0,Bachelor's,9,Job Portal,No
E03980,Employee 3980,Male,1991-07-07,Noida,Human Resources,CC500,HR Business Partner,G3,Contract,Onsite,2023-04-20,2024-07-03,Exited,E01230,0.5,B.Tech,14,Internal Mobility,No
E03981,Employee 3981,Female,1997-03-08,Chennai,Marketing,CC600,Digital Marketing Analyst,G3,Permanent,Onsite,2019-11-24,,Active,E00263,1.0,Master's,0,Agency,No
E03982,Employee 3982,Female,1976-05-25,Hyderabad,Sales,CC200,Sales Analyst,G3,Permanent,Hybrid,2017-08-29,,Active,E00469,1.0,B.Tech,10,Agency,Yes
E03983,Employee 3983,Female,1993-03-16,Gurugram,Operations,CC300,Operations Manager,G3,Permanent,Hybrid,2021-07-20,2026-08-23,Exited,E04433,1.0,M.Tech,1,Company Website,No
E03984,Employee 3984,Female,1995-05-25,Bengaluru,Operations,CC300,Team Lead,G1,Intern,Hybrid,2025-12-08,,Active,E04315,1.0,Bachelor's,6,Job Portal,No
E03985,Employee 3985,Male,1977-07-16,Chennai,Finance,CC400,Finance Analyst,G5,Permanent,Hybrid,2020-08-06,,Active,,1.0,B.Tech,16,Job Portal,No
E03986,Employee 3986,Male,1997-04-27,Chennai,Customer Success,CC700,Customer Success Executive,G4,Permanent,Hybrid,2020-07-21,,Active,,1.0,B.Tech,18,Referral,No
E03987,Employee 3987,Male,1998-07-01,Chennai,Operations,CC300,Operations Manager,G3,Permanent,Hybrid,2024-12-19,,Active,,1.0,PhD,16,Job Portal,No
E03988,Employee 3988,Male,1993-12-13,Hyderabad,Sales,CC200,Sales Analyst,G6,Permanent,Hybrid,2019-12-30,,Active,,1.0,MBA,2,Agency,No
E03989,Employee 3989,Male,1977-10-19,Bengaluru,Supply Chain,CC800,Logistics Manager,G5,Contract,Remote,2022-03-10,,Active,,0.75,M.Tech,11,LinkedIn,No
E03990,Employee 3990,Female,1990-06-28,Chennai,Supply Chain,CC800,Planner,G4,Permanent,Onsite,2019-06-24,,Active,,1.0,Master's,6,Agency,Yes
E03991,Employee 3991,Male,1980-03-12,Bengaluru,Finance,CC400,Finance Analyst,G5,Permanent,Hybrid,2020-05-31,2020-11-22,Exited,E03989,1.0,Master's,17,Referral,Yes
E03992,Employee 3992,Female,1982-06-16,Hyderabad,Customer Success,CC700,Customer Success Manager,G2,Permanent,Onsite,2017-02-13,,Active,E03137,1.0,B.Tech,0,LinkedIn,No
E03993,Employee 3993,Male,1983-03-14,Hyderabad,Sales,CC200,Account Manager,G2,Contract,Hybrid,2023-02-08,2024-07-22,Exited,E04186,0.75,B.Tech,6,Campus,No
E03994,Employee 3994,Female,1986-05-28,Bengaluru,Technology,CC100,Tech Lead,G3,Permanent,Hybrid,2024-07-30,,Active,E02393,1.0,PhD,9,Job Portal,No
E03995,Employee 3995,Male,1983-09-20,Hyderabad,Technology,CC100,Senior Software Engineer,G3,Permanent,Hybrid,2024-05-26,,Active,E01048,1.0,B.Tech,2,Agency,No
E03996,Employee 3996,Male,1982-05-11,Pune,Finance,CC400,Finance Analyst,G6,Permanent,Onsite,2025-04-06,,Active,,1.0,MBA,8,Campus,Yes
E03997,Employee 3997,Male,1984-09-09,Hyderabad,Operations,CC300,Operations Analyst,G3,Permanent,Remote,2017-12-27,,Active,E00011,1.0,Bachelor's,18,Job Portal,Yes
E03998,Employee 3998,Male,1991-02-25,Hyderabad,Operations,CC300,Team Lead,G3,Permanent,Onsite,2024-02-24,,Active,E01558,1.0,M.Tech,15,Internal Mobility,No
E03999,Employee 3999,Male,1995-07-03,Bengaluru,Technology,CC100,Senior Software Engineer,G3,Permanent,Hybrid,2021-04-06,,Active,E00265,1.0,Bachelor's,10,Campus,No
E04000,Employee 4000,Female,1996-04-20,Bengaluru,Finance,CC400,Finance Manager,G4,Permanent,Remote,2017-09-10,,Active,,1.0,PhD,16,Internal Mobility,No
E04001,Employee 4001,Male,2002-09-10,Hyderabad,Technology,CC100,Software Engineer,G3,Permanent,Onsite,2024-01-30,,Active,E04750,1.0,Bachelor's,17,Referral,No
E04002,Employee 4002,Female,1993-01-28,Gurugram,Marketing,CC600,Product Marketing Manager,G3,Permanent,Onsite,2024-03-31,,Active,E01948,1.0,PhD,11,Campus,No
E04003,Employee 4003,Male,1993-11-17,Gurugram,Operations,CC300,Team Lead,G4,Contract,Hybrid,2020-05-10,,Active,,0.5,PhD,6,LinkedIn,No
E04004,Employee 4004,Female,1978-04-18,Gurugram,Supply Chain,CC800,Procurement Specialist,G4,Permanent,Remote,2023-02-24,,Active,,1.0,MBA,11,LinkedIn,No
E04005,Employee 4005,Male,1981-09-05,Bengaluru,Customer Success,CC700,Customer Success Manager,G1,Permanent,Hybrid,2020-12-27,2021-08-13,Exited,E01139,1.0,B.Tech,7,Internal Mobility,No
E04006,Employee 4006,Female,1977-01-05,Gurugram,Finance,CC400,Finance Analyst,G4,Permanent,Hybrid,2020-01-24,,Active,,1.0,MBA,13,LinkedIn,Yes
E04007,Employee 4007,Female,2003-10-05,Chennai,Sales,CC200,Key Account Manager,G3,Contract,Hybrid,2025-11-24,2026-03-06,Exited,E01309,1.0,MBA,18,Company Website,No
E04008,Employee 4008,Male,1983-06-07,Gurugram,Marketing,CC600,Brand Manager,G2,Contract,Hybrid,2025-06-11,,Active,E04345,1.0,PhD,15,LinkedIn,No
E04009,Employee 4009,Female,1994-03-26,Bengaluru,Human Resources,CC500,Talent Acquisition Specialist,G4,Permanent,Hybrid,2024-09-22,,Active,,1.0,MBA,11,Job Portal,Yes
E04010,Employee 4010,Male,1989-08-13,Hyderabad,Technology,CC100,Tech Lead,G3,Permanent,Hybrid,2020-06-17,,Active,,1.0,MBA,0,LinkedIn,No
E04011,Employee 4011,Male,1995-11-07,Hyderabad,Supply Chain,CC800,Procurement Specialist,G4,Permanent,Hybrid,2017-02-10,,Active,,1.0,Master's,17,Campus,Yes
E04012,Employee 4012,Male,1984-02-04,Noida,Finance,CC400,Senior Finance Analyst,G2,Permanent,Hybrid,2020-04-01,,Active,E00713,1.0,PhD,12,Campus,Yes
E04013,Employee 4013,Female,1990-06-03,Noida,Operations,CC300,Operations Analyst,G2,Permanent,Onsite,2017-07-16,2024-07-23,Exited,E00485,1.0,Master's,17,Agency,No
E04014,Employee 4014,Male,1984-04-19,Chennai,Marketing,CC600,Brand Manager,G2,Permanent,Hybrid,2019-02-18,2026-07-13,Exited,E01344,1.0,B.Tech,5,LinkedIn,No
E04015,Employee 4015,Male,1982-03-28,Noida,Technology,CC100,Senior Software Engineer,G4,Permanent,Remote,2018-05-03,2022-11-26,Exited,,1.0,MBA,16,Company Website,No
E04016,Employee 4016,Male,1992-02-02,Mumbai,Customer Success,CC700,Customer Success Manager,G2,Permanent,Onsite,2019-06-18,,Active,E02423,1.0,B.Tech,3,Referral,No
E04017,Employee 4017,Female,1987-10-18,Bengaluru,Customer Success,CC700,Customer Success Manager,G2,Permanent,Onsite,2018-02-07,2026-04-19,Exited,E01158,1.0,Bachelor's,15,Company Website,No
E04018,Employee 4018,Male,1988-12-22,Pune,Supply Chain,CC800,Procurement Specialist,G3,Permanent,Hybrid,2024-05-28,2026-07-18,Exited,E04929,1.0,Master's,1,Agency,Yes
E04019,Employee 4019,Female,1985-09-06,Pune,Finance,CC400,Finance Manager,G2,Permanent,Hybrid,2019-10-21,2025-03-11,Exited,E04839,1.0,PhD,3,Referral,No
E04020,Employee 4020,Female,1996-08-06,Chennai,Technology,CC100,Software Engineer,G4,Permanent,Hybrid,2022-02-25,,Active,,1.0,M.Tech,1,Company Website,No
E04021,Employee 4021,Female,1982-08-23,Mumbai,Finance,CC400,Finance Analyst,G6,Permanent,Remote,2017-04-18,2025-08-14,Exited,E04635,1.0,Master's,3,Campus,No
E04022,Employee 4022,Male,1978-04-24,Hyderabad,Sales,CC200,Account Manager,G2,Permanent,Onsite,2020-06-26,,Active,,1.0,Bachelor's,0,LinkedIn,No
E04023,Employee 4023,Male,1995-09-08,Bengaluru,Technology,CC100,Engineering Manager,G3,Permanent,Onsite,2023-09-23,,Active,E00353,1.0,MBA,2,Agency,No
E04024,Employee 4024,Male,1978-01-01,Gurugram,Technology,CC100,Engineering Manager,G2,Permanent,Hybrid,2022-07-04,,Active,E02410,1.0,Master's,6,Company Website,No
E04025,Employee 4025,Female,1988-01-26,Chennai,Marketing,CC600,Product Marketing Manager,G6,Permanent,Hybrid,2022-06-04,,Active,,1.0,Bachelor's,15,Company Website,No
E04026,Employee 4026,Male,1993-07-26,Bengaluru,Customer Success,CC700,Customer Success Executive,G4,Contract,Onsite,2018-11-06,,Active,,0.5,MBA,8,Campus,No
E04027,Employee 4027,Female,1990-03-25,Hyderabad,Technology,CC100,Engineering Manager,G4,Intern,Onsite,2018-10-16,2021-08-13,Exited,,0.75,M.Tech,6,Campus,No
E04028,Employee 4028,Male,1979-01-08,Bengaluru,Customer Success,CC700,Customer Success Manager,G3,Permanent,Hybrid,2021-05-21,,Active,E00710,1.0,PhD,13,Internal Mobility,No
E04029,Employee 4029,Female,1982-11-06,Hyderabad,Technology,CC100,Tech Lead,G1,Permanent,Hybrid,2018-09-23,,Active,E03136,1.0,PhD,6,LinkedIn,No
E04030,Employee 4030,Female,1986-01-31,Hyderabad,Operations,CC300,Operations Manager,G4,Permanent,Hybrid,2020-01-20,,Active,,1.0,MBA,6,Campus,No
E04031,Employee 4031,Male,1985-04-17,Hyderabad,Supply Chain,CC800,Procurement Specialist,G3,Permanent,Hybrid,2021-02-06,,Active,E00215,1.0,Master's,4,Referral,No
E04032,Employee 4032,Male,2000-11-19,Gurugram,Human Resources,CC500,HR Business Partner,G3,Permanent,Hybrid,2024-01-11,,Active,E00970,1.0,Bachelor's,7,Company Website,No
E04033,Employee 4033,Male,1991-06-24,Bengaluru,Customer Success,CC700,Support Analyst,G3,Permanent,Hybrid,2020-12-19,,Active,,1.0,MBA,11,Campus,No
E04034,Employee 4034,Female,1986-12-21,Hyderabad,Technology,CC100,Data Scientist,G5,Permanent,Remote,2020-05-11,,Active,,1.0,MBA,8,Campus,No
E04035,Employee 4035,Male,1979-04-04,Hyderabad,Finance,CC400,Senior Finance Analyst,G3,Permanent,Onsite,2024-03-31,,Active,E04273,1.0,M.Tech,10,LinkedIn,No
E04036,Employee 4036,Male,1989-09-04,Bengaluru,Technology,CC100,Tech Lead,G4,Permanent,Hybrid,2019-08-25,2023-03-14,Exited,E01324,1.0,MBA,7,LinkedIn,Yes
E04037,Employee 4037,Female,1995-04-19,Bengaluru,Human Resources,CC500,Talent Acquisition Specialist,G2,Intern,Hybrid,2020-04-18,2022-10-10,Exited,E01968,1.0,Bachelor's,4,Agency,No
E04038,Employee 4038,Female,1995-06-25,Hyderabad,Supply Chain,CC800,Procurement Specialist,G4,Permanent,Onsite,2024-02-04,,Active,,1.0,MBA,0,Company Website,No
E04039,Employee 4039,Non-binary,1993-02-11,Bengaluru,Customer Success,CC700,Customer Success Manager,G3,Permanent,Onsite,2023-06-04,,Active,E02845,1.0,Bachelor's,11,Agency,No
E04040,Employee 4040,Male,1992-10-26,Hyderabad,Sales,CC200,Sales Analyst,G3,Permanent,Hybrid,2026-07-01,,Active,E02090,1.0,Master's,13,LinkedIn,No
E04041,Employee 4041,Female,1978-10-03,Hyderabad,Technology,CC100,Engineering Manager,G4,Permanent,Hybrid,2017-05-23,,Active,,1.0,PhD,4,Company Website,No
E04042,Employee 4042,Male,1991-08-07,Pune,Operations,CC300,Team Lead,G3,Permanent,Hybrid,2023-01-06,,Active,E02212,1.0,MBA,10,Agency,No
E04043,Employee 4043,Male,1974-12-18,Mumbai,Finance,CC400,Finance Manager,G4,Permanent,Hybrid,2017-10-10,2020-07-11,Exited,E01764,1.0,B.Tech,1,Referral,No
E04044,Employee 4044,Male,1988-08-11,Hyderabad,Finance,CC400,Finance Manager,G2,Contract,Hybrid,2018-04-05,,Active,,0.75,PhD,13,Internal Mobility,No
E04045,Employee 4045,Male,1994-02-23,Bengaluru,Technology,CC100,Software Engineer,G3,Permanent,Onsite,2026-02-19,,Active,E00443,1.0,B.Tech,18,LinkedIn,No
E04046,Employee 4046,Male,1974-02-06,Chennai,Marketing,CC600,Brand Manager,G4,Contract,Hybrid,2017-04-12,,Active,,0.5,B.Tech,18,LinkedIn,No
E04047,Employee 4047,Male,1989-06-23,Pune,Operations,CC300,Operations Analyst,G4,Permanent,Onsite,2024-06-03,,Active,,1.0,Bachelor's,5,Company Website,No
E04048,Employee 4048,Male,1991-08-01,Hyderabad,Sales,CC200,Sales Analyst,G3,Permanent,Onsite,2021-04-15,,Active,E02343,1.0,B.Tech,18,Job Portal,No
E04049,Employee 4049,Male,1980-11-25,Pune,Supply Chain,CC800,Supply Chain Analyst,G3,Permanent,Remote,2023-02-15,,Active,E02496,1.0,PhD,14,Referral,No
E04050,Employee 4050,Male,1986-09-12,Noida,Supply Chain,CC800,Procurement Specialist,G3,Permanent,Hybrid,2019-05-27,,Active,E04407,1.0,Master's,9,Company Website,No
E04051,Employee 4051,Male,1999-04-04,Gurugram,Finance,CC400,Finance Manager,G3,Permanent,Hybrid,2023-09-13,,Active,E02109,1.0,Master's,7,Company Website,No
E04052,Employee 4052,Male,1981-01-15,Noida,Technology,CC100,Tech Lead,G2,Permanent,Hybrid,2025-12-05,,Active,E01791,1.0,PhD,9,Company Website,No
E04053,Employee 4053,Male,1981-03-02,Hyderabad,Finance,CC400,Finance Manager,G4,Permanent,Hybrid,2019-08-19,,Active,,1.0,M.Tech,2,Campus,No
E04054,Employee 4054,Male,1987-07-02,Mumbai,Technology,CC100,Senior Software Engineer,G2,Intern,Hybrid,2021-05-06,,Active,E00437,0.75,M.Tech,13,Internal Mobility,No
E04055,Employee 4055,Male,1995-09-30,Hyderabad,Customer Success,CC700,Support Analyst,G5,Permanent,Onsite,2024-06-17,,Active,,1.0,PhD,14,Internal Mobility,No
E04056,Employee 4056,Male,1979-04-22,Mumbai,Technology,CC100,Data Scientist,G2,Permanent,Remote,2021-10-31,2026-01-20,Exited,E03044,1.0,Bachelor's,15,Job Portal,No
E04057,Employee 4057,Male,1991-09-28,Chennai,Finance,CC400,Senior Finance Analyst,G3,Permanent,Hybrid,2022-04-26,,Active,E02682,1.0,PhD,2,LinkedIn,No
E04058,Employee 4058,Male,2004-03-09,Bengaluru,Technology,CC100,Data Scientist,G1,Permanent,Hybrid,2026-04-12,,Active,E01274,1.0,B.Tech,4,Internal Mobility,No
E04059,Employee 4059,Female,1981-01-26,Gurugram,Technology,CC100,Engineering Manager,G2,Permanent,Onsite,2020-05-02,,Active,E03815,1.0,Bachelor's,11,Campus,No
E04060,Employee 4060,Female,1992-07-04,Bengaluru,Marketing,CC600,Product Marketing Manager,G6,Contract,Remote,2024-05-16,,Active,,1.0,Bachelor's,9,Referral,Yes
E04061,Employee 4061,Female,1993-04-08,Noida,Operations,CC300,Operations Executive,G2,Permanent,Hybrid,2021-06-08,,Active,E00590,1.0,PhD,8,Company Website,No
E04062,Employee 4062,Male,1999-12-25,Hyderabad,Operations,CC300,Operations Analyst,G3,Permanent,Onsite,2024-03-07,,Active,E04698,1.0,MBA,10,Referral,Yes
E04063,Employee 4063,Female,2001-02-26,Bengaluru,Supply Chain,CC800,Logistics Manager,G2,Permanent,Hybrid,2023-02-02,,Active,,1.0,M.Tech,10,Internal Mobility,No
E04064,Employee 4064,Female,1985-04-14,Hyderabad,Technology,CC100,Data Scientist,G3,Permanent,Hybrid,2023-09-24,,Active,E03019,1.0,MBA,12,Campus,Yes
E04065,Employee 4065,Male,1997-06-28,Bengaluru,Human Resources,CC500,L&D Specialist,G2,Permanent,Onsite,2022-04-08,,Active,E02158,1.0,B.Tech,3,Job Portal,No
E04066,Employee 4066,Female,1994-03-24,Pune,Human Resources,CC500,HR Manager,G4,Permanent,Hybrid,2020-02-17,,Active,,1.0,M.Tech,1,Agency,No
E04067,Employee 4067,Female,1990-12-02,Chennai,Marketing,CC600,Brand Manager,G4,Intern,Onsite,2017-10-26,2023-09-17,Exited,E00973,1.0,B.Tech,1,Referral,No
E04068,Employee 4068,Female,1989-10-24,Noida,Marketing,CC600,Product Marketing Manager,G2,Permanent,Remote,2017-09-27,,Active,E01433,1.0,MBA,15,LinkedIn,No
E04069,Employee 4069,Male,1980-08-21,Hyderabad,Customer Success,CC700,Support Analyst,G4,Permanent,Hybrid,2020-02-21,2022-03-04,Exited,E03289,1.0,MBA,13,Company Website,No
E04070,Employee 4070,Female,1991-11-22,Mumbai,Sales,CC200,Account Manager,G5,Intern,Remote,2025-11-01,,Active,,1.0,Bachelor's,0,Agency,No
E04071,Employee 4071,Male,1981-12-22,Pune,Operations,CC300,Operations Executive,G2,Intern,Onsite,2017-07-13,,Active,E04966,0.75,MBA,11,Job Portal,No
E04072,Employee 4072,Female,1988-02-01,Chennai,Finance,CC400,Finance Analyst,G5,Contract,Hybrid,2021-02-01,,Active,,1.0,M.Tech,5,Agency,No
E04073,Employee 4073,Female,1980-06-18,Mumbai,Human Resources,CC500,HR Manager,G6,Contract,Hybrid,2018-03-16,,Active,,1.0,PhD,4,Agency,No
E04074,Employee 4074,Male,1993-08-30,Mumbai,Sales,CC200,Key Account Manager,G4,Permanent,Hybrid,2019-10-07,,Active,,1.0,Bachelor's,1,Campus,No
E04075,Employee 4075,Female,1994-04-23,Bengaluru,Supply Chain,CC800,Supply Chain Analyst,G3,Permanent,Hybrid,2020-07-15,,Active,E03587,1.0,M.Tech,12,Job Portal,No
E04076,Employee 4076,Male,2001-04-06,Bengaluru,Marketing,CC600,Marketing Executive,G3,Permanent,Hybrid,2022-10-07,,Active,E01362,1.0,MBA,11,Campus,No
E04077,Employee 4077,Male,1992-09-22,Hyderabad,Customer Success,CC700,Customer Success Executive,G1,Permanent,Hybrid,2024-02-13,2026-06-04,Exited,,1.0,PhD,0,Internal Mobility,Yes
E04078,Employee 4078,Female,1981-03-01,Pune,Human Resources,CC500,HR Executive,G1,Intern,Hybrid,2020-11-11,,Active,E01828,0.5,M.Tech,18,Agency,No
E04079,Employee 4079,Male,1992-05-14,Hyderabad,Human Resources,CC500,HR Manager,G3,Permanent,Onsite,2017-02-16,,Active,E00669,1.0,M.Tech,14,Campus,Yes
E04080,Employee 4080,Male,1995-04-16,Pune,Finance,CC400,Senior Finance Analyst,G6,Permanent,Hybrid,2022-02-10,2022-09-11,Exited,E02523,1.0,PhD,11,Referral,Yes
E04081,Employee 4081,Male,1980-07-09,Bengaluru,Technology,CC100,Senior Software Engineer,G3,Permanent,Onsite,2023-07-17,,Active,,1.0,M.Tech,8,Agency,No
E04082,Employee 4082,Male,1984-06-07,Hyderabad,Supply Chain,CC800,Supply Chain Analyst,G2,Permanent,Hybrid,2023-02-21,2025-09-03,Exited,E01198,1.0,Master's,10,Agency,No
E04083,Employee 4083,Male,1990-07-22,Noida,Finance,CC400,Finance Manager,G4,Permanent,Remote,2020-06-15,,Active,,1.0,PhD,5,Job Portal,No
E04084,Employee 4084,Male,1984-03-30,Bengaluru,Operations,CC300,Operations Analyst,G1,Contract,Onsite,2020-10-02,,Active,,0.75,MBA,5,Agency,No
E04085,Employee 4085,Female,1984-10-15,Pune,Supply Chain,CC800,Logistics Manager,G4,Permanent,Hybrid,2024-03-30,,Active,,1.0,B.Tech,3,Company Website,No
E04086,Employee 4086,Male,1992-09-15,Bengaluru,Sales,CC200,Account Manager,G4,Contract,Onsite,2018-10-17,,Active,,1.0,PhD,13,Internal Mobility,No
E04087,Employee 4087,Male,1982-02-23,Gurugram,Customer Success,CC700,Support Analyst,G4,Permanent,Remote,2023-11-28,,Active,,1.0,M.Tech,11,Job Portal,Yes
E04088,Employee 4088,Male,1983-11-13,Bengaluru,Finance,CC400,Finance Manager,G6,Contract,Hybrid,2025-05-14,,Active,,1.0,M.Tech,2,Company Website,No
E04089,Employee 4089,Female,1997-06-22,Chennai,Marketing,CC600,Digital Marketing Analyst,G3,Permanent,Hybrid,2022-07-06,,Active,E01186,1.0,M.Tech,10,Referral,No
E04090,Employee 4090,Male,1988-05-26,Chennai,Finance,CC400,Finance Manager,G4,Permanent,Hybrid,2025-07-13,,Active,,1.0,Master's,4,Agency,No
E04091,Employee 4091,Female,1991-12-15,Bengaluru,Technology,CC100,Software Engineer,G5,Intern,Hybrid,2018-12-04,,Active,,0.5,M.Tech,9,LinkedIn,No
E04092,Employee 4092,Male,1986-12-04,Noida,Marketing,CC600,Brand Manager,G1,Permanent,Remote,2020-06-15,2022-04-07,Exited,E02993,1.0,Master's,12,LinkedIn,No
E04093,Employee 4093,Male,1988-09-20,Noida,Supply Chain,CC800,Logistics Manager,G6,Permanent,Hybrid,2024-12-17,,Active,,1.0,B.Tech,1,Internal Mobility,No
E04094,Employee 4094,Female,1982-11-12,Pune,Human Resources,CC500,HR Manager,G2,Permanent,Hybrid,2022-09-01,,Active,E00876,1.0,Bachelor's,5,Agency,No
E04095,Employee 4095,Male,1988-05-11,Bengaluru,Operations,CC300,Operations Analyst,G4,Permanent,Hybrid,2021-09-10,2024-02-23,Exited,E04319,1.0,M.Tech,11,Company Website,No
E04096,Employee 4096,Female,1992-12-16,Bengaluru,Supply Chain,CC800,Logistics Manager,G2,Permanent,Hybrid,2025-01-14,,Active,E03628,1.0,PhD,6,Referral,Yes
E04097,Employee 4097,Male,1993-02-18,Hyderabad,Supply Chain,CC800,Logistics Manager,G2,Contract,Remote,2025-10-20,,Active,E01517,1.0,Bachelor's,6,Job Portal,No
E04098,Employee 4098,Male,1993-04-22,Bengaluru,Supply Chain,CC800,Planner,G2,Intern,Hybrid,2022-11-15,2025-07-09,Exited,E03137,1.0,MBA,1,LinkedIn,No
E04099,Employee 4099,Female,1992-08-10,Bengaluru,Supply Chain,CC800,Logistics Manager,G3,Permanent,Hybrid,2019-04-26,,Active,E02046,1.0,Bachelor's,7,Agency,No
E04100,Employee 4100,Male,1982-02-01,Bengaluru,Human Resources,CC500,Talent Acquisition Specialist,G4,Permanent,Hybrid,2017-01-09,2026-01-02,Exited,E02903,1.0,PhD,18,Campus,No
E04101,Employee 4101,Female,1985-07-06,Bengaluru,Finance,CC400,Finance Manager,G2,Permanent,Hybrid,2017-12-10,,Active,E01561,1.0,PhD,5,Agency,No
E04102,Employee 4102,Male,1989-02-22,Mumbai,Technology,CC100,Tech Lead,G5,Permanent,Hybrid,2022-06-22,2025-09-10,Exited,E04364,1.0,M.Tech,17,Internal Mobility,No
E04103,Employee 4103,Female,1996-09-13,Noida,Sales,CC200,Key Account Manager,G4,Permanent,Hybrid,2020-04-05,,Active,,1.0,PhD,3,Internal Mobility,No
E04104,Employee 4104,Male,1996-05-11,Chennai,Operations,CC300,Team Lead,G3,Permanent,Hybrid,2023-12-01,2025-06-05,Exited,E01559,1.0,B.Tech,2,Campus,No
E04105,Employee 4105,Male,1996-02-17,Noida,Customer Success,CC700,Support Analyst,G4,Permanent,Hybrid,2022-10-01,,Active,,1.0,M.Tech,0,Internal Mobility,No
E04106,Employee 4106,Female,1976-12-21,Chennai,Finance,CC400,Finance Manager,G3,Contract,Hybrid,2018-10-10,,Active,E01879,0.75,B.Tech,18,Company Website,No
E04107,Employee 4107,Female,1983-11-21,Chennai,Marketing,CC600,Digital Marketing Analyst,G3,Permanent,Hybrid,2025-08-26,,Active,E02255,1.0,B.Tech,1,Internal Mobility,No
E04108,Employee 4108,Male,1982-03-12,Noida,Sales,CC200,Sales Executive,G2,Permanent,Hybrid,2018-12-01,,Active,,1.0,PhD,3,Agency,No
E04109,Employee 4109,Female,2001-03-31,Pune,Human Resources,CC500,Talent Acquisition Specialist,G4,Intern,Onsite,2023-12-13,,Active,,1.0,PhD,7,Internal Mobility,No
E04110,Employee 4110,Female,2004-03-01,Chennai,Customer Success,CC700,Support Analyst,G4,Permanent,Remote,2025-03-16,,Active,,1.0,Master's,3,LinkedIn,No
E04111,Employee 4111,Male,1998-10-02,Noida,Technology,CC100,Data Scientist,G5,Contract,Hybrid,2022-05-29,,Active,,0.75,MBA,9,Agency,No
E04112,Employee 4112,Male,1984-07-17,Hyderabad,Operations,CC300,Operations Manager,G2,Permanent,Remote,2025-12-03,,Active,E02299,1.0,Master's,11,Agency,No
E04113,Employee 4113,Male,1988-01-20,Gurugram,Customer Success,CC700,Customer Success Executive,G3,Permanent,Hybrid,2018-02-16,,Active,E01226,1.0,PhD,11,Campus,Yes
E04114,Employee 4114,Male,1987-10-08,Pune,Technology,CC100,Tech Lead,G5,Permanent,Onsite,2024-06-13,,Active,,1.0,PhD,4,Internal Mobility,No
E04115,Employee 4115,Male,1999-10-13,Hyderabad,Supply Chain,CC800,Supply Chain Analyst,G1,Permanent,Hybrid,2022-09-13,,Active,E02610,1.0,M.Tech,11,LinkedIn,Yes
E04116,Employee 4116,Male,1979-04-18,Bengaluru,Finance,CC400,Finance Analyst,G4,Permanent,Onsite,2022-07-13,,Active,,1.0,B.Tech,18,Job Portal,Yes
E04117,Employee 4117,Female,1989-05-19,Pune,Finance,CC400,Finance Analyst,G4,Permanent,Onsite,2023-02-04,,Active,,1.0,Master's,17,Internal Mobility,No
E04118,Employee 4118,Female,1980-12-18,Mumbai,Customer Success,CC700,Support Analyst,G3,Permanent,Onsite,2019-09-04,,Active,,1.0,PhD,2,Company Website,No
E04119,Employee 4119,Female,1993-07-05,Hyderabad,Human Resources,CC500,L&D Specialist,G3,Permanent,Hybrid,2023-09-05,,Active,E02944,1.0,PhD,9,Internal Mobility,No
E04120,Employee 4120,Male,1988-03-28,Gurugram,Sales,CC200,Key Account Manager,G1,Permanent,Hybrid,2026-02-24,,Active,E00800,1.0,B.Tech,2,Internal Mobility,No
E04121,Employee 4121,Male,1975-08-11,Mumbai,Supply Chain,CC800,Supply Chain Analyst,G1,Permanent,Hybrid,2020-03-06,,Active,E01576,1.0,PhD,8,Internal Mobility,Yes
E04122,Employee 4122,Male,1986-06-14,Gurugram,Sales,CC200,Sales Executive,G2,Permanent,Remote,2018-09-15,2026-06-03,Exited,E01579,1.0,PhD,1,Agency,No
E04123,Employee 4123,Male,1995-08-23,Hyderabad,Human Resources,CC500,Talent Acquisition Specialist,G4,Intern,Onsite,2021-05-08,2022-01-10,Exited,E02453,1.0,Bachelor's,1,LinkedIn,No
E04124,Employee 4124,Male,1995-10-25,Gurugram,Operations,CC300,Operations Executive,G4,Intern,Remote,2019-08-13,,Active,,0.5,Master's,7,LinkedIn,No
E04125,Employee 4125,Female,1992-09-18,Pune,Finance,CC400,Finance Manager,G1,Contract,Onsite,2021-01-23,,Active,E04928,1.0,MBA,6,Internal Mobility,Yes
E04126,Employee 4126,Male,1981-08-30,Bengaluru,Customer Success,CC700,Support Analyst,G5,Permanent,Onsite,2020-07-07,,Active,,1.0,B.Tech,12,LinkedIn,No
E04127,Employee 4127,Male,1989-02-25,Hyderabad,Marketing,CC600,Digital Marketing Analyst,G5,Permanent,Hybrid,2023-07-16,,Active,,1.0,PhD,4,Campus,No
E04128,Employee 4128,Female,1994-10-21,Bengaluru,Customer Success,CC700,Support Analyst,G2,Permanent,Hybrid,2024-09-11,,Active,E01968,1.0,B.Tech,14,Internal Mobility,No
E04129,Employee 4129,Male,1990-07-20,Pune,Sales,CC200,Key Account Manager,G3,Permanent,Hybrid,2026-01-29,,Active,E02078,1.0,Master's,1,Referral,No
E04130,Employee 4130,Female,1990-07-16,Pune,Technology,CC100,Tech Lead,G2,Permanent,Onsite,2025-02-20,,Active,E04038,1.0,M.Tech,1,LinkedIn,No
E04131,Employee 4131,Female,1985-01-07,Mumbai,Customer Success,CC700,Support Analyst,G2,Contract,Hybrid,2025-11-22,,Active,E00714,0.5,PhD,12,Job Portal,Yes
E04132,Employee 4132,Male,1982-08-23,Bengaluru,Finance,CC400,Finance Manager,G4,Contract,Hybrid,2019-11-10,,Active,,0.5,B.Tech,15,Internal Mobility,No
E04133,Employee 4133,Female,1999-10-07,Hyderabad,Human Resources,CC500,HR Business Partner,G6,Permanent,Hybrid,2025-11-01,,Active,,1.0,PhD,3,Agency,No
E04134,Employee 4134,Male,1980-01-28,Gurugram,Supply Chain,CC800,Procurement Specialist,G3,Permanent,Onsite,2018-12-13,2020-02-23,Exited,E04103,1.0,PhD,6,Referral,No
E04135,Employee 4135,Female,1974-06-24,Hyderabad,Finance,CC400,Senior Finance Analyst,G2,Permanent,Hybrid,2017-05-09,,Active,E02684,1.0,Master's,6,Job Portal,No
E04136,Employee 4136,Male,1992-09-11,Mumbai,Human Resources,CC500,HR Executive,G1,Permanent,Hybrid,2022-10-10,,Active,E00122,1.0,Master's,8,Agency,No
E04137,Employee 4137,Male,1986-09-19,Mumbai,Customer Success,CC700,Support Analyst,G2,Permanent,Onsite,2023-11-28,,Active,E03712,1.0,B.Tech,5,LinkedIn,No
E04138,Employee 4138,Female,1979-06-12,Mumbai,Finance,CC400,Finance Manager,G2,Permanent,Remote,2023-03-06,,Active,,1.0,B.Tech,1,Internal Mobility,No
E04139,Employee 4139,Male,1997-08-23,Gurugram,Finance,CC400,Senior Finance Analyst,G4,Permanent,Hybrid,2019-08-06,,Active,,1.0,Bachelor's,0,Agency,Yes
E04140,Employee 4140,Female,1986-06-12,Hyderabad,Operations,CC300,Operations Executive,G4,Contract,Hybrid,2023-12-15,,Active,,1.0,PhD,1,LinkedIn,No
E04141,Employee 4141,Male,1989-11-28,Bengaluru,Sales,CC200,Sales Analyst,G5,Permanent,Onsite,2018-04-29,2025-02-16,Exited,E03827,1.0,Master's,6,Job Portal,Yes
E04142,Employee 4142,Male,1977-05-06,Bengaluru,Technology,CC100,Engineering Manager,G3,Permanent,Hybrid,2021-09-04,,Active,E04477,1.0,MBA,3,Agency,No
E04143,Employee 4143,Female,2001-12-24,Bengaluru,Marketing,CC600,Brand Manager,G4,Permanent,Hybrid,2025-03-17,,Active,,1.0,M.Tech,10,Agency,Yes
E04144,Employee 4144,Female,1997-12-30,Bengaluru,Customer Success,CC700,Customer Success Executive,G4,Permanent,Hybrid,2024-03-02,,Active,,1.0,Bachelor's,16,Internal Mobility,Yes
E04145,Employee 4145,Female,1981-05-21,Gurugram,Human Resources,CC500,HR Executive,G2,Permanent,Hybrid,2024-09-19,,Active,E01846,1.0,PhD,10,Job Portal,No
E04146,Employee 4146,Male,1989-06-17,Gurugram,Supply Chain,CC800,Planner,G3,Permanent,Onsite,2025-08-18,,Active,E02567,1.0,Bachelor's,1,Campus,No
E04147,Employee 4147,Female,1987-07-13,Noida,Human Resources,CC500,HR Executive,G3,Permanent,Hybrid,2019-03-12,,Active,E00263,1.0,Master's,4,Campus,No
E04148,Employee 4148,Female,1980-08-19,Mumbai,Sales,CC200,Regional Sales Manager,G4,Contract,Hybrid,2025-04-20,,Active,,0.5,Master's,17,Agency,No
E04149,Employee 4149,Male,2002-04-27,Pune,Marketing,CC600,Marketing Executive,G6,Permanent,Hybrid,2026-06-01,,Active,,1.0,MBA,0,LinkedIn,No
E04150,Employee 4150,Male,1997-10-09,Hyderabad,Marketing,CC600,Product Marketing Manager,G3,Permanent,Hybrid,2023-11-01,,Active,E03942,1.0,PhD,0,Company Website,No
E04151,Employee 4151,Female,1995-09-14,Chennai,Human Resources,CC500,HR Business Partner,G4,Permanent,Hybrid,2018-06-13,,Active,,1.0,PhD,12,Agency,No
E04152,Employee 4152,Male,1980-12-05,Hyderabad,Operations,CC300,Operations Analyst,G5,Permanent,Onsite,2017-12-30,2022-01-20,Exited,E03476,1.0,Master's,1,LinkedIn,No
E04153,Employee 4153,Female,1990-02-28,Chennai,Customer Success,CC700,Support Analyst,G3,Permanent,Onsite,2018-06-01,,Active,E02669,1.0,Bachelor's,13,Agency,Yes
E04154,Employee 4154,Male,1996-07-11,Pune,Technology,CC100,Software Engineer,G4,Permanent,Onsite,2019-04-08,,Active,,1.0,PhD,16,Campus,No
E04155,Employee 4155,Female,1989-03-03,Pune,Finance,CC400,Finance Manager,G3,Permanent,Hybrid,2023-12-04,,Active,E00958,1.0,Master's,15,Agency,No
E04156,Employee 4156,Female,1987-09-13,Noida,Operations,CC300,Team Lead,G5,Permanent,Hybrid,2019-10-18,,Active,,1.0,B.Tech,17,Company Website,No
E04157,Employee 4157,Female,1998-02-24,Pune,Sales,CC200,Sales Executive,G4,Contract,Onsite,2024-08-16,,Active,,1.0,MBA,12,Campus,No
E04158,Employee 4158,Female,2000-07-14,Gurugram,Sales,CC200,Account Manager,G5,Permanent,Hybrid,2025-11-21,,Active,,1.0,Bachelor's,11,Agency,No
E04159,Employee 4159,Female,1992-11-05,Gurugram,Finance,CC400,Senior Finance Analyst,G3,Permanent,Hybrid,2017-04-14,,Active,E03050,1.0,Bachelor's,7,Company Website,No
E04160,Employee 4160,Male,2000-12-02,Hyderabad,Marketing,CC600,Marketing Executive,G4,Permanent,Hybrid,2021-12-11,,Active,,1.0,B.Tech,5,Company Website,No
E04161,Employee 4161,Male,1981-12-04,Hyderabad,Supply Chain,CC800,Supply Chain Analyst,G6,Permanent,Hybrid,2023-01-18,,Active,,1.0,B.Tech,2,Campus,No
E04162,Employee 4162,Female,1983-04-30,Hyderabad,Sales,CC200,Account Manager,G2,Permanent,Onsite,2024-04-27,,Active,E00968,1.0,M.Tech,18,Job Portal,No
E04163,Employee 4163,Male,1989-01-09,Noida,Sales,CC200,Regional Sales Manager,G4,Permanent,Hybrid,2026-08-19,,Active,,1.0,MBA,7,Internal Mobility,No
E04164,Employee 4164,Male,1991-08-16,Hyderabad,Operations,CC300,Team Lead,G3,Permanent,Remote,2020-10-08,,Active,E03918,1.0,M.Tech,17,Company Website,No
E04165,Employee 4165,Female,1983-04-22,Noida,Technology,CC100,Data Analyst,G3,Permanent,Hybrid,2017-04-05,,Active,E02435,1.0,B.Tech,18,Agency,No
E04166,Employee 4166,Male,1979-08-23,Gurugram,Operations,CC300,Operations Analyst,G2,Contract,Hybrid,2024-04-02,,Active,E02293,0.5,Master's,3,Internal Mobility,Yes
E04167,Employee 4167,Female,1993-06-27,Bengaluru,Human Resources,CC500,HR Business Partner,G6,Permanent,Hybrid,2025-10-18,,Active,,1.0,PhD,9,Company Website,No
E04168,Employee 4168,Male,1996-04-27,Hyderabad,Customer Success,CC700,Customer Success Executive,G3,Permanent,Onsite,2019-12-16,2021-01-11,Exited,E03868,1.0,Bachelor's,13,Internal Mobility,Yes
E04169,Employee 4169,Female,1993-09-21,Pune,Supply Chain,CC800,Supply Chain Analyst,G3,Intern,Hybrid,2023-01-22,,Active,E00655,0.5,PhD,10,Referral,No
E04170,Employee 4170,Female,1981-07-05,Bengaluru,Finance,CC400,Senior Finance Analyst,G5,Permanent,Hybrid,2019-01-22,,Active,,1.0,MBA,7,Company Website,No
E04171,Employee 4171,Male,1979-07-07,Chennai,Supply Chain,CC800,Planner,G2,Permanent,Hybrid,2022-09-02,,Active,E04865,1.0,Bachelor's,14,Job Portal,No
E04172,Employee 4172,Female,1972-02-20,Gurugram,Supply Chain,CC800,Planner,G4,Permanent,Onsite,2017-01-30,,Active,,1.0,PhD,1,LinkedIn,No
E04173,Employee 4173,Female,1988-06-10,Noida,Finance,CC400,Finance Manager,G4,Contract,Onsite,2021-08-14,,Active,,0.5,PhD,12,Company Website,No
E04174,Employee 4174,Male,1996-12-12,Pune,Sales,CC200,Regional Sales Manager,G2,Intern,Remote,2022-09-26,2023-10-31,Exited,E01395,0.75,Master's,2,LinkedIn,No
E04175,Employee 4175,Male,1977-11-23,Bengaluru,Sales,CC200,Sales Executive,G4,Permanent,Hybrid,2019-08-19,,Active,,1.0,Master's,6,Agency,No
E04176,Employee 4176,Female,1996-11-21,Bengaluru,Operations,CC300,Operations Manager,G3,Permanent,Onsite,2021-10-12,2024-07-21,Exited,E00701,1.0,B.Tech,2,Job Portal,No
E04177,Employee 4177,Non-binary,1983-03-11,Hyderabad,Marketing,CC600,Digital Marketing Analyst,G5,Permanent,Onsite,2018-08-04,,Active,,1.0,Bachelor's,17,LinkedIn,No
E04178,Employee 4178,Female,2000-03-20,Bengaluru,Technology,CC100,Software Engineer,G3,Permanent,Hybrid,2025-11-21,,Active,E04736,1.0,M.Tech,4,Job Portal,No
E04179,Employee 4179,Male,1981-03-18,Bengaluru,Sales,CC200,Sales Executive,G2,Permanent,Hybrid,2023-03-05,2026-08-18,Exited,E03173,1.0,MBA,8,Campus,No
E04180,Employee 4180,Male,1994-03-16,Hyderabad,Customer Success,CC700,Customer Success Executive,G2,Permanent,Hybrid,2023-04-09,2023-09-29,Exited,E02399,1.0,MBA,12,Company Website,No
E04181,Employee 4181,Male,1984-10-19,Gurugram,Marketing,CC600,Digital Marketing Analyst,G4,Permanent,Remote,2018-02-12,,Active,,1.0,Master's,14,LinkedIn,Yes
E04182,Employee 4182,Male,1992-03-26,Mumbai,Operations,CC300,Team Lead,G6,Permanent,Onsite,2024-05-30,,Active,,1.0,PhD,1,Agency,No
E04183,Employee 4183,Male,1988-05-26,Pune,Operations,CC300,Operations Executive,G2,Permanent,Hybrid,2022-08-31,,Active,E00146,1.0,Master's,18,Job Portal,No
E04184,Employee 4184,Female,1999-07-30,Bengaluru,Finance,CC400,Senior Finance Analyst,G4,Permanent,Hybrid,2026-01-10,,Active,,1.0,MBA,8,LinkedIn,No
E04185,Employee 4185,Female,1982-12-06,Bengaluru,Finance,CC400,Finance Manager,G2,Permanent,Onsite,2026-06-01,,Active,E02592,1.0,Bachelor's,9,Job Portal,No
E04186,Employee 4186,Female,1984-05-09,Bengaluru,Technology,CC100,Senior Software Engineer,G6,Permanent,Onsite,2019-12-17,,Active,,1.0,PhD,3,LinkedIn,No
E04187,Employee 4187,Male,1988-02-07,Noida,Customer Success,CC700,Customer Success Manager,G3,Permanent,Hybrid,2022-10-02,,Active,E00245,1.0,Bachelor's,10,Campus,No
E04188,Employee 4188,Female,1983-07-27,Hyderabad,Operations,CC300,Operations Analyst,G5,Permanent,Hybrid,2019-09-20,,Active,,1.0,PhD,0,Company Website,No
E04189,Employee 4189,Female,1985-09-18,Chennai,Technology,CC100,Tech Lead,G4,Permanent,Hybrid,2021-01-10,,Active,,1.0,B.Tech,1,Company Website,Yes
E04190,Employee 4190,Female,2000-11-02,Hyderabad,Human Resources,CC500,Talent Acquisition Specialist,G5,Permanent,Onsite,2026-08-02,,Active,,1.0,MBA,14,Job Portal,No
E04191,Employee 4191,Female,1982-11-02,Pune,Sales,CC200,Key Account Manager,G3,Permanent,Hybrid,2017-03-30,,Active,E02767,1.0,Master's,7,Referral,No
E04192,Employee 4192,Female,1985-03-30,Hyderabad,Customer Success,CC700,Support Analyst,G6,Contract,Remote,2025-04-20,,Active,,1.0,B.Tech,12,Internal Mobility,No
E04193,Employee 4193,Female,1983-10-22,Hyderabad,Operations,CC300,Operations Analyst,G5,Permanent,Hybrid,2023-04-11,,Active,,1.0,M.Tech,8,Agency,Yes
E04194,Employee 4194,Female,1974-08-08,Chennai,Sales,CC200,Sales Analyst,G2,Contract,Onsite,2017-07-09,,Active,E02513,1.0,Master's,17,Agency,Yes
E04195,Employee 4195,Male,1995-09-24,Pune,Customer Success,CC700,Support Analyst,G6,Permanent,Hybrid,2025-09-02,,Active,,1.0,M.Tech,12,Internal Mobility,Yes
E04196,Employee 4196,Male,1987-08-01,Pune,Technology,CC100,Engineering Manager,G2,Permanent,Onsite,2024-07-16,,Active,E02076,1.0,MBA,8,Referral,No
E04197,Employee 4197,Female,1992-06-20,Pune,Customer Success,CC700,Support Analyst,G1,Permanent,Hybrid,2026-01-11,,Active,E00530,1.0,PhD,1,Campus,No
E04198,Employee 4198,Male,1992-03-30,Hyderabad,Technology,CC100,Senior Software Engineer,G1,Intern,Onsite,2018-09-28,,Active,,0.5,B.Tech,0,Internal Mobility,No
E04199,Employee 4199,Female,1990-02-04,Hyderabad,Marketing,CC600,Product Marketing Manager,G1,Permanent,Hybrid,2022-03-10,2025-01-06,Exited,E01961,1.0,Master's,3,Agency,No
E04200,Employee 4200,Male,1975-02-07,Chennai,Customer Success,CC700,Customer Success Manager,G4,Permanent,Remote,2017-06-10,,Active,,1.0,B.Tech,11,Agency,No
E04201,Employee 4201,Male,1989-12-10,Bengaluru,Supply Chain,CC800,Planner,G3,Intern,Remote,2019-12-24,,Active,E01082,0.75,B.Tech,16,LinkedIn,No
E04202,Employee 4202,Female,1983-10-14,Bengaluru,Technology,CC100,Engineering Manager,G1,Permanent,Hybrid,2024-10-01,,Active,E02522,1.0,MBA,13,Internal Mobility,No
E04203,Employee 4203,Male,1996-03-06,Pune,Operations,CC300,Operations Executive,G2,Contract,Hybrid,2018-01-24,,Active,,0.75,Master's,7,Job Portal,No
E04204,Employee 4204,Male,1991-06-19,Hyderabad,Supply Chain,CC800,Logistics Manager,G4,Permanent,Remote,2018-04-14,2024-05-30,Exited,E00298,1.0,Master's,16,Company Website,Yes
E04205,Employee 4205,Female,1997-02-28,Pune,Sales,CC200,Regional Sales Manager,G3,Intern,Remote,2021-04-21,,Active,E00810,0.75,Bachelor's,15,Company Website,No
E04206,Employee 4206,Female,1990-07-22,Bengaluru,Operations,CC300,Team Lead,G5,Permanent,Onsite,2025-04-07,,Active,,1.0,M.Tech,13,Internal Mobility,No
E04207,Employee 4207,Female,1988-01-09,Pune,Technology,CC100,Data Analyst,G4,Permanent,Hybrid,2020-09-26,,Active,,1.0,PhD,7,Campus,No
E04208,Employee 4208,Female,1988-05-21,Bengaluru,Operations,CC300,Operations Executive,G3,Permanent,Remote,2020-08-29,,Active,E03575,1.0,PhD,1,LinkedIn,No
E04209,Employee 4209,Female,1990-09-26,Mumbai,Human Resources,CC500,L&D Specialist,G4,Permanent,Hybrid,2021-08-15,,Active,,1.0,Bachelor's,12,Agency,Yes
E04210,Employee 4210,Female,1974-02-05,Pune,Finance,CC400,Finance Analyst,G6,Permanent,Hybrid,2017-06-27,,Active,,1.0,Master's,6,Referral,No
E04211,Employee 4211,Male,1994-09-21,Chennai,Customer Success,CC700,Customer Success Manager,G3,Permanent,Hybrid,2021-07-31,,Active,E00657,1.0,M.Tech,0,LinkedIn,No
E04212,Employee 4212,Male,1986-07-25,Hyderabad,Sales,CC200,Regional Sales Manager,G5,Permanent,Onsite,2025-10-25,,Active,,1.0,M.Tech,5,Job Portal,No
E04213,Employee 4213,Male,2000-04-22,Chennai,Marketing,CC600,Marketing Executive,G4,Contract,Onsite,2023-03-10,,Active,,1.0,MBA,14,Company Website,No
E04214,Employee 4214,Female,1995-12-03,Bengaluru,Sales,CC200,Sales Analyst,G3,Permanent,Hybrid,2025-11-13,,Active,E00069,1.0,MBA,7,Company Website,No
E04215,Employee 4215,Male,1995-06-25,Mumbai,Operations,CC300,Team Lead,G2,Permanent,Remote,2022-05-04,,Active,,1.0,MBA,2,Campus,Yes
E04216,Employee 4216,Male,1990-03-21,Pune,Customer Success,CC700,Customer Success Executive,G2,Permanent,Remote,2022-12-10,,Active,,1.0,B.Tech,14,Referral,Yes
E04217,Employee 4217,Male,1984-05-18,Noida,Technology,CC100,Data Scientist,G3,Permanent,Onsite,2023-01-28,,Active,E03435,1.0,Master's,11,LinkedIn,No
E04218,Employee 4218,Female,1986-08-29,Chennai,Customer Success,CC700,Support Analyst,G3,Permanent,Hybrid,2022-06-23,,Active,E03224,1.0,PhD,7,Company Website,No
E04219,Employee 4219,Male,1989-10-31,Mumbai,Customer Success,CC700,Support Analyst,G4,Permanent,Remote,2017-11-19,,Active,,1.0,M.Tech,17,LinkedIn,No
E04220,Employee 4220,Female,1991-06-14,Mumbai,Operations,CC300,Operations Executive,G3,Permanent,Hybrid,2025-04-25,,Active,E04829,1.0,Bachelor's,5,LinkedIn,No
E04221,Employee 4221,Female,1990-05-30,Hyderabad,Human Resources,CC500,HR Manager,G5,Permanent,Remote,2019-11-05,2020-04-17,Exited,E04126,1.0,PhD,16,Job Portal,No
E04222,Employee 4222,Female,1977-11-05,Hyderabad,Customer Success,CC700,Customer Success Manager,G5,Permanent,Hybrid,2022-05-24,,Active,,1.0,PhD,7,Referral,Yes
E04223,Employee 4223,Female,2003-08-26,Hyderabad,Sales,CC200,Sales Executive,G3,Permanent,Onsite,2024-11-28,,Active,E04990,1.0,M.Tech,8,Job Portal,No
E04224,Employee 4224,Male,1993-10-08,Hyderabad,Human Resources,CC500,HR Executive,G3,Permanent,Onsite,2023-11-09,,Active,E03482,1.0,Master's,2,Company Website,No
E04225,Employee 4225,Female,1996-09-18,Bengaluru,Marketing,CC600,Digital Marketing Analyst,G5,Permanent,Hybrid,2022-03-02,,Active,,1.0,MBA,15,Company Website,No
E04226,Employee 4226,Male,1974-11-14,Pune,Human Resources,CC500,HR Manager,G4,Permanent,Hybrid,2017-12-29,,Active,,1.0,MBA,15,LinkedIn,No
E04227,Employee 4227,Female,1997-10-20,Mumbai,Customer Success,CC700,Customer Success Manager,G2,Permanent,Hybrid,2024-12-27,,Active,E00990,1.0,B.Tech,2,Campus,No
E04228,Employee 4228,Male,1988-12-22,Noida,Finance,CC400,Finance Manager,G5,Contract,Onsite,2018-03-28,,Active,,0.75,MBA,10,Agency,No
E04229,Employee 4229,Male,1999-08-11,Pune,Technology,CC100,Data Analyst,G5,Contract,Hybrid,2022-10-08,2023-09-02,Exited,E03681,0.5,Master's,1,Job Portal,No
E04230,Employee 4230,Female,2001-01-21,Bengaluru,Marketing,CC600,Marketing Executive,G4,Permanent,Hybrid,2024-09-23,,Active,,1.0,PhD,4,Company Website,No
E04231,Employee 4231,Female,1979-06-28,Pune,Technology,CC100,Data Analyst,G3,Permanent,Hybrid,2018-07-21,2025-06-08,Exited,E04003,1.0,PhD,6,Campus,Yes
E04232,Employee 4232,Female,1986-01-23,Hyderabad,Operations,CC300,Operations Analyst,G5,Permanent,Onsite,2022-06-15,2023-05-16,Exited,E02124,1.0,Bachelor's,5,Referral,Yes
E04233,Employee 4233,Female,1990-08-06,Chennai,Marketing,CC600,Brand Manager,G4,Permanent,Hybrid,2025-09-01,2026-03-30,Exited,E01980,1.0,Bachelor's,16,Agency,No
E04234,Employee 4234,Female,1999-02-02,Hyderabad,Sales,CC200,Sales Executive,G3,Permanent,Remote,2020-10-21,2021-06-03,Exited,E04850,1.0,M.Tech,11,Company Website,No
E04235,Employee 4235,Male,1996-06-15,Bengaluru,Human Resources,CC500,Talent Acquisition Specialist,G4,Permanent,Remote,2023-11-13,,Active,,1.0,Bachelor's,3,LinkedIn,Yes
E04236,Employee 4236,Female,1991-12-03,Gurugram,Finance,CC400,Finance Manager,G3,Permanent,Remote,2020-07-02,,Active,E01753,1.0,M.Tech,0,Company Website,No
E04237,Employee 4237,Female,1995-12-15,Gurugram,Supply Chain,CC800,Supply Chain Analyst,G4,Permanent,Remote,2021-12-01,2024-08-26,Exited,E01303,1.0,PhD,17,Job Portal,No
E04238,Employee 4238,Female,2001-07-30,Pune,Customer Success,CC700,Support Analyst,G4,Permanent,Remote,2024-03-06,,Active,,1.0,B.Tech,13,Campus,No
E04239,Employee 4239,Female,1996-09-26,Hyderabad,Technology,CC100,Engineering Manager,G4,Permanent,Hybrid,2022-09-27,,Active,,1.0,PhD,2,Company Website,No
E04240,Employee 4240,Male,1996-01-21,Hyderabad,Operations,CC300,Team Lead,G3,Permanent,Onsite,2023-05-07,,Active,E02331,1.0,M.Tech,3,Agency,No
E04241,Employee 4241,Male,1982-12-26,Bengaluru,Supply Chain,CC800,Procurement Specialist,G3,Contract,Hybrid,2020-07-18,,Active,E03224,0.5,PhD,3,Internal Mobility,No
E04242,Employee 4242,Female,2001-07-28,Noida,Finance,CC400,Senior Finance Analyst,G1,Permanent,Hybrid,2024-09-19,,Active,E02673,1.0,MBA,8,Company Website,No
E04243,Employee 4243,Male,1982-09-22,Bengaluru,Technology,CC100,Software Engineer,G1,Permanent,Onsite,2018-03-14,2024-03-27,Exited,E03422,1.0,M.Tech,1,Company Website,No
E04244,Employee 4244,Female,1988-09-26,Mumbai,Supply Chain,CC800,Supply Chain Analyst,G3,Permanent,Hybrid,2024-08-27,,Active,E01719,1.0,Master's,6,Agency,No
E04245,Employee 4245,Male,1994-03-11,Pune,Operations,CC300,Operations Analyst,G4,Permanent,Hybrid,2019-07-14,,Active,,1.0,MBA,18,Internal Mobility,Yes
E04246,Employee 4246,Male,1996-11-30,Gurugram,Customer Success,CC700,Customer Success Manager,G1,Permanent,Hybrid,2024-09-08,,Active,E00756,1.0,B.Tech,1,Company Website,No
E04247,Employee 4247,Male,1979-04-21,Chennai,Human Resources,CC500,HR Business Partner,G4,Permanent,Hybrid,2023-10-12,,Active,,1.0,MBA,0,Campus,No
E04248,Employee 4248,Female,1993-06-08,Chennai,Operations,CC300,Operations Analyst,G5,Permanent,Hybrid,2019-06-14,,Active,,1.0,Master's,8,Referral,No
E04249,Employee 4249,Male,1997-02-07,Mumbai,Finance,CC400,Senior Finance Analyst,G2,Permanent,Remote,2024-08-03,,Active,E02194,1.0,MBA,8,Agency,No
E04250,Employee 4250,Female,1991-06-04,Chennai,Customer Success,CC700,Customer Success Executive,G4,Permanent,Remote,2024-03-25,,Active,,1.0,M.Tech,14,LinkedIn,No
E04251,Employee 4251,Male,1998-03-02,Noida,Finance,CC400,Finance Analyst,G3,Permanent,Hybrid,2025-04-03,,Active,E02371,1.0,Bachelor's,6,Internal Mobility,No
E04252,Employee 4252,Male,1999-12-24,Chennai,Technology,CC100,Data Analyst,G3,Contract,Hybrid,2026-07-18,,Active,E03460,1.0,M.Tech,16,Company Website,No
E04253,Employee 4253,Male,1986-07-20,Gurugram,Finance,CC400,Finance Analyst,G3,Contract,Hybrid,2021-08-17,,Active,E04030,1.0,M.Tech,3,LinkedIn,No
E04254,Employee 4254,Male,1977-08-08,Hyderabad,Human Resources,CC500,HR Executive,G5,Permanent,Hybrid,2021-09-01,2025-06-29,Exited,E01813,1.0,PhD,4,Campus,No
E04255,Employee 4255,Female,1985-07-01,Hyderabad,Technology,CC100,Software Engineer,G1,Permanent,Hybrid,2020-09-12,,Active,E00513,1.0,B.Tech,7,Job Portal,No
E04256,Employee 4256,Male,1988-02-10,Hyderabad,Human Resources,CC500,HR Executive,G2,Intern,Onsite,2019-09-28,,Active,E04664,1.0,B.Tech,15,Job Portal,No
E04257,Employee 4257,Female,1991-09-03,Gurugram,Supply Chain,CC800,Supply Chain Analyst,G1,Permanent,Remote,2021-12-21,,Active,E03779,1.0,Bachelor's,7,LinkedIn,No
E04258,Employee 4258,Male,1994-11-21,Pune,Human Resources,CC500,HR Business Partner,G1,Permanent,Remote,2020-11-14,2023-09-06,Exited,E00830,1.0,B.Tech,1,Company Website,Yes
E04259,Employee 4259,Female,1990-01-27,Bengaluru,Human Resources,CC500,HR Manager,G4,Permanent,Hybrid,2025-03-19,,Active,,1.0,PhD,6,LinkedIn,No
E04260,Employee 4260,Male,1986-04-06,Chennai,Operations,CC300,Operations Executive,G3,Permanent,Remote,2017-11-23,,Active,E02811,1.0,B.Tech,12,Agency,No
E04261,Employee 4261,Male,1983-05-16,Bengaluru,Human Resources,CC500,Talent Acquisition Specialist,G2,Contract,Hybrid,2025-08-05,,Active,E04696,0.5,Master's,7,LinkedIn,No
E04262,Employee 4262,Male,1983-02-19,Pune,Technology,CC100,Data Analyst,G4,Permanent,Onsite,2024-06-05,,Active,,1.0,PhD,0,LinkedIn,Yes
E04263,Employee 4263,Male,1979-04-10,Pune,Human Resources,CC500,Talent Acquisition Specialist,G1,Permanent,Hybrid,2019-09-07,,Active,E04212,1.0,M.Tech,0,Internal Mobility,No
E04264,Employee 4264,Female,1994-06-28,Gurugram,Customer Success,CC700,Support Analyst,G2,Permanent,Hybrid,2017-11-10,,Active,E00922,1.0,Bachelor's,2,Job Portal,No
E04265,Employee 4265,Male,1992-01-15,Gurugram,Human Resources,CC500,Talent Acquisition Specialist,G3,Permanent,Hybrid,2022-06-23,2026-03-22,Exited,E04704,1.0,Bachelor's,16,Referral,No
E04266,Employee 4266,Female,1993-02-07,Gurugram,Finance,CC400,Finance Analyst,G3,Permanent,Remote,2023-09-02,,Active,E01897,1.0,MBA,7,Campus,Yes
E04267,Employee 4267,Male,1981-05-20,Gurugram,Operations,CC300,Operations Analyst,G3,Permanent,Onsite,2018-04-13,,Active,E03437,1.0,MBA,18,Referral,Yes
E04268,Employee 4268,Female,1987-06-04,Hyderabad,Sales,CC200,Key Account Manager,G6,Intern,Hybrid,2020-10-22,,Active,,1.0,MBA,5,Campus,Yes
E04269,Employee 4269,Female,1994-06-07,Pune,Marketing,CC600,Brand Manager,G4,Permanent,Hybrid,2024-12-18,,Active,,1.0,PhD,12,Internal Mobility,Yes
E04270,Employee 4270,Male,1977-09-11,Hyderabad,Technology,CC100,Software Engineer,G4,Intern,Onsite,2019-10-19,,Active,,0.75,MBA,15,Internal Mobility,Yes
E04271,Employee 4271,Female,1978-11-19,Bengaluru,Finance,CC400,Finance Analyst,G4,Permanent,Hybrid,2017-12-15,2024-07-07,Exited,E04143,1.0,PhD,17,LinkedIn,Yes
E04272,Employee 4272,Female,1985-10-29,Hyderabad,Finance,CC400,Senior Finance Analyst,G3,Permanent,Remote,2024-02-26,,Active,E00424,1.0,Bachelor's,3,Internal Mobility,No
E04273,Employee 4273,Male,1989-10-14,Bengaluru,Operations,CC300,Operations Manager,G5,Permanent,Onsite,2020-01-13,,Active,,1.0,PhD,9,Agency,Yes
E04274,Employee 4274,Female,1983-06-16,Pune,Finance,CC400,Finance Analyst,G3,Permanent,Remote,2019-01-11,,Active,,1.0,MBA,15,LinkedIn,No
E04275,Employee 4275,Male,1997-05-28,Bengaluru,Finance,CC400,Senior Finance Analyst,G3,Permanent,Hybrid,2018-12-15,2022-08-27,Exited,E03079,1.0,B.Tech,2,Internal Mobility,No
E04276,Employee 4276,Male,1985-06-14,Noida,Sales,CC200,Sales Analyst,G3,Permanent,Remote,2018-08-29,,Active,E04608,1.0,B.Tech,10,LinkedIn,No
E04277,Employee 4277,Female,1993-05-01,Chennai,Marketing,CC600,Digital Marketing Analyst,G4,Permanent,Hybrid,2023-05-03,2025-07-08,Exited,E00616,1.0,M.Tech,18,Agency,No
E04278,Employee 4278,Male,1988-07-16,Hyderabad,Supply Chain,CC800,Procurement Specialist,G3,Permanent,Hybrid,2026-07-13,,Active,E01591,1.0,B.Tech,9,Internal Mobility,No
E04279,Employee 4279,Female,1996-09-16,Chennai,Supply Chain,CC800,Planner,G3,Permanent,Hybrid,2022-02-17,,Active,E03373,1.0,PhD,14,Internal Mobility,No
E04280,Employee 4280,Female,1991-05-17,Bengaluru,Human Resources,CC500,Talent Acquisition Specialist,G3,Permanent,Hybrid,2018-10-30,2022-10-10,Exited,E00284,1.0,Master's,8,Campus,No
E04281,Employee 4281,Male,1986-07-17,Hyderabad,Human Resources,CC500,Talent Acquisition Specialist,G4,Permanent,Hybrid,2026-05-31,,Active,,1.0,MBA,9,Agency,No
E04282,Employee 4282,Male,2003-09-23,Bengaluru,Human Resources,CC500,Talent Acquisition Specialist,G3,Permanent,Hybrid,2024-11-11,,Active,E02601,1.0,B.Tech,7,Internal Mobility,No
E04283,Employee 4283,Female,1990-12-08,Mumbai,Supply Chain,CC800,Logistics Manager,G3,Contract,Hybrid,2021-03-16,,Active,E03558,0.5,M.Tech,5,Internal Mobility,No
E04284,Employee 4284,Male,1996-08-19,Bengaluru,Supply Chain,CC800,Procurement Specialist,G5,Permanent,Hybrid,2020-07-24,,Active,,1.0,M.Tech,15,Referral,No
E04285,Employee 4285,Male,1985-11-11,Bengaluru,Technology,CC100,Tech Lead,G1,Permanent,Hybrid,2023-10-23,,Active,,1.0,MBA,5,Job Portal,No
E04286,Employee 4286,Male,1989-01-12,Chennai,Human Resources,CC500,HR Manager,G5,Permanent,Remote,2019-08-14,2024-03-19,Exited,E02190,1.0,Master's,13,Agency,No
E04287,Employee 4287,Female,1985-05-11,Bengaluru,Operations,CC300,Operations Manager,G3,Permanent,Onsite,2026-06-03,,Active,E03095,1.0,PhD,11,Referral,No
E04288,Employee 4288,Female,1992-05-12,Hyderabad,Supply Chain,CC800,Planner,G1,Permanent,Hybrid,2019-05-27,,Active,E00152,1.0,M.Tech,15,Internal Mobility,No
E04289,Employee 4289,Male,1986-01-28,Hyderabad,Finance,CC400,Finance Manager,G4,Permanent,Hybrid,2026-04-26,,Active,,1.0,Master's,13,Agency,No
E04290,Employee 4290,Male,1994-07-19,Bengaluru,Customer Success,CC700,Customer Success Manager,G4,Permanent,Hybrid,2021-10-03,,Active,,1.0,Bachelor's,6,LinkedIn,No
E04291,Employee 4291,Female,1987-07-30,Bengaluru,Sales,CC200,Account Manager,G3,Permanent,Onsite,2017-12-05,2024-06-21,Exited,E03624,1.0,Master's,7,Internal Mobility,No
E04292,Employee 4292,Male,1996-08-13,Bengaluru,Supply Chain,CC800,Procurement Specialist,G1,Permanent,Onsite,2022-07-05,,Active,E04238,1.0,PhD,10,Agency,No
E04293,Employee 4293,Male,1982-04-24,Bengaluru,Sales,CC200,Sales Executive,G5,Permanent,Hybrid,2023-04-09,,Active,,1.0,Bachelor's,14,Internal Mobility,No
E04294,Employee 4294,Female,1994-02-07,Pune,Technology,CC100,Senior Software Engineer,G6,Permanent,Hybrid,2019-11-25,,Active,,1.0,B.Tech,5,Campus,No
E04295,Employee 4295,Male,1989-04-15,Hyderabad,Customer Success,CC700,Support Analyst,G2,Permanent,Onsite,2026-07-02,,Active,E00462,1.0,MBA,9,Internal Mobility,No
E04296,Employee 4296,Female,1981-04-16,Mumbai,Operations,CC300,Operations Analyst,G4,Intern,Hybrid,2017-08-09,,Active,,0.5,B.Tech,13,Company Website,No
E04297,Employee 4297,Female,1993-06-24,Gurugram,Supply Chain,CC800,Planner,G3,Permanent,Onsite,2021-10-09,,Active,E00674,1.0,B.Tech,1,Campus,No
E04298,Employee 4298,Female,1986-01-27,Chennai,Human Resources,CC500,HR Executive,G5,Permanent,Hybrid,2021-04-10,,Active,,1.0,PhD,5,Agency,No
E04299,Employee 4299,Female,1983-09-10,Gurugram,Supply Chain,CC800,Procurement Specialist,G1,Permanent,Remote,2019-03-29,,Active,E03585,1.0,MBA,14,Agency,No
E04300,Employee 4300,Male,1994-09-20,Hyderabad,Finance,CC400,Finance Analyst,G5,Permanent,Hybrid,2018-10-06,,Active,,1.0,Master's,10,Agency,No
E04301,Employee 4301,Male,1985-01-21,Gurugram,Customer Success,CC700,Customer Success Manager,G4,Permanent,Onsite,2020-03-04,,Active,,1.0,Master's,16,Job Portal,Yes
E04302,Employee 4302,Female,1976-05-04,Bengaluru,Customer Success,CC700,Support Analyst,G5,Permanent,Hybrid,2020-11-02,,Active,,1.0,Bachelor's,13,Agency,No
E04303,Employee 4303,Male,1978-03-16,Bengaluru,Sales,CC200,Sales Executive,G3,Permanent,Onsite,2018-07-31,,Active,E04776,1.0,MBA,12,Campus,No
E04304,Employee 4304,Non-binary,1991-04-07,Pune,Human Resources,CC500,HR Executive,G2,Permanent,Hybrid,2020-06-29,,Active,E03325,1.0,B.Tech,12,Campus,No
E04305,Employee 4305,Male,1996-11-29,Noida,Finance,CC400,Senior Finance Analyst,G1,Intern,Hybrid,2019-03-17,,Active,E04594,0.5,Bachelor's,11,Internal Mobility,No
E04306,Employee 4306,Male,1982-09-07,Pune,Operations,CC300,Operations Analyst,G4,Permanent,Hybrid,2019-11-25,,Active,,1.0,Bachelor's,6,Internal Mobility,Yes
E04307,Employee 4307,Male,1988-11-04,Mumbai,Supply Chain,CC800,Supply Chain Analyst,G5,Contract,Remote,2021-09-23,,Active,,0.5,M.Tech,13,Agency,No
E04308,Employee 4308,Female,1986-08-03,Pune,Sales,CC200,Regional Sales Manager,G2,Permanent,Onsite,2023-11-19,2024-08-17,Exited,E01155,1.0,Master's,10,Campus,No
E04309,Employee 4309,Female,2002-09-03,Bengaluru,Operations,CC300,Operations Executive,G2,Intern,Onsite,2024-12-18,,Active,E00368,0.5,MBA,10,LinkedIn,No
E04310,Employee 4310,Male,1993-01-27,Noida,Supply Chain,CC800,Planner,G3,Permanent,Onsite,2023-04-03,,Active,E02900,1.0,Master's,2,Campus,No
E04311,Employee 4311,Male,1991-03-14,Bengaluru,Finance,CC400,Finance Manager,G2,Contract,Remote,2019-10-24,,Active,E01643,0.75,MBA,9,Company Website,Yes
E04312,Employee 4312,Male,1976-09-19,Hyderabad,Customer Success,CC700,Customer Success Manager,G3,Permanent,Onsite,2020-04-04,,Active,E02407,1.0,Bachelor's,8,Internal Mobility,No
E04313,Employee 4313,Female,1984-09-17,Mumbai,Supply Chain,CC800,Logistics Manager,G5,Permanent,Hybrid,2020-06-17,,Active,,1.0,M.Tech,7,Campus,No
E04314,Employee 4314,Female,1997-11-28,Hyderabad,Supply Chain,CC800,Supply Chain Analyst,G4,Permanent,Hybrid,2026-01-20,,Active,,1.0,M.Tech,11,LinkedIn,No
E04315,Employee 4315,Female,1984-01-20,Mumbai,Customer Success,CC700,Customer Success Executive,G5,Permanent,Hybrid,2025-06-28,,Active,,1.0,M.Tech,18,LinkedIn,Yes
E04316,Employee 4316,Male,1996-06-08,Gurugram,Operations,CC300,Operations Analyst,G3,Permanent,Onsite,2020-09-07,,Active,E03381,1.0,Bachelor's,13,Job Portal,No
E04317,Employee 4317,Male,1989-10-28,Gurugram,Operations,CC300,Team Lead,G5,Permanent,Hybrid,2022-07-22,,Active,,1.0,MBA,11,LinkedIn,Yes
E04318,Employee 4318,Male,1987-01-10,Bengaluru,Marketing,CC600,Brand Manager,G2,Permanent,Onsite,2025-06-25,,Active,E00907,1.0,Master's,1,Agency,Yes
E04319,Employee 4319,Female,1991-02-27,Bengaluru,Technology,CC100,Data Analyst,G6,Permanent,Onsite,2026-02-08,,Active,,1.0,B.Tech,4,Company Website,No
E04320,Employee 4320,Non-binary,1996-02-29,Hyderabad,Operations,CC300,Team Lead,G3,Permanent,Onsite,2023-11-30,,Active,E01092,1.0,Master's,9,Agency,No
E04321,Employee 4321,Female,1998-06-25,Hyderabad,Finance,CC400,Senior Finance Analyst,G5,Permanent,Hybrid,2025-10-11,,Active,,1.0,MBA,9,Agency,No
E04322,Employee 4322,Female,1996-06-04,Bengaluru,Technology,CC100,Data Analyst,G3,Permanent,Hybrid,2018-01-05,,Active,E00343,1.0,B.Tech,5,Internal Mobility,Yes
E04323,Employee 4323,Female,1994-08-07,Bengaluru,Supply Chain,CC800,Logistics Manager,G3,Permanent,Hybrid,2024-09-26,,Active,E03146,1.0,MBA,7,Job Portal,Yes
E04324,Employee 4324,Male,1989-04-16,Hyderabad,Marketing,CC600,Marketing Executive,G3,Contract,Hybrid,2019-12-14,2026-01-13,Exited,E03082,0.5,M.Tech,4,Internal Mobility,Yes
E04325,Employee 4325,Male,1991-02-03,Hyderabad,Marketing,CC600,Product Marketing Manager,G3,Permanent,Remote,2018-12-09,,Active,E02224,1.0,MBA,11,Agency,Yes
E04326,Employee 4326,Female,1989-10-22,Pune,Human Resources,CC500,HR Business Partner,G2,Permanent,Hybrid,2019-11-09,,Active,E04562,1.0,B.Tech,10,Campus,No
E04327,Employee 4327,Female,1985-12-17,Chennai,Customer Success,CC700,Customer Success Manager,G3,Permanent,Remote,2021-10-21,2024-03-25,Exited,E02957,1.0,B.Tech,17,Agency,No
E04328,Employee 4328,Female,1994-07-08,Noida,Finance,CC400,Finance Analyst,G4,Contract,Hybrid,2022-03-04,2024-10-07,Exited,E03710,0.5,Master's,13,Referral,No
E04329,Employee 4329,Male,1990-07-11,Pune,Marketing,CC600,Digital Marketing Analyst,G1,Permanent,Hybrid,2017-07-11,,Active,,1.0,M.Tech,15,Internal Mobility,No
E04330,Employee 4330,Female,1986-06-28,Chennai,Technology,CC100,Data Scientist,G4,Permanent,Hybrid,2022-02-14,2022-11-15,Exited,E03183,1.0,Bachelor's,13,Company Website,No
E04331,Employee 4331,Male,1988-07-28,Noida,Finance,CC400,Senior Finance Analyst,G4,Permanent,Remote,2018-01-30,,Active,,1.0,M.Tech,4,Campus,No
E04332,Employee 4332,Female,1975-01-21,Hyderabad,Marketing,CC600,Digital Marketing Analyst,G3,Permanent,Hybrid,2018-05-30,2024-10-28,Exited,E04426,1.0,PhD,5,Company Website,No
E04333,Employee 4333,Female,1990-02-27,Bengaluru,Human Resources,CC500,HR Business Partner,G5,Permanent,Hybrid,2026-08-03,,Active,,1.0,Master's,5,Internal Mobility,Yes
E04334,Employee 4334,Male,1985-06-28,Hyderabad,Marketing,CC600,Digital Marketing Analyst,G3,Contract,Hybrid,2018-08-26,2023-12-11,Exited,E04009,1.0,M.Tech,1,Internal Mobility,No
E04335,Employee 4335,Male,1986-06-04,Hyderabad,Supply Chain,CC800,Supply Chain Analyst,G4,Permanent,Onsite,2018-07-04,2020-07-10,Exited,E03694,1.0,Bachelor's,6,Campus,Yes
E04336,Employee 4336,Male,1999-05-02,Bengaluru,Marketing,CC600,Digital Marketing Analyst,G5,Permanent,Remote,2024-06-14,,Active,,1.0,Master's,2,Campus,No
E04337,Employee 4337,Male,1981-08-17,Bengaluru,Technology,CC100,Data Scientist,G5,Permanent,Remote,2017-03-26,,Active,,1.0,MBA,2,Agency,No
E04338,Employee 4338,Female,1979-01-11,Pune,Finance,CC400,Finance Analyst,G4,Contract,Hybrid,2017-12-03,,Active,,1.0,PhD,4,Referral,No
E04339,Employee 4339,Female,1977-05-21,Mumbai,Marketing,CC600,Marketing Executive,G3,Contract,Onsite,2018-09-03,,Active,,0.5,B.Tech,16,Company Website,Yes
E04340,Employee 4340,Female,1992-10-20,Mumbai,Customer Success,CC700,Customer Success Executive,G4,Contract,Hybrid,2021-01-21,,Active,,0.5,Bachelor's,2,Referral,No
E04341,Employee 4341,Female,2002-09-10,Hyderabad,Finance,CC400,Finance Analyst,G5,Permanent,Hybrid,2026-02-04,,Active,,1.0,Bachelor's,9,Agency,No
E04342,Employee 4342,Male,1988-09-26,Pune,Marketing,CC600,Product Marketing Manager,G4,Permanent,Hybrid,2025-09-03,,Active,,1.0,Bachelor's,8,Job Portal,No
E04343,Employee 4343,Female,1985-05-12,Hyderabad,Supply Chain,CC800,Supply Chain Analyst,G2,Permanent,Hybrid,2018-02-28,,Active,E04577,1.0,Master's,4,LinkedIn,Yes
E04344,Employee 4344,Female,1977-08-10,Pune,Operations,CC300,Operations Analyst,G3,Permanent,Hybrid,2017-05-06,,Active,E02851,1.0,Master's,6,Referral,No
E04345,Employee 4345,Male,1983-11-02,Bengaluru,Customer Success,CC700,Customer Success Manager,G4,Permanent,Onsite,2023-04-01,,Active,,1.0,Bachelor's,4,Job Portal,No
E04346,Employee 4346,Male,1980-01-10,Bengaluru,Human Resources,CC500,HR Business Partner,G4,Permanent,Onsite,2018-03-05,,Active,,1.0,Master's,8,Company Website,No
E04347,Employee 4347,Male,2001-12-12,Noida,Finance,CC400,Senior Finance Analyst,G1,Permanent,Hybrid,2025-07-18,,Active,E02318,1.0,M.Tech,10,Job Portal,No
E04348,Employee 4348,Female,1989-10-20,Hyderabad,Marketing,CC600,Product Marketing Manager,G3,Permanent,Onsite,2019-01-01,,Active,E02497,1.0,B.Tech,6,Referral,No
E04349,Employee 4349,Male,1997-08-10,Mumbai,Customer Success,CC700,Customer Success Executive,G2,Permanent,Hybrid,2024-10-10,,Active,E04864,1.0,Bachelor's,12,Internal Mobility,No
E04350,Employee 4350,Female,1984-10-22,Gurugram,Human Resources,CC500,Talent Acquisition Specialist,G3,Permanent,Hybrid,2019-09-20,,Active,E00576,1.0,PhD,15,Company Website,No
E04351,Employee 4351,Male,1983-08-21,Pune,Supply Chain,CC800,Logistics Manager,G4,Permanent,Hybrid,2019-10-30,,Active,,1.0,MBA,18,Internal Mobility,No
E04352,Employee 4352,Male,1981-06-13,Mumbai,Finance,CC400,Finance Analyst,G3,Contract,Hybrid,2017-03-30,,Active,E03895,0.5,Master's,2,LinkedIn,No
E04353,Employee 4353,Male,2002-01-16,Gurugram,Marketing,CC600,Brand Manager,G4,Permanent,Onsite,2024-04-08,,Active,,1.0,M.Tech,18,Agency,No
E04354,Employee 4354,Male,1994-01-01,Bengaluru,Human Resources,CC500,L&D Specialist,G4,Permanent,Remote,2018-05-06,,Active,,1.0,PhD,12,Campus,No
E04355,Employee 4355,Male,1999-12-28,Mumbai,Human Resources,CC500,Talent Acquisition Specialist,G2,Permanent,Hybrid,2023-04-03,,Active,E01119,1.0,Bachelor's,2,Job Portal,No
E04356,Employee 4356,Female,1981-04-01,Noida,Customer Success,CC700,Customer Success Manager,G2,Permanent,Onsite,2017-05-31,,Active,E03595,1.0,Bachelor's,14,Company Website,No
E04357,Employee 4357,Female,1981-01-11,Hyderabad,Marketing,CC600,Brand Manager,G4,Permanent,Hybrid,2019-10-28,,Active,,1.0,Bachelor's,4,Agency,No
E04358,Employee 4358,Male,1985-10-04,Noida,Finance,CC400,Finance Manager,G3,Permanent,Remote,2021-12-20,,Active,E02146,1.0,Master's,12,Campus,No
E04359,Employee 4359,Female,1983-08-26,Bengaluru,Technology,CC100,Tech Lead,G2,Permanent,Remote,2026-01-27,,Active,E04248,1.0,B.Tech,7,Campus,No
E04360,Employee 4360,Female,1984-01-22,Gurugram,Operations,CC300,Operations Manager,G3,Contract,Hybrid,2020-02-07,,Active,,0.5,B.Tech,16,Agency,No
E04361,Employee 4361,Male,1984-04-07,Gurugram,Marketing,CC600,Marketing Executive,G1,Permanent,Remote,2022-01-01,,Active,E01134,1.0,Master's,2,Campus,No
E04362,Employee 4362,Female,1986-06-02,Chennai,Customer Success,CC700,Support Analyst,G3,Permanent,Onsite,2018-03-03,2019-02-23,Exited,E02038,1.0,MBA,0,Company Website,No
E04363,Employee 4363,Female,1997-08-23,Pune,Finance,CC400,Finance Manager,G3,Permanent,Hybrid,2025-01-20,,Active,E04635,1.0,Bachelor's,18,Campus,Yes
E04364,Employee 4364,Female,1983-08-11,Pune,Sales,CC200,Account Manager,G4,Permanent,Hybrid,2023-10-28,,Active,,1.0,Bachelor's,10,Company Website,No
E04365,Employee 4365,Male,1999-10-12,Bengaluru,Finance,CC400,Finance Manager,G3,Permanent,Remote,2025-11-22,,Active,E01945,1.0,Master's,1,Job Portal,No
E04366,Employee 4366,Male,1977-10-31,Hyderabad,Sales,CC200,Key Account Manager,G3,Permanent,Remote,2019-06-19,,Active,E00952,1.0,M.Tech,9,Job Portal,Yes
E04367,Employee 4367,Female,1987-05-29,Gurugram,Supply Chain,CC800,Planner,G3,Permanent,Onsite,2017-01-29,,Active,E03616,1.0,B.Tech,4,Job Portal,No
E04368,Employee 4368,Female,1981-02-17,Bengaluru,Sales,CC200,Sales Executive,G3,Permanent,Hybrid,2019-04-20,,Active,E00394,1.0,Master's,11,Referral,No
E04369,Employee 4369,Female,1983-06-03,Gurugram,Operations,CC300,Operations Manager,G2,Permanent,Hybrid,2022-02-24,,Active,,1.0,B.Tech,17,Internal Mobility,No
E04370,Employee 4370,Female,1986-07-09,Pune,Technology,CC100,Senior Software Engineer,G6,Permanent,Remote,2017-01-11,,Active,,1.0,M.Tech,1,Company Website,No
E04371,Employee 4371,Male,1995-09-27,Pune,Customer Success,CC700,Customer Success Executive,G2,Permanent,Hybrid,2019-02-20,,Active,E02188,1.0,Bachelor's,18,Referral,No
E04372,Employee 4372,Female,1981-04-07,Pune,Finance,CC400,Finance Manager,G3,Permanent,Hybrid,2023-01-06,,Active,E03493,1.0,MBA,4,Agency,No
E04373,Employee 4373,Female,1978-03-30,Bengaluru,Operations,CC300,Operations Manager,G6,Permanent,Hybrid,2017-08-16,,Active,,1.0,MBA,9,LinkedIn,No
E04374,Employee 4374,Female,1980-12-13,Noida,Finance,CC400,Senior Finance Analyst,G1,Permanent,Onsite,2024-04-20,,Active,E04915,1.0,M.Tech,6,Referral,No
E04375,Employee 4375,Non-binary,1993-04-23,Chennai,Human Resources,CC500,L&D Specialist,G3,Permanent,Hybrid,2023-09-11,2025-10-01,Exited,E04144,1.0,M.Tech,10,Company Website,No
E04376,Employee 4376,Female,1984-12-21,Hyderabad,Sales,CC200,Account Manager,G3,Permanent,Onsite,2023-03-06,2025-08-20,Exited,E02788,1.0,Master's,13,Referral,No
E04377,Employee 4377,Male,1982-07-06,Hyderabad,Finance,CC400,Finance Manager,G2,Permanent,Remote,2022-02-07,,Active,E04370,1.0,Bachelor's,1,Company Website,No
E04378,Employee 4378,Male,1998-07-11,Noida,Marketing,CC600,Brand Manager,G2,Permanent,Onsite,2021-09-04,,Active,,1.0,Bachelor's,8,Referral,No
E04379,Employee 4379,Female,1999-09-18,Pune,Finance,CC400,Finance Manager,G4,Intern,Onsite,2025-10-26,,Active,,0.5,PhD,17,Referral,No
E04380,Employee 4380,Male,1989-10-25,Chennai,Technology,CC100,Data Analyst,G2,Permanent,Hybrid,2025-06-05,,Active,E02226,1.0,PhD,16,Company Website,No
E04381,Employee 4381,Male,1997-12-22,Hyderabad,Supply Chain,CC800,Planner,G5,Permanent,Hybrid,2024-02-04,,Active,,1.0,Master's,14,Internal Mobility,No
E04382,Employee 4382,Female,1979-09-06,Pune,Finance,CC400,Finance Manager,G3,Permanent,Hybrid,2021-10-28,,Active,E02483,1.0,PhD,1,Internal Mobility,No
E04383,Employee 4383,Female,1986-06-21,Hyderabad,Operations,CC300,Team Lead,G6,Permanent,Hybrid,2023-04-05,,Active,,1.0,M.Tech,4,Internal Mobility,No
E04384,Employee 4384,Female,1998-06-18,Bengaluru,Operations,CC300,Operations Manager,G2,Permanent,Hybrid,2019-08-11,,Active,E02146,1.0,B.Tech,13,Campus,Yes
E04385,Employee 4385,Female,1976-09-15,Noida,Customer Success,CC700,Customer Success Executive,G2,Permanent,Onsite,2020-09-02,,Active,E03943,1.0,Master's,6,Internal Mobility,No
E04386,Employee 4386,Female,1983-01-06,Mumbai,Human Resources,CC500,Talent Acquisition Specialist,G2,Permanent,Onsite,2024-09-19,,Active,E01230,1.0,Master's,16,LinkedIn,Yes
E04387,Employee 4387,Male,1989-08-21,Hyderabad,Human Resources,CC500,Talent Acquisition Specialist,G4,Permanent,Remote,2020-03-09,,Active,,1.0,MBA,17,Referral,No
E04388,Employee 4388,Female,1990-11-07,Hyderabad,Sales,CC200,Key Account Manager,G5,Permanent,Hybrid,2022-02-24,,Active,,1.0,MBA,4,Campus,No
E04389,Employee 4389,Male,1991-03-29,Chennai,Customer Success,CC700,Customer Success Executive,G3,Permanent,Hybrid,2026-07-11,,Active,E03518,1.0,M.Tech,1,Agency,No
E04390,Employee 4390,Female,1994-11-16,Bengaluru,Human Resources,CC500,HR Manager,G3,Permanent,Onsite,2019-03-13,,Active,E01907,1.0,B.Tech,18,Referral,No
E04391,Employee 4391,Male,1984-01-28,Hyderabad,Supply Chain,CC800,Procurement Specialist,G3,Permanent,Hybrid,2025-03-21,,Active,E03595,1.0,M.Tech,11,Referral,No
E04392,Employee 4392,Male,1984-02-07,Chennai,Customer Success,CC700,Support Analyst,G3,Permanent,Hybrid,2023-11-17,2026-07-21,Exited,E00595,1.0,PhD,2,LinkedIn,No
E04393,Employee 4393,Male,1987-07-11,Noida,Operations,CC300,Operations Manager,G1,Permanent,Hybrid,2023-01-05,,Active,E03358,1.0,B.Tech,4,LinkedIn,Yes
E04394,Employee 4394,Female,1985-01-20,Hyderabad,Customer Success,CC700,Customer Success Executive,G2,Intern,Remote,2017-06-23,,Active,E04319,1.0,B.Tech,8,Company Website,No
E04395,Employee 4395,Male,1979-06-25,Bengaluru,Finance,CC400,Finance Analyst,G4,Permanent,Onsite,2022-12-31,,Active,,1.0,Master's,12,Campus,Yes
E04396,Employee 4396,Male,1984-05-07,Bengaluru,Human Resources,CC500,HR Manager,G5,Permanent,Remote,2023-01-23,,Active,,1.0,MBA,13,Company Website,No
E04397,Employee 4397,Male,1973-08-02,Hyderabad,Supply Chain,CC800,Procurement Specialist,G2,Contract,Remote,2017-02-24,2019-01-27,Exited,E03065,0.75,M.Tech,4,Internal Mobility,No
E04398,Employee 4398,Female,1989-06-29,Bengaluru,Sales,CC200,Sales Analyst,G3,Permanent,Onsite,2020-10-04,,Active,E04762,1.0,M.Tech,2,Internal Mobility,Yes
E04399,Employee 4399,Female,1983-12-31,Mumbai,Marketing,CC600,Product Marketing Manager,G3,Permanent,Onsite,2019-08-08,,Active,E04143,1.0,M.Tech,10,Job Portal,No
E04400,Employee 4400,Female,1988-07-22,Mumbai,Technology,CC100,Data Scientist,G5,Permanent,Onsite,2019-12-22,2021-06-19,Exited,E01051,1.0,PhD,11,LinkedIn,Yes
E04401,Employee 4401,Male,1985-08-09,Bengaluru,Marketing,CC600,Product Marketing Manager,G5,Permanent,Onsite,2025-08-13,,Active,,1.0,PhD,17,Company Website,No
E04402,Employee 4402,Male,1990-05-15,Bengaluru,Finance,CC400,Senior Finance Analyst,G3,Permanent,Remote,2023-10-03,2025-04-07,Exited,E01778,1.0,Bachelor's,0,Campus,No
E04403,Employee 4403,Male,1981-07-31,Hyderabad,Technology,CC100,Engineering Manager,G2,Permanent,Hybrid,2024-01-12,,Active,E03263,1.0,MBA,16,Campus,No
E04404,Employee 4404,Female,1996-06-19,Pune,Finance,CC400,Finance Analyst,G3,Permanent,Onsite,2024-06-10,2026-08-04,Exited,E04473,1.0,PhD,5,Company Website,No
E04405,Employee 4405,Female,1998-07-14,Mumbai,Customer Success,CC700,Support Analyst,G3,Permanent,Hybrid,2026-04-08,,Active,E00350,1.0,M.Tech,4,Job Portal,No
E04406,Employee 4406,Male,1993-10-07,Hyderabad,Customer Success,CC700,Customer Success Executive,G2,Permanent,Onsite,2019-09-17,,Active,E01559,1.0,Bachelor's,11,Company Website,No
E04407,Employee 4407,Male,1999-01-20,Bengaluru,Customer Success,CC700,Support Analyst,G4,Permanent,Remote,2024-09-01,,Active,,1.0,Bachelor's,10,Company Website,No
E04408,Employee 4408,Male,1989-03-30,Hyderabad,Finance,CC400,Senior Finance Analyst,G3,Permanent,Hybrid,2025-04-25,,Active,E00298,1.0,Master's,3,Campus,No
E04409,Employee 4409,Male,1979-12-16,Mumbai,Technology,CC100,Data Analyst,G2,Contract,Hybrid,2023-10-28,,Active,E00173,1.0,Bachelor's,12,Campus,No
E04410,Employee 4410,Male,1995-04-15,Hyderabad,Marketing,CC600,Marketing Executive,G3,Permanent,Hybrid,2022-04-09,,Active,E02431,1.0,PhD,15,LinkedIn,No
E04411,Employee 4411,Female,2003-12-12,Hyderabad,Technology,CC100,Software Engineer,G5,Permanent,Hybrid,2025-09-28,,Active,,1.0,B.Tech,2,LinkedIn,No
E04412,Employee 4412,Female,1982-02-02,Hyderabad,Sales,CC200,Account Manager,G2,Contract,Hybrid,2024-08-03,,Active,E00605,0.5,Master's,16,Agency,Yes
E04413,Employee 4413,Male,1987-11-29,Gurugram,Customer Success,CC700,Support Analyst,G3,Intern,Onsite,2024-05-17,2024-10-24,Exited,E01776,0.75,B.Tech,13,Company Website,No
E04414,Employee 4414,Female,1977-06-29,Gurugram,Operations,CC300,Operations Executive,G4,Contract,Onsite,2018-02-21,,Active,,1.0,B.Tech,16,Company Website,No
E04415,Employee 4415,Female,1980-10-23,Chennai,Operations,CC300,Team Lead,G5,Permanent,Hybrid,2021-07-03,,Active,,1.0,Bachelor's,16,Job Portal,Yes
E04416,Employee 4416,Male,1993-10-15,Pune,Customer Success,CC700,Support Analyst,G5,Permanent,Hybrid,2020-03-13,,Active,,1.0,PhD,17,Referral,No
E04417,Employee 4417,Female,1980-11-17,Hyderabad,Finance,CC400,Finance Analyst,G4,Permanent,Hybrid,2021-09-03,,Active,,1.0,MBA,8,LinkedIn,Yes
E04418,Employee 4418,Female,1991-03-09,Chennai,Human Resources,CC500,Talent Acquisition Specialist,G3,Intern,Remote,2024-12-17,,Active,E04803,1.0,Bachelor's,4,LinkedIn,No
E04419,Employee 4419,Female,1980-11-05,Hyderabad,Customer Success,CC700,Customer Success Manager,G4,Permanent,Hybrid,2021-03-27,,Active,,1.0,Bachelor's,13,Job Portal,No
E04420,Employee 4420,Female,1981-05-21,Noida,Sales,CC200,Sales Analyst,G4,Permanent,Hybrid,2020-08-08,,Active,,1.0,Bachelor's,12,Job Portal,No
E04421,Employee 4421,Female,1981-03-13,Mumbai,Marketing,CC600,Brand Manager,G2,Permanent,Hybrid,2025-08-23,,Active,E00968,1.0,MBA,17,Company Website,No
E04422,Employee 4422,Female,1988-07-30,Pune,Sales,CC200,Sales Analyst,G2,Permanent,Onsite,2017-11-01,,Active,E03072,1.0,PhD,0,Company Website,No
E04423,Employee 4423,Male,1994-11-11,Hyderabad,Customer Success,CC700,Support Analyst,G3,Intern,Hybrid,2017-09-09,,Active,E03364,1.0,PhD,7,Job Portal,No
E04424,Employee 4424,Female,1994-01-06,Gurugram,Customer Success,CC700,Customer Success Executive,G2,Permanent,Hybrid,2023-01-29,,Active,E00706,1.0,MBA,11,Internal Mobility,No
E04425,Employee 4425,Female,1986-08-16,Pune,Operations,CC300,Operations Executive,G4,Permanent,Remote,2024-07-01,,Active,,1.0,PhD,0,Campus,Yes
E04426,Employee 4426,Male,2000-09-15,Bengaluru,Human Resources,CC500,HR Business Partner,G4,Permanent,Hybrid,2022-03-23,,Active,,1.0,Bachelor's,7,Internal Mobility,Yes
E04427,Employee 4427,Female,1975-04-17,Bengaluru,Supply Chain,CC800,Planner,G1,Permanent,Onsite,2019-02-21,,Active,E03172,1.0,B.Tech,15,Referral,No
E04428,Employee 4428,Female,1997-07-06,Gurugram,Supply Chain,CC800,Procurement Specialist,G4,Permanent,Hybrid,2023-06-11,,Active,,1.0,M.Tech,15,Agency,Yes
E04429,Employee 4429,Female,1978-06-01,Hyderabad,Operations,CC300,Operations Executive,G4,Permanent,Hybrid,2017-10-13,,Active,,1.0,Master's,1,Campus,No
E04430,Employee 4430,Male,1979-06-29,Noida,Operations,CC300,Operations Analyst,G2,Permanent,Hybrid,2023-03-23,,Active,E01112,1.0,PhD,3,Company Website,No
E04431,Employee 4431,Male,1994-04-10,Chennai,Supply Chain,CC800,Supply Chain Analyst,G3,Permanent,Onsite,2024-05-30,,Active,E01970,1.0,Master's,13,Campus,No
E04432,Employee 4432,Female,1995-09-30,Mumbai,Operations,CC300,Team Lead,G1,Permanent,Remote,2022-11-13,,Active,E03115,1.0,M.Tech,8,Agency,No
E04433,Employee 4433,Male,1993-02-10,Chennai,Sales,CC200,Sales Analyst,G4,Permanent,Hybrid,2023-02-13,,Active,,1.0,B.Tech,10,Agency,No
E04434,Employee 4434,Female,1986-12-17,Chennai,Finance,CC400,Finance Analyst,G4,Permanent,Hybrid,2024-08-09,2025-08-29,Exited,E03996,1.0,Master's,18,Referral,No
E04435,Employee 4435,Male,1983-02-10,Bengaluru,Technology,CC100,Senior Software Engineer,G2,Intern,Onsite,2024-12-12,,Active,E01498,0.75,PhD,2,Referral,No
E04436,Employee 4436,Male,1986-04-08,Mumbai,Sales,CC200,Account Manager,G5,Permanent,Remote,2023-05-22,,Active,,1.0,M.Tech,14,Internal Mobility,No
E04437,Employee 4437,Male,1991-09-30,Mumbai,Technology,CC100,Software Engineer,G3,Intern,Remote,2022-07-27,,Active,,0.5,B.Tech,12,Company Website,No
E04438,Employee 4438,Male,1974-06-29,Pune,Technology,CC100,Data Scientist,G3,Permanent,Onsite,2018-12-06,,Active,E04544,1.0,Bachelor's,14,Agency,Yes
E04439,Employee 4439,Male,1979-07-23,Chennai,Finance,CC400,Finance Analyst,G2,Contract,Hybrid,2024-02-01,,Active,E03762,1.0,M.Tech,1,Agency,No
E04440,Employee 4440,Male,1990-08-29,Bengaluru,Finance,CC400,Finance Analyst,G2,Permanent,Hybrid,2025-02-26,2025-07-23,Exited,E04444,1.0,B.Tech,2,Referral,No
E04441,Employee 4441,Male,1983-12-14,Bengaluru,Customer Success,CC700,Customer Success Manager,G1,Permanent,Onsite,2018-01-20,,Active,E03204,1.0,M.Tech,7,Referral,No
E04442,Employee 4442,Female,1991-03-07,Mumbai,Human Resources,CC500,Talent Acquisition Specialist,G1,Permanent,Hybrid,2020-01-28,2024-12-03,Exited,E00049,1.0,Master's,10,Company Website,No
E04443,Employee 4443,Female,1992-12-10,Mumbai,Customer Success,CC700,Support Analyst,G4,Contract,Hybrid,2023-04-29,2024-01-09,Exited,E04698,1.0,M.Tech,2,LinkedIn,No
E04444,Employee 4444,Male,1998-01-01,Pune,Human Resources,CC500,HR Business Partner,G5,Permanent,Remote,2024-08-07,,Active,,1.0,B.Tech,15,LinkedIn,No
E04445,Employee 4445,Male,1984-06-30,Gurugram,Supply Chain,CC800,Planner,G2,Permanent,Onsite,2018-12-26,,Active,E03497,1.0,B.Tech,15,Agency,No
E04446,Employee 4446,Male,1983-12-27,Hyderabad,Customer Success,CC700,Customer Success Manager,G2,Permanent,Hybrid,2020-01-27,,Active,E02426,1.0,B.Tech,14,Company Website,No
E04447,Employee 4447,Male,1984-08-11,Pune,Human Resources,CC500,HR Business Partner,G2,Permanent,Onsite,2022-05-18,,Active,E00678,1.0,Bachelor's,5,Company Website,No
E04448,Employee 4448,Male,1980-04-25,Hyderabad,Customer Success,CC700,Support Analyst,G2,Permanent,Hybrid,2020-02-14,2023-11-13,Exited,E03666,1.0,Master's,12,Campus,No
E04449,Employee 4449,Male,1991-12-02,Hyderabad,Human Resources,CC500,HR Business Partner,G1,Permanent,Onsite,2023-02-02,,Active,E03221,1.0,M.Tech,2,Referral,Yes
E04450,Employee 4450,Male,2000-06-14,Chennai,Human Resources,CC500,L&D Specialist,G4,Permanent,Hybrid,2023-02-24,2025-01-04,Exited,E03270,1.0,PhD,10,Internal Mobility,No
E04451,Employee 4451,Female,1993-10-17,Bengaluru,Technology,CC100,Data Analyst,G4,Permanent,Hybrid,2022-04-25,,Active,,1.0,M.Tech,9,Job Portal,No
E04452,Employee 4452,Female,1983-05-10,Mumbai,Marketing,CC600,Product Marketing Manager,G2,Contract,Hybrid,2025-03-26,,Active,E00457,0.5,M.Tech,5,Internal Mobility,Yes
E04453,Employee 4453,Female,1977-10-16,Chennai,Marketing,CC600,Product Marketing Manager,G2,Permanent,Onsite,2017-10-23,,Active,E03465,1.0,Master's,6,Company Website,No
E04454,Employee 4454,Male,1977-10-18,Mumbai,Finance,CC400,Finance Analyst,G1,Permanent,Hybrid,2017-05-27,2019-03-27,Exited,E02277,1.0,MBA,7,Company Website,Yes
E04455,Employee 4455,Female,1990-11-03,Chennai,Operations,CC300,Operations Analyst,G5,Permanent,Hybrid,2026-01-31,,Active,,1.0,Bachelor's,13,Company Website,No
E04456,Employee 4456,Female,1979-10-18,Bengaluru,Finance,CC400,Finance Manager,G4,Permanent,Hybrid,2020-08-04,,Active,,1.0,PhD,9,LinkedIn,No
E04457,Employee 4457,Male,1977-07-26,Gurugram,Customer Success,CC700,Customer Success Executive,G4,Permanent,Onsite,2018-02-20,,Active,,1.0,MBA,13,Agency,No
E04458,Employee 4458,Female,1992-11-25,Bengaluru,Customer Success,CC700,Customer Success Manager,G2,Contract,Hybrid,2025-07-11,,Active,E03272,0.75,PhD,12,Referral,No
E04459,Employee 4459,Male,1988-07-29,Bengaluru,Human Resources,CC500,L&D Specialist,G4,Permanent,Hybrid,2021-03-25,,Active,,1.0,PhD,5,Campus,No
E04460,Employee 4460,Female,1986-06-09,Hyderabad,Finance,CC400,Senior Finance Analyst,G2,Permanent,Hybrid,2019-11-23,,Active,E00010,1.0,PhD,9,Referral,Yes
E04461,Employee 4461,Male,1992-05-15,Hyderabad,Operations,CC300,Team Lead,G6,Permanent,Hybrid,2024-12-29,,Active,,1.0,MBA,4,Campus,No
E04462,Employee 4462,Female,1980-03-12,Hyderabad,Operations,CC300,Operations Executive,G2,Permanent,Hybrid,2019-09-04,,Active,E04726,1.0,B.Tech,6,Job Portal,No
E04463,Employee 4463,Female,2000-11-10,Hyderabad,Customer Success,CC700,Customer Success Executive,G3,Permanent,Hybrid,2023-06-19,,Active,E02350,1.0,PhD,16,Agency,No
E04464,Employee 4464,Female,1995-10-01,Hyderabad,Finance,CC400,Finance Manager,G3,Permanent,Hybrid,2024-06-13,,Active,E03906,1.0,Bachelor's,9,LinkedIn,No
E04465,Employee 4465,Female,1991-05-08,Mumbai,Customer Success,CC700,Customer Success Executive,G4,Permanent,Hybrid,2021-12-14,,Active,,1.0,M.Tech,9,Campus,Yes
E04466,Employee 4466,Male,1985-04-21,Mumbai,Sales,CC200,Key Account Manager,G3,Permanent,Onsite,2021-11-21,,Active,E02281,1.0,MBA,1,Job Portal,No
E04467,Employee 4467,Female,1996-12-10,Bengaluru,Marketing,CC600,Digital Marketing Analyst,G4,Permanent,Hybrid,2023-11-17,,Active,,1.0,Bachelor's,15,Internal Mobility,No
E04468,Employee 4468,Female,1989-09-30,Hyderabad,Operations,CC300,Operations Manager,G2,Permanent,Hybrid,2025-05-08,2026-08-19,Exited,E00317,1.0,MBA,16,LinkedIn,No
E04469,Employee 4469,Female,1982-03-09,Hyderabad,Technology,CC100,Software Engineer,G1,Permanent,Remote,2020-11-16,2023-06-16,Exited,E00756,1.0,M.Tech,2,Referral,Yes
E04470,Employee 4470,Female,1988-11-02,Hyderabad,Operations,CC300,Operations Analyst,G2,Contract,Hybrid,2021-05-10,,Active,E03709,0.75,M.Tech,13,Campus,No
E04471,Employee 4471,Male,2001-04-19,Bengaluru,Finance,CC400,Senior Finance Analyst,G6,Permanent,Hybrid,2024-09-21,,Active,,1.0,B.Tech,11,Company Website,No
E04472,Employee 4472,Female,1991-05-17,Mumbai,Supply Chain,CC800,Logistics Manager,G4,Permanent,Hybrid,2024-09-01,,Active,,1.0,PhD,5,Company Website,No
E04473,Employee 4473,Male,1980-10-25,Bengaluru,Customer Success,CC700,Customer Success Manager,G6,Contract,Hybrid,2020-02-20,,Active,,0.75,B.Tech,14,LinkedIn,No
E04474,Employee 4474,Male,1986-10-29,Pune,Human Resources,CC500,HR Manager,G2,Permanent,Remote,2019-10-17,2020-06-11,Exited,,1.0,Master's,1,Internal Mobility,No
E04475,Employee 4475,Female,1997-08-22,Bengaluru,Supply Chain,CC800,Logistics Manager,G4,Contract,Onsite,2024-10-28,,Active,,0.75,MBA,16,Campus,No
E04476,Employee 4476,Male,1983-05-09,Mumbai,Finance,CC400,Finance Analyst,G2,Intern,Hybrid,2025-09-17,,Active,E02436,0.75,MBA,14,Internal Mobility,No
E04477,Employee 4477,Female,1981-02-08,Hyderabad,Human Resources,CC500,HR Business Partner,G5,Permanent,Remote,2021-01-08,,Active,,1.0,MBA,0,Referral,No
E04478,Employee 4478,Female,1993-08-30,Pune,Human Resources,CC500,HR Manager,G3,Permanent,Remote,2018-04-04,2020-10-17,Exited,E04556,1.0,MBA,12,Company Website,No
E04479,Employee 4479,Male,1995-06-10,Mumbai,Technology,CC100,Engineering Manager,G1,Permanent,Hybrid,2021-04-03,2026-08-25,Exited,E02917,1.0,M.Tech,4,Agency,Yes
E04480,Employee 4480,Female,1985-11-09,Hyderabad,Sales,CC200,Sales Executive,G6,Intern,Onsite,2026-05-30,,Active,,0.5,MBA,1,LinkedIn,Yes
E04481,Employee 4481,Female,1977-12-08,Hyderabad,Sales,CC200,Key Account Manager,G3,Permanent,Remote,2021-03-09,,Active,E04116,1.0,Master's,0,LinkedIn,No
E04482,Employee 4482,Male,1986-03-25,Pune,Customer Success,CC700,Support Analyst,G3,Permanent,Onsite,2021-01-25,,Active,E03470,1.0,PhD,17,Internal Mobility,Yes
E04483,Employee 4483,Male,1988-07-26,Mumbai,Marketing,CC600,Product Marketing Manager,G4,Permanent,Hybrid,2017-04-09,2022-02-27,Exited,E02951,1.0,M.Tech,4,Agency,Yes
E04484,Employee 4484,Female,1995-03-29,Chennai,Supply Chain,CC800,Supply Chain Analyst,G1,Permanent,Hybrid,2024-02-20,,Active,E03364,1.0,PhD,3,Company Website,No
E04485,Employee 4485,Male,1985-05-16,Bengaluru,Human Resources,CC500,HR Business Partner,G4,Permanent,Hybrid,2021-10-13,,Active,,1.0,M.Tech,7,Campus,No
E04486,Employee 4486,Female,1996-12-15,Mumbai,Finance,CC400,Finance Analyst,G1,Permanent,Hybrid,2018-01-06,2024-05-23,Exited,E04783,1.0,B.Tech,5,LinkedIn,No
E04487,Employee 4487,Male,1993-11-17,Pune,Operations,CC300,Operations Executive,G2,Permanent,Onsite,2018-06-28,,Active,E04411,1.0,Master's,12,Job Portal,No
E04488,Employee 4488,Female,1977-04-12,Noida,Operations,CC300,Team Lead,G3,Permanent,Onsite,2019-11-04,,Active,E00463,1.0,B.Tech,11,Agency,No
E04489,Employee 4489,Male,1985-06-05,Chennai,Human Resources,CC500,HR Executive,G5,Permanent,Hybrid,2022-04-10,,Active,,1.0,B.Tech,16,Campus,Yes
E04490,Employee 4490,Female,1977-11-04,Chennai,Customer Success,CC700,Customer Success Manager,G4,Contract,Hybrid,2020-07-16,,Active,,1.0,M.Tech,1,Referral,No
E04491,Employee 4491,Male,1985-04-19,Chennai,Technology,CC100,Engineering Manager,G5,Contract,Hybrid,2026-08-27,,Active,,0.5,M.Tech,0,Referral,Yes
E04492,Employee 4492,Male,1990-11-23,Noida,Operations,CC300,Operations Analyst,G5,Permanent,Onsite,2024-12-16,,Active,,1.0,B.Tech,16,Company Website,No
E04493,Employee 4493,Female,1978-11-09,Gurugram,Marketing,CC600,Brand Manager,G3,Contract,Onsite,2022-06-09,,Active,E04661,1.0,M.Tech,4,Agency,No
E04494,Employee 4494,Female,1989-02-28,Hyderabad,Supply Chain,CC800,Logistics Manager,G4,Permanent,Hybrid,2026-05-04,,Active,,1.0,B.Tech,10,Job Portal,No
E04495,Employee 4495,Male,1987-02-12,Noida,Operations,CC300,Operations Analyst,G2,Permanent,Hybrid,2026-02-11,,Active,,1.0,Master's,7,Referral,No
E04496,Employee 4496,Male,1996-08-31,Bengaluru,Operations,CC300,Operations Executive,G3,Permanent,Hybrid,2019-05-04,,Active,E01015,1.0,Bachelor's,17,Referral,No
E04497,Employee 4497,Female,1995-11-10,Mumbai,Technology,CC100,Software Engineer,G5,Permanent,Remote,2026-07-15,,Active,,1.0,M.Tech,0,Agency,No
E04498,Employee 4498,Male,1990-12-25,Noida,Sales,CC200,Account Manager,G3,Contract,Hybrid,2023-05-28,,Active,E02127,0.5,Master's,5,Company Website,No
E04499,Employee 4499,Female,1991-07-20,Gurugram,Technology,CC100,Data Scientist,G4,Permanent,Hybrid,2023-10-27,,Active,,1.0,PhD,2,Job Portal,No
E04500,Employee 4500,Female,1977-10-16,Pune,Human Resources,CC500,HR Business Partner,G2,Permanent,Hybrid,2022-08-17,,Active,E01878,1.0,PhD,1,Agency,No
E04501,Employee 4501,Female,1989-03-12,Noida,Supply Chain,CC800,Supply Chain Analyst,G3,Permanent,Remote,2021-04-26,,Active,E04172,1.0,B.Tech,1,Internal Mobility,No
E04502,Employee 4502,Female,1988-09-09,Hyderabad,Sales,CC200,Sales Analyst,G4,Permanent,Hybrid,2023-05-17,2024-06-04,Exited,E04181,1.0,B.Tech,1,Campus,No
E04503,Employee 4503,Male,1999-05-19,Mumbai,Finance,CC400,Senior Finance Analyst,G3,Intern,Hybrid,2025-01-22,,Active,E00594,0.75,M.Tech,11,Referral,No
E04504,Employee 4504,Female,1984-01-18,Bengaluru,Customer Success,CC700,Customer Success Manager,G2,Permanent,Hybrid,2026-02-04,,Active,E03730,1.0,MBA,17,Agency,No
E04505,Employee 4505,Male,2003-04-24,Hyderabad,Sales,CC200,Sales Analyst,G2,Permanent,Hybrid,2024-12-07,2026-03-06,Exited,E00698,1.0,PhD,12,Job Portal,No
E04506,Employee 4506,Non-binary,1989-07-29,Hyderabad,Sales,CC200,Sales Executive,G3,Permanent,Onsite,2022-08-22,,Active,E03542,1.0,B.Tech,10,Campus,Yes
E04507,Employee 4507,Female,1997-07-03,Hyderabad,Finance,CC400,Finance Manager,G3,Permanent,Onsite,2022-04-27,,Active,E00835,1.0,Master's,10,Agency,No
E04508,Employee 4508,Male,1989-05-22,Bengaluru,Supply Chain,CC800,Planner,G2,Permanent,Hybrid,2018-10-30,,Active,E04025,1.0,Master's,17,Job Portal,Yes
E04509,Employee 4509,Female,1982-05-08,Hyderabad,Sales,CC200,Sales Analyst,G2,Permanent,Onsite,2022-03-13,,Active,E02536,1.0,MBA,0,Agency,Yes
E04510,Employee 4510,Male,1995-11-01,Mumbai,Sales,CC200,Regional Sales Manager,G3,Permanent,Hybrid,2019-07-27,,Active,E03271,1.0,Bachelor's,16,Campus,No
E04511,Employee 4511,Male,1994-01-13,Hyderabad,Customer Success,CC700,Customer Success Executive,G2,Permanent,Remote,2023-12-17,,Active,E00988,1.0,M.Tech,3,LinkedIn,Yes
E04512,Employee 4512,Male,1989-05-21,Noida,Technology,CC100,Data Scientist,G3,Permanent,Hybrid,2021-04-01,,Active,E00285,1.0,MBA,15,Agency,No
E04513,Employee 4513,Male,1990-12-11,Mumbai,Operations,CC300,Operations Analyst,G3,Permanent,Hybrid,2020-08-29,,Active,E04151,1.0,B.Tech,7,Campus,Yes
E04514,Employee 4514,Female,1995-07-10,Pune,Human Resources,CC500,L&D Specialist,G1,Permanent,Hybrid,2022-10-13,,Active,E01134,1.0,Master's,8,Internal Mobility,Yes
E04515,Employee 4515,Male,1982-10-28,Gurugram,Finance,CC400,Finance Analyst,G3,Contract,Hybrid,2026-08-14,,Active,E01809,0.5,M.Tech,13,Internal Mobility,No
E04516,Employee 4516,Male,1987-01-08,Hyderabad,Operations,CC300,Operations Manager,G5,Permanent,Hybrid,2020-07-10,2022-01-29,Exited,E03216,1.0,PhD,0,Internal Mobility,No
E04517,Employee 4517,Female,1982-07-04,Pune,Operations,CC300,Operations Analyst,G4,Contract,Onsite,2018-07-15,,Active,,0.5,Bachelor's,2,Job Portal,No
E04518,Employee 4518,Male,1990-10-12,Hyderabad,Marketing,CC600,Brand Manager,G5,Contract,Hybrid,2023-04-30,,Active,,0.5,PhD,5,Campus,No
E04519,Employee 4519,Female,1980-03-18,Pune,Supply Chain,CC800,Supply Chain Analyst,G5,Permanent,Remote,2017-04-15,,Active,,1.0,M.Tech,6,Company Website,No
E04520,Employee 4520,Male,1994-10-09,Chennai,Finance,CC400,Finance Analyst,G1,Permanent,Hybrid,2020-06-05,,Active,E00713,1.0,M.Tech,8,Referral,No
E04521,Employee 4521,Male,1978-01-27,Bengaluru,Human Resources,CC500,HR Business Partner,G4,Contract,Hybrid,2021-10-27,,Active,,0.5,M.Tech,16,LinkedIn,No
E04522,Employee 4522,Male,1981-10-20,Mumbai,Finance,CC400,Finance Analyst,G3,Permanent,Remote,2021-01-10,,Active,,1.0,B.Tech,14,LinkedIn,No
E04523,Employee 4523,Female,1986-01-06,Noida,Sales,CC200,Sales Executive,G3,Permanent,Hybrid,2020-08-24,,Active,E01579,1.0,MBA,16,Internal Mobility,No
E04524,Employee 4524,Female,1984-01-30,Pune,Operations,CC300,Team Lead,G3,Permanent,Remote,2024-12-05,,Active,E02751,1.0,PhD,7,Agency,No
E04525,Employee 4525,Male,1988-08-03,Pune,Technology,CC100,Senior Software Engineer,G4,Contract,Onsite,2017-09-02,,Active,,0.75,Bachelor's,16,Internal Mobility,No
E04526,Employee 4526,Female,1990-06-16,Bengaluru,Supply Chain,CC800,Supply Chain Analyst,G3,Intern,Remote,2024-02-17,,Active,E03133,1.0,MBA,8,Job Portal,No
E04527,Employee 4527,Male,1984-02-03,Hyderabad,Customer Success,CC700,Customer Success Manager,G2,Permanent,Remote,2025-02-17,,Active,E00845,1.0,B.Tech,8,Campus,No
E04528,Employee 4528,Female,1998-05-07,Gurugram,Human Resources,CC500,HR Executive,G3,Contract,Hybrid,2026-04-05,,Active,E04518,1.0,PhD,3,Agency,No
E04529,Employee 4529,Male,1979-04-03,Noida,Sales,CC200,Sales Executive,G3,Permanent,Hybrid,2022-03-05,,Active,E01673,1.0,B.Tech,12,Company Website,Yes
E04530,Employee 4530,Female,1988-03-07,Pune,Sales,CC200,Key Account Manager,G4,Permanent,Hybrid,2020-04-17,,Active,,1.0,Bachelor's,12,Job Portal,No
E04531,Employee 4531,Male,1997-12-03,Hyderabad,Customer Success,CC700,Support Analyst,G2,Permanent,Hybrid,2026-03-22,,Active,E01615,1.0,MBA,10,Agency,Yes
E04532,Employee 4532,Male,1982-12-24,Noida,Marketing,CC600,Brand Manager,G4,Permanent,Remote,2026-04-30,,Active,,1.0,MBA,12,Internal Mobility,Yes
E04533,Employee 4533,Male,1993-07-21,Gurugram,Human Resources,CC500,HR Business Partner,G4,Permanent,Remote,2026-07-01,,Active,,1.0,PhD,17,Campus,No
E04534,Employee 4534,Male,2004-04-21,Pune,Technology,CC100,Tech Lead,G5,Permanent,Hybrid,2026-04-30,,Active,,1.0,M.Tech,0,Campus,No
E04535,Employee 4535,Female,1980-03-24,Mumbai,Finance,CC400,Finance Analyst,G3,Permanent,Onsite,2024-04-23,,Active,E02993,1.0,Bachelor's,4,Campus,No
E04536,Employee 4536,Female,1981-02-24,Bengaluru,Customer Success,CC700,Customer Success Manager,G4,Contract,Hybrid,2017-03-20,,Active,,0.75,PhD,8,Job Portal,No
E04537,Employee 4537,Male,1979-10-11,Chennai,Technology,CC100,Data Scientist,G3,Permanent,Onsite,2018-11-16,,Active,E04315,1.0,B.Tech,8,Campus,No
E04538,Employee 4538,Male,1989-05-14,Hyderabad,Human Resources,CC500,HR Business Partner,G2,Permanent,Hybrid,2022-06-15,,Active,E04783,1.0,Master's,3,Company Website,Yes
E04539,Employee 4539,Female,1993-02-08,Bengaluru,Supply Chain,CC800,Procurement Specialist,G3,Intern,Hybrid,2026-07-02,,Active,E01877,0.5,Master's,10,Campus,No
E04540,Employee 4540,Female,1991-02-16,Bengaluru,Human Resources,CC500,HR Business Partner,G4,Permanent,Hybrid,2021-09-18,,Active,,1.0,B.Tech,16,Job Portal,No
E04541,Employee 4541,Male,1990-09-11,Gurugram,Human Resources,CC500,L&D Specialist,G5,Contract,Remote,2020-09-07,,Active,,0.75,Bachelor's,12,Referral,No
E04542,Employee 4542,Female,1981-09-06,Chennai,Finance,CC400,Finance Analyst,G3,Permanent,Onsite,2017-08-31,,Active,E01965,1.0,Master's,5,Agency,No
E04543,Employee 4543,Female,1988-10-10,Hyderabad,Finance,CC400,Finance Manager,G2,Permanent,Onsite,2018-09-16,,Active,E04143,1.0,PhD,6,LinkedIn,No
E04544,Employee 4544,Male,1999-12-09,Noida,Human Resources,CC500,HR Business Partner,G4,Permanent,Onsite,2024-12-24,,Active,,1.0,M.Tech,13,Company Website,No
E04545,Employee 4545,Female,2001-07-15,Bengaluru,Human Resources,CC500,Talent Acquisition Specialist,G2,Contract,Hybrid,2025-10-27,,Active,E04414,1.0,Master's,15,Job Portal,No
E04546,Employee 4546,Male,1995-04-29,Pune,Finance,CC400,Senior Finance Analyst,G1,Permanent,Hybrid,2025-04-03,,Active,E02698,1.0,B.Tech,16,Internal Mobility,No
E04547,Employee 4547,Male,1983-05-11,Hyderabad,Finance,CC400,Finance Manager,G2,Contract,Hybrid,2022-10-01,,Active,E01296,0.5,MBA,11,Job Portal,No
E04548,Employee 4548,Female,1999-07-28,Gurugram,Marketing,CC600,Marketing Executive,G5,Contract,Hybrid,2021-11-09,,Active,,0.75,Master's,12,Agency,No
E04549,Employee 4549,Male,1991-02-25,Noida,Marketing,CC600,Brand Manager,G3,Permanent,Hybrid,2024-01-15,,Active,E00974,1.0,Master's,13,LinkedIn,No
E04550,Employee 4550,Female,1999-12-26,Noida,Sales,CC200,Key Account Manager,G1,Permanent,Remote,2023-01-23,,Active,E04957,1.0,B.Tech,14,Agency,No
E04551,Employee 4551,Male,1985-04-16,Hyderabad,Supply Chain,CC800,Logistics Manager,G2,Permanent,Hybrid,2018-06-01,,Active,E01863,1.0,PhD,5,Internal Mobility,No
E04552,Employee 4552,Female,1982-01-30,Hyderabad,Human Resources,CC500,HR Executive,G3,Permanent,Onsite,2026-06-06,,Active,E02541,1.0,MBA,5,Internal Mobility,No
E04553,Employee 4553,Female,1975-07-31,Bengaluru,Sales,CC200,Sales Executive,G4,Permanent,Hybrid,2017-07-07,2019-09-17,Exited,E02592,1.0,MBA,6,LinkedIn,No
E04554,Employee 4554,Female,1988-12-14,Chennai,Sales,CC200,Key Account Manager,G5,Permanent,Remote,2024-05-29,,Active,,1.0,MBA,10,LinkedIn,No
E04555,Employee 4555,Male,1991-02-27,Bengaluru,Human Resources,CC500,HR Business Partner,G5,Permanent,Hybrid,2023-01-24,2024-10-21,Exited,E00600,1.0,M.Tech,8,Campus,No
E04556,Employee 4556,Male,1993-12-30,Pune,Supply Chain,CC800,Logistics Manager,G4,Permanent,Remote,2025-10-19,,Active,,1.0,PhD,17,Campus,Yes
E04557,Employee 4557,Female,1979-09-11,Bengaluru,Customer Success,CC700,Customer Success Executive,G3,Permanent,Hybrid,2018-06-25,,Active,E00946,1.0,M.Tech,9,Campus,Yes
E04558,Employee 4558,Female,1993-10-27,Pune,Marketing,CC600,Marketing Executive,G5,Permanent,Onsite,2019-05-24,,Active,,1.0,M.Tech,18,Agency,No
E04559,Employee 4559,Female,1998-01-05,Noida,Customer Success,CC700,Customer Success Manager,G1,Contract,Hybrid,2023-09-27,,Active,E00806,0.75,Master's,4,Internal Mobility,No
E04560,Employee 4560,Male,1987-01-26,Hyderabad,Finance,CC400,Finance Analyst,G4,Permanent,Remote,2021-04-26,,Active,,1.0,M.Tech,9,Referral,No
E04561,Employee 4561,Female,1985-06-17,Bengaluru,Sales,CC200,Regional Sales Manager,G3,Permanent,Hybrid,2024-12-31,,Active,E02175,1.0,M.Tech,8,Agency,No
E04562,Employee 4562,Male,1989-05-26,Hyderabad,Technology,CC100,Software Engineer,G5,Contract,Hybrid,2018-04-24,,Active,,0.5,MBA,9,Campus,No
E04563,Employee 4563,Female,1982-11-11,Bengaluru,Operations,CC300,Operations Analyst,G1,Permanent,Onsite,2021-12-14,,Active,E00917,1.0,B.Tech,7,Company Website,No
E04564,Employee 4564,Male,1983-12-29,Hyderabad,Marketing,CC600,Digital Marketing Analyst,G3,Permanent,Remote,2022-03-07,,Active,E02987,1.0,MBA,8,Campus,No
E04565,Employee 4565,Male,2001-07-15,Hyderabad,Human Resources,CC500,HR Business Partner,G4,Permanent,Onsite,2024-12-02,,Active,,1.0,PhD,14,Company Website,No
E04566,Employee 4566,Male,1997-04-30,Hyderabad,Customer Success,CC700,Customer Success Executive,G4,Permanent,Onsite,2026-02-17,,Active,,1.0,MBA,11,Campus,No
E04567,Employee 4567,Female,1982-11-02,Mumbai,Customer Success,CC700,Customer Success Manager,G3,Permanent,Remote,2023-06-16,,Active,E01247,1.0,PhD,6,Agency,No
E04568,Employee 4568,Female,1980-08-14,Mumbai,Technology,CC100,Senior Software Engineer,G3,Permanent,Hybrid,2018-03-26,2025-01-17,Exited,E02290,1.0,Bachelor's,0,Agency,No
E04569,Employee 4569,Male,1991-10-10,Hyderabad,Finance,CC400,Finance Analyst,G3,Permanent,Hybrid,2026-08-24,,Active,E00909,1.0,Master's,12,Job Portal,No
E04570,Employee 4570,Female,1975-11-22,Noida,Operations,CC300,Operations Manager,G2,Contract,Hybrid,2017-01-22,,Active,E00685,0.75,PhD,1,Internal Mobility,No
E04571,Employee 4571,Female,1984-08-05,Pune,Sales,CC200,Sales Analyst,G1,Permanent,Hybrid,2021-04-19,,Active,E04865,1.0,Bachelor's,18,LinkedIn,No
E04572,Employee 4572,Male,1989-09-17,Bengaluru,Customer Success,CC700,Support Analyst,G3,Permanent,Hybrid,2018-04-25,2020-10-20,Exited,E00045,1.0,B.Tech,9,Campus,No
E04573,Employee 4573,Male,1973-07-27,Gurugram,Supply Chain,CC800,Supply Chain Analyst,G4,Permanent,Hybrid,2018-02-10,,Active,,1.0,B.Tech,2,Company Website,No
E04574,Employee 4574,Male,1985-10-13,Hyderabad,Marketing,CC600,Product Marketing Manager,G4,Permanent,Hybrid,2021-05-25,,Active,,1.0,B.Tech,18,Company Website,No
E04575,Employee 4575,Male,2001-06-09,Noida,Marketing,CC600,Digital Marketing Analyst,G2,Permanent,Hybrid,2025-12-04,,Active,E01812,1.0,Master's,0,LinkedIn,Yes
E04576,Employee 4576,Female,1994-02-12,Gurugram,Finance,CC400,Senior Finance Analyst,G4,Permanent,Hybrid,2022-02-27,,Active,,1.0,MBA,4,Company Website,No
E04577,Employee 4577,Male,1997-11-24,Chennai,Technology,CC100,Data Scientist,G4,Permanent,Remote,2026-02-28,,Active,,1.0,M.Tech,9,LinkedIn,No
E04578,Employee 4578,Male,1984-09-05,Bengaluru,Marketing,CC600,Brand Manager,G3,Permanent,Hybrid,2020-10-24,2022-12-04,Exited,E04213,1.0,Master's,9,Agency,Yes
E04579,Employee 4579,Male,1991-04-21,Hyderabad,Marketing,CC600,Brand Manager,G3,Permanent,Hybrid,2023-08-22,,Active,E02293,1.0,PhD,6,Referral,No
E04580,Employee 4580,Female,1998-12-22,Bengaluru,Supply Chain,CC800,Procurement Specialist,G3,Permanent,Hybrid,2023-01-20,,Active,E02269,1.0,MBA,0,LinkedIn,No
E04581,Employee 4581,Female,1981-12-07,Bengaluru,Marketing,CC600,Product Marketing Manager,G4,Intern,Remote,2022-06-28,2022-12-22,Exited,,1.0,Master's,6,Internal Mobility,Yes
E04582,Employee 4582,Male,1984-02-09,Hyderabad,Sales,CC200,Regional Sales Manager,G5,Permanent,Hybrid,2017-11-03,,Active,,1.0,Bachelor's,9,Campus,No
E04583,Employee 4583,Female,1985-03-10,Bengaluru,Technology,CC100,Data Analyst,G2,Permanent,Hybrid,2022-03-18,,Active,E04663,1.0,Bachelor's,13,Internal Mobility,No
E04584,Employee 4584,Female,1993-03-31,Pune,Customer Success,CC700,Customer Success Executive,G2,Permanent,Remote,2020-02-08,,Active,E00800,1.0,M.Tech,18,Referral,No
E04585,Employee 4585,Female,2003-05-29,Hyderabad,Finance,CC400,Finance Manager,G2,Permanent,Hybrid,2024-10-27,,Active,E04905,1.0,B.Tech,15,Referral,Yes
E04586,Employee 4586,Female,1991-05-06,Mumbai,Operations,CC300,Operations Analyst,G1,Permanent,Remote,2020-09-07,,Active,E04415,1.0,M.Tech,8,Agency,Yes
E04587,Employee 4587,Male,1974-08-13,Bengaluru,Operations,CC300,Operations Executive,G3,Permanent,Hybrid,2017-07-15,2022-05-12,Exited,E01141,1.0,M.Tech,12,Referral,No
E04588,Employee 4588,Female,1992-10-07,Mumbai,Supply Chain,CC800,Supply Chain Analyst,G3,Permanent,Onsite,2023-10-09,,Active,E01140,1.0,PhD,9,Company Website,Yes
E04589,Employee 4589,Male,1994-03-08,Bengaluru,Supply Chain,CC800,Logistics Manager,G4,Permanent,Hybrid,2019-12-18,,Active,,1.0,Master's,2,Campus,No
E04590,Employee 4590,Female,1977-02-15,Pune,Human Resources,CC500,L&D Specialist,G1,Permanent,Onsite,2021-09-27,,Active,E03008,1.0,Bachelor's,11,LinkedIn,Yes
E04591,Employee 4591,Female,1997-08-07,Mumbai,Finance,CC400,Senior Finance Analyst,G4,Permanent,Hybrid,2024-01-11,,Active,,1.0,PhD,7,Campus,No
E04592,Employee 4592,Male,1992-02-09,Bengaluru,Supply Chain,CC800,Procurement Specialist,G4,Permanent,Hybrid,2025-05-01,,Active,,1.0,MBA,16,Company Website,Yes
E04593,Employee 4593,Male,1992-06-23,Mumbai,Sales,CC200,Regional Sales Manager,G2,Permanent,Hybrid,2024-02-17,2025-05-15,Exited,E01598,1.0,M.Tech,12,Referral,Yes
E04594,Employee 4594,Male,1984-03-22,Noida,Technology,CC100,Tech Lead,G4,Permanent,Hybrid,2020-08-16,,Active,,1.0,Master's,2,Campus,No
E04595,Employee 4595,Female,1981-01-05,Chennai,Marketing,CC600,Brand Manager,G2,Permanent,Hybrid,2023-11-25,2024-11-12,Exited,E04416,1.0,M.Tech,0,Agency,Yes
E04596,Employee 4596,Female,1983-08-11,Pune,Operations,CC300,Operations Analyst,G3,Permanent,Hybrid,2023-12-10,,Active,E03288,1.0,Bachelor's,12,Internal Mobility,No
E04597,Employee 4597,Male,1993-03-28,Noida,Customer Success,CC700,Customer Success Executive,G2,Permanent,Hybrid,2017-12-10,,Active,E02993,1.0,Master's,5,LinkedIn,No
E04598,Employee 4598,Female,1996-01-17,Mumbai,Customer Success,CC700,Customer Success Manager,G4,Permanent,Hybrid,2025-09-29,,Active,,1.0,PhD,2,Job Portal,No
E04599,Employee 4599,Female,1993-05-06,Pune,Supply Chain,CC800,Procurement Specialist,G5,Permanent,Onsite,2021-01-18,2026-04-20,Exited,E02938,1.0,Master's,0,Referral,No
E04600,Employee 4600,Male,1978-04-06,Bengaluru,Marketing,CC600,Brand Manager,G2,Intern,Hybrid,2020-05-30,,Active,E02648,0.5,Master's,15,Company Website,No
E04601,Employee 4601,Female,1986-10-18,Hyderabad,Customer Success,CC700,Customer Success Manager,G3,Permanent,Hybrid,2021-09-06,,Active,E03380,1.0,MBA,9,LinkedIn,Yes
E04602,Employee 4602,Male,1993-04-12,Noida,Customer Success,CC700,Customer Success Executive,G4,Permanent,Hybrid,2024-05-15,,Active,,1.0,Bachelor's,6,Job Portal,No
E04603,Employee 4603,Male,1979-01-13,Mumbai,Sales,CC200,Key Account Manager,G3,Permanent,Hybrid,2022-06-13,,Active,E00144,1.0,MBA,7,Referral,No
E04604,Employee 4604,Male,1981-08-10,Mumbai,Operations,CC300,Operations Executive,G6,Permanent,Onsite,2023-12-22,,Active,,1.0,M.Tech,16,Internal Mobility,No
E04605,Employee 4605,Non-binary,1998-12-19,Mumbai,Marketing,CC600,Product Marketing Manager,G6,Permanent,Hybrid,2023-01-29,,Active,,1.0,PhD,17,Campus,No
E04606,Employee 4606,Female,1988-12-12,Hyderabad,Operations,CC300,Team Lead,G3,Permanent,Hybrid,2022-04-24,,Active,E03247,1.0,PhD,10,Job Portal,No
E04607,Employee 4607,Male,1984-12-02,Hyderabad,Human Resources,CC500,HR Business Partner,G1,Permanent,Remote,2022-08-02,,Active,E02189,1.0,M.Tech,9,Job Portal,No
E04608,Employee 4608,Female,1980-06-22,Bengaluru,Supply Chain,CC800,Procurement Specialist,G4,Contract,Hybrid,2017-07-16,,Active,,0.5,M.Tech,18,Job Portal,Yes
E04609,Employee 4609,Female,2001-08-20,Gurugram,Operations,CC300,Operations Analyst,G3,Permanent,Hybrid,2022-12-01,,Active,E00178,1.0,MBA,12,Job Portal,Yes
E04610,Employee 4610,Male,1985-04-07,Bengaluru,Sales,CC200,Regional Sales Manager,G3,Permanent,Hybrid,2023-01-10,,Active,E04140,1.0,PhD,0,Internal Mobility,No
E04611,Employee 4611,Female,1991-10-25,Bengaluru,Operations,CC300,Operations Manager,G2,Permanent,Hybrid,2017-07-30,,Active,E02175,1.0,B.Tech,7,Company Website,No
E04612,Employee 4612,Non-binary,1985-04-12,Bengaluru,Customer Success,CC700,Customer Success Executive,G3,Permanent,Hybrid,2020-03-06,,Active,E00525,1.0,B.Tech,18,Referral,No
E04613,Employee 4613,Male,1994-05-08,Gurugram,Technology,CC100,Data Scientist,G1,Permanent,Hybrid,2026-06-07,,Active,,1.0,M.Tech,10,Referral,Yes
E04614,Employee 4614,Male,1985-08-01,Pune,Human Resources,CC500,L&D Specialist,G4,Permanent,Hybrid,2017-06-07,2020-04-20,Exited,,1.0,B.Tech,6,LinkedIn,Yes
E04615,Employee 4615,Male,1985-04-14,Bengaluru,Human Resources,CC500,HR Manager,G5,Permanent,Hybrid,2017-12-27,,Active,,1.0,Bachelor's,18,LinkedIn,Yes
E04616,Employee 4616,Female,1973-12-20,Bengaluru,Technology,CC100,Data Scientist,G4,Permanent,Onsite,2018-08-26,,Active,,1.0,B.Tech,15,Company Website,No
E04617,Employee 4617,Female,1995-07-13,Mumbai,Operations,CC300,Operations Manager,G4,Permanent,Hybrid,2026-04-05,,Active,,1.0,Bachelor's,15,Agency,No
E04618,Employee 4618,Female,1986-10-29,Gurugram,Operations,CC300,Operations Manager,G2,Permanent,Hybrid,2026-04-28,,Active,E02481,1.0,Bachelor's,16,Company Website,No
E04619,Employee 4619,Male,1984-03-24,Chennai,Human Resources,CC500,HR Business Partner,G3,Permanent,Onsite,2017-10-05,,Active,E04826,1.0,B.Tech,13,LinkedIn,No
E04620,Employee 4620,Female,1988-06-14,Mumbai,Human Resources,CC500,L&D Specialist,G2,Permanent,Onsite,2023-06-16,,Active,E02931,1.0,PhD,15,Referral,No
E04621,Employee 4621,Female,1990-05-16,Pune,Finance,CC400,Finance Manager,G4,Contract,Onsite,2019-03-02,,Active,,0.75,B.Tech,4,Referral,No
E04622,Employee 4622,Male,1985-10-26,Bengaluru,Supply Chain,CC800,Logistics Manager,G3,Permanent,Hybrid,2022-08-27,2025-02-23,Exited,E01190,1.0,M.Tech,7,Campus,No
E04623,Employee 4623,Female,1987-05-28,Hyderabad,Technology,CC100,Engineering Manager,G2,Intern,Onsite,2021-02-20,2024-12-29,Exited,E03009,1.0,M.Tech,7,Job Portal,Yes
E04624,Employee 4624,Female,1993-07-22,Bengaluru,Sales,CC200,Regional Sales Manager,G4,Permanent,Hybrid,2022-03-08,,Active,,1.0,Bachelor's,7,LinkedIn,No
E04625,Employee 4625,Female,1986-02-24,Pune,Technology,CC100,Data Analyst,G2,Permanent,Remote,2020-06-05,,Active,E02998,1.0,B.Tech,16,Campus,No
E04626,Employee 4626,Female,1976-12-04,Noida,Human Resources,CC500,HR Business Partner,G2,Permanent,Remote,2019-10-22,,Active,E00554,1.0,Bachelor's,8,Job Portal,No
E04627,Employee 4627,Female,1989-08-24,Bengaluru,Marketing,CC600,Marketing Executive,G3,Permanent,Hybrid,2023-07-29,,Active,E00497,1.0,MBA,12,Campus,No
E04628,Employee 4628,Male,1976-03-02,Gurugram,Technology,CC100,Software Engineer,G4,Permanent,Onsite,2020-01-28,,Active,,1.0,M.Tech,10,Referral,No
E04629,Employee 4629,Female,1993-02-15,Hyderabad,Marketing,CC600,Product Marketing Manager,G6,Permanent,Hybrid,2022-09-16,,Active,,1.0,B.Tech,9,Referral,No
E04630,Employee 4630,Female,2000-12-31,Noida,Sales,CC200,Account Manager,G4,Permanent,Hybrid,2026-03-14,,Active,,1.0,M.Tech,8,Campus,No
E04631,Employee 4631,Male,1975-04-28,Hyderabad,Supply Chain,CC800,Procurement Specialist,G2,Permanent,Hybrid,2018-09-18,,Active,E04345,1.0,MBA,14,Campus,No
E04632,Employee 4632,Female,1982-12-28,Bengaluru,Technology,CC100,Software Engineer,G4,Permanent,Hybrid,2021-10-29,2025-10-04,Exited,E03734,1.0,Master's,6,Referral,Yes
E04633,Employee 4633,Male,1996-07-17,Gurugram,Human Resources,CC500,HR Executive,G3,Permanent,Hybrid,2019-01-07,,Active,E03502,1.0,B.Tech,14,Company Website,Yes
E04634,Employee 4634,Female,1992-09-29,Chennai,Finance,CC400,Finance Manager,G3,Contract,Hybrid,2024-01-20,2026-04-02,Exited,E03460,0.75,Bachelor's,2,LinkedIn,No
E04635,Employee 4635,Female,2002-12-23,Noida,Supply Chain,CC800,Logistics Manager,G5,Contract,Hybrid,2025-05-26,,Active,,0.75,Master's,6,Agency,No
E04636,Employee 4636,Male,1985-06-06,Noida,Operations,CC300,Operations Executive,G4,Contract,Hybrid,2024-03-06,,Active,,1.0,B.Tech,0,LinkedIn,No
E04637,Employee 4637,Male,1980-06-03,Hyderabad,Finance,CC400,Finance Manager,G2,Permanent,Hybrid,2023-07-11,,Active,E04617,1.0,MBA,17,Internal Mobility,No
E04638,Employee 4638,Female,1991-01-21,Hyderabad,Technology,CC100,Engineering Manager,G4,Permanent,Hybrid,2023-07-01,,Active,,1.0,M.Tech,14,Campus,Yes
E04639,Employee 4639,Female,1988-12-25,Pune,Operations,CC300,Team Lead,G3,Permanent,Hybrid,2017-03-18,,Active,E04565,1.0,Bachelor's,0,Referral,No
E04640,Employee 4640,Female,1975-10-23,Hyderabad,Technology,CC100,Senior Software Engineer,G4,Permanent,Hybrid,2018-06-18,,Active,,1.0,MBA,5,Agency,No
E04641,Employee 4641,Male,1978-12-20,Gurugram,Sales,CC200,Regional Sales Manager,G1,Permanent,Hybrid,2017-08-01,2022-12-20,Exited,E03289,1.0,PhD,5,Referral,No
E04642,Employee 4642,Female,1990-12-06,Gurugram,Operations,CC300,Operations Analyst,G3,Permanent,Hybrid,2021-06-14,,Active,E00784,1.0,M.Tech,11,Company Website,No
E04643,Employee 4643,Male,1993-02-28,Chennai,Marketing,CC600,Marketing Executive,G3,Permanent,Hybrid,2025-06-09,,Active,E00095,1.0,MBA,8,Job Portal,Yes
E04644,Employee 4644,Female,1995-05-07,Gurugram,Technology,CC100,Tech Lead,G4,Permanent,Hybrid,2018-02-26,,Active,,1.0,MBA,9,Agency,No
E04645,Employee 4645,Female,1989-09-15,Pune,Sales,CC200,Key Account Manager,G3,Permanent,Onsite,2017-08-20,,Active,E04238,1.0,PhD,6,Referral,No
E04646,Employee 4646,Female,1985-01-12,Pune,Technology,CC100,Data Scientist,G5,Contract,Hybrid,2025-11-16,,Active,,0.5,MBA,7,Campus,No
E04647,Employee 4647,Male,2002-10-17,Noida,Human Resources,CC500,HR Executive,G2,Permanent,Hybrid,2024-11-18,,Active,E04475,1.0,M.Tech,12,Campus,No
E04648,Employee 4648,Male,1985-01-18,Pune,Supply Chain,CC800,Planner,G2,Permanent,Onsite,2024-01-06,,Active,E00657,1.0,B.Tech,17,LinkedIn,No
E04649,Employee 4649,Male,1996-05-02,Noida,Supply Chain,CC800,Logistics Manager,G3,Contract,Remote,2021-02-21,,Active,E03502,0.5,B.Tech,18,Campus,No
E04650,Employee 4650,Female,1982-04-28,Bengaluru,Marketing,CC600,Digital Marketing Analyst,G2,Contract,Hybrid,2019-04-04,2021-01-03,Exited,E01754,0.75,PhD,11,Agency,No
E04651,Employee 4651,Female,2001-05-17,Mumbai,Sales,CC200,Account Manager,G5,Permanent,Hybrid,2025-09-06,,Active,,1.0,B.Tech,10,Company Website,Yes
E04652,Employee 4652,Female,1985-03-13,Bengaluru,Sales,CC200,Sales Analyst,G2,Permanent,Onsite,2025-12-10,,Active,E03028,1.0,B.Tech,11,Campus,No
E04653,Employee 4653,Female,1988-05-02,Noida,Human Resources,CC500,HR Executive,G2,Permanent,Hybrid,2021-03-21,,Active,E03806,1.0,M.Tech,17,Campus,No
E04654,Employee 4654,Non-binary,1977-05-17,Bengaluru,Technology,CC100,Data Scientist,G3,Contract,Remote,2020-03-17,2022-02-27,Exited,E03141,0.75,PhD,13,LinkedIn,No
E04655,Employee 4655,Female,1983-04-15,Hyderabad,Finance,CC400,Senior Finance Analyst,G3,Permanent,Remote,2023-09-27,,Active,E01311,1.0,PhD,17,Referral,No
E04656,Employee 4656,Male,1978-12-15,Mumbai,Finance,CC400,Finance Analyst,G3,Permanent,Onsite,2019-06-28,,Active,E04536,1.0,Bachelor's,8,Company Website,No
E04657,Employee 4657,Female,1990-11-27,Hyderabad,Technology,CC100,Senior Software Engineer,G4,Permanent,Onsite,2017-07-01,,Active,,1.0,MBA,12,Referral,No
E04658,Employee 4658,Female,1978-07-14,Bengaluru,Customer Success,CC700,Customer Success Manager,G3,Permanent,Onsite,2017-02-21,,Active,E03137,1.0,Bachelor's,18,Referral,No
E04659,Employee 4659,Female,1985-04-26,Chennai,Customer Success,CC700,Support Analyst,G1,Contract,Hybrid,2018-03-13,,Active,E04148,0.5,M.Tech,3,Referral,No
E04660,Employee 4660,Male,1979-11-01,Hyderabad,Technology,CC100,Data Analyst,G4,Permanent,Onsite,2019-10-01,2025-01-31,Exited,E01013,1.0,MBA,18,Company Website,No
E04661,Employee 4661,Female,2002-10-06,Mumbai,Marketing,CC600,Marketing Executive,G5,Permanent,Hybrid,2023-11-09,,Active,,1.0,B.Tech,9,Agency,Yes
E04662,Employee 4662,Female,2000-04-07,Mumbai,Marketing,CC600,Digital Marketing Analyst,G1,Permanent,Hybrid,2023-01-04,2025-05-21,Exited,E01083,1.0,PhD,10,Internal Mobility,No
E04663,Employee 4663,Male,1992-09-12,Mumbai,Operations,CC300,Operations Analyst,G4,Intern,Hybrid,2024-09-22,,Active,,1.0,Master's,7,Referral,No
E04664,Employee 4664,Female,1994-11-01,Bengaluru,Human Resources,CC500,HR Business Partner,G6,Intern,Hybrid,2018-05-29,,Active,,0.75,B.Tech,5,LinkedIn,No
E04665,Employee 4665,Female,1980-10-07,Mumbai,Customer Success,CC700,Customer Success Manager,G2,Contract,Hybrid,2025-09-19,,Active,E03101,0.5,PhD,4,LinkedIn,Yes
E04666,Employee 4666,Male,1980-08-27,Hyderabad,Supply Chain,CC800,Supply Chain Analyst,G2,Permanent,Hybrid,2022-11-05,,Active,E03986,1.0,B.Tech,15,Campus,No
E04667,Employee 4667,Female,1983-02-06,Bengaluru,Technology,CC100,Tech Lead,G4,Permanent,Hybrid,2020-01-21,,Active,,1.0,Master's,11,Campus,No
E04668,Employee 4668,Male,1993-11-27,Bengaluru,Supply Chain,CC800,Logistics Manager,G3,Permanent,Remote,2018-08-04,2024-07-14,Exited,E01377,1.0,Master's,11,LinkedIn,No
E04669,Employee 4669,Female,1975-01-21,Mumbai,Supply Chain,CC800,Planner,G4,Permanent,Onsite,2018-06-03,,Active,,1.0,PhD,6,Job Portal,No
E04670,Employee 4670,Male,1984-01-26,Mumbai,Human Resources,CC500,HR Executive,G2,Permanent,Hybrid,2025-10-08,,Active,E00583,1.0,PhD,8,Company Website,No
E04671,Employee 4671,Female,1987-06-22,Gurugram,Finance,CC400,Senior Finance Analyst,G1,Permanent,Hybrid,2023-04-15,,Active,E03098,1.0,MBA,15,Internal Mobility,No
E04672,Employee 4672,Male,1981-05-08,Pune,Supply Chain,CC800,Procurement Specialist,G4,Permanent,Hybrid,2024-02-22,2025-03-05,Exited,,1.0,M.Tech,8,Referral,No
E04673,Employee 4673,Non-binary,1989-01-03,Mumbai,Technology,CC100,Data Analyst,G2,Permanent,Hybrid,2025-08-19,,Active,E00910,1.0,M.Tech,1,LinkedIn,No
E04674,Employee 4674,Female,2004-10-04,Gurugram,Sales,CC200,Account Manager,G2,Permanent,Hybrid,2026-02-27,,Active,E01062,1.0,M.Tech,0,Company Website,No
E04675,Employee 4675,Male,1976-10-29,Noida,Customer Success,CC700,Support Analyst,G4,Permanent,Remote,2018-05-11,,Active,,1.0,Bachelor's,14,Campus,No
E04676,Employee 4676,Female,2000-03-11,Pune,Technology,CC100,Senior Software Engineer,G4,Permanent,Onsite,2023-03-27,,Active,,1.0,M.Tech,13,Agency,No
E04677,Employee 4677,Female,1983-11-07,Bengaluru,Sales,CC200,Key Account Manager,G2,Permanent,Hybrid,2020-08-17,2026-04-03,Exited,E01608,1.0,MBA,15,Referral,Yes
E04678,Employee 4678,Male,1995-10-10,Bengaluru,Supply Chain,CC800,Logistics Manager,G3,Permanent,Hybrid,2025-12-26,,Active,E01714,1.0,Master's,6,Campus,No
E04679,Employee 4679,Male,1999-07-21,Bengaluru,Supply Chain,CC800,Procurement Specialist,G4,Permanent,Onsite,2022-07-21,,Active,,1.0,MBA,14,Company Website,No
E04680,Employee 4680,Female,1987-02-06,Hyderabad,Supply Chain,CC800,Logistics Manager,G3,Permanent,Hybrid,2017-05-23,,Active,E03913,1.0,M.Tech,13,Company Website,No
E04681,Employee 4681,Female,1998-04-24,Bengaluru,Operations,CC300,Operations Analyst,G3,Permanent,Hybrid,2025-08-12,,Active,E04646,1.0,PhD,13,Agency,No
E04682,Employee 4682,Female,1991-04-29,Pune,Supply Chain,CC800,Procurement Specialist,G4,Permanent,Hybrid,2024-05-13,,Active,,1.0,MBA,0,Referral,No
E04683,Employee 4683,Female,1993-01-16,Mumbai,Supply Chain,CC800,Procurement Specialist,G2,Permanent,Onsite,2025-12-17,,Active,E00685,1.0,Master's,17,LinkedIn,No
E04684,Employee 4684,Male,1988-04-15,Bengaluru,Operations,CC300,Operations Analyst,G1,Permanent,Hybrid,2023-05-28,,Active,E02901,1.0,M.Tech,15,Referral,No
E04685,Employee 4685,Female,1982-11-09,Hyderabad,Operations,CC300,Team Lead,G4,Permanent,Onsite,2021-08-26,,Active,,1.0,B.Tech,11,Campus,No
E04686,Employee 4686,Male,1996-02-04,Noida,Sales,CC200,Regional Sales Manager,G3,Permanent,Hybrid,2025-12-08,,Active,E01910,1.0,MBA,4,Internal Mobility,Yes
E04687,Employee 4687,Male,1992-11-07,Hyderabad,Marketing,CC600,Product Marketing Manager,G3,Permanent,Hybrid,2020-08-02,,Active,E01607,1.0,PhD,9,Job Portal,No
E04688,Employee 4688,Male,1990-05-07,Gurugram,Finance,CC400,Senior Finance Analyst,G5,Permanent,Hybrid,2017-05-04,2020-04-07,Exited,E00925,1.0,B.Tech,14,LinkedIn,No
E04689,Employee 4689,Female,1996-11-19,Noida,Marketing,CC600,Brand Manager,G4,Intern,Onsite,2022-12-20,,Active,,1.0,MBA,15,Campus,No
E04690,Employee 4690,Female,1983-12-18,Bengaluru,Marketing,CC600,Digital Marketing Analyst,G2,Permanent,Remote,2021-01-19,2021-05-12,Exited,E01384,1.0,B.Tech,1,Company Website,No
E04691,Employee 4691,Female,1988-04-27,Pune,Marketing,CC600,Digital Marketing Analyst,G3,Contract,Onsite,2022-10-13,2024-04-13,Exited,E04207,0.5,Bachelor's,14,LinkedIn,No
E04692,Employee 4692,Male,1981-05-04,Gurugram,Customer Success,CC700,Customer Success Executive,G5,Permanent,Onsite,2025-09-03,,Active,,1.0,MBA,0,Agency,No
E04693,Employee 4693,Male,2000-06-06,Gurugram,Operations,CC300,Operations Manager,G1,Permanent,Hybrid,2022-05-07,,Active,,1.0,MBA,3,Job Portal,No
E04694,Employee 4694,Female,1977-01-14,Noida,Sales,CC200,Sales Executive,G1,Permanent,Hybrid,2020-11-17,2023-04-13,Exited,E03249,1.0,MBA,10,Referral,No
E04695,Employee 4695,Male,1989-09-09,Mumbai,Sales,CC200,Sales Analyst,G3,Contract,Onsite,2021-09-15,,Active,E00232,1.0,Master's,0,Job Portal,No
E04696,Employee 4696,Male,1982-08-08,Hyderabad,Human Resources,CC500,L&D Specialist,G4,Permanent,Hybrid,2017-05-03,,Active,,1.0,B.Tech,8,Agency,Yes
E04697,Employee 4697,Male,1980-02-02,Bengaluru,Human Resources,CC500,L&D Specialist,G3,Permanent,Onsite,2020-01-04,,Active,E01673,1.0,MBA,12,Agency,No
E04698,Employee 4698,Female,1973-10-24,Hyderabad,Human Resources,CC500,HR Executive,G5,Permanent,Hybrid,2018-02-11,,Active,,1.0,B.Tech,11,Company Website,No
E04699,Employee 4699,Male,1988-03-07,Hyderabad,Supply Chain,CC800,Procurement Specialist,G3,Permanent,Hybrid,2018-04-26,2019-07-15,Exited,E02431,1.0,MBA,4,Internal Mobility,No
E04700,Employee 4700,Male,1987-06-03,Hyderabad,Technology,CC100,Tech Lead,G3,Permanent,Hybrid,2019-02-04,,Active,E03010,1.0,B.Tech,1,Referral,No
E04701,Employee 4701,Female,1984-06-08,Noida,Finance,CC400,Senior Finance Analyst,G3,Permanent,Remote,2022-01-03,,Active,E04492,1.0,M.Tech,6,Referral,No
E04702,Employee 4702,Female,1987-04-17,Bengaluru,Operations,CC300,Operations Executive,G4,Permanent,Remote,2023-09-29,,Active,,1.0,MBA,3,LinkedIn,No
E04703,Employee 4703,Male,1987-05-24,Chennai,Customer Success,CC700,Support Analyst,G3,Permanent,Hybrid,2019-06-20,2024-09-01,Exited,E03232,1.0,Bachelor's,18,Job Portal,No
E04704,Employee 4704,Male,1999-03-08,Hyderabad,Operations,CC300,Operations Manager,G4,Permanent,Remote,2020-07-19,,Active,,1.0,B.Tech,10,Job Portal,No
E04705,Employee 4705,Male,2003-04-27,Gurugram,Marketing,CC600,Brand Manager,G3,Permanent,Hybrid,2024-06-08,,Active,E01763,1.0,Bachelor's,1,Job Portal,No
E04706,Employee 4706,Male,1998-04-25,Hyderabad,Operations,CC300,Operations Analyst,G3,Permanent,Onsite,2024-03-28,,Active,E04854,1.0,B.Tech,17,Internal Mobility,No
E04707,Employee 4707,Female,1988-11-24,Hyderabad,Sales,CC200,Regional Sales Manager,G2,Permanent,Onsite,2019-05-28,2024-07-21,Exited,E02172,1.0,Master's,5,Internal Mobility,No
E04708,Employee 4708,Female,1998-07-17,Hyderabad,Customer Success,CC700,Customer Success Executive,G3,Permanent,Onsite,2023-05-05,,Active,E04736,1.0,B.Tech,18,Company Website,No
E04709,Employee 4709,Female,1997-03-20,Pune,Operations,CC300,Operations Manager,G2,Contract,Hybrid,2021-11-29,,Active,E02578,0.75,Master's,11,Referral,Yes
E04710,Employee 4710,Male,2000-04-12,Noida,Technology,CC100,Data Scientist,G4,Permanent,Onsite,2022-11-24,,Active,,1.0,MBA,5,Referral,No
E04711,Employee 4711,Male,1985-06-05,Chennai,Human Resources,CC500,L&D Specialist,G2,Contract,Hybrid,2023-08-26,,Active,E04490,0.75,M.Tech,12,Campus,No
E04712,Employee 4712,Female,1983-10-31,Hyderabad,Human Resources,CC500,HR Business Partner,G4,Permanent,Onsite,2026-04-22,,Active,,1.0,Bachelor's,15,Referral,No
E04713,Employee 4713,Male,1997-10-10,Noida,Operations,CC300,Team Lead,G3,Permanent,Hybrid,2019-12-08,,Active,E02640,1.0,Master's,17,Agency,Yes
E04714,Employee 4714,Non-binary,1982-06-18,Chennai,Marketing,CC600,Digital Marketing Analyst,G4,Permanent,Remote,2022-01-10,,Active,,1.0,MBA,3,Referral,No
E04715,Employee 4715,Female,1975-07-25,Bengaluru,Supply Chain,CC800,Supply Chain Analyst,G3,Permanent,Remote,2020-07-17,,Active,E01809,1.0,Master's,17,Company Website,No
E04716,Employee 4716,Male,1978-12-23,Chennai,Finance,CC400,Finance Manager,G3,Permanent,Hybrid,2022-04-20,,Active,E01179,1.0,B.Tech,0,LinkedIn,No
E04717,Employee 4717,Male,1993-12-25,Pune,Finance,CC400,Finance Analyst,G5,Contract,Hybrid,2020-07-12,,Active,,1.0,Master's,6,Job Portal,No
E04718,Employee 4718,Female,1994-02-26,Pune,Customer Success,CC700,Support Analyst,G3,Permanent,Hybrid,2020-07-29,,Active,E02334,1.0,M.Tech,10,Campus,No
E04719,Employee 4719,Male,1980-10-28,Gurugram,Customer Success,CC700,Customer Success Manager,G4,Permanent,Hybrid,2021-10-04,,Active,,1.0,Bachelor's,2,LinkedIn,No
E04720,Employee 4720,Female,2000-10-16,Bengaluru,Sales,CC200,Sales Executive,G4,Permanent,Hybrid,2022-02-28,,Active,,1.0,PhD,16,LinkedIn,No
E04721,Employee 4721,Male,1990-05-24,Gurugram,Human Resources,CC500,L&D Specialist,G5,Permanent,Onsite,2026-04-20,,Active,,1.0,M.Tech,8,Campus,Yes
E04722,Employee 4722,Female,1985-09-14,Bengaluru,Finance,CC400,Senior Finance Analyst,G3,Permanent,Onsite,2018-06-20,,Active,E00088,1.0,M.Tech,12,LinkedIn,No
E04723,Employee 4723,Male,1997-05-02,Pune,Supply Chain,CC800,Procurement Specialist,G3,Permanent,Onsite,2020-02-04,,Active,E02334,1.0,B.Tech,18,Job Portal,No
E04724,Employee 4724,Female,1982-04-25,Mumbai,Sales,CC200,Key Account Manager,G5,Permanent,Onsite,2019-10-02,2020-11-05,Exited,E02431,1.0,M.Tech,2,Internal Mobility,Yes
E04725,Employee 4725,Female,1991-07-13,Hyderabad,Marketing,CC600,Brand Manager,G4,Permanent,Remote,2026-02-06,,Active,,1.0,B.Tech,16,Job Portal,Yes
E04726,Employee 4726,Female,1980-10-05,Gurugram,Operations,CC300,Operations Executive,G4,Permanent,Hybrid,2025-01-29,,Active,,1.0,PhD,0,Referral,No
E04727,Employee 4727,Male,1985-04-20,Chennai,Supply Chain,CC800,Logistics Manager,G2,Permanent,Hybrid,2020-12-13,,Active,E01676,1.0,PhD,10,Job Portal,No
E04728,Employee 4728,Male,1982-10-18,Pune,Sales,CC200,Account Manager,G3,Permanent,Onsite,2022-03-26,,Active,E01338,1.0,Master's,14,Agency,No
E04729,Employee 4729,Female,1975-08-14,Bengaluru,Sales,CC200,Key Account Manager,G3,Intern,Hybrid,2017-09-07,2021-07-26,Exited,E03079,0.5,PhD,1,Internal Mobility,No
E04730,Employee 4730,Female,1986-02-02,Mumbai,Supply Chain,CC800,Supply Chain Analyst,G4,Permanent,Onsite,2019-11-22,,Active,,1.0,Bachelor's,16,Campus,Yes
E04731,Employee 4731,Female,1990-05-23,Mumbai,Supply Chain,CC800,Procurement Specialist,G2,Permanent,Hybrid,2024-10-11,,Active,E01470,1.0,B.Tech,10,Company Website,No
E04732,Employee 4732,Female,1989-02-17,Pune,Customer Success,CC700,Customer Success Executive,G4,Permanent,Onsite,2020-09-15,,Active,,1.0,MBA,4,Internal Mobility,No
E04733,Employee 4733,Female,1990-06-22,Pune,Finance,CC400,Finance Analyst,G6,Permanent,Onsite,2017-10-18,,Active,,1.0,MBA,14,Agency,No
E04734,Employee 4734,Female,1980-10-23,Bengaluru,Marketing,CC600,Product Marketing Manager,G3,Permanent,Hybrid,2023-04-02,,Active,E01663,1.0,B.Tech,8,Campus,No
E04735,Employee 4735,Female,1988-04-01,Bengaluru,Marketing,CC600,Product Marketing Manager,G4,Permanent,Hybrid,2020-04-09,,Active,,1.0,Bachelor's,18,Referral,No
E04736,Employee 4736,Female,1985-11-02,Noida,Human Resources,CC500,HR Business Partner,G4,Intern,Onsite,2020-10-12,,Active,,0.5,PhD,16,Job Portal,No
E04737,Employee 4737,Female,1996-05-20,Pune,Supply Chain,CC800,Logistics Manager,G6,Permanent,Hybrid,2018-01-23,2025-11-07,Exited,E04259,1.0,PhD,5,Campus,No
E04738,Employee 4738,Female,1987-06-18,Pune,Customer Success,CC700,Customer Success Manager,G1,Permanent,Remote,2019-01-21,,Active,E02156,1.0,M.Tech,15,LinkedIn,No
E04739,Employee 4739,Male,1997-03-14,Hyderabad,Operations,CC300,Operations Manager,G2,Intern,Hybrid,2021-07-10,,Active,E01520,0.75,PhD,0,Campus,No
E04740,Employee 4740,Female,2000-07-26,Pune,Customer Success,CC700,Customer Success Manager,G3,Contract,Onsite,2022-01-16,,Active,E03673,0.5,MBA,0,Internal Mobility,Yes
E04741,Employee 4741,Female,1988-03-07,Gurugram,Supply Chain,CC800,Procurement Specialist,G2,Permanent,Onsite,2017-09-16,,Active,E03344,1.0,M.Tech,12,Referral,Yes
E04742,Employee 4742,Female,1978-05-04,Hyderabad,Customer Success,CC700,Support Analyst,G4,Permanent,Hybrid,2020-01-05,2022-03-17,Exited,E04193,1.0,M.Tech,12,Agency,No
E04743,Employee 4743,Female,1984-06-28,Mumbai,Human Resources,CC500,Talent Acquisition Specialist,G1,Permanent,Onsite,2020-07-06,,Active,E01492,1.0,MBA,16,Internal Mobility,Yes
E04744,Employee 4744,Female,1982-06-26,Hyderabad,Customer Success,CC700,Customer Success Manager,G3,Permanent,Hybrid,2020-03-05,,Active,E02627,1.0,MBA,4,Referral,No
E04745,Employee 4745,Male,1982-04-12,Hyderabad,Technology,CC100,Tech Lead,G3,Permanent,Onsite,2021-05-30,,Active,E02760,1.0,MBA,8,Campus,No
E04746,Employee 4746,Female,1991-07-16,Hyderabad,Customer Success,CC700,Customer Success Manager,G3,Permanent,Onsite,2018-01-28,,Active,E03904,1.0,Master's,17,Campus,No
E04747,Employee 4747,Female,1985-03-27,Bengaluru,Technology,CC100,Engineering Manager,G3,Permanent,Hybrid,2018-06-29,,Active,E03478,1.0,Master's,18,Internal Mobility,No
E04748,Employee 4748,Male,1984-08-09,Bengaluru,Operations,CC300,Operations Manager,G4,Permanent,Remote,2025-03-18,,Active,,1.0,M.Tech,13,Referral,No
E04749,Employee 4749,Male,1979-08-28,Bengaluru,Technology,CC100,Tech Lead,G5,Intern,Hybrid,2021-04-22,2024-10-10,Exited,E00871,0.75,PhD,8,LinkedIn,No
E04750,Employee 4750,Male,1988-10-29,Pune,Human Resources,CC500,HR Executive,G4,Permanent,Onsite,2024-11-06,,Active,,1.0,MBA,10,Internal Mobility,No
E04751,Employee 4751,Female,1976-08-11,Mumbai,Marketing,CC600,Marketing Executive,G3,Contract,Hybrid,2017-05-18,,Active,E04373,1.0,B.Tech,15,Referral,No
E04752,Employee 4752,Male,1988-04-16,Pune,Human Resources,CC500,HR Business Partner,G2,Permanent,Onsite,2017-12-18,,Active,E00325,1.0,Master's,1,LinkedIn,No
E04753,Employee 4753,Male,1978-02-24,Hyderabad,Operations,CC300,Team Lead,G4,Permanent,Hybrid,2019-04-13,,Active,,1.0,B.Tech,16,Referral,No
E04754,Employee 4754,Male,1982-11-26,Hyderabad,Customer Success,CC700,Support Analyst,G3,Permanent,Hybrid,2022-03-02,,Active,E01155,1.0,B.Tech,1,Internal Mobility,No
E04755,Employee 4755,Male,1982-05-25,Bengaluru,Finance,CC400,Senior Finance Analyst,G1,Permanent,Onsite,2026-07-18,,Active,E01615,1.0,B.Tech,6,Agency,No
E04756,Employee 4756,Female,1983-12-27,Bengaluru,Supply Chain,CC800,Planner,G1,Permanent,Hybrid,2018-09-13,,Active,E04829,1.0,Bachelor's,11,LinkedIn,No
E04757,Employee 4757,Non-binary,1989-04-17,Mumbai,Human Resources,CC500,HR Business Partner,G5,Contract,Onsite,2022-12-11,,Active,,0.5,Bachelor's,17,Job Portal,No
E04758,Employee 4758,Male,1986-11-19,Bengaluru,Customer Success,CC700,Customer Success Manager,G5,Permanent,Hybrid,2017-02-01,,Active,,1.0,PhD,0,Referral,No
E04759,Employee 4759,Male,1988-03-12,Hyderabad,Human Resources,CC500,HR Executive,G4,Contract,Hybrid,2022-01-26,,Active,,0.75,Master's,4,LinkedIn,Yes
E04760,Employee 4760,Male,1986-08-17,Hyderabad,Finance,CC400,Finance Analyst,G3,Permanent,Hybrid,2020-03-24,,Active,E04698,1.0,PhD,9,Job Portal,No
E04761,Employee 4761,Female,1978-11-10,Hyderabad,Supply Chain,CC800,Procurement Specialist,G3,Contract,Hybrid,2017-09-13,,Active,E01564,0.5,PhD,16,Campus,No
E04762,Employee 4762,Male,1995-02-06,Bengaluru,Technology,CC100,Data Scientist,G4,Permanent,Hybrid,2021-06-15,,Active,,1.0,M.Tech,17,Agency,No
E04763,Employee 4763,Female,1981-02-08,Bengaluru,Finance,CC400,Finance Manager,G3,Contract,Onsite,2020-03-07,,Active,E03008,1.0,PhD,0,Company Website,No
E04764,Employee 4764,Female,1993-04-29,Gurugram,Technology,CC100,Data Scientist,G6,Contract,Hybrid,2020-02-15,,Active,,0.5,Master's,14,Agency,No
E04765,Employee 4765,Male,1985-12-17,Gurugram,Sales,CC200,Account Manager,G2,Contract,Hybrid,2022-02-23,2023-08-05,Exited,E01924,1.0,B.Tech,1,Campus,No
E04766,Employee 4766,Female,1983-06-16,Chennai,Supply Chain,CC800,Planner,G5,Permanent,Hybrid,2024-06-26,,Active,,1.0,Bachelor's,5,LinkedIn,No
E04767,Employee 4767,Female,1982-10-02,Pune,Finance,CC400,Finance Manager,G1,Contract,Hybrid,2018-04-13,,Active,E04456,0.5,PhD,13,Company Website,No
E04768,Employee 4768,Male,1978-12-05,Pune,Supply Chain,CC800,Supply Chain Analyst,G5,Permanent,Hybrid,2021-04-26,,Active,,1.0,M.Tech,14,Campus,No
E04769,Employee 4769,Female,1981-11-11,Mumbai,Supply Chain,CC800,Procurement Specialist,G3,Permanent,Remote,2017-05-10,,Active,E03156,1.0,Bachelor's,8,LinkedIn,No
E04770,Employee 4770,Male,1981-07-01,Pune,Supply Chain,CC800,Supply Chain Analyst,G2,Permanent,Hybrid,2022-08-15,,Active,E03079,1.0,M.Tech,1,Campus,Yes
E04771,Employee 4771,Female,1977-01-16,Hyderabad,Operations,CC300,Operations Analyst,G2,Permanent,Hybrid,2021-09-20,2023-07-26,Exited,E01411,1.0,M.Tech,17,Campus,No
E04772,Employee 4772,Female,1990-08-10,Pune,Human Resources,CC500,HR Business Partner,G1,Permanent,Remote,2019-11-28,,Active,E04809,1.0,M.Tech,0,Job Portal,No
E04773,Employee 4773,Female,2001-11-10,Chennai,Customer Success,CC700,Support Analyst,G1,Contract,Onsite,2023-01-23,,Active,E02977,1.0,Master's,17,Campus,Yes
E04774,Employee 4774,Male,1993-06-11,Gurugram,Technology,CC100,Data Analyst,G1,Permanent,Hybrid,2022-11-08,,Active,E00891,1.0,B.Tech,11,Referral,Yes
E04775,Employee 4775,Male,1998-03-08,Noida,Customer Success,CC700,Customer Success Executive,G5,Permanent,Hybrid,2019-03-28,,Active,,1.0,M.Tech,7,Referral,No
E04776,Employee 4776,Male,1980-01-16,Gurugram,Human Resources,CC500,Talent Acquisition Specialist,G4,Permanent,Hybrid,2024-02-17,,Active,,1.0,M.Tech,3,Internal Mobility,No
E04777,Employee 4777,Male,1987-12-19,Gurugram,Finance,CC400,Finance Analyst,G2,Permanent,Hybrid,2022-05-22,,Active,E03133,1.0,PhD,15,Referral,No
E04778,Employee 4778,Male,1981-06-29,Hyderabad,Customer Success,CC700,Support Analyst,G5,Permanent,Hybrid,2019-10-30,2023-07-27,Exited,E03616,1.0,Master's,6,LinkedIn,No
E04779,Employee 4779,Female,1987-07-08,Bengaluru,Marketing,CC600,Product Marketing Manager,G3,Permanent,Hybrid,2025-11-01,,Active,E02298,1.0,Bachelor's,16,LinkedIn,No
E04780,Employee 4780,Male,1985-05-06,Noida,Human Resources,CC500,HR Business Partner,G2,Permanent,Remote,2025-09-20,,Active,E04459,1.0,PhD,3,Internal Mobility,Yes
E04781,Employee 4781,Male,1979-10-22,Gurugram,Operations,CC300,Operations Executive,G3,Permanent,Onsite,2019-12-24,,Active,E02487,1.0,B.Tech,11,Internal Mobility,No
E04782,Employee 4782,Female,1982-02-05,Gurugram,Operations,CC300,Operations Manager,G3,Permanent,Hybrid,2023-05-17,2026-05-06,Exited,E00348,1.0,PhD,1,Job Portal,No
E04783,Employee 4783,Female,1998-07-14,Hyderabad,Supply Chain,CC800,Planner,G5,Contract,Hybrid,2022-10-25,,Active,,0.75,PhD,17,Agency,No
E04784,Employee 4784,Male,1981-07-22,Noida,Finance,CC400,Senior Finance Analyst,G3,Permanent,Hybrid,2022-06-18,,Active,E01805,1.0,Master's,0,Referral,No
E04785,Employee 4785,Female,1981-05-23,Bengaluru,Sales,CC200,Sales Analyst,G4,Permanent,Onsite,2021-02-22,2023-02-27,Exited,,1.0,Master's,6,Job Portal,No
E04786,Employee 4786,Male,1987-06-12,Chennai,Supply Chain,CC800,Procurement Specialist,G4,Permanent,Hybrid,2017-06-27,2017-10-07,Exited,E02050,1.0,Master's,7,Agency,No
E04787,Employee 4787,Male,1992-08-25,Bengaluru,Human Resources,CC500,HR Executive,G4,Permanent,Hybrid,2019-08-28,,Active,,1.0,Bachelor's,4,Internal Mobility,No
E04788,Employee 4788,Female,1974-11-02,Bengaluru,Supply Chain,CC800,Planner,G6,Permanent,Hybrid,2019-04-29,2023-08-28,Exited,E01408,1.0,MBA,10,Internal Mobility,No
E04789,Employee 4789,Male,1983-08-28,Mumbai,Sales,CC200,Regional Sales Manager,G2,Permanent,Remote,2020-10-18,,Active,E04800,1.0,B.Tech,8,Agency,No
E04790,Employee 4790,Female,1988-08-07,Hyderabad,Technology,CC100,Software Engineer,G3,Permanent,Onsite,2025-07-28,,Active,E02892,1.0,Master's,7,Campus,No
E04791,Employee 4791,Male,1980-04-08,Hyderabad,Customer Success,CC700,Support Analyst,G3,Contract,Onsite,2018-07-01,,Active,E00136,0.5,MBA,13,Campus,No
E04792,Employee 4792,Female,1983-05-25,Bengaluru,Marketing,CC600,Marketing Executive,G6,Permanent,Hybrid,2018-07-19,,Active,,1.0,Bachelor's,13,Referral,No
E04793,Employee 4793,Female,1999-06-16,Noida,Technology,CC100,Tech Lead,G3,Permanent,Hybrid,2025-12-23,,Active,E03339,1.0,MBA,10,Referral,No
E04794,Employee 4794,Male,1986-07-25,Gurugram,Finance,CC400,Finance Manager,G1,Intern,Hybrid,2023-01-16,,Active,E01853,1.0,MBA,17,Agency,Yes
E04795,Employee 4795,Female,1973-11-29,Hyderabad,Operations,CC300,Team Lead,G4,Permanent,Hybrid,2018-05-14,2021-07-07,Exited,E00469,1.0,PhD,15,LinkedIn,Yes
E04796,Employee 4796,Male,1990-04-22,Hyderabad,Marketing,CC600,Brand Manager,G3,Permanent,Onsite,2017-08-05,2020-03-06,Exited,E03227,1.0,M.Tech,1,Campus,No
E04797,Employee 4797,Male,1975-04-18,Bengaluru,Customer Success,CC700,Customer Success Executive,G2,Permanent,Remote,2019-02-08,,Active,E00844,1.0,PhD,10,Company Website,No
E04798,Employee 4798,Male,1998-04-22,Mumbai,Finance,CC400,Senior Finance Analyst,G3,Permanent,Onsite,2026-07-19,,Active,E04719,1.0,B.Tech,4,Company Website,No
E04799,Employee 4799,Male,1988-11-27,Noida,Finance,CC400,Finance Manager,G3,Permanent,Hybrid,2017-11-26,,Active,E03347,1.0,Master's,7,Job Portal,No
E04800,Employee 4800,Female,1996-02-29,Hyderabad,Sales,CC200,Account Manager,G6,Permanent,Hybrid,2022-01-05,,Active,,1.0,B.Tech,2,Company Website,No
E04801,Employee 4801,Male,1994-04-25,Gurugram,Operations,CC300,Team Lead,G5,Intern,Onsite,2020-09-18,,Active,,0.5,Bachelor's,10,LinkedIn,No
E04802,Employee 4802,Female,1998-11-05,Mumbai,Finance,CC400,Finance Manager,G4,Permanent,Remote,2020-04-13,,Active,,1.0,M.Tech,2,Job Portal,Yes
E04803,Employee 4803,Female,2001-06-19,Mumbai,Supply Chain,CC800,Supply Chain Analyst,G4,Contract,Hybrid,2023-04-28,,Active,,0.5,MBA,1,Internal Mobility,No
E04804,Employee 4804,Female,1985-03-25,Mumbai,Finance,CC400,Finance Analyst,G4,Permanent,Hybrid,2021-09-04,,Active,,1.0,M.Tech,9,Company Website,No
E04805,Employee 4805,Female,1979-05-06,Bengaluru,Supply Chain,CC800,Logistics Manager,G2,Permanent,Onsite,2020-10-11,,Active,E01618,1.0,Master's,14,Agency,No
E04806,Employee 4806,Male,1991-07-22,Pune,Finance,CC400,Senior Finance Analyst,G3,Contract,Onsite,2026-04-14,,Active,E02772,0.5,M.Tech,13,Referral,No
E04807,Employee 4807,Male,1990-09-01,Pune,Finance,CC400,Senior Finance Analyst,G3,Permanent,Onsite,2017-06-16,,Active,E02020,1.0,MBA,3,Referral,No
E04808,Employee 4808,Male,1996-04-09,Hyderabad,Technology,CC100,Tech Lead,G3,Permanent,Hybrid,2019-08-03,2024-03-03,Exited,E04730,1.0,Master's,8,Internal Mobility,No
E04809,Employee 4809,Female,1991-07-25,Hyderabad,Operations,CC300,Operations Manager,G4,Permanent,Hybrid,2024-11-11,,Active,,1.0,M.Tech,16,Agency,Yes
E04810,Employee 4810,Female,1995-12-07,Hyderabad,Finance,CC400,Finance Manager,G4,Intern,Hybrid,2023-09-05,,Active,,0.75,Bachelor's,14,Referral,No
E04811,Employee 4811,Female,1988-01-14,Mumbai,Sales,CC200,Regional Sales Manager,G2,Permanent,Remote,2024-04-08,,Active,E04829,1.0,PhD,13,Internal Mobility,No
E04812,Employee 4812,Male,1993-12-06,Gurugram,Technology,CC100,Senior Software Engineer,G3,Contract,Hybrid,2019-08-26,,Active,E03956,1.0,Master's,11,Internal Mobility,No
E04813,Employee 4813,Female,1981-08-06,Mumbai,Marketing,CC600,Product Marketing Manager,G2,Contract,Hybrid,2019-08-09,,Active,E01398,0.5,MBA,16,Job Portal,No
E04814,Employee 4814,Female,1984-05-27,Bengaluru,Technology,CC100,Senior Software Engineer,G2,Permanent,Hybrid,2018-06-22,,Active,E01385,1.0,PhD,18,Company Website,No
E04815,Employee 4815,Male,1977-04-05,Bengaluru,Operations,CC300,Operations Manager,G3,Permanent,Hybrid,2019-10-24,,Active,E02203,1.0,MBA,15,LinkedIn,No
E04816,Employee 4816,Female,1981-03-09,Bengaluru,Sales,CC200,Sales Executive,G4,Permanent,Remote,2022-03-01,,Active,,1.0,M.Tech,6,Job Portal,No
E04817,Employee 4817,Male,1990-10-30,Chennai,Customer Success,CC700,Support Analyst,G1,Permanent,Onsite,2019-03-26,,Active,E04602,1.0,Master's,5,Internal Mobility,Yes
E04818,Employee 4818,Male,1977-11-10,Chennai,Sales,CC200,Sales Analyst,G3,Permanent,Hybrid,2020-08-27,,Active,E04735,1.0,Bachelor's,13,Internal Mobility,No
E04819,Employee 4819,Male,1979-01-10,Noida,Marketing,CC600,Digital Marketing Analyst,G2,Permanent,Hybrid,2023-01-15,,Active,E04941,1.0,Master's,17,Campus,No
E04820,Employee 4820,Male,1995-11-07,Chennai,Human Resources,CC500,HR Manager,G4,Permanent,Hybrid,2023-09-10,,Active,,1.0,Bachelor's,11,Internal Mobility,No
E04821,Employee 4821,Male,1979-05-18,Bengaluru,Supply Chain,CC800,Supply Chain Analyst,G3,Intern,Onsite,2017-10-14,,Active,E01468,0.5,B.Tech,11,Company Website,No
E04822,Employee 4822,Male,1996-12-15,Mumbai,Marketing,CC600,Digital Marketing Analyst,G2,Permanent,Hybrid,2025-11-07,,Active,E02760,1.0,MBA,0,Agency,No
E04823,Employee 4823,Male,1986-01-12,Gurugram,Marketing,CC600,Product Marketing Manager,G3,Permanent,Hybrid,2019-02-07,2022-04-08,Exited,E00247,1.0,B.Tech,1,Company Website,No
E04824,Employee 4824,Female,1981-05-30,Pune,Supply Chain,CC800,Logistics Manager,G4,Permanent,Hybrid,2017-11-28,,Active,,1.0,Master's,15,Campus,No
E04825,Employee 4825,Male,1985-12-28,Hyderabad,Customer Success,CC700,Support Analyst,G4,Permanent,Onsite,2021-12-12,,Active,,1.0,Bachelor's,16,Campus,Yes
E04826,Employee 4826,Male,1998-01-31,Gurugram,Finance,CC400,Finance Manager,G4,Permanent,Onsite,2025-09-30,,Active,,1.0,M.Tech,6,Campus,No
E04827,Employee 4827,Male,1983-09-06,Pune,Human Resources,CC500,HR Manager,G3,Permanent,Hybrid,2021-01-08,,Active,E00087,1.0,PhD,18,Company Website,No
E04828,Employee 4828,Female,1998-11-12,Pune,Supply Chain,CC800,Supply Chain Analyst,G1,Permanent,Hybrid,2026-02-20,2026-08-12,Exited,E00147,1.0,MBA,3,Referral,No
E04829,Employee 4829,Non-binary,1988-07-20,Noida,Marketing,CC600,Marketing Executive,G5,Permanent,Hybrid,2026-05-10,,Active,,1.0,B.Tech,16,Campus,No
E04830,Employee 4830,Male,1988-02-19,Bengaluru,Human Resources,CC500,HR Business Partner,G3,Contract,Hybrid,2018-10-01,,Active,E02987,0.5,M.Tech,15,Internal Mobility,No
E04831,Employee 4831,Female,1987-02-26,Chennai,Technology,CC100,Software Engineer,G4,Permanent,Remote,2025-03-17,2026-02-16,Exited,E02046,1.0,Bachelor's,4,Job Portal,No
E04832,Employee 4832,Female,1976-01-19,Pune,Finance,CC400,Senior Finance Analyst,G2,Permanent,Onsite,2018-07-01,,Active,E04026,1.0,B.Tech,9,LinkedIn,No
E04833,Employee 4833,Female,1988-04-01,Bengaluru,Customer Success,CC700,Customer Success Manager,G1,Permanent,Remote,2017-11-03,,Active,E00173,1.0,M.Tech,8,Referral,No
E04834,Employee 4834,Male,1985-01-25,Bengaluru,Customer Success,CC700,Customer Success Executive,G4,Intern,Hybrid,2026-08-11,,Active,,1.0,PhD,17,Company Website,No
E04835,Employee 4835,Female,1993-03-16,Noida,Marketing,CC600,Brand Manager,G1,Permanent,Hybrid,2018-09-20,2019-08-04,Exited,E03887,1.0,PhD,3,Job Portal,No
E04836,Employee 4836,Male,1996-07-01,Bengaluru,Marketing,CC600,Marketing Executive,G5,Permanent,Onsite,2022-08-24,2025-06-25,Exited,E00503,1.0,M.Tech,10,Company Website,No
E04837,Employee 4837,Female,1974-07-26,Bengaluru,Customer Success,CC700,Customer Success Executive,G3,Permanent,Hybrid,2019-04-27,2024-06-13,Exited,E03216,1.0,Bachelor's,4,Company Website,No
E04838,Employee 4838,Male,1985-03-02,Bengaluru,Finance,CC400,Finance Manager,G5,Contract,Hybrid,2025-09-10,,Active,,0.75,Bachelor's,8,LinkedIn,Yes
E04839,Employee 4839,Male,1976-04-27,Bengaluru,Marketing,CC600,Product Marketing Manager,G4,Permanent,Remote,2018-10-07,,Active,,1.0,M.Tech,12,Campus,No
E04840,Employee 4840,Female,1990-04-21,Bengaluru,Customer Success,CC700,Customer Success Manager,G2,Permanent,Hybrid,2023-01-02,2026-06-20,Exited,E01214,1.0,B.Tech,11,Campus,No
E04841,Employee 4841,Male,1985-11-12,Gurugram,Customer Success,CC700,Customer Success Manager,G3,Permanent,Hybrid,2025-12-06,,Active,E01608,1.0,Master's,5,Campus,No
E04842,Employee 4842,Male,1991-05-15,Bengaluru,Sales,CC200,Sales Executive,G2,Permanent,Hybrid,2023-04-28,2023-11-29,Exited,E03942,1.0,PhD,16,Referral,No
E04843,Employee 4843,Male,1994-10-27,Hyderabad,Marketing,CC600,Marketing Executive,G3,Permanent,Hybrid,2024-02-18,,Active,,1.0,M.Tech,1,Agency,Yes
E04844,Employee 4844,Female,1995-08-06,Bengaluru,Marketing,CC600,Marketing Executive,G4,Permanent,Hybrid,2022-06-02,2024-07-07,Exited,E03183,1.0,Master's,14,LinkedIn,No
E04845,Employee 4845,Male,1991-01-28,Noida,Finance,CC400,Finance Manager,G5,Permanent,Remote,2018-08-21,2022-03-17,Exited,E00853,1.0,Master's,18,Company Website,No
E04846,Employee 4846,Male,1984-03-22,Pune,Sales,CC200,Sales Executive,G1,Permanent,Hybrid,2017-07-22,,Active,E01673,1.0,B.Tech,8,Campus,No
E04847,Employee 4847,Male,1977-11-09,Gurugram,Sales,CC200,Sales Executive,G3,Permanent,Onsite,2021-07-09,2024-01-09,Exited,E03468,1.0,M.Tech,14,Internal Mobility,No
E04848,Employee 4848,Male,1998-03-11,Noida,Technology,CC100,Data Scientist,G1,Permanent,Hybrid,2023-07-25,,Active,E04959,1.0,Bachelor's,1,Agency,No
E04849,Employee 4849,Male,1997-12-12,Mumbai,Finance,CC400,Finance Manager,G4,Permanent,Onsite,2024-08-18,2025-03-12,Exited,E01696,1.0,Master's,2,Referral,No
E04850,Employee 4850,Female,1982-05-11,Noida,Supply Chain,CC800,Procurement Specialist,G4,Permanent,Hybrid,2022-09-13,,Active,,1.0,B.Tech,10,Internal Mobility,No
E04851,Employee 4851,Male,1988-02-24,Hyderabad,Technology,CC100,Software Engineer,G2,Permanent,Hybrid,2017-12-12,,Active,E00999,1.0,PhD,1,Company Website,No
E04852,Employee 4852,Female,1986-05-08,Gurugram,Human Resources,CC500,HR Manager,G1,Permanent,Hybrid,2017-11-16,,Active,E00775,1.0,Master's,4,Internal Mobility,No
E04853,Employee 4853,Female,1981-05-03,Bengaluru,Marketing,CC600,Digital Marketing Analyst,G4,Permanent,Remote,2025-02-04,2026-04-10,Exited,E03827,1.0,M.Tech,16,Internal Mobility,Yes
E04854,Employee 4854,Male,1992-08-24,Noida,Human Resources,CC500,L&D Specialist,G4,Permanent,Hybrid,2020-07-18,,Active,,1.0,PhD,5,Agency,No
E04855,Employee 4855,Female,1998-09-12,Hyderabad,Sales,CC200,Sales Analyst,G3,Permanent,Hybrid,2024-09-20,,Active,E02477,1.0,M.Tech,18,Internal Mobility,No
E04856,Employee 4856,Female,1989-12-19,Pune,Sales,CC200,Account Manager,G4,Permanent,Onsite,2019-07-25,,Active,,1.0,Master's,12,Referral,No
E04857,Employee 4857,Female,1981-08-22,Hyderabad,Supply Chain,CC800,Supply Chain Analyst,G5,Permanent,Hybrid,2019-11-24,2023-05-04,Exited,E03740,1.0,MBA,3,Agency,No
E04858,Employee 4858,Male,1991-11-01,Mumbai,Supply Chain,CC800,Procurement Specialist,G5,Permanent,Hybrid,2025-10-26,,Active,,1.0,M.Tech,2,Company Website,Yes
E04859,Employee 4859,Male,1989-03-09,Gurugram,Finance,CC400,Finance Manager,G2,Contract,Hybrid,2021-07-20,2024-02-22,Exited,,1.0,MBA,18,Agency,No
E04860,Employee 4860,Female,1982-01-17,Noida,Customer Success,CC700,Customer Success Executive,G3,Permanent,Onsite,2019-03-19,,Active,E00761,1.0,PhD,8,Job Portal,No
E04861,Employee 4861,Female,1998-05-23,Bengaluru,Technology,CC100,Senior Software Engineer,G3,Permanent,Hybrid,2022-10-16,,Active,E02273,1.0,PhD,10,Agency,No
E04862,Employee 4862,Male,1980-09-27,Gurugram,Sales,CC200,Regional Sales Manager,G5,Intern,Hybrid,2017-03-17,2025-03-02,Exited,E02987,0.75,Bachelor's,18,LinkedIn,Yes
E04863,Employee 4863,Female,1982-10-08,Bengaluru,Customer Success,CC700,Customer Success Executive,G4,Permanent,Onsite,2020-01-26,2023-02-04,Exited,E04091,1.0,M.Tech,8,Agency,Yes
E04864,Employee 4864,Male,1996-09-01,Pune,Supply Chain,CC800,Procurement Specialist,G5,Intern,Hybrid,2026-07-24,,Active,,0.75,MBA,17,Internal Mobility,No
E04865,Employee 4865,Non-binary,1995-09-04,Gurugram,Customer Success,CC700,Customer Success Manager,G4,Permanent,Remote,2025-06-17,,Active,,1.0,Bachelor's,5,LinkedIn,Yes
E04866,Employee 4866,Male,1992-02-28,Gurugram,Finance,CC400,Finance Analyst,G3,Contract,Hybrid,2018-06-24,,Active,E04533,0.75,Master's,15,Job Portal,No
E04867,Employee 4867,Male,1980-10-08,Chennai,Customer Success,CC700,Support Analyst,G3,Permanent,Hybrid,2021-10-07,2026-07-08,Exited,E04126,1.0,B.Tech,8,LinkedIn,Yes
E04868,Employee 4868,Female,2002-05-13,Noida,Finance,CC400,Finance Manager,G2,Permanent,Hybrid,2023-10-17,,Active,E04480,1.0,B.Tech,3,Referral,No
E04869,Employee 4869,Female,1982-01-01,Chennai,Customer Success,CC700,Customer Success Manager,G2,Permanent,Hybrid,2017-02-22,2025-03-07,Exited,E00500,1.0,PhD,6,Internal Mobility,No
E04870,Employee 4870,Non-binary,1977-04-19,Pune,Technology,CC100,Data Analyst,G5,Contract,Onsite,2018-01-21,,Active,,0.75,PhD,12,Internal Mobility,Yes
E04871,Employee 4871,Male,1991-10-18,Mumbai,Finance,CC400,Finance Analyst,G3,Contract,Onsite,2024-08-26,,Active,E03595,0.75,B.Tech,18,Company Website,Yes
E04872,Employee 4872,Male,1989-04-06,Pune,Supply Chain,CC800,Supply Chain Analyst,G3,Permanent,Hybrid,2026-04-11,,Active,E02711,1.0,M.Tech,17,Agency,No
E04873,Employee 4873,Male,1985-11-07,Gurugram,Human Resources,CC500,HR Business Partner,G3,Permanent,Hybrid,2020-04-12,,Active,E00990,1.0,PhD,11,Company Website,No
E04874,Employee 4874,Male,1992-08-27,Chennai,Operations,CC300,Operations Manager,G4,Permanent,Onsite,2019-09-17,,Active,,1.0,MBA,13,LinkedIn,No
E04875,Employee 4875,Female,1989-12-12,Hyderabad,Operations,CC300,Team Lead,G3,Permanent,Hybrid,2023-01-18,,Active,E01766,1.0,PhD,2,Internal Mobility,No
E04876,Employee 4876,Male,1976-10-09,Hyderabad,Operations,CC300,Operations Manager,G2,Permanent,Remote,2017-12-14,2021-08-15,Exited,E03763,1.0,B.Tech,10,Referral,No
E04877,Employee 4877,Female,1994-09-02,Gurugram,Technology,CC100,Software Engineer,G3,Permanent,Hybrid,2017-02-28,,Active,E00852,1.0,Bachelor's,7,Job Portal,No
E04878,Employee 4878,Male,1981-08-25,Noida,Technology,CC100,Engineering Manager,G6,Intern,Hybrid,2025-09-16,,Active,,1.0,Bachelor's,18,Agency,No
E04879,Employee 4879,Male,2000-10-15,Hyderabad,Marketing,CC600,Brand Manager,G3,Permanent,Remote,2023-11-23,,Active,E03383,1.0,PhD,10,Agency,No
E04880,Employee 4880,Female,1998-12-09,Bengaluru,Supply Chain,CC800,Supply Chain Analyst,G1,Contract,Remote,2026-03-07,,Active,E04415,1.0,Master's,10,Company Website,No
E04881,Employee 4881,Male,1983-06-02,Gurugram,Supply Chain,CC800,Supply Chain Analyst,G1,Permanent,Onsite,2017-05-18,,Active,E04957,1.0,B.Tech,1,Agency,Yes
E04882,Employee 4882,Female,1979-08-08,Hyderabad,Marketing,CC600,Digital Marketing Analyst,G2,Permanent,Hybrid,2018-09-02,2024-12-31,Exited,E02319,1.0,B.Tech,8,Company Website,Yes
E04883,Employee 4883,Male,1996-10-09,Noida,Operations,CC300,Operations Manager,G4,Permanent,Remote,2019-03-10,,Active,,1.0,M.Tech,9,Internal Mobility,No
E04884,Employee 4884,Male,1976-07-17,Chennai,Customer Success,CC700,Support Analyst,G3,Permanent,Onsite,2021-01-09,2025-03-12,Exited,E03316,1.0,MBA,6,Agency,No
E04885,Employee 4885,Male,2001-02-14,Gurugram,Technology,CC100,Engineering Manager,G3,Permanent,Onsite,2025-10-13,,Active,,1.0,M.Tech,2,Company Website,No
E04886,Employee 4886,Male,1995-05-14,Pune,Technology,CC100,Tech Lead,G3,Permanent,Hybrid,2020-01-17,2024-12-03,Exited,,1.0,PhD,11,Campus,No
E04887,Employee 4887,Female,1997-09-03,Chennai,Operations,CC300,Team Lead,G2,Permanent,Hybrid,2019-12-24,,Active,E02192,1.0,B.Tech,6,LinkedIn,No
E04888,Employee 4888,Male,1975-04-06,Pune,Marketing,CC600,Digital Marketing Analyst,G3,Permanent,Hybrid,2018-10-28,2023-11-03,Exited,E02753,1.0,Master's,14,Company Website,No
E04889,Employee 4889,Male,1988-08-08,Gurugram,Finance,CC400,Finance Manager,G2,Permanent,Onsite,2021-09-10,,Active,E03500,1.0,PhD,9,Referral,No
E04890,Employee 4890,Female,1977-02-06,Bengaluru,Marketing,CC600,Marketing Executive,G3,Contract,Hybrid,2019-06-24,,Active,E00980,0.5,MBA,17,Internal Mobility,No
E04891,Employee 4891,Male,1986-01-19,Hyderabad,Finance,CC400,Finance Analyst,G2,Permanent,Hybrid,2024-07-13,2025-02-09,Exited,E02481,1.0,PhD,16,Company Website,No
E04892,Employee 4892,Male,1981-07-31,Hyderabad,Marketing,CC600,Digital Marketing Analyst,G4,Intern,Hybrid,2018-02-17,,Active,,1.0,Bachelor's,4,Job Portal,No
E04893,Employee 4893,Female,1990-03-14,Hyderabad,Marketing,CC600,Product Marketing Manager,G1,Permanent,Hybrid,2022-09-29,2026-08-29,Exited,E04605,1.0,MBA,2,Job Portal,No
E04894,Employee 4894,Female,1987-08-28,Pune,Customer Success,CC700,Customer Success Executive,G4,Permanent,Remote,2023-07-27,2026-03-31,Exited,E04047,1.0,Master's,3,Company Website,No
E04895,Employee 4895,Female,1988-07-03,Mumbai,Technology,CC100,Data Analyst,G2,Permanent,Hybrid,2024-11-10,,Active,E03959,1.0,PhD,8,LinkedIn,No
E04896,Employee 4896,Male,1990-10-29,Bengaluru,Customer Success,CC700,Support Analyst,G3,Contract,Hybrid,2024-08-14,,Active,E01790,0.75,M.Tech,8,Agency,Yes
E04897,Employee 4897,Female,1996-08-07,Hyderabad,Finance,CC400,Senior Finance Analyst,G2,Permanent,Remote,2021-12-20,,Active,E03006,1.0,Master's,17,Job Portal,No
E04898,Employee 4898,Female,1995-03-17,Pune,Supply Chain,CC800,Logistics Manager,G4,Permanent,Hybrid,2021-07-15,,Active,,1.0,B.Tech,2,Campus,No
E04899,Employee 4899,Female,1993-06-23,Bengaluru,Supply Chain,CC800,Procurement Specialist,G5,Permanent,Remote,2023-10-31,,Active,,1.0,PhD,9,LinkedIn,No
E04900,Employee 4900,Male,1997-04-11,Hyderabad,Finance,CC400,Senior Finance Analyst,G4,Permanent,Hybrid,2025-07-24,,Active,,1.0,M.Tech,0,Campus,No
E04901,Employee 4901,Female,1979-04-30,Chennai,Human Resources,CC500,L&D Specialist,G2,Permanent,Onsite,2018-09-11,,Active,,1.0,Bachelor's,5,Job Portal,No
E04902,Employee 4902,Male,1985-07-17,Hyderabad,Finance,CC400,Finance Manager,G2,Intern,Onsite,2026-06-13,,Active,E00932,0.75,Bachelor's,16,Company Website,No
E04903,Employee 4903,Male,1992-04-08,Chennai,Human Resources,CC500,Talent Acquisition Specialist,G1,Permanent,Onsite,2023-04-04,,Active,E01754,1.0,PhD,14,Agency,No
E04904,Employee 4904,Male,1989-09-13,Gurugram,Customer Success,CC700,Customer Success Executive,G2,Contract,Onsite,2022-06-01,,Active,E00303,0.5,B.Tech,1,Company Website,No
E04905,Employee 4905,Female,1989-03-23,Gurugram,Sales,CC200,Account Manager,G4,Permanent,Hybrid,2017-05-20,,Active,,1.0,M.Tech,13,Job Portal,No
E04906,Employee 4906,Female,1997-03-03,Pune,Supply Chain,CC800,Procurement Specialist,G2,Permanent,Hybrid,2024-05-18,,Active,E04582,1.0,B.Tech,12,Company Website,Yes
E04907,Employee 4907,Male,2001-02-20,Gurugram,Sales,CC200,Sales Analyst,G4,Permanent,Hybrid,2024-08-04,,Active,,1.0,MBA,9,Job Portal,No
E04908,Employee 4908,Male,1992-07-30,Mumbai,Finance,CC400,Finance Manager,G3,Permanent,Hybrid,2019-05-11,,Active,E03368,1.0,Bachelor's,13,Company Website,No
E04909,Employee 4909,Male,1986-09-27,Chennai,Customer Success,CC700,Customer Success Executive,G4,Contract,Remote,2024-07-21,2025-03-23,Exited,E00037,0.75,PhD,15,Campus,No
E04910,Employee 4910,Female,1980-09-14,Hyderabad,Finance,CC400,Senior Finance Analyst,G5,Permanent,Hybrid,2024-11-05,,Active,,1.0,B.Tech,12,Campus,No
E04911,Employee 4911,Female,1995-09-26,Bengaluru,Technology,CC100,Senior Software Engineer,G4,Permanent,Remote,2025-01-11,2026-04-27,Exited,E02567,1.0,B.Tech,13,Job Portal,No
E04912,Employee 4912,Male,1998-03-29,Bengaluru,Technology,CC100,Engineering Manager,G5,Permanent,Onsite,2022-03-12,,Active,,1.0,M.Tech,8,LinkedIn,No
E04913,Employee 4913,Male,2001-06-13,Hyderabad,Operations,CC300,Operations Manager,G4,Permanent,Onsite,2026-03-26,,Active,,1.0,B.Tech,0,LinkedIn,Yes
E04914,Employee 4914,Female,1995-12-15,Bengaluru,Supply Chain,CC800,Procurement Specialist,G4,Contract,Hybrid,2022-03-11,2023-07-01,Exited,E00659,0.75,Bachelor's,0,Campus,No
E04915,Employee 4915,Male,1976-04-19,Pune,Technology,CC100,Data Scientist,G4,Permanent,Hybrid,2020-01-17,,Active,,1.0,B.Tech,18,Company Website,No
E04916,Employee 4916,Male,1995-07-19,Bengaluru,Operations,CC300,Operations Executive,G2,Permanent,Onsite,2023-07-21,,Active,E04898,1.0,B.Tech,4,Referral,No
E04917,Employee 4917,Female,1987-02-05,Hyderabad,Supply Chain,CC800,Planner,G1,Permanent,Hybrid,2021-06-25,,Active,E04420,1.0,M.Tech,5,Internal Mobility,No
E04918,Employee 4918,Male,1992-11-22,Gurugram,Technology,CC100,Engineering Manager,G1,Permanent,Hybrid,2023-12-19,,Active,E01013,1.0,Bachelor's,17,Internal Mobility,No
E04919,Employee 4919,Female,1997-03-28,Chennai,Sales,CC200,Regional Sales Manager,G3,Permanent,Hybrid,2024-08-14,,Active,E04865,1.0,M.Tech,18,LinkedIn,No
E04920,Employee 4920,Female,1981-04-03,Mumbai,Supply Chain,CC800,Planner,G3,Permanent,Hybrid,2018-09-06,,Active,E04281,1.0,PhD,5,Referral,No
E04921,Employee 4921,Male,2001-03-07,Mumbai,Human Resources,CC500,HR Business Partner,G4,Permanent,Onsite,2024-03-11,2026-02-21,Exited,E03027,1.0,M.Tech,11,LinkedIn,No
E04922,Employee 4922,Male,1988-11-12,Bengaluru,Technology,CC100,Data Scientist,G3,Permanent,Hybrid,2017-05-18,2020-01-30,Exited,E04307,1.0,PhD,15,Campus,Yes
E04923,Employee 4923,Male,1983-10-27,Gurugram,Human Resources,CC500,HR Business Partner,G4,Permanent,Hybrid,2025-06-11,,Active,,1.0,M.Tech,16,Campus,Yes
E04924,Employee 4924,Male,1988-09-13,Pune,Sales,CC200,Account Manager,G2,Permanent,Hybrid,2022-02-07,,Active,E03050,1.0,Bachelor's,1,Campus,No
E04925,Employee 4925,Female,2000-02-04,Chennai,Operations,CC300,Team Lead,G3,Permanent,Remote,2023-08-12,,Active,E02038,1.0,MBA,9,LinkedIn,No
E04926,Employee 4926,Male,1995-06-24,Pune,Customer Success,CC700,Customer Success Manager,G3,Permanent,Hybrid,2019-03-28,,Active,E01356,1.0,MBA,7,Company Website,No
E04927,Employee 4927,Male,1997-03-31,Bengaluru,Sales,CC200,Sales Analyst,G5,Permanent,Hybrid,2025-06-11,,Active,,1.0,B.Tech,13,LinkedIn,Yes
E04928,Employee 4928,Female,2000-06-11,Gurugram,Technology,CC100,Data Analyst,G4,Permanent,Hybrid,2025-06-21,,Active,,1.0,Bachelor's,6,Company Website,No
E04929,Employee 4929,Female,1999-08-25,Bengaluru,Human Resources,CC500,L&D Specialist,G4,Permanent,Onsite,2023-01-03,,Active,,1.0,B.Tech,8,Referral,No
E04930,Employee 4930,Male,1990-05-30,Pune,Human Resources,CC500,L&D Specialist,G3,Permanent,Remote,2017-12-30,,Active,E00689,1.0,MBA,6,LinkedIn,No
E04931,Employee 4931,Male,1999-12-25,Gurugram,Sales,CC200,Key Account Manager,G4,Permanent,Hybrid,2023-03-10,,Active,,1.0,M.Tech,12,Campus,Yes
E04932,Employee 4932,Female,1998-08-26,Gurugram,Customer Success,CC700,Customer Success Manager,G3,Permanent,Onsite,2020-12-09,,Active,E01227,1.0,Master's,5,Job Portal,Yes
E04933,Employee 4933,Female,2001-08-14,Noida,Customer Success,CC700,Customer Success Manager,G2,Permanent,Hybrid,2025-02-27,,Active,E01305,1.0,PhD,18,Job Portal,No
E04934,Employee 4934,Male,1990-12-04,Gurugram,Sales,CC200,Key Account Manager,G3,Permanent,Remote,2022-01-03,,Active,E04602,1.0,Bachelor's,10,Agency,No
E04935,Employee 4935,Female,1995-07-31,Bengaluru,Marketing,CC600,Digital Marketing Analyst,G3,Contract,Remote,2026-01-15,,Active,E01206,0.75,Master's,1,Job Portal,Yes
E04936,Employee 4936,Male,1979-11-17,Gurugram,Human Resources,CC500,Talent Acquisition Specialist,G2,Permanent,Onsite,2021-08-18,,Active,E02405,1.0,MBA,6,Job Portal,No
E04937,Employee 4937,Female,1990-07-13,Bengaluru,Marketing,CC600,Digital Marketing Analyst,G5,Permanent,Hybrid,2022-08-18,,Active,,1.0,PhD,6,LinkedIn,Yes
E04938,Employee 4938,Male,1986-08-28,Noida,Marketing,CC600,Product Marketing Manager,G2,Permanent,Hybrid,2025-02-18,,Active,E01440,1.0,Master's,6,Referral,No
E04939,Employee 4939,Male,1987-03-29,Chennai,Operations,CC300,Operations Executive,G4,Permanent,Onsite,2021-06-23,2026-06-21,Exited,E03339,1.0,Master's,12,Referral,No
E04940,Employee 4940,Female,1990-07-29,Pune,Customer Success,CC700,Customer Success Manager,G3,Permanent,Hybrid,2024-03-23,,Active,E00803,1.0,Master's,13,Agency,No
E04941,Employee 4941,Female,1992-01-19,Pune,Sales,CC200,Account Manager,G5,Permanent,Hybrid,2018-07-22,,Active,,1.0,PhD,2,Agency,No
E04942,Employee 4942,Male,1991-06-04,Hyderabad,Customer Success,CC700,Customer Success Executive,G4,Permanent,Hybrid,2024-11-16,,Active,,1.0,PhD,13,LinkedIn,No
E04943,Employee 4943,Male,1997-01-21,Mumbai,Technology,CC100,Tech Lead,G5,Permanent,Onsite,2018-12-09,2020-12-09,Exited,E03446,1.0,M.Tech,8,Job Portal,No
E04944,Employee 4944,Male,1980-12-03,Hyderabad,Operations,CC300,Operations Analyst,G4,Permanent,Hybrid,2025-01-29,,Active,,1.0,M.Tech,9,Job Portal,No
E04945,Employee 4945,Male,1989-08-07,Mumbai,Marketing,CC600,Marketing Executive,G4,Permanent,Remote,2023-06-16,2024-09-12,Exited,E02192,1.0,Master's,17,Company Website,No
E04946,Employee 4946,Male,1994-05-27,Hyderabad,Supply Chain,CC800,Procurement Specialist,G5,Permanent,Remote,2022-03-31,2023-01-16,Exited,E01124,1.0,Master's,5,Agency,Yes
E04947,Employee 4947,Female,1995-07-02,Mumbai,Finance,CC400,Finance Analyst,G5,Contract,Hybrid,2020-05-05,,Active,,1.0,Bachelor's,12,Internal Mobility,No
E04948,Employee 4948,Male,1991-09-15,Bengaluru,Marketing,CC600,Product Marketing Manager,G4,Permanent,Hybrid,2020-04-13,,Active,,1.0,Bachelor's,8,Campus,No
E04949,Employee 4949,Female,1987-10-14,Noida,Finance,CC400,Finance Manager,G4,Permanent,Hybrid,2019-08-23,,Active,,1.0,M.Tech,4,Company Website,Yes
E04950,Employee 4950,Female,1994-10-10,Mumbai,Sales,CC200,Regional Sales Manager,G4,Permanent,Onsite,2024-04-21,,Active,,1.0,M.Tech,13,Company Website,No
E04951,Employee 4951,Male,2002-12-27,Hyderabad,Marketing,CC600,Marketing Executive,G2,Permanent,Remote,2026-04-12,,Active,E03079,1.0,Master's,3,Agency,No
E04952,Employee 4952,Male,1974-07-14,Hyderabad,Marketing,CC600,Digital Marketing Analyst,G2,Permanent,Remote,2018-02-24,,Active,E00397,1.0,Master's,17,Referral,No
E04953,Employee 4953,Male,1995-12-09,Mumbai,Customer Success,CC700,Customer Success Executive,G3,Permanent,Onsite,2019-10-10,2025-11-28,Exited,E00655,1.0,M.Tech,5,Job Portal,No
E04954,Employee 4954,Female,1989-05-17,Gurugram,Customer Success,CC700,Customer Success Manager,G3,Permanent,Onsite,2019-11-25,,Active,E01119,1.0,M.Tech,1,LinkedIn,No
E04955,Employee 4955,Female,1994-01-13,Bengaluru,Sales,CC200,Regional Sales Manager,G1,Permanent,Hybrid,2023-07-17,,Active,E00604,1.0,Bachelor's,9,Job Portal,No
E04956,Employee 4956,Male,2000-03-11,Gurugram,Supply Chain,CC800,Procurement Specialist,G1,Permanent,Hybrid,2025-10-14,,Active,E03183,1.0,B.Tech,6,Agency,No
E04957,Employee 4957,Female,1977-10-09,Bengaluru,Sales,CC200,Key Account Manager,G4,Permanent,Remote,2021-11-15,,Active,,1.0,MBA,15,Campus,No
E04958,Employee 4958,Female,1979-02-13,Gurugram,Customer Success,CC700,Customer Success Executive,G3,Permanent,Hybrid,2022-06-27,,Active,E00683,1.0,M.Tech,8,Campus,Yes
E04959,Employee 4959,Male,1999-11-13,Bengaluru,Sales,CC200,Sales Analyst,G5,Permanent,Remote,2022-01-09,,Active,,1.0,Master's,8,Company Website,Yes
E04960,Employee 4960,Male,1986-03-08,Chennai,Finance,CC400,Senior Finance Analyst,G1,Contract,Hybrid,2018-11-13,,Active,E01801,0.5,M.Tech,10,Referral,No
E04961,Employee 4961,Male,1975-06-14,Hyderabad,Operations,CC300,Operations Manager,G4,Permanent,Hybrid,2020-03-14,2023-06-01,Exited,E03798,1.0,MBA,2,LinkedIn,No
E04962,Employee 4962,Female,2002-01-31,Pune,Supply Chain,CC800,Logistics Manager,G2,Intern,Onsite,2025-11-23,,Active,E01598,0.5,Master's,6,Company Website,No
E04963,Employee 4963,Female,1981-05-05,Hyderabad,Supply Chain,CC800,Planner,G4,Permanent,Hybrid,2019-08-13,,Active,,1.0,MBA,1,Campus,Yes
E04964,Employee 4964,Female,1993-11-26,Pune,Finance,CC400,Senior Finance Analyst,G3,Permanent,Onsite,2017-04-20,,Active,E03813,1.0,B.Tech,10,LinkedIn,No
E04965,Employee 4965,Female,1994-08-18,Bengaluru,Marketing,CC600,Product Marketing Manager,G1,Permanent,Hybrid,2022-08-23,,Active,E00378,1.0,MBA,5,Internal Mobility,Yes
E04966,Employee 4966,Male,1987-11-16,Bengaluru,Supply Chain,CC800,Planner,G5,Permanent,Hybrid,2025-03-12,,Active,,1.0,B.Tech,9,Internal Mobility,No
E04967,Employee 4967,Male,1973-08-12,Bengaluru,Finance,CC400,Finance Manager,G3,Permanent,Onsite,2018-06-19,,Active,E04544,1.0,M.Tech,0,Agency,No
E04968,Employee 4968,Female,1994-09-28,Hyderabad,Sales,CC200,Account Manager,G4,Permanent,Hybrid,2021-08-16,,Active,,1.0,Bachelor's,8,Agency,No
E04969,Employee 4969,Female,1998-03-22,Gurugram,Marketing,CC600,Digital Marketing Analyst,G4,Permanent,Hybrid,2021-10-28,2024-01-18,Exited,E04704,1.0,M.Tech,4,Job Portal,No
E04970,Employee 4970,Male,1982-07-02,Hyderabad,Sales,CC200,Sales Analyst,G3,Contract,Remote,2023-04-14,,Active,E04865,0.5,Master's,17,Referral,No
E04971,Employee 4971,Male,1996-04-27,Hyderabad,Finance,CC400,Senior Finance Analyst,G4,Contract,Hybrid,2025-04-26,,Active,,1.0,Master's,8,Campus,No
E04972,Employee 4972,Male,1987-08-21,Gurugram,Marketing,CC600,Product Marketing Manager,G2,Contract,Hybrid,2021-09-15,,Active,E00279,1.0,Bachelor's,18,Company Website,No
E04973,Employee 4973,Female,1994-06-03,Gurugram,Human Resources,CC500,L&D Specialist,G3,Intern,Remote,2025-02-21,,Active,E01588,0.75,PhD,8,LinkedIn,No
E04974,Employee 4974,Female,1981-11-15,Gurugram,Customer Success,CC700,Customer Success Executive,G4,Contract,Onsite,2018-01-31,2023-03-30,Exited,E04594,1.0,Master's,3,Job Portal,No
E04975,Employee 4975,Female,1980-12-21,Mumbai,Human Resources,CC500,HR Executive,G6,Permanent,Onsite,2021-04-09,,Active,,1.0,B.Tech,4,Internal Mobility,No
E04976,Employee 4976,Female,2004-12-12,Hyderabad,Operations,CC300,Operations Manager,G3,Permanent,Hybrid,2025-12-29,,Active,E02625,1.0,M.Tech,13,LinkedIn,Yes
E04977,Employee 4977,Female,2003-10-18,Hyderabad,Operations,CC300,Operations Manager,G4,Permanent,Hybrid,2024-12-21,,Active,,1.0,Master's,17,Company Website,No
E04978,Employee 4978,Male,1988-11-03,Chennai,Supply Chain,CC800,Planner,G1,Intern,Hybrid,2022-10-18,2025-07-18,Exited,E01213,0.5,Bachelor's,9,Agency,No
E04979,Employee 4979,Female,1996-07-03,Mumbai,Marketing,CC600,Product Marketing Manager,G3,Contract,Hybrid,2025-05-05,,Active,E03530,0.75,Bachelor's,13,Referral,No
E04980,Employee 4980,Female,1995-12-24,Bengaluru,Sales,CC200,Key Account Manager,G4,Contract,Remote,2021-12-02,2022-06-28,Exited,E00271,0.5,MBA,4,Company Website,No
E04981,Employee 4981,Male,1987-07-22,Hyderabad,Finance,CC400,Senior Finance Analyst,G4,Contract,Hybrid,2017-09-08,,Active,,1.0,B.Tech,4,Company Website,No
E04982,Employee 4982,Male,1981-08-21,Noida,Finance,CC400,Finance Analyst,G5,Contract,Onsite,2017-08-08,,Active,,0.5,MBA,6,Campus,No
E04983,Employee 4983,Female,1980-09-18,Mumbai,Sales,CC200,Key Account Manager,G4,Permanent,Remote,2025-04-08,,Active,,1.0,Bachelor's,9,Internal Mobility,No
E04984,Employee 4984,Female,1995-04-02,Pune,Finance,CC400,Finance Manager,G2,Permanent,Hybrid,2022-11-21,,Active,E01667,1.0,M.Tech,18,LinkedIn,No
E04985,Employee 4985,Male,1986-08-27,Hyderabad,Customer Success,CC700,Customer Success Manager,G3,Permanent,Hybrid,2023-11-19,,Active,E01523,1.0,MBA,3,Agency,No
E04986,Employee 4986,Male,1987-12-06,Pune,Supply Chain,CC800,Procurement Specialist,G2,Permanent,Hybrid,2026-05-15,,Active,E03726,1.0,Bachelor's,5,Agency,No
E04987,Employee 4987,Male,1991-06-04,Chennai,Marketing,CC600,Marketing Executive,G1,Intern,Remote,2023-02-18,,Active,E02992,0.75,MBA,12,LinkedIn,No
E04988,Employee 4988,Male,1992-07-10,Bengaluru,Operations,CC300,Operations Analyst,G2,Contract,Remote,2023-10-29,,Active,E02619,1.0,Master's,8,Company Website,Yes
E04989,Employee 4989,Female,1982-04-19,Pune,Marketing,CC600,Marketing Executive,G1,Permanent,Hybrid,2025-01-07,,Active,E01564,1.0,Bachelor's,8,Internal Mobility,No
E04990,Employee 4990,Male,1997-06-13,Mumbai,Supply Chain,CC800,Procurement Specialist,G4,Permanent,Remote,2022-05-27,,Active,,1.0,M.Tech,17,Company Website,No
E04991,Employee 4991,Female,1989-08-02,Pune,Operations,CC300,Operations Analyst,G2,Permanent,Onsite,2018-04-01,,Active,E00088,1.0,Bachelor's,13,Job Portal,No
E04992,Employee 4992,Female,1998-03-05,Noida,Customer Success,CC700,Customer Success Manager,G1,Permanent,Hybrid,2022-12-17,,Active,E04184,1.0,Bachelor's,4,Job Portal,Yes
E04993,Employee 4993,Male,2000-07-14,Mumbai,Human Resources,CC500,HR Executive,G4,Intern,Hybrid,2022-10-06,,Active,,1.0,MBA,0,LinkedIn,No
E04994,Employee 4994,Non-binary,1983-08-15,Gurugram,Human Resources,CC500,L&D Specialist,G3,Permanent,Onsite,2020-02-04,2021-10-27,Exited,E02634,1.0,Master's,1,Campus,No
E04995,Employee 4995,Male,1994-04-09,Chennai,Technology,CC100,Software Engineer,G2,Permanent,Hybrid,2020-04-16,2023-08-03,Exited,E01518,1.0,PhD,0,Campus,No
E04996,Employee 4996,Male,2000-05-04,Hyderabad,Finance,CC400,Finance Analyst,G3,Permanent,Remote,2024-12-05,,Active,E04177,1.0,Bachelor's,12,Agency,No
E04997,Employee 4997,Female,1982-08-27,Bengaluru,Technology,CC100,Engineering Manager,G2,Contract,Onsite,2026-07-19,,Active,,0.5,Bachelor's,2,Internal Mobility,No
E04998,Employee 4998,Female,1983-03-16,Bengaluru,Sales,CC200,Sales Analyst,G1,Contract,Onsite,2023-10-18,,Active,E04186,1.0,PhD,17,Agency,Yes
E04999,Employee 4999,Male,1981-02-03,Mumbai,Finance,CC400,Finance Manager,G3,Permanent,Hybrid,2023-02-14,,Active,E01093,1.0,MBA,11,Job Portal,Yes
E05000,Employee 5000,Male,1985-12-24,Mumbai,Finance,CC400,Finance Manager,G1,Permanent,Onsite,2018-04-12,,Active,,1.0,M.Tech,15,Referral,No
