Employee_ID,Review_Year,Performance_Rating,Goal_Achievement_Pct,Manager_Rating,Potential_Rating,Performance_Band,Succession_Readiness
E00001,2024,4.4,88.9,4.7,Medium,Meets,Ready 1-2 Years
E00001,2025,4.3,77.4,4.4,Medium,Meets,Ready Now
E00001,2026,3.9,97.7,3.6,Low,Partially Meets,Ready 1-2 Years
E00002,2022,3.5,95.4,3.5,High,Partially Meets,Ready Now
E00002,2023,3.7,95.2,3.6,High,Meets,Not Ready
E00002,2024,3.1,83.9,3.1,High,Exceeds,Ready 1-2 Years
E00002,2025,3.4,112.4,3.6,Medium,Meets,Ready 1-2 Years
E00002,2026,3.0,93.3,2.8,Medium,Outstanding,Ready Now
E00003,2023,3.0,94.8,2.9,High,Partially Meets,Not Ready
E00003,2024,3.5,93.2,3.4,Medium,Meets,Not Ready
E00003,2025,3.5,100.7,3.4,Low,Meets,Not Ready
E00003,2026,3.4,81.7,3.5,Medium,Partially Meets,Ready Now
E00004,2024,3.6,85.2,3.5,Medium,Meets,Not Ready
E00004,2025,4.0,65.4,3.9,High,Meets,Ready 1-2 Years
E00004,2026,3.7,68.5,4.1,Low,Exceeds,Not Ready
E00005,2022,4.5,107.5,4.9,Medium,Meets,Ready Now
E00005,2023,4.4,84.3,3.8,Medium,Partially Meets,Ready Now
E00005,2024,3.9,78.6,4.3,High,Exceeds,Ready Now
E00006,2022,2.5,69.7,2.8,High,Meets,Ready 1-2 Years
E00006,2023,3.0,95.3,2.8,High,Partially Meets,Ready 1-2 Years
E00006,2024,2.7,87.0,3.2,Low,Exceeds,Ready Now
E00006,2025,2.1,78.2,1.9,Medium,Exceeds,Ready Now
E00006,2026,2.8,64.5,2.7,High,Partially Meets,Not Ready
E00007,2022,4.4,73.2,4.8,High,Meets,Ready Now
E00007,2023,4.9,98.9,4.9,High,Meets,Not Ready
E00007,2024,4.5,80.7,4.1,Medium,Outstanding,Ready Now
E00007,2025,4.4,88.8,3.9,Low,Exceeds,Not Ready
E00007,2026,4.4,82.1,4.0,Low,Exceeds,Ready 1-2 Years
E00008,2022,3.6,99.2,3.5,Medium,Meets,Ready 1-2 Years
E00008,2023,3.5,89.3,3.8,Medium,Meets,Not Ready
E00008,2024,3.5,102.4,3.6,Medium,Meets,Ready Now
E00008,2025,3.1,74.3,2.7,High,Partially Meets,Not Ready
E00008,2026,3.3,75.1,2.7,High,Meets,Ready Now
E00009,2022,4.0,79.3,4.0,Medium,Meets,Not Ready
E00009,2023,3.8,89.5,3.9,Medium,Partially Meets,Ready Now
E00009,2024,3.9,82.1,4.3,Medium,Outstanding,Ready 1-2 Years
E00009,2025,3.9,93.4,4.4,Medium,Partially Meets,Ready Now
E00009,2026,4.1,85.7,4.3,Medium,Exceeds,Not Ready
E00010,2023,2.6,94.8,2.5,High,Partially Meets,Ready 1-2 Years
E00010,2024,3.2,90.6,3.3,Medium,Exceeds,Ready Now
E00010,2025,2.8,83.6,2.9,High,Partially Meets,Ready 1-2 Years
E00010,2026,2.9,62.4,3.0,Medium,Outstanding,Ready Now
E00011,2022,4.2,73.8,4.4,Medium,Outstanding,Not Ready
E00011,2023,4.4,79.9,4.6,Medium,Meets,Ready Now
E00011,2024,4.4,94.9,4.8,Low,Exceeds,Ready 1-2 Years
E00011,2025,4.1,83.8,4.5,High,Exceeds,Ready 1-2 Years
E00011,2026,4.7,88.8,5.0,High,Exceeds,Ready 1-2 Years
E00013,2022,3.2,97.3,3.3,Medium,Partially Meets,Ready 1-2 Years
E00013,2023,3.5,99.8,3.2,High,Partially Meets,Ready 1-2 Years
E00013,2024,3.4,93.0,3.3,Medium,Partially Meets,Ready 1-2 Years
E00013,2025,3.1,86.3,3.2,Medium,Meets,Ready 1-2 Years
E00013,2026,3.6,79.7,3.3,Low,Exceeds,Ready 1-2 Years
E00015,2023,3.4,91.6,3.3,High,Outstanding,Ready Now
E00015,2024,3.6,93.9,3.6,Medium,Meets,Not Ready
E00015,2025,3.0,66.4,3.5,Low,Meets,Not Ready
E00015,2026,3.2,73.2,2.8,Medium,Exceeds,Ready Now
E00016,2022,4.1,80.1,3.7,Medium,Meets,Not Ready
E00016,2023,3.7,78.9,4.2,Medium,Exceeds,Ready 1-2 Years
E00016,2024,3.8,89.2,4.1,Medium,Meets,Not Ready
E00016,2025,3.5,88.3,3.2,Medium,Exceeds,Ready Now
E00016,2026,3.9,83.1,4.3,Medium,Exceeds,Not Ready
E00017,2025,3.0,66.3,2.9,Medium,Outstanding,Ready 1-2 Years
E00017,2026,3.6,92.1,3.0,High,Exceeds,Ready 1-2 Years
E00018,2026,3.4,74.2,3.7,Medium,Exceeds,Not Ready
E00019,2022,4.5,105.5,3.8,Medium,Meets,Not Ready
E00019,2023,3.7,67.7,3.8,High,Outstanding,Ready Now
E00020,2025,3.2,84.7,3.0,Medium,Outstanding,Ready 1-2 Years
E00020,2026,3.0,79.2,2.6,High,Partially Meets,Not Ready
E00021,2022,3.8,77.8,2.8,Medium,Meets,Ready 1-2 Years
E00021,2023,3.9,78.9,4.0,Medium,Exceeds,Ready 1-2 Years
E00021,2024,4.3,98.7,4.7,High,Partially Meets,Not Ready
E00021,2025,4.1,93.5,4.2,Medium,Outstanding,Ready Now
E00021,2026,3.4,80.4,3.1,Medium,Partially Meets,Ready Now
E00022,2022,2.0,64.8,1.8,Medium,Outstanding,Not Ready
E00022,2023,1.9,67.2,1.6,Medium,Partially Meets,Ready Now
E00022,2024,2.5,60.3,3.0,Medium,Meets,Not Ready
E00022,2025,2.3,67.8,2.5,Medium,Meets,Ready Now
E00022,2026,2.4,91.1,2.4,High,Exceeds,Ready Now
E00024,2022,2.5,76.3,2.9,Low,Outstanding,Not Ready
E00024,2023,1.8,74.0,1.9,Medium,Outstanding,Ready Now
E00024,2024,2.0,66.4,2.4,Medium,Partially Meets,Ready 1-2 Years
E00024,2025,1.8,84.6,2.1,Low,Meets,Not Ready
E00024,2026,2.3,73.6,2.7,Medium,Meets,Not Ready
E00025,2022,3.1,74.7,3.4,High,Outstanding,Not Ready
E00025,2023,2.1,79.7,2.3,Low,Meets,Not Ready
E00025,2024,2.7,62.9,2.7,High,Partially Meets,Ready Now
E00025,2025,2.8,81.1,2.6,Low,Outstanding,Ready 1-2 Years
E00025,2026,2.8,76.4,2.5,Low,Meets,Ready Now
E00026,2022,3.7,85.2,3.7,High,Meets,Ready 1-2 Years
E00026,2023,3.4,92.0,3.7,Medium,Meets,Ready Now
E00026,2024,3.5,89.6,3.5,Low,Meets,Ready Now
E00026,2025,3.5,98.1,3.8,Medium,Outstanding,Ready Now
E00027,2022,2.7,73.9,2.9,Low,Partially Meets,Ready Now
E00027,2023,2.6,82.7,2.2,Medium,Partially Meets,Not Ready
E00027,2024,2.5,80.8,2.6,Medium,Exceeds,Ready Now
E00027,2025,2.5,74.2,2.3,Medium,Outstanding,Ready 1-2 Years
E00027,2026,2.3,90.3,2.0,High,Exceeds,Ready 1-2 Years
E00028,2026,4.7,91.9,4.5,Low,Meets,Ready 1-2 Years
E00029,2022,2.5,77.9,2.8,Medium,Meets,Ready Now
E00029,2023,2.7,85.1,2.4,Medium,Outstanding,Ready Now
E00029,2024,2.6,91.6,2.3,Medium,Exceeds,Ready Now
E00030,2022,3.8,99.0,3.8,Medium,Exceeds,Ready 1-2 Years
E00030,2023,3.3,77.7,3.1,Medium,Meets,Not Ready
E00030,2024,3.1,77.1,3.1,Medium,Partially Meets,Ready Now
E00030,2025,3.7,77.7,4.1,Low,Meets,Ready 1-2 Years
E00030,2026,4.0,91.5,4.2,Medium,Partially Meets,Ready 1-2 Years
E00032,2022,4.9,86.5,4.8,Medium,Meets,Ready 1-2 Years
E00032,2023,4.6,75.8,5.0,Medium,Outstanding,Not Ready
E00032,2024,5.0,109.0,5.0,Medium,Outstanding,Not Ready
E00032,2025,4.8,94.3,5.0,Low,Exceeds,Ready Now
E00032,2026,4.5,99.7,4.5,Low,Meets,Ready Now
E00033,2024,3.2,88.7,3.1,Medium,Outstanding,Ready 1-2 Years
E00033,2025,3.9,76.4,3.9,High,Partially Meets,Not Ready
E00033,2026,3.3,85.8,3.1,Medium,Meets,Not Ready
E00034,2023,3.2,92.4,2.7,Low,Meets,Ready Now
E00034,2024,3.2,77.5,3.5,Medium,Partially Meets,Ready Now
E00034,2025,2.9,78.7,3.2,Medium,Outstanding,Ready Now
E00034,2026,2.9,102.3,3.2,Medium,Outstanding,Ready 1-2 Years
E00035,2022,3.1,70.8,2.9,Low,Exceeds,Not Ready
E00035,2023,2.9,85.4,2.8,High,Outstanding,Not Ready
E00035,2024,2.0,65.2,1.9,Low,Exceeds,Not Ready
E00035,2025,2.7,74.7,2.8,Medium,Meets,Ready Now
E00035,2026,3.9,105.0,4.7,Medium,Outstanding,Ready 1-2 Years
E00036,2025,4.5,97.9,4.0,High,Exceeds,Ready 1-2 Years
E00036,2026,3.6,99.1,3.1,High,Outstanding,Ready Now
E00037,2022,2.8,86.8,2.5,Low,Meets,Not Ready
E00037,2023,3.7,94.2,3.5,High,Exceeds,Ready 1-2 Years
E00037,2024,3.6,85.8,3.6,High,Partially Meets,Not Ready
E00037,2025,2.9,90.5,2.7,Medium,Meets,Ready 1-2 Years
E00037,2026,3.5,83.8,3.1,Medium,Outstanding,Ready Now
E00038,2025,3.3,80.9,3.6,Medium,Outstanding,Ready Now
E00038,2026,2.9,78.9,3.3,Low,Meets,Ready Now
E00039,2023,4.3,94.0,3.8,Medium,Meets,Ready Now
E00039,2024,3.9,110.0,4.0,Low,Exceeds,Ready 1-2 Years
E00041,2022,2.5,84.8,2.8,Medium,Partially Meets,Ready 1-2 Years
E00041,2023,2.7,88.2,2.7,Medium,Meets,Not Ready
E00041,2024,2.3,83.4,2.2,Medium,Partially Meets,Not Ready
E00041,2025,2.3,89.4,2.4,Low,Exceeds,Not Ready
E00041,2026,2.5,93.0,2.8,High,Meets,Ready 1-2 Years
E00042,2026,2.7,74.5,3.0,High,Partially Meets,Ready 1-2 Years
E00044,2025,2.8,88.0,2.6,Medium,Partially Meets,Ready 1-2 Years
E00044,2026,3.2,84.9,2.9,Medium,Meets,Ready Now
E00045,2022,3.1,79.0,3.0,Medium,Meets,Ready 1-2 Years
E00045,2023,4.3,79.4,4.6,Medium,Meets,Ready Now
E00045,2024,3.9,73.4,4.1,High,Exceeds,Ready 1-2 Years
E00045,2025,3.2,80.1,2.7,Medium,Meets,Ready Now
E00045,2026,3.4,78.5,3.1,Medium,Meets,Ready Now
E00046,2022,3.2,88.3,3.5,Medium,Outstanding,Ready 1-2 Years
E00046,2023,2.6,73.2,2.9,Medium,Outstanding,Ready Now
E00046,2024,2.7,72.8,2.5,High,Partially Meets,Not Ready
E00046,2025,3.4,76.9,3.0,High,Outstanding,Ready Now
E00046,2026,3.2,90.1,2.8,Low,Meets,Ready Now
E00047,2022,3.5,74.5,3.5,Low,Meets,Not Ready
E00047,2023,3.6,81.7,3.4,Medium,Meets,Ready Now
E00047,2024,3.5,86.7,3.5,Medium,Outstanding,Ready 1-2 Years
E00047,2025,3.4,78.7,3.3,Low,Meets,Ready 1-2 Years
E00047,2026,3.5,90.3,2.9,Medium,Exceeds,Ready 1-2 Years
E00048,2025,3.4,83.6,3.4,Low,Partially Meets,Ready Now
E00048,2026,3.5,90.6,3.6,Medium,Exceeds,Ready Now
E00049,2022,2.8,79.8,2.5,Low,Outstanding,Not Ready
E00049,2023,3.1,89.4,2.7,High,Outstanding,Ready 1-2 Years
E00049,2024,3.7,83.7,3.8,Medium,Partially Meets,Not Ready
E00049,2025,2.9,74.3,2.8,Medium,Exceeds,Ready Now
E00049,2026,3.5,82.3,3.3,Medium,Outstanding,Ready Now
E00050,2023,3.4,66.9,3.4,High,Partially Meets,Not Ready
E00050,2024,2.9,63.8,3.1,Medium,Meets,Ready 1-2 Years
E00050,2025,2.7,94.2,2.2,High,Meets,Not Ready
E00050,2026,3.5,84.9,3.7,High,Outstanding,Ready Now
E00051,2022,3.0,105.1,2.9,Medium,Meets,Ready 1-2 Years
E00051,2023,3.3,67.8,3.3,Medium,Exceeds,Ready Now
E00051,2024,3.2,84.1,3.0,Low,Partially Meets,Not Ready
E00051,2025,2.9,100.6,3.5,High,Outstanding,Ready 1-2 Years
E00051,2026,3.0,88.2,2.7,High,Outstanding,Not Ready
E00052,2024,4.5,85.3,5.0,Medium,Outstanding,Not Ready
E00052,2025,4.4,108.1,4.6,High,Partially Meets,Ready 1-2 Years
E00052,2026,4.4,99.3,3.8,Medium,Meets,Not Ready
E00053,2023,2.6,73.7,2.8,Medium,Meets,Ready Now
E00053,2024,2.7,107.1,2.5,Low,Meets,Ready 1-2 Years
E00053,2025,3.6,94.9,3.6,Medium,Meets,Ready 1-2 Years
E00053,2026,2.6,82.5,2.7,Low,Outstanding,Ready 1-2 Years
E00054,2024,4.2,99.9,4.2,High,Outstanding,Ready 1-2 Years
E00054,2025,4.1,97.8,4.1,Low,Meets,Ready Now
E00055,2025,4.2,80.2,4.1,Low,Outstanding,Not Ready
E00055,2026,3.2,105.5,3.3,Medium,Partially Meets,Not Ready
E00056,2022,3.1,105.9,3.5,Medium,Outstanding,Ready Now
E00056,2023,3.1,73.1,3.2,Medium,Exceeds,Ready Now
E00056,2024,3.4,92.0,3.1,Low,Meets,Ready Now
E00056,2025,2.9,59.6,3.0,High,Meets,Not Ready
E00056,2026,2.4,75.3,1.9,Medium,Partially Meets,Not Ready
E00057,2022,4.2,89.5,4.1,Medium,Partially Meets,Ready Now
E00057,2023,4.3,79.3,3.9,Medium,Outstanding,Ready 1-2 Years
E00057,2024,3.7,84.4,3.7,High,Partially Meets,Ready 1-2 Years
E00057,2025,4.1,64.9,4.4,Medium,Meets,Not Ready
E00057,2026,5.0,111.6,5.0,Low,Outstanding,Ready 1-2 Years
E00058,2024,3.2,90.5,3.3,Medium,Meets,Ready Now
E00058,2025,2.9,106.6,3.1,High,Partially Meets,Ready 1-2 Years
E00058,2026,3.2,83.6,3.0,Medium,Partially Meets,Ready 1-2 Years
E00059,2026,3.9,75.6,4.3,Medium,Meets,Not Ready
E00060,2025,4.1,68.1,5.0,Low,Partially Meets,Ready Now
E00060,2026,3.9,95.2,4.0,Medium,Outstanding,Not Ready
E00061,2022,3.1,87.1,3.0,Medium,Partially Meets,Ready Now
E00061,2023,3.3,102.6,3.6,Medium,Meets,Ready 1-2 Years
E00061,2024,3.1,92.3,2.8,Low,Meets,Ready Now
E00061,2025,3.1,97.2,3.5,High,Meets,Ready 1-2 Years
E00061,2026,2.4,80.5,2.1,High,Exceeds,Not Ready
E00062,2022,3.0,92.1,2.4,High,Outstanding,Ready 1-2 Years
E00063,2024,3.9,77.1,3.7,Medium,Exceeds,Ready 1-2 Years
E00063,2025,4.1,94.0,3.8,Medium,Meets,Ready Now
E00063,2026,4.7,100.8,4.6,Medium,Partially Meets,Not Ready
E00064,2024,3.6,84.4,3.7,Medium,Exceeds,Ready Now
E00064,2025,3.7,90.5,3.4,Medium,Exceeds,Ready Now
E00064,2026,3.7,96.7,3.8,Low,Partially Meets,Ready Now
E00066,2022,3.2,54.8,3.0,Medium,Meets,Ready 1-2 Years
E00066,2023,3.1,88.9,3.2,Low,Outstanding,Ready 1-2 Years
E00066,2024,2.8,87.0,3.3,Low,Partially Meets,Not Ready
E00066,2025,2.8,72.5,2.8,Low,Meets,Ready Now
E00066,2026,2.9,90.2,2.6,Low,Meets,Ready Now
E00067,2022,3.1,103.7,3.1,High,Exceeds,Ready Now
E00067,2023,2.4,79.1,2.2,Medium,Meets,Not Ready
E00067,2024,2.6,70.6,3.2,Medium,Meets,Ready 1-2 Years
E00067,2025,3.8,110.7,3.8,Medium,Partially Meets,Ready Now
E00067,2026,2.8,80.5,3.0,Medium,Outstanding,Ready Now
E00068,2022,3.8,75.7,3.8,Medium,Meets,Ready 1-2 Years
E00068,2023,3.4,74.6,3.9,Medium,Outstanding,Ready 1-2 Years
E00068,2024,3.1,84.9,3.3,Medium,Exceeds,Ready 1-2 Years
E00068,2025,3.6,83.1,3.5,Low,Partially Meets,Ready 1-2 Years
E00069,2022,2.5,85.3,1.8,Medium,Exceeds,Ready 1-2 Years
E00069,2023,3.5,89.1,3.7,Medium,Outstanding,Ready 1-2 Years
E00069,2024,2.8,85.5,2.9,Medium,Outstanding,Ready 1-2 Years
E00069,2025,2.3,69.3,2.3,High,Meets,Ready Now
E00069,2026,1.9,89.5,2.7,Low,Meets,Not Ready
E00071,2022,3.6,66.5,3.1,Medium,Meets,Not Ready
E00071,2023,3.9,89.9,3.7,Medium,Exceeds,Not Ready
E00071,2024,4.2,79.8,4.1,Medium,Exceeds,Ready Now
E00071,2025,3.4,80.3,3.0,Medium,Partially Meets,Not Ready
E00071,2026,3.1,78.6,3.2,Medium,Exceeds,Ready 1-2 Years
E00072,2026,4.9,85.1,4.6,Low,Exceeds,Not Ready
E00074,2024,4.3,93.6,4.3,High,Partially Meets,Ready 1-2 Years
E00074,2025,3.1,67.9,3.4,Low,Partially Meets,Not Ready
E00074,2026,3.6,82.3,4.0,Medium,Exceeds,Ready Now
E00075,2024,3.6,78.1,3.7,Medium,Meets,Not Ready
E00075,2025,2.4,72.8,2.2,Medium,Outstanding,Not Ready
E00075,2026,3.3,61.5,3.5,Medium,Partially Meets,Not Ready
E00077,2024,3.6,77.0,4.1,Medium,Meets,Ready 1-2 Years
E00077,2025,3.3,75.1,3.2,Medium,Meets,Ready 1-2 Years
E00077,2026,2.9,84.7,2.9,Medium,Partially Meets,Not Ready
E00078,2022,3.4,88.5,3.1,Low,Meets,Ready Now
E00078,2023,2.8,90.3,2.9,High,Meets,Ready 1-2 Years
E00078,2024,3.0,91.4,3.6,High,Meets,Ready Now
E00078,2025,3.4,90.9,3.5,Low,Partially Meets,Ready 1-2 Years
E00078,2026,2.3,79.3,2.4,Medium,Partially Meets,Ready 1-2 Years
E00079,2022,4.1,93.1,4.5,Low,Meets,Not Ready
E00079,2023,4.0,94.8,4.3,Medium,Exceeds,Not Ready
E00079,2024,4.4,93.5,4.4,Low,Meets,Not Ready
E00079,2025,4.8,96.3,4.8,Medium,Partially Meets,Not Ready
E00079,2026,3.6,86.4,3.4,Medium,Outstanding,Ready 1-2 Years
E00080,2022,4.1,100.3,3.8,High,Meets,Ready 1-2 Years
E00080,2023,3.3,74.0,3.3,Low,Partially Meets,Ready 1-2 Years
E00080,2024,4.4,79.9,4.1,Medium,Meets,Ready 1-2 Years
E00080,2025,4.3,97.1,4.9,Low,Partially Meets,Ready Now
E00080,2026,3.6,77.9,3.2,High,Outstanding,Ready 1-2 Years
E00081,2024,4.1,91.6,4.5,Medium,Exceeds,Ready Now
E00081,2025,3.9,77.5,4.1,High,Exceeds,Ready 1-2 Years
E00081,2026,4.2,75.6,4.3,Medium,Partially Meets,Not Ready
E00082,2024,3.1,101.5,3.5,Low,Outstanding,Ready Now
E00083,2022,2.9,75.7,3.0,Medium,Outstanding,Ready Now
E00083,2023,3.3,89.4,3.1,Medium,Meets,Ready 1-2 Years
E00083,2024,3.6,80.0,4.0,Medium,Exceeds,Ready 1-2 Years
E00083,2025,2.8,95.7,2.9,Medium,Outstanding,Ready 1-2 Years
E00083,2026,3.5,83.1,2.9,Medium,Partially Meets,Ready 1-2 Years
E00084,2025,4.2,99.0,3.9,High,Outstanding,Not Ready
E00084,2026,4.4,113.5,4.5,Medium,Meets,Ready Now
E00085,2022,3.9,99.0,4.2,Low,Meets,Not Ready
E00085,2023,3.1,90.6,2.7,Low,Outstanding,Not Ready
E00085,2024,3.4,77.4,3.4,Low,Meets,Ready Now
E00085,2025,3.2,76.9,3.4,Medium,Meets,Ready 1-2 Years
E00085,2026,3.5,81.6,3.2,High,Meets,Ready 1-2 Years
E00086,2026,3.4,69.0,3.1,Medium,Exceeds,Not Ready
E00087,2025,3.4,63.0,3.1,Medium,Exceeds,Ready Now
E00087,2026,4.2,87.8,4.5,Medium,Meets,Not Ready
E00088,2022,4.8,99.0,5.0,Medium,Outstanding,Not Ready
E00088,2023,4.7,81.6,5.0,Medium,Outstanding,Ready Now
E00088,2024,4.2,84.1,4.2,High,Exceeds,Not Ready
E00088,2025,4.3,82.1,4.1,Medium,Meets,Ready Now
E00088,2026,4.0,81.6,3.5,High,Meets,Ready Now
E00089,2022,3.1,82.4,3.5,Medium,Outstanding,Ready Now
E00089,2023,3.1,69.3,3.6,High,Exceeds,Ready 1-2 Years
E00089,2024,3.8,81.3,3.6,Medium,Meets,Not Ready
E00089,2025,3.2,76.2,2.7,Medium,Outstanding,Ready Now
E00089,2026,2.7,62.6,2.5,Low,Outstanding,Ready Now
E00090,2022,4.4,85.9,4.8,Medium,Meets,Ready Now
E00090,2023,3.6,107.4,3.4,Medium,Outstanding,Ready Now
E00090,2024,3.6,91.8,3.4,Medium,Meets,Not Ready
E00090,2025,3.5,91.9,3.6,Medium,Exceeds,Ready 1-2 Years
E00090,2026,4.2,93.9,4.0,Medium,Meets,Ready 1-2 Years
E00091,2024,3.1,89.4,3.1,Medium,Exceeds,Not Ready
E00091,2025,4.0,94.0,4.2,Low,Exceeds,Ready 1-2 Years
E00091,2026,3.3,79.5,2.6,Low,Outstanding,Ready Now
E00092,2024,4.1,94.8,4.1,High,Meets,Ready 1-2 Years
E00092,2025,4.2,93.3,4.2,Medium,Partially Meets,Not Ready
E00092,2026,4.2,91.8,4.0,Low,Meets,Ready 1-2 Years
E00093,2022,4.5,90.2,4.4,Medium,Meets,Ready Now
E00093,2023,4.2,92.0,3.6,Medium,Outstanding,Not Ready
E00093,2024,3.5,71.5,3.6,Low,Meets,Not Ready
E00093,2025,3.1,86.2,2.7,Medium,Meets,Ready 1-2 Years
E00093,2026,3.8,92.5,3.7,Low,Partially Meets,Not Ready
E00094,2022,2.0,70.1,2.2,Low,Meets,Ready 1-2 Years
E00094,2023,1.7,63.3,1.9,Medium,Meets,Ready 1-2 Years
E00094,2024,1.9,95.3,2.4,Medium,Exceeds,Not Ready
E00094,2025,1.7,74.1,1.7,Medium,Meets,Ready 1-2 Years
E00094,2026,2.1,78.2,2.0,Medium,Meets,Ready Now
E00095,2026,1.9,76.6,1.8,Medium,Exceeds,Ready Now
E00096,2025,2.4,69.1,2.1,Medium,Exceeds,Not Ready
E00096,2026,2.6,86.5,2.8,Medium,Meets,Not Ready
E00098,2023,3.3,86.4,3.4,Low,Meets,Ready Now
E00098,2024,4.1,96.8,4.5,Medium,Partially Meets,Ready 1-2 Years
E00098,2025,3.7,83.7,3.9,High,Meets,Ready 1-2 Years
E00100,2022,3.2,85.0,2.9,Medium,Meets,Ready 1-2 Years
E00100,2023,4.2,94.1,4.5,Medium,Meets,Not Ready
E00100,2024,3.3,82.1,3.6,Medium,Meets,Not Ready
E00100,2025,3.2,89.4,2.9,Medium,Meets,Not Ready
E00100,2026,3.1,81.1,3.2,Medium,Meets,Not Ready
E00102,2022,3.9,91.9,4.2,Medium,Outstanding,Not Ready
E00103,2022,2.5,75.9,2.5,Medium,Exceeds,Ready Now
E00103,2023,3.0,73.1,3.3,Medium,Exceeds,Not Ready
E00103,2024,2.3,82.3,3.1,Medium,Meets,Ready Now
E00103,2025,2.8,89.1,2.4,Medium,Meets,Ready Now
E00103,2026,2.8,85.1,2.6,Medium,Partially Meets,Ready 1-2 Years
E00104,2022,3.9,100.7,3.8,High,Partially Meets,Not Ready
E00104,2023,4.2,77.5,4.1,Medium,Meets,Ready 1-2 Years
E00104,2024,4.5,88.1,4.0,High,Partially Meets,Not Ready
E00104,2025,4.1,92.4,3.8,Medium,Outstanding,Ready 1-2 Years
E00104,2026,4.1,75.5,4.0,Medium,Partially Meets,Not Ready
E00105,2024,3.6,96.5,3.5,Medium,Meets,Ready Now
E00105,2025,4.2,80.1,4.3,Medium,Meets,Ready Now
E00105,2026,4.0,70.3,4.1,Low,Meets,Ready 1-2 Years
E00106,2022,4.2,84.9,4.9,Medium,Exceeds,Not Ready
E00106,2023,3.7,89.3,3.4,Medium,Outstanding,Ready Now
E00106,2024,3.6,81.9,3.9,Medium,Meets,Ready Now
E00106,2025,3.7,72.7,4.4,Medium,Outstanding,Ready Now
E00106,2026,4.4,90.1,4.9,Medium,Outstanding,Ready Now
E00107,2022,4.7,96.7,4.3,Medium,Exceeds,Ready Now
E00107,2023,4.2,82.2,4.5,Low,Partially Meets,Not Ready
E00107,2024,4.7,112.0,5.0,Medium,Exceeds,Ready Now
E00107,2025,4.8,72.0,4.8,Medium,Meets,Not Ready
E00109,2022,3.6,99.6,3.5,Low,Meets,Not Ready
E00109,2023,3.5,83.2,3.4,Medium,Partially Meets,Not Ready
E00109,2024,3.2,70.6,3.6,Medium,Meets,Ready 1-2 Years
E00109,2025,3.1,78.7,2.9,Low,Meets,Not Ready
E00109,2026,4.3,110.4,4.4,Medium,Meets,Ready Now
E00110,2022,4.0,89.5,4.5,Medium,Meets,Not Ready
E00110,2023,3.9,91.3,3.6,Medium,Meets,Ready Now
E00110,2024,3.5,66.9,2.8,Low,Meets,Ready Now
E00110,2025,3.7,97.6,4.0,Medium,Meets,Ready 1-2 Years
E00110,2026,3.4,87.7,3.8,Medium,Meets,Ready Now
E00111,2022,3.5,84.0,2.9,Medium,Meets,Ready Now
E00111,2023,3.8,94.3,4.2,Low,Outstanding,Not Ready
E00111,2024,3.3,104.0,3.5,Medium,Exceeds,Ready 1-2 Years
E00111,2025,3.0,79.6,2.5,High,Meets,Ready Now
E00111,2026,2.7,82.5,2.5,High,Partially Meets,Ready Now
E00112,2022,4.0,104.2,3.5,Medium,Exceeds,Not Ready
E00112,2023,3.0,89.8,3.2,High,Partially Meets,Ready 1-2 Years
E00112,2024,3.5,74.7,3.5,High,Meets,Not Ready
E00112,2025,3.3,80.4,3.9,Medium,Meets,Ready 1-2 Years
E00112,2026,3.1,76.4,3.1,Medium,Meets,Ready Now
E00113,2023,2.9,73.6,2.8,Medium,Meets,Ready Now
E00113,2024,3.5,90.4,4.1,Low,Outstanding,Ready 1-2 Years
E00113,2025,3.3,82.6,3.4,Low,Outstanding,Ready Now
E00113,2026,3.2,84.5,3.1,Low,Partially Meets,Not Ready
E00116,2022,2.5,69.8,2.4,Low,Meets,Ready 1-2 Years
E00116,2023,1.9,85.4,2.0,Medium,Meets,Not Ready
E00116,2024,2.2,79.5,3.0,Low,Exceeds,Ready 1-2 Years
E00116,2025,1.9,77.2,2.1,Medium,Outstanding,Ready 1-2 Years
E00116,2026,2.7,83.6,2.1,Medium,Partially Meets,Not Ready
E00117,2022,2.6,61.4,2.7,High,Outstanding,Ready 1-2 Years
E00117,2023,3.6,88.1,3.9,Low,Meets,Not Ready
E00117,2024,3.4,84.9,3.3,Low,Meets,Ready 1-2 Years
E00117,2025,3.6,96.0,3.6,High,Outstanding,Not Ready
E00117,2026,3.6,80.7,3.5,Medium,Meets,Ready Now
E00118,2023,3.8,96.4,4.0,Low,Meets,Not Ready
E00118,2024,3.5,86.8,3.8,Low,Meets,Ready Now
E00118,2025,3.6,79.4,3.4,Medium,Meets,Ready 1-2 Years
E00118,2026,3.2,59.6,2.9,Medium,Outstanding,Ready 1-2 Years
E00119,2026,3.7,102.5,4.2,Low,Partially Meets,Ready Now
E00120,2022,3.2,75.3,3.0,Medium,Exceeds,Ready Now
E00120,2023,3.5,81.2,3.0,Medium,Exceeds,Not Ready
E00120,2024,3.7,83.2,3.6,High,Meets,Ready Now
E00120,2025,3.3,90.2,3.4,Medium,Exceeds,Not Ready
E00120,2026,3.6,96.7,3.9,Medium,Meets,Not Ready
E00121,2022,2.3,79.7,2.2,Medium,Outstanding,Ready 1-2 Years
E00121,2023,3.2,87.9,2.9,Low,Meets,Ready Now
E00121,2024,2.7,81.3,2.4,Low,Outstanding,Ready Now
E00121,2025,3.4,107.0,3.2,Medium,Partially Meets,Ready Now
E00121,2026,2.4,72.7,2.4,Medium,Partially Meets,Ready Now
E00123,2022,3.3,91.0,2.9,Low,Meets,Not Ready
E00123,2023,4.2,87.5,4.4,Low,Outstanding,Ready Now
E00123,2024,4.0,80.5,4.2,Medium,Exceeds,Ready 1-2 Years
E00123,2025,4.1,106.1,3.4,Low,Partially Meets,Ready Now
E00123,2026,4.0,91.9,4.4,Medium,Meets,Not Ready
E00124,2023,4.3,97.7,4.6,Medium,Meets,Not Ready
E00124,2024,3.2,92.4,3.4,Medium,Meets,Ready Now
E00124,2025,3.8,90.7,4.0,Medium,Meets,Ready Now
E00124,2026,3.3,95.5,3.0,Medium,Meets,Not Ready
E00125,2026,4.6,86.8,4.3,Medium,Outstanding,Ready Now
E00126,2022,4.2,90.5,4.4,High,Exceeds,Ready 1-2 Years
E00126,2023,3.9,94.1,3.8,Medium,Meets,Not Ready
E00126,2024,4.6,99.6,4.4,Medium,Meets,Not Ready
E00127,2022,3.2,99.5,3.5,Low,Exceeds,Ready Now
E00127,2023,4.1,95.7,4.5,Medium,Exceeds,Ready Now
E00127,2024,3.6,102.2,3.6,Medium,Outstanding,Not Ready
E00127,2025,3.4,67.4,3.0,Low,Meets,Not Ready
E00127,2026,4.0,97.7,3.8,High,Partially Meets,Ready 1-2 Years
E00128,2022,2.9,57.4,3.1,Low,Meets,Ready Now
E00128,2023,3.2,81.8,3.3,Medium,Outstanding,Not Ready
E00128,2024,3.1,91.1,2.9,Medium,Outstanding,Not Ready
E00128,2025,3.3,79.6,2.6,Low,Exceeds,Ready 1-2 Years
E00128,2026,3.8,99.3,3.6,Low,Outstanding,Ready Now
E00130,2022,3.1,89.4,3.3,Medium,Meets,Ready 1-2 Years
E00131,2025,2.4,75.9,1.9,Medium,Exceeds,Ready Now
E00131,2026,2.7,82.3,2.7,Medium,Meets,Not Ready
E00132,2022,3.8,85.7,3.5,Medium,Exceeds,Ready 1-2 Years
E00132,2023,2.7,77.4,2.5,Medium,Partially Meets,Ready Now
E00132,2024,3.2,65.4,3.1,Medium,Outstanding,Ready 1-2 Years
E00132,2025,3.5,83.0,3.5,Medium,Exceeds,Ready Now
E00132,2026,3.3,83.4,3.6,Medium,Exceeds,Ready 1-2 Years
E00133,2022,3.1,83.0,3.2,Medium,Outstanding,Not Ready
E00133,2023,2.9,92.6,2.4,Medium,Outstanding,Ready 1-2 Years
E00134,2024,3.1,77.3,2.6,High,Meets,Not Ready
E00134,2025,4.0,85.0,3.5,Medium,Meets,Ready Now
E00134,2026,3.6,86.3,3.7,Medium,Meets,Ready 1-2 Years
E00135,2022,3.9,91.5,3.6,Medium,Outstanding,Ready Now
E00135,2023,4.0,84.0,4.0,Low,Meets,Not Ready
E00135,2024,3.9,98.2,4.0,Medium,Partially Meets,Not Ready
E00135,2025,3.8,94.5,4.2,Medium,Outstanding,Ready 1-2 Years
E00135,2026,4.1,98.5,4.0,High,Partially Meets,Not Ready
E00136,2024,2.6,81.4,2.2,Medium,Meets,Ready 1-2 Years
E00136,2025,2.3,88.1,2.4,Medium,Meets,Ready 1-2 Years
E00136,2026,2.5,80.3,2.2,Medium,Meets,Ready Now
E00137,2023,2.9,72.0,2.6,Medium,Outstanding,Ready 1-2 Years
E00137,2024,3.7,112.6,4.0,High,Partially Meets,Ready Now
E00137,2025,3.8,82.8,4.3,Medium,Meets,Ready 1-2 Years
E00137,2026,2.9,82.7,3.0,Medium,Meets,Ready 1-2 Years
E00138,2026,3.8,77.6,4.4,Medium,Exceeds,Ready Now
E00139,2022,3.2,106.7,3.4,Medium,Meets,Ready 1-2 Years
E00139,2023,3.3,86.3,3.3,Medium,Outstanding,Ready Now
E00139,2024,3.5,84.9,4.0,Low,Exceeds,Ready 1-2 Years
E00139,2025,3.5,83.7,3.2,High,Exceeds,Not Ready
E00139,2026,4.1,106.6,3.9,Medium,Meets,Not Ready
E00140,2022,4.2,85.1,4.6,High,Partially Meets,Not Ready
E00140,2023,4.0,83.1,3.8,Medium,Meets,Ready 1-2 Years
E00140,2024,4.2,85.3,3.9,High,Exceeds,Ready Now
E00140,2025,3.8,100.0,4.0,High,Exceeds,Ready 1-2 Years
E00140,2026,3.5,96.5,3.9,Medium,Meets,Ready Now
E00141,2022,4.8,111.0,4.3,Medium,Outstanding,Ready Now
E00141,2023,4.0,104.6,4.0,High,Partially Meets,Not Ready
E00142,2022,3.9,80.0,3.9,Low,Outstanding,Not Ready
E00142,2023,4.3,100.6,5.0,Medium,Meets,Ready 1-2 Years
E00142,2024,4.0,92.3,3.8,Medium,Partially Meets,Ready 1-2 Years
E00142,2025,3.5,83.7,3.7,High,Meets,Ready 1-2 Years
E00142,2026,4.9,90.0,4.9,Medium,Meets,Ready 1-2 Years
E00143,2022,2.2,77.0,2.6,High,Meets,Ready 1-2 Years
E00144,2022,3.6,81.3,3.6,Medium,Exceeds,Ready Now
E00144,2023,3.2,83.6,2.8,Medium,Meets,Ready 1-2 Years
E00144,2024,3.6,68.3,3.8,Medium,Outstanding,Ready Now
E00144,2025,3.7,77.0,3.6,Medium,Meets,Not Ready
E00144,2026,3.4,78.0,3.2,Medium,Exceeds,Ready 1-2 Years
E00145,2022,3.4,82.4,3.2,Medium,Meets,Ready Now
E00145,2023,3.7,85.3,3.7,Medium,Meets,Ready Now
E00145,2024,2.7,87.2,2.9,Medium,Outstanding,Ready 1-2 Years
E00145,2025,3.3,101.7,3.2,Medium,Meets,Ready Now
E00145,2026,3.3,78.0,3.4,Medium,Outstanding,Ready Now
E00146,2022,4.3,74.0,4.4,Medium,Meets,Ready 1-2 Years
E00146,2023,3.7,85.4,3.2,Low,Partially Meets,Ready Now
E00146,2024,3.5,58.5,3.8,Low,Meets,Ready Now
E00146,2025,3.9,91.7,3.8,Medium,Meets,Not Ready
E00146,2026,3.6,100.2,4.0,Low,Exceeds,Not Ready
E00147,2022,4.2,91.4,3.7,Medium,Meets,Not Ready
E00147,2023,5.0,107.9,4.6,Medium,Outstanding,Ready 1-2 Years
E00147,2024,4.8,98.6,5.0,Low,Outstanding,Not Ready
E00147,2025,5.0,109.2,4.6,Medium,Meets,Not Ready
E00147,2026,4.4,85.3,4.5,Medium,Meets,Ready 1-2 Years
E00148,2022,3.0,71.4,3.0,Low,Partially Meets,Ready Now
E00148,2023,2.5,74.1,2.6,Medium,Partially Meets,Not Ready
E00148,2024,2.8,76.9,2.8,Medium,Outstanding,Ready 1-2 Years
E00148,2025,2.1,82.1,2.2,High,Exceeds,Not Ready
E00148,2026,2.8,71.0,3.0,Medium,Outstanding,Ready 1-2 Years
E00150,2025,3.5,96.6,3.1,Low,Exceeds,Ready Now
E00150,2026,3.8,73.5,3.6,Medium,Meets,Not Ready
E00151,2025,3.2,96.8,3.3,Medium,Partially Meets,Ready 1-2 Years
E00151,2026,3.1,87.2,2.6,Medium,Partially Meets,Ready 1-2 Years
E00152,2022,2.8,83.0,2.4,Medium,Partially Meets,Ready Now
E00152,2023,3.0,87.0,3.3,Medium,Outstanding,Ready Now
E00152,2024,3.9,86.5,3.2,Medium,Exceeds,Ready Now
E00152,2025,3.3,79.2,3.0,Low,Exceeds,Ready Now
E00152,2026,3.7,79.2,4.1,Medium,Partially Meets,Not Ready
E00153,2025,3.2,96.9,2.9,Medium,Outstanding,Ready 1-2 Years
E00153,2026,3.5,90.6,3.9,Low,Exceeds,Not Ready
E00155,2022,3.5,84.8,3.4,Medium,Partially Meets,Ready Now
E00155,2023,2.7,80.7,2.6,Medium,Meets,Not Ready
E00155,2024,2.7,74.8,2.8,Medium,Partially Meets,Not Ready
E00155,2025,2.3,73.9,2.3,High,Partially Meets,Not Ready
E00155,2026,2.5,65.8,2.6,High,Meets,Ready Now
E00156,2024,2.9,71.4,2.9,Medium,Exceeds,Ready 1-2 Years
E00156,2025,3.1,72.7,3.4,Low,Exceeds,Ready 1-2 Years
E00156,2026,2.9,81.0,3.1,Medium,Partially Meets,Ready 1-2 Years
E00157,2023,3.0,85.0,2.7,Medium,Meets,Not Ready
E00157,2024,2.5,93.5,2.5,Low,Meets,Ready 1-2 Years
E00157,2025,2.4,66.7,2.2,Medium,Outstanding,Ready 1-2 Years
E00157,2026,3.3,82.7,3.7,Medium,Meets,Not Ready
E00158,2022,2.4,65.0,2.6,Low,Exceeds,Ready Now
E00158,2023,2.2,71.4,2.6,Low,Partially Meets,Not Ready
E00158,2024,2.4,75.5,2.4,Medium,Partially Meets,Ready 1-2 Years
E00158,2025,2.2,74.6,2.0,Medium,Meets,Ready 1-2 Years
E00159,2022,3.9,96.3,3.5,Medium,Partially Meets,Not Ready
E00159,2023,4.1,54.3,3.9,Medium,Meets,Ready Now
E00159,2024,3.7,92.2,3.4,Low,Meets,Ready Now
E00159,2025,4.3,76.0,4.1,Medium,Meets,Ready Now
E00159,2026,4.1,98.1,4.6,Medium,Exceeds,Ready Now
E00160,2022,2.1,70.2,2.0,Medium,Meets,Not Ready
E00160,2023,3.0,76.8,2.9,Medium,Partially Meets,Ready 1-2 Years
E00160,2024,2.5,82.6,2.1,Low,Meets,Ready 1-2 Years
E00160,2025,2.6,64.9,2.3,Low,Meets,Ready Now
E00160,2026,2.9,72.0,2.7,Medium,Partially Meets,Not Ready
E00161,2023,2.6,76.1,2.7,Medium,Outstanding,Ready Now
E00161,2024,2.4,73.9,2.5,Medium,Exceeds,Not Ready
E00162,2022,2.4,89.9,2.1,Medium,Meets,Not Ready
E00162,2023,2.4,83.7,2.0,Medium,Exceeds,Ready 1-2 Years
E00162,2024,2.9,78.8,3.2,Medium,Meets,Ready 1-2 Years
E00162,2025,1.9,94.5,1.6,High,Meets,Ready 1-2 Years
E00162,2026,2.3,104.4,2.7,Low,Meets,Ready Now
E00163,2026,4.5,89.5,4.5,Medium,Partially Meets,Ready 1-2 Years
E00164,2025,3.1,68.3,2.8,Medium,Meets,Not Ready
E00164,2026,1.9,69.7,2.4,High,Meets,Not Ready
E00165,2022,1.9,84.8,1.3,High,Outstanding,Ready Now
E00165,2023,1.6,77.0,1.3,Medium,Exceeds,Ready Now
E00167,2026,3.5,106.6,3.3,High,Partially Meets,Not Ready
E00168,2023,3.1,77.6,2.6,High,Exceeds,Not Ready
E00168,2024,3.4,85.9,3.4,Low,Outstanding,Not Ready
E00168,2025,3.5,90.1,3.6,Medium,Meets,Ready 1-2 Years
E00168,2026,3.7,79.8,3.7,Medium,Meets,Not Ready
E00169,2026,3.5,99.3,2.9,Medium,Outstanding,Ready Now
E00171,2022,2.6,97.9,2.5,Low,Exceeds,Not Ready
E00171,2023,2.1,78.0,2.1,Medium,Exceeds,Ready Now
E00171,2024,2.2,89.6,2.4,Medium,Meets,Ready Now
E00171,2025,2.4,84.2,2.1,High,Outstanding,Ready 1-2 Years
E00171,2026,2.4,76.5,3.0,High,Exceeds,Ready Now
E00172,2023,3.8,91.0,3.9,Low,Partially Meets,Ready 1-2 Years
E00172,2024,3.9,90.8,3.8,Medium,Partially Meets,Ready 1-2 Years
E00172,2025,4.1,86.5,4.8,High,Partially Meets,Not Ready
E00172,2026,3.6,87.7,3.1,High,Outstanding,Not Ready
E00173,2024,2.9,63.0,2.6,Medium,Outstanding,Ready Now
E00173,2025,3.4,85.0,3.4,Medium,Partially Meets,Ready 1-2 Years
E00173,2026,3.1,78.6,3.1,Medium,Partially Meets,Ready Now
E00174,2023,5.0,102.1,4.8,Medium,Meets,Not Ready
E00174,2024,4.6,92.2,5.0,Medium,Outstanding,Not Ready
E00174,2025,4.1,83.8,4.3,Medium,Partially Meets,Not Ready
E00174,2026,4.6,83.4,4.3,Medium,Meets,Ready 1-2 Years
E00175,2022,2.1,85.3,2.2,Low,Outstanding,Ready 1-2 Years
E00175,2023,3.4,66.7,3.2,Medium,Outstanding,Ready 1-2 Years
E00175,2024,3.6,76.5,3.4,Low,Partially Meets,Ready Now
E00175,2025,4.2,85.5,4.5,Medium,Outstanding,Ready Now
E00175,2026,3.9,91.9,4.0,Medium,Partially Meets,Not Ready
E00176,2022,4.2,96.3,4.4,Medium,Exceeds,Ready 1-2 Years
E00176,2023,4.5,91.8,4.7,Medium,Exceeds,Not Ready
E00176,2024,4.6,86.1,4.3,Medium,Outstanding,Ready 1-2 Years
E00176,2025,3.8,95.6,3.9,Medium,Partially Meets,Ready Now
E00176,2026,4.9,102.1,4.8,Low,Meets,Ready Now
E00177,2025,4.4,92.1,5.0,Low,Outstanding,Ready 1-2 Years
E00178,2022,4.2,70.1,4.3,Low,Outstanding,Not Ready
E00178,2023,4.6,86.7,4.8,Medium,Partially Meets,Ready Now
E00178,2024,4.4,68.7,4.3,Medium,Meets,Ready 1-2 Years
E00178,2025,5.0,82.3,5.0,Medium,Meets,Ready Now
E00178,2026,4.4,88.7,4.9,Medium,Partially Meets,Ready Now
E00179,2026,3.3,112.0,3.1,Medium,Meets,Ready Now
E00180,2022,3.1,68.2,3.3,Medium,Outstanding,Ready 1-2 Years
E00180,2023,3.1,87.2,2.9,Low,Exceeds,Not Ready
E00180,2024,2.8,77.1,2.3,Low,Outstanding,Not Ready
E00180,2025,2.2,66.2,2.5,Low,Meets,Not Ready
E00180,2026,3.3,70.0,2.9,Low,Outstanding,Ready Now
E00181,2022,2.8,80.5,3.0,Medium,Meets,Ready 1-2 Years
E00181,2023,2.0,74.3,1.5,Medium,Meets,Not Ready
E00181,2024,2.4,69.3,2.4,Medium,Partially Meets,Ready Now
E00181,2025,2.9,72.7,2.8,Medium,Meets,Not Ready
E00181,2026,3.0,88.1,3.2,Low,Outstanding,Not Ready
E00182,2022,4.4,89.1,4.4,Medium,Outstanding,Ready 1-2 Years
E00182,2023,4.6,78.8,4.6,Medium,Partially Meets,Not Ready
E00182,2024,4.0,83.5,4.0,High,Partially Meets,Ready 1-2 Years
E00182,2025,3.9,89.4,4.0,High,Exceeds,Ready Now
E00182,2026,4.1,86.5,4.4,Medium,Meets,Ready 1-2 Years
E00183,2022,2.8,71.0,3.6,Low,Partially Meets,Ready 1-2 Years
E00183,2023,3.1,79.8,2.6,Low,Meets,Ready 1-2 Years
E00183,2024,3.3,77.9,2.7,Low,Exceeds,Ready 1-2 Years
E00183,2025,2.5,68.3,2.5,Low,Outstanding,Ready 1-2 Years
E00183,2026,2.5,82.3,2.8,Low,Exceeds,Ready Now
E00186,2023,2.6,70.3,2.6,Medium,Partially Meets,Ready 1-2 Years
E00186,2024,2.6,77.7,2.5,Low,Meets,Ready Now
E00187,2022,2.8,68.8,2.6,Medium,Meets,Not Ready
E00187,2023,3.2,91.8,3.0,Medium,Outstanding,Ready Now
E00187,2024,3.1,70.3,3.2,Medium,Exceeds,Not Ready
E00187,2025,3.4,97.8,3.1,Low,Meets,Not Ready
E00187,2026,3.6,82.0,4.2,High,Meets,Ready 1-2 Years
E00189,2024,2.9,101.9,2.7,Medium,Meets,Ready 1-2 Years
E00189,2025,3.4,97.1,3.5,Medium,Partially Meets,Ready 1-2 Years
E00189,2026,2.3,58.9,2.2,High,Partially Meets,Ready Now
E00190,2022,4.0,99.6,4.1,Low,Partially Meets,Ready 1-2 Years
E00190,2023,3.6,85.1,3.6,High,Partially Meets,Ready 1-2 Years
E00190,2024,3.7,120.0,3.7,Medium,Meets,Not Ready
E00190,2025,4.1,94.8,4.0,Medium,Exceeds,Ready 1-2 Years
E00190,2026,4.1,92.7,3.9,Medium,Meets,Ready 1-2 Years
E00191,2022,3.2,97.2,3.0,Medium,Exceeds,Ready 1-2 Years
E00191,2023,3.6,99.8,3.8,Low,Outstanding,Ready 1-2 Years
E00191,2024,3.5,88.9,3.8,Medium,Partially Meets,Ready Now
E00191,2025,3.8,87.4,3.8,Medium,Outstanding,Ready 1-2 Years
E00191,2026,3.2,86.4,3.1,Low,Outstanding,Ready Now
E00192,2022,3.6,70.6,3.8,High,Meets,Ready Now
E00192,2023,3.2,77.0,3.4,Medium,Exceeds,Ready Now
E00192,2024,3.1,85.7,3.4,Medium,Outstanding,Not Ready
E00192,2025,3.5,82.3,3.7,High,Exceeds,Ready Now
E00192,2026,3.5,100.0,3.9,Medium,Partially Meets,Not Ready
E00193,2022,2.2,78.1,2.3,Medium,Partially Meets,Ready Now
E00193,2023,2.2,56.6,2.1,Medium,Exceeds,Not Ready
E00193,2024,2.4,84.1,2.5,Medium,Meets,Ready 1-2 Years
E00193,2025,2.0,91.2,1.6,High,Outstanding,Not Ready
E00193,2026,2.5,73.3,3.2,Medium,Exceeds,Not Ready
E00194,2026,3.7,82.4,3.6,Medium,Outstanding,Ready 1-2 Years
E00195,2023,3.8,78.6,3.6,Medium,Exceeds,Ready Now
E00195,2024,4.0,101.4,3.7,Medium,Exceeds,Not Ready
E00195,2025,3.7,94.3,3.6,High,Partially Meets,Ready 1-2 Years
E00195,2026,3.6,79.0,3.6,Medium,Exceeds,Ready 1-2 Years
E00196,2026,3.1,92.7,3.0,Medium,Meets,Ready 1-2 Years
E00197,2022,1.6,83.2,2.0,High,Partially Meets,Ready 1-2 Years
E00197,2023,1.6,71.8,1.8,Medium,Meets,Ready 1-2 Years
E00197,2024,2.5,67.7,2.7,Medium,Meets,Not Ready
E00197,2025,2.4,76.5,2.4,Medium,Exceeds,Ready 1-2 Years
E00197,2026,2.2,66.8,2.6,Medium,Outstanding,Ready 1-2 Years
E00198,2026,2.5,90.2,2.0,Medium,Partially Meets,Ready 1-2 Years
E00199,2023,3.9,70.4,3.8,High,Exceeds,Not Ready
E00199,2024,3.1,74.2,3.1,Medium,Outstanding,Ready 1-2 Years
E00199,2025,3.6,84.3,3.5,High,Partially Meets,Ready Now
E00199,2026,3.3,72.7,3.6,Medium,Meets,Ready 1-2 Years
E00200,2023,2.5,84.1,3.0,Medium,Outstanding,Ready 1-2 Years
E00200,2024,2.9,96.0,2.7,Low,Partially Meets,Ready 1-2 Years
E00200,2025,3.3,83.3,2.9,Medium,Meets,Not Ready
E00200,2026,2.4,76.1,2.2,Medium,Meets,Ready Now
E00201,2022,2.8,73.3,2.8,Medium,Exceeds,Ready Now
E00201,2023,2.7,91.0,2.8,Low,Exceeds,Ready 1-2 Years
E00201,2024,3.0,98.2,3.1,Low,Meets,Ready 1-2 Years
E00201,2025,2.3,84.2,2.0,Low,Exceeds,Ready 1-2 Years
E00201,2026,3.0,88.4,3.0,Medium,Partially Meets,Not Ready
E00202,2022,3.5,99.5,3.6,Medium,Outstanding,Not Ready
E00202,2023,3.0,89.6,3.1,Medium,Meets,Ready Now
E00202,2024,3.1,95.5,3.0,Medium,Outstanding,Not Ready
E00202,2025,3.9,78.9,3.5,Medium,Outstanding,Ready 1-2 Years
E00202,2026,3.1,63.8,3.2,Medium,Meets,Not Ready
E00203,2022,2.3,71.7,2.3,Low,Meets,Ready Now
E00203,2023,2.7,85.7,2.9,Low,Exceeds,Ready 1-2 Years
E00203,2024,3.0,76.9,2.9,Medium,Partially Meets,Ready 1-2 Years
E00203,2025,1.9,61.1,2.3,High,Meets,Not Ready
E00203,2026,2.0,85.0,1.9,Low,Partially Meets,Not Ready
E00204,2026,2.0,85.3,2.0,Medium,Meets,Ready 1-2 Years
E00205,2025,2.4,69.4,2.4,Medium,Exceeds,Not Ready
E00205,2026,2.6,82.8,1.9,Medium,Meets,Ready 1-2 Years
E00206,2022,2.8,62.5,2.9,Medium,Partially Meets,Ready Now
E00206,2023,2.7,83.4,3.3,Low,Outstanding,Ready Now
E00206,2024,3.4,76.7,3.3,Medium,Partially Meets,Not Ready
E00206,2025,3.3,79.3,3.3,Medium,Meets,Ready 1-2 Years
E00206,2026,3.4,78.1,3.1,Medium,Exceeds,Not Ready
E00207,2022,3.5,94.4,3.4,High,Partially Meets,Ready 1-2 Years
E00207,2023,3.6,107.9,3.8,High,Partially Meets,Not Ready
E00207,2024,3.9,70.9,4.1,Low,Outstanding,Not Ready
E00207,2025,4.2,103.2,4.1,Low,Exceeds,Ready Now
E00207,2026,3.7,88.8,3.9,Medium,Outstanding,Ready Now
E00208,2026,3.8,86.5,4.1,High,Exceeds,Not Ready
E00209,2022,3.2,78.1,2.9,Medium,Outstanding,Ready 1-2 Years
E00209,2023,3.5,101.6,2.9,High,Meets,Not Ready
E00209,2024,3.8,92.8,3.6,Medium,Meets,Not Ready
E00209,2025,3.1,60.1,2.5,Medium,Partially Meets,Not Ready
E00209,2026,2.8,76.0,2.9,Medium,Meets,Ready Now
E00210,2022,4.6,90.4,4.4,Low,Partially Meets,Ready 1-2 Years
E00210,2023,3.4,94.7,3.7,High,Exceeds,Not Ready
E00210,2024,3.3,71.9,3.0,High,Meets,Not Ready
E00210,2025,3.9,97.6,3.6,Medium,Outstanding,Not Ready
E00210,2026,4.3,98.7,4.2,Medium,Exceeds,Not Ready
E00211,2022,3.8,90.7,3.5,Medium,Exceeds,Ready Now
E00211,2023,4.7,88.5,4.6,Low,Meets,Ready Now
E00212,2022,5.0,76.8,5.0,Medium,Partially Meets,Ready 1-2 Years
E00212,2023,4.4,96.5,4.6,High,Exceeds,Not Ready
E00212,2024,4.6,100.2,3.9,High,Partially Meets,Ready 1-2 Years
E00212,2025,4.9,86.0,4.4,Medium,Outstanding,Not Ready
E00212,2026,4.6,81.1,4.1,Medium,Meets,Ready 1-2 Years
E00213,2022,3.2,82.7,3.1,Medium,Outstanding,Not Ready
E00213,2023,2.8,99.0,2.6,Medium,Meets,Ready 1-2 Years
E00213,2024,2.7,83.6,2.9,Low,Outstanding,Ready 1-2 Years
E00213,2025,3.1,85.5,3.4,Medium,Partially Meets,Ready Now
E00213,2026,3.8,82.4,4.1,Low,Exceeds,Not Ready
E00214,2022,3.0,74.7,3.1,Medium,Outstanding,Not Ready
E00214,2023,3.0,63.4,3.0,Medium,Exceeds,Not Ready
E00214,2024,3.0,70.1,3.0,Low,Meets,Not Ready
E00214,2025,2.4,89.4,2.2,Low,Partially Meets,Ready 1-2 Years
E00214,2026,3.7,97.6,3.7,High,Outstanding,Ready 1-2 Years
E00215,2022,3.3,82.6,3.2,Low,Outstanding,Not Ready
E00215,2023,3.3,86.0,3.4,Medium,Meets,Ready Now
E00215,2024,3.1,76.2,2.8,Medium,Meets,Ready 1-2 Years
E00215,2025,2.8,84.0,2.6,Medium,Meets,Not Ready
E00215,2026,3.0,79.3,2.8,Medium,Meets,Not Ready
E00216,2024,3.0,84.3,3.1,Low,Outstanding,Ready 1-2 Years
E00216,2025,2.6,102.1,3.1,Medium,Partially Meets,Ready Now
E00216,2026,2.4,77.7,2.4,Medium,Outstanding,Ready 1-2 Years
E00217,2022,3.0,86.8,3.6,Medium,Outstanding,Ready 1-2 Years
E00217,2023,3.5,72.9,3.2,High,Partially Meets,Ready Now
E00217,2024,2.8,65.6,3.0,High,Partially Meets,Ready 1-2 Years
E00217,2025,3.1,86.9,2.8,Medium,Outstanding,Not Ready
E00217,2026,3.3,74.0,3.3,Medium,Meets,Not Ready
E00218,2024,2.8,93.9,2.3,High,Partially Meets,Not Ready
E00218,2025,2.1,83.0,2.1,Low,Outstanding,Ready 1-2 Years
E00218,2026,3.3,84.9,3.3,Low,Meets,Not Ready
E00219,2022,4.1,93.1,4.4,Low,Partially Meets,Not Ready
E00219,2023,4.5,89.9,4.1,Low,Meets,Ready 1-2 Years
E00219,2024,4.0,100.1,4.3,Medium,Exceeds,Not Ready
E00219,2025,3.9,75.6,4.0,Medium,Meets,Ready Now
E00219,2026,4.5,90.5,4.4,Medium,Meets,Ready 1-2 Years
E00221,2022,4.2,82.6,4.1,Medium,Meets,Not Ready
E00221,2023,3.6,87.8,3.5,Low,Outstanding,Ready 1-2 Years
E00221,2024,4.7,96.2,4.7,Low,Meets,Ready Now
E00221,2025,4.6,91.9,5.0,Low,Meets,Not Ready
E00221,2026,4.4,93.3,4.4,Medium,Exceeds,Ready 1-2 Years
E00223,2026,2.3,93.7,2.6,Low,Meets,Ready Now
E00224,2024,3.7,90.0,3.9,Low,Partially Meets,Not Ready
E00224,2025,3.2,70.9,3.5,High,Meets,Not Ready
E00224,2026,3.1,80.2,2.9,High,Meets,Ready 1-2 Years
E00225,2022,3.3,80.6,3.4,Low,Meets,Ready 1-2 Years
E00225,2023,3.2,87.5,3.7,Medium,Partially Meets,Ready 1-2 Years
E00225,2024,3.5,101.4,3.2,Low,Meets,Not Ready
E00225,2025,3.3,71.2,3.1,Medium,Outstanding,Ready 1-2 Years
E00225,2026,3.5,86.3,3.9,Low,Meets,Ready Now
E00226,2022,2.0,66.5,1.6,Medium,Outstanding,Ready 1-2 Years
E00226,2023,2.5,80.9,2.6,Low,Partially Meets,Ready Now
E00226,2024,2.9,80.4,3.3,Medium,Exceeds,Ready Now
E00226,2025,2.4,70.1,2.4,Low,Meets,Not Ready
E00226,2026,2.3,96.2,2.0,Low,Partially Meets,Ready 1-2 Years
E00229,2023,3.6,94.0,3.5,Low,Outstanding,Ready Now
E00229,2024,3.7,86.0,4.2,Medium,Outstanding,Not Ready
E00229,2025,3.6,92.4,3.5,Medium,Outstanding,Ready Now
E00229,2026,3.1,71.2,2.5,Low,Meets,Ready 1-2 Years
E00230,2022,4.7,95.9,4.8,Medium,Partially Meets,Not Ready
E00230,2023,3.9,83.9,4.3,Medium,Meets,Not Ready
E00230,2024,4.4,74.3,4.5,Medium,Partially Meets,Ready Now
E00230,2025,4.7,95.7,4.5,Medium,Meets,Ready 1-2 Years
E00230,2026,4.1,104.9,3.9,Low,Partially Meets,Ready Now
E00231,2025,3.9,84.0,4.0,Medium,Exceeds,Ready Now
E00231,2026,4.0,88.4,3.8,Medium,Exceeds,Ready Now
E00232,2024,2.0,80.2,2.2,Medium,Meets,Ready Now
E00232,2025,2.6,62.8,2.5,Medium,Meets,Ready Now
E00232,2026,2.9,78.8,2.6,Low,Partially Meets,Not Ready
E00233,2023,2.9,76.7,2.7,Medium,Outstanding,Not Ready
E00233,2024,3.6,96.2,2.9,Medium,Partially Meets,Not Ready
E00233,2025,2.1,95.2,1.9,High,Meets,Ready 1-2 Years
E00233,2026,2.9,90.9,2.5,Low,Meets,Ready 1-2 Years
E00234,2022,2.6,84.1,2.6,Low,Partially Meets,Ready Now
E00234,2023,3.1,99.4,3.1,Medium,Outstanding,Ready 1-2 Years
E00234,2024,2.1,79.2,2.3,Medium,Exceeds,Ready 1-2 Years
E00234,2025,2.7,87.6,2.6,Medium,Partially Meets,Ready 1-2 Years
E00234,2026,3.0,87.3,2.7,High,Meets,Ready Now
E00235,2022,3.6,87.7,3.6,Medium,Outstanding,Ready 1-2 Years
E00235,2023,4.3,104.7,4.0,Medium,Outstanding,Not Ready
E00235,2024,4.7,90.5,4.8,Medium,Partially Meets,Ready 1-2 Years
E00235,2025,3.6,79.9,3.2,Medium,Outstanding,Ready 1-2 Years
E00235,2026,4.7,88.7,5.0,Medium,Meets,Ready 1-2 Years
E00236,2022,3.5,66.5,3.7,Medium,Partially Meets,Ready 1-2 Years
E00236,2023,3.6,100.2,3.6,Medium,Partially Meets,Ready 1-2 Years
E00236,2024,3.5,80.6,3.0,Medium,Partially Meets,Ready Now
E00236,2025,3.0,74.2,3.0,Low,Meets,Ready Now
E00236,2026,2.7,91.9,2.8,Medium,Meets,Ready Now
E00237,2022,4.9,80.9,4.9,Medium,Outstanding,Ready Now
E00237,2023,3.9,84.2,4.0,Low,Exceeds,Not Ready
E00237,2024,4.0,94.5,4.1,High,Meets,Ready Now
E00237,2025,3.6,87.8,3.3,Medium,Exceeds,Ready 1-2 Years
E00237,2026,4.1,88.2,4.9,Medium,Exceeds,Not Ready
E00240,2022,1.3,65.0,1.0,Medium,Partially Meets,Not Ready
E00240,2023,1.0,74.2,1.0,Low,Partially Meets,Ready Now
E00240,2024,1.9,74.4,1.4,Low,Meets,Ready Now
E00240,2025,1.2,61.9,1.5,High,Exceeds,Ready Now
E00240,2026,2.1,86.8,2.5,Low,Outstanding,Ready 1-2 Years
E00241,2023,3.5,78.1,3.4,Medium,Partially Meets,Ready 1-2 Years
E00241,2024,3.7,88.3,3.6,Low,Exceeds,Not Ready
E00241,2025,3.3,90.4,3.0,Low,Meets,Not Ready
E00241,2026,3.3,85.2,3.6,High,Meets,Ready 1-2 Years
E00242,2025,5.0,102.4,5.0,Medium,Meets,Ready Now
E00242,2026,4.2,87.3,3.4,Low,Outstanding,Ready 1-2 Years
E00243,2025,3.7,90.2,3.7,Medium,Outstanding,Ready Now
E00243,2026,3.0,81.4,2.7,High,Meets,Ready 1-2 Years
E00244,2022,3.3,99.2,3.6,Medium,Outstanding,Ready 1-2 Years
E00244,2023,3.3,95.8,3.3,Low,Meets,Ready 1-2 Years
E00244,2024,3.1,95.7,3.4,High,Exceeds,Not Ready
E00244,2025,3.1,77.8,3.5,Medium,Exceeds,Ready Now
E00244,2026,3.3,76.7,3.4,Low,Meets,Ready Now
E00245,2024,3.4,114.8,2.7,High,Outstanding,Ready Now
E00245,2025,3.7,91.5,3.6,Medium,Outstanding,Ready Now
E00245,2026,3.2,58.5,2.8,Medium,Meets,Not Ready
E00246,2022,2.6,78.7,2.4,Medium,Partially Meets,Ready Now
E00246,2023,2.8,74.7,2.3,Medium,Meets,Not Ready
E00246,2024,3.3,88.7,3.2,Medium,Exceeds,Ready Now
E00246,2025,3.4,98.2,3.6,Medium,Partially Meets,Ready Now
E00246,2026,2.9,82.5,2.5,High,Exceeds,Not Ready
E00248,2024,3.2,63.3,2.8,Medium,Meets,Ready 1-2 Years
E00248,2025,2.8,68.4,2.7,Medium,Meets,Not Ready
E00248,2026,3.0,92.1,3.0,Medium,Meets,Not Ready
E00249,2022,2.7,79.8,2.8,High,Exceeds,Ready Now
E00249,2023,3.3,83.1,3.1,High,Meets,Ready Now
E00249,2024,3.3,88.5,3.4,Medium,Exceeds,Ready Now
E00249,2025,3.2,67.5,3.0,Low,Exceeds,Ready 1-2 Years
E00249,2026,2.9,98.2,3.3,High,Outstanding,Ready Now
E00250,2025,2.3,85.4,1.9,Medium,Outstanding,Ready Now
E00250,2026,2.5,76.7,3.1,High,Outstanding,Not Ready
E00251,2022,3.2,84.7,3.7,Medium,Meets,Not Ready
E00251,2023,3.6,67.2,4.2,Medium,Meets,Ready Now
E00251,2024,3.9,86.1,4.5,Medium,Outstanding,Ready 1-2 Years
E00251,2025,3.6,74.6,3.6,High,Partially Meets,Ready Now
E00251,2026,3.3,89.3,3.1,High,Meets,Ready 1-2 Years
E00252,2022,4.3,96.6,4.6,Medium,Partially Meets,Ready Now
E00252,2023,3.7,92.6,3.4,Medium,Meets,Not Ready
E00252,2024,3.6,77.7,3.5,Medium,Partially Meets,Ready Now
E00252,2025,3.5,98.0,3.4,Low,Partially Meets,Not Ready
E00253,2023,2.7,81.2,2.7,Medium,Partially Meets,Ready Now
E00253,2024,2.6,59.7,2.5,Medium,Exceeds,Ready Now
E00253,2025,2.4,64.6,2.7,High,Meets,Not Ready
E00253,2026,3.2,93.2,2.5,Medium,Partially Meets,Ready 1-2 Years
E00254,2022,2.1,67.6,2.4,Medium,Partially Meets,Ready 1-2 Years
E00254,2023,2.6,77.0,2.6,High,Outstanding,Not Ready
E00254,2024,2.4,82.6,2.2,Low,Meets,Ready Now
E00254,2025,2.9,78.3,2.6,Medium,Outstanding,Ready Now
E00254,2026,2.8,78.7,2.6,Medium,Meets,Ready Now
E00255,2022,3.9,94.9,4.4,High,Exceeds,Not Ready
E00255,2023,4.0,90.8,3.9,Low,Exceeds,Not Ready
E00255,2024,3.8,91.6,4.2,Medium,Meets,Not Ready
E00255,2025,3.8,78.0,4.8,Medium,Outstanding,Not Ready
E00255,2026,3.2,79.2,2.8,Low,Meets,Ready 1-2 Years
E00256,2022,4.0,93.2,4.2,High,Meets,Ready Now
E00256,2023,3.5,89.4,3.5,Low,Partially Meets,Ready 1-2 Years
E00256,2024,4.4,103.3,4.1,Medium,Meets,Ready 1-2 Years
E00256,2025,4.0,79.0,4.4,Low,Exceeds,Ready 1-2 Years
E00256,2026,4.5,91.6,4.4,Medium,Partially Meets,Not Ready
E00257,2022,3.5,65.6,3.4,Medium,Meets,Not Ready
E00257,2023,3.4,95.6,3.2,Low,Outstanding,Ready Now
E00257,2024,3.9,95.2,4.4,Medium,Meets,Ready 1-2 Years
E00257,2025,3.5,85.3,3.9,High,Meets,Ready 1-2 Years
E00257,2026,2.7,82.5,2.7,Medium,Meets,Ready 1-2 Years
E00258,2022,3.4,81.0,3.3,High,Exceeds,Not Ready
E00258,2023,3.5,61.4,3.4,Medium,Meets,Ready 1-2 Years
E00258,2024,3.9,91.4,4.3,High,Meets,Ready Now
E00258,2025,3.2,83.4,2.8,Medium,Outstanding,Ready 1-2 Years
E00259,2022,3.9,84.4,3.7,High,Meets,Ready Now
E00259,2023,3.8,94.0,4.1,Medium,Meets,Ready Now
E00259,2024,2.9,98.1,3.1,Medium,Exceeds,Ready Now
E00259,2025,2.8,84.9,3.1,Medium,Partially Meets,Ready Now
E00259,2026,3.6,96.3,3.6,Low,Outstanding,Ready Now
E00260,2022,4.1,85.7,4.1,Medium,Partially Meets,Ready Now
E00260,2023,4.5,103.9,4.4,Medium,Partially Meets,Ready Now
E00260,2024,4.1,95.7,4.6,Medium,Partially Meets,Ready Now
E00260,2025,5.0,95.2,4.7,High,Outstanding,Ready Now
E00260,2026,4.3,78.6,4.0,Medium,Exceeds,Not Ready
E00261,2022,4.0,85.9,3.5,Medium,Outstanding,Not Ready
E00261,2023,3.8,94.2,4.2,Medium,Partially Meets,Ready 1-2 Years
E00261,2024,3.8,87.0,3.6,Low,Outstanding,Ready Now
E00261,2025,4.0,80.9,4.1,Low,Meets,Ready 1-2 Years
E00261,2026,3.8,93.5,3.7,Medium,Meets,Ready 1-2 Years
E00262,2024,3.9,71.3,4.7,Medium,Partially Meets,Ready Now
E00262,2025,3.6,68.8,3.6,High,Outstanding,Ready 1-2 Years
E00262,2026,3.4,85.0,3.5,Medium,Meets,Ready Now
E00263,2022,3.6,69.6,3.7,Low,Partially Meets,Not Ready
E00263,2023,3.8,101.7,3.5,High,Outstanding,Ready 1-2 Years
E00263,2024,3.1,90.0,2.9,High,Outstanding,Not Ready
E00263,2025,2.5,86.1,2.8,Medium,Outstanding,Ready 1-2 Years
E00263,2026,2.7,82.9,2.1,Low,Exceeds,Not Ready
E00264,2025,3.2,66.7,3.3,Medium,Meets,Not Ready
E00264,2026,3.2,92.5,3.0,Low,Exceeds,Ready 1-2 Years
E00265,2025,3.2,84.2,3.5,High,Exceeds,Not Ready
E00265,2026,4.0,93.7,3.5,Medium,Meets,Not Ready
E00266,2022,3.1,80.8,3.1,Medium,Meets,Not Ready
E00266,2023,3.6,89.7,3.3,High,Exceeds,Ready Now
E00266,2024,2.7,91.4,3.0,Medium,Meets,Ready 1-2 Years
E00266,2025,3.6,91.5,3.3,Medium,Meets,Not Ready
E00266,2026,2.7,81.6,3.0,High,Meets,Ready Now
E00267,2022,3.0,87.2,2.8,Low,Meets,Not Ready
E00267,2023,2.9,79.3,3.0,Low,Meets,Ready Now
E00267,2024,3.1,90.0,3.3,Medium,Partially Meets,Not Ready
E00267,2025,3.8,92.5,3.7,Medium,Partially Meets,Ready Now
E00267,2026,3.0,83.8,3.3,High,Partially Meets,Not Ready
E00268,2022,2.6,73.0,3.0,Medium,Meets,Ready 1-2 Years
E00268,2023,2.4,74.7,2.6,Medium,Partially Meets,Ready 1-2 Years
E00268,2024,2.6,92.4,3.1,Medium,Exceeds,Not Ready
E00268,2025,2.4,79.7,1.6,Low,Meets,Ready Now
E00268,2026,2.6,75.2,2.7,High,Meets,Ready Now
E00269,2022,3.7,82.2,3.9,Medium,Meets,Ready 1-2 Years
E00269,2023,4.3,88.7,3.9,Medium,Meets,Ready 1-2 Years
E00269,2024,4.5,88.9,3.9,Low,Meets,Ready 1-2 Years
E00269,2025,3.6,90.9,3.5,Medium,Outstanding,Ready Now
E00269,2026,4.0,87.4,4.2,Medium,Exceeds,Not Ready
E00270,2022,2.0,64.4,1.9,Medium,Exceeds,Not Ready
E00270,2023,2.4,91.4,2.2,Low,Exceeds,Ready 1-2 Years
E00270,2024,2.2,93.6,2.5,High,Outstanding,Ready 1-2 Years
E00270,2025,2.4,73.8,2.5,Medium,Partially Meets,Ready Now
E00270,2026,2.8,73.7,2.6,Low,Outstanding,Ready 1-2 Years
E00271,2022,3.8,84.7,4.1,High,Exceeds,Ready 1-2 Years
E00271,2023,3.9,101.4,4.3,Low,Exceeds,Ready Now
E00271,2024,3.9,78.1,3.8,High,Meets,Ready Now
E00271,2025,3.6,88.9,3.6,Medium,Partially Meets,Not Ready
E00271,2026,3.6,84.8,3.3,Medium,Outstanding,Ready Now
E00272,2026,3.6,94.5,3.7,Low,Partially Meets,Not Ready
E00273,2022,4.0,83.1,4.0,Low,Meets,Not Ready
E00273,2023,3.4,95.2,3.3,High,Outstanding,Ready 1-2 Years
E00273,2024,4.4,95.1,4.8,Medium,Partially Meets,Not Ready
E00273,2025,4.1,77.0,3.8,Low,Meets,Ready Now
E00273,2026,3.4,68.0,3.8,Medium,Exceeds,Ready 1-2 Years
E00274,2022,3.1,76.1,3.5,Medium,Exceeds,Not Ready
E00274,2023,2.8,82.6,2.8,Medium,Meets,Not Ready
E00274,2024,2.6,65.4,3.0,Medium,Exceeds,Not Ready
E00274,2025,2.8,76.3,3.0,Low,Outstanding,Ready Now
E00274,2026,2.2,64.7,2.2,Low,Outstanding,Not Ready
E00275,2022,2.5,61.7,2.4,Low,Partially Meets,Not Ready
E00275,2023,2.3,64.7,2.3,Low,Meets,Ready 1-2 Years
E00275,2024,2.7,71.4,2.5,Medium,Meets,Ready Now
E00275,2025,2.4,83.4,1.9,Medium,Outstanding,Not Ready
E00275,2026,2.6,68.0,2.5,Low,Exceeds,Ready 1-2 Years
E00276,2022,2.8,81.4,3.0,Low,Meets,Ready 1-2 Years
E00276,2023,2.6,71.7,2.9,Medium,Meets,Ready Now
E00276,2024,3.6,100.8,3.3,Medium,Outstanding,Ready 1-2 Years
E00276,2025,3.5,97.5,3.6,Low,Meets,Not Ready
E00276,2026,3.7,75.6,3.4,High,Meets,Ready Now
E00277,2022,2.8,89.7,2.5,High,Outstanding,Ready 1-2 Years
E00277,2023,3.3,97.0,3.3,Medium,Meets,Not Ready
E00277,2024,3.6,114.7,3.2,Medium,Meets,Ready 1-2 Years
E00277,2025,2.9,82.1,2.3,Low,Meets,Not Ready
E00277,2026,2.8,72.7,2.3,Low,Outstanding,Ready 1-2 Years
E00278,2022,4.3,90.3,4.6,Medium,Meets,Ready 1-2 Years
E00278,2023,3.8,77.9,4.2,Medium,Partially Meets,Ready Now
E00278,2024,3.7,88.4,4.0,Medium,Exceeds,Ready 1-2 Years
E00278,2025,3.7,96.8,4.4,Medium,Meets,Not Ready
E00278,2026,3.9,73.1,3.7,Medium,Meets,Not Ready
E00279,2022,3.0,71.3,3.7,Medium,Partially Meets,Ready Now
E00279,2023,3.4,114.3,3.3,Medium,Partially Meets,Ready 1-2 Years
E00279,2024,2.9,60.1,3.1,High,Outstanding,Not Ready
E00279,2025,3.5,83.6,3.7,Medium,Exceeds,Ready Now
E00279,2026,3.3,65.7,3.1,High,Meets,Ready 1-2 Years
E00281,2022,3.1,95.6,3.4,Medium,Partially Meets,Not Ready
E00281,2023,3.1,89.1,3.0,Medium,Outstanding,Ready Now
E00281,2024,3.1,95.9,2.9,Low,Meets,Not Ready
E00281,2025,3.0,88.6,2.8,High,Partially Meets,Ready Now
E00281,2026,3.4,89.5,3.1,High,Meets,Ready Now
E00282,2022,3.8,77.2,4.3,Low,Partially Meets,Ready 1-2 Years
E00282,2023,3.5,84.2,3.9,High,Meets,Ready Now
E00282,2024,4.2,100.1,4.4,Low,Meets,Not Ready
E00282,2025,4.1,92.5,4.8,Medium,Outstanding,Ready 1-2 Years
E00283,2022,2.3,70.2,2.5,Medium,Outstanding,Ready Now
E00283,2023,2.4,86.5,2.6,Medium,Partially Meets,Not Ready
E00283,2024,2.9,57.5,2.8,Medium,Meets,Not Ready
E00283,2025,2.4,72.5,2.3,Medium,Meets,Not Ready
E00283,2026,2.4,88.7,2.0,Medium,Exceeds,Ready Now
E00284,2026,3.7,98.6,3.6,Medium,Partially Meets,Not Ready
E00285,2023,4.4,83.6,4.7,Medium,Meets,Ready Now
E00285,2024,4.8,92.3,4.8,Medium,Outstanding,Not Ready
E00285,2025,4.1,82.2,3.8,Medium,Exceeds,Not Ready
E00285,2026,3.7,90.5,3.9,High,Outstanding,Ready Now
E00286,2022,5.0,92.8,4.8,High,Partially Meets,Not Ready
E00286,2023,5.0,83.2,4.5,Medium,Outstanding,Ready 1-2 Years
E00286,2024,4.9,105.1,4.7,Medium,Exceeds,Ready Now
E00286,2025,5.0,92.2,4.7,Low,Outstanding,Ready Now
E00286,2026,4.6,90.2,4.6,Medium,Partially Meets,Ready Now
E00289,2023,4.1,93.6,4.1,Low,Meets,Not Ready
E00289,2024,4.3,86.7,4.2,High,Outstanding,Not Ready
E00289,2025,3.8,88.8,4.1,Medium,Outstanding,Not Ready
E00289,2026,4.0,106.2,4.2,High,Meets,Ready 1-2 Years
E00290,2022,4.0,89.2,3.7,Medium,Partially Meets,Ready Now
E00290,2023,3.7,100.6,3.5,Medium,Exceeds,Not Ready
E00290,2024,4.2,94.5,4.3,Medium,Outstanding,Ready Now
E00290,2025,4.6,97.4,4.5,High,Meets,Not Ready
E00290,2026,3.7,83.6,3.9,Medium,Outstanding,Not Ready
E00291,2022,3.1,84.2,2.7,High,Meets,Not Ready
E00291,2023,2.7,73.5,2.8,Medium,Partially Meets,Ready 1-2 Years
E00291,2024,3.0,79.1,2.9,High,Outstanding,Not Ready
E00291,2025,3.3,78.3,3.3,Medium,Meets,Ready 1-2 Years
E00291,2026,3.5,79.5,2.9,Low,Meets,Not Ready
E00292,2026,3.6,78.8,3.8,Medium,Meets,Ready Now
E00293,2023,4.7,92.9,4.6,Medium,Partially Meets,Not Ready
E00293,2024,4.1,99.9,4.0,High,Outstanding,Ready Now
E00293,2025,5.0,94.3,4.8,Medium,Outstanding,Ready 1-2 Years
E00293,2026,5.0,98.3,4.5,Medium,Meets,Ready Now
E00294,2022,3.7,74.1,3.6,Medium,Meets,Not Ready
E00294,2023,2.8,93.4,3.0,High,Exceeds,Ready 1-2 Years
E00294,2024,3.1,76.4,3.2,Medium,Meets,Ready 1-2 Years
E00294,2025,2.6,77.4,2.1,Medium,Partially Meets,Ready Now
E00294,2026,3.0,74.5,2.9,Medium,Partially Meets,Not Ready
E00295,2025,4.9,96.7,5.0,Medium,Meets,Ready Now
E00295,2026,4.5,95.0,4.8,Medium,Meets,Ready 1-2 Years
E00296,2025,3.1,76.3,2.8,Medium,Outstanding,Ready Now
E00296,2026,3.1,59.5,3.1,Medium,Partially Meets,Ready Now
E00297,2023,4.8,96.1,4.6,Low,Exceeds,Ready 1-2 Years
E00297,2024,5.0,95.3,4.9,Medium,Meets,Ready Now
E00297,2025,4.8,95.6,4.8,Medium,Exceeds,Ready Now
E00297,2026,5.0,99.3,5.0,Low,Outstanding,Ready 1-2 Years
E00298,2026,4.3,65.2,4.5,Medium,Meets,Ready Now
E00299,2023,4.0,64.3,4.2,Medium,Exceeds,Ready 1-2 Years
E00300,2023,3.7,88.4,3.2,Medium,Partially Meets,Ready 1-2 Years
E00300,2024,3.5,87.2,3.4,High,Outstanding,Ready Now
E00300,2025,4.0,84.9,4.6,Low,Outstanding,Not Ready
E00300,2026,3.0,78.9,3.0,Medium,Exceeds,Not Ready
E00301,2023,3.2,81.4,2.9,Low,Outstanding,Not Ready
E00301,2024,3.3,87.3,2.6,Low,Partially Meets,Ready 1-2 Years
E00301,2025,3.5,76.9,3.8,High,Outstanding,Ready 1-2 Years
E00301,2026,2.3,80.7,2.5,Low,Outstanding,Not Ready
E00302,2022,2.8,79.5,2.7,Low,Exceeds,Ready Now
E00303,2022,3.1,80.3,3.0,Medium,Outstanding,Ready Now
E00303,2023,3.2,73.3,3.5,Medium,Outstanding,Ready Now
E00303,2024,3.4,86.7,3.4,Medium,Exceeds,Ready 1-2 Years
E00303,2025,3.3,71.1,3.5,Medium,Partially Meets,Not Ready
E00303,2026,3.2,80.4,3.3,Medium,Meets,Not Ready
E00305,2025,3.4,72.8,3.4,Medium,Outstanding,Ready Now
E00305,2026,3.2,71.1,2.5,Medium,Partially Meets,Not Ready
E00306,2022,3.5,75.9,3.4,High,Partially Meets,Ready Now
E00306,2023,3.6,80.1,3.8,Low,Meets,Ready Now
E00306,2024,3.4,96.2,3.6,Medium,Meets,Ready 1-2 Years
E00306,2025,4.2,82.4,4.0,Medium,Partially Meets,Not Ready
E00306,2026,4.3,87.8,4.3,Medium,Meets,Ready 1-2 Years
E00307,2025,4.7,87.0,4.2,Medium,Outstanding,Ready Now
E00307,2026,3.9,97.3,4.3,Medium,Outstanding,Ready Now
E00308,2022,4.4,86.8,4.3,Medium,Meets,Ready 1-2 Years
E00308,2023,4.5,96.6,4.5,Medium,Meets,Ready Now
E00308,2024,3.9,93.6,4.6,High,Exceeds,Ready 1-2 Years
E00308,2025,4.4,91.6,4.7,Medium,Partially Meets,Ready Now
E00308,2026,3.9,75.0,4.3,Low,Meets,Ready Now
E00309,2023,3.6,91.9,3.5,Medium,Meets,Ready Now
E00309,2024,3.2,88.2,3.0,Medium,Exceeds,Ready Now
E00309,2025,3.1,90.7,3.2,Medium,Exceeds,Not Ready
E00309,2026,3.4,99.7,3.2,Low,Partially Meets,Ready Now
E00310,2022,3.8,100.5,3.8,Medium,Meets,Not Ready
E00310,2023,3.1,89.4,3.4,Medium,Outstanding,Ready Now
E00310,2024,4.1,98.8,4.5,Low,Meets,Not Ready
E00310,2025,3.4,105.2,3.2,Medium,Meets,Ready Now
E00310,2026,3.8,92.9,3.3,Medium,Outstanding,Ready 1-2 Years
E00311,2022,4.1,103.9,4.5,Medium,Meets,Not Ready
E00311,2023,3.3,87.7,3.3,Medium,Exceeds,Ready Now
E00311,2024,3.8,92.5,3.8,Medium,Meets,Not Ready
E00311,2025,4.2,93.6,4.3,Medium,Meets,Ready 1-2 Years
E00311,2026,3.7,102.4,3.9,Medium,Exceeds,Ready 1-2 Years
E00312,2022,4.0,96.7,3.5,Medium,Partially Meets,Not Ready
E00312,2023,3.2,90.7,2.9,Low,Meets,Not Ready
E00312,2024,3.3,88.0,3.3,High,Meets,Ready Now
E00312,2025,3.9,112.3,4.4,Medium,Meets,Not Ready
E00312,2026,3.5,91.4,3.5,Low,Outstanding,Ready Now
E00313,2022,3.3,85.9,3.3,Medium,Meets,Not Ready
E00313,2023,2.8,76.7,3.1,High,Meets,Ready Now
E00313,2024,3.3,92.9,3.2,High,Exceeds,Ready Now
E00313,2025,3.1,78.2,3.2,High,Partially Meets,Ready 1-2 Years
E00313,2026,2.6,107.4,2.8,Medium,Outstanding,Ready Now
E00314,2022,2.9,89.2,2.9,Medium,Partially Meets,Not Ready
E00314,2023,2.7,69.7,2.8,Medium,Meets,Ready 1-2 Years
E00314,2024,3.3,89.9,4.0,Low,Outstanding,Ready 1-2 Years
E00314,2025,3.1,92.9,3.3,Low,Meets,Not Ready
E00314,2026,2.8,76.9,2.6,High,Outstanding,Ready 1-2 Years
E00315,2025,4.3,103.6,4.2,Medium,Meets,Ready Now
E00315,2026,4.0,81.2,4.0,Low,Outstanding,Ready 1-2 Years
E00316,2025,4.9,86.3,5.0,Medium,Outstanding,Not Ready
E00316,2026,4.8,87.4,4.9,Medium,Partially Meets,Ready Now
E00317,2025,3.8,105.7,3.2,High,Meets,Ready Now
E00317,2026,4.1,83.1,4.0,Medium,Meets,Not Ready
E00318,2022,2.7,60.9,3.0,High,Meets,Ready 1-2 Years
E00318,2023,2.8,66.1,3.0,Medium,Meets,Ready Now
E00318,2024,2.8,84.6,3.1,Medium,Partially Meets,Ready 1-2 Years
E00318,2025,2.3,85.1,2.5,High,Partially Meets,Not Ready
E00318,2026,2.8,73.1,2.9,Low,Meets,Not Ready
E00319,2022,3.6,86.7,3.6,Medium,Outstanding,Ready 1-2 Years
E00319,2023,3.9,85.5,3.9,Medium,Meets,Ready 1-2 Years
E00319,2024,3.6,93.0,3.3,Medium,Exceeds,Ready Now
E00319,2025,3.9,92.0,3.9,High,Outstanding,Ready Now
E00319,2026,3.9,84.2,4.2,Medium,Exceeds,Ready 1-2 Years
E00320,2024,3.1,73.3,2.9,Medium,Exceeds,Ready 1-2 Years
E00320,2025,2.7,70.2,2.6,Medium,Outstanding,Ready Now
E00320,2026,3.3,84.7,3.4,Low,Meets,Not Ready
E00321,2022,1.8,83.7,1.6,Medium,Meets,Not Ready
E00321,2023,2.1,75.4,1.9,Medium,Exceeds,Ready 1-2 Years
E00321,2024,2.3,79.0,2.5,Low,Meets,Not Ready
E00321,2025,2.4,76.6,2.5,Medium,Meets,Ready 1-2 Years
E00321,2026,1.5,62.3,2.1,Medium,Outstanding,Ready Now
E00323,2025,2.3,90.3,2.3,High,Exceeds,Not Ready
E00323,2026,2.5,75.8,2.4,High,Meets,Ready Now
E00324,2023,2.7,87.9,3.0,Low,Exceeds,Ready Now
E00324,2024,3.1,76.7,3.3,Low,Meets,Ready Now
E00325,2022,3.1,68.4,3.4,Medium,Exceeds,Ready 1-2 Years
E00325,2023,2.5,78.4,2.5,Medium,Meets,Ready 1-2 Years
E00325,2024,3.0,63.6,3.2,Low,Meets,Ready 1-2 Years
E00325,2025,2.1,65.2,1.7,High,Meets,Not Ready
E00325,2026,3.0,82.2,2.9,Medium,Meets,Not Ready
E00326,2022,4.1,79.4,4.0,High,Meets,Ready Now
E00326,2023,4.3,99.7,4.5,Low,Partially Meets,Ready Now
E00326,2024,4.5,76.9,4.7,High,Meets,Ready Now
E00326,2025,4.6,74.5,4.5,High,Partially Meets,Not Ready
E00326,2026,4.5,71.1,4.6,Low,Meets,Not Ready
E00327,2026,3.7,72.9,3.1,Medium,Partially Meets,Ready Now
E00328,2023,3.6,88.2,3.5,Medium,Outstanding,Not Ready
E00328,2024,3.9,95.8,3.9,High,Partially Meets,Not Ready
E00329,2022,4.6,103.9,4.9,Medium,Meets,Ready Now
E00329,2023,4.7,103.6,4.9,High,Exceeds,Ready 1-2 Years
E00329,2024,3.9,93.7,4.2,Medium,Outstanding,Ready 1-2 Years
E00329,2025,4.6,78.6,5.0,Medium,Meets,Ready Now
E00329,2026,3.8,88.8,4.2,Medium,Meets,Ready Now
E00330,2026,3.2,84.3,2.7,Medium,Outstanding,Ready 1-2 Years
E00331,2022,2.8,84.1,3.1,High,Exceeds,Ready 1-2 Years
E00331,2023,2.8,75.1,3.2,Medium,Meets,Ready Now
E00331,2024,3.0,84.7,3.1,Medium,Exceeds,Ready Now
E00331,2025,3.0,78.8,3.0,Medium,Partially Meets,Ready Now
E00331,2026,3.3,84.1,3.3,Medium,Meets,Not Ready
E00332,2023,3.3,69.9,2.9,Medium,Exceeds,Not Ready
E00332,2024,3.7,79.6,3.5,Medium,Partially Meets,Ready 1-2 Years
E00332,2025,3.2,78.9,3.0,Medium,Meets,Ready Now
E00333,2022,4.0,83.6,4.3,High,Meets,Ready Now
E00333,2023,3.4,68.3,2.8,Medium,Outstanding,Ready Now
E00333,2024,4.0,92.0,4.4,High,Meets,Ready 1-2 Years
E00333,2025,3.9,74.2,3.8,Medium,Exceeds,Not Ready
E00333,2026,4.3,76.4,4.0,Medium,Meets,Not Ready
E00334,2022,2.2,72.7,2.0,Low,Meets,Ready Now
E00334,2023,2.5,75.3,2.8,Medium,Meets,Ready Now
E00334,2024,2.5,81.2,2.7,Medium,Outstanding,Ready 1-2 Years
E00334,2025,2.8,64.9,2.9,Low,Meets,Ready Now
E00334,2026,2.4,61.5,2.4,High,Meets,Ready 1-2 Years
E00337,2022,3.7,95.0,4.1,Medium,Exceeds,Ready Now
E00337,2023,3.6,71.2,3.5,Low,Exceeds,Not Ready
E00337,2024,3.8,70.1,4.3,Low,Meets,Ready 1-2 Years
E00337,2025,3.5,78.1,3.7,Medium,Outstanding,Not Ready
E00338,2023,4.1,95.5,3.6,Medium,Meets,Not Ready
E00338,2024,3.2,93.2,3.5,Medium,Meets,Not Ready
E00338,2025,3.9,91.5,4.2,Medium,Meets,Ready 1-2 Years
E00338,2026,3.9,77.3,3.9,Low,Exceeds,Ready Now
E00339,2023,3.7,85.7,3.5,High,Meets,Ready Now
E00339,2024,3.5,67.2,3.9,Low,Outstanding,Not Ready
E00339,2025,3.4,101.7,3.3,High,Meets,Ready 1-2 Years
E00339,2026,3.8,83.1,3.4,Medium,Partially Meets,Ready Now
E00340,2022,4.4,88.5,4.0,Medium,Partially Meets,Not Ready
E00340,2023,4.9,104.3,4.6,High,Partially Meets,Ready Now
E00340,2024,5.0,69.0,5.0,Medium,Outstanding,Not Ready
E00340,2025,4.5,85.4,4.6,Medium,Outstanding,Ready Now
E00340,2026,4.8,113.9,5.0,High,Partially Meets,Ready 1-2 Years
E00341,2026,2.5,78.2,3.0,Medium,Outstanding,Ready 1-2 Years
E00342,2022,2.0,88.8,1.7,High,Partially Meets,Not Ready
E00343,2022,2.0,88.7,1.7,Medium,Outstanding,Not Ready
E00343,2023,2.7,74.1,2.6,High,Exceeds,Ready 1-2 Years
E00343,2024,2.6,65.2,2.9,High,Exceeds,Not Ready
E00343,2025,1.9,77.7,1.2,High,Partially Meets,Not Ready
E00343,2026,2.8,78.5,2.3,Low,Meets,Not Ready
E00345,2022,2.7,82.1,3.1,Low,Meets,Ready 1-2 Years
E00345,2023,3.7,84.4,3.7,Medium,Meets,Ready 1-2 Years
E00345,2024,3.5,99.7,2.8,Medium,Meets,Ready 1-2 Years
E00345,2025,3.4,60.0,3.4,Medium,Partially Meets,Ready 1-2 Years
E00345,2026,3.2,81.0,3.6,Medium,Partially Meets,Ready Now
E00346,2022,2.9,84.5,2.5,Low,Meets,Not Ready
E00346,2023,3.4,92.9,3.2,High,Partially Meets,Not Ready
E00346,2024,2.9,84.2,2.3,Medium,Meets,Not Ready
E00346,2025,3.1,89.0,3.1,Medium,Exceeds,Ready 1-2 Years
E00346,2026,3.8,96.2,3.7,Low,Meets,Ready 1-2 Years
E00347,2025,3.2,88.0,2.9,Low,Partially Meets,Not Ready
E00347,2026,3.5,104.4,3.2,Medium,Meets,Ready 1-2 Years
E00348,2022,3.7,98.6,3.9,High,Exceeds,Ready 1-2 Years
E00348,2023,3.4,99.0,3.0,High,Meets,Not Ready
E00348,2024,3.7,93.5,4.4,Medium,Meets,Not Ready
E00348,2025,3.9,96.3,3.7,Low,Outstanding,Not Ready
E00348,2026,3.4,77.0,3.2,High,Partially Meets,Ready Now
E00349,2022,3.9,87.5,4.1,Medium,Outstanding,Ready Now
E00349,2023,2.9,76.2,2.3,High,Meets,Ready Now
E00349,2024,3.5,74.0,3.4,High,Outstanding,Ready 1-2 Years
E00349,2025,3.0,89.5,2.6,Medium,Outstanding,Not Ready
E00349,2026,3.4,82.1,3.8,Medium,Partially Meets,Not Ready
E00350,2026,2.5,86.1,2.6,Medium,Outstanding,Ready Now
E00351,2022,1.9,78.6,2.1,High,Meets,Ready Now
E00351,2023,2.0,77.4,2.2,High,Meets,Ready 1-2 Years
E00351,2024,1.9,74.6,2.0,Medium,Meets,Not Ready
E00351,2025,2.3,75.9,2.7,Medium,Meets,Not Ready
E00351,2026,1.5,64.1,1.5,Medium,Partially Meets,Ready Now
E00352,2022,3.0,88.7,3.2,Medium,Outstanding,Not Ready
E00352,2023,2.4,87.3,2.4,Low,Partially Meets,Not Ready
E00352,2024,2.6,93.7,2.5,Medium,Outstanding,Not Ready
E00352,2025,3.2,83.9,3.2,Medium,Partially Meets,Not Ready
E00352,2026,2.6,79.9,2.1,Medium,Outstanding,Not Ready
E00353,2025,3.8,84.2,4.1,Low,Meets,Not Ready
E00353,2026,4.1,94.3,3.9,High,Meets,Ready Now
E00354,2022,2.5,81.9,2.5,Medium,Meets,Not Ready
E00354,2023,2.0,74.8,1.6,Medium,Outstanding,Not Ready
E00354,2024,1.8,56.1,2.1,High,Meets,Not Ready
E00354,2025,2.0,69.7,1.4,Medium,Exceeds,Ready Now
E00354,2026,2.0,96.1,1.7,Medium,Exceeds,Ready 1-2 Years
E00355,2023,4.7,103.6,4.1,Medium,Meets,Ready Now
E00356,2026,4.0,100.7,4.1,Medium,Meets,Ready Now
E00357,2022,4.1,79.1,4.1,High,Outstanding,Not Ready
E00357,2023,3.7,101.7,3.6,Medium,Meets,Ready Now
E00357,2024,3.4,73.4,3.2,Medium,Partially Meets,Ready 1-2 Years
E00357,2025,4.0,72.7,4.4,Low,Exceeds,Not Ready
E00357,2026,4.0,94.5,4.3,Medium,Outstanding,Ready Now
E00358,2022,3.3,65.4,3.7,Medium,Partially Meets,Ready 1-2 Years
E00358,2023,3.7,82.5,3.2,High,Outstanding,Ready 1-2 Years
E00358,2024,3.5,72.1,3.7,Medium,Meets,Not Ready
E00358,2025,3.5,76.5,3.7,Medium,Meets,Ready 1-2 Years
E00358,2026,3.0,92.4,2.9,Low,Partially Meets,Ready 1-2 Years
E00359,2023,3.9,68.7,3.4,Low,Partially Meets,Ready Now
E00359,2024,3.4,78.3,3.0,Medium,Outstanding,Ready Now
E00359,2025,3.7,80.2,3.6,Low,Meets,Ready 1-2 Years
E00359,2026,3.2,76.5,3.2,Medium,Exceeds,Ready Now
E00360,2023,3.3,75.9,3.2,Low,Partially Meets,Not Ready
E00360,2024,4.1,92.7,3.7,Medium,Partially Meets,Not Ready
E00360,2025,3.2,91.4,3.3,Medium,Meets,Not Ready
E00360,2026,3.9,104.5,4.1,Medium,Meets,Ready 1-2 Years
E00361,2022,3.7,80.5,4.0,Low,Meets,Ready 1-2 Years
E00361,2023,4.5,100.2,4.6,Low,Outstanding,Ready Now
E00361,2024,4.6,98.4,4.7,Medium,Outstanding,Ready 1-2 Years
E00361,2025,4.2,97.9,4.5,Low,Meets,Ready Now
E00361,2026,3.7,96.4,3.7,High,Outstanding,Ready 1-2 Years
E00362,2022,4.0,93.7,3.9,Low,Exceeds,Ready 1-2 Years
E00362,2023,3.4,80.0,3.7,Medium,Meets,Not Ready
E00362,2024,2.9,102.0,3.0,Medium,Exceeds,Ready Now
E00362,2025,3.8,78.9,3.3,Medium,Meets,Ready 1-2 Years
E00362,2026,3.3,90.8,3.5,Low,Partially Meets,Ready Now
E00363,2022,3.0,67.1,3.0,Medium,Partially Meets,Ready Now
E00363,2023,2.9,79.6,2.9,Medium,Outstanding,Ready Now
E00363,2024,2.5,53.3,2.1,Medium,Partially Meets,Not Ready
E00363,2025,2.8,86.7,2.3,Medium,Meets,Ready Now
E00363,2026,3.6,89.6,3.9,Low,Exceeds,Ready 1-2 Years
E00364,2025,3.6,90.8,3.7,Medium,Outstanding,Not Ready
E00364,2026,3.5,88.1,3.6,Medium,Outstanding,Not Ready
E00365,2026,3.2,74.4,2.9,Medium,Meets,Not Ready
E00366,2026,4.5,81.9,4.1,Medium,Partially Meets,Not Ready
E00367,2022,3.1,80.6,3.0,Medium,Outstanding,Ready 1-2 Years
E00367,2023,3.0,69.4,2.6,Low,Partially Meets,Not Ready
E00367,2024,2.9,68.2,3.1,High,Exceeds,Ready Now
E00367,2025,3.1,95.8,3.4,Medium,Outstanding,Not Ready
E00367,2026,2.8,71.7,3.3,High,Partially Meets,Ready 1-2 Years
E00368,2026,4.3,86.0,4.1,Medium,Outstanding,Not Ready
E00369,2024,3.4,78.0,3.4,Medium,Outstanding,Ready 1-2 Years
E00369,2025,2.9,73.7,3.1,Medium,Meets,Not Ready
E00369,2026,2.9,82.5,2.9,Medium,Meets,Ready 1-2 Years
E00370,2022,2.8,77.2,3.1,Medium,Meets,Not Ready
E00370,2023,3.1,92.1,3.4,Medium,Exceeds,Not Ready
E00370,2024,3.1,73.7,3.5,Medium,Exceeds,Ready 1-2 Years
E00370,2025,2.7,79.7,2.6,Medium,Outstanding,Not Ready
E00370,2026,3.4,76.3,3.2,Medium,Partially Meets,Ready Now
E00372,2022,2.4,79.9,2.3,Low,Meets,Not Ready
E00372,2023,2.5,74.4,2.2,Medium,Meets,Not Ready
E00372,2024,2.2,75.5,2.0,Medium,Partially Meets,Ready Now
E00372,2025,2.5,79.8,2.1,Medium,Partially Meets,Not Ready
E00372,2026,2.2,66.8,2.8,High,Partially Meets,Ready Now
E00375,2022,3.5,88.0,3.5,High,Partially Meets,Ready 1-2 Years
E00375,2023,3.3,102.4,3.9,High,Partially Meets,Ready 1-2 Years
E00375,2024,3.1,92.3,3.1,Medium,Outstanding,Not Ready
E00375,2025,2.7,87.5,3.1,Medium,Partially Meets,Ready 1-2 Years
E00375,2026,3.2,94.1,3.8,Low,Meets,Ready Now
E00376,2022,3.1,91.2,3.2,Medium,Partially Meets,Ready 1-2 Years
E00376,2023,2.8,73.0,2.5,Medium,Partially Meets,Ready 1-2 Years
E00376,2024,2.8,74.3,2.8,High,Outstanding,Ready Now
E00376,2025,2.5,91.7,2.7,Low,Outstanding,Not Ready
E00376,2026,2.4,85.2,2.5,Medium,Partially Meets,Ready Now
E00377,2022,2.0,69.2,2.0,Medium,Meets,Not Ready
E00377,2023,2.1,90.1,1.9,Medium,Outstanding,Not Ready
E00377,2024,2.5,82.5,2.4,Medium,Partially Meets,Not Ready
E00377,2025,1.5,56.4,1.4,Medium,Exceeds,Ready 1-2 Years
E00377,2026,2.5,87.6,2.4,High,Partially Meets,Ready Now
E00378,2022,3.3,97.0,3.1,Medium,Meets,Not Ready
E00378,2023,3.6,84.1,3.5,Medium,Meets,Ready 1-2 Years
E00378,2024,3.3,89.9,3.2,High,Outstanding,Ready Now
E00378,2025,3.5,90.8,4.2,High,Partially Meets,Ready 1-2 Years
E00378,2026,3.5,86.1,3.4,Low,Meets,Ready Now
E00380,2026,3.5,96.7,4.0,High,Outstanding,Not Ready
E00381,2022,4.1,78.1,4.0,High,Meets,Not Ready
E00381,2023,3.3,86.0,2.9,Medium,Exceeds,Ready Now
E00381,2024,3.9,89.8,3.7,Low,Meets,Ready Now
E00381,2025,3.3,82.1,3.4,Low,Outstanding,Ready Now
E00381,2026,3.3,94.9,3.4,Low,Exceeds,Ready 1-2 Years
E00382,2022,2.4,85.5,2.0,Medium,Outstanding,Ready Now
E00382,2023,2.0,94.3,1.9,Low,Meets,Not Ready
E00382,2024,1.7,75.2,1.9,High,Partially Meets,Not Ready
E00382,2025,2.1,70.3,2.2,High,Outstanding,Not Ready
E00382,2026,2.3,83.1,2.2,Medium,Partially Meets,Ready 1-2 Years
E00383,2022,3.0,95.4,2.4,High,Meets,Ready Now
E00384,2022,3.4,73.6,3.2,Medium,Exceeds,Ready 1-2 Years
E00384,2023,3.4,77.0,3.9,Medium,Meets,Not Ready
E00384,2024,4.0,74.3,4.0,Low,Meets,Ready 1-2 Years
E00384,2025,3.6,96.2,3.9,Low,Exceeds,Ready 1-2 Years
E00385,2022,2.9,79.2,2.7,Low,Meets,Ready Now
E00385,2023,2.3,71.2,2.6,Low,Meets,Not Ready
E00385,2024,3.2,81.2,3.4,Medium,Meets,Ready 1-2 Years
E00385,2025,2.2,81.4,2.2,High,Outstanding,Not Ready
E00385,2026,1.7,83.8,1.2,Medium,Meets,Not Ready
E00386,2025,3.1,72.6,3.1,Low,Meets,Ready Now
E00386,2026,3.3,101.7,3.4,High,Exceeds,Ready 1-2 Years
E00387,2023,3.1,82.4,3.2,Medium,Meets,Ready 1-2 Years
E00387,2024,3.7,86.4,3.7,Medium,Meets,Not Ready
E00387,2025,2.7,85.3,3.0,Medium,Partially Meets,Ready 1-2 Years
E00387,2026,3.7,98.3,3.9,Medium,Exceeds,Ready Now
E00388,2022,3.2,82.3,2.7,Low,Meets,Not Ready
E00388,2023,2.5,71.2,3.2,High,Exceeds,Ready 1-2 Years
E00388,2024,2.1,63.8,2.4,Medium,Outstanding,Not Ready
E00388,2025,2.6,75.5,2.5,High,Exceeds,Ready Now
E00388,2026,2.6,87.2,2.6,Medium,Partially Meets,Ready 1-2 Years
E00389,2024,2.8,71.9,3.3,Medium,Partially Meets,Not Ready
E00389,2025,2.2,75.4,2.1,Low,Partially Meets,Ready Now
E00389,2026,3.0,81.8,2.8,High,Exceeds,Ready Now
E00390,2022,2.6,78.1,2.7,Low,Exceeds,Ready 1-2 Years
E00390,2023,3.1,97.1,3.2,High,Partially Meets,Not Ready
E00390,2024,2.5,75.8,2.3,Medium,Partially Meets,Ready 1-2 Years
E00390,2025,2.7,86.3,2.5,High,Outstanding,Not Ready
E00391,2024,3.6,96.3,3.5,Low,Meets,Not Ready
E00391,2025,3.7,64.4,3.8,Medium,Outstanding,Ready Now
E00391,2026,4.1,98.4,3.9,High,Partially Meets,Not Ready
E00392,2022,4.8,95.7,4.8,Medium,Meets,Not Ready
E00392,2023,4.3,106.0,4.6,Medium,Meets,Ready Now
E00392,2024,4.5,89.9,5.0,Medium,Outstanding,Not Ready
E00392,2025,4.3,67.2,3.8,Medium,Meets,Not Ready
E00392,2026,4.3,99.3,4.2,Medium,Exceeds,Ready 1-2 Years
E00394,2022,3.4,91.6,3.6,Medium,Meets,Ready Now
E00394,2023,4.0,69.9,4.0,Medium,Partially Meets,Ready Now
E00394,2024,3.1,75.7,3.1,Medium,Meets,Not Ready
E00394,2025,3.9,91.5,4.3,Medium,Meets,Not Ready
E00394,2026,3.1,96.0,2.9,High,Meets,Ready Now
E00395,2025,2.6,85.6,2.9,High,Outstanding,Ready 1-2 Years
E00395,2026,2.3,76.7,2.1,Medium,Partially Meets,Not Ready
E00396,2024,2.2,68.7,2.7,High,Meets,Ready Now
E00396,2025,1.8,84.5,1.7,Medium,Meets,Ready 1-2 Years
E00396,2026,2.7,83.8,2.4,Low,Meets,Ready Now
E00397,2024,2.8,96.0,2.7,High,Partially Meets,Ready Now
E00397,2025,2.6,94.8,2.3,Medium,Exceeds,Not Ready
E00397,2026,3.0,78.7,2.9,Medium,Meets,Ready 1-2 Years
E00398,2025,3.9,66.3,4.4,High,Meets,Ready 1-2 Years
E00398,2026,3.3,91.5,2.9,Low,Meets,Ready 1-2 Years
E00400,2023,3.4,83.7,3.3,Low,Partially Meets,Ready Now
E00400,2024,3.0,81.1,3.0,Medium,Partially Meets,Ready 1-2 Years
E00400,2025,3.5,79.4,3.3,Low,Exceeds,Ready 1-2 Years
E00400,2026,3.7,89.3,3.7,Medium,Meets,Ready Now
E00401,2022,3.9,89.3,4.0,High,Meets,Ready 1-2 Years
E00401,2023,3.2,98.9,3.3,Medium,Partially Meets,Not Ready
E00401,2024,3.0,82.8,2.6,Medium,Partially Meets,Not Ready
E00401,2025,2.9,94.4,3.2,Medium,Meets,Ready Now
E00401,2026,3.9,67.8,4.5,High,Exceeds,Ready Now
E00402,2022,4.5,96.1,4.5,Medium,Exceeds,Ready 1-2 Years
E00402,2023,4.2,87.0,4.2,Medium,Outstanding,Ready 1-2 Years
E00402,2024,3.6,92.8,3.9,Medium,Partially Meets,Ready 1-2 Years
E00402,2025,4.4,91.8,4.6,Medium,Meets,Ready Now
E00402,2026,4.2,97.8,3.8,High,Exceeds,Ready 1-2 Years
E00404,2023,2.4,83.9,2.3,High,Outstanding,Ready 1-2 Years
E00404,2024,2.3,87.7,2.3,High,Partially Meets,Ready Now
E00404,2025,2.9,81.1,3.2,Medium,Outstanding,Ready Now
E00404,2026,3.3,87.1,3.4,Medium,Partially Meets,Ready Now
E00405,2022,4.1,78.8,3.7,Medium,Partially Meets,Ready Now
E00405,2023,3.8,90.8,3.9,High,Exceeds,Ready Now
E00405,2024,3.7,83.0,3.6,High,Outstanding,Ready 1-2 Years
E00405,2025,4.2,87.7,4.3,Low,Outstanding,Not Ready
E00405,2026,3.3,94.5,3.0,Low,Meets,Ready Now
E00406,2022,1.7,68.0,1.9,Low,Exceeds,Not Ready
E00406,2023,2.9,65.1,2.9,Medium,Partially Meets,Ready 1-2 Years
E00406,2024,2.4,55.1,2.4,Medium,Partially Meets,Ready 1-2 Years
E00406,2025,2.8,73.3,2.9,Medium,Outstanding,Ready Now
E00406,2026,3.4,82.0,3.6,Low,Meets,Ready Now
E00407,2022,3.6,72.4,3.3,High,Meets,Not Ready
E00407,2023,3.9,80.1,4.1,High,Meets,Not Ready
E00407,2024,4.2,101.2,4.1,High,Outstanding,Ready Now
E00407,2025,3.8,75.1,3.8,Low,Partially Meets,Not Ready
E00407,2026,4.0,63.2,4.0,Low,Meets,Ready Now
E00408,2023,3.5,83.4,3.4,Low,Meets,Not Ready
E00408,2024,3.8,99.9,3.8,Medium,Exceeds,Ready 1-2 Years
E00408,2025,4.3,89.4,4.3,Low,Meets,Not Ready
E00408,2026,3.5,78.7,3.4,Low,Meets,Not Ready
E00409,2026,2.1,84.8,2.0,Medium,Partially Meets,Ready 1-2 Years
E00410,2022,3.0,76.3,2.5,High,Partially Meets,Ready Now
E00410,2023,3.5,79.5,3.6,Low,Meets,Ready Now
E00410,2024,2.7,81.2,2.4,Low,Partially Meets,Not Ready
E00410,2025,2.7,90.0,2.9,Medium,Outstanding,Ready 1-2 Years
E00410,2026,3.2,67.2,3.2,Medium,Partially Meets,Not Ready
E00411,2024,3.1,71.4,3.1,Low,Exceeds,Ready 1-2 Years
E00411,2025,3.2,81.7,2.8,Medium,Outstanding,Ready Now
E00411,2026,4.2,92.0,3.9,Medium,Meets,Ready Now
E00412,2022,2.6,72.5,2.5,High,Meets,Ready 1-2 Years
E00412,2023,3.1,75.7,3.3,Low,Exceeds,Ready 1-2 Years
E00412,2024,3.2,86.2,3.1,Medium,Meets,Not Ready
E00412,2025,3.1,67.0,3.0,Low,Meets,Not Ready
E00412,2026,3.2,79.9,3.7,Medium,Partially Meets,Not Ready
E00414,2022,3.3,74.4,3.5,Medium,Meets,Not Ready
E00414,2023,3.3,69.2,3.4,Medium,Partially Meets,Ready Now
E00414,2024,3.3,92.6,3.3,High,Exceeds,Not Ready
E00414,2025,3.3,89.4,2.9,Medium,Outstanding,Ready Now
E00414,2026,3.7,83.2,3.7,Medium,Meets,Ready Now
E00415,2022,3.6,83.8,3.2,Medium,Meets,Ready 1-2 Years
E00415,2023,4.1,114.7,4.1,Low,Partially Meets,Ready Now
E00415,2024,5.0,97.2,4.4,Low,Meets,Not Ready
E00415,2025,4.0,89.8,4.2,Medium,Meets,Not Ready
E00415,2026,4.3,81.1,4.0,High,Outstanding,Ready Now
E00416,2022,3.6,104.1,3.5,Medium,Partially Meets,Not Ready
E00416,2023,4.2,73.1,4.7,High,Outstanding,Ready 1-2 Years
E00416,2024,3.8,95.9,3.9,High,Exceeds,Ready 1-2 Years
E00416,2025,3.5,84.2,3.5,High,Exceeds,Ready Now
E00416,2026,4.1,76.4,4.3,Medium,Partially Meets,Not Ready
E00417,2022,3.2,101.1,3.4,High,Partially Meets,Ready Now
E00417,2023,2.9,79.2,3.1,Medium,Outstanding,Ready Now
E00417,2024,2.6,80.8,2.5,Medium,Meets,Ready Now
E00417,2025,3.2,92.0,2.8,High,Exceeds,Ready 1-2 Years
E00417,2026,2.4,75.3,2.7,High,Exceeds,Ready 1-2 Years
E00418,2022,3.1,87.4,3.5,Medium,Partially Meets,Not Ready
E00418,2023,3.4,76.4,3.3,Medium,Meets,Ready Now
E00418,2024,3.3,79.5,3.4,Medium,Outstanding,Not Ready
E00418,2025,3.0,97.8,3.4,Low,Meets,Ready Now
E00418,2026,3.7,74.8,3.7,Low,Meets,Not Ready
E00419,2025,3.4,83.9,3.2,Low,Meets,Not Ready
E00419,2026,3.6,73.9,3.4,Medium,Exceeds,Ready Now
E00420,2025,3.1,86.6,3.3,Medium,Partially Meets,Not Ready
E00420,2026,3.2,98.4,3.3,Medium,Meets,Ready Now
E00421,2026,2.3,71.6,2.3,Medium,Exceeds,Not Ready
E00422,2022,2.2,81.8,1.9,Medium,Exceeds,Not Ready
E00422,2023,2.1,86.2,2.5,Medium,Meets,Ready 1-2 Years
E00422,2024,2.4,79.3,2.4,Medium,Partially Meets,Ready 1-2 Years
E00422,2025,2.2,81.9,2.6,Medium,Meets,Not Ready
E00422,2026,2.3,68.3,2.4,Medium,Outstanding,Not Ready
E00423,2022,2.6,95.5,3.0,Medium,Partially Meets,Ready 1-2 Years
E00423,2023,2.3,93.3,2.1,High,Outstanding,Ready 1-2 Years
E00423,2024,2.3,80.4,2.4,Medium,Partially Meets,Ready Now
E00423,2025,2.1,94.7,2.5,High,Meets,Not Ready
E00423,2026,2.8,68.9,3.1,Medium,Meets,Not Ready
E00424,2023,3.8,87.5,4.1,Medium,Meets,Not Ready
E00424,2024,3.3,83.1,3.2,Medium,Meets,Not Ready
E00424,2025,3.4,91.5,3.3,Medium,Partially Meets,Not Ready
E00424,2026,3.5,96.2,3.1,Medium,Outstanding,Ready Now
E00425,2022,3.2,82.9,3.1,High,Exceeds,Ready Now
E00425,2023,3.0,85.8,2.6,Medium,Exceeds,Ready 1-2 Years
E00425,2024,3.3,81.3,3.6,Medium,Meets,Not Ready
E00425,2025,3.1,94.0,3.1,Low,Outstanding,Not Ready
E00425,2026,3.8,99.6,3.4,Medium,Meets,Ready 1-2 Years
E00426,2022,3.3,83.0,3.3,Medium,Partially Meets,Ready Now
E00426,2023,3.8,94.5,3.9,High,Exceeds,Ready 1-2 Years
E00426,2024,3.4,89.0,4.0,Medium,Exceeds,Not Ready
E00426,2025,3.1,104.2,3.2,Medium,Exceeds,Not Ready
E00426,2026,3.5,87.7,3.3,Medium,Outstanding,Not Ready
E00427,2022,3.1,87.6,2.8,Medium,Meets,Not Ready
E00427,2023,3.5,87.8,3.2,High,Exceeds,Ready Now
E00427,2024,4.0,75.2,4.1,High,Meets,Ready 1-2 Years
E00427,2025,3.6,97.8,3.6,Medium,Meets,Not Ready
E00427,2026,4.0,76.8,3.8,Medium,Exceeds,Ready 1-2 Years
E00428,2022,2.5,67.8,2.2,Medium,Outstanding,Not Ready
E00428,2023,2.2,88.9,2.6,High,Meets,Ready Now
E00428,2024,3.4,88.0,2.9,Medium,Outstanding,Ready 1-2 Years
E00428,2025,2.5,77.6,2.4,Medium,Meets,Ready 1-2 Years
E00428,2026,2.7,81.1,2.9,Medium,Partially Meets,Ready Now
E00429,2022,3.2,77.7,3.2,Medium,Meets,Ready Now
E00429,2023,3.8,101.5,4.1,Low,Meets,Ready Now
E00429,2024,3.4,88.0,3.5,Medium,Exceeds,Not Ready
E00429,2025,3.5,69.2,4.0,Low,Partially Meets,Ready Now
E00430,2023,4.6,98.1,4.5,Low,Outstanding,Not Ready
E00430,2024,4.5,73.1,4.6,Medium,Meets,Ready Now
E00430,2025,4.6,91.0,5.0,Medium,Meets,Not Ready
E00430,2026,5.0,99.1,5.0,Medium,Exceeds,Not Ready
E00431,2022,3.2,77.1,4.1,Medium,Partially Meets,Ready Now
E00431,2023,3.5,75.3,3.3,Medium,Exceeds,Ready 1-2 Years
E00431,2024,3.4,81.4,3.1,Medium,Exceeds,Ready Now
E00431,2025,3.7,94.6,3.7,Medium,Partially Meets,Ready Now
E00431,2026,3.6,101.7,3.7,Medium,Partially Meets,Not Ready
E00432,2024,4.5,92.3,4.5,Medium,Outstanding,Ready 1-2 Years
E00432,2025,4.4,96.3,4.4,Low,Partially Meets,Not Ready
E00432,2026,4.2,95.5,3.8,Medium,Meets,Ready 1-2 Years
E00433,2022,3.8,87.6,4.3,Medium,Meets,Ready Now
E00433,2023,3.3,84.1,3.3,Medium,Meets,Ready Now
E00433,2024,3.2,97.7,3.7,Medium,Partially Meets,Not Ready
E00434,2022,4.3,88.5,4.3,High,Outstanding,Not Ready
E00434,2023,2.9,87.0,2.4,Medium,Meets,Ready 1-2 Years
E00434,2024,3.2,91.6,2.6,Medium,Meets,Not Ready
E00434,2025,3.1,87.9,2.8,Medium,Exceeds,Ready 1-2 Years
E00434,2026,3.2,80.5,3.6,Medium,Meets,Ready 1-2 Years
E00435,2026,3.8,92.1,3.3,Medium,Exceeds,Ready 1-2 Years
E00436,2026,3.7,81.7,3.4,High,Meets,Ready 1-2 Years
E00437,2026,3.1,101.2,2.9,Medium,Exceeds,Ready 1-2 Years
E00438,2024,3.2,96.6,2.9,Low,Outstanding,Not Ready
E00438,2025,3.7,79.6,4.2,Medium,Meets,Ready Now
E00438,2026,2.4,72.0,2.0,Medium,Meets,Not Ready
E00439,2024,3.9,88.2,3.6,Medium,Partially Meets,Not Ready
E00439,2025,3.7,84.8,3.7,Low,Outstanding,Ready Now
E00439,2026,3.9,87.5,4.0,Medium,Exceeds,Ready Now
E00440,2022,3.4,76.8,3.2,Medium,Meets,Ready 1-2 Years
E00440,2023,3.5,74.1,3.7,High,Partially Meets,Ready Now
E00440,2024,3.7,95.6,3.8,Low,Meets,Ready Now
E00440,2025,3.6,103.2,3.2,Medium,Exceeds,Ready Now
E00440,2026,3.9,97.0,3.7,Medium,Exceeds,Ready 1-2 Years
E00441,2022,3.3,72.5,2.8,Medium,Partially Meets,Not Ready
E00441,2023,3.3,80.3,3.3,Medium,Exceeds,Ready 1-2 Years
E00441,2024,3.7,99.1,3.8,Medium,Partially Meets,Ready 1-2 Years
E00441,2025,3.3,93.3,3.8,Medium,Meets,Ready Now
E00441,2026,3.9,84.3,4.1,Medium,Partially Meets,Ready 1-2 Years
E00442,2022,3.2,74.6,3.4,Medium,Exceeds,Not Ready
E00442,2023,3.4,89.2,3.2,Medium,Exceeds,Ready Now
E00442,2024,2.9,87.9,3.0,High,Outstanding,Ready 1-2 Years
E00442,2025,3.0,77.1,3.1,Medium,Partially Meets,Ready 1-2 Years
E00442,2026,3.3,92.8,3.3,Medium,Outstanding,Ready Now
E00443,2026,2.3,62.6,1.9,Medium,Outstanding,Ready 1-2 Years
E00444,2022,3.4,86.0,3.7,High,Partially Meets,Not Ready
E00444,2023,3.1,77.3,3.1,High,Outstanding,Not Ready
E00444,2024,2.9,80.3,3.2,Medium,Exceeds,Ready 1-2 Years
E00444,2025,3.2,90.7,2.9,Medium,Partially Meets,Ready Now
E00444,2026,2.6,57.4,2.6,Medium,Exceeds,Not Ready
E00445,2023,2.0,77.7,2.1,Medium,Meets,Not Ready
E00445,2024,2.3,76.1,2.0,High,Partially Meets,Ready 1-2 Years
E00445,2025,3.0,82.0,2.6,Medium,Partially Meets,Ready Now
E00445,2026,2.0,74.4,2.0,Medium,Outstanding,Ready Now
E00446,2022,2.9,94.2,3.0,Medium,Outstanding,Ready Now
E00446,2023,2.6,76.0,2.8,Medium,Meets,Ready 1-2 Years
E00446,2024,2.5,88.1,2.6,High,Meets,Ready Now
E00446,2025,2.6,86.2,2.4,Medium,Meets,Not Ready
E00446,2026,2.8,91.7,2.8,Medium,Partially Meets,Ready 1-2 Years
E00447,2024,2.9,72.4,2.9,High,Partially Meets,Ready 1-2 Years
E00447,2025,3.0,62.2,2.6,Medium,Exceeds,Ready 1-2 Years
E00448,2022,3.4,94.5,3.6,High,Outstanding,Ready Now
E00448,2023,3.5,86.4,3.3,Medium,Outstanding,Ready 1-2 Years
E00448,2024,3.0,77.2,2.8,Medium,Exceeds,Not Ready
E00448,2025,3.5,85.2,3.0,Medium,Meets,Ready Now
E00448,2026,3.5,103.5,3.9,High,Meets,Ready 1-2 Years
E00449,2022,4.1,86.6,4.1,Low,Exceeds,Ready 1-2 Years
E00450,2024,3.1,71.2,3.0,Medium,Exceeds,Not Ready
E00450,2025,3.2,96.9,3.3,Medium,Partially Meets,Ready 1-2 Years
E00451,2022,3.5,87.1,3.4,Medium,Outstanding,Ready 1-2 Years
E00451,2023,2.8,89.9,2.7,Low,Outstanding,Not Ready
E00451,2024,3.5,84.2,3.4,Medium,Meets,Ready Now
E00451,2025,3.3,93.2,3.4,High,Meets,Not Ready
E00451,2026,3.8,72.9,3.4,Medium,Meets,Not Ready
E00452,2022,3.0,90.6,2.9,High,Partially Meets,Ready 1-2 Years
E00452,2023,3.9,83.8,4.4,Medium,Meets,Not Ready
E00452,2024,3.5,75.7,3.5,Low,Partially Meets,Ready 1-2 Years
E00452,2025,3.6,90.2,3.8,Medium,Exceeds,Not Ready
E00452,2026,3.4,86.1,3.1,Medium,Partially Meets,Ready 1-2 Years
E00453,2026,3.8,96.5,4.0,High,Exceeds,Ready Now
E00455,2022,3.8,94.6,3.5,Low,Meets,Ready Now
E00455,2023,3.9,73.6,3.7,Low,Outstanding,Ready 1-2 Years
E00455,2024,4.3,90.7,4.4,Medium,Outstanding,Ready Now
E00455,2025,3.8,99.9,4.1,Medium,Exceeds,Not Ready
E00455,2026,4.4,84.4,4.3,Medium,Meets,Ready 1-2 Years
E00456,2022,2.8,83.3,2.5,Medium,Outstanding,Ready Now
E00457,2026,3.4,84.6,3.3,Medium,Partially Meets,Ready Now
E00458,2024,3.0,79.8,3.4,Medium,Meets,Not Ready
E00458,2025,3.9,103.2,4.0,High,Outstanding,Ready 1-2 Years
E00458,2026,3.8,89.3,3.8,High,Partially Meets,Ready Now
E00459,2022,3.3,85.8,3.2,Low,Partially Meets,Ready Now
E00459,2023,4.0,81.1,3.6,Medium,Meets,Ready Now
E00459,2024,3.5,48.2,3.2,Medium,Partially Meets,Ready Now
E00459,2025,3.3,82.6,3.1,Low,Partially Meets,Not Ready
E00459,2026,4.0,90.7,4.1,Medium,Outstanding,Not Ready
E00460,2025,3.6,89.2,3.8,High,Partially Meets,Ready Now
E00460,2026,3.5,89.5,3.4,High,Outstanding,Not Ready
E00461,2022,4.0,85.6,3.8,Low,Outstanding,Not Ready
E00461,2023,3.8,86.7,4.1,Low,Meets,Ready 1-2 Years
E00461,2024,3.6,85.8,3.7,High,Meets,Ready Now
E00461,2025,2.8,89.0,2.6,Low,Outstanding,Not Ready
E00461,2026,3.3,82.1,3.3,Medium,Meets,Ready Now
E00462,2026,3.7,84.3,3.7,High,Meets,Ready Now
E00463,2022,2.7,75.4,3.0,Medium,Outstanding,Ready 1-2 Years
E00463,2023,3.1,107.5,2.8,Medium,Outstanding,Ready 1-2 Years
E00463,2024,2.9,71.9,2.8,Medium,Meets,Ready Now
E00463,2025,3.8,76.5,3.8,Medium,Exceeds,Not Ready
E00463,2026,2.6,86.7,2.6,Medium,Meets,Ready 1-2 Years
E00464,2022,3.9,85.6,4.1,High,Meets,Ready Now
E00464,2023,3.7,80.8,3.9,High,Meets,Ready 1-2 Years
E00464,2024,3.4,99.4,3.5,Medium,Meets,Ready 1-2 Years
E00464,2025,4.1,90.0,4.6,High,Outstanding,Not Ready
E00465,2022,2.3,65.0,2.2,Medium,Exceeds,Not Ready
E00465,2023,2.7,81.2,2.7,Medium,Outstanding,Ready Now
E00465,2024,2.6,67.9,2.8,Medium,Partially Meets,Ready 1-2 Years
E00465,2025,2.9,94.0,2.8,Medium,Partially Meets,Ready Now
E00465,2026,2.4,62.7,2.7,High,Exceeds,Ready Now
E00467,2022,3.9,100.9,4.3,Medium,Meets,Ready Now
E00467,2023,3.9,98.5,4.1,Medium,Exceeds,Not Ready
E00467,2024,3.7,78.6,3.3,Medium,Meets,Ready 1-2 Years
E00467,2025,4.0,69.5,3.3,Medium,Meets,Ready 1-2 Years
E00468,2022,3.3,70.9,3.4,High,Partially Meets,Ready 1-2 Years
E00468,2023,3.3,88.8,3.2,Medium,Partially Meets,Not Ready
E00468,2024,2.4,85.6,2.6,Medium,Meets,Ready Now
E00468,2025,2.8,79.0,3.0,High,Exceeds,Not Ready
E00468,2026,2.7,94.9,2.9,Medium,Outstanding,Ready 1-2 Years
E00470,2022,3.7,82.6,3.7,Medium,Partially Meets,Not Ready
E00470,2023,3.7,83.7,4.1,Medium,Outstanding,Not Ready
E00470,2024,3.6,85.0,3.2,Low,Exceeds,Not Ready
E00470,2025,3.5,87.5,4.0,Medium,Meets,Not Ready
E00470,2026,3.3,92.2,3.3,Medium,Exceeds,Ready Now
E00471,2026,3.8,83.6,4.2,High,Outstanding,Ready Now
E00473,2022,3.4,75.2,3.3,High,Meets,Ready 1-2 Years
E00473,2023,3.5,79.1,4.0,Medium,Exceeds,Not Ready
E00473,2024,3.3,91.4,3.5,Medium,Partially Meets,Ready 1-2 Years
E00474,2022,4.4,85.1,4.3,Medium,Partially Meets,Ready Now
E00474,2023,3.4,77.2,3.6,Low,Partially Meets,Ready 1-2 Years
E00474,2024,3.6,75.9,3.4,Medium,Meets,Not Ready
E00474,2025,3.8,92.9,3.0,Medium,Exceeds,Ready Now
E00474,2026,3.7,83.7,3.7,Medium,Meets,Ready Now
E00476,2026,1.7,64.0,1.4,High,Meets,Not Ready
E00477,2022,3.4,70.7,3.1,Medium,Partially Meets,Not Ready
E00477,2023,3.8,73.1,3.7,High,Exceeds,Ready 1-2 Years
E00478,2022,2.1,80.0,1.8,Medium,Partially Meets,Ready 1-2 Years
E00478,2023,2.1,74.7,2.1,Medium,Outstanding,Ready 1-2 Years
E00478,2024,2.0,72.4,1.6,High,Exceeds,Ready 1-2 Years
E00478,2025,2.5,78.2,2.7,Low,Outstanding,Not Ready
E00478,2026,2.3,70.8,2.5,Low,Meets,Ready Now
E00479,2025,2.9,87.9,2.6,Medium,Meets,Ready Now
E00479,2026,3.1,79.6,3.5,Medium,Outstanding,Ready 1-2 Years
E00480,2026,4.1,70.3,3.8,Medium,Meets,Ready Now
E00481,2022,3.6,77.0,3.6,Medium,Meets,Ready Now
E00481,2023,3.1,74.3,2.7,Medium,Meets,Not Ready
E00481,2024,3.0,77.6,2.8,Medium,Meets,Ready Now
E00481,2025,3.1,65.4,3.2,Low,Outstanding,Not Ready
E00482,2022,3.8,102.6,4.1,Medium,Meets,Ready 1-2 Years
E00482,2023,3.6,90.3,3.4,Low,Partially Meets,Ready 1-2 Years
E00482,2024,3.8,94.1,4.1,Medium,Meets,Not Ready
E00482,2025,3.7,83.1,3.3,Low,Outstanding,Not Ready
E00482,2026,3.8,98.0,3.6,Low,Outstanding,Ready 1-2 Years
E00484,2023,4.0,84.7,4.0,Medium,Meets,Ready 1-2 Years
E00484,2024,4.1,93.0,3.9,Medium,Meets,Ready Now
E00484,2025,4.4,92.8,5.0,Medium,Meets,Not Ready
E00484,2026,4.4,86.1,4.8,Low,Outstanding,Not Ready
E00485,2022,3.5,86.3,3.6,Low,Outstanding,Ready 1-2 Years
E00485,2023,2.8,107.6,2.6,High,Partially Meets,Ready 1-2 Years
E00485,2024,2.4,65.2,2.6,Medium,Meets,Ready 1-2 Years
E00485,2025,2.8,67.2,2.7,Low,Meets,Not Ready
E00485,2026,3.8,84.2,4.1,High,Partially Meets,Not Ready
E00486,2022,4.4,110.4,4.7,High,Outstanding,Ready 1-2 Years
E00486,2023,3.8,76.3,4.2,Low,Outstanding,Ready 1-2 Years
E00486,2024,3.5,90.7,3.5,High,Meets,Ready 1-2 Years
E00486,2025,3.7,74.0,3.7,High,Meets,Not Ready
E00486,2026,4.3,98.8,4.4,Medium,Outstanding,Ready 1-2 Years
E00487,2022,3.5,88.6,3.7,Medium,Meets,Ready 1-2 Years
E00487,2023,3.3,80.3,3.1,High,Meets,Not Ready
E00487,2024,3.2,88.0,3.4,Low,Partially Meets,Not Ready
E00487,2025,2.5,77.8,2.2,Medium,Meets,Not Ready
E00487,2026,2.6,86.3,2.2,Low,Meets,Ready Now
E00488,2022,4.8,109.5,4.8,Medium,Partially Meets,Not Ready
E00488,2023,5.0,102.5,4.9,High,Partially Meets,Ready 1-2 Years
E00488,2024,4.9,82.4,4.4,High,Exceeds,Ready Now
E00488,2025,5.0,99.7,5.0,Medium,Meets,Ready Now
E00488,2026,5.0,100.7,5.0,Medium,Meets,Not Ready
E00490,2022,2.9,84.6,3.4,Low,Meets,Ready 1-2 Years
E00490,2023,3.5,89.0,3.1,Medium,Outstanding,Ready Now
E00490,2024,2.7,75.2,2.7,Low,Outstanding,Not Ready
E00490,2025,3.5,82.1,3.9,Medium,Outstanding,Ready Now
E00490,2026,2.7,75.4,2.6,High,Outstanding,Ready Now
E00491,2023,3.8,75.8,4.4,Low,Exceeds,Ready Now
E00491,2024,3.7,96.5,3.8,High,Partially Meets,Not Ready
E00491,2025,3.5,88.3,2.8,Medium,Meets,Ready 1-2 Years
E00491,2026,2.8,77.9,2.8,Medium,Exceeds,Not Ready
E00492,2023,2.6,93.5,2.7,Medium,Exceeds,Ready Now
E00492,2024,2.5,77.3,2.8,Medium,Outstanding,Ready 1-2 Years
E00492,2025,3.2,94.7,3.0,Low,Meets,Ready 1-2 Years
E00492,2026,2.8,79.6,2.6,Medium,Partially Meets,Not Ready
E00493,2025,3.6,85.1,3.1,Medium,Partially Meets,Ready 1-2 Years
E00493,2026,2.7,72.5,2.2,Medium,Meets,Not Ready
E00495,2026,3.5,97.9,3.8,High,Meets,Not Ready
E00496,2023,3.2,95.7,3.2,High,Partially Meets,Not Ready
E00496,2024,3.2,83.7,3.5,Medium,Exceeds,Ready 1-2 Years
E00496,2025,3.1,92.6,3.3,Medium,Meets,Ready Now
E00496,2026,3.3,90.0,3.1,Medium,Outstanding,Not Ready
E00497,2022,4.7,76.2,5.0,Medium,Outstanding,Not Ready
E00497,2023,4.7,101.0,4.9,High,Meets,Ready 1-2 Years
E00497,2024,5.0,104.1,5.0,Medium,Meets,Ready Now
E00497,2025,4.9,99.2,4.9,Medium,Exceeds,Ready 1-2 Years
E00497,2026,4.4,85.7,4.1,Medium,Exceeds,Ready Now
E00498,2022,5.0,98.1,5.0,Medium,Meets,Ready 1-2 Years
E00499,2022,3.9,95.5,3.9,Low,Meets,Ready Now
E00499,2023,4.1,92.7,4.4,Medium,Meets,Ready Now
E00499,2024,4.4,89.5,3.9,Medium,Meets,Not Ready
E00499,2025,4.1,77.4,4.4,Medium,Outstanding,Ready 1-2 Years
E00499,2026,3.4,86.3,3.4,Medium,Exceeds,Ready Now
E00500,2022,4.1,82.6,4.1,Medium,Exceeds,Ready Now
E00500,2023,3.8,99.7,4.3,Low,Exceeds,Ready Now
E00500,2024,4.0,86.7,3.7,High,Meets,Ready 1-2 Years
E00500,2025,4.1,89.5,4.0,Medium,Outstanding,Ready Now
E00500,2026,4.3,94.2,4.2,Medium,Meets,Not Ready
E00501,2024,3.2,78.4,3.5,Medium,Meets,Not Ready
E00501,2025,3.5,82.7,3.8,Medium,Exceeds,Not Ready
E00501,2026,3.5,95.1,3.4,High,Partially Meets,Not Ready
E00502,2022,3.8,106.9,4.0,Medium,Partially Meets,Not Ready
E00502,2023,3.6,98.4,3.9,Medium,Meets,Ready Now
E00502,2024,3.2,84.8,2.9,Low,Meets,Ready Now
E00502,2025,4.4,89.1,4.6,High,Outstanding,Not Ready
E00502,2026,4.3,86.5,4.2,High,Meets,Not Ready
E00503,2022,3.2,60.1,3.0,High,Meets,Ready Now
E00503,2023,3.9,76.7,3.9,Medium,Partially Meets,Ready Now
E00503,2024,2.8,89.8,2.9,Medium,Outstanding,Ready 1-2 Years
E00503,2025,2.6,66.9,2.4,High,Meets,Ready Now
E00503,2026,3.4,63.7,3.5,High,Meets,Ready 1-2 Years
E00504,2023,4.8,102.7,4.5,Medium,Partially Meets,Ready 1-2 Years
E00504,2024,4.2,104.5,4.0,Low,Meets,Not Ready
E00504,2025,4.7,68.0,4.7,Medium,Meets,Ready 1-2 Years
E00504,2026,4.5,82.8,4.2,Low,Outstanding,Ready Now
E00505,2025,2.7,93.0,2.4,Medium,Exceeds,Ready 1-2 Years
E00505,2026,3.0,79.1,2.9,Medium,Meets,Ready 1-2 Years
E00506,2026,2.8,82.4,3.2,Medium,Outstanding,Ready 1-2 Years
E00507,2026,3.0,75.9,2.9,Low,Meets,Not Ready
E00508,2022,2.4,85.3,2.6,Medium,Meets,Not Ready
E00508,2023,2.7,79.4,2.6,High,Meets,Ready 1-2 Years
E00508,2024,2.8,84.8,2.9,Medium,Exceeds,Ready Now
E00508,2025,2.4,77.2,2.0,High,Outstanding,Ready Now
E00508,2026,2.5,90.1,2.7,High,Outstanding,Ready 1-2 Years
E00509,2024,4.1,99.1,3.6,Medium,Outstanding,Ready 1-2 Years
E00509,2025,3.9,90.9,4.0,Medium,Partially Meets,Not Ready
E00510,2024,3.9,68.1,4.0,Medium,Meets,Ready 1-2 Years
E00511,2022,4.3,80.2,4.3,Medium,Meets,Not Ready
E00511,2023,3.5,101.6,3.7,Medium,Partially Meets,Ready Now
E00511,2024,3.8,73.6,3.4,Medium,Outstanding,Ready 1-2 Years
E00511,2025,3.7,78.4,4.0,Medium,Meets,Not Ready
E00511,2026,3.8,87.0,3.7,High,Partially Meets,Ready 1-2 Years
E00513,2022,2.7,78.9,2.6,Medium,Outstanding,Not Ready
E00513,2023,2.3,68.5,2.5,High,Outstanding,Ready Now
E00513,2024,2.1,59.1,2.4,Low,Meets,Ready Now
E00513,2025,2.9,91.5,2.9,Medium,Meets,Ready Now
E00513,2026,2.8,93.8,2.8,Medium,Meets,Ready 1-2 Years
E00514,2025,3.3,86.0,4.0,Medium,Meets,Ready 1-2 Years
E00514,2026,3.9,99.6,4.0,Low,Outstanding,Not Ready
E00515,2026,3.6,57.0,3.4,Medium,Partially Meets,Ready 1-2 Years
E00516,2022,3.3,80.6,3.0,Low,Meets,Not Ready
E00516,2023,3.8,76.8,3.8,Medium,Partially Meets,Ready Now
E00516,2024,3.5,76.1,3.2,Medium,Meets,Ready 1-2 Years
E00516,2025,3.4,97.4,3.2,Medium,Partially Meets,Ready 1-2 Years
E00516,2026,3.5,80.9,3.2,Medium,Partially Meets,Not Ready
E00517,2022,2.8,78.8,2.9,High,Exceeds,Not Ready
E00517,2023,2.6,68.2,2.0,High,Meets,Ready Now
E00517,2024,2.4,79.6,2.2,High,Partially Meets,Not Ready
E00517,2025,2.5,91.9,2.6,Medium,Meets,Ready Now
E00517,2026,3.1,81.2,3.6,High,Partially Meets,Ready Now
E00518,2025,4.1,89.8,4.1,Medium,Meets,Ready 1-2 Years
E00518,2026,3.9,92.4,3.9,Medium,Meets,Ready 1-2 Years
E00519,2023,2.7,68.4,2.6,High,Meets,Ready 1-2 Years
E00519,2024,3.3,55.5,3.1,Medium,Partially Meets,Ready 1-2 Years
E00519,2025,3.3,91.8,2.9,Medium,Meets,Not Ready
E00519,2026,2.9,89.1,2.5,Low,Meets,Ready 1-2 Years
E00520,2024,5.0,97.5,4.8,Medium,Meets,Ready Now
E00520,2025,5.0,95.6,5.0,Medium,Outstanding,Ready Now
E00520,2026,5.0,94.4,4.3,High,Meets,Ready Now
E00521,2022,3.9,93.2,3.9,Medium,Exceeds,Ready Now
E00521,2023,3.3,82.6,4.0,Medium,Partially Meets,Not Ready
E00521,2024,4.5,92.0,4.3,Medium,Meets,Not Ready
E00521,2025,3.1,94.5,3.4,Low,Meets,Ready Now
E00521,2026,3.4,89.1,3.3,Medium,Outstanding,Not Ready
E00522,2022,3.9,80.4,3.8,Medium,Outstanding,Ready 1-2 Years
E00522,2023,3.7,83.5,3.8,Medium,Meets,Not Ready
E00522,2024,3.5,82.6,3.3,Medium,Meets,Not Ready
E00522,2025,2.8,75.3,3.1,Medium,Outstanding,Ready Now
E00522,2026,3.5,78.2,3.8,High,Partially Meets,Ready Now
E00523,2022,4.4,105.2,3.9,Medium,Meets,Ready 1-2 Years
E00523,2023,4.8,91.0,5.0,Medium,Outstanding,Ready 1-2 Years
E00523,2024,5.0,99.5,5.0,Medium,Partially Meets,Ready Now
E00523,2025,4.3,100.1,4.4,Medium,Meets,Not Ready
E00523,2026,4.2,78.9,3.8,High,Partially Meets,Not Ready
E00524,2022,4.5,77.0,4.6,High,Exceeds,Ready 1-2 Years
E00524,2023,4.5,75.4,4.8,Medium,Exceeds,Ready Now
E00524,2024,4.2,98.6,4.0,Medium,Outstanding,Ready Now
E00524,2025,4.3,80.3,4.7,High,Exceeds,Ready Now
E00524,2026,4.5,111.6,5.0,Medium,Meets,Ready 1-2 Years
E00525,2022,1.6,68.0,1.7,Medium,Meets,Ready Now
E00525,2023,2.3,65.4,2.1,Medium,Outstanding,Ready 1-2 Years
E00525,2024,2.3,78.5,2.3,Medium,Meets,Not Ready
E00525,2025,2.0,64.0,2.0,Low,Exceeds,Not Ready
E00525,2026,1.8,83.2,1.9,Low,Exceeds,Ready Now
E00527,2023,3.8,80.8,4.0,High,Meets,Ready Now
E00527,2024,3.6,87.5,3.2,High,Meets,Ready Now
E00527,2025,4.2,84.0,4.4,Medium,Partially Meets,Ready 1-2 Years
E00527,2026,3.9,86.9,3.7,Low,Outstanding,Not Ready
E00528,2025,4.1,101.2,4.6,Medium,Exceeds,Ready 1-2 Years
E00528,2026,3.8,92.0,4.2,High,Outstanding,Not Ready
E00529,2026,2.2,60.6,2.6,Medium,Meets,Not Ready
E00531,2025,4.0,86.0,4.3,Medium,Meets,Ready Now
E00531,2026,3.3,91.1,3.3,Medium,Partially Meets,Not Ready
E00532,2022,4.2,90.3,4.2,Medium,Partially Meets,Ready Now
E00532,2023,4.5,86.1,4.8,Medium,Exceeds,Ready Now
E00532,2024,4.1,89.4,4.7,Medium,Partially Meets,Ready Now
E00532,2025,4.3,79.2,4.3,Medium,Meets,Ready 1-2 Years
E00532,2026,4.1,90.7,4.8,Medium,Outstanding,Ready 1-2 Years
E00533,2023,2.5,88.6,2.3,Low,Partially Meets,Ready Now
E00533,2024,2.5,87.2,2.8,Medium,Meets,Ready 1-2 Years
E00533,2025,2.2,86.5,2.5,High,Outstanding,Ready 1-2 Years
E00533,2026,1.8,82.7,2.2,Low,Meets,Ready 1-2 Years
E00535,2024,3.2,70.8,3.3,High,Exceeds,Not Ready
E00535,2025,2.7,100.4,3.2,Medium,Meets,Not Ready
E00535,2026,2.4,60.2,2.4,High,Exceeds,Ready 1-2 Years
E00536,2022,2.4,83.3,2.4,Medium,Partially Meets,Ready Now
E00536,2023,3.2,70.8,3.4,Medium,Partially Meets,Not Ready
E00536,2024,2.8,98.8,2.6,Medium,Partially Meets,Ready 1-2 Years
E00536,2025,3.4,75.4,3.6,High,Partially Meets,Ready 1-2 Years
E00536,2026,3.1,89.3,2.8,Low,Meets,Ready Now
E00537,2022,3.8,77.8,3.9,Medium,Meets,Not Ready
E00537,2023,4.0,98.7,4.3,Low,Outstanding,Ready Now
E00537,2024,3.7,78.4,4.1,Medium,Outstanding,Ready Now
E00537,2025,3.8,79.8,3.7,Medium,Exceeds,Ready 1-2 Years
E00537,2026,2.9,77.8,2.9,Medium,Partially Meets,Ready Now
E00538,2023,3.9,89.6,4.4,Low,Meets,Ready Now
E00538,2024,4.0,85.1,3.8,High,Meets,Ready Now
E00539,2022,2.8,77.2,2.5,Medium,Exceeds,Not Ready
E00539,2023,3.4,101.8,3.1,High,Partially Meets,Not Ready
E00539,2024,3.9,74.3,3.9,High,Outstanding,Not Ready
E00539,2025,3.2,88.7,3.1,Low,Outstanding,Not Ready
E00539,2026,3.3,81.3,3.3,Medium,Exceeds,Ready Now
E00540,2022,3.4,93.0,3.6,Low,Meets,Not Ready
E00540,2023,2.9,79.6,2.9,Medium,Outstanding,Not Ready
E00540,2024,3.4,67.1,3.9,Medium,Outstanding,Not Ready
E00540,2025,3.3,86.3,3.7,Low,Partially Meets,Ready 1-2 Years
E00540,2026,2.9,83.9,3.3,Medium,Meets,Not Ready
E00541,2023,1.8,80.7,2.1,Medium,Meets,Ready Now
E00541,2024,1.5,66.6,1.6,Medium,Partially Meets,Ready 1-2 Years
E00541,2025,2.4,73.9,2.6,High,Partially Meets,Not Ready
E00541,2026,2.4,74.7,2.2,Medium,Outstanding,Ready Now
E00542,2024,3.8,91.5,3.6,Low,Outstanding,Ready Now
E00542,2025,4.9,104.6,4.9,Medium,Partially Meets,Not Ready
E00542,2026,4.2,90.6,4.7,High,Exceeds,Ready 1-2 Years
E00543,2023,3.0,85.0,3.0,Medium,Meets,Ready 1-2 Years
E00543,2024,3.2,74.7,3.2,Low,Outstanding,Not Ready
E00543,2025,3.5,79.2,3.7,Medium,Meets,Ready 1-2 Years
E00543,2026,3.1,90.8,3.6,High,Outstanding,Ready 1-2 Years
E00544,2024,2.7,64.5,2.3,Medium,Outstanding,Ready Now
E00544,2025,4.2,100.6,4.1,Low,Outstanding,Ready Now
E00544,2026,3.2,93.2,3.1,Low,Exceeds,Ready Now
E00545,2022,2.7,63.9,2.4,Medium,Meets,Not Ready
E00545,2023,2.6,71.4,2.8,Medium,Exceeds,Ready Now
E00545,2024,1.7,62.5,1.8,Medium,Meets,Ready 1-2 Years
E00545,2025,2.8,78.0,2.3,Medium,Meets,Ready 1-2 Years
E00545,2026,2.5,98.7,2.6,High,Exceeds,Ready 1-2 Years
E00546,2022,3.7,85.9,4.2,Low,Partially Meets,Ready Now
E00546,2023,4.3,87.5,4.6,High,Meets,Not Ready
E00549,2024,2.7,61.5,2.8,Medium,Meets,Ready Now
E00549,2025,4.0,83.7,4.3,High,Outstanding,Ready Now
E00549,2026,3.6,90.2,3.2,Medium,Outstanding,Not Ready
E00550,2025,2.5,90.4,2.8,Medium,Partially Meets,Not Ready
E00550,2026,1.9,75.4,2.0,High,Meets,Ready 1-2 Years
E00551,2024,4.3,76.2,4.7,Medium,Exceeds,Ready Now
E00551,2025,4.5,88.6,4.6,Medium,Meets,Not Ready
E00551,2026,4.4,106.3,4.7,Medium,Outstanding,Ready 1-2 Years
E00552,2023,3.3,93.4,3.6,Low,Exceeds,Ready Now
E00553,2022,4.4,92.2,4.7,Medium,Partially Meets,Not Ready
E00553,2023,4.3,94.2,4.0,Medium,Exceeds,Ready Now
E00553,2024,3.8,87.8,3.8,Medium,Exceeds,Not Ready
E00553,2025,4.1,90.9,4.3,Low,Partially Meets,Ready 1-2 Years
E00553,2026,4.3,76.9,4.2,High,Meets,Ready 1-2 Years
E00554,2024,4.5,95.6,4.3,Low,Partially Meets,Ready 1-2 Years
E00554,2025,3.6,94.4,3.6,Low,Outstanding,Ready Now
E00554,2026,3.8,78.4,3.8,Medium,Outstanding,Not Ready
E00555,2022,2.5,77.4,2.7,Medium,Meets,Ready Now
E00555,2023,2.2,79.3,2.5,Low,Exceeds,Ready Now
E00555,2024,2.3,73.8,2.5,Medium,Meets,Not Ready
E00555,2025,2.1,78.0,1.9,Medium,Meets,Ready 1-2 Years
E00556,2022,4.1,85.5,4.1,Medium,Meets,Ready 1-2 Years
E00556,2023,4.1,92.9,3.9,Medium,Meets,Ready 1-2 Years
E00556,2024,4.0,87.4,4.1,Medium,Outstanding,Ready Now
E00556,2025,3.8,77.4,3.5,High,Partially Meets,Ready 1-2 Years
E00556,2026,3.3,87.8,3.2,Low,Exceeds,Not Ready
E00558,2022,3.4,101.0,3.4,Low,Exceeds,Ready 1-2 Years
E00558,2023,4.0,104.7,4.0,Medium,Partially Meets,Not Ready
E00558,2024,3.2,86.8,3.6,Medium,Meets,Ready Now
E00558,2025,4.3,95.9,4.3,Low,Meets,Ready 1-2 Years
E00558,2026,3.7,78.9,3.9,High,Partially Meets,Ready 1-2 Years
E00559,2025,3.4,90.8,3.2,Medium,Meets,Ready Now
E00559,2026,3.1,99.1,2.3,High,Meets,Ready Now
E00560,2022,3.7,88.9,3.9,Low,Meets,Ready 1-2 Years
E00560,2023,4.8,99.8,4.5,Medium,Meets,Ready Now
E00560,2024,4.2,104.4,3.9,High,Meets,Ready 1-2 Years
E00560,2025,3.9,84.8,4.1,Medium,Meets,Not Ready
E00560,2026,3.3,96.3,3.5,Medium,Meets,Ready 1-2 Years
E00561,2024,3.0,99.2,2.9,Medium,Outstanding,Not Ready
E00561,2025,3.4,76.5,3.6,Medium,Meets,Not Ready
E00561,2026,3.6,81.2,3.2,High,Outstanding,Not Ready
E00562,2026,4.6,100.2,4.3,High,Outstanding,Not Ready
E00563,2026,3.7,87.8,3.9,High,Partially Meets,Not Ready
E00564,2022,2.4,73.0,2.2,Low,Outstanding,Not Ready
E00564,2023,2.3,80.0,1.9,Medium,Meets,Ready 1-2 Years
E00564,2024,2.6,65.9,2.7,High,Meets,Ready Now
E00564,2025,3.0,80.8,2.7,Medium,Meets,Not Ready
E00564,2026,2.3,77.9,2.1,Medium,Meets,Ready Now
E00565,2025,2.4,65.1,1.8,Medium,Meets,Ready Now
E00565,2026,2.5,87.6,2.6,Medium,Meets,Ready 1-2 Years
E00566,2022,3.7,82.3,4.2,Medium,Meets,Ready Now
E00566,2023,2.9,76.1,2.8,Medium,Partially Meets,Not Ready
E00566,2024,4.0,74.0,4.5,Medium,Meets,Not Ready
E00566,2025,3.3,74.3,3.6,Low,Meets,Ready Now
E00566,2026,3.7,76.4,4.1,Medium,Meets,Ready 1-2 Years
E00567,2022,3.2,75.3,3.3,High,Meets,Not Ready
E00567,2023,3.9,96.0,4.2,Medium,Meets,Not Ready
E00567,2024,3.9,93.6,3.6,Medium,Outstanding,Not Ready
E00568,2022,3.9,89.2,3.7,Medium,Meets,Not Ready
E00568,2023,3.7,99.0,3.4,Medium,Partially Meets,Ready Now
E00568,2024,4.0,89.7,3.9,Medium,Partially Meets,Ready Now
E00568,2025,4.2,82.3,4.8,Low,Exceeds,Ready 1-2 Years
E00568,2026,4.4,83.6,4.3,Low,Meets,Ready 1-2 Years
E00569,2025,3.4,90.1,3.1,Low,Partially Meets,Ready Now
E00569,2026,3.6,94.8,3.8,High,Meets,Not Ready
E00570,2022,2.8,84.6,2.4,Medium,Outstanding,Not Ready
E00570,2023,3.5,88.1,3.2,Medium,Exceeds,Ready 1-2 Years
E00570,2024,3.4,87.5,3.3,Medium,Partially Meets,Ready Now
E00570,2025,3.6,73.5,3.8,Medium,Meets,Ready Now
E00570,2026,3.7,78.0,3.5,Medium,Outstanding,Not Ready
E00571,2025,3.0,60.7,3.2,High,Partially Meets,Ready 1-2 Years
E00571,2026,3.4,85.5,3.4,Medium,Exceeds,Not Ready
E00572,2022,2.7,83.6,2.9,Low,Meets,Ready Now
E00572,2023,2.7,92.2,3.0,Low,Outstanding,Ready 1-2 Years
E00572,2024,1.9,86.8,2.0,Medium,Partially Meets,Not Ready
E00572,2025,2.8,77.7,2.8,Medium,Partially Meets,Ready 1-2 Years
E00572,2026,2.4,52.4,2.9,Medium,Meets,Ready 1-2 Years
E00573,2023,3.0,73.0,3.1,Medium,Meets,Ready Now
E00573,2024,3.3,101.4,2.7,Medium,Partially Meets,Ready Now
E00573,2025,3.4,103.6,3.5,High,Partially Meets,Ready 1-2 Years
E00573,2026,3.4,70.1,3.3,Medium,Exceeds,Not Ready
E00574,2024,2.2,75.8,2.2,Medium,Meets,Not Ready
E00574,2025,2.9,69.1,3.0,High,Outstanding,Not Ready
E00574,2026,3.3,81.9,3.4,Medium,Partially Meets,Ready 1-2 Years
E00575,2023,4.0,103.1,3.8,Medium,Meets,Not Ready
E00575,2024,3.6,110.3,3.2,Low,Meets,Not Ready
E00575,2025,3.7,81.7,4.1,Medium,Outstanding,Ready 1-2 Years
E00576,2022,2.3,78.5,2.0,Medium,Meets,Not Ready
E00576,2023,2.6,69.9,2.3,Medium,Meets,Ready Now
E00576,2024,2.7,78.8,2.4,Medium,Meets,Ready 1-2 Years
E00576,2025,2.7,85.1,2.5,Medium,Outstanding,Ready Now
E00576,2026,1.7,83.5,1.5,Medium,Outstanding,Ready Now
E00577,2022,3.1,72.6,3.3,Low,Meets,Ready 1-2 Years
E00577,2023,2.5,65.6,2.7,High,Exceeds,Ready 1-2 Years
E00577,2024,3.0,86.3,3.0,Medium,Exceeds,Ready Now
E00577,2025,3.6,94.2,3.3,High,Partially Meets,Ready Now
E00577,2026,2.9,85.9,3.0,High,Outstanding,Ready 1-2 Years
E00578,2023,2.8,86.1,3.3,Medium,Meets,Ready Now
E00578,2024,2.9,51.3,3.1,Medium,Meets,Ready 1-2 Years
E00578,2025,2.6,80.9,2.7,High,Partially Meets,Not Ready
E00578,2026,3.5,87.9,3.5,High,Meets,Ready 1-2 Years
E00579,2026,3.9,80.3,4.4,Medium,Outstanding,Ready Now
E00580,2022,3.7,77.4,3.8,Low,Outstanding,Ready Now
E00580,2023,4.0,92.2,4.1,Medium,Meets,Ready Now
E00580,2024,3.3,75.2,3.2,Medium,Meets,Ready 1-2 Years
E00580,2025,3.4,94.5,3.2,High,Partially Meets,Not Ready
E00580,2026,3.8,84.3,3.6,Medium,Exceeds,Not Ready
E00581,2023,4.2,99.4,4.3,High,Exceeds,Ready 1-2 Years
E00581,2024,3.6,95.7,3.4,High,Meets,Ready Now
E00581,2025,4.6,99.2,4.0,Medium,Exceeds,Ready 1-2 Years
E00581,2026,4.2,76.0,4.1,Medium,Partially Meets,Ready Now
E00582,2024,3.5,88.8,3.6,Medium,Partially Meets,Ready 1-2 Years
E00582,2025,2.6,85.7,2.5,Medium,Meets,Ready 1-2 Years
E00582,2026,3.1,94.8,3.2,Medium,Partially Meets,Not Ready
E00583,2023,3.1,73.8,3.4,High,Outstanding,Not Ready
E00583,2024,3.2,75.3,3.5,High,Partially Meets,Not Ready
E00583,2025,3.8,89.4,3.7,Medium,Partially Meets,Not Ready
E00583,2026,2.6,73.7,3.0,Medium,Outstanding,Ready Now
E00584,2022,3.6,95.4,3.7,High,Meets,Ready 1-2 Years
E00584,2023,3.3,79.3,3.1,Low,Outstanding,Ready 1-2 Years
E00584,2024,4.0,108.3,3.8,High,Meets,Ready 1-2 Years
E00584,2025,3.5,92.4,3.4,Low,Meets,Ready 1-2 Years
E00584,2026,3.4,89.6,3.3,Medium,Meets,Ready Now
E00585,2022,3.1,92.2,3.1,Low,Exceeds,Ready 1-2 Years
E00585,2023,3.4,80.0,3.3,Medium,Meets,Ready 1-2 Years
E00585,2024,4.0,74.5,3.8,High,Partially Meets,Not Ready
E00585,2025,3.5,87.0,3.2,High,Exceeds,Ready 1-2 Years
E00585,2026,3.4,83.8,3.4,Medium,Meets,Ready 1-2 Years
E00586,2022,3.2,91.3,2.9,Medium,Partially Meets,Ready 1-2 Years
E00586,2023,3.7,89.8,3.4,Medium,Meets,Ready 1-2 Years
E00586,2024,3.2,87.2,3.5,Medium,Exceeds,Not Ready
E00586,2025,3.0,81.2,2.9,Low,Meets,Not Ready
E00586,2026,2.5,74.5,2.4,Medium,Outstanding,Ready 1-2 Years
E00587,2022,4.0,87.0,4.2,Medium,Meets,Ready 1-2 Years
E00587,2023,3.9,100.6,4.3,Medium,Meets,Not Ready
E00587,2024,4.2,82.6,4.1,High,Outstanding,Ready 1-2 Years
E00587,2025,4.5,93.5,5.0,Medium,Outstanding,Not Ready
E00587,2026,4.2,89.4,4.1,Low,Exceeds,Ready 1-2 Years
E00588,2023,3.7,86.3,3.5,Medium,Exceeds,Ready 1-2 Years
E00588,2024,3.5,71.0,3.5,Medium,Partially Meets,Not Ready
E00588,2025,3.4,83.8,3.0,Medium,Exceeds,Not Ready
E00588,2026,3.6,88.1,3.7,Low,Meets,Ready Now
E00589,2022,4.0,74.1,4.2,High,Exceeds,Not Ready
E00589,2023,4.1,78.9,3.8,High,Exceeds,Not Ready
E00589,2024,3.3,87.7,3.7,Medium,Outstanding,Not Ready
E00589,2025,3.8,70.3,3.8,Medium,Exceeds,Ready 1-2 Years
E00589,2026,3.3,97.5,3.2,Medium,Meets,Ready Now
E00590,2022,2.5,63.9,2.3,Medium,Partially Meets,Not Ready
E00590,2023,2.6,71.2,2.6,Medium,Exceeds,Ready Now
E00590,2024,2.3,83.3,2.4,Medium,Meets,Ready Now
E00590,2025,1.7,66.1,1.1,Medium,Outstanding,Not Ready
E00590,2026,1.8,77.4,1.7,Medium,Outstanding,Ready Now
E00591,2022,3.3,64.9,3.0,Low,Outstanding,Not Ready
E00591,2023,4.2,82.5,4.5,High,Partially Meets,Ready Now
E00591,2024,3.9,83.2,3.8,Low,Meets,Ready Now
E00591,2025,3.8,96.1,3.9,Medium,Meets,Ready 1-2 Years
E00591,2026,4.0,72.7,3.9,High,Partially Meets,Ready 1-2 Years
E00592,2022,3.1,84.7,2.9,Low,Outstanding,Not Ready
E00592,2023,3.3,98.6,3.4,Medium,Partially Meets,Not Ready
E00592,2024,3.9,90.3,4.1,Medium,Meets,Ready 1-2 Years
E00592,2025,3.2,86.2,3.2,Medium,Exceeds,Ready Now
E00592,2026,3.2,61.0,3.3,Medium,Meets,Ready Now
E00593,2022,2.9,83.9,2.9,Medium,Outstanding,Ready 1-2 Years
E00593,2023,2.7,60.0,2.4,Medium,Exceeds,Not Ready
E00593,2024,2.7,93.7,2.7,Medium,Partially Meets,Ready Now
E00593,2025,2.8,82.4,2.5,Medium,Exceeds,Ready 1-2 Years
E00593,2026,2.8,95.7,2.7,Medium,Exceeds,Ready Now
E00594,2026,3.5,80.7,3.7,Medium,Outstanding,Ready Now
E00595,2023,4.9,90.9,5.0,Medium,Partially Meets,Not Ready
E00595,2024,4.4,87.9,5.0,Medium,Outstanding,Not Ready
E00595,2025,4.6,86.9,4.4,Medium,Meets,Ready Now
E00595,2026,4.7,94.8,4.3,High,Partially Meets,Ready Now
E00596,2022,2.9,87.0,2.0,Low,Outstanding,Not Ready
E00596,2023,3.7,92.0,3.8,Medium,Exceeds,Not Ready
E00596,2024,3.5,78.7,3.5,Medium,Outstanding,Ready 1-2 Years
E00596,2025,2.6,91.9,1.9,Low,Partially Meets,Ready Now
E00596,2026,3.3,102.9,3.0,High,Meets,Ready Now
E00597,2022,2.1,83.7,2.5,Medium,Meets,Ready 1-2 Years
E00597,2023,2.6,75.9,2.2,High,Meets,Ready 1-2 Years
E00597,2024,2.2,77.1,1.9,Low,Exceeds,Ready 1-2 Years
E00597,2025,3.0,63.3,2.8,Low,Outstanding,Ready 1-2 Years
E00597,2026,2.4,72.2,2.5,Medium,Meets,Not Ready
E00598,2022,4.6,102.2,5.0,Medium,Outstanding,Ready Now
E00598,2023,4.2,81.2,3.7,Medium,Exceeds,Ready 1-2 Years
E00598,2024,4.0,93.2,3.7,High,Meets,Ready Now
E00598,2025,4.4,83.6,4.5,Medium,Meets,Not Ready
E00598,2026,3.8,84.2,3.8,Low,Meets,Not Ready
E00599,2022,2.9,105.6,2.9,Medium,Meets,Ready 1-2 Years
E00599,2023,2.6,92.5,2.7,Medium,Exceeds,Not Ready
E00599,2024,3.0,78.7,3.3,Medium,Meets,Ready 1-2 Years
E00599,2025,3.3,90.5,3.3,Low,Outstanding,Ready 1-2 Years
E00599,2026,3.0,79.8,3.4,Low,Meets,Ready 1-2 Years
E00600,2024,2.3,71.1,1.7,Medium,Meets,Ready Now
E00600,2025,2.4,83.7,2.3,Medium,Meets,Not Ready
E00600,2026,3.1,91.7,3.4,High,Outstanding,Ready Now
E00601,2023,3.4,81.3,3.1,Medium,Meets,Ready 1-2 Years
E00601,2024,3.1,72.6,3.2,Low,Meets,Not Ready
E00601,2025,4.0,85.5,4.4,Low,Meets,Ready Now
E00601,2026,4.2,90.9,4.1,Medium,Outstanding,Ready Now
E00602,2022,3.2,109.7,3.5,Medium,Meets,Ready 1-2 Years
E00602,2023,3.0,89.9,3.5,High,Meets,Ready 1-2 Years
E00602,2024,4.1,85.9,4.0,Medium,Exceeds,Ready 1-2 Years
E00602,2025,3.8,100.0,3.8,Medium,Exceeds,Ready Now
E00602,2026,3.1,87.5,3.0,Medium,Partially Meets,Ready Now
E00603,2025,3.8,90.6,4.0,High,Outstanding,Ready 1-2 Years
E00603,2026,3.4,98.9,3.5,Medium,Meets,Ready Now
E00604,2023,3.2,88.2,2.9,Low,Meets,Ready Now
E00604,2024,3.4,85.5,3.0,Medium,Outstanding,Ready 1-2 Years
E00604,2025,3.0,71.7,3.2,Medium,Exceeds,Not Ready
E00604,2026,3.0,87.1,2.7,Medium,Partially Meets,Not Ready
E00605,2022,3.6,64.3,3.7,Medium,Meets,Ready 1-2 Years
E00605,2023,3.4,89.0,3.1,Medium,Meets,Ready Now
E00605,2024,3.8,89.4,4.0,Low,Meets,Ready Now
E00605,2025,3.9,88.0,3.6,High,Exceeds,Ready Now
E00605,2026,4.3,96.5,4.3,Medium,Meets,Ready 1-2 Years
E00606,2023,4.0,91.5,3.7,Medium,Meets,Ready 1-2 Years
E00606,2024,4.2,71.4,4.6,Medium,Partially Meets,Ready Now
E00606,2025,3.8,80.5,4.2,Medium,Outstanding,Not Ready
E00606,2026,3.9,89.7,4.1,High,Meets,Not Ready
E00607,2023,3.3,93.9,3.5,Low,Partially Meets,Ready 1-2 Years
E00607,2024,3.7,65.3,3.6,Low,Meets,Ready 1-2 Years
E00607,2025,3.1,97.5,2.8,Medium,Partially Meets,Ready 1-2 Years
E00607,2026,4.0,85.1,4.0,Low,Exceeds,Ready Now
E00608,2023,3.7,98.9,3.8,Medium,Outstanding,Not Ready
E00608,2024,4.5,98.7,4.7,High,Meets,Not Ready
E00608,2025,4.4,86.4,4.3,Medium,Partially Meets,Ready 1-2 Years
E00608,2026,4.0,95.5,4.3,Low,Exceeds,Not Ready
E00609,2026,2.7,76.8,3.1,Medium,Outstanding,Ready 1-2 Years
E00610,2022,3.1,83.0,3.2,Low,Partially Meets,Ready Now
E00610,2023,3.7,88.1,3.7,Medium,Exceeds,Not Ready
E00610,2024,2.8,69.1,3.2,Medium,Meets,Not Ready
E00610,2025,2.8,81.8,2.7,Medium,Meets,Ready Now
E00610,2026,3.5,86.2,3.1,Medium,Meets,Not Ready
E00611,2022,3.5,103.6,3.6,Medium,Partially Meets,Not Ready
E00611,2023,3.8,85.2,4.2,High,Outstanding,Ready Now
E00611,2024,3.6,68.9,4.0,Medium,Exceeds,Ready Now
E00611,2025,3.6,75.4,3.3,Low,Partially Meets,Ready Now
E00611,2026,3.7,82.3,3.5,Medium,Exceeds,Not Ready
E00612,2022,3.2,74.9,3.2,Low,Partially Meets,Ready Now
E00612,2023,3.3,85.1,3.0,Medium,Outstanding,Ready Now
E00612,2024,3.3,74.0,3.6,Medium,Partially Meets,Ready Now
E00612,2025,3.0,72.4,3.2,High,Outstanding,Ready 1-2 Years
E00612,2026,2.7,76.2,2.8,Medium,Partially Meets,Ready 1-2 Years
E00613,2026,2.6,85.3,2.4,Medium,Partially Meets,Not Ready
E00614,2022,3.6,100.4,4.0,Medium,Meets,Not Ready
E00614,2023,3.4,81.8,3.8,Low,Exceeds,Ready Now
E00614,2024,3.2,85.2,3.2,Medium,Outstanding,Not Ready
E00614,2025,3.2,91.0,3.5,Low,Meets,Ready 1-2 Years
E00614,2026,2.8,95.4,2.3,Low,Partially Meets,Ready Now
E00615,2023,4.2,90.8,4.1,Medium,Meets,Not Ready
E00615,2024,3.4,84.9,3.6,Medium,Outstanding,Ready Now
E00615,2025,4.4,112.2,5.0,Low,Meets,Not Ready
E00615,2026,4.0,91.2,3.9,Low,Outstanding,Ready 1-2 Years
E00616,2026,2.5,83.6,2.4,Medium,Meets,Not Ready
E00617,2023,2.8,72.0,2.4,Medium,Outstanding,Ready Now
E00617,2024,2.8,83.2,2.5,Medium,Meets,Not Ready
E00617,2025,2.7,84.9,2.8,Low,Meets,Ready Now
E00617,2026,3.2,99.0,2.8,Medium,Meets,Ready 1-2 Years
E00618,2022,3.3,69.9,3.1,Low,Meets,Ready 1-2 Years
E00618,2023,3.8,94.2,3.7,High,Outstanding,Ready Now
E00618,2024,4.6,95.2,4.9,Low,Meets,Ready 1-2 Years
E00618,2025,4.2,79.3,3.7,Medium,Meets,Ready 1-2 Years
E00618,2026,3.7,97.5,4.1,Medium,Meets,Ready 1-2 Years
E00619,2026,3.2,98.6,3.0,Medium,Outstanding,Not Ready
E00622,2022,3.4,89.6,3.1,Medium,Partially Meets,Ready 1-2 Years
E00622,2023,4.2,94.8,4.3,High,Partially Meets,Ready 1-2 Years
E00622,2024,2.7,71.2,2.8,Medium,Outstanding,Ready Now
E00622,2025,3.8,105.2,4.0,Medium,Outstanding,Ready Now
E00622,2026,3.1,75.0,3.2,Medium,Outstanding,Ready 1-2 Years
E00623,2026,3.8,79.2,3.6,Low,Partially Meets,Ready Now
E00624,2022,3.7,88.8,3.1,Medium,Meets,Ready Now
E00624,2023,3.6,79.3,3.7,High,Partially Meets,Not Ready
E00624,2024,4.0,94.6,4.3,Medium,Meets,Ready 1-2 Years
E00624,2025,3.9,90.4,3.5,Medium,Meets,Ready 1-2 Years
E00624,2026,3.6,88.4,3.8,High,Partially Meets,Ready Now
E00625,2023,5.0,102.3,5.0,Medium,Exceeds,Ready Now
E00625,2024,5.0,84.1,5.0,Medium,Meets,Ready 1-2 Years
E00625,2025,4.6,92.8,4.9,Medium,Meets,Ready Now
E00625,2026,4.7,88.3,4.3,Low,Outstanding,Not Ready
E00626,2022,4.3,98.8,3.9,Medium,Outstanding,Ready Now
E00626,2023,3.5,84.1,4.1,Low,Meets,Not Ready
E00626,2024,4.0,80.6,3.7,High,Outstanding,Ready Now
E00626,2025,3.9,100.4,3.7,Medium,Meets,Ready Now
E00626,2026,4.2,97.6,3.9,Medium,Meets,Ready 1-2 Years
E00627,2025,3.1,77.8,2.9,Medium,Meets,Ready Now
E00627,2026,3.2,69.3,3.4,Medium,Exceeds,Ready 1-2 Years
E00628,2022,4.2,71.4,4.3,Medium,Meets,Ready Now
E00628,2023,4.3,84.6,4.5,Medium,Outstanding,Not Ready
E00628,2024,4.2,93.1,3.9,Medium,Meets,Ready Now
E00628,2025,4.1,97.9,4.1,Medium,Meets,Ready Now
E00628,2026,4.2,107.0,4.4,Low,Partially Meets,Ready 1-2 Years
E00629,2022,4.1,102.7,4.1,Medium,Outstanding,Ready Now
E00629,2023,4.0,83.5,4.1,High,Meets,Ready 1-2 Years
E00629,2024,4.2,99.0,4.2,Medium,Exceeds,Not Ready
E00629,2025,4.2,83.7,4.4,High,Partially Meets,Ready 1-2 Years
E00629,2026,4.7,92.8,5.0,High,Meets,Ready Now
E00630,2022,3.5,85.7,4.1,Low,Meets,Ready Now
E00630,2023,3.1,79.0,2.6,Medium,Partially Meets,Not Ready
E00630,2024,3.0,79.1,3.3,High,Meets,Ready 1-2 Years
E00630,2025,2.9,84.2,2.7,Low,Outstanding,Ready Now
E00630,2026,3.1,87.6,3.0,High,Exceeds,Ready Now
E00631,2022,3.4,78.4,3.8,High,Meets,Not Ready
E00631,2023,3.5,70.4,3.8,Medium,Meets,Ready 1-2 Years
E00631,2024,4.8,105.3,4.8,Medium,Outstanding,Ready 1-2 Years
E00631,2025,3.5,85.4,3.6,Medium,Outstanding,Ready 1-2 Years
E00631,2026,4.3,97.4,4.5,Medium,Meets,Not Ready
E00633,2022,3.2,80.1,3.0,High,Exceeds,Ready 1-2 Years
E00633,2023,2.5,55.1,2.8,Medium,Meets,Ready 1-2 Years
E00633,2024,3.0,84.7,3.1,Medium,Outstanding,Not Ready
E00633,2025,2.2,92.2,1.9,Medium,Partially Meets,Ready 1-2 Years
E00633,2026,2.7,73.1,3.0,Medium,Outstanding,Ready 1-2 Years
E00635,2023,3.4,92.0,3.6,High,Meets,Not Ready
E00635,2024,3.0,92.9,2.8,Medium,Partially Meets,Not Ready
E00635,2025,2.8,76.6,2.5,Medium,Outstanding,Not Ready
E00635,2026,3.1,116.5,3.4,Medium,Meets,Ready 1-2 Years
E00636,2026,3.6,98.0,4.0,Medium,Partially Meets,Not Ready
E00637,2022,2.3,52.6,2.7,High,Partially Meets,Ready Now
E00637,2023,1.9,50.2,1.9,Medium,Meets,Ready 1-2 Years
E00637,2024,1.6,66.5,1.2,Medium,Partially Meets,Not Ready
E00637,2025,2.4,83.3,2.2,Medium,Exceeds,Ready 1-2 Years
E00637,2026,1.5,81.2,1.6,Medium,Exceeds,Not Ready
E00639,2026,4.0,81.5,4.1,High,Partially Meets,Not Ready
E00640,2022,4.4,82.7,4.5,Low,Exceeds,Ready Now
E00640,2023,3.6,78.6,3.6,Low,Partially Meets,Ready 1-2 Years
E00640,2024,4.3,70.3,4.1,Medium,Meets,Ready Now
E00640,2025,3.5,71.8,3.7,High,Exceeds,Ready Now
E00640,2026,3.5,83.2,3.8,Medium,Partially Meets,Ready 1-2 Years
E00641,2023,3.6,99.0,3.4,Medium,Outstanding,Not Ready
E00641,2024,2.9,66.9,2.7,Medium,Partially Meets,Not Ready
E00641,2025,3.6,105.7,4.2,Low,Partially Meets,Not Ready
E00641,2026,4.0,84.0,3.9,High,Meets,Ready Now
E00642,2022,2.9,87.2,3.0,Medium,Outstanding,Not Ready
E00642,2023,2.7,82.4,2.7,Medium,Meets,Ready Now
E00643,2025,2.5,83.4,2.5,Medium,Meets,Ready Now
E00643,2026,3.0,83.9,2.9,Low,Meets,Ready Now
E00644,2022,3.8,93.1,3.5,Low,Partially Meets,Not Ready
E00644,2023,3.4,75.5,3.6,Medium,Meets,Not Ready
E00644,2024,3.7,68.0,3.9,Medium,Partially Meets,Ready Now
E00644,2025,3.4,101.2,3.3,Medium,Exceeds,Not Ready
E00644,2026,3.7,89.1,3.7,Medium,Exceeds,Ready Now
E00645,2022,3.0,78.4,3.5,Medium,Exceeds,Ready Now
E00645,2023,2.7,73.7,2.7,Low,Partially Meets,Ready Now
E00645,2024,3.6,78.4,3.8,Medium,Meets,Not Ready
E00645,2025,3.2,64.1,2.7,Low,Outstanding,Ready Now
E00645,2026,2.7,76.6,2.9,Medium,Outstanding,Not Ready
E00647,2025,2.6,99.9,2.6,Medium,Exceeds,Ready 1-2 Years
E00647,2026,4.1,87.9,4.5,Medium,Meets,Ready 1-2 Years
E00648,2026,1.9,66.5,1.5,Medium,Meets,Not Ready
E00649,2022,4.8,87.9,4.6,Medium,Exceeds,Ready Now
E00649,2023,4.6,92.8,4.5,Medium,Outstanding,Ready Now
E00649,2024,4.9,79.9,5.0,Low,Exceeds,Ready Now
E00649,2025,5.0,98.2,4.9,Medium,Meets,Ready 1-2 Years
E00649,2026,4.6,91.9,4.6,Medium,Exceeds,Ready 1-2 Years
E00650,2023,2.7,78.6,2.6,Medium,Meets,Ready 1-2 Years
E00650,2024,2.1,77.9,1.6,Medium,Outstanding,Not Ready
E00650,2025,2.1,67.9,2.0,Medium,Partially Meets,Ready 1-2 Years
E00650,2026,3.0,93.5,2.7,Medium,Outstanding,Ready 1-2 Years
E00651,2022,4.5,103.3,4.5,Medium,Partially Meets,Not Ready
E00651,2023,4.3,86.5,4.2,High,Meets,Not Ready
E00651,2024,4.1,97.5,4.2,Medium,Partially Meets,Ready 1-2 Years
E00651,2025,3.9,79.4,3.8,Medium,Outstanding,Ready 1-2 Years
E00651,2026,4.6,92.3,4.8,High,Exceeds,Ready Now
E00652,2022,3.9,97.4,3.8,Low,Exceeds,Not Ready
E00652,2023,3.1,69.9,2.3,High,Partially Meets,Ready Now
E00652,2024,3.6,87.6,2.9,Medium,Outstanding,Ready Now
E00652,2025,4.5,84.3,4.6,High,Meets,Ready 1-2 Years
E00652,2026,4.2,68.0,3.9,High,Exceeds,Not Ready
E00653,2022,3.4,83.2,3.9,High,Exceeds,Ready 1-2 Years
E00653,2023,3.3,78.4,3.2,Medium,Meets,Ready 1-2 Years
E00653,2024,3.5,72.8,3.7,Low,Outstanding,Not Ready
E00653,2025,3.7,104.8,3.8,Medium,Partially Meets,Ready Now
E00653,2026,3.0,81.8,3.5,Low,Meets,Ready Now
E00654,2024,3.8,77.6,3.9,Medium,Meets,Ready Now
E00654,2025,3.7,80.0,4.2,High,Exceeds,Not Ready
E00654,2026,3.3,87.1,2.8,Low,Meets,Ready Now
E00655,2022,4.1,93.2,4.1,Medium,Partially Meets,Ready Now
E00655,2023,3.5,65.5,3.6,Low,Exceeds,Not Ready
E00655,2024,4.2,77.0,4.8,Medium,Partially Meets,Ready Now
E00655,2025,4.2,90.0,3.7,Medium,Outstanding,Ready 1-2 Years
E00655,2026,3.6,83.2,4.0,Low,Meets,Ready Now
E00656,2022,3.2,96.8,3.3,Low,Meets,Ready Now
E00656,2023,3.0,65.7,3.0,Medium,Outstanding,Ready Now
E00656,2024,3.2,92.3,2.9,Low,Meets,Ready Now
E00656,2025,3.1,80.1,3.3,High,Exceeds,Ready Now
E00656,2026,2.8,92.1,2.2,Low,Meets,Not Ready
E00657,2025,4.4,88.2,4.8,High,Meets,Not Ready
E00657,2026,5.0,83.4,4.9,Low,Meets,Not Ready
E00659,2025,2.2,72.9,2.2,Medium,Exceeds,Not Ready
E00659,2026,1.2,67.8,1.5,Medium,Meets,Not Ready
E00660,2022,3.8,93.3,4.1,High,Meets,Ready 1-2 Years
E00660,2023,3.9,86.5,4.1,High,Partially Meets,Ready Now
E00660,2024,3.8,92.2,4.0,Medium,Meets,Not Ready
E00660,2025,3.9,77.4,4.2,Medium,Meets,Ready 1-2 Years
E00660,2026,3.7,97.6,3.6,Medium,Outstanding,Not Ready
E00661,2023,3.6,71.7,3.6,Medium,Outstanding,Ready Now
E00661,2024,3.8,83.2,3.2,Medium,Outstanding,Not Ready
E00661,2025,3.6,88.1,3.4,Medium,Outstanding,Not Ready
E00661,2026,3.8,90.0,3.7,High,Meets,Not Ready
E00662,2022,4.4,84.7,4.5,Medium,Meets,Ready Now
E00662,2023,4.0,87.0,4.3,Low,Outstanding,Ready Now
E00662,2024,3.2,75.4,3.4,Medium,Exceeds,Ready 1-2 Years
E00662,2025,3.8,105.9,3.5,Medium,Outstanding,Ready 1-2 Years
E00662,2026,3.3,68.5,2.9,High,Meets,Ready Now
E00663,2022,3.7,67.9,4.0,High,Outstanding,Ready 1-2 Years
E00663,2023,4.2,90.3,4.0,Medium,Partially Meets,Ready 1-2 Years
E00663,2024,3.8,72.7,3.6,Low,Meets,Ready Now
E00663,2025,3.4,105.7,3.4,High,Meets,Ready 1-2 Years
E00663,2026,3.8,87.5,4.7,Low,Outstanding,Ready 1-2 Years
E00664,2022,2.9,85.5,2.7,Medium,Exceeds,Ready 1-2 Years
E00664,2023,3.1,87.5,2.9,Medium,Partially Meets,Ready 1-2 Years
E00664,2024,2.6,61.8,2.5,Medium,Exceeds,Ready Now
E00664,2025,2.9,93.1,3.0,Medium,Meets,Not Ready
E00664,2026,3.2,90.5,3.3,High,Exceeds,Ready Now
E00665,2022,2.4,85.3,2.3,High,Exceeds,Ready 1-2 Years
E00665,2023,2.3,63.3,1.8,Low,Meets,Ready Now
E00666,2022,2.6,71.6,2.4,Medium,Meets,Not Ready
E00666,2023,3.2,89.1,3.6,Medium,Meets,Ready Now
E00666,2024,3.4,84.7,3.4,Medium,Exceeds,Ready Now
E00666,2025,2.6,90.6,2.6,Low,Meets,Ready 1-2 Years
E00666,2026,2.9,70.1,2.9,Medium,Partially Meets,Ready Now
E00667,2024,2.8,80.8,2.6,Medium,Meets,Ready Now
E00667,2025,3.1,90.6,3.1,Medium,Outstanding,Ready Now
E00667,2026,2.8,74.3,3.0,Medium,Outstanding,Ready Now
E00668,2024,3.3,90.6,4.0,Medium,Partially Meets,Ready Now
E00668,2025,4.3,92.7,4.6,Medium,Exceeds,Ready Now
E00668,2026,3.7,94.9,3.5,Medium,Exceeds,Ready 1-2 Years
E00669,2022,3.7,106.3,3.7,High,Partially Meets,Ready Now
E00669,2023,4.1,94.2,4.6,Medium,Outstanding,Not Ready
E00669,2024,3.8,92.8,3.7,High,Meets,Ready 1-2 Years
E00669,2025,3.8,91.8,3.8,Low,Outstanding,Not Ready
E00669,2026,3.4,86.4,3.4,Low,Exceeds,Ready 1-2 Years
E00670,2023,3.6,85.6,3.8,Medium,Meets,Not Ready
E00670,2024,3.7,94.0,4.1,Medium,Partially Meets,Ready 1-2 Years
E00670,2025,4.1,89.7,4.0,Low,Meets,Ready 1-2 Years
E00670,2026,3.9,90.5,3.8,Low,Exceeds,Ready Now
E00671,2022,1.9,73.7,2.1,Medium,Meets,Not Ready
E00671,2023,3.5,78.5,3.3,Low,Meets,Ready 1-2 Years
E00671,2024,2.3,80.3,1.9,High,Exceeds,Not Ready
E00671,2025,2.2,71.9,2.2,Medium,Exceeds,Ready Now
E00671,2026,2.5,74.7,2.9,Low,Partially Meets,Ready Now
E00673,2022,3.9,90.3,3.8,High,Partially Meets,Ready Now
E00673,2023,3.3,99.5,3.5,Medium,Meets,Ready 1-2 Years
E00673,2024,3.8,83.4,4.4,Medium,Meets,Not Ready
E00673,2025,4.1,90.3,4.0,Medium,Exceeds,Not Ready
E00673,2026,3.1,86.8,3.0,Medium,Meets,Ready 1-2 Years
E00674,2022,3.6,103.3,3.5,Medium,Meets,Ready Now
E00674,2023,3.8,79.7,3.5,Low,Outstanding,Not Ready
E00674,2024,3.5,82.9,3.4,Medium,Exceeds,Not Ready
E00674,2025,4.8,87.1,4.5,Low,Meets,Ready 1-2 Years
E00674,2026,3.6,108.1,3.4,Medium,Exceeds,Ready Now
E00675,2022,3.3,76.3,3.5,Low,Meets,Ready Now
E00675,2023,3.3,78.3,3.9,Medium,Exceeds,Ready 1-2 Years
E00675,2024,3.1,86.9,3.5,Medium,Partially Meets,Not Ready
E00675,2025,3.0,71.6,3.0,Low,Meets,Ready Now
E00675,2026,3.5,68.8,3.7,High,Meets,Ready 1-2 Years
E00676,2023,3.4,80.5,3.7,Medium,Outstanding,Ready Now
E00676,2024,3.6,87.6,3.2,Low,Partially Meets,Ready 1-2 Years
E00676,2025,3.9,73.3,4.4,High,Partially Meets,Not Ready
E00676,2026,3.6,93.4,4.0,Medium,Meets,Ready Now
E00677,2025,4.5,81.0,4.4,Medium,Meets,Ready 1-2 Years
E00677,2026,3.9,103.9,4.3,Medium,Partially Meets,Not Ready
E00678,2022,3.9,86.4,3.8,Medium,Partially Meets,Ready Now
E00678,2023,4.1,101.3,3.9,Medium,Exceeds,Ready Now
E00678,2024,4.6,80.8,4.4,Medium,Meets,Ready Now
E00678,2025,4.4,88.2,4.9,Medium,Meets,Ready Now
E00678,2026,4.2,96.6,3.9,Medium,Meets,Ready Now
E00679,2022,2.8,91.3,2.6,Low,Outstanding,Ready 1-2 Years
E00679,2023,2.2,77.3,2.2,Low,Meets,Ready Now
E00679,2024,2.9,67.7,2.6,Low,Outstanding,Ready Now
E00679,2025,2.8,76.7,3.0,Medium,Meets,Not Ready
E00679,2026,2.9,71.4,3.0,Medium,Meets,Ready Now
E00680,2022,3.0,86.4,2.9,Medium,Partially Meets,Ready 1-2 Years
E00680,2023,2.4,85.3,2.4,High,Outstanding,Not Ready
E00680,2024,3.1,100.0,3.2,High,Partially Meets,Ready Now
E00680,2025,2.8,71.5,2.2,Medium,Partially Meets,Ready 1-2 Years
E00680,2026,2.9,82.7,3.0,Medium,Partially Meets,Ready 1-2 Years
E00681,2022,4.7,90.1,4.8,Medium,Meets,Not Ready
E00681,2023,4.8,96.1,5.0,Medium,Partially Meets,Not Ready
E00681,2024,5.0,100.9,5.0,Low,Partially Meets,Not Ready
E00681,2025,4.8,86.3,5.0,Medium,Exceeds,Not Ready
E00681,2026,4.4,92.0,4.4,Low,Outstanding,Not Ready
E00682,2024,2.8,69.3,2.8,Low,Meets,Not Ready
E00682,2025,3.7,93.5,3.4,High,Meets,Ready 1-2 Years
E00682,2026,3.0,80.5,3.3,Medium,Partially Meets,Not Ready
E00683,2022,3.0,83.7,2.8,Low,Meets,Ready 1-2 Years
E00683,2023,3.8,95.4,3.9,Medium,Outstanding,Ready Now
E00683,2024,3.3,89.5,3.1,Medium,Meets,Ready 1-2 Years
E00683,2025,3.5,91.6,3.3,High,Exceeds,Ready Now
E00683,2026,3.5,83.4,3.6,Medium,Meets,Ready Now
E00684,2025,4.5,83.8,4.7,High,Partially Meets,Not Ready
E00684,2026,3.5,64.0,3.3,High,Exceeds,Ready 1-2 Years
E00685,2022,4.1,89.4,3.9,Medium,Partially Meets,Not Ready
E00685,2023,3.3,74.1,3.0,Low,Meets,Ready 1-2 Years
E00685,2024,4.0,81.0,4.2,Medium,Meets,Not Ready
E00685,2025,3.1,99.0,3.2,Low,Meets,Not Ready
E00685,2026,3.3,87.9,3.3,Medium,Exceeds,Ready Now
E00686,2026,3.2,77.2,3.6,Medium,Outstanding,Ready 1-2 Years
E00687,2022,2.7,67.5,2.5,Medium,Meets,Ready Now
E00687,2023,2.5,80.2,2.6,Medium,Meets,Not Ready
E00687,2024,2.8,89.5,2.3,Low,Meets,Ready Now
E00687,2025,2.8,84.6,3.0,Medium,Meets,Not Ready
E00687,2026,1.8,73.1,1.7,Medium,Meets,Ready Now
E00688,2022,3.5,87.6,3.3,Medium,Partially Meets,Ready 1-2 Years
E00688,2023,4.1,95.1,4.2,High,Meets,Not Ready
E00688,2024,4.3,92.8,4.4,Medium,Meets,Ready 1-2 Years
E00688,2025,3.6,89.4,3.8,Medium,Meets,Ready Now
E00688,2026,3.6,90.3,4.3,Medium,Exceeds,Ready Now
E00689,2022,2.6,76.4,2.6,High,Exceeds,Ready Now
E00689,2023,2.2,79.8,1.9,Medium,Outstanding,Ready 1-2 Years
E00689,2024,1.8,89.4,1.7,Low,Meets,Not Ready
E00689,2025,2.1,61.4,1.7,Low,Meets,Ready Now
E00689,2026,3.0,77.9,2.6,Medium,Meets,Not Ready
E00690,2024,3.9,83.7,3.9,Medium,Meets,Ready Now
E00690,2025,4.5,82.4,4.6,Low,Exceeds,Ready Now
E00690,2026,4.1,94.2,4.1,Medium,Meets,Ready 1-2 Years
E00691,2026,4.3,82.2,4.3,Medium,Exceeds,Ready Now
E00692,2022,3.7,83.0,4.0,Medium,Meets,Ready Now
E00692,2023,3.6,86.2,3.2,Medium,Outstanding,Ready Now
E00692,2024,3.3,78.3,3.2,Medium,Partially Meets,Ready 1-2 Years
E00692,2025,3.2,82.3,3.0,High,Meets,Ready Now
E00692,2026,2.6,84.8,2.4,Low,Meets,Ready Now
E00693,2023,3.7,97.6,3.7,Low,Meets,Ready Now
E00693,2024,3.9,85.8,4.2,Medium,Meets,Not Ready
E00693,2025,2.9,68.5,3.1,Low,Meets,Ready Now
E00693,2026,3.4,89.7,3.1,Medium,Partially Meets,Ready Now
E00694,2024,4.4,102.7,4.3,Medium,Partially Meets,Ready 1-2 Years
E00694,2025,4.5,98.4,4.1,Medium,Meets,Ready 1-2 Years
E00694,2026,4.0,85.7,4.2,Low,Outstanding,Ready 1-2 Years
E00695,2023,3.9,89.4,4.1,Medium,Outstanding,Ready Now
E00695,2024,4.2,86.7,3.7,Medium,Meets,Not Ready
E00695,2025,3.7,77.0,4.0,High,Exceeds,Not Ready
E00695,2026,4.5,86.6,4.7,Medium,Meets,Ready 1-2 Years
E00696,2023,2.9,85.4,3.3,Medium,Outstanding,Ready 1-2 Years
E00696,2024,3.3,102.6,3.4,High,Meets,Ready Now
E00696,2025,2.1,74.7,2.4,Low,Meets,Ready 1-2 Years
E00696,2026,2.9,87.7,3.3,Medium,Outstanding,Not Ready
E00697,2022,2.6,85.3,2.2,Low,Meets,Not Ready
E00697,2023,2.4,79.1,2.7,Medium,Meets,Not Ready
E00697,2024,2.9,86.5,2.4,Medium,Exceeds,Not Ready
E00697,2025,2.6,72.8,3.0,Medium,Outstanding,Ready Now
E00697,2026,2.9,87.1,2.9,Medium,Meets,Ready Now
E00698,2022,4.2,75.1,3.7,Medium,Partially Meets,Ready Now
E00698,2023,3.9,83.2,4.0,High,Meets,Not Ready
E00698,2024,3.4,93.5,3.0,High,Partially Meets,Ready Now
E00698,2025,4.2,97.5,4.1,Medium,Meets,Not Ready
E00698,2026,4.4,82.4,4.2,Medium,Exceeds,Ready Now
E00699,2023,4.2,88.5,3.9,High,Exceeds,Ready 1-2 Years
E00699,2024,5.0,102.5,5.0,High,Meets,Not Ready
E00699,2025,4.5,99.6,5.0,High,Partially Meets,Ready 1-2 Years
E00700,2022,3.4,87.2,3.8,High,Exceeds,Ready 1-2 Years
E00700,2023,4.0,84.4,4.0,Medium,Outstanding,Not Ready
E00700,2024,3.7,90.4,3.7,Low,Meets,Not Ready
E00700,2025,3.5,85.3,3.4,Medium,Outstanding,Ready 1-2 Years
E00700,2026,3.2,66.6,2.8,High,Exceeds,Not Ready
E00701,2022,2.9,84.4,3.3,Medium,Outstanding,Not Ready
E00701,2023,3.3,95.8,3.3,High,Outstanding,Ready 1-2 Years
E00701,2024,3.0,70.1,3.0,Medium,Outstanding,Ready Now
E00701,2025,2.9,74.7,3.0,Medium,Meets,Not Ready
E00701,2026,2.8,88.9,2.8,Medium,Outstanding,Not Ready
E00702,2022,3.9,101.0,4.4,Medium,Exceeds,Ready Now
E00702,2023,4.7,74.3,4.8,Medium,Exceeds,Ready 1-2 Years
E00702,2024,3.8,77.0,3.5,Low,Meets,Not Ready
E00702,2025,5.0,87.7,5.0,Low,Meets,Ready Now
E00702,2026,4.8,90.0,4.8,Medium,Meets,Ready Now
E00703,2022,3.3,81.9,3.3,Low,Exceeds,Not Ready
E00703,2023,3.7,87.4,3.9,Medium,Meets,Ready 1-2 Years
E00703,2024,3.1,73.4,2.8,Medium,Partially Meets,Not Ready
E00703,2025,3.0,86.7,3.4,High,Meets,Not Ready
E00703,2026,3.8,85.2,3.8,Medium,Meets,Ready 1-2 Years
E00704,2022,3.9,75.8,3.6,Medium,Partially Meets,Ready Now
E00704,2023,4.1,84.7,3.9,Medium,Exceeds,Ready Now
E00704,2024,4.8,110.8,5.0,Medium,Meets,Ready 1-2 Years
E00704,2025,4.8,88.6,5.0,Medium,Exceeds,Not Ready
E00704,2026,4.7,99.8,4.3,High,Meets,Not Ready
E00705,2024,2.9,66.7,3.0,High,Outstanding,Ready 1-2 Years
E00705,2025,2.9,87.6,2.6,Medium,Outstanding,Not Ready
E00705,2026,2.4,76.4,2.0,Low,Exceeds,Not Ready
E00706,2023,3.1,94.7,3.0,Medium,Meets,Ready Now
E00706,2024,3.0,89.6,3.0,Low,Meets,Not Ready
E00706,2025,3.4,67.7,3.1,Low,Outstanding,Not Ready
E00706,2026,3.6,73.3,3.4,Medium,Partially Meets,Ready 1-2 Years
E00707,2022,2.0,86.4,2.4,High,Outstanding,Not Ready
E00707,2023,1.7,73.6,1.7,Low,Meets,Ready Now
E00707,2024,1.8,68.7,2.2,Medium,Outstanding,Not Ready
E00707,2025,1.8,71.5,2.3,Medium,Meets,Not Ready
E00708,2022,3.1,89.3,2.7,Medium,Outstanding,Ready Now
E00708,2023,2.9,90.0,2.7,Low,Exceeds,Ready 1-2 Years
E00709,2024,4.0,88.9,4.6,High,Meets,Ready 1-2 Years
E00709,2025,3.5,87.5,3.0,High,Partially Meets,Ready 1-2 Years
E00709,2026,3.5,92.2,3.7,Low,Partially Meets,Not Ready
E00710,2024,3.1,77.7,3.2,High,Meets,Ready Now
E00710,2025,3.6,90.2,3.5,Low,Exceeds,Ready 1-2 Years
E00710,2026,3.4,78.1,3.5,Medium,Meets,Not Ready
E00711,2026,3.6,77.7,3.5,Medium,Partially Meets,Not Ready
E00712,2022,4.5,84.8,4.4,High,Meets,Ready 1-2 Years
E00712,2023,3.6,79.8,3.6,Low,Partially Meets,Not Ready
E00712,2024,4.3,87.6,3.9,Medium,Exceeds,Ready Now
E00712,2025,4.1,91.8,4.0,High,Exceeds,Not Ready
E00712,2026,3.8,83.9,3.7,Medium,Exceeds,Not Ready
E00713,2025,3.0,75.4,2.8,High,Exceeds,Ready Now
E00713,2026,2.6,62.7,3.0,Medium,Outstanding,Not Ready
E00714,2022,3.5,94.5,3.9,Low,Partially Meets,Ready Now
E00714,2023,2.6,60.9,2.8,Low,Outstanding,Ready 1-2 Years
E00714,2024,3.0,86.4,3.0,Medium,Exceeds,Ready 1-2 Years
E00714,2025,2.7,95.1,2.0,High,Partially Meets,Not Ready
E00714,2026,3.5,91.9,3.4,Medium,Outstanding,Not Ready
E00715,2022,3.0,83.0,3.0,Medium,Exceeds,Ready Now
E00715,2023,2.9,64.1,2.8,Medium,Exceeds,Not Ready
E00716,2024,4.2,88.1,3.6,Medium,Exceeds,Ready 1-2 Years
E00716,2025,4.2,90.1,4.1,Medium,Meets,Not Ready
E00716,2026,4.1,91.2,3.8,Medium,Exceeds,Ready 1-2 Years
E00717,2022,3.8,65.6,3.5,Medium,Partially Meets,Ready 1-2 Years
E00717,2023,4.6,97.5,4.8,High,Meets,Ready Now
E00717,2024,4.7,103.5,5.0,Medium,Partially Meets,Ready Now
E00717,2025,4.0,104.2,3.9,Medium,Partially Meets,Ready Now
E00717,2026,3.8,92.6,3.6,Medium,Meets,Not Ready
E00718,2022,3.2,83.7,3.6,Medium,Outstanding,Ready 1-2 Years
E00718,2023,2.7,82.5,3.1,Medium,Exceeds,Not Ready
E00719,2022,4.0,91.6,4.4,Medium,Meets,Not Ready
E00719,2023,4.5,88.7,4.4,Low,Meets,Not Ready
E00719,2024,4.6,91.3,4.8,Medium,Outstanding,Ready 1-2 Years
E00719,2025,3.5,80.2,3.3,Medium,Exceeds,Ready 1-2 Years
E00719,2026,4.0,103.4,4.3,Low,Partially Meets,Not Ready
E00720,2024,3.2,71.2,3.3,Medium,Outstanding,Ready 1-2 Years
E00720,2025,4.3,80.5,4.5,Low,Outstanding,Ready 1-2 Years
E00720,2026,4.2,99.8,4.3,Medium,Partially Meets,Ready Now
E00721,2022,2.6,71.8,2.7,Medium,Exceeds,Ready Now
E00721,2023,2.3,64.8,2.3,High,Exceeds,Not Ready
E00721,2024,2.7,81.1,2.9,High,Exceeds,Not Ready
E00721,2025,2.8,90.2,2.3,High,Exceeds,Not Ready
E00721,2026,2.6,74.7,2.8,Medium,Meets,Ready Now
E00722,2022,4.3,88.3,4.1,Low,Exceeds,Ready Now
E00722,2023,4.5,87.9,4.6,Low,Exceeds,Not Ready
E00722,2024,4.0,63.6,3.8,Medium,Meets,Ready Now
E00722,2025,3.5,90.8,3.8,Medium,Partially Meets,Ready 1-2 Years
E00722,2026,4.2,78.6,4.0,Low,Meets,Not Ready
E00723,2022,3.3,81.0,3.2,Medium,Meets,Not Ready
E00723,2023,3.0,90.0,2.9,Medium,Exceeds,Ready 1-2 Years
E00723,2024,2.9,69.2,2.5,Medium,Meets,Not Ready
E00723,2025,2.8,83.5,3.0,Medium,Partially Meets,Ready Now
E00723,2026,3.6,67.6,3.4,Low,Outstanding,Ready 1-2 Years
E00724,2022,3.7,98.8,3.8,High,Meets,Ready Now
E00724,2023,4.4,96.6,4.6,High,Exceeds,Not Ready
E00724,2024,4.0,87.9,3.7,Medium,Meets,Not Ready
E00724,2025,3.9,90.8,3.6,Medium,Meets,Ready 1-2 Years
E00724,2026,3.7,94.5,3.9,Medium,Meets,Not Ready
E00725,2022,4.4,76.2,4.3,Medium,Meets,Ready Now
E00726,2026,4.7,101.8,5.0,Medium,Meets,Not Ready
E00727,2026,4.2,101.5,4.4,Medium,Meets,Ready 1-2 Years
E00728,2022,4.0,78.4,3.9,Medium,Outstanding,Ready 1-2 Years
E00728,2023,4.4,103.2,4.3,Low,Meets,Ready 1-2 Years
E00728,2024,4.6,104.3,4.5,Medium,Outstanding,Not Ready
E00728,2025,4.4,92.4,4.0,Medium,Meets,Not Ready
E00728,2026,3.9,81.9,3.4,Medium,Partially Meets,Not Ready
E00729,2022,4.0,80.1,4.1,Medium,Exceeds,Ready Now
E00729,2023,4.2,88.7,4.8,Low,Meets,Ready Now
E00729,2024,4.5,85.9,4.1,High,Meets,Ready Now
E00729,2025,4.2,83.6,4.0,Medium,Partially Meets,Ready Now
E00730,2022,2.0,83.3,1.8,Medium,Meets,Ready 1-2 Years
E00730,2023,2.6,79.6,2.6,Medium,Outstanding,Not Ready
E00730,2024,2.3,82.8,1.6,High,Exceeds,Ready Now
E00730,2025,2.6,69.2,2.7,Low,Meets,Not Ready
E00730,2026,2.5,87.4,2.2,Low,Meets,Ready Now
E00731,2024,4.0,72.5,4.3,High,Partially Meets,Not Ready
E00731,2025,4.5,80.2,4.6,Medium,Meets,Not Ready
E00731,2026,3.9,82.0,3.4,High,Meets,Not Ready
E00732,2026,4.5,101.5,4.4,Medium,Meets,Not Ready
E00733,2024,3.0,74.4,2.8,High,Exceeds,Ready Now
E00733,2025,3.4,72.4,4.1,Low,Outstanding,Not Ready
E00733,2026,3.7,82.1,3.6,Medium,Meets,Ready Now
E00734,2022,3.9,82.1,4.1,Low,Exceeds,Ready Now
E00734,2023,3.5,89.3,3.6,Medium,Meets,Ready Now
E00734,2024,3.2,81.7,3.5,Medium,Exceeds,Ready Now
E00734,2025,3.4,79.3,3.4,Medium,Outstanding,Ready 1-2 Years
E00734,2026,3.4,88.6,3.5,High,Outstanding,Not Ready
E00735,2026,3.1,89.4,3.5,Medium,Exceeds,Ready 1-2 Years
E00736,2025,2.8,81.0,2.7,Low,Outstanding,Ready Now
E00736,2026,2.9,82.0,2.4,Medium,Outstanding,Ready 1-2 Years
E00737,2024,4.7,88.7,4.7,Medium,Exceeds,Ready Now
E00737,2025,3.7,80.0,3.9,Medium,Partially Meets,Not Ready
E00737,2026,4.3,94.3,4.5,Medium,Meets,Ready Now
E00738,2026,2.9,69.6,3.0,Low,Meets,Ready 1-2 Years
E00739,2025,3.8,78.6,3.8,Medium,Meets,Not Ready
E00739,2026,4.3,76.1,4.5,High,Meets,Not Ready
E00740,2025,2.1,79.9,2.6,High,Meets,Not Ready
E00740,2026,2.1,78.2,1.8,Medium,Exceeds,Not Ready
E00741,2022,2.7,69.5,2.5,Medium,Meets,Not Ready
E00741,2023,4.0,94.3,4.0,Medium,Exceeds,Ready 1-2 Years
E00741,2024,3.9,79.1,3.5,High,Exceeds,Ready 1-2 Years
E00741,2025,3.0,70.8,3.1,Low,Meets,Not Ready
E00741,2026,3.1,87.2,3.1,High,Outstanding,Ready Now
E00742,2022,3.8,72.0,4.1,Medium,Meets,Ready Now
E00742,2023,3.9,97.0,4.1,High,Outstanding,Ready Now
E00742,2024,3.7,86.0,3.4,High,Exceeds,Not Ready
E00742,2025,3.8,84.3,4.0,Medium,Outstanding,Ready 1-2 Years
E00742,2026,4.2,91.4,4.2,Medium,Meets,Not Ready
E00743,2022,3.0,73.7,3.3,Medium,Exceeds,Ready 1-2 Years
E00744,2026,3.4,91.4,3.1,Medium,Exceeds,Ready Now
E00745,2022,4.5,95.9,4.6,Low,Meets,Not Ready
E00745,2023,3.7,96.6,3.2,Medium,Meets,Ready Now
E00745,2024,3.2,81.8,2.8,Low,Partially Meets,Not Ready
E00745,2025,3.7,86.0,3.5,Medium,Exceeds,Ready 1-2 Years
E00745,2026,4.1,92.2,3.9,Low,Exceeds,Ready Now
E00746,2022,5.0,105.6,5.0,Medium,Outstanding,Ready 1-2 Years
E00746,2023,5.0,79.6,4.7,Medium,Meets,Ready 1-2 Years
E00746,2024,5.0,89.8,5.0,High,Partially Meets,Not Ready
E00746,2025,5.0,89.0,5.0,Medium,Meets,Ready Now
E00746,2026,4.9,103.6,4.6,Medium,Meets,Not Ready
E00747,2026,5.0,100.8,5.0,Medium,Meets,Not Ready
E00748,2022,2.9,100.7,3.4,Medium,Outstanding,Not Ready
E00748,2023,3.9,82.0,3.5,Medium,Partially Meets,Not Ready
E00748,2024,3.6,71.8,3.7,Medium,Exceeds,Ready Now
E00748,2025,3.6,82.2,3.8,Medium,Exceeds,Ready Now
E00748,2026,3.4,90.2,3.6,Medium,Partially Meets,Ready 1-2 Years
E00749,2022,4.0,79.5,4.3,Medium,Exceeds,Not Ready
E00749,2023,3.2,95.9,3.3,Medium,Meets,Ready 1-2 Years
E00749,2024,2.6,89.2,2.3,Medium,Partially Meets,Ready 1-2 Years
E00749,2025,3.7,105.9,4.5,Medium,Exceeds,Ready 1-2 Years
E00749,2026,3.3,82.4,3.2,Medium,Meets,Not Ready
E00750,2022,2.6,74.2,2.9,Medium,Partially Meets,Ready 1-2 Years
E00750,2023,3.0,68.4,3.3,Low,Meets,Not Ready
E00750,2024,3.3,88.8,3.5,High,Outstanding,Not Ready
E00750,2025,3.0,81.7,2.6,Medium,Exceeds,Not Ready
E00750,2026,2.8,56.8,3.6,Medium,Meets,Not Ready
E00751,2022,4.0,98.6,3.5,Medium,Meets,Ready 1-2 Years
E00751,2023,4.5,90.3,4.4,Medium,Meets,Ready Now
E00751,2024,4.3,99.7,4.5,Low,Meets,Ready 1-2 Years
E00751,2025,4.6,96.9,4.3,Medium,Partially Meets,Ready 1-2 Years
E00751,2026,4.3,90.4,4.0,Medium,Partially Meets,Ready Now
E00752,2025,2.8,87.5,2.2,High,Exceeds,Ready Now
E00752,2026,1.8,78.6,1.2,Medium,Exceeds,Not Ready
E00753,2025,4.4,93.4,3.8,Low,Meets,Not Ready
E00753,2026,4.7,92.0,4.9,Medium,Meets,Ready Now
E00754,2022,4.0,95.9,4.3,Medium,Meets,Ready 1-2 Years
E00754,2023,4.4,89.6,4.5,Medium,Outstanding,Not Ready
E00754,2024,4.1,95.7,4.0,Medium,Meets,Ready Now
E00754,2025,4.6,102.3,4.6,High,Outstanding,Ready 1-2 Years
E00754,2026,3.6,86.1,3.5,Medium,Partially Meets,Ready Now
E00756,2022,2.8,62.3,2.7,Low,Exceeds,Not Ready
E00756,2023,2.6,68.7,2.7,Low,Exceeds,Ready Now
E00756,2024,3.7,82.1,3.5,High,Partially Meets,Ready 1-2 Years
E00756,2025,2.9,90.3,3.4,Medium,Partially Meets,Not Ready
E00756,2026,3.1,101.6,3.0,Medium,Meets,Ready 1-2 Years
E00757,2022,4.1,97.4,3.6,Medium,Meets,Not Ready
E00757,2023,3.6,88.3,3.4,Medium,Exceeds,Ready Now
E00757,2024,3.4,80.7,3.2,Medium,Meets,Ready 1-2 Years
E00757,2025,4.0,109.2,4.3,Medium,Outstanding,Ready 1-2 Years
E00757,2026,3.6,85.1,3.6,Medium,Partially Meets,Not Ready
E00758,2026,2.7,76.1,2.5,Medium,Exceeds,Ready Now
E00759,2024,3.1,94.4,3.1,Medium,Meets,Not Ready
E00759,2025,3.1,82.1,2.9,Medium,Outstanding,Not Ready
E00759,2026,2.8,78.8,2.6,High,Meets,Ready 1-2 Years
E00760,2026,4.3,81.1,4.0,Medium,Outstanding,Ready Now
E00761,2025,4.0,96.5,3.8,High,Exceeds,Ready 1-2 Years
E00761,2026,3.9,102.8,4.2,High,Meets,Not Ready
E00762,2022,3.2,95.4,3.2,High,Meets,Not Ready
E00762,2023,3.7,109.8,4.2,Low,Meets,Not Ready
E00762,2024,3.5,95.4,3.6,High,Partially Meets,Ready 1-2 Years
E00763,2022,4.3,93.6,4.5,Medium,Partially Meets,Not Ready
E00763,2023,3.9,87.4,4.0,High,Partially Meets,Ready Now
E00763,2024,5.0,96.7,5.0,Medium,Meets,Ready Now
E00763,2025,4.2,92.4,4.3,Low,Exceeds,Ready 1-2 Years
E00763,2026,4.6,99.3,5.0,High,Exceeds,Ready Now
E00764,2022,3.4,76.9,3.4,Medium,Exceeds,Ready Now
E00764,2023,2.9,66.4,2.6,Medium,Exceeds,Ready Now
E00764,2024,3.1,72.1,2.8,Medium,Outstanding,Ready 1-2 Years
E00764,2025,2.5,79.8,2.2,Medium,Partially Meets,Not Ready
E00764,2026,2.8,101.6,2.9,Low,Meets,Ready 1-2 Years
E00765,2022,3.5,93.7,3.5,Medium,Meets,Not Ready
E00765,2023,4.7,97.5,5.0,Medium,Meets,Not Ready
E00765,2024,4.8,101.0,5.0,Medium,Exceeds,Not Ready
E00765,2025,4.0,103.3,4.0,Medium,Exceeds,Ready Now
E00765,2026,4.2,77.2,4.1,Medium,Exceeds,Ready Now
E00766,2024,4.4,92.7,4.4,Low,Outstanding,Ready 1-2 Years
E00766,2025,4.1,89.4,4.6,High,Partially Meets,Not Ready
E00766,2026,4.5,77.4,4.6,Medium,Outstanding,Ready 1-2 Years
E00767,2026,3.1,85.5,3.4,Medium,Meets,Ready Now
E00768,2023,2.8,79.3,2.6,High,Meets,Ready 1-2 Years
E00768,2024,2.4,77.2,2.1,Low,Outstanding,Not Ready
E00768,2025,2.5,65.2,2.2,Low,Outstanding,Ready Now
E00768,2026,3.0,93.6,3.2,Medium,Meets,Ready Now
E00769,2022,3.4,92.9,3.2,High,Meets,Ready 1-2 Years
E00769,2023,3.3,79.1,3.4,Medium,Exceeds,Ready 1-2 Years
E00769,2024,3.5,74.1,3.2,Medium,Meets,Not Ready
E00769,2025,3.3,82.3,3.3,Low,Meets,Not Ready
E00769,2026,3.4,109.4,3.0,Medium,Meets,Not Ready
E00770,2022,2.8,74.4,2.4,High,Meets,Ready 1-2 Years
E00770,2023,2.3,83.5,2.2,Medium,Partially Meets,Not Ready
E00770,2024,2.7,72.2,2.5,Low,Meets,Ready Now
E00770,2025,2.1,79.3,2.1,Medium,Exceeds,Ready Now
E00770,2026,2.3,90.7,2.7,Medium,Meets,Ready Now
E00771,2024,4.1,93.3,4.0,Medium,Meets,Ready Now
E00771,2025,3.5,67.6,3.7,Medium,Partially Meets,Not Ready
E00771,2026,3.9,89.5,4.0,Medium,Partially Meets,Ready 1-2 Years
E00772,2022,4.2,92.8,4.5,High,Exceeds,Not Ready
E00772,2023,4.4,106.0,4.0,Medium,Exceeds,Ready 1-2 Years
E00772,2024,5.0,93.0,4.5,Medium,Exceeds,Not Ready
E00772,2025,4.7,70.8,4.8,Medium,Meets,Not Ready
E00772,2026,4.7,102.4,4.9,High,Exceeds,Ready Now
E00773,2022,3.2,90.8,2.9,Medium,Meets,Ready Now
E00773,2023,3.9,116.5,4.0,Low,Partially Meets,Not Ready
E00773,2024,3.1,78.2,3.3,Medium,Exceeds,Ready 1-2 Years
E00773,2025,3.8,77.4,4.0,Medium,Meets,Not Ready
E00773,2026,3.2,81.4,3.0,Low,Outstanding,Ready Now
E00774,2022,3.4,85.6,2.7,Low,Exceeds,Ready 1-2 Years
E00774,2023,2.5,89.1,2.6,Medium,Meets,Ready 1-2 Years
E00774,2024,3.0,79.7,3.0,Medium,Exceeds,Not Ready
E00774,2025,2.8,91.3,2.4,Low,Exceeds,Not Ready
E00774,2026,2.3,65.6,2.4,Low,Partially Meets,Ready Now
E00775,2022,3.9,100.0,4.1,Low,Outstanding,Not Ready
E00775,2023,4.0,82.5,4.0,Medium,Exceeds,Ready 1-2 Years
E00775,2024,3.6,89.5,4.0,Medium,Meets,Ready Now
E00775,2025,3.7,104.4,3.4,Low,Exceeds,Not Ready
E00775,2026,4.7,75.4,4.8,High,Exceeds,Ready Now
E00776,2023,2.7,71.1,2.6,Medium,Partially Meets,Not Ready
E00776,2024,3.4,73.5,3.3,Medium,Outstanding,Not Ready
E00776,2025,3.5,71.6,3.5,Low,Partially Meets,Ready Now
E00776,2026,3.0,69.2,2.8,Medium,Outstanding,Ready 1-2 Years
E00777,2023,3.9,94.5,3.4,Medium,Partially Meets,Not Ready
E00777,2024,4.8,94.9,4.7,High,Exceeds,Not Ready
E00777,2025,4.0,86.4,3.8,Low,Outstanding,Not Ready
E00777,2026,3.8,85.1,3.2,Medium,Partially Meets,Ready Now
E00778,2025,3.4,74.6,3.4,Medium,Meets,Ready 1-2 Years
E00778,2026,3.5,79.3,3.0,Medium,Meets,Ready Now
E00779,2022,3.8,87.1,3.9,Low,Meets,Not Ready
E00779,2023,3.2,81.1,2.9,Low,Partially Meets,Ready 1-2 Years
E00779,2024,3.4,75.5,3.6,Medium,Meets,Not Ready
E00779,2025,3.3,93.9,3.5,Low,Exceeds,Ready Now
E00779,2026,3.0,91.6,2.9,Medium,Exceeds,Ready 1-2 Years
E00781,2022,3.0,74.9,2.9,Medium,Partially Meets,Not Ready
E00781,2023,3.0,91.1,3.3,High,Exceeds,Ready Now
E00781,2024,2.3,75.2,2.2,Medium,Meets,Ready 1-2 Years
E00781,2025,2.3,93.7,2.6,Medium,Exceeds,Ready 1-2 Years
E00781,2026,2.8,61.6,2.4,Medium,Outstanding,Ready 1-2 Years
E00782,2023,4.8,81.6,4.5,High,Meets,Not Ready
E00782,2024,4.0,89.3,3.7,Low,Partially Meets,Not Ready
E00782,2025,4.5,97.6,4.5,Medium,Meets,Ready Now
E00782,2026,4.6,94.9,4.2,High,Exceeds,Ready Now
E00783,2022,4.9,101.6,4.9,Low,Outstanding,Not Ready
E00783,2023,3.9,94.3,3.3,Medium,Outstanding,Ready Now
E00783,2024,4.0,92.7,3.8,Medium,Exceeds,Ready Now
E00783,2025,4.2,92.8,4.2,High,Meets,Ready 1-2 Years
E00783,2026,4.7,104.7,4.7,Low,Outstanding,Ready 1-2 Years
E00784,2022,2.6,77.8,2.4,Medium,Partially Meets,Not Ready
E00784,2023,2.5,84.6,2.6,Low,Partially Meets,Ready Now
E00784,2024,3.3,81.6,3.2,Low,Exceeds,Ready 1-2 Years
E00784,2025,2.2,80.2,1.8,Medium,Partially Meets,Ready 1-2 Years
E00784,2026,3.0,93.9,2.4,Low,Outstanding,Not Ready
E00785,2022,3.7,93.2,4.0,Medium,Exceeds,Ready 1-2 Years
E00785,2023,3.0,77.0,2.9,Low,Meets,Ready 1-2 Years
E00785,2024,3.2,94.0,2.7,Low,Outstanding,Not Ready
E00785,2025,3.3,91.5,2.9,Medium,Outstanding,Not Ready
E00785,2026,3.7,83.6,3.3,Medium,Exceeds,Ready 1-2 Years
E00786,2022,3.8,76.6,3.5,Low,Outstanding,Ready 1-2 Years
E00786,2023,4.0,95.2,4.3,Medium,Meets,Not Ready
E00786,2024,4.0,90.9,3.8,High,Outstanding,Ready 1-2 Years
E00786,2025,4.5,120.0,4.7,Low,Partially Meets,Not Ready
E00786,2026,4.0,82.8,4.0,Medium,Exceeds,Ready Now
E00787,2024,3.4,81.9,3.5,Low,Meets,Ready Now
E00787,2025,4.0,89.9,4.1,High,Meets,Ready Now
E00787,2026,3.2,85.1,2.6,Medium,Meets,Ready Now
E00788,2023,3.5,76.1,3.8,Medium,Exceeds,Not Ready
E00788,2024,4.2,114.1,4.0,Medium,Outstanding,Ready Now
E00788,2025,3.9,81.9,4.0,Low,Exceeds,Not Ready
E00788,2026,3.7,87.0,3.9,Low,Exceeds,Ready 1-2 Years
E00789,2022,3.3,84.9,2.8,Medium,Meets,Not Ready
E00789,2023,2.6,77.5,3.0,High,Partially Meets,Ready 1-2 Years
E00789,2024,3.3,89.6,3.3,Medium,Meets,Ready 1-2 Years
E00789,2025,3.1,71.2,3.4,High,Outstanding,Ready 1-2 Years
E00789,2026,3.4,92.4,3.0,Medium,Exceeds,Ready Now
E00790,2022,2.5,81.4,2.3,Low,Exceeds,Ready Now
E00790,2023,2.5,58.3,2.1,Low,Partially Meets,Ready Now
E00790,2024,2.7,82.3,2.7,Medium,Outstanding,Ready 1-2 Years
E00790,2025,3.1,79.2,2.6,Medium,Outstanding,Ready Now
E00790,2026,2.1,73.5,2.5,High,Partially Meets,Ready 1-2 Years
E00791,2022,3.1,88.0,2.9,Low,Meets,Not Ready
E00791,2023,3.2,77.3,3.6,Medium,Meets,Ready 1-2 Years
E00791,2024,3.2,78.8,2.4,Medium,Meets,Not Ready
E00792,2022,3.7,84.6,3.7,Low,Outstanding,Not Ready
E00792,2023,3.7,87.6,3.5,High,Partially Meets,Ready 1-2 Years
E00792,2024,3.9,76.3,4.2,Low,Outstanding,Ready 1-2 Years
E00792,2025,3.4,73.2,2.8,Medium,Outstanding,Ready 1-2 Years
E00792,2026,3.6,76.6,3.7,High,Meets,Ready 1-2 Years
E00793,2023,3.8,88.7,3.4,High,Meets,Ready 1-2 Years
E00793,2024,4.1,108.6,4.2,Medium,Meets,Not Ready
E00793,2025,3.9,97.3,3.9,Medium,Meets,Ready Now
E00793,2026,3.1,87.3,3.0,High,Meets,Ready Now
E00795,2022,3.4,98.1,3.3,High,Meets,Ready Now
E00795,2023,3.3,81.3,3.6,High,Meets,Ready Now
E00795,2024,2.7,90.8,2.4,Medium,Partially Meets,Ready Now
E00795,2025,3.3,74.2,2.8,Low,Meets,Ready 1-2 Years
E00795,2026,3.1,95.6,3.2,Low,Partially Meets,Not Ready
E00797,2022,2.4,70.4,2.3,High,Meets,Ready 1-2 Years
E00797,2023,2.3,83.2,2.1,Low,Meets,Ready Now
E00797,2024,2.3,74.4,2.0,Low,Meets,Not Ready
E00797,2025,1.5,84.1,1.2,Medium,Outstanding,Not Ready
E00797,2026,1.3,72.8,1.3,Low,Outstanding,Not Ready
E00799,2026,4.6,107.7,4.1,High,Exceeds,Ready 1-2 Years
E00800,2025,3.6,93.8,3.3,Medium,Meets,Not Ready
E00800,2026,3.5,94.6,3.8,Low,Outstanding,Ready Now
E00801,2024,4.3,79.8,4.4,Medium,Exceeds,Not Ready
E00801,2025,3.8,96.0,3.6,Low,Outstanding,Ready Now
E00801,2026,3.1,91.9,3.5,Medium,Meets,Ready 1-2 Years
E00802,2022,1.1,79.2,1.2,Medium,Partially Meets,Not Ready
E00802,2023,1.2,71.8,1.0,Low,Partially Meets,Ready 1-2 Years
E00802,2024,2.3,73.5,2.0,Low,Meets,Ready Now
E00802,2025,1.5,84.5,1.9,Medium,Meets,Ready Now
E00802,2026,1.8,64.9,2.1,Medium,Outstanding,Ready Now
E00803,2025,4.3,97.8,4.5,Medium,Outstanding,Not Ready
E00803,2026,3.5,74.6,3.3,Medium,Exceeds,Not Ready
E00805,2026,5.0,103.3,4.8,Low,Meets,Ready 1-2 Years
E00806,2022,1.8,62.1,2.1,Medium,Meets,Not Ready
E00806,2023,1.4,68.9,1.3,Low,Outstanding,Ready Now
E00806,2024,1.8,78.1,1.9,Low,Exceeds,Ready 1-2 Years
E00806,2025,2.1,96.9,2.2,High,Partially Meets,Ready Now
E00806,2026,1.5,71.9,1.7,Medium,Meets,Not Ready
E00808,2023,3.6,84.4,3.5,High,Meets,Ready Now
E00808,2024,4.2,95.1,4.2,Low,Exceeds,Not Ready
E00808,2025,3.8,85.9,3.7,Medium,Meets,Ready Now
E00808,2026,3.7,79.7,3.8,High,Meets,Ready Now
E00809,2022,3.4,80.4,3.4,High,Partially Meets,Ready Now
E00809,2023,2.7,79.7,2.6,Low,Meets,Ready Now
E00809,2024,3.3,77.0,3.4,Low,Partially Meets,Not Ready
E00809,2025,3.3,73.5,3.2,Medium,Meets,Ready Now
E00809,2026,3.5,96.0,3.2,Medium,Outstanding,Ready Now
E00810,2023,3.7,88.3,3.2,High,Meets,Ready Now
E00810,2024,3.9,101.1,4.0,High,Partially Meets,Ready 1-2 Years
E00810,2025,3.2,69.4,3.1,Low,Exceeds,Not Ready
E00810,2026,3.9,100.9,4.3,Low,Exceeds,Ready 1-2 Years
E00811,2023,5.0,89.2,5.0,Medium,Meets,Ready 1-2 Years
E00811,2024,5.0,82.5,4.9,Medium,Exceeds,Not Ready
E00811,2025,4.7,94.8,4.8,Medium,Outstanding,Ready 1-2 Years
E00811,2026,4.9,78.2,4.8,Medium,Meets,Ready Now
E00812,2024,4.1,101.9,4.1,Low,Outstanding,Not Ready
E00812,2025,3.8,73.8,4.0,Medium,Outstanding,Not Ready
E00812,2026,3.5,99.1,3.9,Low,Outstanding,Ready Now
E00813,2022,3.5,85.3,3.5,Medium,Meets,Ready Now
E00813,2023,3.3,95.0,3.5,Medium,Meets,Ready 1-2 Years
E00813,2024,3.2,86.4,3.3,Medium,Meets,Ready Now
E00813,2025,3.7,83.9,3.9,Low,Meets,Ready 1-2 Years
E00813,2026,3.2,80.0,3.2,Medium,Meets,Ready 1-2 Years
E00814,2026,3.6,66.0,3.6,Medium,Outstanding,Ready 1-2 Years
E00815,2022,3.4,62.1,3.6,Medium,Exceeds,Ready Now
E00815,2023,3.4,75.0,3.0,Low,Outstanding,Ready 1-2 Years
E00815,2024,3.5,85.4,4.0,Low,Outstanding,Ready 1-2 Years
E00815,2025,3.1,95.9,2.7,Medium,Meets,Ready 1-2 Years
E00815,2026,3.4,92.5,3.7,High,Exceeds,Not Ready
E00816,2022,3.7,87.0,3.3,Medium,Outstanding,Ready 1-2 Years
E00816,2023,4.1,81.5,4.4,Medium,Partially Meets,Ready 1-2 Years
E00816,2024,3.3,91.1,3.6,Medium,Meets,Ready 1-2 Years
E00816,2025,3.5,76.8,3.3,Medium,Meets,Ready Now
E00816,2026,3.9,73.6,3.4,High,Outstanding,Ready Now
E00817,2022,2.7,74.0,3.0,Medium,Meets,Ready Now
E00817,2023,3.6,65.2,3.0,Medium,Meets,Ready 1-2 Years
E00817,2024,3.2,96.5,3.4,Medium,Exceeds,Not Ready
E00817,2025,3.0,78.5,3.1,Low,Partially Meets,Ready Now
E00817,2026,3.2,82.7,2.4,Medium,Partially Meets,Not Ready
E00818,2022,3.3,75.0,3.4,Medium,Meets,Ready Now
E00818,2023,3.4,78.2,3.5,Low,Partially Meets,Ready 1-2 Years
E00819,2022,2.5,68.4,2.9,Medium,Outstanding,Not Ready
E00819,2023,2.7,78.0,2.3,Medium,Partially Meets,Not Ready
E00819,2024,3.0,66.8,2.5,Medium,Meets,Not Ready
E00819,2025,2.9,60.7,3.3,Medium,Meets,Ready 1-2 Years
E00819,2026,3.2,80.6,2.9,Low,Outstanding,Not Ready
E00820,2023,3.8,79.7,3.3,Medium,Partially Meets,Ready 1-2 Years
E00820,2024,3.6,85.2,3.9,Medium,Partially Meets,Ready Now
E00820,2025,4.1,85.6,4.5,Medium,Meets,Not Ready
E00820,2026,3.9,90.6,4.6,High,Exceeds,Ready 1-2 Years
E00822,2023,3.3,89.4,3.3,Medium,Outstanding,Ready 1-2 Years
E00822,2024,2.5,77.5,2.8,Medium,Meets,Not Ready
E00822,2025,2.2,93.2,2.7,Low,Meets,Not Ready
E00822,2026,2.9,85.3,2.6,Low,Meets,Ready Now
E00823,2023,3.9,85.1,4.1,Low,Exceeds,Ready Now
E00823,2024,4.0,74.8,3.9,High,Outstanding,Ready 1-2 Years
E00823,2025,3.4,88.2,3.6,Medium,Meets,Ready Now
E00823,2026,3.6,86.0,3.3,High,Meets,Ready Now
E00824,2023,3.5,86.1,3.2,Medium,Outstanding,Ready Now
E00824,2024,3.8,76.2,3.8,High,Meets,Ready 1-2 Years
E00824,2025,3.2,61.0,2.9,Medium,Partially Meets,Ready Now
E00824,2026,3.1,110.8,3.2,Medium,Meets,Not Ready
E00825,2026,2.1,83.1,2.2,Medium,Partially Meets,Ready Now
E00826,2023,1.8,73.2,1.6,Low,Outstanding,Not Ready
E00826,2024,2.8,98.8,3.2,Medium,Partially Meets,Ready 1-2 Years
E00826,2025,3.1,90.4,3.1,Low,Meets,Not Ready
E00826,2026,2.0,67.2,1.9,Medium,Outstanding,Ready Now
E00827,2026,3.4,105.1,3.6,High,Outstanding,Ready 1-2 Years
E00828,2022,3.2,80.9,3.0,Medium,Partially Meets,Not Ready
E00828,2023,2.7,73.6,2.8,Medium,Meets,Ready Now
E00828,2024,2.9,81.7,3.4,High,Exceeds,Ready Now
E00828,2025,2.5,89.5,2.7,Medium,Outstanding,Ready 1-2 Years
E00828,2026,3.5,82.7,3.5,Medium,Meets,Ready 1-2 Years
E00829,2023,3.2,79.6,2.5,Medium,Meets,Not Ready
E00829,2024,3.1,79.4,3.1,High,Exceeds,Ready 1-2 Years
E00829,2025,3.3,73.6,3.5,Medium,Partially Meets,Ready Now
E00829,2026,3.1,66.5,3.0,Medium,Exceeds,Ready Now
E00830,2024,3.3,101.1,3.5,Low,Partially Meets,Ready Now
E00830,2025,3.9,81.3,3.8,Low,Exceeds,Not Ready
E00830,2026,3.8,99.4,4.2,High,Outstanding,Ready Now
E00831,2026,2.6,79.8,2.4,Medium,Meets,Ready Now
E00833,2022,4.8,85.3,4.7,Low,Exceeds,Ready Now
E00833,2023,5.0,104.0,5.0,Medium,Meets,Not Ready
E00833,2024,4.9,94.9,5.0,Medium,Exceeds,Not Ready
E00833,2025,5.0,103.1,5.0,Low,Outstanding,Ready Now
E00833,2026,4.8,92.6,4.9,Low,Meets,Not Ready
E00834,2025,3.5,81.5,3.4,High,Meets,Ready 1-2 Years
E00834,2026,2.2,73.5,2.8,High,Partially Meets,Ready Now
E00835,2022,2.4,66.3,2.3,Medium,Outstanding,Ready Now
E00835,2023,2.4,73.4,2.1,Medium,Meets,Ready 1-2 Years
E00835,2024,3.1,82.3,3.2,Medium,Exceeds,Not Ready
E00835,2025,3.2,93.9,3.4,Medium,Exceeds,Not Ready
E00835,2026,2.4,80.9,2.3,Medium,Meets,Ready 1-2 Years
E00836,2023,4.6,83.2,5.0,Low,Outstanding,Ready 1-2 Years
E00836,2024,4.4,101.3,4.7,Medium,Meets,Ready 1-2 Years
E00836,2025,5.0,76.4,5.0,Low,Exceeds,Not Ready
E00836,2026,4.9,99.6,4.6,Medium,Meets,Not Ready
E00837,2024,3.3,84.0,3.4,High,Outstanding,Ready 1-2 Years
E00837,2025,3.8,103.2,3.7,Medium,Exceeds,Ready 1-2 Years
E00837,2026,3.1,81.6,3.6,Medium,Meets,Ready 1-2 Years
E00838,2022,4.3,116.1,4.5,Medium,Meets,Ready Now
E00838,2023,4.2,87.3,4.4,Medium,Partially Meets,Ready 1-2 Years
E00838,2024,4.3,73.9,4.4,Medium,Outstanding,Not Ready
E00838,2025,4.4,96.0,4.1,Medium,Meets,Ready 1-2 Years
E00838,2026,4.7,94.6,4.3,Low,Meets,Ready Now
E00840,2022,3.7,70.2,3.8,High,Meets,Ready Now
E00840,2023,4.0,100.0,3.9,Medium,Meets,Ready 1-2 Years
E00840,2024,3.7,71.7,3.4,Medium,Meets,Ready Now
E00840,2025,4.4,91.5,4.2,High,Exceeds,Ready Now
E00840,2026,3.6,81.8,4.3,Low,Outstanding,Ready Now
E00841,2024,3.8,92.6,4.1,Medium,Outstanding,Ready Now
E00841,2025,2.9,68.8,3.2,Medium,Meets,Ready Now
E00841,2026,3.2,72.4,2.9,Medium,Exceeds,Not Ready
E00842,2026,2.5,78.0,2.5,Medium,Exceeds,Ready Now
E00843,2024,2.5,80.1,3.1,High,Meets,Not Ready
E00843,2025,3.0,94.1,2.7,Medium,Outstanding,Not Ready
E00843,2026,2.8,81.3,2.8,Medium,Partially Meets,Ready 1-2 Years
E00844,2023,3.2,76.2,3.6,Low,Outstanding,Not Ready
E00844,2024,3.4,88.1,3.7,High,Meets,Ready 1-2 Years
E00844,2025,3.3,73.0,2.7,Low,Partially Meets,Ready Now
E00844,2026,2.5,61.5,2.7,High,Meets,Ready Now
E00845,2022,4.6,84.1,4.7,Medium,Meets,Ready 1-2 Years
E00845,2023,3.8,83.2,3.7,Low,Partially Meets,Ready 1-2 Years
E00845,2024,3.2,77.5,2.6,High,Meets,Ready Now
E00845,2025,4.2,71.6,4.7,Medium,Exceeds,Ready Now
E00845,2026,3.7,87.1,3.7,High,Meets,Ready Now
E00846,2022,3.5,104.6,3.6,Medium,Meets,Not Ready
E00846,2023,3.8,89.4,3.4,Medium,Outstanding,Not Ready
E00846,2024,3.4,74.3,3.6,Low,Meets,Ready Now
E00846,2025,2.8,89.8,2.9,Medium,Outstanding,Ready Now
E00846,2026,3.5,102.1,3.8,Medium,Meets,Ready 1-2 Years
E00847,2026,3.2,72.0,3.0,High,Meets,Ready 1-2 Years
E00848,2026,1.8,75.2,2.0,Medium,Exceeds,Ready 1-2 Years
E00849,2026,2.7,67.5,3.1,Medium,Outstanding,Ready 1-2 Years
E00850,2022,4.3,98.0,4.2,High,Exceeds,Not Ready
E00851,2022,3.7,67.7,3.1,Medium,Meets,Not Ready
E00851,2023,3.5,78.2,3.1,High,Partially Meets,Ready Now
E00851,2024,3.9,78.6,4.3,Medium,Meets,Not Ready
E00852,2026,2.8,79.3,2.5,Low,Partially Meets,Not Ready
E00853,2026,2.7,74.6,2.2,Medium,Outstanding,Ready Now
E00854,2023,2.9,70.0,3.1,Medium,Meets,Ready Now
E00854,2024,3.1,106.3,2.8,High,Exceeds,Ready Now
E00854,2025,3.5,72.6,3.4,Medium,Outstanding,Ready 1-2 Years
E00854,2026,2.7,86.4,2.7,High,Meets,Ready 1-2 Years
E00855,2024,3.8,73.9,3.9,Medium,Meets,Ready Now
E00856,2022,3.3,99.5,3.2,High,Meets,Ready 1-2 Years
E00856,2023,3.8,99.3,3.8,Low,Outstanding,Ready Now
E00856,2024,3.9,86.7,4.1,Medium,Partially Meets,Not Ready
E00856,2025,3.7,87.6,4.1,Medium,Outstanding,Ready Now
E00856,2026,4.0,103.0,3.5,Medium,Meets,Ready 1-2 Years
E00857,2022,3.0,70.0,2.7,Medium,Exceeds,Ready 1-2 Years
E00857,2023,3.4,83.5,3.7,Medium,Meets,Ready Now
E00857,2024,2.3,103.6,1.8,Medium,Partially Meets,Not Ready
E00857,2025,3.0,92.4,2.8,Medium,Partially Meets,Not Ready
E00857,2026,3.4,95.1,3.7,Low,Meets,Not Ready
E00858,2022,3.0,81.4,2.2,Medium,Outstanding,Ready 1-2 Years
E00858,2023,3.5,86.6,3.3,Medium,Meets,Ready 1-2 Years
E00858,2024,3.2,90.6,3.2,Low,Outstanding,Ready Now
E00858,2025,2.9,79.2,2.9,Medium,Meets,Ready 1-2 Years
E00858,2026,2.7,77.8,2.5,Medium,Partially Meets,Not Ready
E00859,2022,2.8,93.1,2.1,Medium,Meets,Ready 1-2 Years
E00859,2023,2.9,84.4,3.0,Medium,Meets,Ready Now
E00859,2024,3.3,97.9,2.8,Medium,Exceeds,Not Ready
E00859,2025,3.7,79.5,3.7,Medium,Partially Meets,Not Ready
E00859,2026,3.3,69.8,3.2,Medium,Partially Meets,Ready 1-2 Years
E00860,2025,3.7,87.4,3.7,High,Meets,Ready Now
E00862,2022,2.7,72.1,2.9,Low,Partially Meets,Not Ready
E00862,2023,2.0,81.8,1.7,Medium,Outstanding,Ready 1-2 Years
E00862,2024,3.1,86.7,3.6,Medium,Exceeds,Ready Now
E00862,2025,3.2,86.0,3.6,Low,Meets,Ready Now
E00862,2026,2.4,72.9,2.5,Medium,Outstanding,Ready Now
E00863,2022,4.2,87.4,4.8,High,Partially Meets,Ready 1-2 Years
E00863,2023,4.8,103.4,4.7,Low,Meets,Ready 1-2 Years
E00863,2024,4.5,101.6,4.7,Low,Meets,Ready Now
E00863,2025,4.1,89.8,4.0,Medium,Outstanding,Ready Now
E00863,2026,4.7,96.5,4.4,Low,Meets,Not Ready
E00864,2024,2.2,75.4,2.1,Medium,Meets,Not Ready
E00864,2025,2.3,62.8,2.3,Medium,Meets,Ready 1-2 Years
E00864,2026,2.3,83.2,2.6,Medium,Outstanding,Not Ready
E00865,2022,2.3,59.9,2.2,Medium,Meets,Ready Now
E00866,2026,2.7,77.9,2.9,Medium,Exceeds,Not Ready
E00867,2023,3.8,84.0,3.5,Medium,Meets,Ready Now
E00867,2024,2.9,64.2,2.8,Low,Meets,Ready 1-2 Years
E00867,2025,3.0,80.3,3.6,Medium,Meets,Ready Now
E00867,2026,3.2,88.8,3.0,High,Meets,Not Ready
E00868,2025,4.3,92.9,4.2,Medium,Exceeds,Not Ready
E00868,2026,4.0,86.7,4.2,Medium,Meets,Ready 1-2 Years
E00870,2026,3.4,98.9,3.5,Medium,Outstanding,Ready 1-2 Years
E00871,2024,1.8,68.4,1.8,Medium,Outstanding,Ready Now
E00871,2025,3.0,91.3,3.0,Low,Meets,Ready Now
E00871,2026,2.0,79.2,2.3,Medium,Outstanding,Not Ready
E00872,2022,3.9,93.8,3.8,Medium,Meets,Ready Now
E00872,2023,4.3,90.4,4.3,Low,Meets,Ready 1-2 Years
E00872,2024,4.4,104.1,4.7,Medium,Meets,Ready Now
E00872,2025,4.1,81.9,4.2,Medium,Partially Meets,Not Ready
E00872,2026,4.3,100.5,4.7,Medium,Partially Meets,Ready 1-2 Years
E00873,2026,3.6,84.0,4.1,Medium,Meets,Ready 1-2 Years
E00874,2022,4.3,79.7,4.6,High,Meets,Ready 1-2 Years
E00875,2022,3.6,79.0,4.1,Medium,Partially Meets,Not Ready
E00875,2023,3.5,76.4,3.5,Medium,Meets,Not Ready
E00875,2024,3.0,88.1,3.5,High,Outstanding,Ready Now
E00875,2025,3.8,93.0,4.1,Low,Exceeds,Ready 1-2 Years
E00875,2026,3.7,78.1,3.8,Low,Partially Meets,Ready 1-2 Years
E00876,2024,3.7,72.3,3.4,Medium,Exceeds,Ready 1-2 Years
E00876,2025,4.3,86.4,3.7,Medium,Meets,Ready Now
E00876,2026,4.5,94.7,5.0,Medium,Meets,Ready 1-2 Years
E00877,2022,3.0,89.0,3.1,Medium,Meets,Ready Now
E00877,2023,3.8,107.2,3.7,Low,Outstanding,Not Ready
E00877,2024,3.6,78.2,3.5,Low,Meets,Not Ready
E00877,2025,3.6,84.8,3.4,Medium,Meets,Not Ready
E00877,2026,3.6,78.7,3.8,Medium,Exceeds,Ready Now
E00878,2022,3.3,81.6,3.0,Medium,Outstanding,Ready 1-2 Years
E00878,2023,2.8,66.7,2.8,Medium,Meets,Not Ready
E00878,2024,3.4,94.7,3.3,Low,Outstanding,Not Ready
E00878,2025,3.2,79.7,3.0,Low,Meets,Ready Now
E00878,2026,2.9,77.6,2.7,Low,Outstanding,Not Ready
E00879,2025,3.6,98.7,3.6,High,Exceeds,Ready Now
E00879,2026,3.4,81.1,3.6,Low,Exceeds,Not Ready
E00880,2022,3.1,76.2,3.2,Low,Meets,Ready 1-2 Years
E00880,2023,3.3,82.9,3.5,Medium,Exceeds,Ready 1-2 Years
E00880,2024,2.6,78.9,2.6,Medium,Exceeds,Not Ready
E00880,2025,3.1,88.5,2.7,Medium,Partially Meets,Not Ready
E00880,2026,3.0,93.4,2.5,High,Partially Meets,Not Ready
E00881,2024,3.2,83.0,3.6,Medium,Outstanding,Not Ready
E00881,2025,2.8,85.3,3.2,Medium,Exceeds,Ready Now
E00881,2026,3.5,87.0,2.8,Medium,Outstanding,Not Ready
E00882,2022,3.5,83.8,3.7,Medium,Partially Meets,Not Ready
E00882,2023,3.0,86.3,3.1,Medium,Meets,Ready Now
E00882,2024,3.1,77.7,3.3,High,Outstanding,Ready Now
E00882,2025,2.8,71.3,2.5,Low,Partially Meets,Ready 1-2 Years
E00882,2026,2.6,87.0,3.1,Medium,Meets,Ready Now
E00883,2026,2.7,81.3,2.5,High,Exceeds,Ready Now
E00884,2022,3.8,78.3,3.9,Low,Partially Meets,Ready 1-2 Years
E00884,2023,3.9,98.9,3.6,Medium,Meets,Ready 1-2 Years
E00884,2024,3.5,80.3,3.8,Low,Outstanding,Ready 1-2 Years
E00884,2025,4.4,114.8,4.3,Medium,Meets,Not Ready
E00884,2026,3.6,76.1,3.8,Medium,Meets,Ready Now
E00885,2022,2.6,78.8,2.6,Medium,Exceeds,Not Ready
E00885,2023,2.5,69.9,2.4,Medium,Outstanding,Ready Now
E00885,2024,2.5,77.7,2.8,Low,Outstanding,Ready Now
E00885,2025,2.5,83.1,2.5,Medium,Partially Meets,Ready Now
E00885,2026,2.4,79.0,2.2,Medium,Partially Meets,Not Ready
E00886,2026,3.3,91.7,3.0,High,Outstanding,Ready Now
E00887,2026,2.7,81.6,2.6,Low,Meets,Ready Now
E00888,2026,2.6,81.0,2.6,High,Outstanding,Ready Now
E00889,2022,2.6,80.3,2.3,Medium,Meets,Ready Now
E00890,2022,3.1,77.4,3.0,Low,Exceeds,Ready 1-2 Years
E00890,2023,2.5,98.4,2.8,Medium,Exceeds,Not Ready
E00890,2024,3.1,112.3,2.8,Low,Meets,Ready 1-2 Years
E00890,2025,3.6,87.9,3.2,Medium,Meets,Ready Now
E00890,2026,2.8,78.2,2.2,Medium,Partially Meets,Ready Now
E00891,2022,3.3,67.8,3.4,Low,Exceeds,Ready Now
E00891,2023,2.4,79.2,2.2,Medium,Meets,Not Ready
E00891,2024,3.1,77.8,2.7,High,Meets,Ready 1-2 Years
E00891,2025,3.2,81.0,3.2,Medium,Exceeds,Ready Now
E00891,2026,3.2,89.0,3.6,Medium,Meets,Ready Now
E00892,2023,3.4,86.0,3.6,Medium,Partially Meets,Not Ready
E00892,2024,3.5,108.6,3.1,Medium,Partially Meets,Not Ready
E00892,2025,3.6,75.5,3.8,Low,Meets,Ready 1-2 Years
E00892,2026,3.9,96.3,3.6,Low,Outstanding,Ready Now
E00893,2026,4.0,111.0,3.2,Low,Partially Meets,Ready Now
E00894,2026,4.2,85.4,4.1,Medium,Partially Meets,Ready Now
E00895,2022,4.5,73.1,4.8,Medium,Meets,Ready 1-2 Years
E00895,2023,4.4,83.0,4.5,Medium,Meets,Ready Now
E00895,2024,4.1,105.3,3.9,Medium,Meets,Ready Now
E00895,2025,4.1,83.2,3.9,High,Outstanding,Ready Now
E00895,2026,4.3,85.0,5.0,Medium,Outstanding,Ready 1-2 Years
E00896,2026,3.0,70.3,3.6,Medium,Exceeds,Ready 1-2 Years
E00897,2024,3.1,85.6,3.3,Medium,Meets,Ready 1-2 Years
E00897,2025,3.2,81.4,2.8,Medium,Meets,Ready 1-2 Years
E00897,2026,2.7,104.9,2.2,Medium,Meets,Ready 1-2 Years
E00898,2025,3.3,76.4,3.4,Medium,Partially Meets,Ready Now
E00898,2026,2.4,61.5,2.2,High,Meets,Not Ready
E00899,2022,3.7,86.2,3.5,Medium,Meets,Ready Now
E00899,2023,3.4,105.9,3.7,Low,Partially Meets,Ready Now
E00899,2024,3.8,91.1,3.1,Medium,Meets,Not Ready
E00899,2025,4.9,84.0,5.0,Low,Meets,Ready 1-2 Years
E00900,2022,3.3,98.0,3.6,High,Meets,Not Ready
E00900,2023,3.6,96.6,3.8,Medium,Outstanding,Not Ready
E00900,2024,3.0,83.7,2.6,Medium,Outstanding,Ready 1-2 Years
E00900,2025,2.7,72.3,2.3,Low,Exceeds,Ready 1-2 Years
E00900,2026,2.6,78.9,2.5,Medium,Partially Meets,Ready 1-2 Years
E00901,2022,3.1,74.8,2.7,Low,Exceeds,Ready 1-2 Years
E00901,2023,3.4,98.8,3.2,Low,Exceeds,Not Ready
E00901,2024,4.7,93.2,4.9,Medium,Partially Meets,Not Ready
E00901,2025,3.3,86.4,3.5,Medium,Meets,Ready Now
E00902,2022,3.6,95.9,3.2,Medium,Outstanding,Ready 1-2 Years
E00902,2023,3.7,84.9,3.5,Medium,Partially Meets,Ready 1-2 Years
E00902,2024,3.7,80.9,3.8,Medium,Meets,Ready Now
E00902,2025,4.3,82.1,4.0,Medium,Outstanding,Not Ready
E00902,2026,4.1,74.8,4.2,Medium,Exceeds,Ready Now
E00903,2024,5.0,106.0,4.7,Medium,Partially Meets,Ready 1-2 Years
E00904,2022,3.9,76.5,3.7,Medium,Exceeds,Ready 1-2 Years
E00904,2023,3.5,75.1,3.6,Medium,Exceeds,Not Ready
E00904,2024,3.7,95.4,3.8,Medium,Outstanding,Ready 1-2 Years
E00904,2025,4.0,79.0,3.8,Medium,Meets,Ready 1-2 Years
E00904,2026,3.6,81.9,3.8,Medium,Outstanding,Ready Now
E00905,2022,4.8,96.1,4.7,Medium,Meets,Ready 1-2 Years
E00905,2023,3.9,86.5,3.6,Low,Partially Meets,Ready Now
E00905,2024,4.6,100.3,4.4,Medium,Exceeds,Not Ready
E00905,2025,4.8,89.8,5.0,Medium,Meets,Not Ready
E00905,2026,5.0,107.4,4.8,Medium,Meets,Ready Now
E00906,2025,2.8,84.1,2.2,Medium,Meets,Not Ready
E00906,2026,2.7,79.1,3.2,Medium,Exceeds,Ready Now
E00907,2022,2.5,93.4,2.5,Medium,Meets,Ready Now
E00907,2023,2.6,70.4,2.7,Medium,Meets,Not Ready
E00907,2024,2.5,93.1,2.8,Low,Partially Meets,Ready 1-2 Years
E00907,2025,3.0,85.0,3.5,High,Exceeds,Not Ready
E00907,2026,3.4,88.3,3.1,Low,Meets,Ready Now
E00909,2025,5.0,94.0,4.8,Medium,Meets,Not Ready
E00909,2026,4.7,83.4,5.0,Low,Outstanding,Ready 1-2 Years
E00910,2022,1.9,70.3,1.9,High,Meets,Not Ready
E00910,2023,2.5,69.5,2.4,Medium,Outstanding,Ready 1-2 Years
E00910,2024,1.9,75.4,1.5,Medium,Partially Meets,Ready 1-2 Years
E00910,2025,2.5,80.3,2.3,Medium,Exceeds,Not Ready
E00910,2026,1.9,83.1,1.6,Medium,Partially Meets,Ready 1-2 Years
E00911,2024,2.1,56.3,2.0,High,Meets,Not Ready
E00911,2025,2.4,85.4,2.3,Medium,Meets,Ready 1-2 Years
E00911,2026,2.0,75.9,2.5,Medium,Exceeds,Ready Now
E00912,2022,2.7,97.3,2.3,High,Meets,Ready Now
E00912,2023,2.7,83.9,3.2,Medium,Partially Meets,Ready Now
E00912,2024,3.3,82.8,3.4,Medium,Meets,Ready Now
E00912,2025,3.5,87.3,3.7,Medium,Partially Meets,Ready Now
E00912,2026,2.8,77.9,3.2,Low,Exceeds,Ready 1-2 Years
E00913,2022,2.2,85.6,2.4,Medium,Meets,Not Ready
E00913,2023,2.4,61.9,2.5,Low,Meets,Ready 1-2 Years
E00913,2024,1.9,71.3,1.7,Low,Partially Meets,Ready Now
E00913,2025,1.9,70.2,1.7,Medium,Outstanding,Ready Now
E00913,2026,2.9,68.6,2.6,Medium,Exceeds,Ready 1-2 Years
E00914,2022,3.3,71.4,3.4,Medium,Exceeds,Ready Now
E00914,2023,2.7,69.1,2.6,Medium,Exceeds,Not Ready
E00914,2024,2.9,90.6,2.8,Medium,Meets,Not Ready
E00914,2025,3.3,96.5,3.4,Medium,Partially Meets,Not Ready
E00914,2026,2.7,73.5,2.7,Medium,Meets,Not Ready
E00915,2022,3.9,100.4,3.9,Medium,Outstanding,Ready Now
E00915,2023,3.6,80.4,3.1,Low,Outstanding,Not Ready
E00915,2024,4.5,94.0,4.7,Medium,Meets,Ready Now
E00915,2025,3.9,100.6,4.0,Medium,Meets,Ready 1-2 Years
E00915,2026,4.6,97.4,5.0,High,Exceeds,Ready Now
E00916,2024,3.7,107.5,3.9,Medium,Meets,Ready Now
E00916,2025,4.0,96.4,4.0,Medium,Partially Meets,Ready 1-2 Years
E00916,2026,4.7,91.5,5.0,Medium,Partially Meets,Not Ready
E00917,2022,3.2,79.5,3.0,Medium,Meets,Ready 1-2 Years
E00917,2023,3.5,101.3,3.6,Medium,Outstanding,Ready 1-2 Years
E00917,2024,3.7,88.0,3.3,Medium,Meets,Not Ready
E00917,2025,2.9,87.8,2.9,Medium,Partially Meets,Ready 1-2 Years
E00917,2026,3.4,79.8,3.1,Medium,Exceeds,Not Ready
E00919,2023,2.4,83.3,2.0,High,Exceeds,Ready 1-2 Years
E00919,2024,2.3,70.0,2.3,Medium,Meets,Ready 1-2 Years
E00919,2025,2.4,70.7,1.9,Medium,Partially Meets,Ready 1-2 Years
E00919,2026,2.3,78.5,2.6,Medium,Partially Meets,Not Ready
E00920,2022,3.6,82.4,3.5,Medium,Meets,Not Ready
E00920,2023,3.1,84.2,2.8,Medium,Outstanding,Not Ready
E00920,2024,4.3,89.0,4.5,Medium,Exceeds,Not Ready
E00920,2025,4.1,82.9,3.8,Medium,Partially Meets,Not Ready
E00920,2026,3.1,86.0,2.6,High,Outstanding,Ready Now
E00921,2024,2.1,73.0,2.2,High,Partially Meets,Ready 1-2 Years
E00921,2025,2.6,81.4,2.8,Medium,Exceeds,Ready 1-2 Years
E00921,2026,2.5,83.1,3.1,Low,Partially Meets,Not Ready
E00922,2022,5.0,111.7,4.9,Low,Partially Meets,Not Ready
E00922,2023,4.9,105.0,5.0,Medium,Meets,Not Ready
E00922,2024,4.7,76.7,4.8,Medium,Meets,Ready 1-2 Years
E00922,2025,5.0,115.4,4.8,High,Meets,Not Ready
E00922,2026,5.0,97.4,5.0,Medium,Exceeds,Ready 1-2 Years
E00923,2022,4.1,78.5,4.4,Medium,Meets,Ready Now
E00923,2023,4.0,94.0,4.4,Medium,Meets,Ready Now
E00923,2024,3.9,85.8,4.3,Medium,Outstanding,Not Ready
E00923,2025,4.0,87.1,3.7,High,Meets,Ready 1-2 Years
E00923,2026,4.4,83.4,4.3,Medium,Meets,Ready 1-2 Years
E00924,2026,2.5,88.5,2.4,High,Partially Meets,Not Ready
E00925,2026,2.7,71.0,3.0,Low,Exceeds,Ready Now
E00926,2022,3.7,92.9,4.2,Medium,Partially Meets,Ready Now
E00926,2023,3.8,81.1,3.8,Medium,Meets,Ready 1-2 Years
E00926,2024,3.6,86.5,3.6,High,Partially Meets,Not Ready
E00926,2025,3.3,83.2,3.7,Low,Outstanding,Ready Now
E00926,2026,3.6,101.3,3.8,High,Exceeds,Ready Now
E00927,2022,2.8,69.0,2.7,Medium,Partially Meets,Ready Now
E00927,2023,2.4,72.6,2.6,Medium,Partially Meets,Not Ready
E00927,2024,2.4,68.9,2.3,Medium,Meets,Not Ready
E00927,2025,2.3,82.9,2.3,Medium,Meets,Not Ready
E00927,2026,2.7,83.5,2.9,Medium,Outstanding,Ready 1-2 Years
E00928,2023,4.4,93.5,3.9,Medium,Meets,Ready Now
E00928,2024,4.6,101.3,4.9,High,Partially Meets,Ready 1-2 Years
E00928,2025,4.8,95.9,5.0,High,Exceeds,Ready Now
E00928,2026,4.5,101.0,4.7,Low,Exceeds,Ready 1-2 Years
E00930,2022,4.7,84.0,5.0,Medium,Partially Meets,Ready 1-2 Years
E00930,2023,5.0,80.9,4.5,Medium,Meets,Ready 1-2 Years
E00930,2024,4.6,96.5,5.0,Medium,Partially Meets,Ready Now
E00930,2025,4.3,83.4,4.4,Medium,Meets,Ready 1-2 Years
E00930,2026,4.4,76.8,4.1,Low,Exceeds,Ready Now
E00931,2025,3.9,70.4,3.8,Medium,Meets,Ready Now
E00931,2026,4.2,86.0,4.3,Low,Exceeds,Ready Now
E00932,2024,3.8,95.9,3.5,Medium,Partially Meets,Not Ready
E00932,2025,3.2,68.7,2.7,Medium,Meets,Ready 1-2 Years
E00932,2026,3.5,64.2,3.4,Medium,Exceeds,Not Ready
E00933,2022,3.1,85.3,3.6,High,Outstanding,Ready Now
E00933,2023,3.0,73.5,2.8,Medium,Exceeds,Ready 1-2 Years
E00933,2024,2.7,87.8,2.9,Medium,Partially Meets,Ready 1-2 Years
E00933,2025,2.7,82.6,2.8,Medium,Meets,Ready 1-2 Years
E00933,2026,3.2,92.1,3.4,Low,Meets,Ready 1-2 Years
E00934,2022,3.4,69.2,3.1,Medium,Meets,Ready 1-2 Years
E00934,2023,3.5,84.7,3.6,Medium,Partially Meets,Ready 1-2 Years
E00934,2024,3.5,86.4,3.3,Medium,Outstanding,Ready Now
E00934,2025,3.7,73.5,3.6,Medium,Outstanding,Not Ready
E00934,2026,3.5,81.3,3.7,Medium,Exceeds,Not Ready
E00935,2022,3.2,77.9,3.1,High,Meets,Ready Now
E00935,2023,3.9,87.2,3.7,Medium,Meets,Not Ready
E00935,2024,4.0,98.1,4.4,Medium,Meets,Not Ready
E00935,2025,3.7,76.3,3.1,Medium,Meets,Ready 1-2 Years
E00935,2026,4.0,84.7,3.4,Medium,Exceeds,Not Ready
E00936,2024,2.8,86.6,2.6,Low,Exceeds,Not Ready
E00936,2025,3.4,111.0,3.1,Medium,Exceeds,Ready Now
E00936,2026,3.6,96.0,3.9,High,Exceeds,Ready 1-2 Years
E00937,2026,2.8,93.5,3.0,Medium,Outstanding,Ready 1-2 Years
E00938,2024,3.8,85.4,3.6,Low,Meets,Not Ready
E00938,2025,3.3,79.8,2.9,Medium,Meets,Ready Now
E00938,2026,3.6,111.9,4.2,High,Meets,Not Ready
E00939,2023,3.2,82.3,2.8,High,Meets,Ready 1-2 Years
E00939,2024,2.7,105.2,3.0,Medium,Meets,Ready Now
E00939,2025,3.4,81.6,3.5,Low,Exceeds,Ready Now
E00939,2026,2.5,69.1,2.6,Low,Exceeds,Ready Now
E00940,2026,2.7,78.9,2.6,Medium,Partially Meets,Not Ready
E00941,2022,2.2,77.8,1.8,Medium,Meets,Not Ready
E00941,2023,2.8,89.7,2.8,Medium,Partially Meets,Not Ready
E00941,2024,1.7,78.4,2.5,Low,Outstanding,Ready 1-2 Years
E00941,2025,2.4,68.6,2.3,Medium,Outstanding,Ready Now
E00941,2026,3.1,82.4,3.5,High,Meets,Ready 1-2 Years
E00942,2022,3.2,79.7,3.2,Low,Meets,Ready Now
E00942,2023,3.6,73.2,4.0,Medium,Exceeds,Not Ready
E00942,2024,3.9,99.8,3.6,Low,Outstanding,Ready Now
E00942,2025,2.9,87.2,3.1,Low,Meets,Ready Now
E00942,2026,2.5,84.5,2.1,High,Meets,Ready 1-2 Years
E00943,2026,4.1,93.8,4.2,Medium,Exceeds,Ready Now
E00944,2025,4.0,84.6,3.7,Medium,Meets,Ready Now
E00944,2026,3.6,75.7,4.0,Low,Partially Meets,Ready 1-2 Years
E00945,2023,2.8,78.8,2.9,Low,Partially Meets,Ready 1-2 Years
E00945,2024,2.4,98.9,2.1,Medium,Outstanding,Ready Now
E00945,2025,2.7,74.1,2.2,High,Exceeds,Ready Now
E00945,2026,2.8,70.4,2.9,Medium,Meets,Not Ready
E00947,2025,3.1,82.3,2.8,Medium,Meets,Not Ready
E00947,2026,3.2,71.8,3.6,High,Meets,Not Ready
E00948,2022,4.7,94.1,4.8,Medium,Partially Meets,Not Ready
E00948,2023,4.8,100.8,5.0,Medium,Outstanding,Ready 1-2 Years
E00948,2024,4.5,105.7,5.0,Medium,Partially Meets,Not Ready
E00948,2025,4.2,80.8,3.9,High,Exceeds,Ready Now
E00948,2026,4.6,92.0,4.5,Medium,Meets,Ready Now
E00949,2022,2.5,86.8,3.1,Medium,Meets,Ready Now
E00949,2023,2.4,72.5,1.9,Medium,Partially Meets,Not Ready
E00949,2024,2.3,77.1,2.5,High,Meets,Not Ready
E00949,2025,2.7,85.5,2.9,Medium,Exceeds,Ready 1-2 Years
E00949,2026,3.4,86.9,3.7,Medium,Outstanding,Ready 1-2 Years
E00950,2022,3.3,78.6,2.8,Medium,Meets,Ready Now
E00950,2023,3.1,90.6,3.5,Medium,Meets,Ready Now
E00950,2024,3.1,85.7,2.9,Medium,Outstanding,Not Ready
E00950,2025,3.2,88.7,3.2,Medium,Exceeds,Ready Now
E00950,2026,3.4,89.5,3.3,Medium,Meets,Not Ready
E00951,2022,2.7,87.7,3.1,Low,Outstanding,Not Ready
E00951,2023,2.7,74.6,2.7,Medium,Meets,Not Ready
E00951,2024,3.4,89.5,3.5,Medium,Partially Meets,Ready Now
E00951,2025,3.1,95.8,2.8,Medium,Partially Meets,Ready Now
E00951,2026,3.5,78.0,3.4,Medium,Exceeds,Not Ready
E00952,2022,4.0,90.0,4.9,Medium,Outstanding,Ready 1-2 Years
E00952,2023,4.3,84.0,4.5,Medium,Meets,Ready 1-2 Years
E00952,2024,4.6,94.6,5.0,Medium,Partially Meets,Ready Now
E00952,2025,3.8,91.2,3.3,High,Exceeds,Ready 1-2 Years
E00952,2026,4.1,101.1,4.6,Medium,Outstanding,Ready 1-2 Years
E00953,2025,4.5,106.7,4.4,Medium,Meets,Ready 1-2 Years
E00953,2026,4.2,93.8,3.9,Medium,Meets,Ready Now
E00954,2022,3.6,83.9,3.6,Low,Meets,Not Ready
E00954,2023,4.2,97.9,4.3,High,Partially Meets,Not Ready
E00954,2024,3.4,86.0,3.6,High,Exceeds,Not Ready
E00954,2025,3.6,81.1,3.4,Low,Exceeds,Ready Now
E00954,2026,3.5,90.6,3.4,Medium,Partially Meets,Ready 1-2 Years
E00955,2022,3.4,101.5,3.1,Low,Outstanding,Ready Now
E00955,2023,3.0,86.3,2.5,Low,Outstanding,Ready Now
E00955,2024,3.1,88.2,2.8,Medium,Partially Meets,Ready 1-2 Years
E00955,2025,3.7,83.8,3.4,Medium,Meets,Not Ready
E00955,2026,4.0,88.5,4.2,Medium,Exceeds,Not Ready
E00956,2025,3.3,80.5,3.2,Medium,Meets,Not Ready
E00956,2026,4.2,98.3,4.6,Low,Outstanding,Ready 1-2 Years
E00957,2022,3.9,72.1,4.1,Low,Exceeds,Ready Now
E00957,2023,3.5,94.0,3.1,Medium,Exceeds,Ready 1-2 Years
E00957,2024,3.5,84.7,3.9,Low,Meets,Ready Now
E00957,2025,3.6,94.3,3.4,Low,Exceeds,Ready Now
E00957,2026,3.5,78.0,3.7,Medium,Exceeds,Not Ready
E00958,2026,3.6,86.2,3.8,High,Meets,Ready 1-2 Years
E00959,2026,3.7,87.4,4.1,Low,Meets,Ready Now
E00960,2022,4.1,86.3,3.9,Medium,Meets,Ready 1-2 Years
E00960,2023,3.9,80.6,3.7,Medium,Meets,Ready Now
E00960,2024,3.8,95.3,3.8,Low,Exceeds,Ready 1-2 Years
E00960,2025,3.5,83.7,3.7,Medium,Outstanding,Not Ready
E00960,2026,3.9,79.8,3.9,Medium,Partially Meets,Ready 1-2 Years
E00961,2026,3.5,89.1,3.5,Medium,Meets,Not Ready
E00962,2024,2.7,106.1,2.8,Medium,Outstanding,Ready Now
E00962,2025,2.9,81.3,2.5,High,Partially Meets,Ready Now
E00962,2026,3.3,89.3,3.4,High,Exceeds,Ready Now
E00963,2022,2.8,84.3,2.7,Medium,Meets,Ready Now
E00963,2023,3.2,82.7,3.2,Medium,Exceeds,Ready Now
E00963,2024,3.2,70.8,3.8,High,Exceeds,Not Ready
E00963,2025,2.5,68.6,2.6,Medium,Meets,Ready Now
E00963,2026,2.8,89.4,2.8,High,Meets,Ready 1-2 Years
E00964,2022,2.7,72.1,3.2,Medium,Meets,Ready 1-2 Years
E00964,2023,3.2,84.0,2.4,Medium,Meets,Ready Now
E00964,2024,3.1,88.0,2.8,Medium,Meets,Not Ready
E00964,2025,2.8,90.9,2.9,High,Meets,Not Ready
E00964,2026,3.1,100.6,3.6,Medium,Exceeds,Ready Now
E00965,2023,4.5,96.7,4.6,Medium,Meets,Ready 1-2 Years
E00965,2024,4.9,85.0,4.7,Medium,Exceeds,Ready Now
E00965,2025,4.4,100.6,4.4,Medium,Meets,Ready 1-2 Years
E00966,2025,3.7,85.8,3.9,Medium,Partially Meets,Ready Now
E00966,2026,3.8,95.1,3.7,Medium,Exceeds,Ready 1-2 Years
E00967,2022,3.6,80.4,3.9,Low,Exceeds,Ready 1-2 Years
E00967,2023,3.7,89.4,3.7,Low,Meets,Ready 1-2 Years
E00967,2024,3.7,92.7,3.3,High,Partially Meets,Not Ready
E00967,2025,3.7,82.0,3.4,High,Meets,Ready Now
E00967,2026,3.8,94.9,3.9,Low,Outstanding,Ready Now
E00968,2022,3.9,86.4,4.0,Low,Partially Meets,Not Ready
E00968,2023,4.0,106.4,4.0,Low,Partially Meets,Not Ready
E00968,2024,3.1,114.1,3.1,Medium,Partially Meets,Ready Now
E00968,2025,3.1,93.4,3.3,Medium,Exceeds,Not Ready
E00968,2026,3.6,94.7,3.6,High,Meets,Not Ready
E00969,2023,2.9,74.9,3.6,Medium,Outstanding,Not Ready
E00969,2024,2.7,88.0,2.6,Low,Meets,Ready Now
E00969,2025,2.8,77.0,3.2,Medium,Partially Meets,Ready Now
E00969,2026,2.8,73.1,2.7,Medium,Partially Meets,Ready Now
E00970,2022,2.7,77.5,2.7,Medium,Exceeds,Ready 1-2 Years
E00970,2023,2.7,84.7,2.7,Medium,Meets,Ready 1-2 Years
E00970,2024,2.1,78.4,2.3,Medium,Outstanding,Ready 1-2 Years
E00970,2025,2.0,73.6,2.1,Medium,Partially Meets,Ready 1-2 Years
E00970,2026,2.7,72.3,2.4,Medium,Meets,Ready 1-2 Years
E00971,2022,1.2,50.9,1.4,Medium,Meets,Ready 1-2 Years
E00971,2023,2.7,65.5,2.8,Medium,Meets,Not Ready
E00971,2024,2.1,78.1,1.9,Medium,Meets,Not Ready
E00971,2025,2.1,71.0,2.3,Medium,Meets,Ready 1-2 Years
E00971,2026,1.7,76.4,1.8,Medium,Meets,Ready Now
E00972,2022,3.3,88.6,3.2,Medium,Partially Meets,Not Ready
E00972,2023,2.8,77.2,3.2,Medium,Exceeds,Not Ready
E00972,2024,3.7,77.7,3.5,Medium,Outstanding,Not Ready
E00972,2025,3.5,96.3,3.9,Low,Outstanding,Ready Now
E00972,2026,3.0,75.2,3.0,Medium,Meets,Ready 1-2 Years
E00973,2024,2.5,78.3,2.5,Medium,Meets,Not Ready
E00973,2025,2.9,79.3,2.6,Medium,Exceeds,Not Ready
E00973,2026,3.1,89.2,3.6,Medium,Meets,Ready Now
E00974,2024,3.3,97.7,4.1,Medium,Exceeds,Not Ready
E00974,2025,3.2,100.2,3.3,Medium,Meets,Ready Now
E00974,2026,3.1,77.0,3.3,Medium,Meets,Ready Now
E00975,2022,2.5,84.6,2.8,Medium,Partially Meets,Ready 1-2 Years
E00975,2023,2.8,94.1,2.8,Medium,Meets,Ready 1-2 Years
E00975,2024,2.8,95.1,2.7,Low,Exceeds,Ready Now
E00975,2025,2.6,71.6,2.8,Medium,Outstanding,Not Ready
E00975,2026,2.2,94.1,2.7,Medium,Meets,Ready Now
E00976,2022,2.3,75.0,1.9,Medium,Meets,Not Ready
E00976,2023,2.7,77.3,3.0,Medium,Outstanding,Not Ready
E00976,2024,2.9,88.0,2.4,Medium,Meets,Not Ready
E00976,2025,2.9,74.3,3.1,Medium,Partially Meets,Not Ready
E00976,2026,2.9,98.7,2.9,Low,Exceeds,Ready 1-2 Years
E00977,2022,3.8,84.8,3.9,Medium,Exceeds,Ready Now
E00977,2023,3.8,68.5,3.9,Medium,Exceeds,Ready 1-2 Years
E00977,2024,3.8,86.8,4.1,High,Meets,Ready 1-2 Years
E00977,2025,4.3,119.6,4.3,High,Exceeds,Ready Now
E00977,2026,4.0,80.6,3.8,Medium,Exceeds,Ready Now
E00978,2022,3.1,70.7,2.8,High,Exceeds,Ready Now
E00979,2022,3.1,93.5,3.0,High,Meets,Ready 1-2 Years
E00979,2023,3.2,71.3,2.9,High,Partially Meets,Ready 1-2 Years
E00979,2024,3.9,101.7,4.2,Low,Exceeds,Not Ready
E00979,2025,2.8,76.0,2.5,Medium,Meets,Ready Now
E00979,2026,3.4,79.9,3.5,High,Meets,Ready 1-2 Years
E00981,2022,2.6,74.3,2.1,Medium,Partially Meets,Ready 1-2 Years
E00981,2023,3.1,93.5,3.4,High,Meets,Not Ready
E00981,2024,2.9,85.9,3.0,Medium,Meets,Not Ready
E00981,2025,3.2,89.3,3.2,Medium,Partially Meets,Ready Now
E00981,2026,2.5,82.1,2.4,Medium,Exceeds,Ready Now
E00982,2023,3.9,85.7,3.9,Low,Partially Meets,Ready Now
E00982,2024,4.0,92.1,3.3,Medium,Exceeds,Ready 1-2 Years
E00982,2025,4.0,112.4,3.4,Medium,Partially Meets,Ready 1-2 Years
E00982,2026,3.5,85.0,3.3,Medium,Partially Meets,Ready Now
E00983,2022,3.3,94.9,3.4,Medium,Outstanding,Ready Now
E00983,2023,2.7,85.5,2.6,Medium,Partially Meets,Ready 1-2 Years
E00983,2024,1.8,76.1,1.8,Medium,Outstanding,Not Ready
E00983,2025,2.9,88.3,2.8,Medium,Meets,Not Ready
E00983,2026,1.9,83.1,1.2,Medium,Partially Meets,Not Ready
E00984,2022,4.2,105.9,4.4,Low,Meets,Not Ready
E00984,2023,3.8,95.0,4.0,Low,Meets,Ready Now
E00984,2024,2.8,78.6,3.1,Medium,Partially Meets,Ready Now
E00984,2025,3.2,65.9,2.7,Medium,Partially Meets,Ready Now
E00984,2026,3.3,89.5,3.6,Medium,Partially Meets,Ready Now
E00985,2026,3.3,80.0,3.1,Medium,Outstanding,Ready Now
E00986,2026,2.5,79.8,2.2,Medium,Exceeds,Not Ready
E00987,2022,2.5,71.9,2.0,Medium,Exceeds,Not Ready
E00987,2023,2.5,67.4,2.8,Low,Exceeds,Not Ready
E00987,2024,2.6,81.6,2.1,Medium,Outstanding,Ready Now
E00987,2025,1.6,70.6,1.3,Medium,Meets,Not Ready
E00988,2022,3.2,85.0,3.1,Medium,Meets,Not Ready
E00988,2023,3.7,84.2,3.5,High,Exceeds,Ready Now
E00988,2024,3.5,92.0,3.5,High,Meets,Ready Now
E00988,2025,3.2,70.8,3.5,Medium,Meets,Ready 1-2 Years
E00988,2026,3.5,95.3,3.5,Low,Partially Meets,Ready 1-2 Years
E00989,2025,2.9,90.5,2.8,Low,Exceeds,Not Ready
E00990,2022,3.6,103.3,3.9,Medium,Outstanding,Ready 1-2 Years
E00990,2023,4.1,101.3,4.8,Low,Outstanding,Ready 1-2 Years
E00990,2024,3.8,96.1,4.0,Medium,Meets,Ready 1-2 Years
E00990,2025,3.5,92.0,2.9,High,Meets,Not Ready
E00990,2026,3.1,96.1,2.8,Medium,Exceeds,Ready Now
E00991,2022,3.3,83.1,3.6,Medium,Outstanding,Ready 1-2 Years
E00991,2023,3.4,91.3,3.5,High,Meets,Not Ready
E00991,2024,2.9,90.5,3.0,Medium,Exceeds,Ready 1-2 Years
E00991,2025,3.6,85.0,3.1,Medium,Partially Meets,Not Ready
E00991,2026,3.7,89.0,3.7,Medium,Partially Meets,Ready Now
E00992,2022,4.3,92.8,4.6,Medium,Exceeds,Ready Now
E00992,2023,2.9,83.6,2.7,Medium,Outstanding,Ready 1-2 Years
E00992,2024,3.8,99.6,3.5,Medium,Meets,Ready Now
E00992,2025,3.5,76.3,3.6,Medium,Partially Meets,Not Ready
E00992,2026,3.0,73.5,2.9,Medium,Outstanding,Not Ready
E00993,2023,2.8,75.0,2.8,High,Partially Meets,Not Ready
E00993,2024,2.5,100.2,2.5,Medium,Exceeds,Ready Now
E00993,2025,2.1,87.2,1.7,Medium,Meets,Not Ready
E00993,2026,2.7,66.7,2.8,Medium,Meets,Ready 1-2 Years
E00994,2022,3.1,85.5,2.9,Medium,Meets,Ready 1-2 Years
E00994,2023,3.9,90.2,3.9,High,Exceeds,Ready 1-2 Years
E00994,2024,3.8,95.7,3.9,Medium,Meets,Ready 1-2 Years
E00994,2025,4.1,84.4,4.3,Low,Outstanding,Not Ready
E00994,2026,4.0,78.8,3.5,High,Meets,Ready Now
E00995,2022,3.2,82.4,3.2,Medium,Meets,Ready 1-2 Years
E00995,2023,3.7,90.7,3.9,Low,Outstanding,Ready 1-2 Years
E00995,2024,2.7,89.3,2.7,Low,Meets,Not Ready
E00995,2025,3.4,85.8,3.3,Low,Partially Meets,Ready 1-2 Years
E00995,2026,2.9,75.3,3.1,Medium,Meets,Ready Now
E00996,2022,3.3,91.3,3.1,Medium,Exceeds,Ready 1-2 Years
E00996,2023,3.4,70.1,3.4,Medium,Meets,Ready 1-2 Years
E00996,2024,3.1,69.6,3.4,Medium,Meets,Ready 1-2 Years
E00996,2025,2.8,66.1,2.7,High,Meets,Ready Now
E00996,2026,4.5,90.9,4.0,Medium,Meets,Ready 1-2 Years
E00997,2022,3.3,63.4,3.8,High,Meets,Ready 1-2 Years
E00997,2023,3.1,72.5,3.5,Medium,Meets,Ready 1-2 Years
E00997,2024,3.1,92.3,3.3,Medium,Meets,Not Ready
E00997,2025,3.0,79.7,3.0,Medium,Exceeds,Ready Now
E00997,2026,2.8,62.3,2.8,Medium,Meets,Ready 1-2 Years
E00998,2024,3.9,94.8,4.3,Low,Meets,Ready 1-2 Years
E00998,2025,3.1,77.3,2.9,High,Partially Meets,Ready 1-2 Years
E00998,2026,3.1,99.7,3.1,Low,Outstanding,Not Ready
E00999,2025,3.7,80.0,3.6,Medium,Exceeds,Ready 1-2 Years
E00999,2026,3.5,84.9,3.0,Medium,Partially Meets,Ready 1-2 Years
E01001,2026,4.0,83.3,4.1,High,Outstanding,Ready Now
E01002,2022,2.0,69.4,2.4,Medium,Meets,Ready Now
E01002,2023,2.8,88.3,2.4,Medium,Meets,Not Ready
E01002,2024,2.7,84.7,3.2,High,Partially Meets,Ready 1-2 Years
E01002,2025,2.3,70.4,2.4,Medium,Outstanding,Not Ready
E01002,2026,2.0,60.2,2.0,Low,Partially Meets,Not Ready
E01003,2022,3.2,64.9,3.2,Medium,Partially Meets,Ready 1-2 Years
E01003,2023,2.7,76.0,2.7,Low,Meets,Not Ready
E01003,2024,1.9,67.5,2.1,Low,Exceeds,Ready Now
E01003,2025,2.6,97.3,2.6,High,Exceeds,Ready 1-2 Years
E01003,2026,2.6,80.3,2.7,Medium,Meets,Not Ready
E01004,2022,3.2,90.7,3.3,High,Meets,Ready Now
E01004,2023,3.1,82.5,3.1,Medium,Meets,Not Ready
E01004,2024,3.6,93.4,3.6,Low,Outstanding,Ready Now
E01004,2025,2.9,85.1,2.8,Medium,Partially Meets,Ready Now
E01004,2026,3.2,83.9,3.0,Medium,Outstanding,Ready Now
E01006,2026,4.4,90.7,4.5,Medium,Outstanding,Ready Now
E01007,2023,3.2,84.9,2.9,Medium,Exceeds,Ready 1-2 Years
E01007,2024,4.0,105.8,4.1,Medium,Partially Meets,Not Ready
E01007,2025,2.5,70.3,2.4,Medium,Exceeds,Ready 1-2 Years
E01007,2026,3.5,97.4,3.8,Medium,Outstanding,Ready 1-2 Years
E01008,2022,2.7,78.6,3.0,High,Exceeds,Not Ready
E01008,2023,3.3,93.9,3.0,Medium,Outstanding,Not Ready
E01008,2024,2.7,85.7,2.2,High,Outstanding,Not Ready
E01008,2025,3.7,95.1,3.6,Medium,Meets,Ready Now
E01008,2026,3.1,83.8,2.8,Low,Exceeds,Ready 1-2 Years
E01009,2025,3.0,81.2,3.7,Medium,Meets,Ready Now
E01009,2026,2.5,79.7,2.8,Low,Partially Meets,Ready Now
E01010,2024,3.2,67.2,3.3,Low,Meets,Ready 1-2 Years
E01010,2025,3.1,69.6,3.2,Medium,Outstanding,Ready Now
E01010,2026,2.8,76.7,3.3,Medium,Partially Meets,Ready Now
E01011,2026,2.5,88.2,2.4,Low,Partially Meets,Ready Now
E01012,2022,4.7,100.7,3.9,Medium,Outstanding,Not Ready
E01012,2023,4.5,100.1,4.2,High,Exceeds,Not Ready
E01012,2024,4.2,83.5,4.1,Medium,Exceeds,Ready 1-2 Years
E01012,2025,4.5,83.4,4.7,High,Meets,Not Ready
E01012,2026,3.6,83.3,3.5,High,Meets,Not Ready
E01013,2022,3.7,69.5,3.6,High,Meets,Ready Now
E01013,2023,3.6,90.9,3.5,Medium,Meets,Ready Now
E01013,2024,4.0,76.4,4.0,High,Outstanding,Ready Now
E01013,2025,4.1,96.9,4.0,Low,Meets,Not Ready
E01013,2026,4.4,95.3,4.5,Low,Exceeds,Ready Now
E01014,2022,3.3,93.5,3.4,Low,Meets,Not Ready
E01014,2023,3.0,85.3,2.7,Low,Partially Meets,Ready Now
E01014,2024,2.9,74.2,2.6,Medium,Meets,Ready Now
E01014,2025,3.2,83.4,3.4,Medium,Exceeds,Ready 1-2 Years
E01014,2026,2.4,80.0,2.7,Medium,Meets,Not Ready
E01016,2022,4.1,97.4,4.1,Medium,Outstanding,Ready 1-2 Years
E01016,2023,4.5,96.8,5.0,Medium,Meets,Ready Now
E01016,2024,4.1,86.9,4.1,High,Outstanding,Not Ready
E01016,2025,4.0,83.7,4.2,Medium,Exceeds,Ready Now
E01016,2026,4.4,89.6,4.4,Medium,Outstanding,Not Ready
E01017,2026,4.9,95.9,4.6,Medium,Meets,Not Ready
E01018,2022,3.3,89.8,3.4,Low,Partially Meets,Ready 1-2 Years
E01018,2023,3.7,74.7,3.4,Medium,Partially Meets,Ready 1-2 Years
E01018,2024,4.1,86.4,4.2,Medium,Meets,Not Ready
E01018,2025,4.0,83.1,4.2,Medium,Outstanding,Ready 1-2 Years
E01018,2026,3.9,80.1,4.0,Medium,Meets,Ready Now
E01019,2022,3.2,81.5,3.0,Medium,Meets,Ready Now
E01019,2023,2.3,56.3,1.5,Medium,Exceeds,Ready 1-2 Years
E01019,2024,2.6,67.2,2.4,Low,Partially Meets,Ready Now
E01019,2025,2.5,99.6,2.1,Medium,Meets,Not Ready
E01019,2026,2.6,67.6,3.1,Medium,Outstanding,Ready Now
E01020,2023,3.7,88.4,3.5,Medium,Meets,Ready 1-2 Years
E01020,2024,3.3,77.1,3.1,Low,Meets,Not Ready
E01020,2025,2.7,85.5,3.5,Medium,Meets,Ready Now
E01020,2026,3.4,92.7,3.2,High,Exceeds,Ready 1-2 Years
E01021,2022,2.4,84.7,2.5,Medium,Partially Meets,Ready Now
E01021,2023,2.7,84.3,2.6,High,Outstanding,Ready 1-2 Years
E01021,2024,3.2,66.3,3.7,Medium,Meets,Ready 1-2 Years
E01021,2025,3.4,73.9,3.3,High,Partially Meets,Ready Now
E01021,2026,2.6,67.5,2.9,Medium,Partially Meets,Ready 1-2 Years
E01022,2022,3.5,81.3,3.4,Medium,Partially Meets,Not Ready
E01022,2023,3.6,88.3,3.9,Low,Exceeds,Ready 1-2 Years
E01022,2024,3.8,112.5,3.9,Medium,Exceeds,Ready Now
E01022,2025,3.5,93.8,3.6,Low,Meets,Ready Now
E01022,2026,4.3,69.3,4.3,High,Outstanding,Not Ready
E01023,2022,4.3,107.7,4.2,Medium,Meets,Ready 1-2 Years
E01023,2023,3.7,76.0,3.5,Low,Outstanding,Ready Now
E01023,2024,3.9,98.4,4.1,Medium,Outstanding,Ready Now
E01023,2025,4.6,94.6,4.6,High,Outstanding,Ready 1-2 Years
E01025,2022,3.4,92.1,3.7,Medium,Partially Meets,Not Ready
E01025,2023,3.7,80.5,3.6,Medium,Meets,Ready 1-2 Years
E01025,2024,4.0,89.2,4.1,Low,Exceeds,Not Ready
E01025,2025,3.6,89.8,3.3,Medium,Meets,Not Ready
E01025,2026,3.3,70.5,3.1,Medium,Outstanding,Not Ready
E01026,2022,4.3,89.2,4.4,Low,Partially Meets,Not Ready
E01026,2023,3.7,85.4,3.3,Medium,Outstanding,Not Ready
E01026,2024,4.0,75.9,4.2,Medium,Meets,Ready Now
E01026,2025,3.8,78.7,3.5,High,Meets,Ready Now
E01026,2026,4.1,99.0,3.9,Medium,Exceeds,Ready Now
E01027,2024,4.7,101.6,4.4,Low,Partially Meets,Ready 1-2 Years
E01027,2025,4.4,81.9,4.5,Low,Meets,Not Ready
E01027,2026,3.8,83.8,3.7,High,Meets,Not Ready
E01028,2022,3.6,79.9,3.6,Medium,Meets,Ready Now
E01028,2023,3.5,86.1,3.5,Low,Meets,Not Ready
E01028,2024,3.6,94.7,3.5,Medium,Partially Meets,Ready 1-2 Years
E01028,2025,3.7,105.3,3.7,Low,Exceeds,Not Ready
E01028,2026,4.0,83.2,4.3,Medium,Outstanding,Not Ready
E01029,2026,4.0,86.6,4.0,Medium,Exceeds,Ready 1-2 Years
E01030,2022,1.8,76.3,2.1,Medium,Meets,Ready 1-2 Years
E01030,2023,2.5,68.0,2.5,Medium,Outstanding,Ready 1-2 Years
E01030,2024,2.8,71.3,2.7,Medium,Meets,Ready Now
E01030,2025,1.6,82.8,1.7,Medium,Meets,Not Ready
E01030,2026,2.0,79.2,1.9,Low,Meets,Not Ready
E01031,2022,1.9,68.4,1.7,Medium,Partially Meets,Ready Now
E01032,2025,3.1,88.5,3.4,High,Outstanding,Ready Now
E01032,2026,2.6,68.0,2.2,Medium,Partially Meets,Ready Now
E01033,2022,4.1,84.6,3.6,Medium,Meets,Ready 1-2 Years
E01033,2023,3.8,85.0,3.7,Medium,Partially Meets,Not Ready
E01033,2024,3.7,78.3,4.3,High,Partially Meets,Not Ready
E01033,2025,3.7,77.3,3.5,Medium,Meets,Ready Now
E01033,2026,4.0,100.5,3.7,High,Partially Meets,Not Ready
E01034,2022,3.8,80.7,4.0,Medium,Meets,Ready Now
E01034,2023,3.6,74.1,3.8,Low,Exceeds,Ready 1-2 Years
E01034,2024,3.8,88.5,3.9,Medium,Outstanding,Ready 1-2 Years
E01034,2025,3.4,85.6,3.4,Medium,Meets,Not Ready
E01034,2026,3.3,98.4,2.8,Medium,Meets,Ready 1-2 Years
E01035,2026,4.5,85.1,4.7,Medium,Exceeds,Ready 1-2 Years
E01036,2023,4.6,111.8,4.4,Low,Meets,Ready 1-2 Years
E01036,2024,5.0,83.5,4.8,Low,Meets,Ready Now
E01036,2025,4.5,88.9,4.6,Low,Partially Meets,Not Ready
E01036,2026,4.8,75.6,5.0,Medium,Outstanding,Ready 1-2 Years
E01037,2022,2.7,81.8,2.5,High,Meets,Not Ready
E01037,2023,2.7,74.1,3.2,Medium,Exceeds,Ready 1-2 Years
E01037,2024,3.3,80.2,3.1,High,Partially Meets,Ready 1-2 Years
E01037,2025,3.2,88.8,3.2,Low,Meets,Ready 1-2 Years
E01037,2026,2.5,72.0,2.3,High,Outstanding,Ready Now
E01038,2022,2.8,60.3,2.3,Medium,Outstanding,Not Ready
E01038,2023,2.5,95.7,2.3,Medium,Meets,Ready 1-2 Years
E01038,2024,2.9,68.5,2.4,Low,Exceeds,Not Ready
E01038,2025,3.4,81.4,3.5,High,Partially Meets,Ready Now
E01038,2026,3.6,91.4,3.8,Medium,Meets,Not Ready
E01039,2025,3.9,75.6,4.3,Medium,Meets,Ready Now
E01039,2026,4.2,94.2,3.7,Medium,Exceeds,Ready Now
E01041,2024,3.8,94.3,3.2,Medium,Outstanding,Ready 1-2 Years
E01041,2025,3.4,89.2,3.5,Low,Partially Meets,Not Ready
E01041,2026,2.9,84.9,2.9,Medium,Partially Meets,Not Ready
E01042,2022,1.8,68.0,1.4,High,Exceeds,Ready 1-2 Years
E01042,2023,1.3,83.1,1.3,Medium,Partially Meets,Ready Now
E01042,2024,1.4,64.8,1.0,Medium,Partially Meets,Not Ready
E01042,2025,1.6,72.5,1.4,Medium,Exceeds,Ready Now
E01042,2026,1.7,51.0,1.9,Medium,Exceeds,Ready 1-2 Years
E01045,2024,3.8,92.1,4.0,Medium,Meets,Ready Now
E01045,2025,2.4,76.0,2.8,Low,Meets,Not Ready
E01045,2026,3.7,85.8,3.7,Low,Meets,Not Ready
E01046,2022,3.1,73.2,3.0,Medium,Partially Meets,Ready Now
E01046,2023,3.3,77.4,2.7,High,Meets,Ready Now
E01046,2024,3.4,83.0,3.4,Medium,Meets,Not Ready
E01046,2025,3.1,78.0,2.9,Low,Meets,Not Ready
E01046,2026,3.0,88.6,3.1,High,Exceeds,Ready 1-2 Years
E01047,2024,3.5,77.7,3.6,Medium,Partially Meets,Ready 1-2 Years
E01047,2025,3.0,75.3,3.4,Medium,Partially Meets,Ready 1-2 Years
E01047,2026,3.7,83.9,3.7,Medium,Exceeds,Ready 1-2 Years
E01048,2022,3.2,86.3,2.9,Medium,Partially Meets,Ready Now
E01048,2023,2.8,60.5,2.5,Medium,Meets,Ready 1-2 Years
E01048,2024,3.3,86.2,3.1,Low,Exceeds,Not Ready
E01048,2025,2.5,74.2,2.3,Medium,Partially Meets,Ready 1-2 Years
E01048,2026,3.6,87.1,3.2,High,Outstanding,Not Ready
E01050,2022,2.7,82.8,2.8,High,Partially Meets,Not Ready
E01050,2023,3.2,71.2,3.5,Medium,Partially Meets,Ready 1-2 Years
E01050,2024,2.4,79.1,2.9,Medium,Meets,Ready Now
E01050,2025,2.4,80.7,1.7,Medium,Meets,Ready 1-2 Years
E01051,2023,4.7,89.2,5.0,Medium,Meets,Not Ready
E01051,2024,4.5,102.8,4.4,Medium,Outstanding,Not Ready
E01051,2025,4.1,80.4,4.1,Medium,Partially Meets,Ready Now
E01051,2026,4.6,94.8,4.2,High,Meets,Ready 1-2 Years
E01052,2023,3.6,96.0,3.3,Medium,Meets,Not Ready
E01052,2024,3.4,94.3,3.8,Medium,Meets,Ready 1-2 Years
E01052,2025,4.1,90.5,4.4,Low,Meets,Not Ready
E01052,2026,3.4,72.6,3.4,High,Meets,Ready 1-2 Years
E01053,2026,5.0,96.5,5.0,Medium,Outstanding,Ready 1-2 Years
E01054,2022,2.8,71.9,3.0,Medium,Partially Meets,Ready Now
E01054,2023,2.9,70.6,3.2,Low,Meets,Ready 1-2 Years
E01054,2024,3.2,96.6,3.2,Medium,Outstanding,Ready 1-2 Years
E01054,2025,2.6,70.5,2.9,Medium,Meets,Not Ready
E01054,2026,3.7,78.7,3.6,Medium,Partially Meets,Ready 1-2 Years
E01055,2022,3.4,80.6,3.3,Medium,Outstanding,Ready 1-2 Years
E01055,2023,3.7,114.6,3.6,Medium,Meets,Ready Now
E01055,2024,4.3,84.1,3.7,Medium,Partially Meets,Not Ready
E01055,2025,3.3,78.8,2.8,Low,Exceeds,Ready 1-2 Years
E01055,2026,3.7,74.1,3.8,Medium,Outstanding,Ready Now
E01056,2022,2.5,77.5,2.4,Medium,Outstanding,Ready Now
E01056,2023,2.1,108.0,1.9,Medium,Partially Meets,Ready 1-2 Years
E01056,2024,2.4,62.3,2.2,Medium,Meets,Not Ready
E01056,2025,2.2,86.0,2.7,Medium,Meets,Not Ready
E01056,2026,2.3,80.7,2.4,High,Partially Meets,Not Ready
E01057,2026,3.2,95.4,3.3,Medium,Exceeds,Ready 1-2 Years
E01058,2023,3.0,84.9,2.5,Medium,Partially Meets,Not Ready
E01058,2024,3.8,102.8,4.1,Medium,Meets,Ready Now
E01058,2025,4.2,92.7,3.7,Medium,Meets,Not Ready
E01058,2026,3.3,92.8,3.0,Low,Meets,Ready 1-2 Years
E01059,2023,2.4,82.9,2.3,Medium,Exceeds,Not Ready
E01059,2024,3.7,95.3,3.6,Medium,Meets,Ready 1-2 Years
E01059,2025,3.4,95.3,3.8,Medium,Exceeds,Not Ready
E01059,2026,3.1,86.7,3.0,Low,Outstanding,Not Ready
E01060,2022,2.5,79.0,2.3,Medium,Exceeds,Ready 1-2 Years
E01060,2023,1.7,80.6,1.7,Low,Outstanding,Ready 1-2 Years
E01060,2024,2.3,85.8,2.3,Low,Outstanding,Not Ready
E01060,2025,2.0,68.1,1.6,Medium,Meets,Not Ready
E01060,2026,2.3,71.6,2.3,Medium,Exceeds,Ready Now
E01061,2022,4.2,86.9,3.8,Medium,Exceeds,Not Ready
E01061,2023,4.2,85.4,4.2,Medium,Meets,Ready 1-2 Years
E01061,2024,4.7,107.1,4.7,Medium,Outstanding,Ready 1-2 Years
E01061,2025,3.7,101.3,3.7,Low,Exceeds,Not Ready
E01061,2026,3.8,88.8,4.2,Low,Outstanding,Ready 1-2 Years
E01062,2022,4.2,92.9,4.3,Low,Outstanding,Not Ready
E01062,2023,5.0,102.0,4.6,Medium,Meets,Not Ready
E01062,2024,4.7,108.8,4.3,Low,Exceeds,Ready 1-2 Years
E01062,2025,4.5,91.6,4.6,Medium,Partially Meets,Ready Now
E01062,2026,4.9,80.0,5.0,Medium,Partially Meets,Ready 1-2 Years
E01063,2026,3.1,77.0,2.8,Medium,Meets,Not Ready
E01064,2022,3.2,93.4,3.1,Low,Meets,Ready 1-2 Years
E01064,2023,3.6,74.6,4.2,Medium,Meets,Ready Now
E01064,2024,3.0,65.5,3.1,Medium,Partially Meets,Not Ready
E01064,2025,3.0,93.9,3.2,Medium,Outstanding,Not Ready
E01064,2026,2.7,80.4,2.6,Medium,Meets,Not Ready
E01065,2022,3.8,105.5,4.1,Medium,Outstanding,Not Ready
E01066,2022,3.6,62.9,4.1,Medium,Partially Meets,Ready 1-2 Years
E01066,2023,2.7,84.1,2.1,Low,Exceeds,Not Ready
E01066,2024,2.4,76.0,2.3,Low,Meets,Ready Now
E01066,2025,3.1,71.6,3.1,Medium,Exceeds,Not Ready
E01066,2026,2.7,83.6,2.7,Low,Exceeds,Ready Now
E01067,2022,2.5,89.2,2.6,Medium,Partially Meets,Ready Now
E01067,2023,2.2,79.2,1.9,Medium,Partially Meets,Ready Now
E01068,2022,3.0,88.5,3.3,Medium,Outstanding,Ready Now
E01068,2023,3.4,87.7,3.0,Medium,Meets,Not Ready
E01068,2024,3.4,93.1,3.1,Low,Meets,Ready 1-2 Years
E01069,2024,3.3,86.1,3.4,Medium,Meets,Ready 1-2 Years
E01069,2025,3.1,97.3,2.8,Medium,Exceeds,Ready 1-2 Years
E01069,2026,3.4,95.8,3.6,High,Exceeds,Ready 1-2 Years
E01070,2022,3.8,92.8,4.3,Medium,Exceeds,Not Ready
E01070,2023,2.6,82.9,2.7,High,Exceeds,Ready 1-2 Years
E01070,2024,2.7,73.1,2.8,Medium,Meets,Not Ready
E01070,2025,2.3,102.3,2.4,Medium,Exceeds,Ready 1-2 Years
E01070,2026,3.3,106.4,2.8,Medium,Partially Meets,Not Ready
E01071,2022,3.7,93.2,3.3,Medium,Meets,Ready 1-2 Years
E01071,2023,3.5,86.8,3.3,Low,Meets,Ready Now
E01071,2024,3.7,96.1,3.7,Medium,Outstanding,Ready Now
E01071,2025,4.2,78.2,3.5,High,Meets,Ready 1-2 Years
E01071,2026,3.6,94.9,3.7,Medium,Meets,Ready 1-2 Years
E01072,2024,4.0,84.8,4.0,Medium,Partially Meets,Ready 1-2 Years
E01072,2025,3.2,81.7,2.9,Medium,Meets,Ready Now
E01072,2026,3.0,99.0,3.2,Medium,Meets,Ready Now
E01073,2026,2.6,82.8,2.4,Medium,Partially Meets,Not Ready
E01075,2022,3.9,85.1,4.1,Medium,Outstanding,Not Ready
E01075,2023,4.4,83.1,4.9,Medium,Partially Meets,Not Ready
E01075,2024,4.1,80.1,3.8,Low,Outstanding,Not Ready
E01075,2025,4.3,95.4,3.8,Low,Meets,Ready 1-2 Years
E01075,2026,5.0,103.6,5.0,Low,Meets,Ready 1-2 Years
E01076,2022,3.4,76.7,3.6,Medium,Meets,Ready 1-2 Years
E01076,2023,3.3,90.5,2.6,Low,Partially Meets,Ready 1-2 Years
E01076,2024,4.1,104.4,4.2,Low,Partially Meets,Not Ready
E01076,2025,2.8,102.1,3.3,Medium,Meets,Ready 1-2 Years
E01076,2026,3.2,86.9,3.5,Medium,Outstanding,Ready 1-2 Years
E01077,2022,2.9,82.8,2.9,High,Outstanding,Ready Now
E01078,2022,3.6,106.5,4.1,Medium,Meets,Not Ready
E01078,2023,3.8,91.7,3.9,Low,Meets,Ready Now
E01078,2024,4.5,84.2,4.6,Medium,Meets,Ready Now
E01078,2025,4.3,98.4,3.9,High,Outstanding,Not Ready
E01078,2026,4.5,98.8,4.7,Medium,Exceeds,Not Ready
E01079,2024,4.1,80.4,3.9,Medium,Exceeds,Ready 1-2 Years
E01079,2025,5.0,101.2,5.0,Medium,Exceeds,Ready 1-2 Years
E01079,2026,4.2,94.8,5.0,Low,Outstanding,Ready 1-2 Years
E01080,2022,3.3,69.1,3.3,Low,Outstanding,Ready 1-2 Years
E01080,2023,2.6,77.9,2.4,Low,Exceeds,Ready Now
E01080,2024,1.9,75.5,1.6,Medium,Partially Meets,Ready Now
E01080,2025,3.0,80.9,2.9,High,Partially Meets,Not Ready
E01080,2026,2.7,74.4,2.7,Medium,Meets,Not Ready
E01081,2022,3.1,62.7,3.3,Medium,Outstanding,Ready Now
E01081,2023,3.2,93.1,3.4,Medium,Meets,Ready Now
E01081,2024,3.1,77.6,2.7,Medium,Partially Meets,Not Ready
E01081,2025,3.1,87.2,3.0,Medium,Meets,Ready Now
E01081,2026,3.0,80.1,2.8,Low,Meets,Ready Now
E01082,2025,4.1,97.1,4.5,Medium,Meets,Ready Now
E01082,2026,3.7,73.4,3.4,Medium,Meets,Ready Now
E01083,2022,3.6,86.0,3.9,Medium,Meets,Not Ready
E01083,2023,3.5,100.0,3.6,Medium,Exceeds,Not Ready
E01083,2024,3.9,95.1,4.0,High,Partially Meets,Not Ready
E01083,2025,3.3,86.1,2.9,High,Meets,Not Ready
E01083,2026,3.2,105.4,3.1,Medium,Meets,Ready 1-2 Years
E01084,2022,3.1,64.3,3.1,Medium,Meets,Not Ready
E01084,2023,3.3,72.0,3.0,Medium,Meets,Ready Now
E01085,2022,3.0,89.7,3.1,Medium,Meets,Not Ready
E01085,2023,3.3,85.1,3.4,Medium,Outstanding,Not Ready
E01085,2024,4.0,83.7,4.1,Medium,Partially Meets,Not Ready
E01085,2025,3.8,92.0,4.0,Medium,Exceeds,Ready Now
E01085,2026,3.5,83.7,3.7,Medium,Exceeds,Ready 1-2 Years
E01086,2023,2.8,102.4,2.6,Medium,Partially Meets,Ready Now
E01086,2024,3.0,72.5,2.8,Medium,Partially Meets,Not Ready
E01086,2025,3.4,85.9,3.8,High,Partially Meets,Ready 1-2 Years
E01086,2026,3.3,90.7,3.7,Medium,Meets,Not Ready
E01087,2025,4.5,94.5,4.4,Medium,Outstanding,Not Ready
E01087,2026,4.4,89.5,4.6,Medium,Outstanding,Not Ready
E01088,2026,2.5,81.2,2.2,Medium,Exceeds,Ready Now
E01089,2022,4.7,94.5,4.3,High,Meets,Not Ready
E01089,2023,5.0,116.8,4.7,Medium,Outstanding,Ready 1-2 Years
E01089,2024,5.0,102.9,4.9,Low,Meets,Ready 1-2 Years
E01089,2025,5.0,93.4,5.0,Medium,Meets,Ready Now
E01089,2026,3.7,94.3,3.7,Medium,Meets,Not Ready
E01090,2023,4.7,109.8,4.8,Medium,Outstanding,Not Ready
E01090,2024,4.5,100.9,4.5,Medium,Meets,Ready 1-2 Years
E01090,2025,4.0,100.0,4.4,Low,Meets,Ready Now
E01090,2026,4.5,74.8,4.0,Medium,Meets,Ready 1-2 Years
E01091,2023,3.0,79.5,2.9,Medium,Meets,Not Ready
E01091,2024,3.2,94.9,3.5,Medium,Outstanding,Ready 1-2 Years
E01091,2025,2.9,77.5,3.2,High,Outstanding,Not Ready
E01091,2026,3.2,71.7,3.3,Medium,Outstanding,Ready 1-2 Years
E01092,2025,4.0,86.7,4.3,High,Partially Meets,Not Ready
E01092,2026,4.4,91.6,4.1,Low,Exceeds,Ready 1-2 Years
E01093,2026,2.1,78.6,1.7,Low,Exceeds,Not Ready
E01094,2024,3.3,89.5,3.9,High,Exceeds,Not Ready
E01094,2025,4.2,90.8,4.1,High,Meets,Ready 1-2 Years
E01094,2026,2.9,52.1,2.7,Medium,Partially Meets,Not Ready
E01095,2022,4.5,106.3,4.6,Low,Meets,Ready 1-2 Years
E01095,2023,4.4,107.7,4.2,Medium,Exceeds,Not Ready
E01095,2024,4.7,84.5,4.7,Low,Meets,Not Ready
E01095,2025,5.0,96.8,5.0,Medium,Meets,Ready Now
E01095,2026,4.9,94.8,5.0,Medium,Exceeds,Not Ready
E01096,2022,2.7,84.7,2.4,Low,Partially Meets,Ready 1-2 Years
E01096,2023,2.9,67.9,3.1,Medium,Meets,Ready 1-2 Years
E01096,2024,2.0,79.9,2.2,Medium,Meets,Ready Now
E01097,2022,2.9,77.5,3.1,Medium,Meets,Not Ready
E01097,2023,2.3,66.6,1.9,Low,Partially Meets,Ready Now
E01097,2024,3.1,86.0,4.0,Medium,Partially Meets,Not Ready
E01097,2025,2.9,97.8,2.7,Medium,Meets,Ready 1-2 Years
E01097,2026,3.1,84.0,3.5,Medium,Meets,Ready 1-2 Years
E01098,2022,3.7,83.9,3.6,Medium,Meets,Ready 1-2 Years
E01098,2023,3.4,80.2,3.1,Low,Outstanding,Ready 1-2 Years
E01098,2024,3.4,80.3,3.5,Medium,Outstanding,Not Ready
E01098,2025,3.4,94.1,3.1,Medium,Meets,Ready 1-2 Years
E01098,2026,3.0,92.2,3.3,Medium,Meets,Not Ready
E01099,2025,4.6,99.0,4.6,Medium,Exceeds,Ready Now
E01099,2026,4.0,89.3,3.5,Medium,Outstanding,Ready 1-2 Years
E01100,2022,4.0,100.2,4.1,Medium,Meets,Not Ready
E01100,2023,4.1,89.9,4.5,Medium,Outstanding,Ready 1-2 Years
E01100,2024,3.9,78.3,4.2,Low,Partially Meets,Ready Now
E01100,2025,3.7,93.5,3.6,Medium,Partially Meets,Ready 1-2 Years
E01100,2026,3.8,101.5,4.0,High,Outstanding,Ready Now
E01101,2026,2.6,74.4,3.0,Medium,Meets,Ready 1-2 Years
E01102,2025,3.9,98.4,3.6,Medium,Outstanding,Not Ready
E01102,2026,4.6,96.7,4.3,Medium,Exceeds,Ready 1-2 Years
E01104,2022,2.7,68.6,2.4,Medium,Outstanding,Ready 1-2 Years
E01104,2023,2.1,67.5,2.6,Medium,Exceeds,Ready Now
E01104,2024,2.5,73.5,2.6,Medium,Outstanding,Not Ready
E01104,2025,2.9,81.0,3.0,Medium,Outstanding,Ready Now
E01104,2026,2.7,79.9,2.2,High,Exceeds,Ready Now
E01105,2026,1.8,84.2,1.4,Low,Partially Meets,Not Ready
E01106,2022,3.8,76.2,3.6,Low,Meets,Ready 1-2 Years
E01106,2023,4.4,86.0,4.0,Low,Outstanding,Ready 1-2 Years
E01106,2024,4.0,97.1,3.9,High,Exceeds,Ready 1-2 Years
E01106,2025,3.9,77.9,4.1,Medium,Meets,Ready 1-2 Years
E01106,2026,4.7,75.5,4.5,Medium,Meets,Ready 1-2 Years
E01107,2022,4.0,77.4,3.7,Medium,Outstanding,Ready 1-2 Years
E01107,2023,3.4,92.7,4.0,Medium,Outstanding,Not Ready
E01107,2024,3.3,102.3,2.8,Low,Outstanding,Ready Now
E01107,2025,3.2,87.4,3.4,Medium,Outstanding,Ready Now
E01107,2026,3.4,92.1,3.1,Medium,Meets,Ready 1-2 Years
E01108,2022,2.5,82.0,2.7,Medium,Outstanding,Not Ready
E01108,2023,3.0,88.9,3.0,Medium,Meets,Not Ready
E01108,2024,3.4,101.9,3.1,Low,Meets,Ready 1-2 Years
E01108,2025,2.6,67.8,2.4,Low,Exceeds,Not Ready
E01108,2026,3.0,82.6,2.3,High,Outstanding,Ready 1-2 Years
E01109,2023,2.5,71.2,2.8,Low,Meets,Ready 1-2 Years
E01109,2024,3.1,82.9,2.9,Low,Outstanding,Ready 1-2 Years
E01109,2025,3.0,86.7,2.8,Low,Exceeds,Ready Now
E01109,2026,2.6,63.6,2.7,Medium,Partially Meets,Ready Now
E01110,2022,2.8,89.2,2.7,Medium,Meets,Ready Now
E01110,2023,3.1,77.1,2.9,Medium,Outstanding,Not Ready
E01110,2024,2.9,63.8,2.9,Medium,Exceeds,Not Ready
E01110,2025,3.2,70.4,3.4,Medium,Meets,Ready Now
E01110,2026,1.9,70.3,2.0,Medium,Meets,Ready Now
E01111,2024,2.9,73.2,3.0,Low,Meets,Ready Now
E01111,2025,3.2,80.0,3.4,Medium,Meets,Ready Now
E01111,2026,3.3,99.3,3.2,Low,Exceeds,Not Ready
E01112,2022,4.1,71.8,4.4,Low,Exceeds,Ready 1-2 Years
E01112,2023,5.0,91.1,4.9,Medium,Partially Meets,Not Ready
E01112,2024,4.0,76.1,4.1,Medium,Partially Meets,Ready 1-2 Years
E01112,2025,4.1,97.1,4.5,Medium,Meets,Not Ready
E01112,2026,4.6,103.7,4.4,Medium,Meets,Not Ready
E01113,2024,4.5,92.5,4.5,Low,Meets,Not Ready
E01113,2025,4.6,98.3,4.4,Low,Meets,Ready 1-2 Years
E01113,2026,4.6,108.1,4.3,Low,Partially Meets,Ready 1-2 Years
E01114,2022,4.4,104.5,4.6,Medium,Meets,Ready Now
E01114,2023,3.9,94.8,4.1,High,Outstanding,Not Ready
E01114,2024,3.5,82.3,3.6,Medium,Meets,Not Ready
E01114,2025,3.6,71.9,3.5,High,Meets,Not Ready
E01114,2026,3.6,71.6,3.3,Medium,Outstanding,Not Ready
E01115,2022,3.9,86.7,4.3,Medium,Outstanding,Not Ready
E01115,2023,3.6,93.3,4.2,Medium,Meets,Ready 1-2 Years
E01115,2024,4.0,75.3,4.3,Medium,Meets,Ready Now
E01115,2025,5.0,114.6,4.4,Medium,Exceeds,Ready Now
E01115,2026,4.1,98.9,4.1,Medium,Exceeds,Not Ready
E01116,2022,3.4,85.1,3.0,Medium,Partially Meets,Ready Now
E01116,2023,2.8,77.8,2.3,Medium,Meets,Ready Now
E01116,2024,3.5,87.4,3.2,Medium,Exceeds,Not Ready
E01116,2025,3.2,71.7,3.0,Medium,Outstanding,Ready Now
E01116,2026,2.8,76.2,2.4,Low,Meets,Ready 1-2 Years
E01117,2026,2.3,77.4,2.5,Low,Exceeds,Ready 1-2 Years
E01119,2022,2.5,66.6,2.2,Medium,Partially Meets,Not Ready
E01119,2023,2.5,86.1,2.0,Medium,Partially Meets,Not Ready
E01119,2024,2.2,83.0,2.5,Low,Partially Meets,Not Ready
E01119,2025,2.5,89.1,2.6,Medium,Exceeds,Not Ready
E01119,2026,2.8,71.2,2.6,Low,Meets,Ready Now
E01120,2022,3.1,101.4,3.1,Medium,Meets,Ready 1-2 Years
E01120,2023,4.3,99.1,4.8,Medium,Partially Meets,Ready Now
E01120,2024,3.4,78.4,2.9,Medium,Exceeds,Ready 1-2 Years
E01120,2025,2.7,65.8,2.8,High,Outstanding,Ready 1-2 Years
E01120,2026,2.9,79.9,2.8,Medium,Exceeds,Ready 1-2 Years
E01121,2024,3.7,92.3,4.0,Medium,Exceeds,Not Ready
E01121,2025,3.3,67.4,3.4,Medium,Meets,Ready Now
E01121,2026,3.2,90.7,2.7,Medium,Meets,Ready 1-2 Years
E01122,2022,2.8,62.5,2.8,High,Partially Meets,Ready 1-2 Years
E01122,2023,3.1,88.8,3.1,High,Meets,Ready Now
E01123,2022,3.5,86.5,3.8,Medium,Partially Meets,Not Ready
E01123,2023,3.5,93.1,3.2,Low,Exceeds,Ready 1-2 Years
E01123,2024,3.1,68.7,2.9,Medium,Outstanding,Ready 1-2 Years
E01123,2025,3.1,69.9,3.7,High,Meets,Ready 1-2 Years
E01123,2026,3.1,89.8,3.3,Medium,Partially Meets,Ready Now
E01124,2024,3.3,84.9,2.6,Medium,Outstanding,Not Ready
E01124,2025,4.2,81.4,3.8,Medium,Partially Meets,Ready Now
E01124,2026,3.7,84.7,4.1,Medium,Meets,Ready Now
E01126,2022,3.0,67.7,3.9,Low,Partially Meets,Not Ready
E01126,2023,1.9,72.0,2.1,Low,Meets,Not Ready
E01127,2023,4.2,85.7,4.1,Medium,Exceeds,Not Ready
E01127,2024,4.1,75.7,3.4,Medium,Partially Meets,Not Ready
E01127,2025,4.1,101.0,4.4,Low,Outstanding,Ready 1-2 Years
E01128,2023,4.0,80.6,4.1,Low,Exceeds,Ready 1-2 Years
E01128,2024,4.0,99.5,3.8,Medium,Meets,Ready Now
E01128,2025,4.4,99.2,4.8,Low,Meets,Not Ready
E01128,2026,4.0,89.1,3.9,Low,Meets,Ready Now
E01130,2026,4.1,98.3,4.1,Medium,Exceeds,Ready Now
E01131,2022,4.9,101.7,5.0,Medium,Exceeds,Not Ready
E01131,2023,4.8,110.8,4.4,Medium,Meets,Ready Now
E01131,2024,4.6,103.6,4.7,Medium,Exceeds,Not Ready
E01131,2025,4.1,89.9,3.9,Medium,Meets,Not Ready
E01131,2026,4.9,102.4,5.0,Medium,Exceeds,Ready 1-2 Years
E01132,2022,2.9,76.8,3.5,Medium,Meets,Ready Now
E01132,2023,2.6,83.4,3.3,Medium,Meets,Not Ready
E01133,2025,3.5,72.2,3.4,Medium,Outstanding,Not Ready
E01133,2026,3.0,78.0,3.2,Medium,Outstanding,Not Ready
E01134,2022,2.8,90.4,3.0,Low,Outstanding,Ready 1-2 Years
E01134,2023,2.8,73.2,2.9,Low,Meets,Not Ready
E01134,2024,3.7,92.0,3.7,High,Outstanding,Not Ready
E01134,2025,3.4,98.8,3.7,Medium,Partially Meets,Ready 1-2 Years
E01134,2026,2.7,79.0,2.7,Medium,Outstanding,Ready Now
E01135,2022,3.0,85.0,3.0,Medium,Meets,Ready 1-2 Years
E01135,2023,3.1,67.9,3.5,High,Meets,Not Ready
E01135,2024,3.3,94.6,3.6,Medium,Meets,Ready 1-2 Years
E01135,2025,3.0,74.7,3.2,Low,Outstanding,Ready Now
E01135,2026,3.1,86.2,3.0,High,Outstanding,Not Ready
E01136,2022,2.2,78.6,2.3,Low,Meets,Ready Now
E01136,2023,2.6,83.7,2.6,High,Partially Meets,Ready 1-2 Years
E01136,2024,2.5,80.8,2.3,Medium,Partially Meets,Ready Now
E01136,2025,2.9,87.2,2.8,High,Outstanding,Not Ready
E01136,2026,2.3,70.2,2.5,Medium,Meets,Ready 1-2 Years
E01137,2022,2.8,64.8,3.6,Medium,Partially Meets,Ready 1-2 Years
E01137,2023,3.3,75.4,3.0,Medium,Exceeds,Ready Now
E01137,2024,3.1,95.3,2.8,Medium,Outstanding,Ready Now
E01137,2025,3.2,92.0,3.7,Medium,Meets,Ready Now
E01137,2026,3.1,72.5,3.3,High,Outstanding,Ready Now
E01138,2022,3.7,87.5,3.9,Medium,Meets,Ready 1-2 Years
E01138,2023,3.6,92.4,3.6,Medium,Exceeds,Ready Now
E01138,2024,3.7,74.6,3.9,Low,Outstanding,Not Ready
E01138,2025,3.0,86.9,2.6,Medium,Meets,Ready 1-2 Years
E01138,2026,3.3,101.1,3.5,Medium,Exceeds,Ready 1-2 Years
E01139,2022,3.1,101.5,3.1,High,Meets,Not Ready
E01139,2023,3.5,89.8,3.4,High,Exceeds,Ready Now
E01139,2024,3.1,65.4,3.2,High,Meets,Not Ready
E01139,2025,3.5,72.4,4.0,Medium,Exceeds,Ready 1-2 Years
E01139,2026,3.2,73.8,3.3,Medium,Partially Meets,Not Ready
E01140,2025,3.8,79.4,3.5,Medium,Partially Meets,Ready Now
E01140,2026,3.0,77.6,3.1,High,Outstanding,Not Ready
E01141,2022,2.9,88.3,3.2,Medium,Meets,Ready Now
E01141,2023,2.8,81.5,2.6,Medium,Exceeds,Not Ready
E01141,2024,2.5,84.6,2.3,High,Outstanding,Not Ready
E01141,2025,2.5,53.1,3.2,Medium,Exceeds,Not Ready
E01141,2026,2.8,79.9,2.9,Medium,Exceeds,Ready 1-2 Years
E01142,2022,3.1,87.7,3.2,Medium,Meets,Ready Now
E01142,2023,2.9,77.3,2.7,Medium,Meets,Ready 1-2 Years
E01142,2024,2.8,77.0,2.6,Medium,Meets,Not Ready
E01142,2025,3.2,75.4,3.2,Medium,Partially Meets,Not Ready
E01142,2026,3.1,88.9,3.0,Low,Outstanding,Ready Now
E01144,2022,3.2,78.2,3.1,Low,Meets,Ready 1-2 Years
E01144,2023,3.5,94.3,3.3,Medium,Meets,Ready 1-2 Years
E01144,2024,2.3,94.1,1.7,Medium,Meets,Ready 1-2 Years
E01144,2025,3.9,86.3,4.1,Medium,Exceeds,Not Ready
E01144,2026,3.4,96.8,3.5,Medium,Meets,Not Ready
E01146,2022,2.0,80.1,2.2,Medium,Meets,Ready 1-2 Years
E01146,2023,2.0,99.6,1.9,Low,Exceeds,Ready Now
E01146,2024,2.5,101.3,2.8,Low,Partially Meets,Not Ready
E01146,2025,2.0,75.8,1.8,Medium,Partially Meets,Ready 1-2 Years
E01146,2026,2.3,75.6,2.5,Medium,Partially Meets,Not Ready
E01147,2026,3.3,76.0,3.1,Medium,Outstanding,Not Ready
E01148,2022,3.6,98.8,3.0,Medium,Exceeds,Ready 1-2 Years
E01148,2023,3.4,72.2,2.7,Medium,Exceeds,Ready Now
E01148,2024,3.8,99.5,4.4,High,Exceeds,Ready 1-2 Years
E01148,2025,3.4,96.0,2.9,Medium,Meets,Ready Now
E01148,2026,3.4,77.1,3.6,Medium,Exceeds,Ready 1-2 Years
E01149,2024,3.4,81.1,4.1,Medium,Partially Meets,Ready 1-2 Years
E01149,2025,3.7,82.3,3.8,Low,Outstanding,Ready Now
E01149,2026,3.0,71.9,2.8,Low,Partially Meets,Ready 1-2 Years
E01150,2022,1.9,76.4,1.4,Low,Meets,Ready 1-2 Years
E01150,2023,2.4,91.9,2.4,Medium,Outstanding,Ready 1-2 Years
E01150,2024,3.4,91.4,3.4,Medium,Meets,Ready 1-2 Years
E01150,2025,2.2,83.1,2.1,Low,Exceeds,Ready Now
E01150,2026,2.6,72.7,2.5,Medium,Outstanding,Ready 1-2 Years
E01151,2022,4.3,78.0,4.2,High,Meets,Not Ready
E01151,2023,3.9,87.3,4.2,Medium,Meets,Ready 1-2 Years
E01151,2024,3.0,91.5,3.2,High,Exceeds,Not Ready
E01151,2025,3.6,81.9,3.6,High,Outstanding,Ready Now
E01151,2026,3.5,104.8,3.5,Medium,Exceeds,Ready Now
E01152,2022,2.8,74.0,2.5,Low,Meets,Ready 1-2 Years
E01152,2023,2.4,56.6,2.1,High,Meets,Not Ready
E01152,2024,3.3,86.3,2.7,Medium,Outstanding,Ready 1-2 Years
E01152,2025,2.7,69.0,2.8,Medium,Outstanding,Ready 1-2 Years
E01152,2026,2.6,90.0,2.7,Medium,Meets,Ready Now
E01153,2022,3.0,80.4,3.4,Medium,Partially Meets,Ready 1-2 Years
E01153,2023,3.2,80.5,3.6,Medium,Meets,Not Ready
E01153,2024,3.6,73.1,3.5,Medium,Meets,Ready 1-2 Years
E01153,2025,3.4,63.7,3.5,High,Outstanding,Not Ready
E01153,2026,3.3,95.5,3.2,Medium,Meets,Ready Now
E01154,2022,2.9,77.6,3.0,High,Meets,Not Ready
E01154,2023,2.6,72.6,2.3,Medium,Meets,Not Ready
E01154,2024,3.0,101.4,3.3,Medium,Exceeds,Not Ready
E01154,2025,3.4,82.3,3.2,High,Exceeds,Ready Now
E01154,2026,2.9,69.5,2.3,Medium,Meets,Ready Now
E01155,2022,3.1,81.6,3.1,Low,Outstanding,Ready 1-2 Years
E01155,2023,2.5,75.1,2.4,Medium,Meets,Not Ready
E01155,2024,2.9,66.8,2.6,High,Meets,Ready Now
E01155,2025,2.4,73.6,1.6,Medium,Partially Meets,Ready 1-2 Years
E01155,2026,3.1,84.3,2.6,Medium,Partially Meets,Not Ready
E01156,2023,4.2,93.7,4.4,Low,Meets,Ready Now
E01156,2024,3.8,94.5,3.8,Medium,Outstanding,Ready 1-2 Years
E01156,2025,3.8,77.0,3.7,High,Meets,Ready Now
E01157,2024,2.4,91.6,2.7,Medium,Outstanding,Ready 1-2 Years
E01157,2025,2.2,75.8,2.3,Low,Exceeds,Ready Now
E01157,2026,2.3,69.0,2.7,Medium,Outstanding,Not Ready
E01158,2023,3.7,71.7,4.0,Medium,Exceeds,Ready Now
E01158,2024,3.4,90.2,3.2,Medium,Outstanding,Not Ready
E01158,2025,3.6,86.4,3.6,Low,Outstanding,Ready Now
E01158,2026,3.6,84.7,3.4,Low,Meets,Ready Now
E01159,2026,3.9,96.3,3.7,Medium,Outstanding,Ready Now
E01160,2022,4.0,103.8,4.2,Medium,Partially Meets,Not Ready
E01160,2023,4.0,84.4,4.7,Medium,Partially Meets,Ready 1-2 Years
E01160,2024,5.0,100.1,4.8,Medium,Meets,Ready 1-2 Years
E01160,2025,4.4,87.3,4.3,Medium,Meets,Ready Now
E01160,2026,4.8,80.8,4.5,High,Meets,Ready 1-2 Years
E01161,2022,3.3,95.8,2.8,Medium,Partially Meets,Not Ready
E01161,2023,2.7,79.5,2.4,Medium,Partially Meets,Ready 1-2 Years
E01161,2024,2.6,86.0,3.0,Low,Exceeds,Ready 1-2 Years
E01161,2025,2.5,80.1,2.2,Low,Exceeds,Not Ready
E01162,2024,4.4,106.6,4.0,Medium,Meets,Ready Now
E01162,2025,4.1,92.6,3.6,Low,Outstanding,Not Ready
E01162,2026,3.8,101.5,3.8,Medium,Outstanding,Not Ready
E01163,2022,3.6,92.4,3.5,Medium,Partially Meets,Ready 1-2 Years
E01164,2022,4.0,93.5,4.1,Medium,Outstanding,Not Ready
E01164,2023,3.6,97.5,3.3,High,Partially Meets,Ready Now
E01164,2024,4.1,86.7,4.4,High,Partially Meets,Ready 1-2 Years
E01164,2025,4.3,103.1,4.0,Medium,Exceeds,Not Ready
E01164,2026,4.8,94.8,4.6,Medium,Partially Meets,Not Ready
E01165,2022,3.3,82.8,3.3,Medium,Exceeds,Ready Now
E01165,2023,3.5,82.0,3.3,Low,Meets,Ready 1-2 Years
E01165,2024,3.6,90.8,3.8,Medium,Meets,Not Ready
E01165,2025,3.9,96.8,3.8,High,Partially Meets,Ready Now
E01165,2026,3.5,81.9,3.5,Low,Outstanding,Ready Now
E01166,2022,3.6,86.2,3.4,Medium,Outstanding,Not Ready
E01166,2023,4.3,86.6,4.2,High,Meets,Not Ready
E01169,2023,3.5,86.0,3.6,Medium,Exceeds,Ready 1-2 Years
E01169,2024,3.9,74.8,4.3,Low,Meets,Ready 1-2 Years
E01169,2025,3.9,86.2,4.0,Medium,Meets,Ready Now
E01169,2026,4.0,95.2,3.7,Medium,Exceeds,Ready 1-2 Years
E01170,2022,3.0,77.5,3.4,Medium,Partially Meets,Ready 1-2 Years
E01170,2023,3.8,85.0,4.0,Medium,Meets,Ready Now
E01170,2024,3.5,81.2,3.6,Medium,Meets,Ready Now
E01170,2025,3.2,82.5,3.0,Medium,Exceeds,Ready Now
E01170,2026,3.1,76.0,2.5,Medium,Partially Meets,Ready 1-2 Years
E01171,2024,4.4,99.0,4.6,Medium,Exceeds,Not Ready
E01171,2025,3.5,89.6,2.5,Medium,Outstanding,Not Ready
E01172,2026,2.6,81.2,2.4,Medium,Meets,Ready Now
E01173,2023,3.1,87.5,3.0,High,Exceeds,Ready 1-2 Years
E01173,2024,3.1,81.4,3.1,Medium,Outstanding,Not Ready
E01173,2025,3.5,90.7,3.8,High,Meets,Ready 1-2 Years
E01173,2026,2.9,76.2,3.0,Low,Exceeds,Not Ready
E01174,2023,3.0,94.8,3.1,Medium,Outstanding,Ready 1-2 Years
E01174,2024,3.1,82.1,3.2,High,Exceeds,Ready 1-2 Years
E01174,2025,2.7,71.8,3.2,Low,Meets,Ready 1-2 Years
E01174,2026,3.1,90.7,3.1,Medium,Partially Meets,Ready 1-2 Years
E01175,2025,2.8,88.1,3.1,Low,Exceeds,Ready 1-2 Years
E01175,2026,2.7,61.5,2.3,Medium,Outstanding,Ready Now
E01176,2023,2.8,94.9,3.2,Medium,Outstanding,Ready Now
E01176,2024,3.4,83.3,3.7,Medium,Exceeds,Ready Now
E01176,2025,3.2,82.7,3.3,Medium,Meets,Ready Now
E01176,2026,3.7,105.5,4.0,Medium,Exceeds,Ready Now
E01177,2024,2.9,90.4,3.1,Medium,Partially Meets,Ready Now
E01177,2025,3.3,74.4,3.5,Medium,Meets,Ready Now
E01177,2026,3.3,99.0,3.6,Medium,Outstanding,Not Ready
E01179,2023,4.0,89.5,4.4,Low,Meets,Not Ready
E01179,2024,4.4,107.0,5.0,Medium,Meets,Ready Now
E01179,2025,4.6,89.3,4.5,Medium,Partially Meets,Ready Now
E01179,2026,3.9,108.8,4.2,Low,Meets,Not Ready
E01180,2024,3.0,88.1,3.1,Medium,Meets,Ready 1-2 Years
E01180,2025,2.8,82.2,2.9,Medium,Outstanding,Ready 1-2 Years
E01180,2026,2.1,72.5,2.2,Low,Outstanding,Ready 1-2 Years
E01181,2024,3.1,88.9,2.8,Medium,Outstanding,Not Ready
E01181,2025,3.9,83.4,3.7,Medium,Partially Meets,Ready 1-2 Years
E01181,2026,3.5,86.7,3.5,Medium,Partially Meets,Ready Now
E01182,2022,4.1,96.6,3.6,High,Meets,Ready Now
E01182,2023,4.2,87.6,4.3,Medium,Exceeds,Not Ready
E01182,2024,4.5,95.4,4.6,Low,Exceeds,Not Ready
E01182,2025,4.3,97.3,4.1,Low,Meets,Ready Now
E01182,2026,4.0,98.6,3.8,Medium,Partially Meets,Ready 1-2 Years
E01183,2022,4.8,99.5,4.8,Low,Partially Meets,Not Ready
E01183,2023,4.7,102.0,4.3,Medium,Exceeds,Not Ready
E01183,2024,4.5,79.6,4.3,Low,Meets,Ready 1-2 Years
E01183,2025,5.0,96.2,5.0,Medium,Meets,Ready 1-2 Years
E01183,2026,3.9,85.6,4.1,Medium,Meets,Not Ready
E01184,2024,4.5,92.8,4.8,Low,Partially Meets,Not Ready
E01184,2025,4.8,86.1,5.0,Medium,Meets,Not Ready
E01184,2026,4.5,87.8,4.4,Medium,Exceeds,Ready 1-2 Years
E01185,2026,3.4,84.3,3.7,Low,Outstanding,Ready Now
E01186,2023,3.0,84.3,2.6,Medium,Outstanding,Ready Now
E01186,2024,2.7,56.6,2.6,Medium,Outstanding,Ready 1-2 Years
E01186,2025,3.2,88.7,3.1,Medium,Meets,Ready 1-2 Years
E01186,2026,2.9,58.4,3.1,Medium,Partially Meets,Ready 1-2 Years
E01187,2022,2.2,78.0,2.8,Medium,Partially Meets,Ready 1-2 Years
E01187,2023,2.9,89.9,3.5,Medium,Partially Meets,Not Ready
E01187,2024,2.8,85.1,3.3,High,Partially Meets,Ready Now
E01187,2025,3.4,91.9,3.0,Low,Meets,Not Ready
E01187,2026,2.8,75.0,2.9,High,Exceeds,Ready Now
E01188,2022,4.2,87.9,3.9,Low,Partially Meets,Not Ready
E01188,2023,4.3,89.9,4.4,Medium,Meets,Ready Now
E01188,2024,3.9,99.6,4.3,Medium,Meets,Not Ready
E01188,2025,3.3,94.2,3.8,Low,Partially Meets,Not Ready
E01188,2026,3.4,84.1,3.4,Medium,Exceeds,Ready Now
E01189,2025,4.0,97.0,4.3,Medium,Exceeds,Ready 1-2 Years
E01189,2026,3.4,77.1,3.2,Low,Partially Meets,Ready Now
E01190,2022,4.2,87.2,4.0,Low,Outstanding,Not Ready
E01190,2023,3.4,77.3,3.9,Medium,Exceeds,Not Ready
E01190,2024,3.5,97.5,3.7,Low,Exceeds,Not Ready
E01190,2025,4.1,83.8,4.4,High,Meets,Ready Now
E01190,2026,4.0,87.2,3.7,Low,Outstanding,Ready 1-2 Years
E01192,2023,4.3,97.8,4.7,Medium,Meets,Ready 1-2 Years
E01192,2024,3.8,76.7,4.2,Medium,Meets,Ready Now
E01192,2025,3.8,100.8,4.4,Low,Outstanding,Not Ready
E01192,2026,4.1,85.4,4.5,Low,Outstanding,Ready 1-2 Years
E01193,2022,3.0,76.3,3.0,Low,Exceeds,Ready Now
E01193,2023,3.2,94.7,3.4,Medium,Exceeds,Ready Now
E01193,2024,3.1,83.9,2.9,Low,Meets,Ready Now
E01193,2025,2.7,85.0,2.2,Medium,Partially Meets,Ready 1-2 Years
E01193,2026,3.4,99.3,3.8,Medium,Meets,Ready Now
E01194,2024,4.8,88.9,4.3,Low,Outstanding,Ready Now
E01194,2025,5.0,95.1,5.0,High,Exceeds,Ready 1-2 Years
E01194,2026,4.7,88.1,4.4,Medium,Meets,Not Ready
E01195,2022,5.0,89.8,4.7,High,Partially Meets,Ready 1-2 Years
E01195,2023,5.0,93.7,5.0,Medium,Meets,Not Ready
E01195,2024,4.9,110.6,4.9,High,Meets,Ready 1-2 Years
E01195,2025,4.7,86.2,4.7,Low,Outstanding,Ready Now
E01195,2026,4.6,91.3,5.0,Medium,Meets,Not Ready
E01196,2022,3.4,94.8,2.8,Low,Meets,Ready 1-2 Years
E01196,2023,4.6,81.0,4.5,High,Partially Meets,Ready Now
E01196,2024,4.0,97.4,4.5,Medium,Meets,Ready Now
E01196,2025,3.6,114.3,4.0,Medium,Meets,Not Ready
E01196,2026,3.1,73.0,3.2,Medium,Meets,Ready 1-2 Years
E01197,2022,2.9,80.1,2.7,Low,Partially Meets,Ready Now
E01197,2023,2.7,84.1,2.7,High,Exceeds,Not Ready
E01197,2024,2.6,72.9,2.5,Medium,Meets,Ready Now
E01197,2025,2.3,71.1,2.6,Medium,Partially Meets,Not Ready
E01197,2026,3.4,88.7,3.5,Medium,Outstanding,Ready 1-2 Years
E01198,2022,4.2,77.5,3.8,Low,Exceeds,Not Ready
E01198,2023,4.5,89.0,3.9,High,Exceeds,Not Ready
E01198,2024,3.7,72.5,3.6,High,Partially Meets,Ready Now
E01198,2025,4.1,78.3,4.0,High,Outstanding,Not Ready
E01198,2026,3.6,81.4,3.1,Medium,Outstanding,Ready Now
E01199,2025,2.4,86.7,2.5,Low,Meets,Ready Now
E01199,2026,1.9,74.0,1.8,Medium,Exceeds,Ready 1-2 Years
E01200,2022,3.4,82.0,3.5,Medium,Meets,Ready 1-2 Years
E01200,2023,3.2,89.3,3.7,Medium,Exceeds,Ready 1-2 Years
E01200,2024,2.6,68.1,2.2,Medium,Meets,Ready Now
E01200,2025,3.1,101.6,2.8,High,Meets,Ready 1-2 Years
E01200,2026,2.8,83.7,2.7,Low,Meets,Ready Now
E01201,2023,3.7,96.4,4.2,Medium,Meets,Ready Now
E01202,2022,4.4,101.5,4.2,Medium,Exceeds,Not Ready
E01202,2023,4.4,103.8,4.4,Medium,Meets,Ready 1-2 Years
E01202,2024,5.0,99.8,5.0,Low,Exceeds,Ready Now
E01202,2025,4.3,97.7,4.3,Low,Meets,Ready Now
E01202,2026,4.2,87.9,4.0,Medium,Meets,Ready Now
E01205,2025,3.7,81.5,3.9,Medium,Meets,Ready 1-2 Years
E01205,2026,3.5,71.7,3.7,Medium,Meets,Not Ready
E01206,2026,2.9,81.0,3.0,Medium,Meets,Ready 1-2 Years
E01207,2022,4.2,92.2,3.9,Medium,Meets,Not Ready
E01207,2023,3.7,101.6,3.9,High,Meets,Not Ready
E01207,2024,3.7,81.2,3.7,Low,Partially Meets,Not Ready
E01207,2025,3.5,99.0,3.5,High,Outstanding,Ready 1-2 Years
E01207,2026,4.4,91.5,4.6,Low,Meets,Ready 1-2 Years
E01209,2022,3.0,83.2,2.7,Medium,Exceeds,Not Ready
E01209,2023,4.0,83.8,4.1,Medium,Partially Meets,Ready 1-2 Years
E01209,2024,4.0,79.0,3.9,Low,Partially Meets,Ready 1-2 Years
E01210,2025,3.8,84.6,3.8,Medium,Outstanding,Ready 1-2 Years
E01210,2026,3.1,85.0,2.9,Medium,Outstanding,Ready 1-2 Years
E01211,2022,3.7,79.8,3.2,Medium,Exceeds,Ready Now
E01211,2023,3.3,76.1,3.3,Low,Partially Meets,Not Ready
E01211,2024,3.7,72.5,3.6,Low,Outstanding,Ready 1-2 Years
E01212,2025,3.5,64.0,3.0,High,Exceeds,Ready Now
E01212,2026,3.7,87.1,3.6,Low,Exceeds,Ready 1-2 Years
E01213,2023,4.7,80.8,4.5,High,Meets,Not Ready
E01213,2024,4.4,93.7,4.4,Medium,Meets,Not Ready
E01213,2025,4.1,83.2,3.8,Low,Meets,Ready 1-2 Years
E01213,2026,5.0,84.8,5.0,Medium,Outstanding,Ready 1-2 Years
E01214,2022,2.7,85.5,3.1,Low,Meets,Not Ready
E01214,2023,3.5,79.7,4.1,Medium,Meets,Ready Now
E01214,2024,3.0,86.1,3.2,Medium,Exceeds,Not Ready
E01214,2025,3.0,82.6,2.9,High,Partially Meets,Ready 1-2 Years
E01214,2026,3.2,96.0,3.4,Low,Meets,Ready Now
E01215,2026,4.2,92.7,4.2,High,Meets,Not Ready
E01217,2022,4.3,120.0,4.1,Medium,Partially Meets,Ready 1-2 Years
E01217,2023,4.8,76.2,4.9,Medium,Meets,Ready Now
E01217,2024,4.5,85.5,4.5,High,Outstanding,Ready 1-2 Years
E01217,2025,4.1,94.3,4.2,Medium,Meets,Ready 1-2 Years
E01217,2026,4.3,89.0,3.6,Medium,Exceeds,Ready Now
E01218,2022,3.4,90.3,3.5,Medium,Partially Meets,Not Ready
E01218,2023,3.3,100.6,3.4,Low,Outstanding,Ready Now
E01218,2024,3.7,83.6,4.0,Medium,Exceeds,Ready 1-2 Years
E01218,2025,3.3,83.4,2.9,High,Exceeds,Not Ready
E01218,2026,4.2,85.2,4.3,High,Partially Meets,Ready 1-2 Years
E01219,2023,4.2,77.3,4.6,Medium,Partially Meets,Ready Now
E01219,2024,4.1,89.2,3.8,Medium,Outstanding,Ready 1-2 Years
E01219,2025,4.0,90.1,4.2,Medium,Meets,Not Ready
E01219,2026,4.4,92.6,4.1,High,Meets,Not Ready
E01220,2022,3.7,81.6,3.9,High,Exceeds,Ready 1-2 Years
E01220,2023,3.4,78.3,3.6,High,Exceeds,Not Ready
E01220,2024,3.6,84.6,4.2,Medium,Meets,Ready 1-2 Years
E01220,2025,3.1,67.7,2.3,Low,Exceeds,Ready 1-2 Years
E01220,2026,3.2,91.2,2.8,Medium,Exceeds,Ready Now
E01221,2022,3.3,94.1,3.6,Low,Meets,Not Ready
E01221,2023,3.3,74.8,3.1,Low,Exceeds,Ready Now
E01221,2024,3.4,94.8,3.5,Medium,Outstanding,Not Ready
E01221,2025,4.2,88.3,4.8,Medium,Partially Meets,Not Ready
E01221,2026,2.9,85.2,2.8,High,Outstanding,Ready 1-2 Years
E01222,2022,3.5,91.7,3.5,Medium,Meets,Ready 1-2 Years
E01222,2023,2.8,78.0,2.3,Medium,Partially Meets,Not Ready
E01222,2024,3.5,83.7,3.6,Medium,Exceeds,Not Ready
E01222,2025,3.5,69.8,3.8,Low,Meets,Ready 1-2 Years
E01222,2026,2.5,71.5,2.9,Low,Meets,Not Ready
E01223,2022,3.3,94.1,3.6,High,Outstanding,Ready Now
E01223,2023,3.9,85.5,4.0,High,Meets,Ready 1-2 Years
E01223,2024,3.8,96.8,3.4,High,Meets,Ready Now
E01223,2025,4.3,85.3,4.6,Low,Outstanding,Ready Now
E01223,2026,3.5,101.2,3.4,Medium,Partially Meets,Ready 1-2 Years
E01224,2022,3.1,67.9,2.9,Low,Exceeds,Ready 1-2 Years
E01224,2023,2.8,78.2,2.3,High,Meets,Not Ready
E01224,2024,2.7,85.7,2.5,High,Exceeds,Ready 1-2 Years
E01224,2025,2.6,87.3,2.7,High,Meets,Ready Now
E01224,2026,2.3,68.5,2.3,Low,Outstanding,Ready Now
E01226,2022,2.8,85.8,2.7,Medium,Exceeds,Not Ready
E01226,2023,3.4,89.2,3.6,High,Meets,Ready Now
E01226,2024,3.4,84.1,3.9,Medium,Partially Meets,Ready Now
E01226,2025,3.9,90.9,3.6,Medium,Partially Meets,Ready 1-2 Years
E01226,2026,3.2,89.7,2.8,Medium,Meets,Not Ready
E01227,2025,4.8,91.6,4.6,Medium,Exceeds,Not Ready
E01227,2026,3.7,86.6,3.7,Medium,Exceeds,Ready 1-2 Years
E01228,2022,3.8,88.4,3.3,Medium,Outstanding,Ready Now
E01228,2023,3.4,78.9,3.7,Medium,Exceeds,Ready 1-2 Years
E01228,2024,3.6,110.0,3.7,Medium,Meets,Not Ready
E01229,2024,2.4,83.9,2.1,Medium,Partially Meets,Ready Now
E01229,2025,3.8,73.6,3.3,High,Exceeds,Not Ready
E01229,2026,2.9,86.2,3.1,Medium,Exceeds,Not Ready
E01230,2023,2.8,72.3,2.7,Medium,Outstanding,Ready Now
E01230,2024,3.1,82.2,3.4,Low,Meets,Not Ready
E01230,2025,2.4,69.4,2.8,Medium,Exceeds,Ready Now
E01230,2026,2.6,51.6,2.3,Medium,Outstanding,Ready 1-2 Years
E01231,2022,2.1,82.8,1.7,Medium,Exceeds,Ready 1-2 Years
E01231,2023,2.6,74.2,2.9,Medium,Exceeds,Ready 1-2 Years
E01231,2024,2.2,81.7,2.6,Medium,Meets,Not Ready
E01231,2025,2.7,73.2,2.1,Medium,Meets,Not Ready
E01231,2026,3.0,69.0,2.8,Medium,Meets,Ready 1-2 Years
E01232,2022,3.4,78.6,3.3,High,Exceeds,Not Ready
E01232,2023,4.0,104.0,4.1,Low,Outstanding,Ready 1-2 Years
E01232,2024,3.6,78.4,3.7,High,Meets,Ready 1-2 Years
E01232,2025,4.0,91.3,3.9,Medium,Partially Meets,Not Ready
E01232,2026,4.2,98.0,4.1,Low,Meets,Not Ready
E01233,2022,2.9,91.8,2.9,Medium,Meets,Ready Now
E01233,2023,2.9,95.0,3.0,Medium,Partially Meets,Ready Now
E01233,2024,3.1,74.4,3.0,Medium,Partially Meets,Ready 1-2 Years
E01233,2025,3.3,82.6,3.5,Low,Partially Meets,Not Ready
E01233,2026,3.0,86.2,3.0,Medium,Meets,Ready 1-2 Years
E01234,2022,2.6,87.0,2.8,Medium,Exceeds,Ready 1-2 Years
E01234,2023,2.8,65.6,2.4,Medium,Partially Meets,Ready 1-2 Years
E01234,2024,2.8,93.6,2.1,Medium,Partially Meets,Ready Now
E01234,2025,2.7,68.1,3.2,Medium,Exceeds,Not Ready
E01234,2026,3.1,89.9,3.2,Medium,Outstanding,Ready Now
E01235,2022,3.3,89.6,3.5,Medium,Exceeds,Ready 1-2 Years
E01235,2023,3.4,89.5,3.4,Medium,Partially Meets,Ready Now
E01235,2024,3.2,88.5,3.0,Medium,Partially Meets,Not Ready
E01235,2025,3.9,97.5,4.3,Low,Outstanding,Ready Now
E01235,2026,3.0,81.3,2.4,Medium,Outstanding,Ready Now
E01236,2025,2.9,85.5,3.2,High,Meets,Ready Now
E01236,2026,2.5,66.1,2.8,Medium,Meets,Ready 1-2 Years
E01237,2023,2.4,95.2,2.2,Low,Meets,Ready Now
E01237,2024,2.0,67.2,2.0,Medium,Partially Meets,Not Ready
E01237,2025,2.2,88.3,2.1,Medium,Partially Meets,Ready Now
E01237,2026,2.0,73.1,2.4,Medium,Exceeds,Ready 1-2 Years
E01239,2024,4.6,99.0,4.1,Medium,Exceeds,Ready 1-2 Years
E01239,2025,4.8,102.1,5.0,Low,Exceeds,Ready Now
E01239,2026,5.0,101.1,5.0,Medium,Meets,Ready 1-2 Years
E01240,2023,4.4,81.9,4.5,Low,Partially Meets,Ready 1-2 Years
E01241,2026,5.0,114.7,4.7,High,Partially Meets,Ready Now
E01242,2026,2.9,83.6,2.8,Medium,Exceeds,Ready Now
E01243,2022,3.0,69.6,3.1,Medium,Meets,Ready 1-2 Years
E01243,2023,3.0,77.3,3.1,Medium,Meets,Ready 1-2 Years
E01243,2024,2.0,65.8,2.2,High,Meets,Ready Now
E01243,2025,2.4,76.2,2.1,Medium,Meets,Not Ready
E01243,2026,1.9,60.6,2.0,Medium,Meets,Ready 1-2 Years
E01244,2026,3.5,61.3,3.6,Medium,Meets,Ready Now
E01245,2025,3.5,76.9,3.6,High,Outstanding,Ready Now
E01245,2026,3.9,86.8,3.9,Low,Meets,Ready 1-2 Years
E01246,2025,2.7,81.3,2.7,High,Meets,Not Ready
E01246,2026,2.8,67.7,2.3,Medium,Meets,Ready Now
E01247,2024,4.4,84.7,4.3,Medium,Outstanding,Ready Now
E01247,2025,3.9,88.2,3.5,Medium,Outstanding,Ready 1-2 Years
E01247,2026,4.4,102.9,5.0,Medium,Outstanding,Ready 1-2 Years
E01248,2022,4.1,79.5,3.9,Medium,Meets,Ready Now
E01248,2023,4.2,90.1,4.0,Low,Outstanding,Ready Now
E01249,2022,3.8,92.0,3.1,High,Partially Meets,Ready 1-2 Years
E01249,2023,2.6,90.6,3.0,Low,Meets,Ready Now
E01249,2024,2.8,83.3,2.6,Medium,Outstanding,Not Ready
E01249,2025,3.1,74.4,3.4,Medium,Partially Meets,Not Ready
E01249,2026,2.9,61.8,2.9,Medium,Partially Meets,Ready 1-2 Years
E01250,2022,3.0,101.7,2.6,Medium,Exceeds,Ready 1-2 Years
E01250,2023,2.7,68.6,2.0,Low,Exceeds,Ready Now
E01250,2024,3.1,87.2,3.3,Medium,Meets,Not Ready
E01250,2025,2.6,67.3,2.8,Medium,Outstanding,Ready Now
E01251,2022,3.4,88.6,3.5,Medium,Exceeds,Not Ready
E01251,2023,3.6,110.9,3.0,High,Partially Meets,Not Ready
E01251,2024,3.6,62.2,3.6,Medium,Partially Meets,Not Ready
E01251,2025,3.7,95.8,4.1,Low,Exceeds,Ready Now
E01251,2026,4.1,87.6,4.2,Low,Exceeds,Not Ready
E01252,2024,1.2,72.6,1.0,Low,Meets,Ready 1-2 Years
E01252,2025,1.8,82.7,1.6,Medium,Exceeds,Ready Now
E01252,2026,1.7,68.6,1.9,Low,Meets,Ready 1-2 Years
E01253,2024,2.7,88.7,2.4,Medium,Meets,Ready 1-2 Years
E01253,2025,3.0,70.6,3.0,Medium,Meets,Ready Now
E01253,2026,2.6,80.0,2.6,Medium,Outstanding,Ready 1-2 Years
E01254,2022,4.6,94.1,4.4,Medium,Meets,Ready Now
E01254,2023,4.9,90.0,5.0,Medium,Outstanding,Not Ready
E01254,2024,4.8,109.6,4.6,High,Exceeds,Ready 1-2 Years
E01254,2025,4.6,89.7,3.7,Medium,Meets,Not Ready
E01254,2026,4.8,101.3,5.0,High,Exceeds,Ready Now
E01255,2022,2.5,80.9,2.9,Medium,Meets,Ready 1-2 Years
E01256,2023,3.6,73.0,4.1,High,Meets,Not Ready
E01256,2024,3.3,92.0,3.1,Medium,Meets,Ready 1-2 Years
E01256,2025,3.3,96.2,3.2,Low,Meets,Ready 1-2 Years
E01256,2026,3.2,86.7,3.6,Medium,Outstanding,Ready 1-2 Years
E01257,2022,3.0,81.4,3.2,Low,Exceeds,Ready Now
E01257,2023,3.2,61.0,3.3,Medium,Partially Meets,Ready Now
E01257,2024,3.2,80.5,3.1,Low,Meets,Not Ready
E01257,2025,3.6,93.9,4.0,Medium,Exceeds,Not Ready
E01257,2026,3.4,84.4,3.5,Low,Outstanding,Ready Now
E01258,2022,3.8,98.5,4.3,Medium,Exceeds,Ready 1-2 Years
E01258,2023,3.7,65.8,3.6,Low,Meets,Ready 1-2 Years
E01258,2024,4.6,102.9,4.4,Medium,Partially Meets,Ready 1-2 Years
E01258,2025,4.0,85.5,4.3,High,Meets,Ready Now
E01258,2026,4.8,95.6,5.0,Medium,Partially Meets,Ready Now
E01259,2022,3.1,86.0,3.0,Low,Exceeds,Ready Now
E01259,2023,3.3,87.0,3.9,Medium,Outstanding,Ready 1-2 Years
E01259,2024,3.4,90.5,3.9,Medium,Partially Meets,Not Ready
E01259,2025,3.8,75.1,4.2,Medium,Meets,Ready 1-2 Years
E01259,2026,3.2,79.1,3.1,Medium,Meets,Ready 1-2 Years
E01260,2022,2.5,104.5,2.1,Medium,Meets,Ready 1-2 Years
E01260,2023,2.3,72.8,1.5,Medium,Partially Meets,Ready 1-2 Years
E01260,2024,2.2,85.5,2.7,Medium,Outstanding,Ready Now
E01260,2025,2.9,71.4,3.0,Low,Meets,Ready 1-2 Years
E01260,2026,2.6,89.6,3.1,Medium,Exceeds,Ready 1-2 Years
E01261,2022,3.4,81.0,3.4,Medium,Partially Meets,Ready Now
E01261,2023,3.2,90.7,3.3,Medium,Meets,Not Ready
E01261,2024,3.2,89.7,2.7,Medium,Outstanding,Not Ready
E01261,2025,3.3,95.7,3.4,Medium,Partially Meets,Not Ready
E01261,2026,3.4,68.9,2.9,High,Outstanding,Ready 1-2 Years
E01262,2022,3.1,91.1,2.2,Medium,Outstanding,Ready 1-2 Years
E01262,2023,2.5,88.1,2.8,Low,Meets,Ready 1-2 Years
E01262,2024,3.3,72.5,3.4,Medium,Meets,Not Ready
E01262,2025,2.9,89.0,2.5,High,Exceeds,Ready 1-2 Years
E01262,2026,2.9,78.5,2.4,Medium,Outstanding,Ready 1-2 Years
E01263,2025,3.8,82.5,4.1,Medium,Exceeds,Not Ready
E01263,2026,3.5,92.9,3.9,Medium,Partially Meets,Ready Now
E01264,2022,4.8,93.6,4.9,Medium,Meets,Not Ready
E01264,2023,4.3,86.4,4.1,Medium,Partially Meets,Not Ready
E01264,2024,4.1,106.8,4.4,Medium,Meets,Ready 1-2 Years
E01264,2025,4.3,93.1,3.9,Medium,Partially Meets,Ready 1-2 Years
E01264,2026,4.5,105.4,4.2,Medium,Partially Meets,Ready Now
E01265,2022,3.8,94.9,4.3,Medium,Meets,Ready Now
E01265,2023,2.5,70.2,2.3,Medium,Meets,Ready 1-2 Years
E01265,2024,3.7,77.1,4.2,Medium,Partially Meets,Not Ready
E01265,2025,3.4,82.2,3.3,Medium,Partially Meets,Not Ready
E01265,2026,3.5,105.2,3.0,Medium,Exceeds,Ready 1-2 Years
E01266,2023,4.6,81.5,4.2,Medium,Partially Meets,Not Ready
E01266,2024,3.8,93.4,4.1,Medium,Exceeds,Ready 1-2 Years
E01266,2025,4.3,83.7,3.3,Medium,Outstanding,Ready Now
E01266,2026,4.7,104.7,4.8,Medium,Meets,Ready Now
E01267,2025,3.4,61.9,3.5,Medium,Meets,Ready Now
E01267,2026,3.3,90.0,3.6,Medium,Partially Meets,Ready 1-2 Years
E01268,2024,3.7,90.1,3.7,Medium,Exceeds,Ready Now
E01268,2025,3.8,88.5,4.2,Medium,Partially Meets,Ready Now
E01268,2026,4.5,83.9,4.7,Medium,Meets,Not Ready
E01269,2022,2.9,82.4,2.4,Medium,Meets,Ready 1-2 Years
E01269,2023,2.8,92.5,2.2,Medium,Exceeds,Ready 1-2 Years
E01269,2024,3.8,89.4,3.7,Low,Partially Meets,Not Ready
E01269,2025,3.6,92.3,3.8,Medium,Exceeds,Ready Now
E01269,2026,2.7,76.6,2.5,Medium,Meets,Ready 1-2 Years
E01270,2025,3.3,85.0,3.5,Medium,Meets,Ready 1-2 Years
E01270,2026,3.5,74.9,3.5,Medium,Outstanding,Ready Now
E01271,2022,3.3,61.4,3.0,Low,Exceeds,Ready Now
E01271,2023,3.4,84.5,3.3,Medium,Outstanding,Not Ready
E01271,2024,3.1,68.8,3.3,Medium,Outstanding,Ready Now
E01271,2025,3.6,96.9,3.5,Medium,Meets,Not Ready
E01271,2026,3.4,83.8,3.2,Medium,Partially Meets,Ready 1-2 Years
E01272,2022,2.3,53.8,2.5,Low,Exceeds,Ready Now
E01272,2023,2.4,62.3,2.2,Medium,Meets,Ready Now
E01272,2024,1.9,70.3,1.8,Medium,Outstanding,Ready 1-2 Years
E01272,2025,2.1,83.3,2.5,High,Outstanding,Not Ready
E01272,2026,2.1,85.9,2.6,Medium,Partially Meets,Ready Now
E01273,2022,2.5,83.1,2.6,High,Outstanding,Ready 1-2 Years
E01273,2023,2.3,77.3,2.2,Medium,Outstanding,Ready Now
E01273,2024,2.5,81.8,2.6,Medium,Partially Meets,Ready 1-2 Years
E01273,2025,2.4,76.3,2.5,Medium,Meets,Ready Now
E01273,2026,2.3,77.7,2.1,Medium,Exceeds,Ready 1-2 Years
E01274,2022,3.4,87.2,3.6,Medium,Outstanding,Ready Now
E01274,2023,2.9,105.4,3.0,Medium,Meets,Ready Now
E01274,2024,2.3,63.1,2.5,Low,Meets,Ready Now
E01274,2025,3.2,83.6,3.2,Medium,Outstanding,Ready 1-2 Years
E01274,2026,3.1,73.4,3.4,Low,Partially Meets,Ready Now
E01275,2025,4.4,107.8,4.3,Low,Partially Meets,Ready 1-2 Years
E01275,2026,3.7,77.2,3.5,Medium,Partially Meets,Ready Now
E01276,2023,3.6,102.6,4.2,Medium,Exceeds,Ready Now
E01276,2024,3.7,85.5,3.7,Low,Meets,Not Ready
E01276,2025,3.6,82.9,3.3,High,Partially Meets,Ready 1-2 Years
E01276,2026,3.2,89.2,3.3,Medium,Outstanding,Not Ready
E01277,2025,3.6,83.8,3.7,Medium,Meets,Ready 1-2 Years
E01277,2026,4.1,74.0,4.4,Low,Partially Meets,Not Ready
E01278,2026,2.0,65.0,2.1,Medium,Partially Meets,Not Ready
E01279,2022,3.3,91.9,3.2,Medium,Meets,Not Ready
E01279,2023,3.3,94.3,3.4,Low,Partially Meets,Not Ready
E01279,2024,2.4,75.4,2.8,Medium,Partially Meets,Not Ready
E01279,2025,2.5,72.1,2.5,High,Meets,Not Ready
E01279,2026,2.6,73.4,2.3,Medium,Exceeds,Ready 1-2 Years
E01280,2022,3.6,91.9,3.6,High,Outstanding,Not Ready
E01280,2023,3.7,68.5,4.0,Medium,Meets,Ready 1-2 Years
E01280,2024,3.8,88.1,3.8,Medium,Outstanding,Ready Now
E01280,2025,3.9,85.4,3.8,Medium,Meets,Ready 1-2 Years
E01280,2026,3.8,95.8,3.7,Medium,Outstanding,Not Ready
E01282,2024,3.0,85.4,3.5,Medium,Outstanding,Ready 1-2 Years
E01282,2025,3.5,75.8,3.9,Medium,Meets,Ready Now
E01282,2026,2.9,85.0,3.1,Low,Outstanding,Ready Now
E01283,2023,3.2,82.9,3.3,Medium,Partially Meets,Not Ready
E01283,2024,3.3,82.6,3.2,High,Exceeds,Ready 1-2 Years
E01283,2025,3.2,74.6,3.2,Low,Partially Meets,Not Ready
E01283,2026,3.3,90.0,3.2,Low,Meets,Ready Now
E01284,2022,3.3,80.3,3.1,Medium,Meets,Ready Now
E01284,2023,2.9,66.6,2.9,Low,Meets,Ready Now
E01284,2024,3.4,89.7,2.6,High,Meets,Ready 1-2 Years
E01284,2025,3.0,87.7,2.7,Medium,Meets,Not Ready
E01284,2026,3.3,98.5,3.8,High,Exceeds,Ready 1-2 Years
E01286,2022,3.0,109.8,2.6,Low,Meets,Not Ready
E01286,2023,3.5,86.6,3.3,Medium,Exceeds,Ready 1-2 Years
E01286,2024,3.5,81.3,3.1,High,Partially Meets,Ready Now
E01286,2025,2.9,79.2,3.1,Medium,Exceeds,Ready Now
E01286,2026,3.1,85.6,3.5,Medium,Partially Meets,Not Ready
E01287,2024,3.6,76.5,3.4,Medium,Exceeds,Ready Now
E01287,2025,2.8,68.2,2.9,High,Outstanding,Ready 1-2 Years
E01287,2026,2.0,68.9,1.8,High,Meets,Not Ready
E01288,2022,3.1,80.0,3.3,Medium,Meets,Ready 1-2 Years
E01288,2023,2.5,95.5,2.8,Medium,Partially Meets,Ready Now
E01288,2024,2.4,93.3,2.1,High,Meets,Ready 1-2 Years
E01288,2025,2.7,62.8,2.6,Medium,Meets,Not Ready
E01288,2026,2.7,81.9,2.8,Medium,Partially Meets,Ready 1-2 Years
E01289,2026,4.1,86.4,4.5,Medium,Meets,Ready 1-2 Years
E01290,2022,3.9,96.8,3.9,High,Partially Meets,Ready Now
E01290,2023,4.1,81.6,4.4,Low,Outstanding,Ready Now
E01290,2024,4.4,99.7,4.4,Medium,Meets,Ready Now
E01290,2025,3.9,103.8,4.1,Low,Meets,Ready Now
E01290,2026,3.3,81.1,3.7,High,Meets,Ready 1-2 Years
E01291,2022,4.6,97.4,4.6,Low,Exceeds,Ready Now
E01291,2023,5.0,90.7,5.0,Medium,Outstanding,Not Ready
E01291,2024,4.6,86.8,4.1,Medium,Outstanding,Ready Now
E01291,2025,5.0,81.8,5.0,Medium,Meets,Not Ready
E01291,2026,4.8,77.7,5.0,Medium,Partially Meets,Ready Now
E01292,2024,3.5,95.3,3.4,Medium,Outstanding,Ready 1-2 Years
E01292,2025,3.2,91.3,3.2,Medium,Meets,Ready Now
E01292,2026,3.5,79.5,3.3,Medium,Partially Meets,Not Ready
E01293,2025,2.7,89.6,2.7,Medium,Meets,Ready Now
E01293,2026,2.6,78.4,2.3,Medium,Meets,Not Ready
E01294,2024,3.6,88.8,3.7,High,Exceeds,Ready 1-2 Years
E01294,2025,2.8,74.0,3.5,Medium,Exceeds,Ready 1-2 Years
E01294,2026,3.0,85.3,3.2,Medium,Meets,Not Ready
E01295,2022,3.2,82.4,3.1,Low,Outstanding,Ready Now
E01295,2023,3.3,72.7,3.7,Medium,Meets,Not Ready
E01296,2022,3.0,79.7,3.5,Medium,Meets,Ready 1-2 Years
E01296,2023,2.7,87.1,3.0,Medium,Outstanding,Ready 1-2 Years
E01296,2024,2.4,64.2,2.4,Low,Meets,Ready 1-2 Years
E01296,2025,2.8,94.0,2.7,Medium,Exceeds,Not Ready
E01296,2026,2.8,81.5,2.9,High,Outstanding,Not Ready
E01297,2024,1.5,82.3,1.8,High,Partially Meets,Not Ready
E01297,2025,1.8,87.8,2.1,Medium,Partially Meets,Not Ready
E01297,2026,2.6,79.3,2.8,Medium,Meets,Not Ready
E01298,2026,3.1,75.4,3.5,Medium,Meets,Ready Now
E01299,2022,3.1,77.6,3.4,Medium,Exceeds,Ready 1-2 Years
E01299,2023,2.1,79.5,1.6,Medium,Partially Meets,Not Ready
E01299,2024,2.4,73.8,2.5,Medium,Meets,Ready Now
E01299,2025,2.9,90.0,3.1,Medium,Meets,Ready 1-2 Years
E01299,2026,3.0,94.4,3.3,Low,Meets,Not Ready
E01300,2022,3.9,106.6,3.5,Medium,Outstanding,Ready Now
E01300,2023,3.9,104.9,3.9,High,Outstanding,Ready Now
E01300,2024,3.9,84.8,4.1,High,Outstanding,Ready Now
E01300,2025,4.0,78.0,3.6,Low,Outstanding,Ready Now
E01300,2026,3.2,87.2,3.2,Medium,Outstanding,Ready 1-2 Years
E01301,2022,3.4,67.5,3.1,Medium,Exceeds,Ready Now
E01301,2023,3.9,107.7,4.1,Medium,Meets,Not Ready
E01301,2024,3.1,87.4,2.2,Low,Meets,Ready Now
E01301,2025,3.5,95.1,3.3,Medium,Exceeds,Not Ready
E01301,2026,3.6,83.3,3.9,Medium,Exceeds,Not Ready
E01302,2022,3.9,92.3,4.4,Low,Exceeds,Not Ready
E01302,2023,4.2,101.3,4.1,Medium,Exceeds,Ready 1-2 Years
E01302,2024,4.4,86.5,3.9,Low,Outstanding,Ready Now
E01302,2025,3.6,115.1,3.5,Medium,Partially Meets,Ready Now
E01302,2026,3.8,102.7,3.8,Medium,Partially Meets,Ready 1-2 Years
E01303,2022,2.0,83.3,2.7,Medium,Partially Meets,Not Ready
E01303,2023,1.7,80.8,1.7,Medium,Meets,Not Ready
E01303,2024,2.2,77.2,2.3,Medium,Exceeds,Ready 1-2 Years
E01303,2025,1.9,64.8,1.9,Medium,Outstanding,Ready Now
E01303,2026,2.2,88.6,2.2,Medium,Meets,Ready Now
E01304,2022,2.4,72.2,2.4,Medium,Meets,Ready Now
E01304,2023,2.6,77.6,2.6,Low,Partially Meets,Ready 1-2 Years
E01304,2024,1.6,82.6,1.4,Medium,Exceeds,Ready 1-2 Years
E01304,2025,2.1,60.2,2.0,High,Exceeds,Ready Now
E01304,2026,2.4,94.3,2.5,Low,Partially Meets,Not Ready
E01306,2024,3.4,81.1,4.0,Medium,Meets,Ready 1-2 Years
E01306,2025,3.4,78.1,2.7,Medium,Partially Meets,Not Ready
E01307,2024,2.5,76.5,2.9,Medium,Outstanding,Ready Now
E01307,2025,3.5,82.8,3.4,Medium,Outstanding,Not Ready
E01307,2026,2.8,80.5,3.4,Medium,Exceeds,Ready 1-2 Years
E01308,2022,3.8,89.5,3.8,Medium,Outstanding,Ready Now
E01308,2023,3.1,94.9,2.7,Medium,Exceeds,Ready 1-2 Years
E01308,2024,4.5,89.5,4.4,Medium,Meets,Ready Now
E01308,2025,3.3,77.4,3.7,High,Partially Meets,Not Ready
E01308,2026,3.8,87.2,3.6,Medium,Exceeds,Not Ready
E01309,2022,3.7,81.2,3.8,Medium,Meets,Not Ready
E01309,2023,3.4,96.0,3.1,Low,Meets,Ready Now
E01309,2024,3.2,86.2,3.1,High,Meets,Not Ready
E01309,2025,3.2,94.4,3.2,Medium,Outstanding,Ready Now
E01309,2026,2.8,98.4,2.6,Medium,Exceeds,Ready Now
E01311,2022,2.0,72.9,1.9,Medium,Outstanding,Ready Now
E01311,2023,2.1,74.5,1.8,High,Partially Meets,Not Ready
E01311,2024,2.9,95.2,2.8,Medium,Partially Meets,Ready Now
E01311,2025,2.0,67.9,1.9,Medium,Meets,Not Ready
E01311,2026,1.9,50.5,2.1,Low,Meets,Ready 1-2 Years
E01312,2022,3.5,106.2,3.5,Low,Meets,Ready 1-2 Years
E01312,2023,3.9,80.0,3.4,Medium,Meets,Ready 1-2 Years
E01312,2024,3.6,100.8,4.1,Medium,Partially Meets,Ready 1-2 Years
E01312,2025,4.3,88.0,4.2,Medium,Meets,Ready Now
E01313,2025,3.6,81.7,3.8,Medium,Meets,Ready Now
E01313,2026,3.9,83.1,3.3,Medium,Meets,Ready Now
E01314,2026,4.1,84.7,4.0,Medium,Partially Meets,Ready Now
E01315,2022,3.4,73.9,3.0,Medium,Meets,Ready Now
E01315,2023,3.5,91.8,3.5,Low,Outstanding,Ready Now
E01315,2024,3.1,63.4,3.0,Medium,Outstanding,Not Ready
E01315,2025,2.9,78.8,2.8,Medium,Partially Meets,Ready Now
E01316,2022,3.3,97.0,3.3,Medium,Partially Meets,Ready Now
E01316,2023,3.3,84.3,3.0,Low,Meets,Ready 1-2 Years
E01316,2024,2.7,73.9,2.5,Medium,Exceeds,Ready 1-2 Years
E01316,2025,3.1,89.0,3.2,Medium,Partially Meets,Not Ready
E01316,2026,3.0,93.2,3.2,Medium,Partially Meets,Not Ready
E01317,2025,2.5,76.8,2.3,Medium,Exceeds,Ready Now
E01317,2026,2.2,81.7,1.8,Low,Exceeds,Not Ready
E01318,2023,4.9,93.5,4.8,Medium,Outstanding,Not Ready
E01318,2024,4.1,100.1,4.3,Medium,Outstanding,Ready 1-2 Years
E01318,2025,3.5,78.5,3.2,High,Meets,Ready 1-2 Years
E01318,2026,3.8,93.0,4.1,Low,Exceeds,Ready Now
E01319,2023,3.5,93.1,3.6,Medium,Exceeds,Ready Now
E01319,2024,3.5,88.6,3.0,Medium,Partially Meets,Not Ready
E01319,2025,3.2,83.2,3.3,Low,Exceeds,Ready 1-2 Years
E01319,2026,3.5,92.3,3.5,Low,Outstanding,Not Ready
E01320,2023,2.3,68.9,2.8,Low,Meets,Ready 1-2 Years
E01320,2024,2.7,82.0,2.6,Low,Exceeds,Ready Now
E01320,2025,2.5,85.7,2.7,Medium,Outstanding,Not Ready
E01320,2026,2.5,69.1,2.3,Medium,Meets,Ready 1-2 Years
E01321,2022,3.1,98.1,3.4,Medium,Meets,Not Ready
E01321,2023,3.4,73.2,3.3,Low,Outstanding,Ready 1-2 Years
E01323,2023,3.4,93.5,3.0,Medium,Outstanding,Ready 1-2 Years
E01323,2024,3.7,92.6,3.2,Medium,Exceeds,Ready Now
E01323,2025,2.9,87.3,3.2,High,Meets,Ready 1-2 Years
E01323,2026,3.7,80.8,3.7,Medium,Partially Meets,Ready 1-2 Years
E01324,2024,3.0,95.0,3.3,Medium,Exceeds,Ready 1-2 Years
E01324,2025,2.9,70.7,3.0,High,Meets,Ready Now
E01324,2026,2.0,65.1,2.2,Medium,Partially Meets,Ready Now
E01325,2023,3.1,100.7,2.9,Medium,Exceeds,Ready 1-2 Years
E01325,2024,3.2,90.2,2.7,Medium,Meets,Ready Now
E01325,2025,3.5,64.9,3.5,Medium,Meets,Ready 1-2 Years
E01326,2022,4.1,101.8,3.7,Medium,Outstanding,Ready Now
E01326,2023,3.4,88.2,3.5,Medium,Exceeds,Ready 1-2 Years
E01326,2024,4.0,92.8,4.5,Medium,Exceeds,Ready 1-2 Years
E01326,2025,4.6,70.4,4.4,High,Partially Meets,Ready 1-2 Years
E01326,2026,4.3,106.3,3.7,High,Partially Meets,Ready 1-2 Years
E01327,2022,3.3,86.1,2.4,High,Outstanding,Ready Now
E01327,2023,3.5,95.6,3.9,Low,Partially Meets,Ready 1-2 Years
E01327,2024,3.4,103.6,3.1,Medium,Exceeds,Not Ready
E01327,2025,3.5,89.9,3.1,Medium,Exceeds,Ready Now
E01327,2026,3.2,73.9,3.8,Medium,Meets,Ready 1-2 Years
E01328,2025,3.8,83.7,3.2,Low,Meets,Not Ready
E01328,2026,3.7,94.6,3.1,Low,Meets,Not Ready
E01329,2022,4.5,93.6,4.6,Medium,Meets,Not Ready
E01329,2023,4.7,107.6,4.9,Low,Outstanding,Ready Now
E01329,2024,4.5,86.4,4.9,Low,Meets,Not Ready
E01329,2025,4.1,90.3,4.0,High,Meets,Ready 1-2 Years
E01329,2026,4.2,101.2,3.7,Medium,Partially Meets,Not Ready
E01330,2024,5.0,83.8,4.8,Medium,Meets,Ready 1-2 Years
E01330,2025,4.4,104.0,4.1,High,Exceeds,Ready Now
E01330,2026,5.0,98.8,5.0,Medium,Exceeds,Ready Now
E01331,2025,4.1,110.3,4.5,Low,Meets,Ready 1-2 Years
E01331,2026,4.9,112.8,4.6,High,Partially Meets,Not Ready
E01332,2022,2.8,91.8,3.3,High,Meets,Ready Now
E01332,2023,3.3,75.7,3.1,Medium,Partially Meets,Not Ready
E01332,2024,2.7,49.1,2.7,Medium,Outstanding,Ready Now
E01332,2025,3.5,86.7,3.5,Medium,Outstanding,Ready 1-2 Years
E01332,2026,3.1,76.1,3.3,Medium,Meets,Ready Now
E01333,2022,3.9,88.5,3.3,Medium,Meets,Ready Now
E01333,2023,5.0,89.4,5.0,Medium,Outstanding,Not Ready
E01333,2024,4.4,95.8,4.4,Medium,Outstanding,Not Ready
E01333,2025,4.8,76.9,4.1,High,Meets,Not Ready
E01333,2026,5.0,101.5,4.5,Medium,Exceeds,Not Ready
E01334,2022,3.4,93.5,3.4,High,Outstanding,Ready 1-2 Years
E01334,2023,3.4,67.9,3.4,Low,Exceeds,Ready Now
E01334,2024,3.3,71.6,3.2,Low,Meets,Not Ready
E01334,2025,2.7,70.6,2.8,Medium,Partially Meets,Ready Now
E01334,2026,3.2,60.7,2.9,Medium,Partially Meets,Ready Now
E01335,2024,4.4,99.7,4.6,Medium,Partially Meets,Ready 1-2 Years
E01335,2025,3.8,75.0,3.0,Medium,Exceeds,Ready 1-2 Years
E01335,2026,3.8,84.6,3.8,Low,Partially Meets,Not Ready
E01336,2022,3.7,58.9,3.6,High,Partially Meets,Ready 1-2 Years
E01336,2023,3.4,62.9,3.6,Medium,Partially Meets,Ready Now
E01336,2024,3.5,85.9,3.5,Medium,Partially Meets,Ready 1-2 Years
E01336,2025,3.5,86.1,3.3,Low,Meets,Ready Now
E01336,2026,3.1,79.8,2.7,High,Meets,Ready Now
E01337,2022,3.8,85.6,4.1,Medium,Meets,Ready Now
E01337,2023,4.0,86.9,3.7,Low,Outstanding,Not Ready
E01337,2024,3.8,70.5,3.7,Low,Meets,Ready 1-2 Years
E01337,2025,4.2,89.9,4.1,Low,Meets,Ready 1-2 Years
E01337,2026,4.0,75.3,3.8,High,Exceeds,Ready Now
E01338,2022,2.0,88.2,2.0,High,Meets,Not Ready
E01338,2023,2.7,72.3,2.9,Medium,Meets,Not Ready
E01338,2024,2.9,74.2,2.9,Medium,Outstanding,Not Ready
E01338,2025,2.9,91.6,3.0,Medium,Meets,Not Ready
E01338,2026,2.0,87.6,1.8,Low,Meets,Ready 1-2 Years
E01339,2022,4.5,100.3,4.2,Low,Exceeds,Ready Now
E01339,2023,3.9,89.4,3.9,Low,Meets,Not Ready
E01339,2024,4.1,78.7,4.1,Low,Partially Meets,Ready Now
E01339,2025,4.1,76.1,4.2,Low,Partially Meets,Not Ready
E01339,2026,4.5,96.4,4.0,High,Meets,Not Ready
E01340,2022,3.4,93.3,3.6,Medium,Partially Meets,Not Ready
E01340,2023,3.3,61.9,3.3,Medium,Partially Meets,Not Ready
E01340,2024,3.1,92.1,2.9,Medium,Meets,Ready Now
E01340,2025,3.4,87.0,4.0,Low,Outstanding,Ready 1-2 Years
E01340,2026,3.6,103.0,4.0,Medium,Exceeds,Ready 1-2 Years
E01341,2022,3.7,69.1,3.6,Medium,Meets,Not Ready
E01341,2023,4.1,100.4,4.3,High,Meets,Not Ready
E01341,2024,3.5,101.6,4.1,Medium,Partially Meets,Ready Now
E01341,2025,4.0,80.9,4.3,Medium,Outstanding,Ready 1-2 Years
E01341,2026,4.2,88.1,4.3,Medium,Meets,Not Ready
E01342,2022,3.8,77.1,3.3,Medium,Partially Meets,Ready Now
E01342,2023,3.7,88.8,4.2,High,Outstanding,Ready 1-2 Years
E01342,2024,3.8,84.0,3.8,Medium,Partially Meets,Ready 1-2 Years
E01342,2025,3.8,83.7,4.4,Medium,Exceeds,Not Ready
E01342,2026,4.0,97.7,4.1,High,Partially Meets,Not Ready
E01343,2022,4.1,107.1,4.3,Medium,Meets,Ready Now
E01343,2023,3.6,81.6,3.7,Medium,Meets,Ready Now
E01343,2024,4.2,98.6,4.8,Medium,Exceeds,Not Ready
E01343,2025,4.2,80.1,4.0,Medium,Outstanding,Ready Now
E01343,2026,4.2,92.0,4.0,Medium,Exceeds,Not Ready
E01344,2022,3.4,90.1,3.4,Medium,Outstanding,Not Ready
E01344,2023,3.8,92.2,3.9,Medium,Exceeds,Not Ready
E01344,2024,3.5,65.1,3.5,High,Partially Meets,Not Ready
E01344,2025,3.5,94.4,3.5,Medium,Meets,Not Ready
E01344,2026,3.7,100.1,4.0,Medium,Meets,Ready 1-2 Years
E01345,2022,3.5,85.2,3.0,Low,Meets,Ready Now
E01345,2023,3.7,76.4,3.9,Low,Meets,Ready 1-2 Years
E01345,2024,3.8,92.0,3.5,Medium,Meets,Ready 1-2 Years
E01345,2025,4.0,82.6,4.0,Low,Meets,Ready Now
E01345,2026,3.1,92.2,3.3,Medium,Meets,Not Ready
E01346,2026,4.7,95.7,4.9,Medium,Meets,Not Ready
E01347,2024,3.2,97.1,3.1,Medium,Exceeds,Ready Now
E01347,2025,2.8,73.6,2.7,Medium,Outstanding,Ready Now
E01347,2026,2.0,61.1,2.0,Medium,Outstanding,Ready 1-2 Years
E01348,2024,2.8,83.2,2.9,High,Partially Meets,Not Ready
E01348,2025,2.3,63.9,1.9,High,Partially Meets,Not Ready
E01348,2026,2.5,91.1,2.2,Medium,Partially Meets,Not Ready
E01349,2023,2.8,73.2,2.3,Low,Partially Meets,Ready Now
E01351,2023,3.7,87.1,3.7,High,Meets,Ready 1-2 Years
E01351,2024,3.3,91.4,3.4,Low,Meets,Ready 1-2 Years
E01351,2025,2.7,88.9,2.4,High,Exceeds,Ready 1-2 Years
E01351,2026,3.3,91.0,3.5,Medium,Meets,Ready Now
E01352,2024,3.8,94.5,4.0,Medium,Outstanding,Not Ready
E01352,2025,4.1,99.0,4.7,Medium,Meets,Ready 1-2 Years
E01352,2026,3.1,99.4,3.4,Low,Meets,Ready Now
E01353,2025,3.3,73.2,2.8,Medium,Partially Meets,Ready 1-2 Years
E01353,2026,3.3,78.7,3.5,Medium,Exceeds,Ready 1-2 Years
E01354,2022,2.6,77.7,2.9,Low,Outstanding,Ready Now
E01354,2023,3.1,81.3,2.9,Medium,Meets,Not Ready
E01354,2024,3.3,91.3,3.4,Medium,Meets,Not Ready
E01354,2025,3.1,98.3,2.7,Low,Partially Meets,Ready 1-2 Years
E01354,2026,2.7,89.2,3.0,Medium,Outstanding,Ready Now
E01356,2022,2.9,86.0,3.2,Low,Meets,Ready 1-2 Years
E01356,2023,3.6,83.1,3.7,Medium,Partially Meets,Not Ready
E01356,2024,3.3,83.2,3.3,Low,Meets,Ready Now
E01356,2025,3.0,77.0,3.5,Medium,Meets,Not Ready
E01356,2026,3.7,85.2,3.4,Medium,Meets,Ready Now
E01357,2022,3.2,86.8,2.8,High,Meets,Ready Now
E01357,2023,2.9,96.8,2.8,Low,Meets,Not Ready
E01357,2024,2.4,73.2,2.3,Low,Meets,Ready Now
E01357,2025,3.3,91.9,3.4,High,Exceeds,Ready Now
E01357,2026,2.8,70.6,2.2,Low,Meets,Ready Now
E01358,2025,3.9,72.5,3.8,Medium,Meets,Ready Now
E01358,2026,4.8,97.7,5.0,Medium,Meets,Not Ready
E01360,2022,3.9,70.9,4.6,Low,Outstanding,Not Ready
E01360,2023,3.9,83.9,3.7,High,Exceeds,Not Ready
E01362,2022,4.2,95.9,4.8,Medium,Meets,Ready 1-2 Years
E01362,2023,4.5,79.2,4.5,Medium,Meets,Not Ready
E01362,2024,4.1,102.6,3.9,Low,Meets,Ready Now
E01362,2025,3.7,78.7,3.4,Medium,Outstanding,Ready Now
E01362,2026,4.2,84.3,4.1,Medium,Outstanding,Not Ready
E01363,2022,4.0,91.7,4.2,Medium,Meets,Not Ready
E01363,2023,3.5,89.5,3.5,Medium,Meets,Ready 1-2 Years
E01363,2024,3.8,78.4,3.1,Medium,Meets,Not Ready
E01363,2025,3.2,72.4,3.1,High,Exceeds,Ready Now
E01363,2026,3.3,87.5,3.6,Medium,Partially Meets,Ready 1-2 Years
E01365,2022,3.2,75.2,3.0,Medium,Exceeds,Not Ready
E01365,2023,4.0,96.0,3.9,Medium,Partially Meets,Ready Now
E01366,2022,2.8,57.6,2.6,High,Meets,Ready Now
E01366,2023,2.8,85.4,2.8,Medium,Partially Meets,Not Ready
E01366,2024,2.9,73.8,2.8,Low,Partially Meets,Not Ready
E01366,2025,2.6,81.9,2.7,Medium,Meets,Not Ready
E01366,2026,3.2,89.3,2.7,Low,Partially Meets,Ready 1-2 Years
E01367,2022,2.2,83.6,2.4,Medium,Exceeds,Not Ready
E01367,2023,2.4,78.7,2.6,Medium,Outstanding,Ready 1-2 Years
E01367,2024,3.5,92.1,3.5,Medium,Meets,Ready 1-2 Years
E01367,2025,2.7,71.4,2.4,Low,Partially Meets,Ready Now
E01367,2026,2.5,73.6,2.7,Medium,Outstanding,Ready 1-2 Years
E01368,2022,4.3,88.5,4.3,Medium,Exceeds,Ready Now
E01368,2023,4.2,100.5,3.7,High,Meets,Ready 1-2 Years
E01368,2024,4.5,96.3,4.6,Medium,Partially Meets,Not Ready
E01368,2025,3.8,77.6,3.7,High,Meets,Not Ready
E01368,2026,3.8,77.1,3.5,Low,Outstanding,Ready 1-2 Years
E01369,2022,4.2,97.1,3.8,High,Outstanding,Ready Now
E01369,2023,4.0,97.9,4.1,High,Meets,Ready Now
E01369,2024,4.4,93.7,4.2,Low,Meets,Ready 1-2 Years
E01369,2025,5.0,82.3,5.0,Medium,Exceeds,Not Ready
E01369,2026,4.7,95.4,4.6,Medium,Exceeds,Ready Now
E01370,2022,3.0,77.9,2.7,Low,Outstanding,Ready 1-2 Years
E01370,2023,3.5,75.7,3.7,High,Outstanding,Ready Now
E01370,2024,3.9,95.0,4.1,Medium,Partially Meets,Not Ready
E01370,2025,2.9,72.6,2.7,High,Outstanding,Ready Now
E01370,2026,3.7,87.4,4.1,Medium,Outstanding,Not Ready
E01371,2022,3.4,84.3,3.9,Medium,Partially Meets,Ready Now
E01371,2023,4.0,88.6,3.4,Medium,Meets,Ready 1-2 Years
E01371,2024,3.2,57.9,3.2,Medium,Outstanding,Ready 1-2 Years
E01371,2025,3.6,75.7,3.7,Medium,Outstanding,Not Ready
E01371,2026,3.1,82.7,2.9,Medium,Meets,Not Ready
E01372,2022,2.4,95.9,2.0,Medium,Exceeds,Ready Now
E01372,2023,1.8,77.8,1.7,Medium,Partially Meets,Ready 1-2 Years
E01372,2024,1.7,75.4,2.1,Medium,Meets,Not Ready
E01372,2025,2.3,72.4,2.8,High,Partially Meets,Not Ready
E01372,2026,2.4,62.7,2.2,Medium,Meets,Not Ready
E01373,2022,3.4,76.0,3.9,Low,Partially Meets,Ready 1-2 Years
E01373,2023,3.4,72.1,2.9,Medium,Exceeds,Ready 1-2 Years
E01373,2024,3.2,98.1,2.7,High,Meets,Ready 1-2 Years
E01373,2025,3.9,93.3,4.3,Medium,Meets,Not Ready
E01373,2026,3.9,75.7,3.9,Medium,Meets,Ready Now
E01374,2025,3.3,72.9,3.0,High,Partially Meets,Ready 1-2 Years
E01374,2026,3.5,93.9,3.5,Medium,Exceeds,Ready 1-2 Years
E01375,2022,4.0,85.6,3.8,High,Outstanding,Ready 1-2 Years
E01375,2023,3.6,76.1,3.8,Medium,Outstanding,Ready 1-2 Years
E01375,2024,3.8,87.7,4.5,Medium,Outstanding,Not Ready
E01376,2026,4.2,100.4,4.1,Medium,Partially Meets,Ready 1-2 Years
E01377,2023,3.5,100.3,3.5,High,Outstanding,Ready 1-2 Years
E01377,2024,2.5,89.3,2.5,Low,Partially Meets,Ready Now
E01377,2025,2.8,89.2,3.0,High,Partially Meets,Ready Now
E01377,2026,3.4,80.7,3.1,Medium,Partially Meets,Ready 1-2 Years
E01378,2022,4.3,98.9,5.0,High,Meets,Ready 1-2 Years
E01378,2023,4.0,96.9,3.7,Medium,Outstanding,Ready Now
E01378,2024,5.0,84.9,5.0,High,Partially Meets,Not Ready
E01378,2025,4.1,87.5,4.4,Low,Meets,Ready Now
E01378,2026,3.7,66.4,3.8,Medium,Meets,Not Ready
E01379,2022,3.3,83.4,3.0,Medium,Meets,Ready 1-2 Years
E01379,2023,2.9,77.4,2.7,High,Meets,Ready 1-2 Years
E01379,2024,3.9,105.1,4.4,Medium,Partially Meets,Ready 1-2 Years
E01379,2025,4.4,88.9,4.0,High,Meets,Not Ready
E01379,2026,3.7,77.5,3.1,Medium,Exceeds,Ready Now
E01380,2026,3.0,66.0,3.1,Medium,Meets,Not Ready
E01381,2025,4.6,80.6,4.8,Medium,Meets,Ready 1-2 Years
E01381,2026,4.1,99.0,3.8,Medium,Exceeds,Ready Now
E01382,2022,2.5,81.9,2.4,Low,Exceeds,Ready Now
E01382,2023,2.9,80.8,2.5,Medium,Exceeds,Ready 1-2 Years
E01382,2024,3.0,74.8,2.5,High,Outstanding,Ready Now
E01382,2025,2.5,84.1,3.0,Medium,Exceeds,Ready Now
E01382,2026,2.0,67.0,1.6,High,Meets,Not Ready
E01383,2023,4.1,104.6,4.4,Medium,Meets,Not Ready
E01383,2024,3.2,81.7,3.9,Medium,Outstanding,Ready 1-2 Years
E01383,2025,2.9,93.1,3.0,Medium,Meets,Ready 1-2 Years
E01383,2026,3.1,54.9,3.2,Low,Exceeds,Not Ready
E01384,2022,2.4,74.2,2.0,High,Outstanding,Ready Now
E01384,2023,2.1,76.4,1.8,Low,Exceeds,Ready Now
E01384,2024,3.0,88.8,2.9,Medium,Meets,Not Ready
E01384,2025,2.8,73.5,2.4,Medium,Exceeds,Not Ready
E01384,2026,2.5,70.3,2.2,Medium,Meets,Not Ready
E01385,2026,2.5,82.4,2.2,Medium,Meets,Not Ready
E01386,2022,4.1,94.9,4.6,Medium,Meets,Ready 1-2 Years
E01386,2023,3.5,72.9,3.5,Low,Exceeds,Not Ready
E01386,2024,3.5,97.9,4.0,High,Meets,Ready Now
E01386,2025,3.3,98.2,3.2,Medium,Exceeds,Ready Now
E01386,2026,3.5,84.8,3.7,Low,Exceeds,Not Ready
E01387,2022,3.8,79.4,3.8,Medium,Exceeds,Ready Now
E01388,2026,3.8,77.7,3.8,Low,Exceeds,Ready 1-2 Years
E01389,2026,3.3,91.8,3.2,Medium,Meets,Not Ready
E01390,2025,4.2,92.3,4.4,High,Meets,Not Ready
E01390,2026,4.6,95.4,5.0,Medium,Meets,Not Ready
E01391,2022,2.7,83.6,2.9,Medium,Meets,Not Ready
E01392,2025,2.9,80.6,2.3,Medium,Meets,Ready 1-2 Years
E01392,2026,3.0,69.2,2.9,Medium,Partially Meets,Not Ready
E01393,2024,4.4,104.7,4.6,Medium,Meets,Not Ready
E01393,2025,3.6,88.8,3.2,Medium,Outstanding,Ready Now
E01393,2026,3.6,83.4,3.7,High,Meets,Ready Now
E01394,2026,4.4,102.8,4.4,Low,Exceeds,Not Ready
E01395,2022,4.0,93.2,5.0,Medium,Partially Meets,Ready 1-2 Years
E01395,2023,3.4,97.5,3.0,Medium,Exceeds,Ready 1-2 Years
E01395,2024,3.7,96.5,3.5,Medium,Meets,Ready 1-2 Years
E01395,2025,3.7,99.8,4.0,High,Exceeds,Ready Now
E01395,2026,3.4,68.9,3.6,Medium,Partially Meets,Ready Now
E01396,2026,3.5,83.0,3.5,Low,Outstanding,Not Ready
E01397,2022,3.4,76.8,2.9,Medium,Meets,Ready Now
E01397,2023,3.5,79.2,3.5,Medium,Exceeds,Ready 1-2 Years
E01397,2024,3.0,75.9,2.9,Medium,Meets,Ready Now
E01397,2025,3.3,90.2,3.4,Medium,Outstanding,Ready 1-2 Years
E01397,2026,2.8,97.6,2.6,High,Outstanding,Not Ready
E01398,2022,2.0,77.7,1.8,Low,Exceeds,Not Ready
E01398,2023,1.7,79.6,1.6,Medium,Meets,Not Ready
E01398,2024,2.2,76.0,2.1,Medium,Outstanding,Not Ready
E01398,2025,1.8,89.5,1.7,Medium,Meets,Ready 1-2 Years
E01398,2026,2.5,57.0,2.9,Medium,Partially Meets,Ready 1-2 Years
E01399,2022,3.2,72.6,3.3,Medium,Outstanding,Ready 1-2 Years
E01399,2023,3.1,86.7,3.1,High,Meets,Not Ready
E01399,2024,2.4,83.9,2.1,Low,Meets,Ready Now
E01399,2025,3.0,91.3,3.4,Medium,Outstanding,Not Ready
E01399,2026,2.7,77.5,2.5,Low,Meets,Ready 1-2 Years
E01400,2023,3.3,78.1,3.6,High,Meets,Not Ready
E01400,2024,2.9,72.4,2.4,Medium,Exceeds,Not Ready
E01401,2022,2.5,71.7,2.5,Medium,Exceeds,Ready Now
E01401,2023,2.8,90.1,2.6,Low,Partially Meets,Ready 1-2 Years
E01401,2024,3.1,70.9,3.2,Medium,Outstanding,Not Ready
E01401,2025,3.2,75.2,3.2,Medium,Meets,Ready Now
E01401,2026,3.4,77.3,3.4,High,Partially Meets,Not Ready
E01402,2022,4.3,87.2,4.5,Medium,Meets,Ready 1-2 Years
E01402,2023,4.6,88.7,4.1,Medium,Partially Meets,Ready Now
E01402,2024,4.0,83.8,4.0,Medium,Partially Meets,Ready 1-2 Years
E01402,2025,3.9,61.0,4.1,Medium,Meets,Ready Now
E01402,2026,4.0,87.5,3.6,High,Meets,Ready 1-2 Years
E01403,2023,2.7,79.0,2.9,High,Outstanding,Ready 1-2 Years
E01403,2024,3.2,83.7,3.3,Medium,Partially Meets,Not Ready
E01403,2025,2.7,95.1,2.6,Low,Exceeds,Ready 1-2 Years
E01403,2026,2.7,83.4,2.9,Medium,Partially Meets,Ready 1-2 Years
E01404,2022,4.7,95.2,4.6,Medium,Outstanding,Ready Now
E01404,2023,3.7,72.8,3.4,Medium,Outstanding,Not Ready
E01404,2024,4.2,90.8,4.3,Medium,Meets,Not Ready
E01404,2025,4.4,96.2,4.3,Medium,Outstanding,Not Ready
E01404,2026,3.8,82.9,4.3,Medium,Meets,Ready 1-2 Years
E01405,2024,3.7,86.4,3.7,Low,Outstanding,Ready 1-2 Years
E01405,2025,3.8,107.3,3.6,Medium,Outstanding,Ready Now
E01405,2026,4.5,90.7,4.3,High,Meets,Not Ready
E01406,2025,2.8,83.8,2.9,Medium,Partially Meets,Ready Now
E01406,2026,2.9,78.9,3.1,Low,Outstanding,Not Ready
E01407,2022,4.0,94.4,3.1,High,Meets,Ready Now
E01407,2023,4.2,75.7,4.2,Medium,Meets,Ready 1-2 Years
E01407,2024,4.3,92.3,3.9,Medium,Outstanding,Ready 1-2 Years
E01407,2025,4.0,93.0,3.9,Medium,Meets,Not Ready
E01407,2026,4.6,91.8,5.0,Medium,Exceeds,Ready Now
E01408,2023,3.0,84.5,2.9,Low,Meets,Not Ready
E01408,2024,3.9,104.4,4.3,Medium,Exceeds,Ready Now
E01408,2025,3.6,79.9,4.2,High,Meets,Ready 1-2 Years
E01408,2026,2.7,71.6,2.4,Medium,Outstanding,Not Ready
E01411,2022,3.3,91.1,2.9,Medium,Meets,Ready Now
E01411,2023,3.3,85.4,2.9,Medium,Exceeds,Not Ready
E01411,2024,2.7,74.5,2.6,Low,Exceeds,Not Ready
E01411,2025,3.7,101.6,3.9,Medium,Exceeds,Ready 1-2 Years
E01411,2026,3.0,89.2,2.9,Medium,Meets,Ready 1-2 Years
E01413,2025,2.3,73.8,2.3,Medium,Outstanding,Not Ready
E01413,2026,2.6,67.2,2.7,Medium,Outstanding,Ready 1-2 Years
E01414,2023,4.4,82.7,4.4,Medium,Partially Meets,Ready Now
E01414,2024,4.0,100.0,3.8,Medium,Exceeds,Not Ready
E01414,2025,4.4,82.2,4.2,Medium,Partially Meets,Not Ready
E01414,2026,4.8,94.3,4.7,High,Partially Meets,Ready 1-2 Years
E01416,2022,2.8,69.1,3.1,Medium,Exceeds,Ready 1-2 Years
E01416,2023,2.6,76.8,2.9,Medium,Meets,Not Ready
E01416,2024,3.0,79.9,3.1,Medium,Meets,Not Ready
E01416,2025,2.4,100.8,2.7,Medium,Partially Meets,Ready Now
E01416,2026,2.5,74.0,2.4,Medium,Outstanding,Ready Now
E01417,2022,3.7,87.8,3.4,High,Meets,Not Ready
E01417,2023,3.0,85.9,2.6,High,Meets,Not Ready
E01417,2024,3.6,96.9,3.3,High,Meets,Not Ready
E01417,2025,3.0,93.8,2.7,Medium,Meets,Ready 1-2 Years
E01417,2026,3.4,85.5,3.5,Low,Meets,Ready Now
E01418,2022,2.5,68.8,2.6,Medium,Outstanding,Ready Now
E01418,2023,2.9,78.7,3.1,Medium,Partially Meets,Not Ready
E01418,2024,2.8,69.9,2.1,Medium,Outstanding,Ready 1-2 Years
E01418,2025,2.4,81.5,2.3,Medium,Outstanding,Ready 1-2 Years
E01418,2026,3.0,91.0,2.8,Medium,Meets,Ready Now
E01419,2026,3.3,84.5,3.4,Low,Exceeds,Ready Now
E01420,2022,1.9,74.7,1.6,Medium,Exceeds,Ready 1-2 Years
E01420,2023,2.8,73.8,2.6,Low,Outstanding,Not Ready
E01420,2024,2.9,82.5,2.7,Medium,Outstanding,Ready 1-2 Years
E01420,2025,2.8,77.6,2.6,High,Exceeds,Ready Now
E01420,2026,3.1,84.3,3.0,High,Exceeds,Not Ready
E01421,2026,3.5,102.3,3.3,Medium,Exceeds,Ready Now
E01422,2026,2.5,80.3,2.5,Medium,Partially Meets,Not Ready
E01423,2022,4.0,78.8,4.0,High,Outstanding,Ready 1-2 Years
E01423,2023,4.0,92.6,4.1,High,Meets,Ready 1-2 Years
E01423,2024,3.4,77.8,3.2,Medium,Meets,Ready Now
E01423,2025,3.7,92.9,3.6,Low,Meets,Ready 1-2 Years
E01423,2026,3.3,92.3,3.5,Medium,Meets,Not Ready
E01424,2025,3.7,74.0,3.6,Medium,Meets,Ready Now
E01424,2026,3.4,94.2,3.3,High,Exceeds,Ready Now
E01425,2022,2.2,83.8,2.3,Medium,Partially Meets,Ready Now
E01425,2023,2.4,87.0,2.7,Medium,Outstanding,Ready Now
E01425,2024,1.9,89.1,2.0,Low,Partially Meets,Not Ready
E01425,2025,2.1,75.6,2.1,Medium,Exceeds,Ready 1-2 Years
E01426,2022,3.0,81.6,2.2,Medium,Meets,Not Ready
E01426,2023,3.2,72.9,3.0,Medium,Outstanding,Ready 1-2 Years
E01426,2024,2.7,65.8,3.0,Medium,Meets,Not Ready
E01426,2025,3.0,76.1,2.5,High,Exceeds,Ready 1-2 Years
E01426,2026,3.4,95.5,3.2,Medium,Outstanding,Ready 1-2 Years
E01427,2022,2.9,84.2,3.1,Medium,Partially Meets,Ready 1-2 Years
E01427,2023,3.9,88.6,3.2,Medium,Partially Meets,Ready Now
E01427,2024,3.6,93.8,3.8,Medium,Partially Meets,Not Ready
E01427,2025,3.5,71.2,3.6,High,Outstanding,Ready 1-2 Years
E01427,2026,3.5,94.9,3.6,Medium,Outstanding,Ready 1-2 Years
E01428,2022,4.6,88.0,4.9,High,Meets,Ready 1-2 Years
E01428,2023,4.2,84.1,4.3,High,Outstanding,Ready Now
E01428,2024,4.7,90.7,4.7,Medium,Partially Meets,Ready Now
E01428,2025,5.0,98.0,5.0,Medium,Exceeds,Ready Now
E01428,2026,4.4,76.7,3.7,Medium,Meets,Ready Now
E01429,2026,3.8,89.1,3.8,Medium,Meets,Ready 1-2 Years
E01431,2026,3.5,88.3,3.4,Medium,Meets,Ready 1-2 Years
E01432,2024,4.1,94.1,3.8,Low,Outstanding,Ready Now
E01432,2025,3.9,83.1,4.0,Medium,Meets,Ready 1-2 Years
E01432,2026,3.5,86.3,3.4,Low,Meets,Ready 1-2 Years
E01433,2022,3.2,66.5,3.3,Medium,Outstanding,Ready 1-2 Years
E01433,2023,2.6,80.7,2.8,Medium,Meets,Ready 1-2 Years
E01433,2024,3.3,87.0,3.6,Medium,Partially Meets,Not Ready
E01433,2025,3.3,72.8,3.1,Medium,Exceeds,Ready 1-2 Years
E01433,2026,2.6,95.9,2.1,Medium,Partially Meets,Not Ready
E01434,2022,4.1,79.6,4.0,Medium,Outstanding,Ready Now
E01434,2023,4.4,94.3,4.3,High,Meets,Not Ready
E01434,2024,4.2,87.6,4.5,Medium,Meets,Ready 1-2 Years
E01434,2025,5.0,108.7,4.5,High,Outstanding,Ready 1-2 Years
E01434,2026,4.9,96.5,4.8,Medium,Partially Meets,Ready Now
E01435,2022,3.8,87.1,3.4,High,Meets,Ready Now
E01435,2023,3.6,91.0,3.6,High,Meets,Not Ready
E01435,2024,3.1,97.1,3.1,Medium,Partially Meets,Ready Now
E01435,2025,3.3,91.1,3.6,Medium,Meets,Not Ready
E01435,2026,4.0,85.4,3.9,Low,Meets,Ready Now
E01436,2024,2.0,68.9,1.7,High,Exceeds,Ready 1-2 Years
E01436,2025,1.8,66.9,1.9,Medium,Partially Meets,Ready 1-2 Years
E01436,2026,2.3,59.2,1.7,Low,Exceeds,Ready Now
E01437,2026,3.3,89.2,3.5,Medium,Meets,Ready 1-2 Years
E01438,2025,5.0,98.7,4.7,Medium,Meets,Not Ready
E01438,2026,4.8,75.7,4.9,Medium,Meets,Not Ready
E01439,2022,1.8,71.5,1.6,High,Exceeds,Not Ready
E01439,2023,1.8,74.5,1.8,Medium,Meets,Ready 1-2 Years
E01439,2024,2.3,75.6,2.2,Low,Outstanding,Ready 1-2 Years
E01439,2025,1.6,74.1,1.4,Medium,Exceeds,Not Ready
E01439,2026,1.5,68.5,1.3,Medium,Meets,Ready Now
E01440,2024,4.2,73.3,4.3,High,Meets,Not Ready
E01440,2025,4.9,97.4,5.0,Low,Meets,Ready 1-2 Years
E01440,2026,4.4,81.1,4.3,Medium,Meets,Ready Now
E01441,2022,2.2,79.4,2.0,Medium,Partially Meets,Not Ready
E01441,2023,3.6,75.0,3.6,Medium,Meets,Not Ready
E01441,2024,3.2,90.2,3.3,Medium,Partially Meets,Ready Now
E01441,2025,2.9,99.2,2.6,High,Meets,Ready Now
E01441,2026,2.2,90.8,1.9,Low,Meets,Ready Now
E01443,2022,3.8,85.0,3.7,Medium,Exceeds,Ready Now
E01443,2023,4.3,101.3,4.0,Medium,Meets,Not Ready
E01443,2024,3.5,104.7,3.5,Medium,Outstanding,Ready 1-2 Years
E01443,2025,3.4,75.8,2.7,Low,Exceeds,Not Ready
E01443,2026,3.7,91.5,3.5,Low,Meets,Not Ready
E01444,2022,3.5,76.8,3.6,Low,Outstanding,Ready Now
E01444,2023,3.2,89.7,3.4,Medium,Exceeds,Ready 1-2 Years
E01444,2024,3.2,93.8,3.1,Medium,Outstanding,Ready 1-2 Years
E01444,2025,3.4,76.5,3.3,Low,Meets,Not Ready
E01444,2026,3.0,95.2,2.8,Low,Outstanding,Ready 1-2 Years
E01445,2022,3.0,76.3,2.6,Medium,Outstanding,Ready Now
E01445,2023,3.3,94.4,3.5,Medium,Exceeds,Not Ready
E01445,2024,3.3,101.3,3.0,Medium,Partially Meets,Not Ready
E01445,2025,2.8,88.8,2.6,Medium,Meets,Ready Now
E01445,2026,3.3,87.9,3.2,Medium,Outstanding,Ready 1-2 Years
E01446,2022,2.1,70.4,2.2,Medium,Outstanding,Not Ready
E01446,2023,2.1,68.7,2.0,Medium,Exceeds,Not Ready
E01446,2024,2.6,77.0,2.5,Medium,Outstanding,Not Ready
E01446,2025,2.5,82.9,2.6,Medium,Outstanding,Not Ready
E01446,2026,2.0,68.9,1.9,High,Meets,Not Ready
E01447,2025,3.2,82.5,3.4,Medium,Partially Meets,Not Ready
E01447,2026,2.6,88.0,2.7,Medium,Partially Meets,Not Ready
E01448,2025,1.8,87.1,1.7,Medium,Exceeds,Ready 1-2 Years
E01448,2026,2.5,64.5,2.7,Low,Partially Meets,Ready Now
E01449,2022,3.6,89.8,3.1,Low,Outstanding,Ready Now
E01449,2023,3.4,81.5,3.6,Medium,Meets,Ready 1-2 Years
E01449,2024,4.4,90.7,5.0,High,Outstanding,Not Ready
E01449,2025,4.4,86.1,4.7,Medium,Meets,Not Ready
E01449,2026,4.3,102.1,4.3,Medium,Meets,Not Ready
E01450,2025,3.7,78.8,4.0,Low,Meets,Ready 1-2 Years
E01450,2026,3.0,90.2,3.1,Medium,Meets,Ready 1-2 Years
E01451,2022,4.6,92.3,4.3,High,Meets,Ready Now
E01451,2023,4.0,76.4,3.9,Medium,Meets,Ready Now
E01452,2022,3.6,89.1,3.8,Medium,Meets,Ready Now
E01452,2023,3.7,74.6,3.9,Low,Exceeds,Not Ready
E01452,2024,4.6,88.5,4.7,High,Partially Meets,Ready 1-2 Years
E01452,2025,4.0,87.0,4.3,Medium,Outstanding,Ready Now
E01452,2026,4.1,97.1,3.9,Low,Exceeds,Ready Now
E01453,2022,2.4,71.5,2.4,Medium,Meets,Ready 1-2 Years
E01453,2023,2.6,100.3,2.6,Medium,Meets,Not Ready
E01453,2024,3.2,73.7,3.1,Low,Exceeds,Not Ready
E01453,2025,2.4,87.7,2.0,Low,Meets,Ready Now
E01453,2026,2.7,92.2,2.7,Medium,Exceeds,Ready 1-2 Years
E01454,2022,4.4,94.7,4.7,Medium,Partially Meets,Ready Now
E01454,2023,4.5,105.1,4.2,Medium,Meets,Ready 1-2 Years
E01454,2024,4.6,97.8,4.8,High,Meets,Ready 1-2 Years
E01455,2024,3.2,69.5,3.2,Medium,Outstanding,Not Ready
E01455,2025,2.7,97.1,3.2,Medium,Partially Meets,Not Ready
E01455,2026,3.1,94.5,2.9,High,Outstanding,Not Ready
E01456,2022,3.0,92.1,3.6,Low,Meets,Ready 1-2 Years
E01456,2023,3.3,64.0,2.9,Medium,Meets,Ready Now
E01456,2024,3.7,80.4,3.9,Medium,Outstanding,Not Ready
E01456,2025,3.8,83.4,3.9,Medium,Meets,Not Ready
E01456,2026,3.3,78.6,3.3,Low,Exceeds,Not Ready
E01457,2022,3.6,77.7,3.2,Medium,Exceeds,Ready 1-2 Years
E01457,2023,3.4,76.3,3.3,Medium,Meets,Not Ready
E01457,2024,3.2,81.4,2.7,Medium,Outstanding,Not Ready
E01457,2025,2.7,91.8,3.1,Medium,Exceeds,Ready Now
E01457,2026,3.1,87.7,2.7,Medium,Partially Meets,Ready 1-2 Years
E01458,2023,4.1,84.6,4.4,Low,Partially Meets,Not Ready
E01458,2024,3.7,83.7,3.8,Medium,Meets,Not Ready
E01458,2025,3.7,79.0,3.3,High,Partially Meets,Not Ready
E01458,2026,4.1,88.2,3.7,Medium,Outstanding,Ready Now
E01459,2024,2.7,75.6,2.7,Medium,Partially Meets,Ready Now
E01459,2025,3.5,103.8,3.3,Low,Exceeds,Not Ready
E01459,2026,3.4,76.5,3.8,Medium,Meets,Ready Now
E01460,2022,3.7,97.4,3.9,High,Partially Meets,Ready 1-2 Years
E01460,2023,4.3,76.0,4.1,High,Outstanding,Not Ready
E01460,2024,4.4,88.2,4.8,Medium,Outstanding,Not Ready
E01460,2025,3.8,100.2,3.3,Low,Meets,Ready 1-2 Years
E01460,2026,4.1,91.0,4.3,Medium,Outstanding,Not Ready
E01461,2023,4.0,82.1,4.3,High,Exceeds,Ready Now
E01461,2024,4.0,93.3,3.7,Medium,Meets,Ready 1-2 Years
E01461,2025,4.0,79.5,3.9,Medium,Meets,Ready 1-2 Years
E01461,2026,3.9,92.5,3.3,Medium,Outstanding,Ready Now
E01462,2022,3.9,90.5,4.6,Medium,Meets,Not Ready
E01462,2023,3.8,101.3,4.3,Medium,Meets,Ready Now
E01463,2022,2.7,78.0,3.2,High,Meets,Not Ready
E01463,2023,3.2,81.8,3.5,Medium,Partially Meets,Ready 1-2 Years
E01463,2024,3.6,88.6,3.5,High,Outstanding,Not Ready
E01463,2025,3.3,97.0,3.8,Medium,Meets,Ready 1-2 Years
E01463,2026,2.5,87.6,3.0,Medium,Outstanding,Not Ready
E01464,2022,1.9,67.6,1.7,Low,Outstanding,Ready Now
E01464,2023,2.6,87.8,2.5,Low,Outstanding,Ready Now
E01464,2024,2.3,92.3,2.0,Low,Outstanding,Ready 1-2 Years
E01464,2025,1.8,77.5,2.1,Medium,Partially Meets,Ready 1-2 Years
E01464,2026,2.9,72.4,2.6,Low,Meets,Not Ready
E01465,2025,3.5,86.5,3.3,High,Meets,Not Ready
E01465,2026,3.0,85.8,3.4,Medium,Partially Meets,Not Ready
E01466,2022,3.5,68.1,3.7,Medium,Outstanding,Not Ready
E01466,2023,3.0,79.9,3.2,Medium,Partially Meets,Not Ready
E01466,2024,3.3,83.3,3.5,Medium,Outstanding,Ready 1-2 Years
E01466,2025,2.0,65.6,2.5,Medium,Meets,Ready Now
E01466,2026,3.1,87.3,3.5,Low,Meets,Not Ready
E01467,2025,4.0,72.5,4.1,Medium,Partially Meets,Ready 1-2 Years
E01467,2026,4.4,106.3,4.6,Low,Outstanding,Not Ready
E01468,2022,1.9,81.9,2.4,Medium,Outstanding,Not Ready
E01468,2023,3.0,93.5,3.3,Medium,Exceeds,Ready 1-2 Years
E01468,2024,2.5,91.3,2.6,Medium,Meets,Ready 1-2 Years
E01468,2025,2.4,90.4,2.9,Medium,Partially Meets,Ready Now
E01468,2026,2.3,81.0,2.6,Medium,Meets,Ready 1-2 Years
E01469,2025,2.4,85.8,2.6,Medium,Outstanding,Ready Now
E01469,2026,3.0,94.5,2.8,High,Meets,Ready 1-2 Years
E01470,2022,3.3,87.0,3.5,Medium,Meets,Not Ready
E01470,2023,3.5,80.7,3.5,Medium,Outstanding,Not Ready
E01470,2024,3.3,87.5,3.3,Medium,Partially Meets,Not Ready
E01470,2025,3.1,89.8,3.4,High,Partially Meets,Ready 1-2 Years
E01470,2026,3.2,78.3,3.2,High,Partially Meets,Ready Now
E01471,2023,3.7,78.9,4.1,Medium,Exceeds,Ready Now
E01471,2024,2.8,97.2,3.3,Medium,Outstanding,Not Ready
E01471,2025,3.6,100.4,3.9,Medium,Outstanding,Ready 1-2 Years
E01471,2026,3.6,68.7,3.7,Medium,Meets,Ready 1-2 Years
E01472,2024,3.6,74.1,3.9,Medium,Partially Meets,Not Ready
E01472,2025,3.8,91.4,3.7,High,Outstanding,Not Ready
E01472,2026,4.1,95.1,3.8,High,Meets,Ready 1-2 Years
E01473,2022,2.9,77.6,3.2,Medium,Outstanding,Ready Now
E01473,2023,2.9,67.7,2.8,High,Meets,Not Ready
E01473,2024,2.9,61.3,2.9,Medium,Exceeds,Not Ready
E01473,2025,2.9,83.5,3.4,Medium,Meets,Ready 1-2 Years
E01473,2026,3.4,79.3,3.4,Medium,Meets,Not Ready
E01474,2025,3.0,83.9,3.3,High,Partially Meets,Not Ready
E01474,2026,3.8,85.5,3.6,Low,Exceeds,Ready Now
E01475,2022,3.2,78.6,2.7,Medium,Meets,Ready Now
E01475,2023,3.5,83.5,3.4,High,Meets,Not Ready
E01475,2024,2.9,77.6,3.1,High,Outstanding,Ready 1-2 Years
E01475,2025,4.4,98.6,4.4,High,Outstanding,Ready Now
E01475,2026,3.1,75.0,3.6,Medium,Partially Meets,Ready 1-2 Years
E01476,2022,2.4,90.2,2.1,High,Meets,Ready 1-2 Years
E01476,2023,3.2,78.6,2.8,Medium,Meets,Ready Now
E01476,2024,3.4,101.6,3.6,Low,Partially Meets,Ready 1-2 Years
E01476,2025,3.0,71.2,3.5,Medium,Outstanding,Ready 1-2 Years
E01476,2026,2.8,90.1,2.9,Medium,Exceeds,Ready 1-2 Years
E01477,2022,3.0,72.2,2.5,Low,Meets,Not Ready
E01477,2023,3.4,74.0,3.9,Low,Exceeds,Ready Now
E01477,2024,3.2,75.0,3.2,Medium,Meets,Ready Now
E01477,2025,2.7,75.3,2.9,Medium,Outstanding,Ready Now
E01477,2026,3.5,98.6,3.1,High,Partially Meets,Ready Now
E01478,2022,3.3,82.1,3.5,High,Outstanding,Ready Now
E01479,2022,4.3,96.6,4.3,Medium,Meets,Ready 1-2 Years
E01479,2023,3.4,82.0,3.7,Low,Meets,Ready 1-2 Years
E01479,2024,3.2,87.6,2.4,Low,Exceeds,Ready Now
E01479,2025,3.1,87.4,3.2,Medium,Exceeds,Ready 1-2 Years
E01479,2026,3.6,115.8,4.0,Medium,Exceeds,Ready Now
E01480,2022,2.4,101.7,2.7,Medium,Exceeds,Not Ready
E01480,2023,2.7,89.1,2.8,Medium,Meets,Ready Now
E01480,2024,3.6,66.4,3.3,Medium,Outstanding,Not Ready
E01480,2025,3.2,75.8,2.8,Medium,Meets,Ready 1-2 Years
E01480,2026,3.2,89.3,3.0,High,Meets,Ready Now
E01481,2024,2.5,78.4,2.7,Low,Meets,Ready 1-2 Years
E01481,2025,2.5,95.1,2.5,Low,Meets,Not Ready
E01481,2026,2.0,74.7,2.0,Medium,Outstanding,Not Ready
E01482,2022,3.4,93.1,2.6,Medium,Meets,Ready Now
E01482,2023,3.4,83.5,3.8,Medium,Meets,Ready Now
E01482,2024,3.4,96.5,2.7,Medium,Meets,Ready 1-2 Years
E01482,2025,3.1,86.4,2.8,Medium,Meets,Ready Now
E01483,2023,3.5,68.1,3.7,Medium,Partially Meets,Ready 1-2 Years
E01483,2024,3.6,87.0,3.6,Medium,Meets,Not Ready
E01483,2025,4.0,82.7,4.3,High,Partially Meets,Not Ready
E01484,2026,4.4,108.9,4.3,Medium,Meets,Not Ready
E01485,2022,3.7,87.2,3.4,Low,Meets,Ready Now
E01485,2023,3.7,89.3,3.3,Medium,Meets,Ready Now
E01485,2024,3.9,88.8,4.6,Medium,Outstanding,Ready 1-2 Years
E01485,2025,4.0,101.7,3.6,High,Exceeds,Ready Now
E01485,2026,3.6,85.9,3.8,Low,Exceeds,Ready Now
E01486,2022,4.9,95.0,5.0,Low,Outstanding,Not Ready
E01487,2023,3.5,71.6,3.6,High,Partially Meets,Not Ready
E01487,2024,3.6,98.6,3.7,High,Exceeds,Ready 1-2 Years
E01487,2025,3.4,95.4,3.6,Medium,Meets,Ready Now
E01487,2026,4.0,80.8,3.5,Low,Partially Meets,Ready 1-2 Years
E01488,2026,2.5,82.3,2.6,Low,Outstanding,Not Ready
E01489,2022,3.0,77.1,3.3,Medium,Meets,Not Ready
E01489,2023,3.1,96.0,3.0,Low,Meets,Ready 1-2 Years
E01489,2024,3.0,82.7,3.0,Medium,Meets,Not Ready
E01489,2025,2.8,82.6,3.3,High,Exceeds,Not Ready
E01489,2026,2.8,88.1,2.4,Medium,Partially Meets,Ready Now
E01490,2023,4.1,69.6,4.0,Medium,Meets,Ready Now
E01490,2024,3.7,100.6,3.8,Low,Partially Meets,Ready Now
E01490,2025,3.1,85.3,2.8,Low,Meets,Not Ready
E01490,2026,4.0,93.1,4.0,Medium,Partially Meets,Ready Now
E01491,2022,3.1,82.8,3.4,Medium,Meets,Ready 1-2 Years
E01491,2023,3.5,93.8,3.3,Low,Meets,Ready Now
E01491,2024,3.3,86.7,3.5,Medium,Outstanding,Ready Now
E01491,2025,1.9,81.8,1.8,Medium,Outstanding,Not Ready
E01491,2026,2.8,90.2,3.3,Low,Outstanding,Ready 1-2 Years
E01492,2026,4.4,105.7,4.8,High,Meets,Not Ready
E01493,2024,3.8,78.5,4.3,Medium,Partially Meets,Ready Now
E01493,2025,3.7,98.2,4.1,Medium,Partially Meets,Ready Now
E01493,2026,3.4,77.1,3.6,Low,Meets,Not Ready
E01494,2026,1.7,67.4,1.8,Medium,Meets,Ready 1-2 Years
E01496,2022,3.6,89.7,3.8,Medium,Meets,Ready Now
E01496,2023,2.8,91.5,2.5,Medium,Exceeds,Ready Now
E01496,2024,2.7,74.3,3.1,Medium,Meets,Ready Now
E01496,2025,2.4,79.6,1.9,Medium,Meets,Ready Now
E01496,2026,2.6,89.3,2.4,Medium,Partially Meets,Ready Now
E01497,2022,3.2,81.4,3.4,Medium,Exceeds,Not Ready
E01497,2023,2.8,90.4,3.0,Low,Partially Meets,Not Ready
E01497,2024,2.7,79.4,2.8,High,Meets,Not Ready
E01497,2025,3.5,80.0,3.7,Low,Meets,Not Ready
E01497,2026,3.3,91.0,3.6,Medium,Exceeds,Not Ready
E01498,2025,3.1,103.2,3.1,Medium,Meets,Not Ready
E01498,2026,4.2,95.3,4.3,Medium,Meets,Ready 1-2 Years
E01499,2023,4.9,103.5,4.7,Low,Meets,Not Ready
E01499,2024,4.0,85.4,4.1,Medium,Partially Meets,Not Ready
E01499,2025,4.4,94.1,4.4,Medium,Meets,Not Ready
E01499,2026,4.0,87.0,3.9,Medium,Partially Meets,Ready Now
E01500,2026,3.5,105.6,4.1,High,Partially Meets,Ready 1-2 Years
E01502,2024,3.4,95.5,3.4,Medium,Exceeds,Ready Now
E01502,2025,3.7,81.3,3.6,Medium,Meets,Ready 1-2 Years
E01502,2026,3.6,83.0,3.3,Low,Partially Meets,Not Ready
E01503,2024,3.0,65.9,3.0,Low,Meets,Ready 1-2 Years
E01503,2025,3.0,82.9,3.0,Medium,Partially Meets,Ready Now
E01503,2026,3.1,87.5,2.6,Low,Partially Meets,Not Ready
E01504,2023,3.4,80.9,2.8,Medium,Meets,Ready Now
E01505,2022,5.0,99.2,4.5,Low,Outstanding,Ready Now
E01505,2023,5.0,103.8,5.0,High,Meets,Ready Now
E01505,2024,5.0,91.6,4.8,Medium,Meets,Not Ready
E01505,2025,4.3,97.6,4.4,Low,Meets,Ready Now
E01505,2026,5.0,84.3,5.0,Medium,Outstanding,Ready Now
E01506,2026,4.2,74.5,4.5,Medium,Partially Meets,Ready Now
E01507,2022,3.9,81.8,3.7,Low,Exceeds,Ready 1-2 Years
E01507,2023,4.6,83.2,4.8,Low,Partially Meets,Ready 1-2 Years
E01507,2024,5.0,96.7,5.0,Medium,Exceeds,Ready Now
E01507,2025,4.8,111.5,5.0,High,Meets,Not Ready
E01507,2026,4.4,102.9,4.0,Medium,Meets,Not Ready
E01508,2023,4.2,92.9,4.2,Medium,Exceeds,Not Ready
E01508,2024,4.1,88.3,3.7,Medium,Partially Meets,Ready Now
E01508,2025,4.5,77.5,4.6,Medium,Exceeds,Ready Now
E01508,2026,4.2,80.6,4.0,Low,Outstanding,Ready Now
E01509,2022,4.2,88.8,4.2,High,Outstanding,Not Ready
E01509,2023,4.3,72.2,3.9,Medium,Meets,Not Ready
E01513,2024,4.5,77.5,4.3,Low,Partially Meets,Ready Now
E01513,2025,3.8,78.4,4.0,Medium,Partially Meets,Not Ready
E01513,2026,3.3,78.8,3.5,Medium,Outstanding,Ready Now
E01514,2025,3.7,91.5,3.7,Medium,Meets,Ready 1-2 Years
E01514,2026,4.0,85.1,4.1,Medium,Meets,Ready Now
E01515,2024,2.0,74.9,1.5,Medium,Outstanding,Ready Now
E01515,2025,1.9,68.9,1.8,High,Outstanding,Ready Now
E01515,2026,2.0,70.4,1.3,Medium,Outstanding,Not Ready
E01516,2025,3.1,76.9,3.4,Medium,Meets,Not Ready
E01516,2026,3.3,86.6,2.8,High,Meets,Ready Now
E01517,2025,3.1,86.5,3.0,Medium,Exceeds,Ready Now
E01517,2026,2.5,73.9,2.1,Low,Partially Meets,Not Ready
E01518,2025,2.6,86.6,2.6,Low,Partially Meets,Ready Now
E01518,2026,3.2,84.8,3.1,Medium,Meets,Not Ready
E01519,2023,2.4,88.2,2.6,Medium,Partially Meets,Ready 1-2 Years
E01519,2024,2.2,73.0,2.4,Medium,Outstanding,Ready 1-2 Years
E01519,2025,2.6,77.9,2.5,Low,Partially Meets,Not Ready
E01519,2026,3.3,91.5,3.8,High,Outstanding,Ready Now
E01520,2026,4.2,88.2,3.7,Low,Meets,Ready 1-2 Years
E01521,2023,3.4,77.8,3.2,High,Exceeds,Ready 1-2 Years
E01522,2022,2.4,70.2,2.7,Medium,Meets,Ready Now
E01522,2023,2.5,88.7,2.5,High,Outstanding,Not Ready
E01522,2024,2.6,90.4,2.7,High,Outstanding,Ready Now
E01523,2023,3.3,92.0,3.4,Medium,Partially Meets,Ready Now
E01523,2024,2.8,73.7,3.3,Low,Meets,Not Ready
E01523,2025,3.1,93.1,3.2,Medium,Exceeds,Not Ready
E01523,2026,3.3,77.4,3.6,Low,Meets,Not Ready
E01524,2026,3.2,86.8,3.3,Medium,Exceeds,Ready Now
E01525,2022,3.6,76.7,3.7,Medium,Meets,Ready 1-2 Years
E01525,2023,3.7,89.2,3.6,High,Partially Meets,Ready 1-2 Years
E01525,2024,3.5,83.1,3.3,High,Partially Meets,Not Ready
E01525,2025,4.0,84.6,4.0,Medium,Meets,Ready Now
E01525,2026,3.8,103.9,3.7,Medium,Meets,Ready 1-2 Years
E01526,2022,2.9,83.2,3.1,Medium,Meets,Not Ready
E01526,2023,2.4,94.1,2.3,Medium,Exceeds,Not Ready
E01526,2024,2.8,94.6,3.2,High,Exceeds,Ready 1-2 Years
E01526,2025,3.5,108.5,3.8,Medium,Exceeds,Ready Now
E01526,2026,3.1,73.7,2.9,Medium,Meets,Ready 1-2 Years
E01528,2022,2.3,74.8,2.2,Low,Exceeds,Ready Now
E01528,2023,2.1,77.5,2.3,High,Outstanding,Ready Now
E01528,2024,2.1,89.6,2.2,Medium,Outstanding,Ready Now
E01528,2025,2.5,97.9,2.5,Low,Partially Meets,Ready Now
E01528,2026,3.3,75.0,3.3,Medium,Meets,Not Ready
E01529,2022,3.2,64.2,2.8,High,Meets,Not Ready
E01529,2023,3.3,67.9,2.9,Low,Meets,Ready 1-2 Years
E01529,2024,3.9,94.1,3.9,High,Meets,Ready Now
E01529,2025,3.9,97.7,3.5,Low,Partially Meets,Ready 1-2 Years
E01529,2026,4.3,86.2,4.5,Medium,Meets,Ready Now
E01530,2025,3.5,77.9,3.3,Low,Meets,Ready 1-2 Years
E01530,2026,3.1,87.2,3.5,Medium,Exceeds,Not Ready
E01531,2022,3.1,76.7,3.2,Medium,Meets,Ready 1-2 Years
E01531,2023,2.5,49.4,2.9,Medium,Meets,Ready 1-2 Years
E01531,2024,2.0,79.5,1.3,Medium,Exceeds,Ready Now
E01531,2025,2.9,99.1,3.1,Low,Meets,Ready Now
E01531,2026,3.0,73.4,2.8,Medium,Partially Meets,Ready 1-2 Years
E01532,2022,3.4,93.3,3.7,High,Meets,Not Ready
E01532,2023,3.1,80.9,3.2,Medium,Meets,Not Ready
E01532,2024,3.5,74.8,3.6,Low,Exceeds,Ready 1-2 Years
E01532,2025,2.7,77.9,2.6,Low,Meets,Ready Now
E01532,2026,3.4,73.5,3.4,Medium,Outstanding,Ready 1-2 Years
E01533,2026,2.0,77.4,1.7,Medium,Meets,Not Ready
E01535,2024,4.8,90.5,4.9,Medium,Outstanding,Ready Now
E01537,2023,2.5,77.5,3.1,Low,Meets,Not Ready
E01537,2024,2.5,91.1,2.3,Medium,Exceeds,Ready Now
E01537,2025,3.4,92.9,3.8,Medium,Partially Meets,Ready 1-2 Years
E01537,2026,3.1,104.5,3.0,High,Meets,Not Ready
E01538,2024,3.3,91.9,3.1,Medium,Meets,Ready 1-2 Years
E01538,2025,3.3,70.5,3.3,Medium,Exceeds,Not Ready
E01538,2026,3.3,95.3,3.4,High,Partially Meets,Ready 1-2 Years
E01539,2024,4.0,76.5,4.1,Medium,Meets,Not Ready
E01539,2025,3.6,87.2,3.6,Medium,Partially Meets,Ready 1-2 Years
E01539,2026,3.1,76.3,2.8,Medium,Meets,Ready 1-2 Years
E01540,2022,3.5,99.6,3.6,Medium,Meets,Ready 1-2 Years
E01540,2023,3.9,89.7,4.1,Medium,Exceeds,Not Ready
E01540,2024,3.7,74.0,3.8,High,Outstanding,Not Ready
E01540,2025,3.7,79.3,3.8,Medium,Partially Meets,Not Ready
E01540,2026,4.3,99.0,4.3,Medium,Meets,Not Ready
E01541,2022,3.5,80.2,3.6,Medium,Meets,Ready 1-2 Years
E01541,2023,3.9,98.1,3.9,Low,Outstanding,Ready 1-2 Years
E01541,2024,3.5,89.6,3.7,Medium,Meets,Ready Now
E01541,2025,3.4,89.5,4.0,Medium,Meets,Ready Now
E01541,2026,2.6,88.8,2.9,Low,Meets,Ready 1-2 Years
E01542,2022,3.6,68.2,3.9,Medium,Meets,Ready 1-2 Years
E01542,2023,3.8,65.6,3.6,Low,Exceeds,Ready Now
E01542,2024,4.6,90.6,4.1,Medium,Partially Meets,Ready 1-2 Years
E01542,2025,3.9,106.9,4.2,High,Exceeds,Ready Now
E01542,2026,3.9,76.4,4.1,High,Meets,Ready Now
E01543,2022,3.7,88.3,3.6,Medium,Exceeds,Ready Now
E01543,2023,3.7,96.5,3.8,Medium,Meets,Not Ready
E01543,2024,3.7,92.7,3.7,Low,Outstanding,Ready 1-2 Years
E01543,2025,3.6,82.6,3.7,Medium,Meets,Ready 1-2 Years
E01543,2026,3.6,92.0,3.5,Medium,Meets,Not Ready
E01544,2026,3.7,79.4,3.8,Medium,Meets,Not Ready
E01545,2023,3.4,99.9,2.6,Medium,Outstanding,Ready 1-2 Years
E01545,2024,3.1,79.3,2.9,Medium,Partially Meets,Not Ready
E01546,2022,3.4,91.1,3.6,Medium,Meets,Ready 1-2 Years
E01546,2023,3.0,78.3,2.7,Medium,Outstanding,Ready 1-2 Years
E01546,2024,3.0,79.4,2.9,Medium,Partially Meets,Ready Now
E01546,2025,2.7,71.1,3.0,Low,Meets,Ready 1-2 Years
E01546,2026,3.1,73.6,2.9,Medium,Meets,Not Ready
E01548,2022,1.8,78.3,1.7,Low,Meets,Not Ready
E01548,2023,2.8,83.2,2.8,Medium,Meets,Not Ready
E01548,2024,2.5,84.7,2.2,Low,Partially Meets,Ready Now
E01548,2025,2.7,80.3,3.0,Medium,Partially Meets,Not Ready
E01548,2026,1.6,86.0,1.6,Medium,Meets,Not Ready
E01549,2023,4.4,83.3,4.1,Medium,Meets,Ready Now
E01549,2024,3.6,67.0,4.1,Medium,Partially Meets,Ready Now
E01549,2025,4.1,82.8,4.4,High,Partially Meets,Ready Now
E01549,2026,4.0,71.3,4.4,Low,Meets,Ready 1-2 Years
E01550,2026,2.9,91.7,2.6,Low,Meets,Ready Now
E01551,2023,3.9,97.7,3.8,Medium,Outstanding,Ready Now
E01552,2022,3.7,73.6,3.8,High,Meets,Ready Now
E01552,2023,3.9,88.9,4.1,Medium,Exceeds,Ready Now
E01552,2024,3.9,98.1,4.3,High,Meets,Not Ready
E01552,2025,3.3,84.7,3.0,Low,Exceeds,Ready Now
E01552,2026,3.2,82.6,3.2,Medium,Exceeds,Ready 1-2 Years
E01553,2022,2.9,64.8,2.5,Medium,Meets,Ready Now
E01553,2023,2.8,86.1,3.1,Low,Outstanding,Ready 1-2 Years
E01553,2024,2.2,83.9,1.8,Medium,Meets,Ready 1-2 Years
E01553,2025,3.1,93.8,3.3,Medium,Outstanding,Ready 1-2 Years
E01553,2026,2.4,86.1,2.4,Medium,Exceeds,Ready Now
E01554,2023,2.2,77.9,2.4,Medium,Outstanding,Ready 1-2 Years
E01554,2024,2.4,88.6,2.8,Low,Meets,Ready Now
E01554,2025,2.7,85.5,2.8,High,Exceeds,Ready Now
E01554,2026,2.5,82.3,2.4,High,Outstanding,Not Ready
E01556,2022,3.7,76.6,3.9,Low,Exceeds,Not Ready
E01556,2023,4.0,87.3,4.0,Medium,Exceeds,Ready 1-2 Years
E01556,2024,3.2,82.2,3.5,Low,Meets,Not Ready
E01556,2025,3.4,109.7,3.7,Medium,Meets,Ready 1-2 Years
E01556,2026,3.9,82.0,3.9,Medium,Partially Meets,Not Ready
E01557,2022,3.4,87.4,3.6,Low,Meets,Not Ready
E01557,2023,3.3,86.8,3.7,Medium,Meets,Ready 1-2 Years
E01557,2024,3.4,101.5,3.5,Low,Meets,Not Ready
E01557,2025,3.0,90.5,3.3,Medium,Outstanding,Ready 1-2 Years
E01557,2026,3.4,88.3,3.8,Low,Meets,Not Ready
E01558,2023,4.3,90.0,4.3,Low,Outstanding,Not Ready
E01558,2024,4.7,87.4,4.6,Medium,Meets,Not Ready
E01558,2025,4.5,87.6,4.1,Low,Exceeds,Ready 1-2 Years
E01558,2026,5.0,108.4,5.0,Low,Meets,Ready 1-2 Years
E01559,2025,3.2,74.8,3.1,Medium,Meets,Ready 1-2 Years
E01559,2026,3.1,74.9,2.8,Medium,Exceeds,Ready Now
E01560,2022,4.1,101.2,4.1,Medium,Exceeds,Not Ready
E01560,2023,3.4,89.0,3.7,High,Partially Meets,Ready Now
E01560,2024,4.3,73.0,4.1,Medium,Meets,Ready Now
E01561,2022,2.7,75.6,3.1,Low,Outstanding,Ready 1-2 Years
E01561,2023,3.1,83.8,3.4,Medium,Meets,Not Ready
E01561,2024,3.9,100.1,3.8,Medium,Partially Meets,Ready Now
E01561,2025,2.7,84.4,2.9,Low,Outstanding,Not Ready
E01561,2026,3.5,71.5,3.7,Medium,Meets,Not Ready
E01562,2023,2.6,74.3,2.5,Low,Meets,Ready Now
E01562,2024,2.7,80.9,2.6,High,Exceeds,Not Ready
E01562,2025,2.7,79.3,3.0,Medium,Partially Meets,Ready Now
E01562,2026,2.3,79.8,2.6,Medium,Exceeds,Ready 1-2 Years
E01563,2024,3.9,70.2,4.2,Medium,Partially Meets,Ready 1-2 Years
E01563,2025,3.5,103.9,3.3,Medium,Partially Meets,Not Ready
E01563,2026,2.9,76.0,2.6,High,Meets,Ready 1-2 Years
E01564,2022,3.9,88.5,3.2,Low,Outstanding,Ready Now
E01564,2023,4.1,91.7,4.2,Low,Outstanding,Not Ready
E01564,2024,3.7,82.2,3.7,Medium,Meets,Ready Now
E01564,2025,3.6,91.3,3.3,Low,Outstanding,Ready Now
E01564,2026,3.3,65.8,3.8,Medium,Outstanding,Not Ready
E01565,2023,4.5,89.5,4.7,Medium,Meets,Ready 1-2 Years
E01565,2024,4.1,108.1,4.5,Medium,Meets,Ready Now
E01565,2025,4.5,102.7,4.4,Medium,Partially Meets,Ready 1-2 Years
E01565,2026,4.7,99.8,4.3,Low,Meets,Ready Now
E01566,2022,3.9,100.6,4.1,High,Exceeds,Not Ready
E01566,2023,3.7,86.7,3.4,Low,Meets,Not Ready
E01566,2024,3.7,78.0,3.6,High,Outstanding,Ready 1-2 Years
E01566,2025,3.4,98.7,3.0,High,Exceeds,Ready 1-2 Years
E01566,2026,3.4,82.0,3.8,High,Meets,Ready Now
E01567,2022,3.2,92.7,3.4,Medium,Meets,Ready 1-2 Years
E01567,2023,3.2,78.9,3.2,Low,Exceeds,Not Ready
E01567,2024,3.2,70.4,3.3,Low,Partially Meets,Ready Now
E01567,2025,3.2,79.9,2.9,Medium,Partially Meets,Ready Now
E01568,2022,1.4,71.4,1.8,Medium,Meets,Not Ready
E01568,2023,2.7,74.8,2.8,Medium,Meets,Not Ready
E01568,2024,2.0,63.8,2.0,Medium,Meets,Not Ready
E01568,2025,2.5,82.1,2.6,Medium,Meets,Not Ready
E01568,2026,2.2,79.5,1.8,Medium,Partially Meets,Ready 1-2 Years
E01569,2022,4.4,94.9,4.4,Medium,Exceeds,Ready 1-2 Years
E01569,2023,3.7,83.4,3.9,Medium,Outstanding,Ready 1-2 Years
E01569,2024,3.8,93.7,3.8,Low,Exceeds,Ready Now
E01569,2025,4.8,95.2,4.6,Low,Meets,Ready 1-2 Years
E01569,2026,4.5,88.0,4.7,Medium,Exceeds,Ready 1-2 Years
E01570,2023,2.6,88.7,2.7,Medium,Exceeds,Not Ready
E01570,2024,3.1,77.5,2.9,Low,Partially Meets,Ready 1-2 Years
E01570,2025,3.1,103.2,3.0,Low,Exceeds,Ready Now
E01570,2026,2.5,61.0,2.8,High,Outstanding,Ready 1-2 Years
E01571,2022,2.7,68.9,3.1,Medium,Partially Meets,Ready 1-2 Years
E01571,2023,2.5,67.7,2.3,High,Partially Meets,Not Ready
E01571,2024,3.4,88.1,4.0,Medium,Outstanding,Ready Now
E01571,2025,2.8,65.0,2.7,Medium,Partially Meets,Ready 1-2 Years
E01571,2026,2.3,67.8,3.0,High,Exceeds,Ready 1-2 Years
E01572,2024,3.8,106.4,4.2,Medium,Meets,Ready Now
E01572,2025,3.6,81.5,3.7,Low,Meets,Not Ready
E01572,2026,3.8,94.7,3.8,Medium,Exceeds,Ready 1-2 Years
E01573,2024,2.2,73.8,2.1,Low,Outstanding,Ready 1-2 Years
E01574,2022,1.8,87.1,2.1,Medium,Partially Meets,Ready 1-2 Years
E01574,2023,2.1,65.0,2.5,Medium,Partially Meets,Not Ready
E01574,2024,2.2,68.6,2.3,Low,Exceeds,Ready Now
E01574,2025,2.1,64.0,2.0,Medium,Partially Meets,Ready Now
E01574,2026,2.3,78.3,1.7,High,Meets,Ready 1-2 Years
E01575,2023,3.5,98.1,3.7,Medium,Meets,Not Ready
E01575,2024,2.5,58.7,2.2,Medium,Meets,Ready Now
E01575,2025,2.9,89.5,3.1,Low,Meets,Not Ready
E01575,2026,2.8,89.8,3.0,Medium,Exceeds,Not Ready
E01576,2024,3.7,76.6,3.7,Medium,Exceeds,Not Ready
E01576,2025,3.8,84.5,4.0,Medium,Meets,Ready Now
E01576,2026,3.1,85.3,2.9,Medium,Meets,Not Ready
E01578,2022,4.2,112.5,4.1,Low,Partially Meets,Ready 1-2 Years
E01578,2023,4.3,105.7,4.3,Low,Meets,Ready Now
E01578,2024,3.9,92.6,4.4,Low,Meets,Not Ready
E01578,2025,3.7,83.4,4.1,Medium,Outstanding,Ready 1-2 Years
E01578,2026,3.6,67.9,3.7,Medium,Exceeds,Not Ready
E01579,2022,4.3,111.0,4.3,Medium,Outstanding,Ready 1-2 Years
E01579,2023,4.5,83.7,4.1,Medium,Partially Meets,Ready 1-2 Years
E01579,2024,3.5,61.9,3.8,Medium,Meets,Not Ready
E01579,2025,3.9,87.7,4.1,Medium,Partially Meets,Ready Now
E01579,2026,4.8,89.3,4.9,Medium,Outstanding,Not Ready
E01580,2025,4.0,93.6,4.2,Medium,Exceeds,Ready Now
E01580,2026,4.0,91.9,4.4,Low,Exceeds,Ready 1-2 Years
E01581,2022,3.5,88.4,3.4,Medium,Meets,Ready Now
E01581,2023,3.3,83.0,3.3,Low,Partially Meets,Ready 1-2 Years
E01581,2024,3.8,78.5,4.0,Medium,Outstanding,Ready Now
E01581,2025,3.6,93.4,3.7,Low,Partially Meets,Not Ready
E01581,2026,3.3,64.8,2.9,High,Exceeds,Not Ready
E01582,2024,2.9,81.2,2.8,Medium,Partially Meets,Ready Now
E01582,2025,3.2,106.7,3.5,Medium,Meets,Ready Now
E01582,2026,2.9,54.7,2.0,Medium,Exceeds,Ready 1-2 Years
E01583,2026,3.7,97.2,4.1,Medium,Partially Meets,Ready Now
E01584,2022,1.4,75.9,1.7,Medium,Partially Meets,Not Ready
E01584,2023,1.9,77.0,2.3,Low,Meets,Ready Now
E01584,2024,1.8,73.3,2.3,Medium,Meets,Not Ready
E01584,2025,2.1,77.8,2.2,Low,Outstanding,Not Ready
E01584,2026,2.0,72.8,2.2,High,Partially Meets,Ready Now
E01585,2022,3.3,89.3,3.5,High,Exceeds,Ready Now
E01585,2023,2.6,81.2,2.9,Medium,Outstanding,Ready Now
E01585,2024,3.2,63.3,3.2,Medium,Exceeds,Ready 1-2 Years
E01585,2025,3.2,86.1,2.9,Medium,Exceeds,Ready Now
E01585,2026,3.2,77.0,3.2,Medium,Outstanding,Not Ready
E01586,2022,2.7,68.4,3.0,Medium,Meets,Not Ready
E01586,2023,2.1,81.2,2.5,Medium,Outstanding,Ready Now
E01586,2024,2.6,80.9,2.9,High,Exceeds,Ready Now
E01586,2025,2.7,78.7,2.6,Low,Exceeds,Ready 1-2 Years
E01586,2026,2.7,78.9,2.4,Medium,Exceeds,Ready Now
E01587,2022,4.1,85.7,3.9,High,Partially Meets,Ready 1-2 Years
E01587,2023,3.5,84.1,3.2,Medium,Outstanding,Not Ready
E01587,2024,3.5,79.0,2.8,High,Outstanding,Ready 1-2 Years
E01587,2025,3.8,97.8,3.9,Medium,Partially Meets,Ready Now
E01587,2026,3.8,82.1,3.9,Medium,Exceeds,Ready Now
E01588,2022,3.8,95.1,4.3,High,Exceeds,Ready Now
E01588,2023,4.1,100.3,4.4,Medium,Outstanding,Not Ready
E01588,2024,4.3,96.3,3.8,Medium,Partially Meets,Not Ready
E01588,2025,3.7,96.1,3.9,Low,Meets,Ready Now
E01588,2026,3.9,76.1,3.6,High,Exceeds,Not Ready
E01589,2025,3.1,84.8,3.4,Low,Outstanding,Ready Now
E01589,2026,2.3,82.9,2.4,High,Partially Meets,Not Ready
E01590,2025,4.4,91.9,4.3,Medium,Meets,Ready Now
E01590,2026,3.2,72.8,2.9,Low,Exceeds,Not Ready
E01591,2022,3.9,89.8,4.1,Medium,Outstanding,Ready 1-2 Years
E01591,2023,3.7,90.4,4.0,Medium,Outstanding,Ready 1-2 Years
E01591,2024,3.7,82.5,3.7,Medium,Partially Meets,Ready Now
E01591,2025,4.1,80.5,4.0,High,Partially Meets,Ready Now
E01591,2026,3.2,76.3,3.1,High,Outstanding,Ready Now
E01592,2023,2.8,81.5,3.0,High,Outstanding,Not Ready
E01592,2024,3.2,73.4,3.5,Medium,Meets,Not Ready
E01592,2025,3.8,82.8,4.1,Medium,Meets,Ready 1-2 Years
E01592,2026,2.8,89.6,2.6,Medium,Outstanding,Ready 1-2 Years
E01593,2025,3.1,98.7,3.8,Medium,Meets,Ready 1-2 Years
E01593,2026,3.4,89.8,4.0,Medium,Outstanding,Ready Now
E01594,2022,3.3,86.3,3.7,Low,Outstanding,Ready Now
E01594,2023,2.6,78.2,3.3,Low,Partially Meets,Not Ready
E01594,2024,2.6,86.5,2.7,Medium,Meets,Ready Now
E01594,2025,2.6,79.7,2.4,High,Exceeds,Not Ready
E01594,2026,2.5,91.2,2.5,Medium,Meets,Ready Now
E01595,2022,2.3,61.0,2.5,Low,Partially Meets,Ready 1-2 Years
E01595,2023,3.0,81.1,3.2,Medium,Exceeds,Not Ready
E01595,2024,3.0,70.9,2.3,Medium,Exceeds,Ready 1-2 Years
E01595,2025,1.9,63.4,2.0,High,Outstanding,Ready 1-2 Years
E01595,2026,2.7,72.3,2.7,Medium,Exceeds,Ready 1-2 Years
E01596,2022,3.3,77.3,3.5,Medium,Meets,Not Ready
E01596,2023,3.7,90.6,3.8,Medium,Partially Meets,Ready Now
E01596,2024,3.4,78.2,3.7,High,Meets,Not Ready
E01596,2025,4.1,73.2,4.3,High,Outstanding,Ready 1-2 Years
E01596,2026,3.7,101.3,3.5,High,Outstanding,Ready 1-2 Years
E01597,2022,2.7,83.2,3.3,Medium,Partially Meets,Ready 1-2 Years
E01597,2023,3.9,101.9,4.0,Medium,Meets,Ready 1-2 Years
E01597,2024,3.4,97.5,3.8,Low,Meets,Ready Now
E01597,2025,3.1,85.2,2.8,Low,Outstanding,Not Ready
E01597,2026,3.2,68.8,2.8,Low,Exceeds,Ready Now
E01598,2025,3.7,86.7,3.7,High,Meets,Not Ready
E01598,2026,3.3,99.7,2.7,High,Partially Meets,Ready 1-2 Years
E01599,2025,3.9,97.2,3.6,Medium,Partially Meets,Ready 1-2 Years
E01599,2026,3.6,87.4,3.6,Low,Meets,Ready Now
E01600,2022,2.8,74.3,2.8,Medium,Meets,Ready 1-2 Years
E01600,2023,2.8,83.8,2.9,Medium,Outstanding,Ready 1-2 Years
E01600,2024,3.6,69.3,3.7,Medium,Meets,Not Ready
E01600,2025,3.1,87.5,3.2,High,Outstanding,Not Ready
E01600,2026,2.8,73.0,2.7,High,Meets,Ready 1-2 Years
E01601,2022,2.8,73.3,2.9,High,Meets,Ready 1-2 Years
E01601,2023,2.5,75.6,2.8,Low,Partially Meets,Ready Now
E01601,2024,2.3,69.3,2.2,Medium,Meets,Ready 1-2 Years
E01601,2025,2.4,78.4,2.0,Medium,Exceeds,Ready Now
E01601,2026,1.6,70.7,1.3,Medium,Meets,Not Ready
E01602,2022,4.2,94.7,4.2,Medium,Partially Meets,Ready 1-2 Years
E01602,2023,3.4,100.1,3.2,Low,Partially Meets,Ready 1-2 Years
E01602,2024,3.6,68.6,3.6,Medium,Outstanding,Ready 1-2 Years
E01602,2025,3.4,76.3,3.8,Medium,Partially Meets,Ready Now
E01602,2026,3.4,89.9,3.8,Medium,Meets,Ready 1-2 Years
E01603,2022,3.8,94.4,3.2,Low,Meets,Ready 1-2 Years
E01603,2023,3.5,104.8,3.4,Medium,Outstanding,Ready 1-2 Years
E01603,2024,3.2,94.0,3.4,Low,Exceeds,Not Ready
E01603,2025,3.6,83.9,3.5,Medium,Meets,Ready Now
E01603,2026,3.5,90.9,3.7,Medium,Meets,Not Ready
E01604,2026,3.0,80.4,3.1,Medium,Meets,Not Ready
E01605,2022,2.8,77.5,2.4,Medium,Exceeds,Ready 1-2 Years
E01605,2023,3.4,74.8,3.0,Medium,Outstanding,Not Ready
E01605,2024,3.1,73.0,3.6,Medium,Meets,Not Ready
E01605,2025,3.2,71.9,3.3,Medium,Meets,Not Ready
E01605,2026,3.6,81.3,3.5,Medium,Partially Meets,Ready 1-2 Years
E01606,2022,4.7,97.3,5.0,High,Outstanding,Ready 1-2 Years
E01606,2023,3.7,88.5,3.9,Low,Meets,Ready Now
E01606,2024,3.4,92.2,3.4,High,Meets,Not Ready
E01606,2025,4.4,101.9,4.1,Medium,Outstanding,Ready Now
E01606,2026,4.4,76.4,4.5,Medium,Meets,Ready Now
E01608,2022,3.3,74.6,3.9,Medium,Meets,Ready 1-2 Years
E01608,2023,3.7,100.5,3.9,High,Meets,Not Ready
E01608,2024,3.3,75.1,3.6,Low,Partially Meets,Ready Now
E01608,2025,3.2,71.8,2.7,Medium,Exceeds,Ready 1-2 Years
E01608,2026,4.1,101.2,4.4,Medium,Partially Meets,Ready Now
E01610,2026,3.5,84.0,3.6,Medium,Exceeds,Not Ready
E01611,2022,3.1,67.9,3.1,Medium,Exceeds,Not Ready
E01612,2022,3.9,77.1,4.3,Medium,Partially Meets,Ready 1-2 Years
E01612,2023,3.1,86.5,2.7,Low,Exceeds,Ready Now
E01612,2024,3.2,78.9,3.3,Medium,Exceeds,Ready 1-2 Years
E01612,2025,4.1,73.0,4.0,Medium,Outstanding,Not Ready
E01612,2026,3.6,86.1,3.7,Medium,Meets,Ready 1-2 Years
E01613,2025,3.4,105.1,3.7,Medium,Partially Meets,Ready 1-2 Years
E01613,2026,3.5,86.6,3.5,Low,Exceeds,Ready Now
E01614,2022,3.5,72.2,3.5,High,Exceeds,Ready 1-2 Years
E01615,2022,2.3,74.5,1.9,Low,Partially Meets,Not Ready
E01615,2023,2.4,72.5,2.5,Medium,Outstanding,Ready Now
E01615,2024,2.3,79.2,2.5,Medium,Meets,Not Ready
E01615,2025,2.4,61.5,2.8,Low,Meets,Not Ready
E01615,2026,2.5,96.6,2.9,Medium,Meets,Not Ready
E01616,2026,3.8,87.6,3.6,Medium,Meets,Ready 1-2 Years
E01617,2022,4.1,88.5,4.3,High,Meets,Not Ready
E01617,2023,3.9,102.8,4.2,Low,Meets,Not Ready
E01618,2025,3.4,86.1,2.9,High,Meets,Not Ready
E01618,2026,3.3,88.7,3.4,High,Partially Meets,Not Ready
E01619,2022,2.6,92.5,2.6,Medium,Meets,Ready Now
E01619,2023,2.0,70.2,2.1,Medium,Partially Meets,Ready Now
E01619,2024,2.2,73.4,2.3,High,Outstanding,Not Ready
E01619,2025,2.3,63.5,2.5,High,Meets,Ready Now
E01619,2026,2.3,69.9,2.1,Medium,Partially Meets,Ready Now
E01620,2024,3.5,53.1,2.8,Medium,Exceeds,Ready 1-2 Years
E01620,2025,4.0,90.7,3.8,Medium,Partially Meets,Ready 1-2 Years
E01620,2026,4.0,80.7,4.4,Medium,Partially Meets,Ready 1-2 Years
E01621,2022,3.2,103.6,3.2,High,Meets,Not Ready
E01621,2023,3.5,82.3,2.9,Medium,Partially Meets,Not Ready
E01621,2024,3.2,81.9,3.1,Medium,Partially Meets,Ready Now
E01621,2025,2.9,96.9,2.8,Medium,Outstanding,Ready Now
E01621,2026,2.8,82.0,3.2,Medium,Outstanding,Ready Now
E01622,2024,4.6,83.2,4.4,Medium,Meets,Ready 1-2 Years
E01622,2025,4.2,96.7,3.5,Low,Outstanding,Ready Now
E01622,2026,4.1,94.3,4.1,Medium,Partially Meets,Ready Now
E01623,2022,1.9,84.1,1.9,Medium,Outstanding,Ready 1-2 Years
E01623,2023,2.1,92.5,2.1,High,Meets,Ready Now
E01623,2024,1.8,81.8,1.8,High,Exceeds,Ready Now
E01623,2025,1.9,71.2,1.8,Low,Exceeds,Ready Now
E01623,2026,2.3,84.3,2.5,High,Meets,Ready 1-2 Years
E01624,2026,3.7,106.2,4.1,Medium,Meets,Ready Now
E01625,2022,4.3,95.3,4.4,High,Exceeds,Not Ready
E01625,2023,4.1,88.5,4.0,Medium,Exceeds,Ready 1-2 Years
E01625,2024,3.6,81.2,3.3,High,Exceeds,Not Ready
E01625,2025,4.4,90.9,4.6,Medium,Exceeds,Not Ready
E01625,2026,4.7,89.7,4.6,Medium,Exceeds,Ready Now
E01626,2022,2.6,81.2,2.7,Medium,Exceeds,Ready 1-2 Years
E01626,2023,2.9,77.6,3.2,High,Partially Meets,Ready 1-2 Years
E01626,2024,3.1,85.3,3.5,Low,Outstanding,Not Ready
E01626,2025,2.5,91.8,2.4,High,Partially Meets,Ready Now
E01626,2026,3.1,83.1,3.9,Medium,Meets,Not Ready
E01627,2022,2.4,75.9,2.5,Medium,Outstanding,Ready 1-2 Years
E01627,2023,3.4,77.8,3.7,High,Partially Meets,Not Ready
E01627,2024,3.2,93.5,3.4,Medium,Meets,Ready Now
E01627,2025,2.7,77.6,2.4,Medium,Partially Meets,Ready Now
E01627,2026,3.1,100.9,2.6,Medium,Outstanding,Ready Now
E01628,2023,3.1,78.5,3.2,Medium,Exceeds,Ready 1-2 Years
E01628,2024,2.9,88.4,2.9,Medium,Outstanding,Ready 1-2 Years
E01628,2025,3.3,70.1,3.5,Low,Outstanding,Ready Now
E01628,2026,3.6,90.9,3.9,Medium,Meets,Not Ready
E01629,2022,4.2,97.8,4.5,Medium,Exceeds,Ready 1-2 Years
E01629,2023,4.4,96.0,4.4,Low,Partially Meets,Ready 1-2 Years
E01629,2024,3.7,81.1,4.0,Medium,Partially Meets,Ready 1-2 Years
E01629,2025,4.3,92.6,4.1,Low,Exceeds,Ready Now
E01629,2026,3.8,100.5,3.3,Medium,Meets,Not Ready
E01630,2022,1.6,60.9,1.4,High,Outstanding,Ready 1-2 Years
E01630,2023,2.6,63.9,2.3,Medium,Outstanding,Ready Now
E01630,2024,2.0,79.9,2.0,Low,Partially Meets,Not Ready
E01630,2025,2.1,67.1,2.1,High,Partially Meets,Ready 1-2 Years
E01630,2026,2.0,86.9,2.1,Medium,Meets,Ready Now
E01631,2022,2.0,65.8,1.6,Low,Outstanding,Ready 1-2 Years
E01631,2023,2.6,76.8,2.7,Medium,Exceeds,Ready Now
E01631,2024,2.1,79.1,2.2,Medium,Meets,Not Ready
E01631,2025,1.7,80.8,1.7,Medium,Exceeds,Ready Now
E01631,2026,2.9,94.3,2.9,Medium,Meets,Not Ready
E01632,2022,2.7,87.8,2.5,High,Partially Meets,Not Ready
E01632,2023,3.1,80.4,3.1,Low,Exceeds,Ready Now
E01632,2024,2.9,89.8,3.0,Medium,Partially Meets,Ready 1-2 Years
E01633,2025,4.0,91.2,4.1,Low,Partially Meets,Ready 1-2 Years
E01633,2026,4.3,106.9,4.0,Medium,Meets,Ready Now
E01634,2025,2.0,78.7,2.0,Low,Partially Meets,Ready Now
E01634,2026,2.0,97.3,1.9,Medium,Meets,Ready 1-2 Years
E01635,2023,3.4,87.2,3.1,Medium,Exceeds,Ready Now
E01635,2024,3.2,79.1,3.1,High,Exceeds,Ready 1-2 Years
E01635,2025,2.9,98.1,3.4,Medium,Exceeds,Ready 1-2 Years
E01635,2026,3.3,94.4,3.6,Medium,Meets,Not Ready
E01636,2022,3.5,91.4,3.3,Medium,Meets,Not Ready
E01636,2023,4.5,93.1,4.6,Medium,Exceeds,Ready 1-2 Years
E01637,2023,3.5,82.3,3.4,Medium,Exceeds,Not Ready
E01637,2024,2.9,76.4,2.7,Medium,Meets,Ready 1-2 Years
E01637,2025,3.5,85.1,3.6,Medium,Outstanding,Ready 1-2 Years
E01637,2026,2.9,98.6,3.4,Medium,Partially Meets,Not Ready
E01638,2022,2.6,81.1,2.5,Medium,Meets,Ready Now
E01638,2023,2.0,66.3,2.2,Medium,Outstanding,Ready 1-2 Years
E01638,2024,2.3,77.8,2.7,Medium,Meets,Not Ready
E01638,2025,2.6,67.1,3.1,Medium,Meets,Ready 1-2 Years
E01638,2026,2.3,76.9,1.8,Low,Outstanding,Not Ready
E01639,2022,2.9,96.1,3.0,Medium,Partially Meets,Not Ready
E01639,2023,3.3,72.2,3.1,High,Meets,Ready Now
E01639,2024,3.3,103.1,2.9,Medium,Exceeds,Ready 1-2 Years
E01639,2025,2.9,56.7,3.0,Medium,Meets,Not Ready
E01639,2026,3.4,73.1,3.5,Medium,Partially Meets,Ready Now
E01640,2025,3.6,101.5,3.9,Low,Exceeds,Not Ready
E01640,2026,3.0,86.3,3.3,High,Exceeds,Ready 1-2 Years
E01641,2022,2.8,82.6,2.8,Medium,Meets,Not Ready
E01641,2023,2.5,77.2,2.5,Medium,Outstanding,Ready Now
E01641,2024,3.4,102.7,3.2,Medium,Meets,Not Ready
E01641,2025,2.8,70.0,3.3,Medium,Exceeds,Ready Now
E01641,2026,2.7,82.9,3.1,Low,Outstanding,Not Ready
E01642,2022,3.1,86.7,3.6,Low,Outstanding,Not Ready
E01642,2023,2.8,87.3,3.2,High,Outstanding,Ready 1-2 Years
E01642,2024,3.1,81.9,3.0,High,Outstanding,Not Ready
E01642,2025,3.3,87.3,3.0,Low,Meets,Not Ready
E01642,2026,3.3,78.9,3.7,Medium,Meets,Ready 1-2 Years
E01643,2022,4.0,91.5,4.5,Medium,Partially Meets,Not Ready
E01643,2023,3.4,80.5,3.5,Medium,Meets,Ready 1-2 Years
E01643,2024,3.5,86.9,4.0,Low,Meets,Ready Now
E01643,2025,3.6,73.7,3.4,Medium,Exceeds,Ready 1-2 Years
E01643,2026,4.6,105.6,4.6,High,Outstanding,Ready 1-2 Years
E01644,2022,2.5,72.5,2.7,Low,Partially Meets,Not Ready
E01644,2023,3.0,64.3,2.9,Medium,Exceeds,Not Ready
E01644,2024,2.4,71.2,3.1,Medium,Outstanding,Ready 1-2 Years
E01644,2025,3.3,73.9,3.5,Medium,Exceeds,Ready 1-2 Years
E01644,2026,3.1,76.0,2.9,High,Outstanding,Ready Now
E01645,2022,2.0,82.4,2.5,Low,Partially Meets,Ready Now
E01645,2023,2.6,90.7,3.0,Medium,Exceeds,Ready 1-2 Years
E01645,2024,1.3,48.1,1.5,Medium,Meets,Ready 1-2 Years
E01645,2025,1.8,83.3,2.4,Medium,Exceeds,Ready 1-2 Years
E01645,2026,2.2,71.8,1.9,Medium,Meets,Ready 1-2 Years
E01646,2022,2.3,79.7,2.0,High,Exceeds,Ready Now
E01646,2023,2.9,77.9,3.0,Low,Meets,Ready 1-2 Years
E01646,2024,2.0,73.1,1.9,Medium,Partially Meets,Ready Now
E01646,2025,2.5,72.1,2.6,Medium,Exceeds,Ready Now
E01647,2022,2.4,83.5,2.3,High,Partially Meets,Not Ready
E01647,2023,2.7,77.2,2.6,Medium,Exceeds,Ready 1-2 Years
E01647,2024,2.8,72.0,2.3,Medium,Outstanding,Not Ready
E01647,2025,3.7,98.7,4.1,High,Exceeds,Not Ready
E01647,2026,3.5,97.1,3.5,Medium,Exceeds,Ready Now
E01649,2022,3.5,95.8,3.2,Medium,Meets,Ready 1-2 Years
E01649,2023,3.4,109.8,3.1,Low,Meets,Ready 1-2 Years
E01649,2024,3.6,92.4,3.6,Medium,Outstanding,Ready Now
E01649,2025,3.8,75.1,3.7,Medium,Exceeds,Ready 1-2 Years
E01649,2026,4.0,82.6,4.5,Low,Outstanding,Not Ready
E01650,2022,2.9,75.2,3.2,Medium,Partially Meets,Ready 1-2 Years
E01650,2023,4.4,117.8,4.0,Medium,Meets,Ready Now
E01650,2024,3.7,94.1,3.9,Medium,Outstanding,Ready 1-2 Years
E01650,2025,3.4,86.8,3.4,Low,Meets,Not Ready
E01650,2026,3.0,92.2,2.8,Medium,Exceeds,Ready 1-2 Years
E01651,2022,4.0,86.8,4.3,High,Meets,Ready 1-2 Years
E01651,2023,4.3,75.7,4.4,Medium,Exceeds,Not Ready
E01652,2022,2.9,90.9,2.7,Low,Outstanding,Not Ready
E01652,2023,2.5,81.9,2.3,Medium,Meets,Not Ready
E01652,2024,2.8,79.3,2.8,Low,Exceeds,Ready Now
E01652,2025,2.5,94.1,2.9,Medium,Exceeds,Ready Now
E01652,2026,2.9,79.5,2.8,Low,Partially Meets,Ready Now
E01654,2022,4.5,93.4,5.0,Medium,Meets,Not Ready
E01654,2023,3.8,95.1,3.7,Medium,Partially Meets,Ready 1-2 Years
E01654,2024,4.0,98.2,3.3,Low,Partially Meets,Ready 1-2 Years
E01654,2025,4.2,97.5,3.8,Medium,Exceeds,Ready 1-2 Years
E01654,2026,3.9,82.0,4.1,Medium,Meets,Ready Now
E01655,2022,2.6,76.6,2.7,Medium,Meets,Not Ready
E01655,2023,2.5,88.7,2.6,Low,Meets,Ready Now
E01655,2024,2.6,89.8,3.0,High,Meets,Not Ready
E01655,2025,3.4,98.4,3.2,Medium,Meets,Ready Now
E01655,2026,3.3,92.0,3.5,Medium,Outstanding,Ready 1-2 Years
E01656,2022,3.8,100.7,3.4,Medium,Outstanding,Not Ready
E01657,2022,4.3,111.0,4.1,Medium,Exceeds,Not Ready
E01657,2023,3.3,80.0,3.8,Medium,Meets,Ready Now
E01657,2024,4.0,83.5,3.7,Medium,Exceeds,Ready 1-2 Years
E01657,2025,3.7,89.0,3.5,High,Partially Meets,Ready 1-2 Years
E01657,2026,4.2,72.0,4.5,Medium,Partially Meets,Ready Now
E01658,2023,4.7,88.6,4.6,Low,Meets,Not Ready
E01658,2024,4.4,96.7,4.1,Medium,Exceeds,Ready 1-2 Years
E01658,2025,5.0,88.9,4.1,Medium,Exceeds,Ready Now
E01658,2026,4.4,92.0,4.3,Medium,Exceeds,Ready Now
E01659,2022,3.1,61.6,3.2,Medium,Exceeds,Ready 1-2 Years
E01659,2023,2.4,64.5,2.3,Medium,Outstanding,Ready Now
E01659,2024,3.6,81.6,3.8,Medium,Partially Meets,Not Ready
E01659,2025,2.4,70.3,2.6,Medium,Outstanding,Ready 1-2 Years
E01659,2026,3.2,80.5,2.9,Medium,Partially Meets,Ready Now
E01660,2022,3.6,61.5,3.7,Medium,Partially Meets,Ready 1-2 Years
E01660,2023,3.2,77.8,3.2,Low,Partially Meets,Ready 1-2 Years
E01660,2024,3.2,60.8,3.2,Low,Meets,Ready Now
E01660,2025,2.8,79.5,2.9,Medium,Exceeds,Not Ready
E01660,2026,3.0,80.7,3.6,Medium,Outstanding,Ready Now
E01661,2025,2.7,81.6,3.2,Medium,Meets,Ready Now
E01661,2026,3.0,60.4,2.8,High,Outstanding,Not Ready
E01662,2022,3.4,87.4,3.6,Medium,Meets,Not Ready
E01662,2023,2.7,72.9,2.7,Low,Exceeds,Ready Now
E01662,2024,2.6,83.4,2.8,Medium,Partially Meets,Not Ready
E01662,2025,3.0,77.7,3.2,Low,Meets,Not Ready
E01662,2026,2.8,74.2,2.9,Medium,Exceeds,Ready Now
E01663,2022,2.9,65.3,3.1,Medium,Meets,Ready Now
E01663,2023,2.8,88.7,3.0,Medium,Partially Meets,Ready Now
E01663,2024,2.2,74.2,1.8,Medium,Outstanding,Not Ready
E01663,2025,3.1,84.3,3.1,Medium,Partially Meets,Ready 1-2 Years
E01663,2026,3.3,83.5,3.8,Medium,Exceeds,Not Ready
E01664,2022,3.9,102.9,3.5,Medium,Exceeds,Ready 1-2 Years
E01664,2023,3.6,95.2,3.4,Medium,Outstanding,Ready Now
E01664,2024,4.4,79.5,4.7,High,Outstanding,Ready Now
E01665,2022,2.8,75.1,2.9,Medium,Outstanding,Ready Now
E01665,2023,3.2,103.8,3.0,Medium,Outstanding,Not Ready
E01665,2024,2.5,89.2,2.5,Medium,Meets,Not Ready
E01665,2025,3.1,80.6,3.2,Low,Outstanding,Ready 1-2 Years
E01665,2026,3.1,91.6,3.2,Low,Partially Meets,Ready 1-2 Years
E01666,2022,4.6,101.2,5.0,Medium,Exceeds,Not Ready
E01666,2023,4.1,93.9,4.0,Medium,Meets,Not Ready
E01666,2024,4.9,85.1,4.9,Medium,Exceeds,Ready Now
E01666,2025,4.8,115.1,5.0,Low,Meets,Not Ready
E01666,2026,4.5,89.3,4.7,Medium,Meets,Ready 1-2 Years
E01667,2022,2.5,84.1,2.6,High,Meets,Not Ready
E01667,2023,2.7,73.0,2.6,Medium,Meets,Ready Now
E01667,2024,3.3,89.9,3.7,Medium,Partially Meets,Not Ready
E01667,2025,2.3,73.4,2.4,High,Meets,Not Ready
E01667,2026,3.2,105.7,2.8,Medium,Outstanding,Ready 1-2 Years
E01668,2026,3.3,95.7,3.2,Medium,Meets,Not Ready
E01669,2022,4.2,93.5,4.6,Low,Exceeds,Ready Now
E01669,2023,4.6,101.7,4.5,High,Meets,Ready 1-2 Years
E01669,2024,3.5,75.7,3.5,Medium,Exceeds,Ready Now
E01669,2025,3.9,93.4,3.9,High,Exceeds,Ready 1-2 Years
E01670,2022,2.0,58.1,1.7,Medium,Exceeds,Ready Now
E01670,2023,2.6,84.1,2.8,High,Partially Meets,Ready 1-2 Years
E01670,2024,2.7,65.1,2.7,Medium,Exceeds,Ready 1-2 Years
E01670,2025,2.9,77.2,2.5,Medium,Outstanding,Not Ready
E01670,2026,2.2,67.6,1.6,Medium,Meets,Ready Now
E01671,2023,2.4,65.8,2.9,Low,Meets,Ready Now
E01671,2024,2.4,71.0,2.7,High,Meets,Ready Now
E01671,2025,2.5,95.6,2.4,Medium,Meets,Ready Now
E01671,2026,2.3,87.6,2.1,Medium,Meets,Ready 1-2 Years
E01672,2022,3.0,74.0,2.7,Medium,Partially Meets,Ready 1-2 Years
E01672,2023,3.4,97.2,3.4,Low,Exceeds,Ready Now
E01673,2022,4.7,72.3,4.9,Medium,Outstanding,Not Ready
E01673,2023,4.2,86.1,4.6,Medium,Meets,Ready Now
E01673,2024,4.4,75.6,4.8,Low,Meets,Not Ready
E01673,2025,3.8,93.1,3.8,Medium,Outstanding,Ready 1-2 Years
E01673,2026,4.8,83.6,4.6,Medium,Meets,Ready 1-2 Years
E01674,2024,4.4,103.1,4.3,Medium,Meets,Ready Now
E01674,2025,4.4,95.9,4.9,High,Meets,Ready 1-2 Years
E01674,2026,3.6,96.5,3.1,Low,Meets,Ready Now
E01675,2022,1.3,71.2,1.0,Medium,Meets,Not Ready
E01675,2023,2.3,81.0,2.1,Medium,Exceeds,Not Ready
E01675,2024,2.3,85.4,2.3,Medium,Partially Meets,Ready 1-2 Years
E01675,2025,1.9,64.4,2.1,High,Meets,Ready 1-2 Years
E01675,2026,1.8,66.6,1.4,Medium,Exceeds,Ready 1-2 Years
E01676,2022,4.4,104.2,4.0,Medium,Exceeds,Not Ready
E01676,2023,5.0,94.8,4.7,Low,Outstanding,Ready Now
E01676,2024,4.8,109.6,4.9,Medium,Outstanding,Ready Now
E01676,2025,4.8,96.2,4.6,High,Meets,Ready 1-2 Years
E01676,2026,5.0,101.2,5.0,Low,Meets,Ready Now
E01677,2022,4.0,75.5,3.7,Medium,Outstanding,Not Ready
E01677,2023,3.5,85.8,3.6,Medium,Partially Meets,Not Ready
E01677,2024,4.5,97.0,4.5,High,Outstanding,Ready 1-2 Years
E01677,2025,3.7,86.9,3.3,High,Meets,Not Ready
E01677,2026,4.1,112.8,4.2,Medium,Meets,Not Ready
E01678,2023,2.9,73.0,3.1,Medium,Meets,Ready Now
E01678,2024,3.2,69.4,3.4,Medium,Exceeds,Ready Now
E01678,2025,3.7,88.6,4.1,Medium,Meets,Ready 1-2 Years
E01678,2026,3.3,92.3,3.0,Low,Outstanding,Not Ready
E01679,2022,3.6,97.9,3.2,Medium,Meets,Ready 1-2 Years
E01679,2023,3.4,89.5,3.6,High,Exceeds,Ready Now
E01679,2024,3.2,106.4,3.1,Medium,Outstanding,Not Ready
E01679,2025,3.1,94.1,2.9,Low,Meets,Ready 1-2 Years
E01679,2026,3.2,76.3,3.2,Medium,Exceeds,Ready 1-2 Years
E01680,2022,2.0,74.6,2.0,High,Meets,Ready 1-2 Years
E01680,2023,2.4,70.1,2.1,Medium,Exceeds,Ready 1-2 Years
E01680,2024,2.4,79.2,2.1,Medium,Exceeds,Not Ready
E01680,2025,2.2,84.6,2.4,Medium,Partially Meets,Ready 1-2 Years
E01680,2026,2.3,64.0,2.5,Medium,Meets,Ready Now
E01681,2022,3.8,65.4,3.7,Low,Meets,Ready Now
E01681,2023,3.2,81.2,3.3,Low,Exceeds,Not Ready
E01681,2024,4.7,91.7,4.2,Medium,Meets,Ready 1-2 Years
E01681,2025,3.2,99.3,2.8,Medium,Exceeds,Ready Now
E01681,2026,4.1,100.6,4.6,High,Meets,Ready Now
E01682,2022,3.8,90.1,3.4,Medium,Exceeds,Not Ready
E01682,2023,3.5,94.6,3.4,Low,Meets,Ready Now
E01682,2024,3.7,95.1,3.9,Medium,Outstanding,Not Ready
E01682,2025,4.2,70.6,3.9,High,Partially Meets,Ready 1-2 Years
E01682,2026,3.7,72.4,3.9,Medium,Meets,Ready Now
E01683,2022,2.4,60.2,2.3,Low,Partially Meets,Ready 1-2 Years
E01683,2023,2.4,82.6,2.6,High,Exceeds,Not Ready
E01683,2024,2.6,91.7,2.2,Medium,Partially Meets,Not Ready
E01683,2025,2.2,75.5,1.6,Medium,Meets,Ready 1-2 Years
E01684,2026,1.9,84.3,2.1,High,Meets,Not Ready
E01685,2022,4.3,82.6,4.3,Low,Exceeds,Ready 1-2 Years
E01685,2023,4.1,97.8,4.1,Low,Exceeds,Ready 1-2 Years
E01685,2024,3.8,96.0,3.6,High,Exceeds,Not Ready
E01685,2025,4.2,94.4,4.2,Medium,Outstanding,Not Ready
E01685,2026,3.8,77.8,3.5,Medium,Meets,Ready Now
E01686,2022,3.2,92.2,2.9,Low,Exceeds,Ready Now
E01686,2023,3.9,98.8,4.4,Low,Partially Meets,Ready 1-2 Years
E01686,2024,3.1,75.2,3.3,Medium,Meets,Ready Now
E01686,2025,2.5,61.3,2.6,Medium,Partially Meets,Ready Now
E01687,2022,2.5,72.8,2.4,Medium,Exceeds,Ready Now
E01687,2023,2.2,72.7,2.0,Medium,Meets,Not Ready
E01687,2024,2.6,73.9,2.6,High,Meets,Ready Now
E01687,2025,2.4,79.2,2.1,Medium,Outstanding,Not Ready
E01687,2026,3.0,72.3,3.2,Medium,Meets,Ready Now
E01688,2022,2.9,89.9,2.8,Medium,Outstanding,Ready Now
E01689,2022,3.2,78.3,3.0,Low,Exceeds,Ready Now
E01689,2023,3.1,72.0,3.3,Medium,Meets,Ready Now
E01689,2024,3.3,81.2,3.4,High,Outstanding,Ready Now
E01689,2025,3.1,72.1,3.0,Medium,Meets,Ready 1-2 Years
E01689,2026,3.7,99.6,3.7,Low,Partially Meets,Ready 1-2 Years
E01690,2026,2.8,84.4,3.0,Medium,Outstanding,Ready 1-2 Years
E01691,2022,2.8,71.0,2.8,High,Outstanding,Not Ready
E01691,2023,3.1,99.7,3.0,High,Partially Meets,Ready Now
E01691,2024,3.5,87.4,4.3,Low,Exceeds,Ready Now
E01691,2025,3.2,71.2,3.2,High,Exceeds,Not Ready
E01691,2026,3.2,89.0,3.6,Medium,Partially Meets,Not Ready
E01692,2025,3.2,85.9,3.3,High,Meets,Ready 1-2 Years
E01692,2026,3.6,82.6,3.5,Low,Exceeds,Ready Now
E01693,2026,3.7,84.5,3.5,Low,Partially Meets,Ready Now
E01694,2026,3.2,93.5,3.1,Medium,Meets,Not Ready
E01695,2022,2.6,69.1,2.6,Medium,Meets,Ready Now
E01695,2023,2.7,76.7,3.0,Medium,Meets,Not Ready
E01695,2024,2.9,63.0,2.8,Medium,Partially Meets,Ready 1-2 Years
E01695,2025,2.7,69.4,2.7,Low,Outstanding,Not Ready
E01696,2022,2.6,81.4,3.0,High,Meets,Ready Now
E01696,2023,2.9,66.8,2.7,Low,Exceeds,Ready 1-2 Years
E01696,2024,2.4,71.1,2.2,Medium,Exceeds,Ready Now
E01696,2025,2.7,91.4,2.8,Medium,Outstanding,Ready Now
E01696,2026,3.1,80.0,3.3,Medium,Partially Meets,Ready 1-2 Years
E01697,2022,2.3,75.5,2.4,Medium,Partially Meets,Ready 1-2 Years
E01697,2023,3.4,92.2,3.2,High,Exceeds,Ready Now
E01697,2024,2.9,88.9,3.0,Medium,Partially Meets,Not Ready
E01697,2025,3.0,88.4,2.6,Medium,Meets,Ready 1-2 Years
E01697,2026,2.8,80.4,2.2,High,Partially Meets,Not Ready
E01698,2022,3.0,90.2,2.8,Medium,Outstanding,Not Ready
E01698,2023,3.0,82.6,3.5,High,Outstanding,Ready Now
E01698,2024,3.1,72.9,3.4,Low,Exceeds,Not Ready
E01699,2023,4.6,80.3,4.1,Low,Outstanding,Ready Now
E01699,2024,3.9,85.7,3.8,Low,Outstanding,Not Ready
E01699,2025,4.1,93.2,4.3,High,Partially Meets,Not Ready
E01699,2026,4.1,83.1,4.2,Low,Partially Meets,Ready Now
E01700,2025,3.1,77.5,3.1,Medium,Partially Meets,Ready Now
E01700,2026,3.4,90.3,3.4,Medium,Exceeds,Ready 1-2 Years
E01701,2023,3.6,88.0,3.2,Medium,Partially Meets,Ready Now
E01701,2024,3.2,96.1,3.4,Medium,Outstanding,Not Ready
E01701,2025,2.9,90.3,3.1,Low,Partially Meets,Ready Now
E01701,2026,3.5,87.7,3.2,High,Meets,Ready Now
E01702,2022,3.8,60.1,3.8,Medium,Meets,Not Ready
E01703,2026,4.2,88.3,3.9,Medium,Meets,Not Ready
E01705,2023,2.9,85.9,3.0,Low,Partially Meets,Ready Now
E01705,2024,3.2,83.3,3.2,High,Partially Meets,Ready Now
E01705,2025,3.1,80.8,3.1,Medium,Meets,Ready Now
E01705,2026,3.4,79.8,3.5,Low,Meets,Not Ready
E01706,2025,4.2,78.6,4.5,Medium,Meets,Ready Now
E01706,2026,4.4,88.6,4.2,Medium,Meets,Ready Now
E01707,2022,3.9,81.5,4.2,Medium,Outstanding,Ready Now
E01707,2023,4.1,86.5,3.9,High,Partially Meets,Ready Now
E01707,2024,4.5,81.6,4.6,Medium,Exceeds,Ready 1-2 Years
E01707,2025,4.1,94.4,3.6,Low,Meets,Not Ready
E01708,2026,2.8,82.1,2.9,High,Exceeds,Ready Now
E01709,2023,3.0,67.1,3.1,Medium,Outstanding,Ready Now
E01709,2024,4.0,92.5,3.5,Medium,Meets,Ready 1-2 Years
E01709,2025,3.5,70.5,3.6,Medium,Outstanding,Not Ready
E01709,2026,4.2,90.9,3.8,Medium,Outstanding,Ready 1-2 Years
E01711,2024,3.7,95.2,3.6,Medium,Outstanding,Ready 1-2 Years
E01711,2025,4.1,88.2,4.8,Low,Exceeds,Ready 1-2 Years
E01711,2026,3.9,75.1,3.2,High,Meets,Ready Now
E01712,2025,3.6,80.6,3.7,Medium,Meets,Ready 1-2 Years
E01712,2026,3.1,73.0,3.1,Low,Meets,Not Ready
E01713,2022,3.7,72.3,3.4,Medium,Partially Meets,Ready 1-2 Years
E01713,2023,2.6,82.7,3.1,High,Meets,Ready Now
E01713,2024,2.8,73.5,2.1,High,Outstanding,Ready Now
E01713,2025,3.2,62.0,3.6,Medium,Meets,Ready Now
E01713,2026,3.1,86.9,3.2,Medium,Outstanding,Ready 1-2 Years
E01714,2022,3.8,94.4,3.9,Medium,Exceeds,Ready Now
E01714,2023,3.0,76.0,2.8,Medium,Exceeds,Ready 1-2 Years
E01714,2024,3.6,67.4,3.7,Medium,Exceeds,Ready Now
E01714,2025,3.4,78.3,3.9,Medium,Partially Meets,Not Ready
E01714,2026,3.4,70.6,3.1,Medium,Meets,Ready Now
E01715,2026,3.0,79.5,3.3,High,Exceeds,Ready 1-2 Years
E01716,2025,3.4,81.0,3.5,Medium,Meets,Ready Now
E01716,2026,2.7,77.7,2.7,Medium,Meets,Ready 1-2 Years
E01717,2023,3.7,83.8,3.6,Medium,Meets,Ready Now
E01717,2024,4.2,63.9,4.3,Low,Partially Meets,Ready 1-2 Years
E01717,2025,3.2,84.2,3.6,Medium,Partially Meets,Not Ready
E01717,2026,3.8,88.5,3.7,Medium,Exceeds,Ready 1-2 Years
E01718,2025,3.2,84.7,2.7,Low,Partially Meets,Not Ready
E01718,2026,3.2,78.3,3.6,Medium,Meets,Ready Now
E01719,2022,3.0,91.0,3.4,High,Meets,Ready Now
E01719,2023,2.9,85.6,2.7,Medium,Meets,Ready Now
E01719,2024,2.4,84.0,2.5,Low,Exceeds,Not Ready
E01719,2025,2.1,88.2,2.0,Medium,Partially Meets,Ready 1-2 Years
E01719,2026,3.4,78.3,2.9,High,Meets,Not Ready
E01720,2022,3.2,76.0,3.0,Low,Meets,Ready 1-2 Years
E01720,2023,3.6,100.2,3.1,Medium,Partially Meets,Not Ready
E01720,2024,3.7,95.8,3.0,High,Outstanding,Not Ready
E01720,2025,2.7,71.8,3.0,High,Meets,Ready 1-2 Years
E01720,2026,3.5,79.5,3.1,Medium,Exceeds,Not Ready
E01721,2024,3.6,80.5,3.5,Medium,Exceeds,Not Ready
E01721,2025,3.5,82.5,3.3,Medium,Meets,Not Ready
E01721,2026,3.4,87.1,3.3,Medium,Partially Meets,Ready 1-2 Years
E01722,2022,3.9,99.8,3.7,High,Meets,Not Ready
E01722,2023,3.8,79.0,3.7,Medium,Meets,Not Ready
E01722,2024,3.1,93.8,3.5,High,Meets,Not Ready
E01722,2025,4.1,85.2,3.7,High,Meets,Ready 1-2 Years
E01722,2026,3.6,63.2,3.4,Medium,Exceeds,Not Ready
E01723,2025,3.7,85.6,3.4,Medium,Partially Meets,Ready Now
E01723,2026,3.1,101.2,3.2,High,Meets,Ready Now
E01725,2022,3.3,67.7,3.1,Medium,Outstanding,Ready Now
E01725,2023,4.0,93.6,4.0,Medium,Meets,Ready Now
E01725,2024,3.9,79.0,4.1,Low,Partially Meets,Ready Now
E01725,2025,4.3,95.2,4.4,Medium,Meets,Not Ready
E01725,2026,3.2,87.7,3.1,High,Partially Meets,Not Ready
E01726,2025,2.6,78.9,2.7,Medium,Partially Meets,Ready Now
E01726,2026,2.8,74.9,2.4,High,Exceeds,Ready Now
E01727,2024,2.7,81.1,2.6,Low,Partially Meets,Ready Now
E01727,2025,2.2,66.4,1.7,Medium,Exceeds,Ready Now
E01727,2026,2.4,89.3,2.5,Low,Meets,Not Ready
E01728,2026,4.1,84.8,3.9,Medium,Meets,Ready Now
E01729,2022,4.0,92.2,3.8,Low,Exceeds,Ready 1-2 Years
E01729,2023,3.2,84.1,2.9,Medium,Exceeds,Ready 1-2 Years
E01729,2024,3.9,76.2,4.0,Low,Meets,Not Ready
E01729,2025,3.6,100.6,3.6,High,Exceeds,Ready Now
E01729,2026,3.7,98.7,3.7,Medium,Exceeds,Ready 1-2 Years
E01730,2026,3.0,84.0,3.0,Medium,Outstanding,Ready Now
E01731,2022,3.0,85.7,3.0,Medium,Outstanding,Ready 1-2 Years
E01731,2023,2.1,77.6,2.8,Medium,Meets,Not Ready
E01731,2024,2.3,80.4,2.2,Medium,Meets,Ready Now
E01731,2025,2.8,67.8,2.8,Medium,Exceeds,Not Ready
E01731,2026,2.6,85.6,2.7,Medium,Exceeds,Not Ready
E01732,2022,2.8,88.0,2.3,High,Meets,Not Ready
E01732,2023,2.5,62.7,2.6,Low,Partially Meets,Not Ready
E01732,2024,2.8,112.9,2.8,Medium,Exceeds,Ready Now
E01732,2025,3.5,82.4,3.0,Medium,Partially Meets,Not Ready
E01732,2026,2.9,87.9,3.4,Medium,Meets,Ready 1-2 Years
E01733,2022,2.9,94.0,2.8,High,Outstanding,Not Ready
E01733,2023,2.6,65.3,2.5,Medium,Outstanding,Not Ready
E01733,2024,3.3,81.9,3.3,Medium,Exceeds,Ready Now
E01733,2025,2.9,82.6,2.5,High,Meets,Ready 1-2 Years
E01733,2026,2.8,77.7,2.7,Low,Exceeds,Ready Now
E01734,2022,3.6,88.5,4.0,High,Meets,Ready Now
E01734,2023,3.8,97.2,3.9,Medium,Partially Meets,Ready 1-2 Years
E01734,2024,4.0,82.2,3.4,Medium,Outstanding,Not Ready
E01734,2025,3.2,80.4,3.4,Medium,Meets,Not Ready
E01734,2026,3.0,82.7,2.6,Low,Meets,Not Ready
E01735,2022,4.1,86.6,4.0,Low,Exceeds,Ready Now
E01735,2023,3.3,78.8,3.3,Medium,Exceeds,Ready Now
E01735,2024,3.4,79.3,2.7,Low,Meets,Ready Now
E01735,2025,4.0,77.0,3.7,Low,Partially Meets,Not Ready
E01735,2026,3.5,84.3,3.8,Medium,Partially Meets,Ready 1-2 Years
E01736,2026,3.0,81.0,3.1,High,Partially Meets,Ready Now
E01737,2022,2.7,89.7,2.7,Medium,Outstanding,Not Ready
E01737,2023,3.3,86.1,2.5,Medium,Meets,Ready Now
E01737,2024,3.2,86.1,3.0,Medium,Exceeds,Ready 1-2 Years
E01737,2025,3.4,92.3,3.3,Medium,Exceeds,Not Ready
E01737,2026,2.8,80.6,3.7,Medium,Meets,Not Ready
E01739,2022,2.2,90.3,2.2,High,Outstanding,Not Ready
E01739,2023,1.9,68.7,1.5,Low,Meets,Not Ready
E01739,2024,2.5,83.4,2.3,High,Meets,Not Ready
E01739,2025,2.0,84.6,2.0,Low,Outstanding,Ready Now
E01739,2026,1.9,75.7,2.1,Medium,Meets,Not Ready
E01740,2022,2.6,84.8,2.8,High,Partially Meets,Ready Now
E01740,2023,3.0,93.9,3.1,High,Exceeds,Ready 1-2 Years
E01740,2024,3.4,102.7,3.0,Medium,Meets,Ready 1-2 Years
E01740,2025,3.0,90.2,2.9,Medium,Partially Meets,Ready 1-2 Years
E01740,2026,2.4,63.2,2.3,Medium,Partially Meets,Ready 1-2 Years
E01741,2023,3.2,83.7,3.3,Medium,Outstanding,Ready 1-2 Years
E01741,2024,2.5,68.6,2.7,Low,Meets,Ready Now
E01741,2025,3.0,85.0,3.2,Medium,Partially Meets,Ready 1-2 Years
E01741,2026,3.0,68.8,2.6,Medium,Exceeds,Ready 1-2 Years
E01742,2022,2.2,85.2,2.7,Medium,Exceeds,Ready 1-2 Years
E01742,2023,2.5,82.1,2.8,Medium,Partially Meets,Ready Now
E01742,2024,1.9,61.0,2.0,Medium,Exceeds,Ready 1-2 Years
E01742,2025,2.8,92.4,2.7,High,Outstanding,Ready Now
E01742,2026,1.9,77.4,1.5,Medium,Partially Meets,Not Ready
E01743,2024,3.0,95.1,2.9,Medium,Meets,Ready 1-2 Years
E01743,2025,3.3,94.1,3.3,Medium,Exceeds,Not Ready
E01743,2026,3.0,73.0,2.7,High,Exceeds,Ready Now
E01744,2026,2.0,66.4,1.9,Low,Meets,Ready Now
E01745,2022,3.2,83.7,3.4,Medium,Meets,Not Ready
E01745,2023,2.8,90.2,2.3,Medium,Partially Meets,Not Ready
E01745,2024,2.6,74.8,3.0,Medium,Exceeds,Ready 1-2 Years
E01745,2025,2.7,80.5,2.1,High,Outstanding,Ready Now
E01745,2026,2.6,75.9,2.4,Low,Exceeds,Ready 1-2 Years
E01746,2025,2.1,73.0,1.5,Low,Meets,Ready Now
E01746,2026,2.7,63.1,2.4,High,Partially Meets,Not Ready
E01747,2022,2.8,69.6,2.4,Medium,Meets,Ready 1-2 Years
E01747,2023,2.6,85.0,3.0,Low,Meets,Ready 1-2 Years
E01747,2024,2.5,84.3,2.6,Medium,Outstanding,Ready 1-2 Years
E01747,2025,2.9,75.4,2.9,Medium,Meets,Not Ready
E01747,2026,3.0,78.0,3.5,Medium,Exceeds,Ready 1-2 Years
E01749,2022,3.0,95.1,2.8,Medium,Meets,Not Ready
E01749,2023,2.8,80.9,2.7,High,Partially Meets,Ready 1-2 Years
E01749,2024,3.8,82.7,3.8,High,Exceeds,Ready 1-2 Years
E01749,2025,2.7,83.5,2.6,Medium,Outstanding,Ready 1-2 Years
E01749,2026,3.4,75.8,3.3,Medium,Partially Meets,Not Ready
E01750,2024,4.1,78.6,4.0,Medium,Outstanding,Not Ready
E01750,2025,3.7,80.3,4.1,High,Exceeds,Not Ready
E01750,2026,3.4,95.1,3.3,Medium,Meets,Ready 1-2 Years
E01752,2022,3.8,95.9,3.5,Low,Outstanding,Ready 1-2 Years
E01752,2023,3.8,71.4,3.9,Medium,Meets,Ready 1-2 Years
E01752,2024,3.8,70.5,3.9,Medium,Meets,Not Ready
E01752,2025,3.8,107.1,3.4,High,Meets,Ready 1-2 Years
E01752,2026,3.3,97.1,3.6,Low,Meets,Ready 1-2 Years
E01753,2026,3.3,87.7,3.5,Medium,Meets,Not Ready
E01754,2026,4.1,99.8,3.8,Medium,Outstanding,Ready Now
E01755,2022,3.7,90.3,4.1,Medium,Outstanding,Not Ready
E01755,2023,4.3,84.6,4.0,Low,Meets,Ready Now
E01755,2024,4.3,87.2,4.6,Low,Meets,Ready 1-2 Years
E01755,2025,4.7,77.3,4.6,Medium,Outstanding,Ready 1-2 Years
E01755,2026,3.8,79.0,3.4,High,Outstanding,Ready 1-2 Years
E01756,2025,3.2,83.2,3.6,Medium,Partially Meets,Ready 1-2 Years
E01756,2026,3.4,78.4,3.4,Medium,Meets,Ready Now
E01757,2022,4.3,87.4,4.1,Medium,Exceeds,Ready Now
E01757,2023,4.3,86.2,4.2,High,Partially Meets,Not Ready
E01757,2024,4.5,98.2,4.9,Low,Meets,Not Ready
E01757,2025,3.6,91.7,3.9,Medium,Meets,Not Ready
E01758,2023,3.1,93.0,3.2,Low,Meets,Ready 1-2 Years
E01758,2024,4.2,102.9,4.3,Medium,Meets,Not Ready
E01758,2025,3.6,95.9,3.6,Medium,Meets,Ready Now
E01758,2026,4.3,92.2,4.3,Low,Partially Meets,Ready 1-2 Years
E01759,2022,4.7,98.9,4.7,Medium,Meets,Ready 1-2 Years
E01759,2023,4.1,78.1,4.1,Medium,Meets,Not Ready
E01759,2024,4.4,91.3,4.1,Low,Meets,Ready 1-2 Years
E01759,2025,4.1,88.1,4.6,Medium,Meets,Ready 1-2 Years
E01759,2026,4.5,87.4,4.1,Medium,Meets,Ready Now
E01760,2022,3.0,81.4,3.1,Low,Exceeds,Ready Now
E01760,2023,3.8,100.6,4.0,Medium,Meets,Not Ready
E01760,2024,3.4,94.5,3.7,Medium,Meets,Ready 1-2 Years
E01760,2025,3.4,79.6,2.9,Medium,Meets,Not Ready
E01760,2026,3.8,68.0,3.0,Medium,Meets,Not Ready
E01761,2024,4.6,102.4,4.4,Low,Meets,Ready 1-2 Years
E01761,2025,4.2,80.5,4.1,Medium,Meets,Ready Now
E01761,2026,3.8,90.1,3.8,Medium,Meets,Ready Now
E01762,2023,4.3,111.7,4.1,Medium,Meets,Ready Now
E01762,2024,4.3,88.3,4.4,Medium,Meets,Ready 1-2 Years
E01762,2025,3.7,88.0,4.2,Medium,Exceeds,Ready 1-2 Years
E01762,2026,3.8,101.2,3.9,Medium,Outstanding,Not Ready
E01763,2024,3.7,101.6,3.2,Low,Meets,Not Ready
E01763,2025,3.8,87.9,3.9,Low,Partially Meets,Ready Now
E01763,2026,2.9,88.4,2.8,Low,Meets,Ready Now
E01764,2022,4.5,93.7,4.5,High,Partially Meets,Not Ready
E01764,2023,4.3,104.0,4.5,Low,Meets,Ready Now
E01764,2024,4.0,100.1,3.7,Low,Outstanding,Ready 1-2 Years
E01764,2025,4.5,90.6,4.3,Medium,Outstanding,Ready 1-2 Years
E01764,2026,4.6,89.1,4.5,Low,Outstanding,Ready Now
E01765,2026,3.6,91.4,3.5,Medium,Meets,Not Ready
E01766,2022,3.2,90.9,3.3,High,Meets,Ready 1-2 Years
E01766,2023,2.9,80.9,3.5,Medium,Meets,Ready 1-2 Years
E01766,2024,2.9,86.0,2.7,High,Meets,Ready 1-2 Years
E01766,2025,2.4,56.3,2.4,Medium,Meets,Not Ready
E01766,2026,2.8,82.1,2.7,Medium,Exceeds,Not Ready
E01767,2026,3.1,77.7,2.8,High,Meets,Ready Now
E01768,2022,2.8,67.4,3.4,Medium,Outstanding,Not Ready
E01768,2023,3.0,93.7,2.6,Medium,Partially Meets,Ready Now
E01768,2024,3.3,80.6,3.3,Low,Exceeds,Ready Now
E01768,2025,3.2,83.4,2.8,Medium,Outstanding,Ready Now
E01768,2026,2.9,78.6,3.2,Medium,Partially Meets,Ready Now
E01769,2022,3.4,90.1,3.3,Medium,Outstanding,Ready 1-2 Years
E01769,2023,4.3,101.5,4.4,Low,Partially Meets,Ready 1-2 Years
E01769,2024,3.9,84.8,4.0,Medium,Meets,Ready 1-2 Years
E01769,2025,3.7,95.0,4.3,Medium,Partially Meets,Ready 1-2 Years
E01769,2026,4.2,94.0,3.9,Medium,Exceeds,Not Ready
E01770,2022,4.1,85.1,3.6,Medium,Partially Meets,Ready Now
E01770,2023,4.3,116.3,3.9,Medium,Meets,Ready Now
E01770,2024,3.7,70.2,3.6,Medium,Outstanding,Ready Now
E01770,2025,4.2,88.6,3.9,Low,Meets,Not Ready
E01770,2026,4.4,85.6,4.0,Low,Outstanding,Not Ready
E01771,2025,3.8,92.5,3.7,Medium,Meets,Ready 1-2 Years
E01771,2026,3.7,94.7,4.1,Medium,Meets,Ready Now
E01772,2022,1.9,65.0,1.8,Medium,Exceeds,Not Ready
E01772,2023,2.4,78.7,2.7,Medium,Exceeds,Ready Now
E01772,2024,2.4,90.6,1.9,Medium,Exceeds,Not Ready
E01772,2025,2.1,82.4,2.9,Medium,Partially Meets,Not Ready
E01772,2026,2.6,97.5,2.3,Medium,Exceeds,Ready Now
E01773,2025,2.3,82.7,2.4,High,Exceeds,Ready Now
E01773,2026,2.1,61.6,2.6,Low,Meets,Ready 1-2 Years
E01774,2023,3.1,91.5,3.1,Medium,Meets,Not Ready
E01774,2024,4.0,111.7,4.2,Medium,Partially Meets,Not Ready
E01774,2025,3.4,69.2,3.4,Low,Partially Meets,Ready Now
E01774,2026,3.6,83.6,3.8,Medium,Outstanding,Not Ready
E01775,2026,3.4,90.2,3.5,High,Outstanding,Ready 1-2 Years
E01776,2022,4.5,105.4,4.6,Medium,Exceeds,Not Ready
E01776,2023,4.3,91.1,4.0,Medium,Meets,Ready Now
E01776,2024,4.6,92.8,4.8,High,Outstanding,Not Ready
E01776,2025,3.4,78.7,3.5,Medium,Meets,Ready Now
E01776,2026,4.3,97.3,4.2,Medium,Meets,Not Ready
E01777,2026,3.4,98.3,3.0,High,Exceeds,Ready 1-2 Years
E01778,2026,4.8,80.1,4.3,Medium,Meets,Ready 1-2 Years
E01779,2022,2.8,91.6,2.9,Medium,Exceeds,Not Ready
E01779,2023,2.7,87.4,2.1,Low,Outstanding,Ready 1-2 Years
E01779,2024,2.7,85.9,3.0,High,Partially Meets,Ready Now
E01779,2025,2.8,87.4,2.3,Low,Outstanding,Ready 1-2 Years
E01779,2026,2.9,61.2,3.3,Medium,Meets,Ready 1-2 Years
E01780,2023,3.5,83.4,3.6,Medium,Outstanding,Ready 1-2 Years
E01780,2024,3.3,75.9,3.3,Medium,Exceeds,Ready Now
E01780,2025,3.3,93.2,3.5,Low,Meets,Ready 1-2 Years
E01780,2026,3.6,93.5,3.3,Medium,Outstanding,Ready 1-2 Years
E01781,2022,3.7,85.8,3.6,Medium,Meets,Ready 1-2 Years
E01781,2023,3.7,97.0,3.8,Medium,Meets,Ready Now
E01781,2024,4.3,71.2,4.4,Low,Outstanding,Ready 1-2 Years
E01781,2025,4.3,86.1,4.7,High,Exceeds,Ready 1-2 Years
E01781,2026,4.2,80.7,4.6,High,Meets,Ready Now
E01782,2022,4.1,56.2,4.4,Medium,Partially Meets,Not Ready
E01782,2023,4.2,93.1,3.7,Medium,Meets,Not Ready
E01782,2024,4.1,82.4,4.5,Medium,Exceeds,Ready 1-2 Years
E01782,2025,4.1,89.6,4.4,Medium,Exceeds,Ready Now
E01782,2026,3.8,94.7,4.2,Low,Outstanding,Not Ready
E01783,2022,3.3,80.2,3.5,Medium,Outstanding,Ready 1-2 Years
E01783,2023,3.5,91.7,3.3,High,Outstanding,Ready Now
E01783,2024,3.4,94.4,3.3,Medium,Meets,Not Ready
E01783,2025,2.7,70.2,3.0,Medium,Meets,Ready Now
E01783,2026,2.5,83.7,2.0,Medium,Meets,Ready Now
E01784,2022,2.4,77.5,2.6,Medium,Exceeds,Not Ready
E01784,2023,1.7,70.1,1.4,Medium,Meets,Ready Now
E01784,2024,2.8,91.5,2.7,High,Exceeds,Ready 1-2 Years
E01784,2025,2.7,76.4,2.6,Medium,Meets,Not Ready
E01784,2026,2.2,80.3,2.7,Medium,Outstanding,Ready Now
E01785,2024,2.0,84.1,2.2,High,Partially Meets,Not Ready
E01785,2025,3.0,76.8,2.9,Medium,Exceeds,Ready 1-2 Years
E01786,2024,2.5,89.7,2.6,Medium,Partially Meets,Ready Now
E01786,2025,2.7,75.5,2.5,Medium,Meets,Ready 1-2 Years
E01786,2026,2.9,71.3,2.9,Medium,Meets,Ready 1-2 Years
E01787,2024,5.0,92.0,5.0,Medium,Meets,Ready Now
E01787,2025,5.0,102.0,4.5,Medium,Partially Meets,Ready Now
E01787,2026,4.9,99.2,5.0,Low,Partially Meets,Ready 1-2 Years
E01788,2024,2.6,71.9,2.1,Medium,Exceeds,Ready 1-2 Years
E01788,2025,2.9,78.9,2.3,Low,Outstanding,Not Ready
E01788,2026,2.7,88.9,2.3,Medium,Outstanding,Ready 1-2 Years
E01789,2022,2.8,73.3,2.3,Medium,Exceeds,Ready Now
E01789,2023,2.3,93.2,2.2,High,Partially Meets,Not Ready
E01789,2024,2.9,81.1,2.8,Medium,Outstanding,Ready Now
E01789,2025,2.8,73.1,2.8,High,Exceeds,Ready 1-2 Years
E01789,2026,2.8,90.7,2.4,Medium,Partially Meets,Not Ready
E01790,2022,3.2,85.3,3.3,Medium,Meets,Not Ready
E01790,2023,3.0,91.8,2.9,Medium,Meets,Ready Now
E01790,2024,3.3,82.5,3.3,Medium,Meets,Ready Now
E01790,2025,3.0,80.5,3.2,High,Outstanding,Ready 1-2 Years
E01790,2026,2.9,77.2,2.1,Medium,Meets,Ready 1-2 Years
E01791,2022,3.4,87.9,3.5,Medium,Meets,Ready 1-2 Years
E01791,2023,3.1,68.7,3.6,Medium,Partially Meets,Not Ready
E01791,2024,3.3,89.4,3.4,Low,Meets,Ready 1-2 Years
E01791,2025,2.6,77.3,3.1,Medium,Meets,Ready Now
E01791,2026,2.9,79.2,3.1,Medium,Partially Meets,Ready Now
E01792,2023,4.0,95.7,3.8,Medium,Meets,Ready 1-2 Years
E01792,2024,4.0,94.0,4.0,Medium,Meets,Ready Now
E01792,2025,4.1,85.3,4.6,Medium,Exceeds,Ready 1-2 Years
E01792,2026,3.9,105.1,3.9,Medium,Exceeds,Not Ready
E01793,2022,4.4,94.5,4.4,Medium,Exceeds,Ready 1-2 Years
E01793,2023,5.0,98.5,4.5,Medium,Meets,Not Ready
E01793,2024,4.9,88.5,5.0,Medium,Partially Meets,Ready Now
E01793,2025,4.9,96.7,5.0,Medium,Meets,Ready 1-2 Years
E01793,2026,4.7,87.9,4.1,Medium,Meets,Ready Now
E01794,2022,4.6,109.4,5.0,Low,Meets,Ready Now
E01794,2023,3.5,88.0,4.2,Medium,Exceeds,Not Ready
E01794,2024,3.4,76.1,2.8,Medium,Exceeds,Ready 1-2 Years
E01794,2025,4.1,93.4,4.6,Medium,Partially Meets,Ready Now
E01794,2026,3.7,112.6,3.7,Medium,Meets,Ready Now
E01796,2023,2.9,90.5,3.3,Medium,Outstanding,Not Ready
E01797,2026,3.5,74.3,3.1,Medium,Exceeds,Ready 1-2 Years
E01798,2022,3.3,86.2,3.5,Low,Outstanding,Not Ready
E01798,2023,4.2,95.6,3.9,Medium,Exceeds,Not Ready
E01798,2024,3.6,81.4,3.3,Medium,Meets,Ready Now
E01798,2025,3.3,81.5,3.0,Medium,Exceeds,Ready 1-2 Years
E01798,2026,4.2,80.6,4.3,Medium,Exceeds,Ready Now
E01801,2023,3.8,99.9,3.7,Medium,Meets,Not Ready
E01801,2024,3.9,79.0,3.5,Medium,Exceeds,Ready 1-2 Years
E01801,2025,4.3,85.6,4.2,Medium,Partially Meets,Ready 1-2 Years
E01801,2026,4.2,93.4,4.5,Medium,Meets,Not Ready
E01802,2022,3.1,83.6,2.9,Low,Meets,Ready 1-2 Years
E01802,2023,2.9,74.4,2.8,Medium,Meets,Ready 1-2 Years
E01803,2022,4.3,95.6,4.5,Medium,Meets,Ready Now
E01803,2023,4.1,84.4,4.6,Medium,Partially Meets,Ready 1-2 Years
E01803,2024,3.8,80.8,3.8,Medium,Exceeds,Ready 1-2 Years
E01803,2025,5.0,91.1,5.0,Medium,Meets,Ready 1-2 Years
E01803,2026,4.4,75.4,4.2,Medium,Partially Meets,Ready Now
E01804,2022,3.8,86.7,3.8,Medium,Meets,Not Ready
E01804,2023,4.1,79.9,4.0,Medium,Meets,Ready Now
E01804,2024,3.7,88.9,4.0,Medium,Meets,Not Ready
E01804,2025,4.4,97.8,4.4,Medium,Meets,Not Ready
E01804,2026,3.8,92.4,3.5,Medium,Partially Meets,Not Ready
E01805,2023,3.2,94.2,2.8,Medium,Exceeds,Ready Now
E01805,2024,2.4,79.6,2.4,Medium,Meets,Ready 1-2 Years
E01805,2025,2.6,73.3,2.6,Low,Meets,Ready Now
E01805,2026,2.7,93.1,2.3,Medium,Exceeds,Not Ready
E01806,2024,3.8,82.4,3.8,High,Meets,Ready 1-2 Years
E01806,2025,3.9,84.2,4.0,Medium,Meets,Ready 1-2 Years
E01806,2026,3.5,103.8,3.2,Medium,Exceeds,Ready Now
E01807,2023,3.4,75.0,3.4,Medium,Exceeds,Ready Now
E01807,2024,3.0,94.3,3.3,High,Meets,Ready 1-2 Years
E01807,2025,2.9,88.7,3.1,Medium,Exceeds,Ready Now
E01807,2026,2.5,87.2,2.6,Low,Outstanding,Ready 1-2 Years
E01808,2022,3.1,98.4,2.8,High,Meets,Ready Now
E01808,2023,2.7,85.6,2.6,Medium,Exceeds,Ready 1-2 Years
E01808,2024,2.8,60.3,2.7,Low,Meets,Ready 1-2 Years
E01808,2025,2.9,86.1,2.4,Medium,Partially Meets,Ready Now
E01808,2026,3.0,85.0,3.0,Low,Exceeds,Not Ready
E01809,2022,3.1,84.2,2.8,High,Exceeds,Ready Now
E01809,2023,3.1,96.2,2.9,Low,Outstanding,Ready Now
E01809,2024,3.1,72.1,2.9,High,Outstanding,Ready 1-2 Years
E01809,2025,2.2,78.9,2.8,Medium,Outstanding,Ready 1-2 Years
E01809,2026,3.4,88.7,3.3,Medium,Meets,Ready Now
E01810,2025,2.6,83.4,2.5,Medium,Outstanding,Ready 1-2 Years
E01810,2026,3.0,74.1,3.4,Medium,Meets,Ready 1-2 Years
E01811,2022,2.8,76.5,2.8,Medium,Partially Meets,Ready 1-2 Years
E01811,2023,3.6,78.5,3.3,Low,Exceeds,Ready Now
E01811,2024,2.9,86.8,3.6,Low,Meets,Ready Now
E01811,2025,4.0,96.9,4.3,Medium,Meets,Ready 1-2 Years
E01811,2026,3.8,77.3,3.7,Medium,Meets,Ready 1-2 Years
E01812,2022,4.3,87.9,4.3,High,Exceeds,Not Ready
E01812,2023,3.5,81.7,3.7,Medium,Outstanding,Not Ready
E01812,2024,3.7,105.3,3.4,High,Outstanding,Ready Now
E01812,2025,3.8,76.9,4.0,Medium,Outstanding,Ready 1-2 Years
E01812,2026,3.6,81.4,3.6,Medium,Meets,Ready Now
E01813,2024,3.4,75.6,3.9,High,Meets,Ready Now
E01813,2025,2.8,74.7,2.4,Medium,Meets,Ready 1-2 Years
E01813,2026,3.8,96.3,3.5,Low,Meets,Ready Now
E01814,2026,4.3,84.6,4.1,Medium,Outstanding,Ready 1-2 Years
E01816,2022,3.7,90.8,4.0,Medium,Partially Meets,Not Ready
E01816,2023,2.9,91.2,3.2,High,Outstanding,Ready 1-2 Years
E01816,2024,3.7,97.2,4.1,High,Exceeds,Ready Now
E01816,2025,3.6,78.3,3.8,Low,Exceeds,Ready 1-2 Years
E01816,2026,3.1,75.1,2.9,Low,Meets,Ready 1-2 Years
E01817,2022,2.1,78.4,1.5,Medium,Meets,Ready 1-2 Years
E01818,2023,4.0,92.1,3.6,Low,Exceeds,Ready 1-2 Years
E01818,2024,4.1,102.8,4.3,Medium,Meets,Not Ready
E01818,2025,3.1,82.9,3.3,Medium,Meets,Ready 1-2 Years
E01818,2026,3.7,90.2,3.7,Medium,Outstanding,Ready Now
E01819,2026,3.1,89.8,3.5,Medium,Partially Meets,Not Ready
E01820,2025,3.0,79.0,2.6,Low,Partially Meets,Ready 1-2 Years
E01820,2026,3.4,59.7,3.7,Low,Exceeds,Not Ready
E01821,2022,3.5,77.3,3.5,Medium,Meets,Ready 1-2 Years
E01822,2023,3.6,98.1,3.6,High,Outstanding,Ready Now
E01822,2024,4.0,89.5,3.2,High,Outstanding,Ready Now
E01822,2025,4.5,97.9,4.8,Medium,Meets,Ready 1-2 Years
E01822,2026,3.5,94.6,3.7,Medium,Meets,Ready 1-2 Years
E01823,2022,3.7,96.9,3.6,High,Exceeds,Not Ready
E01823,2023,3.8,84.2,4.1,High,Outstanding,Ready 1-2 Years
E01823,2024,3.5,85.4,3.4,Medium,Meets,Ready Now
E01823,2025,3.0,75.9,3.0,Low,Meets,Not Ready
E01823,2026,3.4,88.7,3.7,Medium,Partially Meets,Ready Now
E01824,2026,3.8,89.2,4.1,Medium,Partially Meets,Ready Now
E01826,2022,2.4,91.0,2.7,Low,Meets,Not Ready
E01826,2023,2.5,71.5,2.4,Medium,Partially Meets,Ready 1-2 Years
E01826,2024,2.4,73.8,2.5,Low,Outstanding,Ready Now
E01826,2025,2.5,83.7,2.5,Medium,Meets,Ready 1-2 Years
E01826,2026,2.2,79.9,1.9,Medium,Meets,Ready Now
E01827,2023,3.2,64.8,3.2,Medium,Meets,Not Ready
E01827,2024,3.1,82.8,2.6,Medium,Meets,Ready 1-2 Years
E01827,2025,3.1,85.4,3.1,Medium,Meets,Not Ready
E01827,2026,3.4,79.0,3.2,Medium,Meets,Ready 1-2 Years
E01828,2026,2.8,97.8,2.5,Medium,Exceeds,Ready 1-2 Years
E01829,2024,3.3,75.4,3.5,Medium,Meets,Not Ready
E01829,2025,3.7,95.3,3.9,Low,Meets,Ready Now
E01829,2026,3.3,72.1,3.6,Low,Meets,Ready Now
E01830,2022,3.2,77.7,2.7,Medium,Meets,Ready Now
E01830,2023,3.6,69.1,3.8,Medium,Partially Meets,Not Ready
E01830,2024,3.4,88.0,3.6,Low,Partially Meets,Ready Now
E01830,2025,2.3,79.5,2.7,Low,Meets,Ready 1-2 Years
E01830,2026,3.1,94.9,3.3,Medium,Exceeds,Not Ready
E01831,2022,3.2,66.0,3.3,High,Meets,Ready 1-2 Years
E01831,2023,3.2,87.5,2.9,Medium,Exceeds,Not Ready
E01831,2024,3.2,69.4,2.9,High,Exceeds,Not Ready
E01831,2025,3.6,88.8,3.6,Medium,Meets,Not Ready
E01831,2026,3.9,101.2,4.2,Medium,Meets,Not Ready
E01832,2022,2.4,72.5,2.5,Medium,Meets,Ready Now
E01832,2023,3.0,57.6,3.0,Medium,Partially Meets,Ready Now
E01832,2024,3.1,75.1,2.8,Medium,Outstanding,Not Ready
E01832,2025,2.8,68.5,2.3,Medium,Exceeds,Ready 1-2 Years
E01832,2026,2.8,71.8,2.7,Medium,Partially Meets,Ready 1-2 Years
E01833,2022,2.7,69.4,2.8,Low,Partially Meets,Ready 1-2 Years
E01833,2023,3.0,87.5,2.8,Low,Meets,Ready 1-2 Years
E01833,2024,2.4,82.5,2.8,Medium,Meets,Not Ready
E01833,2025,3.0,80.8,3.0,Medium,Meets,Not Ready
E01833,2026,2.8,93.8,2.9,Medium,Outstanding,Ready 1-2 Years
E01834,2022,2.4,79.8,2.2,Medium,Exceeds,Not Ready
E01834,2023,2.4,79.4,1.8,Medium,Meets,Ready Now
E01834,2024,3.2,71.3,3.1,Medium,Partially Meets,Ready Now
E01834,2025,3.0,70.6,2.9,Low,Meets,Not Ready
E01834,2026,3.1,70.6,2.5,Medium,Meets,Ready Now
E01835,2022,2.5,80.0,2.2,Low,Meets,Ready 1-2 Years
E01835,2023,2.9,86.1,2.8,Medium,Outstanding,Not Ready
E01835,2024,2.7,75.4,2.4,Low,Partially Meets,Not Ready
E01835,2025,2.6,81.4,2.4,Low,Outstanding,Ready Now
E01835,2026,3.0,98.9,3.1,Medium,Meets,Ready Now
E01836,2022,3.0,80.6,3.2,Low,Exceeds,Ready 1-2 Years
E01836,2023,3.5,73.9,3.4,Medium,Partially Meets,Ready 1-2 Years
E01836,2024,4.0,81.1,4.1,Medium,Outstanding,Not Ready
E01836,2025,3.0,89.8,3.3,Medium,Partially Meets,Not Ready
E01837,2024,3.9,74.5,3.8,High,Meets,Not Ready
E01837,2025,4.0,73.7,4.3,Medium,Partially Meets,Ready 1-2 Years
E01837,2026,3.5,78.3,3.1,High,Meets,Ready 1-2 Years
E01838,2023,3.1,63.3,3.3,Medium,Exceeds,Ready Now
E01838,2024,3.3,76.8,3.3,High,Exceeds,Not Ready
E01838,2025,3.3,84.9,2.9,Medium,Meets,Ready Now
E01838,2026,4.0,85.6,4.0,Medium,Outstanding,Not Ready
E01839,2026,4.0,92.3,3.6,Medium,Outstanding,Ready Now
E01840,2022,2.8,80.0,2.1,Low,Partially Meets,Ready Now
E01840,2023,3.3,87.5,3.0,Low,Exceeds,Not Ready
E01840,2024,2.7,83.7,3.0,Medium,Partially Meets,Ready 1-2 Years
E01840,2025,2.6,76.3,2.3,Medium,Outstanding,Ready Now
E01843,2022,2.8,80.6,2.7,Medium,Meets,Ready 1-2 Years
E01843,2023,2.6,66.8,2.3,Medium,Meets,Not Ready
E01843,2024,2.5,84.7,2.5,Medium,Outstanding,Not Ready
E01843,2025,3.4,87.9,3.8,Medium,Meets,Ready 1-2 Years
E01843,2026,3.1,90.5,3.1,Medium,Meets,Ready 1-2 Years
E01844,2022,3.5,90.2,3.9,High,Partially Meets,Not Ready
E01844,2023,3.3,70.6,3.1,Medium,Exceeds,Ready 1-2 Years
E01844,2024,3.9,79.7,3.7,Medium,Meets,Ready Now
E01844,2025,3.5,81.1,3.9,Medium,Exceeds,Ready 1-2 Years
E01844,2026,3.3,68.2,3.5,Low,Exceeds,Ready Now
E01845,2024,3.3,99.1,3.5,Medium,Partially Meets,Ready 1-2 Years
E01845,2025,3.4,99.5,3.3,Low,Meets,Ready Now
E01845,2026,3.5,90.3,3.5,Medium,Meets,Not Ready
E01846,2022,3.6,96.7,4.0,Medium,Meets,Ready 1-2 Years
E01846,2023,4.2,88.7,4.2,Low,Partially Meets,Ready Now
E01846,2024,3.1,94.6,3.1,Medium,Outstanding,Not Ready
E01846,2025,3.5,95.2,3.4,Medium,Exceeds,Ready Now
E01846,2026,3.3,78.3,3.2,Medium,Partially Meets,Not Ready
E01847,2022,3.3,84.4,3.4,High,Outstanding,Ready 1-2 Years
E01847,2023,2.6,89.2,2.4,Low,Exceeds,Ready Now
E01847,2024,2.9,85.7,2.7,Low,Outstanding,Not Ready
E01847,2025,2.1,79.2,2.3,Medium,Partially Meets,Not Ready
E01847,2026,2.6,81.4,2.5,Medium,Meets,Not Ready
E01849,2025,3.8,94.8,3.2,Medium,Exceeds,Ready 1-2 Years
E01849,2026,3.4,76.8,3.4,Medium,Partially Meets,Ready 1-2 Years
E01852,2025,3.4,63.4,3.9,Medium,Outstanding,Not Ready
E01852,2026,3.5,82.9,3.6,Medium,Outstanding,Not Ready
E01853,2022,4.0,82.9,4.2,High,Partially Meets,Ready 1-2 Years
E01853,2023,3.8,81.4,3.8,Medium,Outstanding,Not Ready
E01853,2024,3.7,79.3,3.6,High,Outstanding,Ready 1-2 Years
E01853,2025,3.8,96.9,4.5,Medium,Partially Meets,Not Ready
E01853,2026,4.0,100.2,4.1,Medium,Meets,Not Ready
E01855,2025,2.6,84.0,2.5,Medium,Meets,Not Ready
E01855,2026,2.2,69.3,1.9,High,Exceeds,Ready 1-2 Years
E01856,2022,3.9,85.1,4.0,Medium,Exceeds,Ready 1-2 Years
E01856,2023,3.5,80.3,3.5,Low,Meets,Not Ready
E01856,2024,4.4,96.0,4.4,Medium,Meets,Ready 1-2 Years
E01856,2025,4.5,92.3,4.1,Low,Exceeds,Ready Now
E01856,2026,4.4,84.3,4.4,Medium,Partially Meets,Not Ready
E01857,2022,4.7,97.0,5.0,Low,Outstanding,Not Ready
E01857,2023,4.7,76.7,4.4,Medium,Exceeds,Ready 1-2 Years
E01857,2024,3.9,79.5,4.1,Medium,Partially Meets,Ready 1-2 Years
E01857,2025,3.9,96.5,3.6,Medium,Meets,Not Ready
E01857,2026,4.3,85.9,3.9,Low,Meets,Ready Now
E01860,2025,3.6,83.8,3.6,Medium,Partially Meets,Ready Now
E01860,2026,3.3,91.6,3.2,Medium,Outstanding,Not Ready
E01861,2022,3.5,76.5,3.4,Medium,Meets,Not Ready
E01861,2023,2.5,62.4,3.1,Medium,Partially Meets,Ready 1-2 Years
E01861,2024,3.6,84.1,3.5,Low,Meets,Ready Now
E01861,2025,3.5,87.6,3.1,Medium,Outstanding,Ready 1-2 Years
E01861,2026,3.3,84.6,3.6,Medium,Exceeds,Ready Now
E01862,2026,3.0,69.4,2.7,Medium,Partially Meets,Ready Now
E01863,2026,3.8,84.7,3.9,Low,Outstanding,Ready Now
E01864,2022,3.1,84.0,2.5,Low,Meets,Not Ready
E01864,2023,3.6,74.3,4.0,High,Meets,Not Ready
E01864,2024,3.6,80.7,3.8,Low,Partially Meets,Ready Now
E01864,2025,3.2,81.9,3.5,Medium,Exceeds,Ready 1-2 Years
E01864,2026,3.7,90.2,3.9,Medium,Exceeds,Not Ready
E01865,2023,4.0,108.7,4.3,High,Outstanding,Not Ready
E01865,2024,3.2,88.6,3.2,High,Outstanding,Ready Now
E01865,2025,4.2,89.6,4.3,Medium,Partially Meets,Ready 1-2 Years
E01865,2026,3.6,73.8,4.1,High,Outstanding,Ready 1-2 Years
E01866,2022,3.6,84.1,3.5,Medium,Meets,Ready Now
E01866,2023,3.2,62.2,3.3,Low,Meets,Ready Now
E01866,2024,3.3,89.4,3.2,Medium,Outstanding,Ready Now
E01866,2025,3.1,92.9,2.7,Medium,Meets,Ready 1-2 Years
E01867,2023,2.7,97.3,3.0,Medium,Meets,Ready Now
E01867,2024,2.5,87.4,2.6,Low,Outstanding,Not Ready
E01867,2025,3.2,83.3,3.1,Low,Meets,Ready Now
E01867,2026,2.7,68.1,2.6,Medium,Exceeds,Not Ready
E01868,2025,2.8,80.8,3.1,Low,Partially Meets,Ready Now
E01868,2026,2.6,97.8,2.7,Medium,Exceeds,Ready 1-2 Years
E01869,2023,2.4,66.7,1.9,Medium,Partially Meets,Ready Now
E01869,2024,2.8,74.1,2.8,Low,Partially Meets,Not Ready
E01869,2025,1.6,73.9,1.6,Medium,Meets,Not Ready
E01869,2026,1.8,68.7,1.8,Low,Meets,Ready Now
E01870,2022,2.8,74.2,2.5,Low,Meets,Ready Now
E01870,2023,3.1,73.8,3.3,Low,Partially Meets,Not Ready
E01870,2024,3.3,89.2,3.6,Medium,Outstanding,Not Ready
E01870,2025,3.1,79.5,3.2,Medium,Outstanding,Ready Now
E01870,2026,2.9,81.8,3.2,Medium,Meets,Ready Now
E01871,2025,3.5,87.2,3.3,Medium,Outstanding,Ready Now
E01871,2026,2.3,55.0,2.7,High,Exceeds,Ready Now
E01872,2022,3.7,99.9,3.8,Medium,Partially Meets,Not Ready
E01872,2023,3.8,93.2,3.7,Medium,Exceeds,Not Ready
E01872,2024,3.6,87.2,3.4,Medium,Meets,Ready 1-2 Years
E01872,2025,4.2,92.6,4.6,Medium,Meets,Not Ready
E01872,2026,4.3,90.7,4.3,Medium,Partially Meets,Ready 1-2 Years
E01873,2026,5.0,89.7,5.0,Medium,Partially Meets,Not Ready
E01874,2022,2.8,84.4,3.4,High,Partially Meets,Not Ready
E01874,2023,3.0,78.6,3.0,Medium,Exceeds,Ready 1-2 Years
E01874,2024,2.2,69.2,1.7,Medium,Meets,Ready 1-2 Years
E01874,2025,2.9,87.9,3.2,Medium,Meets,Ready 1-2 Years
E01874,2026,3.6,90.9,4.1,Medium,Exceeds,Ready 1-2 Years
E01877,2022,3.9,96.4,3.6,Low,Partially Meets,Ready Now
E01877,2023,3.7,96.0,3.6,High,Meets,Ready 1-2 Years
E01877,2024,3.7,91.8,3.3,High,Meets,Not Ready
E01877,2025,3.8,80.1,3.6,Medium,Meets,Ready 1-2 Years
E01877,2026,3.9,78.6,3.5,Medium,Meets,Not Ready
E01878,2022,1.9,84.8,1.7,Medium,Partially Meets,Not Ready
E01878,2023,2.2,86.3,2.1,Medium,Meets,Ready Now
E01878,2024,2.3,69.7,2.2,Medium,Outstanding,Ready Now
E01878,2025,2.0,87.3,2.3,Low,Partially Meets,Ready Now
E01878,2026,2.3,85.0,2.5,Medium,Meets,Ready 1-2 Years
E01879,2026,3.8,79.6,4.3,Medium,Exceeds,Ready Now
E01880,2022,4.2,83.7,4.0,Low,Meets,Ready Now
E01880,2023,3.2,78.3,2.8,Medium,Meets,Not Ready
E01880,2024,3.6,90.7,3.5,Low,Outstanding,Ready 1-2 Years
E01880,2025,4.0,91.6,3.6,Medium,Exceeds,Ready 1-2 Years
E01881,2023,3.8,82.0,3.6,Low,Meets,Not Ready
E01881,2024,2.8,65.4,2.2,Medium,Exceeds,Ready Now
E01881,2025,2.9,85.4,2.5,High,Partially Meets,Ready 1-2 Years
E01881,2026,3.4,75.4,3.0,Medium,Meets,Ready Now
E01882,2022,2.8,92.7,3.0,High,Partially Meets,Ready Now
E01882,2023,2.6,83.9,2.9,Medium,Outstanding,Not Ready
E01882,2024,2.4,96.9,2.4,Medium,Meets,Ready 1-2 Years
E01882,2025,2.5,48.9,2.3,High,Partially Meets,Ready Now
E01882,2026,2.6,77.4,2.6,Medium,Meets,Not Ready
E01883,2022,3.4,89.2,3.8,Medium,Outstanding,Not Ready
E01883,2023,3.4,74.3,3.7,Low,Outstanding,Not Ready
E01883,2024,3.9,100.3,4.0,Medium,Meets,Ready Now
E01883,2025,4.1,85.7,4.0,Medium,Meets,Not Ready
E01884,2022,2.2,79.9,2.4,Medium,Outstanding,Ready Now
E01884,2023,2.9,88.5,2.9,Medium,Meets,Not Ready
E01884,2024,2.7,95.1,3.5,Medium,Partially Meets,Not Ready
E01884,2025,2.9,95.5,2.9,Medium,Outstanding,Not Ready
E01884,2026,3.3,70.3,3.6,High,Meets,Ready Now
E01885,2022,2.5,85.9,3.2,Medium,Meets,Ready Now
E01885,2023,2.4,94.6,2.5,High,Partially Meets,Ready Now
E01885,2024,2.6,93.1,2.6,Medium,Outstanding,Ready Now
E01885,2025,3.0,85.4,3.0,Medium,Meets,Ready Now
E01885,2026,2.7,61.7,2.8,Medium,Partially Meets,Ready 1-2 Years
E01886,2022,3.1,100.0,3.1,High,Outstanding,Not Ready
E01886,2023,3.5,89.4,3.6,Medium,Meets,Ready 1-2 Years
E01886,2024,3.2,89.6,3.3,Low,Partially Meets,Not Ready
E01886,2025,3.4,75.3,3.7,Medium,Exceeds,Ready 1-2 Years
E01886,2026,3.1,84.3,3.2,High,Meets,Ready 1-2 Years
E01887,2023,3.5,75.1,3.8,Medium,Exceeds,Ready Now
E01887,2024,3.6,82.4,3.1,Medium,Partially Meets,Ready Now
E01887,2025,3.6,76.6,3.8,High,Meets,Ready Now
E01887,2026,3.8,86.2,3.6,Low,Outstanding,Not Ready
E01888,2023,3.7,67.1,3.1,Low,Partially Meets,Ready Now
E01888,2024,3.4,84.9,3.5,High,Partially Meets,Ready 1-2 Years
E01888,2025,3.3,81.3,3.4,Medium,Outstanding,Not Ready
E01888,2026,3.4,69.0,3.2,High,Outstanding,Not Ready
E01889,2022,2.8,80.4,3.0,Low,Exceeds,Not Ready
E01889,2023,3.1,85.6,2.9,Medium,Outstanding,Ready Now
E01889,2024,2.7,87.6,2.4,Low,Meets,Ready 1-2 Years
E01889,2025,3.4,85.3,3.6,High,Exceeds,Not Ready
E01889,2026,3.3,71.5,3.7,Medium,Meets,Ready Now
E01890,2023,4.2,79.7,4.3,High,Meets,Not Ready
E01890,2024,4.2,101.5,4.4,Medium,Meets,Ready 1-2 Years
E01890,2025,4.3,81.0,4.1,Low,Exceeds,Ready Now
E01890,2026,3.9,84.7,4.6,Medium,Meets,Ready Now
E01891,2022,4.5,83.1,4.6,High,Meets,Not Ready
E01891,2023,4.6,91.4,4.6,Medium,Partially Meets,Ready Now
E01891,2024,4.3,85.0,4.3,High,Exceeds,Ready Now
E01891,2025,4.3,92.0,4.2,Medium,Partially Meets,Not Ready
E01891,2026,4.1,86.0,4.5,Medium,Meets,Ready 1-2 Years
E01892,2026,2.8,83.3,3.0,High,Meets,Ready 1-2 Years
E01893,2024,3.9,92.3,4.2,High,Meets,Not Ready
E01893,2025,4.4,95.9,4.7,Medium,Partially Meets,Ready 1-2 Years
E01893,2026,4.7,113.5,4.3,Low,Meets,Not Ready
E01894,2026,3.4,87.6,3.6,Low,Outstanding,Ready Now
E01895,2022,4.5,108.0,4.2,Medium,Partially Meets,Not Ready
E01895,2023,5.0,82.0,5.0,Medium,Outstanding,Not Ready
E01895,2024,4.3,90.7,4.2,High,Outstanding,Ready 1-2 Years
E01895,2025,3.7,82.9,3.3,Medium,Outstanding,Not Ready
E01895,2026,3.9,77.3,3.8,Medium,Meets,Ready Now
E01896,2023,3.0,79.1,3.2,Medium,Exceeds,Ready 1-2 Years
E01896,2024,3.2,82.3,3.4,Medium,Meets,Ready Now
E01896,2025,3.0,72.5,3.2,Medium,Outstanding,Ready 1-2 Years
E01896,2026,3.3,80.5,3.0,Medium,Meets,Not Ready
E01897,2023,3.7,107.8,3.9,Medium,Exceeds,Not Ready
E01897,2024,3.1,89.0,3.1,Medium,Meets,Ready Now
E01897,2025,2.9,99.0,2.8,Medium,Meets,Not Ready
E01897,2026,3.3,91.1,3.6,Medium,Outstanding,Not Ready
E01898,2026,3.1,69.9,2.7,Medium,Partially Meets,Not Ready
E01899,2022,4.5,97.1,4.5,Medium,Meets,Not Ready
E01899,2023,4.3,94.1,4.4,Medium,Meets,Ready Now
E01899,2024,4.7,106.8,4.5,Medium,Exceeds,Ready 1-2 Years
E01899,2025,5.0,97.3,4.7,Low,Exceeds,Ready Now
E01899,2026,4.5,93.0,4.1,Low,Meets,Ready Now
E01900,2022,2.5,83.6,2.9,High,Meets,Not Ready
E01900,2023,3.5,84.3,3.3,Medium,Meets,Ready Now
E01900,2024,2.3,91.0,2.7,High,Exceeds,Not Ready
E01900,2025,3.2,78.1,3.5,High,Outstanding,Ready 1-2 Years
E01900,2026,3.5,91.1,3.5,Medium,Partially Meets,Not Ready
E01901,2022,4.2,79.0,4.5,Medium,Meets,Ready Now
E01901,2023,4.2,72.0,4.0,Medium,Meets,Ready 1-2 Years
E01901,2024,3.7,88.2,3.9,Medium,Meets,Not Ready
E01901,2025,4.2,97.2,4.3,Medium,Outstanding,Ready 1-2 Years
E01901,2026,3.4,83.4,3.4,Medium,Partially Meets,Ready Now
E01902,2022,3.5,86.6,3.8,Medium,Meets,Ready Now
E01902,2023,3.7,79.8,3.7,Low,Exceeds,Ready Now
E01902,2024,3.0,67.0,3.1,Medium,Exceeds,Ready Now
E01902,2025,3.6,101.7,3.8,Low,Partially Meets,Ready Now
E01902,2026,3.6,88.7,3.5,Medium,Outstanding,Ready 1-2 Years
E01903,2022,3.9,76.6,4.2,Low,Exceeds,Not Ready
E01903,2023,3.8,58.2,3.6,Medium,Outstanding,Not Ready
E01903,2024,3.6,66.7,2.9,Medium,Outstanding,Not Ready
E01903,2025,4.4,94.6,4.0,Medium,Meets,Ready 1-2 Years
E01903,2026,3.9,88.4,3.5,Medium,Outstanding,Ready Now
E01904,2022,3.5,83.8,3.5,Medium,Meets,Ready Now
E01904,2023,2.9,72.2,3.1,High,Partially Meets,Ready 1-2 Years
E01904,2024,2.0,89.8,1.6,High,Meets,Ready Now
E01904,2025,2.6,65.6,2.5,High,Exceeds,Ready 1-2 Years
E01904,2026,3.2,84.9,3.5,Medium,Meets,Not Ready
E01905,2022,3.2,78.7,2.7,High,Exceeds,Ready Now
E01905,2023,2.9,77.0,3.0,Medium,Outstanding,Ready Now
E01905,2024,3.1,73.3,2.5,Medium,Exceeds,Not Ready
E01905,2025,3.1,84.0,2.9,Medium,Meets,Ready Now
E01905,2026,3.5,85.0,3.3,Medium,Exceeds,Ready 1-2 Years
E01906,2022,3.4,102.3,3.2,Medium,Exceeds,Ready 1-2 Years
E01906,2023,2.5,56.1,2.1,Low,Meets,Ready Now
E01906,2024,2.5,90.6,2.5,Medium,Meets,Not Ready
E01907,2023,2.5,74.5,2.2,High,Meets,Ready Now
E01907,2024,3.8,100.7,4.3,Medium,Partially Meets,Ready 1-2 Years
E01907,2025,3.4,90.2,3.4,High,Meets,Not Ready
E01907,2026,3.4,72.9,3.4,Medium,Partially Meets,Not Ready
E01908,2022,3.9,72.8,4.1,High,Meets,Ready 1-2 Years
E01908,2023,3.7,95.3,3.6,Medium,Meets,Ready Now
E01908,2024,3.5,89.4,3.6,Medium,Partially Meets,Ready 1-2 Years
E01908,2025,3.5,98.4,3.1,Medium,Exceeds,Ready Now
E01908,2026,4.0,92.2,3.9,Medium,Meets,Ready Now
E01909,2022,2.3,72.0,2.4,Medium,Partially Meets,Not Ready
E01909,2023,2.4,70.2,2.4,High,Meets,Not Ready
E01909,2024,2.4,82.5,2.5,Medium,Exceeds,Ready 1-2 Years
E01909,2025,2.7,93.9,2.5,Medium,Meets,Not Ready
E01909,2026,2.1,64.6,1.5,Medium,Meets,Not Ready
E01910,2024,3.3,73.9,3.6,Medium,Meets,Not Ready
E01910,2025,3.4,74.5,3.4,Low,Exceeds,Ready Now
E01910,2026,2.8,88.2,2.7,Low,Outstanding,Not Ready
E01911,2022,2.6,73.8,2.6,Medium,Outstanding,Ready 1-2 Years
E01911,2023,1.5,61.1,1.0,Medium,Outstanding,Ready 1-2 Years
E01911,2024,1.9,70.5,2.1,Medium,Exceeds,Ready 1-2 Years
E01911,2025,2.6,73.8,3.0,High,Meets,Ready Now
E01911,2026,2.3,55.1,2.4,Medium,Partially Meets,Not Ready
E01912,2026,4.4,109.3,4.4,High,Meets,Ready Now
E01913,2022,3.8,88.1,3.2,Low,Exceeds,Ready Now
E01913,2023,4.0,102.3,3.8,Medium,Outstanding,Ready Now
E01913,2024,3.7,90.9,4.0,Low,Meets,Ready 1-2 Years
E01913,2025,4.3,70.4,3.8,Medium,Outstanding,Ready Now
E01913,2026,3.7,103.3,3.4,Medium,Partially Meets,Not Ready
E01914,2022,3.0,63.7,3.2,Medium,Exceeds,Ready 1-2 Years
E01914,2023,3.0,83.6,3.0,Low,Exceeds,Not Ready
E01914,2024,1.8,66.1,2.3,Medium,Exceeds,Ready 1-2 Years
E01914,2025,2.2,90.1,1.9,Medium,Outstanding,Ready Now
E01916,2025,3.2,84.4,3.4,Medium,Partially Meets,Ready 1-2 Years
E01916,2026,3.7,83.2,3.3,High,Exceeds,Not Ready
E01917,2022,3.3,84.1,3.1,Medium,Outstanding,Ready Now
E01917,2023,2.8,81.2,2.4,Medium,Meets,Not Ready
E01917,2024,3.0,67.8,2.9,Low,Outstanding,Not Ready
E01918,2024,3.0,75.2,2.9,Low,Meets,Ready Now
E01918,2025,3.2,86.7,3.3,Medium,Outstanding,Not Ready
E01918,2026,3.0,96.1,3.5,High,Partially Meets,Ready 1-2 Years
E01920,2023,4.6,83.9,4.8,High,Meets,Not Ready
E01921,2022,3.5,83.0,3.7,Medium,Partially Meets,Ready 1-2 Years
E01921,2023,4.2,74.6,4.1,Medium,Meets,Not Ready
E01921,2024,3.6,91.5,3.3,Medium,Meets,Ready Now
E01921,2025,3.6,88.3,3.6,Medium,Exceeds,Not Ready
E01921,2026,3.9,96.7,3.5,Medium,Meets,Ready Now
E01922,2025,3.4,108.5,2.9,Medium,Meets,Ready 1-2 Years
E01922,2026,3.6,101.6,3.9,Medium,Outstanding,Ready Now
E01923,2023,3.1,84.1,3.0,Medium,Exceeds,Ready 1-2 Years
E01923,2024,2.9,74.2,2.7,Medium,Meets,Ready Now
E01923,2025,3.4,82.8,3.2,Medium,Meets,Ready 1-2 Years
E01923,2026,3.6,74.7,3.4,High,Exceeds,Not Ready
E01924,2022,4.2,82.4,4.4,Medium,Outstanding,Ready Now
E01924,2023,3.1,79.7,2.7,Low,Meets,Not Ready
E01924,2024,4.3,89.7,4.7,Medium,Outstanding,Ready 1-2 Years
E01924,2025,3.8,105.0,3.8,Medium,Meets,Ready Now
E01924,2026,4.2,87.0,4.1,High,Exceeds,Ready 1-2 Years
E01925,2024,3.2,75.3,2.9,Low,Outstanding,Ready Now
E01925,2025,3.5,94.1,3.3,Low,Meets,Ready 1-2 Years
E01925,2026,3.4,95.3,3.6,Low,Meets,Ready Now
E01926,2022,3.7,88.2,3.8,Low,Partially Meets,Ready Now
E01926,2023,4.8,88.1,5.0,High,Meets,Ready 1-2 Years
E01926,2024,3.8,83.1,3.9,Low,Meets,Ready 1-2 Years
E01926,2025,3.8,80.8,3.1,Medium,Outstanding,Ready Now
E01926,2026,4.0,68.9,4.0,Low,Partially Meets,Ready Now
E01927,2026,4.7,76.7,4.6,Medium,Meets,Ready Now
E01928,2022,2.4,70.5,2.1,Medium,Meets,Ready Now
E01928,2023,2.7,86.6,2.8,Medium,Meets,Ready Now
E01928,2024,2.9,102.4,3.1,Low,Meets,Ready Now
E01928,2025,2.2,88.0,2.2,Medium,Exceeds,Not Ready
E01928,2026,2.9,69.6,2.4,Medium,Partially Meets,Not Ready
E01929,2022,3.8,75.4,4.1,Medium,Meets,Ready Now
E01929,2023,3.2,101.4,2.9,Medium,Outstanding,Not Ready
E01929,2024,4.1,81.7,4.0,High,Meets,Not Ready
E01929,2025,3.9,91.6,4.5,Medium,Outstanding,Ready 1-2 Years
E01929,2026,4.0,96.0,3.9,Low,Meets,Ready Now
E01930,2022,3.4,86.6,3.6,Medium,Outstanding,Ready 1-2 Years
E01930,2023,3.1,81.8,3.1,High,Meets,Ready 1-2 Years
E01930,2024,3.3,71.3,3.2,Medium,Meets,Ready 1-2 Years
E01930,2025,3.2,84.0,3.2,Medium,Meets,Not Ready
E01930,2026,3.3,90.8,3.0,Low,Outstanding,Not Ready
E01932,2022,4.6,82.4,4.1,High,Meets,Ready Now
E01932,2023,4.1,99.2,4.2,Medium,Outstanding,Ready 1-2 Years
E01932,2024,3.6,94.1,3.2,Low,Meets,Ready 1-2 Years
E01932,2025,4.2,100.0,4.2,Medium,Meets,Not Ready
E01932,2026,3.8,90.9,3.1,Medium,Exceeds,Ready Now
E01933,2022,4.1,76.0,4.5,High,Outstanding,Ready 1-2 Years
E01933,2023,4.5,92.0,4.3,Medium,Outstanding,Not Ready
E01933,2024,3.5,79.5,3.5,Low,Meets,Not Ready
E01933,2025,4.2,97.0,4.2,Medium,Exceeds,Ready Now
E01933,2026,4.4,97.2,4.2,Medium,Outstanding,Ready 1-2 Years
E01934,2022,5.0,78.0,4.7,Medium,Meets,Not Ready
E01934,2023,4.4,98.9,4.9,Medium,Outstanding,Ready Now
E01934,2024,5.0,85.6,4.5,High,Partially Meets,Ready Now
E01934,2025,4.4,94.3,4.3,Medium,Meets,Ready Now
E01934,2026,4.9,87.6,5.0,Medium,Outstanding,Not Ready
E01935,2022,3.0,78.2,3.5,Low,Meets,Ready 1-2 Years
E01935,2023,3.2,72.3,2.5,Low,Exceeds,Ready 1-2 Years
E01935,2024,2.9,85.3,3.2,Low,Exceeds,Not Ready
E01935,2025,3.3,72.7,3.4,Low,Outstanding,Ready Now
E01935,2026,2.8,89.1,2.8,Medium,Partially Meets,Ready 1-2 Years
E01936,2022,2.6,77.3,2.3,Medium,Outstanding,Ready Now
E01936,2023,3.4,78.7,3.5,Low,Meets,Ready Now
E01936,2024,3.3,84.9,3.1,High,Meets,Ready Now
E01936,2025,3.6,74.4,3.7,High,Meets,Not Ready
E01936,2026,3.5,92.1,3.7,Medium,Meets,Ready 1-2 Years
E01937,2022,2.1,87.6,2.2,Medium,Meets,Ready 1-2 Years
E01937,2023,2.5,83.2,2.6,High,Exceeds,Not Ready
E01937,2024,3.0,68.1,3.0,Medium,Meets,Ready Now
E01937,2025,3.4,81.1,3.5,Medium,Meets,Not Ready
E01937,2026,2.7,90.3,3.3,High,Partially Meets,Ready Now
E01938,2022,4.6,110.8,4.9,Medium,Partially Meets,Ready 1-2 Years
E01938,2023,4.2,86.9,3.9,High,Exceeds,Ready Now
E01938,2024,3.8,93.5,3.5,Low,Partially Meets,Ready Now
E01938,2025,4.0,98.1,3.9,Medium,Meets,Not Ready
E01938,2026,4.2,98.1,3.9,Medium,Partially Meets,Ready Now
E01939,2024,4.7,97.3,5.0,High,Meets,Ready Now
E01939,2025,4.2,109.3,4.3,Medium,Outstanding,Ready Now
E01939,2026,4.5,81.2,4.2,Medium,Partially Meets,Ready 1-2 Years
E01940,2022,3.6,97.6,3.2,High,Meets,Ready 1-2 Years
E01940,2023,3.6,100.9,3.9,Medium,Partially Meets,Ready 1-2 Years
E01940,2024,3.6,99.7,4.0,Medium,Outstanding,Ready Now
E01940,2025,3.8,99.2,4.3,High,Meets,Ready 1-2 Years
E01940,2026,3.6,96.8,3.5,Medium,Meets,Ready 1-2 Years
E01941,2022,4.0,95.2,4.0,Medium,Partially Meets,Not Ready
E01941,2023,3.6,95.7,3.8,Medium,Meets,Ready 1-2 Years
E01941,2024,3.4,94.6,3.4,Medium,Meets,Ready Now
E01941,2025,3.8,77.8,3.1,Low,Exceeds,Ready 1-2 Years
E01941,2026,3.7,85.7,3.6,Low,Exceeds,Ready 1-2 Years
E01942,2022,3.5,98.3,3.5,Medium,Meets,Not Ready
E01942,2023,3.5,86.4,3.2,Medium,Exceeds,Ready 1-2 Years
E01942,2024,3.5,75.6,3.8,Medium,Partially Meets,Ready Now
E01942,2025,3.9,79.2,3.8,High,Meets,Ready Now
E01942,2026,3.9,70.6,4.4,Low,Meets,Ready 1-2 Years
E01943,2022,4.3,81.1,4.1,Medium,Outstanding,Not Ready
E01943,2023,4.0,73.4,3.9,High,Exceeds,Ready Now
E01943,2024,4.3,96.7,4.2,Medium,Outstanding,Ready 1-2 Years
E01943,2025,4.2,96.1,4.3,Low,Exceeds,Ready Now
E01943,2026,5.0,103.9,4.4,High,Meets,Not Ready
E01944,2022,3.2,74.4,3.1,Medium,Meets,Ready Now
E01944,2023,3.0,79.8,3.1,Medium,Partially Meets,Ready 1-2 Years
E01944,2024,3.6,76.2,3.1,Medium,Outstanding,Ready 1-2 Years
E01944,2025,3.0,75.4,2.6,Medium,Exceeds,Ready Now
E01944,2026,3.0,111.1,3.1,Low,Meets,Ready Now
E01945,2023,3.8,73.0,4.3,Medium,Meets,Ready Now
E01945,2024,3.5,68.4,3.4,Medium,Meets,Ready 1-2 Years
E01945,2025,4.1,82.8,4.8,Medium,Exceeds,Not Ready
E01945,2026,4.0,79.7,4.6,Medium,Meets,Not Ready
E01946,2022,4.0,92.5,4.1,Medium,Meets,Ready 1-2 Years
E01946,2023,4.2,75.4,4.2,High,Outstanding,Ready 1-2 Years
E01946,2024,4.7,99.2,4.7,Medium,Exceeds,Ready Now
E01946,2025,4.2,75.7,3.6,High,Meets,Ready Now
E01946,2026,4.2,103.0,4.2,Medium,Exceeds,Not Ready
E01947,2022,3.5,79.4,3.4,Medium,Outstanding,Ready 1-2 Years
E01947,2023,3.9,84.1,4.0,Medium,Meets,Not Ready
E01947,2024,3.5,72.5,3.2,Low,Meets,Not Ready
E01948,2022,3.8,84.5,3.7,Medium,Exceeds,Ready 1-2 Years
E01948,2023,3.7,103.8,3.8,Medium,Exceeds,Ready Now
E01948,2024,4.3,81.0,4.6,Low,Exceeds,Not Ready
E01948,2025,3.9,77.0,3.7,Medium,Meets,Not Ready
E01948,2026,3.2,96.0,3.0,Medium,Meets,Not Ready
E01950,2025,4.8,80.1,4.3,Medium,Meets,Ready 1-2 Years
E01950,2026,4.9,91.9,4.9,Medium,Partially Meets,Ready 1-2 Years
E01951,2026,3.8,100.2,3.7,High,Partially Meets,Ready Now
E01952,2026,3.4,71.8,2.7,Low,Meets,Ready 1-2 Years
E01953,2026,3.4,76.7,3.5,Medium,Outstanding,Not Ready
E01954,2022,3.8,94.8,3.9,Medium,Meets,Ready 1-2 Years
E01954,2023,4.0,95.5,4.0,Medium,Partially Meets,Ready 1-2 Years
E01957,2022,3.7,75.7,3.5,Medium,Partially Meets,Ready 1-2 Years
E01957,2023,3.1,62.2,2.6,Low,Meets,Ready Now
E01957,2024,3.6,87.1,3.6,High,Meets,Ready Now
E01957,2025,3.8,105.4,4.1,Medium,Meets,Ready Now
E01957,2026,3.3,66.2,3.6,High,Exceeds,Ready 1-2 Years
E01958,2023,3.8,75.1,3.7,Medium,Exceeds,Not Ready
E01958,2024,4.5,91.3,4.4,Medium,Meets,Ready Now
E01958,2025,4.8,89.4,4.5,Medium,Outstanding,Ready Now
E01958,2026,4.2,103.1,3.9,Medium,Meets,Ready Now
E01959,2022,4.1,89.6,4.1,Low,Meets,Not Ready
E01959,2023,3.9,86.6,4.5,Medium,Partially Meets,Not Ready
E01959,2024,4.1,96.4,4.2,Medium,Meets,Ready Now
E01959,2025,3.6,82.5,3.8,Medium,Partially Meets,Not Ready
E01959,2026,3.7,103.7,4.0,Medium,Partially Meets,Ready Now
E01960,2022,3.5,92.8,3.2,High,Meets,Ready Now
E01960,2023,4.5,77.4,4.6,Medium,Meets,Ready Now
E01960,2024,4.2,84.4,4.5,Medium,Meets,Ready 1-2 Years
E01960,2025,4.2,92.9,4.0,Low,Exceeds,Ready 1-2 Years
E01960,2026,4.3,90.2,4.5,Medium,Meets,Not Ready
E01961,2022,2.6,87.7,2.7,Medium,Exceeds,Ready 1-2 Years
E01961,2023,2.6,79.0,2.3,Low,Meets,Ready Now
E01961,2024,3.2,89.1,3.4,Medium,Outstanding,Ready Now
E01961,2025,3.5,67.7,3.2,Low,Exceeds,Ready Now
E01961,2026,2.7,72.2,3.0,Medium,Partially Meets,Not Ready
E01962,2023,4.4,96.9,4.2,High,Meets,Ready Now
E01962,2024,3.7,96.0,3.6,Medium,Partially Meets,Ready 1-2 Years
E01962,2025,3.6,83.4,3.3,Medium,Meets,Not Ready
E01962,2026,4.0,81.4,3.9,Medium,Meets,Not Ready
E01963,2022,3.9,78.7,4.1,Medium,Meets,Ready Now
E01963,2023,4.3,81.2,4.0,Medium,Outstanding,Not Ready
E01963,2024,3.9,102.3,3.8,Medium,Partially Meets,Not Ready
E01963,2025,4.2,90.4,4.4,Low,Exceeds,Not Ready
E01963,2026,3.8,77.8,3.9,Medium,Meets,Ready 1-2 Years
E01964,2022,3.7,87.4,3.8,Medium,Outstanding,Ready Now
E01964,2023,4.0,92.2,4.0,Medium,Outstanding,Not Ready
E01964,2024,3.4,89.8,3.6,Medium,Partially Meets,Not Ready
E01964,2025,3.7,76.6,3.4,Low,Outstanding,Not Ready
E01964,2026,3.3,91.5,3.4,Medium,Meets,Not Ready
E01965,2025,4.0,92.4,4.4,Medium,Outstanding,Ready 1-2 Years
E01965,2026,4.0,77.7,4.1,High,Partially Meets,Ready 1-2 Years
E01966,2022,2.5,85.7,2.6,High,Meets,Ready Now
E01966,2023,2.6,73.8,2.2,Medium,Partially Meets,Ready 1-2 Years
E01966,2024,1.5,69.5,1.4,Medium,Outstanding,Ready Now
E01966,2025,2.0,75.1,2.1,High,Meets,Ready 1-2 Years
E01966,2026,1.8,78.4,1.4,Medium,Exceeds,Ready 1-2 Years
E01968,2022,3.6,85.7,3.3,High,Partially Meets,Ready 1-2 Years
E01968,2023,4.0,83.3,4.1,Medium,Meets,Ready 1-2 Years
E01968,2024,4.1,92.1,3.9,Medium,Exceeds,Ready 1-2 Years
E01968,2025,4.1,81.7,4.1,Low,Meets,Ready Now
E01968,2026,3.9,76.9,4.0,Low,Outstanding,Ready 1-2 Years
E01969,2022,4.1,75.6,4.2,Medium,Meets,Ready 1-2 Years
E01969,2023,3.2,85.9,2.9,Medium,Meets,Ready 1-2 Years
E01969,2024,3.5,84.3,3.7,High,Outstanding,Not Ready
E01969,2025,3.3,82.2,3.5,High,Outstanding,Ready 1-2 Years
E01969,2026,3.8,84.9,3.6,High,Meets,Not Ready
E01970,2022,4.2,88.6,4.0,Low,Partially Meets,Ready Now
E01970,2023,4.3,104.5,4.7,Medium,Exceeds,Ready 1-2 Years
E01970,2024,4.0,81.7,4.3,Medium,Meets,Ready Now
E01970,2025,4.7,72.9,4.7,Low,Outstanding,Ready Now
E01970,2026,4.0,97.0,4.2,Medium,Meets,Ready 1-2 Years
E01971,2026,4.0,102.0,4.4,Medium,Partially Meets,Ready 1-2 Years
E01972,2023,3.9,97.0,4.0,High,Partially Meets,Ready Now
E01972,2024,3.3,78.5,3.9,Medium,Meets,Not Ready
E01972,2025,3.3,70.9,3.0,High,Meets,Ready 1-2 Years
E01972,2026,3.5,106.0,3.3,Low,Meets,Not Ready
E01973,2022,4.1,91.3,3.9,Medium,Meets,Ready Now
E01973,2023,4.0,71.1,4.0,Medium,Meets,Not Ready
E01973,2024,4.4,109.1,4.3,Medium,Meets,Ready Now
E01973,2025,3.5,110.4,3.5,Medium,Partially Meets,Not Ready
E01973,2026,3.7,94.8,3.3,Medium,Meets,Ready 1-2 Years
E01974,2023,2.6,83.5,2.7,Medium,Exceeds,Ready 1-2 Years
E01974,2024,2.5,69.6,2.6,Medium,Outstanding,Not Ready
E01974,2025,2.3,66.8,2.0,Medium,Partially Meets,Ready 1-2 Years
E01974,2026,2.6,79.5,2.3,Medium,Meets,Not Ready
E01975,2022,3.9,83.8,3.9,Low,Partially Meets,Ready 1-2 Years
E01975,2023,3.6,80.3,3.9,Medium,Meets,Ready Now
E01975,2024,3.5,75.2,3.1,Medium,Exceeds,Not Ready
E01975,2025,3.7,95.0,3.7,High,Exceeds,Ready 1-2 Years
E01975,2026,3.9,92.7,3.6,Medium,Meets,Not Ready
E01976,2022,3.3,79.0,3.0,Medium,Outstanding,Ready 1-2 Years
E01976,2023,2.3,82.4,2.5,Medium,Meets,Ready 1-2 Years
E01976,2024,2.2,67.1,2.3,Medium,Outstanding,Ready Now
E01976,2025,3.0,79.7,3.4,Medium,Meets,Not Ready
E01976,2026,2.9,84.2,3.4,Medium,Partially Meets,Not Ready
E01977,2024,3.4,87.4,3.7,Medium,Exceeds,Not Ready
E01977,2025,3.5,75.5,3.4,Medium,Meets,Ready Now
E01977,2026,3.4,93.7,3.6,Medium,Outstanding,Not Ready
E01978,2022,2.6,74.0,2.7,Low,Outstanding,Not Ready
E01978,2023,2.6,91.1,3.1,High,Meets,Not Ready
E01978,2024,2.2,75.1,1.7,Low,Exceeds,Ready Now
E01978,2025,3.2,86.0,3.7,Medium,Partially Meets,Ready 1-2 Years
E01979,2022,3.5,91.6,3.5,Low,Partially Meets,Ready Now
E01979,2023,3.6,70.5,3.0,Low,Exceeds,Not Ready
E01979,2024,3.9,78.1,3.8,High,Meets,Ready Now
E01979,2025,3.4,60.6,3.6,Medium,Exceeds,Ready Now
E01979,2026,2.8,77.4,2.4,Medium,Meets,Ready 1-2 Years
E01980,2022,3.1,82.0,3.1,Medium,Meets,Not Ready
E01980,2023,3.8,86.2,4.1,Low,Meets,Not Ready
E01980,2024,2.8,84.9,2.4,High,Exceeds,Not Ready
E01980,2025,2.9,69.8,2.7,High,Partially Meets,Ready Now
E01980,2026,3.5,76.0,3.6,Medium,Partially Meets,Ready Now
E01981,2022,3.3,82.5,3.3,Medium,Outstanding,Not Ready
E01981,2023,3.4,76.0,3.1,Medium,Meets,Not Ready
E01981,2024,2.8,94.7,2.4,Medium,Partially Meets,Ready Now
E01981,2025,3.7,61.9,3.6,Medium,Meets,Not Ready
E01981,2026,3.1,103.0,3.0,Low,Partially Meets,Ready 1-2 Years
E01982,2022,3.9,88.2,3.9,Low,Meets,Not Ready
E01982,2023,3.5,80.4,3.4,Low,Exceeds,Not Ready
E01982,2024,3.5,81.5,3.1,Medium,Partially Meets,Not Ready
E01982,2025,3.4,77.5,3.5,Medium,Outstanding,Ready Now
E01982,2026,3.5,88.4,3.2,High,Outstanding,Ready Now
E01983,2022,2.9,85.6,3.4,Medium,Partially Meets,Ready Now
E01983,2023,3.4,100.1,3.6,Medium,Meets,Not Ready
E01983,2024,2.9,97.4,2.8,High,Meets,Not Ready
E01983,2025,3.5,68.2,3.9,Medium,Exceeds,Ready 1-2 Years
E01983,2026,3.5,77.3,3.3,Medium,Exceeds,Ready Now
E01984,2025,3.8,53.1,4.3,Low,Meets,Ready 1-2 Years
E01984,2026,3.4,73.1,3.9,Low,Meets,Not Ready
E01985,2024,3.8,85.0,4.4,Medium,Exceeds,Ready Now
E01985,2025,3.5,73.5,3.1,Medium,Partially Meets,Ready Now
E01985,2026,3.7,84.3,4.1,Medium,Partially Meets,Ready 1-2 Years
E01986,2022,3.5,80.2,3.7,Medium,Partially Meets,Ready Now
E01986,2023,2.7,91.9,2.7,Medium,Exceeds,Ready Now
E01986,2024,4.0,89.3,4.2,Medium,Partially Meets,Ready Now
E01986,2025,2.8,68.2,2.5,Medium,Exceeds,Ready 1-2 Years
E01986,2026,2.8,79.8,2.5,Medium,Meets,Ready Now
E01987,2025,3.9,89.9,3.8,High,Partially Meets,Ready 1-2 Years
E01987,2026,3.8,81.5,3.8,Medium,Partially Meets,Ready Now
E01988,2022,4.9,97.2,4.4,High,Exceeds,Ready 1-2 Years
E01988,2023,3.7,81.8,4.2,Medium,Outstanding,Not Ready
E01988,2024,4.5,85.0,4.6,Low,Partially Meets,Ready Now
E01988,2025,4.1,83.2,3.9,High,Partially Meets,Not Ready
E01988,2026,4.4,93.8,4.0,Medium,Partially Meets,Not Ready
E01989,2022,4.2,81.9,4.4,Medium,Exceeds,Ready Now
E01989,2023,4.2,81.3,4.2,Low,Outstanding,Ready Now
E01989,2024,4.1,95.4,4.1,Low,Meets,Ready Now
E01989,2025,4.5,105.9,4.4,Medium,Exceeds,Ready Now
E01989,2026,4.1,91.2,4.5,High,Exceeds,Ready 1-2 Years
E01990,2022,2.9,76.7,2.7,Medium,Exceeds,Not Ready
E01990,2023,3.6,103.6,3.7,Low,Meets,Ready 1-2 Years
E01990,2024,3.4,99.1,3.5,High,Partially Meets,Ready 1-2 Years
E01990,2025,3.2,85.5,3.2,Medium,Meets,Ready Now
E01990,2026,3.0,77.2,3.0,High,Outstanding,Ready 1-2 Years
E01991,2022,3.3,74.8,3.4,Medium,Outstanding,Ready Now
E01991,2023,3.1,103.5,3.1,Low,Meets,Ready 1-2 Years
E01991,2024,3.9,98.2,3.2,Low,Partially Meets,Not Ready
E01991,2025,3.6,95.1,3.6,Medium,Exceeds,Ready 1-2 Years
E01991,2026,3.8,88.1,3.9,Medium,Meets,Not Ready
E01992,2026,3.6,65.6,3.8,Medium,Partially Meets,Not Ready
E01993,2022,3.2,85.1,3.0,High,Partially Meets,Not Ready
E01993,2023,3.3,80.5,3.3,Low,Meets,Ready Now
E01993,2024,3.7,92.1,3.5,Medium,Exceeds,Ready 1-2 Years
E01993,2025,3.0,81.0,3.2,Medium,Outstanding,Ready Now
E01993,2026,3.7,88.2,4.1,Low,Exceeds,Ready Now
E01994,2025,4.1,84.4,4.0,Medium,Meets,Ready 1-2 Years
E01994,2026,3.3,83.2,3.1,High,Meets,Ready Now
E01995,2022,4.8,100.7,5.0,Medium,Outstanding,Not Ready
E01995,2023,3.8,76.9,3.9,Low,Meets,Not Ready
E01995,2024,4.2,94.4,3.9,Low,Exceeds,Ready Now
E01995,2025,4.3,88.8,4.5,Medium,Meets,Not Ready
E01995,2026,4.4,72.4,4.3,Medium,Partially Meets,Ready Now
E01996,2026,2.6,76.2,2.4,Medium,Partially Meets,Not Ready
E01997,2022,3.5,91.9,3.4,Medium,Outstanding,Ready Now
E01997,2023,3.2,87.0,3.6,Medium,Meets,Ready Now
E01997,2024,4.0,86.8,3.6,High,Partially Meets,Ready 1-2 Years
E01997,2025,3.7,86.5,3.3,Medium,Partially Meets,Ready 1-2 Years
E01998,2022,3.2,82.4,3.2,Medium,Outstanding,Ready Now
E01998,2023,4.3,104.1,3.9,Low,Outstanding,Ready 1-2 Years
E01998,2024,4.0,77.2,3.8,Medium,Exceeds,Ready 1-2 Years
E01998,2025,3.6,78.8,3.6,Low,Meets,Ready 1-2 Years
E01998,2026,3.3,67.2,3.7,Medium,Exceeds,Ready Now
E02000,2022,4.1,86.2,3.7,Medium,Partially Meets,Ready Now
E02000,2023,3.7,86.6,3.1,Low,Outstanding,Not Ready
E02000,2024,4.1,96.2,4.1,High,Meets,Ready Now
E02000,2025,4.1,68.7,4.1,Medium,Meets,Ready Now
E02000,2026,3.8,94.5,3.9,High,Meets,Not Ready
E02001,2026,2.5,76.4,3.0,High,Meets,Ready 1-2 Years
E02002,2023,3.4,73.1,3.3,Low,Exceeds,Not Ready
E02002,2024,3.2,107.7,3.0,High,Exceeds,Not Ready
E02002,2025,2.9,84.1,2.7,High,Meets,Ready Now
E02002,2026,3.4,80.9,3.2,Medium,Exceeds,Ready Now
E02003,2024,3.8,94.1,3.6,Medium,Exceeds,Ready Now
E02003,2025,4.2,83.3,4.4,High,Outstanding,Not Ready
E02003,2026,4.4,85.7,4.3,Medium,Exceeds,Ready 1-2 Years
E02004,2023,4.3,73.4,4.5,Low,Outstanding,Ready 1-2 Years
E02004,2024,4.1,84.3,3.9,High,Partially Meets,Not Ready
E02005,2026,3.6,95.4,4.1,Medium,Partially Meets,Not Ready
E02006,2025,2.8,88.2,2.6,Medium,Exceeds,Not Ready
E02006,2026,3.0,75.3,2.9,Medium,Meets,Not Ready
E02007,2023,2.8,88.4,2.1,Medium,Partially Meets,Ready 1-2 Years
E02007,2024,3.5,69.6,3.4,Low,Partially Meets,Ready 1-2 Years
E02007,2025,3.0,90.0,2.9,High,Meets,Ready 1-2 Years
E02007,2026,3.2,85.3,3.3,Medium,Partially Meets,Ready 1-2 Years
E02008,2026,1.8,96.7,1.6,Medium,Exceeds,Ready 1-2 Years
E02009,2025,3.2,78.5,3.0,Low,Outstanding,Ready 1-2 Years
E02009,2026,3.1,88.6,3.1,Medium,Meets,Ready Now
E02010,2022,3.0,77.9,3.2,High,Outstanding,Ready Now
E02010,2023,3.2,85.1,3.0,Medium,Exceeds,Not Ready
E02010,2024,2.8,76.5,2.8,Medium,Exceeds,Not Ready
E02010,2025,3.2,79.1,3.6,Low,Partially Meets,Ready Now
E02010,2026,2.5,83.3,2.4,Medium,Exceeds,Ready Now
E02011,2025,2.8,80.4,2.5,Medium,Outstanding,Ready 1-2 Years
E02011,2026,3.0,89.4,3.2,Medium,Exceeds,Ready 1-2 Years
E02012,2022,3.6,88.1,3.8,Low,Meets,Ready 1-2 Years
E02012,2023,3.1,97.1,3.1,Low,Partially Meets,Not Ready
E02012,2024,3.2,90.1,3.5,Medium,Meets,Not Ready
E02012,2025,3.7,89.0,3.9,Medium,Meets,Ready Now
E02012,2026,3.6,90.9,3.8,Medium,Outstanding,Ready 1-2 Years
E02013,2026,2.6,85.7,2.3,Low,Meets,Ready 1-2 Years
E02014,2022,4.9,98.8,4.6,Low,Meets,Ready 1-2 Years
E02014,2023,5.0,100.6,5.0,Medium,Meets,Ready 1-2 Years
E02014,2024,5.0,86.2,4.8,High,Meets,Ready 1-2 Years
E02014,2025,4.8,69.1,4.8,Medium,Partially Meets,Ready Now
E02014,2026,4.7,97.6,5.0,High,Outstanding,Ready 1-2 Years
E02015,2024,1.9,83.0,1.7,Medium,Meets,Not Ready
E02015,2025,1.7,65.0,1.5,Medium,Partially Meets,Ready 1-2 Years
E02015,2026,2.1,85.6,2.2,Low,Meets,Ready Now
E02016,2022,2.3,79.9,2.4,High,Partially Meets,Ready 1-2 Years
E02016,2023,2.9,99.7,3.1,Low,Meets,Ready 1-2 Years
E02016,2024,2.4,97.5,2.4,Medium,Outstanding,Ready 1-2 Years
E02016,2025,2.8,78.0,2.9,Medium,Outstanding,Ready 1-2 Years
E02016,2026,3.6,94.6,3.5,High,Outstanding,Ready Now
E02017,2022,2.8,76.5,2.7,Medium,Exceeds,Ready 1-2 Years
E02017,2023,2.7,65.1,2.8,Low,Exceeds,Ready Now
E02017,2024,3.4,74.2,3.1,Medium,Exceeds,Ready 1-2 Years
E02017,2025,4.1,84.1,4.2,Medium,Exceeds,Not Ready
E02017,2026,2.6,77.6,2.8,Medium,Meets,Not Ready
E02018,2022,4.1,96.2,3.7,Low,Outstanding,Ready Now
E02018,2023,3.8,81.6,3.5,Medium,Exceeds,Ready Now
E02018,2024,3.8,69.6,3.7,Low,Exceeds,Ready Now
E02018,2025,4.2,81.0,4.2,Medium,Outstanding,Not Ready
E02018,2026,3.8,97.4,4.1,High,Meets,Ready Now
E02019,2022,2.9,92.6,2.6,Low,Outstanding,Ready Now
E02019,2023,2.9,72.1,2.9,Low,Meets,Not Ready
E02019,2024,3.6,109.9,3.4,Medium,Meets,Not Ready
E02019,2025,3.4,77.5,3.4,Medium,Partially Meets,Ready Now
E02019,2026,3.1,72.5,2.6,Medium,Meets,Ready Now
E02020,2026,3.9,82.1,4.2,Medium,Outstanding,Not Ready
E02021,2024,4.7,95.4,4.4,Medium,Exceeds,Ready Now
E02021,2025,4.1,93.6,4.5,Medium,Partially Meets,Not Ready
E02021,2026,3.6,85.7,3.2,Low,Outstanding,Not Ready
E02022,2022,5.0,102.9,5.0,Low,Partially Meets,Ready 1-2 Years
E02022,2023,3.6,90.4,3.0,Medium,Exceeds,Ready Now
E02022,2024,3.4,77.2,3.0,Medium,Meets,Ready 1-2 Years
E02022,2025,4.2,82.9,4.5,Medium,Meets,Not Ready
E02022,2026,4.5,94.3,4.8,Medium,Meets,Ready 1-2 Years
E02023,2022,2.4,65.4,2.4,High,Meets,Not Ready
E02023,2023,1.6,67.2,1.4,High,Meets,Not Ready
E02023,2024,2.4,84.3,2.2,Medium,Exceeds,Ready 1-2 Years
E02023,2025,2.2,70.4,1.7,High,Outstanding,Not Ready
E02023,2026,2.5,80.6,2.4,Low,Meets,Ready Now
E02024,2022,3.2,84.6,3.1,Medium,Exceeds,Not Ready
E02024,2023,3.9,98.1,3.6,Medium,Partially Meets,Ready 1-2 Years
E02024,2024,3.5,80.2,3.2,Medium,Meets,Ready Now
E02024,2025,3.4,97.1,2.8,Medium,Exceeds,Ready Now
E02024,2026,3.7,78.0,3.9,Medium,Outstanding,Ready 1-2 Years
E02025,2026,3.0,96.4,3.2,High,Meets,Not Ready
E02026,2023,2.9,59.9,2.9,High,Meets,Not Ready
E02026,2024,3.5,96.5,3.6,Medium,Partially Meets,Ready Now
E02026,2025,2.6,61.8,2.8,Medium,Meets,Ready 1-2 Years
E02026,2026,3.5,92.7,2.9,Medium,Meets,Ready 1-2 Years
E02027,2022,3.0,94.6,3.2,Medium,Meets,Ready Now
E02027,2023,3.4,88.2,3.4,Medium,Outstanding,Ready Now
E02027,2024,3.6,86.4,3.7,Medium,Outstanding,Ready 1-2 Years
E02027,2025,3.1,74.4,2.7,High,Outstanding,Not Ready
E02027,2026,3.2,103.9,3.1,Medium,Meets,Ready Now
E02028,2022,2.6,69.2,2.3,Low,Outstanding,Ready 1-2 Years
E02028,2023,2.3,76.1,2.1,High,Meets,Not Ready
E02028,2024,2.8,59.6,3.1,Low,Partially Meets,Ready 1-2 Years
E02028,2025,2.4,73.4,2.3,Medium,Exceeds,Ready Now
E02028,2026,3.3,80.0,3.4,Medium,Outstanding,Ready Now
E02030,2023,3.1,89.0,3.5,Medium,Meets,Not Ready
E02030,2024,2.9,81.9,3.5,Medium,Exceeds,Ready 1-2 Years
E02030,2025,3.2,88.6,3.4,Low,Outstanding,Not Ready
E02030,2026,2.9,86.3,2.6,High,Meets,Ready Now
E02031,2025,3.3,77.9,3.2,High,Partially Meets,Not Ready
E02031,2026,3.7,87.7,4.1,Medium,Outstanding,Not Ready
E02032,2024,4.1,85.2,4.4,Medium,Meets,Ready 1-2 Years
E02033,2022,3.5,93.0,4.1,Medium,Meets,Ready 1-2 Years
E02033,2023,3.6,84.1,3.2,Medium,Meets,Ready 1-2 Years
E02033,2024,3.4,70.6,2.9,Medium,Meets,Ready Now
E02035,2023,3.8,88.4,3.5,Medium,Outstanding,Ready 1-2 Years
E02035,2024,4.5,101.0,4.8,Medium,Meets,Ready 1-2 Years
E02035,2025,4.0,95.6,4.3,Medium,Outstanding,Ready 1-2 Years
E02035,2026,4.8,90.6,5.0,High,Meets,Not Ready
E02036,2024,4.0,97.8,3.9,Low,Meets,Ready Now
E02036,2025,3.7,75.8,3.9,Medium,Exceeds,Ready Now
E02036,2026,3.6,81.2,3.1,Medium,Exceeds,Ready 1-2 Years
E02038,2023,2.5,86.1,2.8,Medium,Partially Meets,Not Ready
E02038,2024,2.6,67.7,2.4,Medium,Outstanding,Ready 1-2 Years
E02038,2025,1.9,68.1,1.6,Low,Outstanding,Ready Now
E02038,2026,2.3,72.3,2.7,Medium,Exceeds,Ready 1-2 Years
E02039,2022,3.4,76.9,3.3,Medium,Outstanding,Ready Now
E02039,2023,3.5,90.4,3.8,Low,Meets,Ready Now
E02039,2024,2.7,102.2,3.1,Medium,Exceeds,Ready 1-2 Years
E02039,2025,2.8,78.0,2.7,Medium,Partially Meets,Ready Now
E02039,2026,3.0,84.0,3.0,Low,Partially Meets,Not Ready
E02041,2022,3.1,70.6,2.9,Medium,Meets,Ready 1-2 Years
E02041,2023,3.2,85.1,2.9,Medium,Exceeds,Not Ready
E02041,2024,3.4,83.6,3.1,Medium,Meets,Ready Now
E02041,2025,3.0,64.5,2.8,High,Meets,Ready 1-2 Years
E02041,2026,3.0,74.0,3.2,Medium,Partially Meets,Not Ready
E02042,2022,3.7,92.2,4.0,Medium,Meets,Ready 1-2 Years
E02042,2023,4.0,80.7,3.7,Medium,Meets,Not Ready
E02042,2024,3.1,81.5,3.0,Low,Outstanding,Not Ready
E02042,2025,3.9,71.5,3.7,Medium,Outstanding,Ready 1-2 Years
E02043,2022,3.8,86.2,3.7,Medium,Partially Meets,Ready Now
E02043,2023,2.6,80.5,2.5,Medium,Partially Meets,Not Ready
E02043,2024,3.6,79.0,3.6,Medium,Outstanding,Not Ready
E02043,2025,3.4,87.9,3.3,Medium,Outstanding,Ready 1-2 Years
E02043,2026,3.6,80.6,3.6,Medium,Partially Meets,Ready 1-2 Years
E02044,2026,3.2,90.7,3.3,Low,Partially Meets,Ready Now
E02046,2022,3.8,93.9,3.8,Medium,Outstanding,Ready Now
E02046,2023,4.2,101.0,4.3,Medium,Meets,Ready 1-2 Years
E02046,2024,3.5,89.3,3.0,Medium,Meets,Ready 1-2 Years
E02046,2025,4.0,90.9,4.3,Low,Meets,Ready Now
E02046,2026,3.7,97.9,3.7,Medium,Exceeds,Ready Now
E02047,2024,2.8,87.6,2.5,Medium,Meets,Ready Now
E02047,2025,2.3,60.4,2.2,Low,Meets,Ready Now
E02047,2026,2.6,83.2,2.5,High,Meets,Ready 1-2 Years
E02048,2022,3.9,84.4,3.3,Low,Exceeds,Ready Now
E02048,2023,3.5,81.3,4.3,Low,Meets,Ready 1-2 Years
E02048,2024,4.1,88.9,4.7,Medium,Partially Meets,Ready 1-2 Years
E02048,2025,3.1,82.6,3.9,Medium,Meets,Not Ready
E02048,2026,3.7,84.8,4.1,Medium,Meets,Ready Now
E02049,2022,2.6,88.4,2.3,High,Meets,Not Ready
E02050,2026,4.2,72.2,4.4,Medium,Partially Meets,Ready Now
E02051,2023,3.7,75.1,3.7,Medium,Outstanding,Ready Now
E02051,2024,2.8,84.5,2.6,Medium,Meets,Ready Now
E02051,2025,2.7,69.3,2.3,Low,Exceeds,Ready 1-2 Years
E02051,2026,2.4,100.0,2.3,Medium,Exceeds,Ready Now
E02052,2022,2.6,90.4,2.2,Medium,Meets,Ready Now
E02052,2023,2.4,74.2,2.3,Medium,Outstanding,Ready Now
E02052,2024,3.3,91.9,3.4,High,Meets,Ready 1-2 Years
E02052,2025,2.5,85.7,2.3,Medium,Partially Meets,Not Ready
E02052,2026,3.1,79.3,3.2,Medium,Exceeds,Ready 1-2 Years
E02053,2023,2.9,77.4,2.6,High,Partially Meets,Not Ready
E02053,2024,3.2,73.7,3.0,Medium,Outstanding,Ready 1-2 Years
E02054,2022,4.0,89.7,4.3,Low,Meets,Not Ready
E02054,2023,3.8,96.8,3.6,Medium,Exceeds,Ready Now
E02054,2024,3.0,101.3,3.2,Medium,Meets,Ready Now
E02054,2025,3.4,93.4,3.6,Medium,Partially Meets,Not Ready
E02054,2026,4.3,79.5,4.5,Low,Meets,Not Ready
E02055,2022,3.6,90.0,3.6,Low,Outstanding,Ready 1-2 Years
E02055,2023,2.8,96.1,3.0,Low,Exceeds,Ready Now
E02055,2024,3.0,56.2,3.2,Medium,Exceeds,Ready 1-2 Years
E02055,2025,3.2,91.4,3.6,Low,Meets,Ready 1-2 Years
E02055,2026,2.8,88.0,2.7,Medium,Exceeds,Not Ready
E02056,2022,4.8,99.9,4.7,Medium,Exceeds,Not Ready
E02056,2023,5.0,98.6,5.0,Medium,Outstanding,Ready 1-2 Years
E02056,2024,4.5,98.8,4.5,Medium,Exceeds,Ready Now
E02056,2025,5.0,88.8,4.4,Medium,Meets,Ready Now
E02056,2026,4.5,96.1,4.6,Medium,Meets,Ready Now
E02057,2024,3.3,100.1,3.5,Medium,Meets,Ready Now
E02057,2025,4.2,107.0,4.1,Medium,Outstanding,Ready 1-2 Years
E02057,2026,3.7,82.6,3.7,Medium,Partially Meets,Not Ready
E02058,2024,3.9,90.1,3.5,High,Meets,Ready 1-2 Years
E02058,2025,4.0,85.9,4.1,Medium,Exceeds,Not Ready
E02058,2026,5.0,117.0,4.9,Low,Partially Meets,Not Ready
E02059,2024,3.8,94.8,3.9,Medium,Partially Meets,Ready Now
E02059,2025,3.3,98.0,3.4,Medium,Meets,Ready 1-2 Years
E02059,2026,3.1,78.6,3.3,High,Meets,Ready Now
E02060,2024,3.9,86.7,4.1,Low,Exceeds,Ready 1-2 Years
E02060,2025,3.7,73.0,3.8,High,Meets,Not Ready
E02060,2026,4.1,83.6,3.8,Medium,Partially Meets,Ready Now
E02061,2025,3.7,95.4,3.8,Medium,Outstanding,Ready Now
E02061,2026,3.5,64.5,3.5,Low,Meets,Not Ready
E02062,2022,3.1,88.4,3.2,Medium,Exceeds,Ready 1-2 Years
E02062,2023,4.3,115.4,3.7,High,Meets,Ready Now
E02062,2024,3.3,86.1,3.0,High,Partially Meets,Ready 1-2 Years
E02062,2025,2.6,81.8,2.4,Medium,Partially Meets,Ready 1-2 Years
E02062,2026,3.6,102.7,4.1,Low,Meets,Not Ready
E02063,2025,2.5,68.3,2.4,Medium,Partially Meets,Ready 1-2 Years
E02063,2026,2.2,86.2,2.3,Medium,Meets,Not Ready
E02064,2022,3.2,98.9,3.1,Medium,Exceeds,Ready Now
E02064,2023,2.8,78.1,3.0,Low,Exceeds,Not Ready
E02064,2024,3.4,79.2,3.5,Medium,Outstanding,Ready Now
E02064,2025,3.0,86.9,2.5,Medium,Meets,Ready 1-2 Years
E02064,2026,2.9,82.3,2.6,Low,Outstanding,Ready Now
E02065,2022,4.3,99.5,4.3,Low,Meets,Ready 1-2 Years
E02066,2022,2.2,96.3,2.0,High,Meets,Ready Now
E02066,2023,2.4,72.8,2.2,Medium,Meets,Ready Now
E02066,2024,1.5,64.0,1.5,High,Outstanding,Not Ready
E02066,2025,2.3,80.4,2.3,High,Partially Meets,Ready 1-2 Years
E02066,2026,2.4,76.3,2.2,Medium,Meets,Ready Now
E02067,2022,3.7,89.8,3.8,High,Meets,Ready 1-2 Years
E02067,2023,3.7,104.4,3.9,Low,Outstanding,Ready Now
E02067,2024,3.8,86.3,3.6,Medium,Meets,Ready 1-2 Years
E02067,2025,4.2,98.5,4.2,Low,Partially Meets,Ready Now
E02067,2026,4.4,85.1,4.4,Medium,Meets,Ready Now
E02068,2022,3.8,73.7,3.6,Medium,Partially Meets,Not Ready
E02068,2023,3.6,101.2,3.3,High,Outstanding,Ready 1-2 Years
E02068,2024,3.4,86.2,3.7,Medium,Partially Meets,Ready Now
E02068,2025,3.6,79.7,3.9,Medium,Outstanding,Ready 1-2 Years
E02068,2026,4.0,106.1,3.6,Medium,Meets,Not Ready
E02069,2024,4.1,96.6,4.2,High,Meets,Ready 1-2 Years
E02069,2025,3.6,79.0,3.7,Medium,Exceeds,Ready 1-2 Years
E02069,2026,4.3,102.6,4.2,High,Meets,Not Ready
E02070,2022,3.2,101.8,3.2,Medium,Meets,Ready Now
E02070,2023,3.0,84.5,3.3,Medium,Meets,Not Ready
E02070,2024,3.4,81.6,3.2,Low,Meets,Ready 1-2 Years
E02070,2025,3.4,92.1,3.2,High,Outstanding,Ready 1-2 Years
E02070,2026,3.0,78.8,2.5,Medium,Exceeds,Ready 1-2 Years
E02071,2022,4.4,101.0,4.1,Medium,Meets,Not Ready
E02071,2023,4.9,95.6,5.0,Medium,Partially Meets,Not Ready
E02071,2024,4.4,84.7,4.9,Medium,Meets,Ready 1-2 Years
E02071,2025,4.0,93.1,4.1,Medium,Partially Meets,Ready Now
E02071,2026,4.2,96.5,3.7,Medium,Meets,Ready Now
E02074,2024,4.1,79.7,3.8,Medium,Meets,Not Ready
E02074,2025,3.8,85.1,3.8,Medium,Partially Meets,Ready Now
E02074,2026,3.4,84.9,3.4,Medium,Exceeds,Ready Now
E02075,2022,4.6,97.0,4.8,Medium,Meets,Ready Now
E02075,2023,4.0,91.5,4.3,Medium,Partially Meets,Not Ready
E02075,2024,4.5,87.6,4.4,High,Meets,Not Ready
E02075,2025,4.7,88.2,4.8,Low,Meets,Not Ready
E02076,2022,2.8,77.9,2.9,High,Exceeds,Ready 1-2 Years
E02076,2023,2.7,95.2,2.7,Medium,Meets,Ready Now
E02076,2024,2.7,65.7,3.1,Medium,Outstanding,Not Ready
E02076,2025,2.5,79.5,2.9,Medium,Meets,Not Ready
E02076,2026,3.3,87.0,3.3,Medium,Meets,Ready Now
E02077,2026,2.7,85.1,3.3,Medium,Outstanding,Ready 1-2 Years
E02078,2022,4.4,80.8,4.1,Medium,Meets,Not Ready
E02078,2023,3.7,79.0,3.8,Low,Partially Meets,Ready 1-2 Years
E02078,2024,4.0,110.3,4.1,Low,Meets,Not Ready
E02078,2025,3.6,77.8,3.6,Low,Partially Meets,Ready 1-2 Years
E02078,2026,3.8,87.1,3.3,High,Outstanding,Not Ready
E02079,2024,2.5,81.0,2.8,High,Exceeds,Ready 1-2 Years
E02079,2025,2.3,77.7,2.4,High,Exceeds,Ready 1-2 Years
E02079,2026,2.3,91.5,2.1,Medium,Partially Meets,Not Ready
E02080,2025,3.4,80.4,3.7,Medium,Outstanding,Not Ready
E02080,2026,3.4,75.8,3.4,High,Exceeds,Ready 1-2 Years
E02081,2022,3.9,100.5,3.7,High,Partially Meets,Ready Now
E02081,2023,2.9,88.3,3.2,Medium,Meets,Ready 1-2 Years
E02081,2024,3.4,87.5,3.0,High,Meets,Not Ready
E02081,2025,3.7,88.1,3.6,Low,Meets,Ready Now
E02081,2026,3.3,88.2,3.2,Medium,Outstanding,Not Ready
E02082,2022,3.6,81.1,3.8,Low,Meets,Not Ready
E02084,2023,2.6,75.6,2.3,Medium,Outstanding,Ready Now
E02084,2024,3.1,97.6,3.0,Low,Meets,Ready 1-2 Years
E02084,2025,2.6,79.2,2.3,Low,Partially Meets,Ready 1-2 Years
E02084,2026,2.8,99.7,2.5,Low,Meets,Not Ready
E02085,2024,3.7,97.0,3.4,High,Outstanding,Ready Now
E02085,2025,4.2,101.3,3.5,Medium,Outstanding,Ready 1-2 Years
E02085,2026,5.0,88.8,4.8,Medium,Meets,Ready 1-2 Years
E02087,2022,2.7,97.1,2.7,Medium,Exceeds,Not Ready
E02087,2023,2.7,78.8,2.4,Medium,Meets,Not Ready
E02087,2024,2.8,81.1,3.1,Medium,Meets,Ready 1-2 Years
E02087,2025,2.3,72.0,3.1,Medium,Outstanding,Not Ready
E02087,2026,2.9,68.3,2.5,High,Partially Meets,Not Ready
E02088,2022,3.2,63.8,3.0,High,Outstanding,Not Ready
E02088,2023,2.7,88.1,2.6,Medium,Partially Meets,Ready Now
E02088,2024,2.6,74.1,1.8,Medium,Partially Meets,Not Ready
E02088,2025,2.1,88.5,2.4,Medium,Exceeds,Not Ready
E02088,2026,3.2,89.6,3.4,High,Meets,Ready 1-2 Years
E02089,2022,2.5,88.4,2.2,Medium,Meets,Not Ready
E02089,2023,2.1,62.1,2.1,Medium,Exceeds,Ready 1-2 Years
E02089,2024,2.6,77.1,2.7,Low,Meets,Ready Now
E02089,2025,1.9,58.2,1.0,High,Meets,Not Ready
E02089,2026,1.7,79.1,1.7,High,Exceeds,Not Ready
E02090,2024,3.4,69.7,3.4,Low,Outstanding,Ready Now
E02090,2025,2.9,89.4,3.3,Medium,Meets,Not Ready
E02090,2026,3.1,87.1,3.1,Medium,Meets,Ready 1-2 Years
E02091,2025,3.0,70.5,3.8,High,Outstanding,Ready Now
E02091,2026,2.8,55.7,2.8,Medium,Partially Meets,Ready Now
E02093,2022,2.3,56.7,2.1,Medium,Partially Meets,Ready Now
E02093,2023,2.2,94.6,2.4,Medium,Meets,Not Ready
E02093,2024,1.9,79.0,1.7,Medium,Meets,Ready Now
E02093,2025,2.1,71.8,1.9,Medium,Exceeds,Not Ready
E02093,2026,1.9,75.9,1.9,Low,Exceeds,Not Ready
E02094,2022,2.5,55.5,3.2,Medium,Exceeds,Ready Now
E02094,2023,2.9,76.7,3.0,Medium,Outstanding,Not Ready
E02094,2024,2.6,74.2,2.5,Medium,Meets,Not Ready
E02094,2025,2.3,74.6,2.1,Medium,Meets,Not Ready
E02094,2026,2.3,100.0,2.2,Medium,Meets,Ready Now
E02095,2025,4.0,88.1,3.5,Medium,Meets,Ready Now
E02095,2026,3.8,81.8,3.6,Medium,Meets,Ready Now
E02096,2022,3.8,98.6,3.8,Medium,Outstanding,Not Ready
E02096,2023,3.7,84.4,3.4,High,Meets,Not Ready
E02096,2024,4.1,95.3,4.3,Medium,Meets,Ready Now
E02096,2025,3.7,84.3,4.2,Medium,Outstanding,Ready 1-2 Years
E02096,2026,3.5,68.6,3.1,Low,Exceeds,Not Ready
E02098,2022,2.5,76.7,3.1,Medium,Meets,Not Ready
E02098,2023,2.9,96.2,3.1,Medium,Outstanding,Ready 1-2 Years
E02098,2024,2.5,110.4,2.7,Medium,Partially Meets,Ready Now
E02098,2025,2.3,64.1,2.2,High,Meets,Ready 1-2 Years
E02099,2022,4.3,89.3,3.9,Medium,Meets,Ready Now
E02099,2023,4.9,101.8,5.0,Medium,Outstanding,Not Ready
E02102,2022,3.4,73.9,3.7,Medium,Partially Meets,Ready 1-2 Years
E02102,2023,3.6,90.0,3.6,Medium,Partially Meets,Ready 1-2 Years
E02102,2024,2.6,89.4,2.6,High,Outstanding,Not Ready
E02102,2025,4.0,83.2,4.2,Medium,Partially Meets,Not Ready
E02102,2026,4.0,84.3,4.1,Low,Meets,Not Ready
E02103,2022,4.3,94.9,4.2,Medium,Exceeds,Not Ready
E02103,2023,4.0,84.3,4.4,Low,Exceeds,Ready 1-2 Years
E02103,2024,4.0,105.9,4.0,Low,Outstanding,Ready Now
E02103,2025,4.1,92.8,3.8,Low,Meets,Ready 1-2 Years
E02103,2026,4.0,85.9,3.7,Medium,Partially Meets,Ready Now
E02104,2026,3.8,75.2,3.5,Medium,Exceeds,Ready Now
E02105,2022,2.6,80.9,2.5,Medium,Partially Meets,Not Ready
E02105,2023,3.1,74.4,3.0,Medium,Exceeds,Ready Now
E02105,2024,2.4,100.4,2.2,High,Outstanding,Ready 1-2 Years
E02105,2025,2.8,93.6,2.6,Low,Partially Meets,Not Ready
E02105,2026,3.5,98.1,3.1,Medium,Partially Meets,Ready Now
E02106,2024,4.4,100.4,4.6,Medium,Exceeds,Ready 1-2 Years
E02106,2025,3.9,95.5,3.9,Medium,Exceeds,Ready Now
E02106,2026,4.2,83.6,3.8,Medium,Outstanding,Ready Now
E02107,2026,2.7,79.7,2.6,Medium,Exceeds,Ready 1-2 Years
E02108,2022,3.4,94.2,3.2,Medium,Meets,Ready 1-2 Years
E02108,2023,3.0,83.8,2.9,Medium,Meets,Ready Now
E02108,2024,3.7,86.9,3.5,Medium,Partially Meets,Not Ready
E02108,2025,3.4,77.0,3.6,Medium,Meets,Ready 1-2 Years
E02108,2026,3.9,82.2,4.0,Medium,Outstanding,Ready 1-2 Years
E02110,2025,2.9,82.0,2.7,Medium,Outstanding,Not Ready
E02110,2026,2.9,70.7,2.9,Medium,Meets,Not Ready
E02111,2025,2.9,76.5,2.8,Medium,Exceeds,Ready Now
E02111,2026,4.0,96.3,4.0,Medium,Partially Meets,Not Ready
E02112,2025,3.8,76.3,3.9,Medium,Meets,Ready 1-2 Years
E02112,2026,4.2,86.9,4.5,Medium,Exceeds,Ready Now
E02113,2023,2.5,85.6,1.7,Medium,Exceeds,Ready Now
E02113,2024,3.1,86.8,2.9,High,Partially Meets,Ready Now
E02113,2025,2.6,95.1,2.4,Medium,Partially Meets,Not Ready
E02113,2026,3.2,86.6,3.6,Low,Exceeds,Ready Now
E02114,2022,3.2,96.4,3.0,Medium,Meets,Not Ready
E02114,2023,3.3,76.2,3.4,Low,Meets,Ready Now
E02115,2024,3.4,78.0,3.1,Low,Outstanding,Not Ready
E02115,2025,3.3,96.7,2.9,Medium,Partially Meets,Not Ready
E02115,2026,3.7,91.4,3.3,Low,Partially Meets,Ready Now
E02117,2025,2.9,72.3,2.6,Medium,Exceeds,Ready Now
E02117,2026,3.0,73.0,2.8,Medium,Outstanding,Not Ready
E02118,2023,3.5,96.5,3.0,Medium,Meets,Ready Now
E02118,2024,2.6,98.9,2.4,Medium,Partially Meets,Ready Now
E02118,2025,2.5,64.3,2.7,High,Partially Meets,Not Ready
E02118,2026,2.6,74.8,2.0,Low,Meets,Ready Now
E02119,2022,3.1,90.8,3.1,Medium,Meets,Ready Now
E02119,2023,3.3,83.2,3.7,Low,Outstanding,Ready Now
E02119,2024,3.4,80.4,3.3,Medium,Meets,Ready 1-2 Years
E02119,2025,3.2,101.0,3.3,High,Outstanding,Not Ready
E02119,2026,2.9,51.2,3.0,High,Exceeds,Ready Now
E02120,2022,3.5,77.3,4.6,Medium,Partially Meets,Ready Now
E02120,2023,3.9,100.0,4.1,High,Meets,Not Ready
E02120,2024,4.0,109.6,3.5,High,Meets,Ready Now
E02120,2025,3.7,87.6,3.7,Medium,Meets,Ready 1-2 Years
E02120,2026,3.5,75.3,3.3,Low,Meets,Not Ready
E02121,2023,3.9,74.9,3.8,Medium,Outstanding,Not Ready
E02121,2024,3.5,87.0,3.3,Medium,Exceeds,Not Ready
E02121,2025,4.1,91.9,3.9,Low,Exceeds,Ready 1-2 Years
E02121,2026,4.5,83.5,4.5,Medium,Outstanding,Ready 1-2 Years
E02122,2022,2.6,72.6,2.4,Medium,Meets,Ready Now
E02122,2023,2.8,67.9,3.3,Medium,Outstanding,Not Ready
E02122,2024,2.0,82.2,2.0,Medium,Partially Meets,Ready 1-2 Years
E02122,2025,2.8,82.3,3.1,High,Outstanding,Ready 1-2 Years
E02122,2026,3.2,80.9,3.6,Medium,Partially Meets,Ready 1-2 Years
E02123,2022,4.4,93.1,4.4,High,Exceeds,Not Ready
E02123,2023,3.3,88.8,3.0,Medium,Exceeds,Ready Now
E02124,2023,4.5,97.9,4.5,High,Meets,Ready Now
E02124,2024,3.9,89.6,3.9,Medium,Meets,Ready Now
E02124,2025,4.4,77.3,4.4,High,Outstanding,Ready 1-2 Years
E02124,2026,4.2,83.2,4.6,High,Outstanding,Ready 1-2 Years
E02125,2023,4.8,89.5,5.0,Medium,Meets,Ready Now
E02125,2024,4.7,103.9,4.8,Low,Meets,Ready 1-2 Years
E02125,2025,4.9,93.5,5.0,Medium,Meets,Ready Now
E02125,2026,4.8,98.1,5.0,Medium,Partially Meets,Ready 1-2 Years
E02126,2024,3.2,76.1,3.6,Medium,Partially Meets,Ready 1-2 Years
E02126,2025,2.9,63.8,3.0,Medium,Exceeds,Ready 1-2 Years
E02126,2026,3.5,83.7,3.4,High,Meets,Ready Now
E02127,2026,3.3,79.6,3.2,Low,Partially Meets,Not Ready
E02128,2022,3.2,79.4,3.8,High,Outstanding,Ready 1-2 Years
E02128,2023,3.6,101.3,3.7,Medium,Exceeds,Ready 1-2 Years
E02128,2024,3.4,82.8,3.5,Medium,Meets,Ready Now
E02128,2025,3.5,91.5,4.0,Medium,Exceeds,Not Ready
E02128,2026,3.0,98.8,3.0,High,Meets,Not Ready
E02129,2024,3.4,92.2,3.5,Low,Meets,Ready Now
E02129,2025,3.5,103.7,3.3,Medium,Outstanding,Not Ready
E02129,2026,3.7,85.0,3.7,Medium,Meets,Ready Now
E02130,2024,2.8,56.4,2.3,Low,Partially Meets,Ready Now
E02130,2025,2.3,77.4,1.8,High,Meets,Not Ready
E02130,2026,3.1,71.7,3.4,High,Meets,Not Ready
E02131,2025,3.2,81.9,3.4,Low,Partially Meets,Ready Now
E02131,2026,3.7,90.8,3.8,High,Partially Meets,Not Ready
E02132,2024,3.8,91.1,3.8,Medium,Exceeds,Ready Now
E02132,2025,2.9,76.3,2.9,High,Meets,Ready Now
E02132,2026,3.1,79.9,2.6,High,Meets,Ready Now
E02133,2023,3.0,80.7,3.1,Medium,Outstanding,Ready Now
E02133,2024,3.0,76.8,3.2,Medium,Exceeds,Ready 1-2 Years
E02133,2025,3.3,74.3,3.5,Medium,Meets,Ready Now
E02133,2026,2.7,71.4,2.5,Medium,Meets,Not Ready
E02134,2022,3.8,106.8,4.0,Medium,Meets,Not Ready
E02134,2023,3.7,84.4,3.7,High,Exceeds,Ready Now
E02134,2024,3.4,81.9,3.6,Medium,Meets,Not Ready
E02134,2025,3.7,92.3,3.8,Low,Meets,Not Ready
E02134,2026,3.6,70.4,3.5,Low,Partially Meets,Ready 1-2 Years
E02135,2022,4.3,99.5,4.2,Medium,Meets,Not Ready
E02136,2022,3.2,85.8,3.6,Medium,Partially Meets,Ready Now
E02136,2023,3.1,67.9,2.8,Medium,Exceeds,Ready Now
E02136,2024,2.8,93.4,2.4,Medium,Partially Meets,Ready 1-2 Years
E02137,2022,2.5,82.3,2.2,Medium,Meets,Not Ready
E02137,2023,2.5,79.1,2.3,High,Partially Meets,Ready 1-2 Years
E02137,2024,1.6,69.2,2.1,Medium,Outstanding,Not Ready
E02137,2025,2.5,82.5,2.6,Medium,Meets,Not Ready
E02137,2026,2.4,89.0,2.5,Medium,Meets,Not Ready
E02138,2024,4.0,105.5,4.2,Medium,Partially Meets,Not Ready
E02138,2025,3.7,84.0,3.7,High,Partially Meets,Ready 1-2 Years
E02138,2026,4.6,106.6,4.4,Medium,Outstanding,Ready Now
E02139,2024,3.1,69.0,2.6,Medium,Partially Meets,Ready Now
E02139,2025,2.9,78.0,2.8,Medium,Meets,Ready 1-2 Years
E02139,2026,2.6,78.0,2.5,Low,Exceeds,Not Ready
E02140,2025,1.6,78.8,1.4,Medium,Exceeds,Ready Now
E02140,2026,2.1,71.4,2.4,High,Partially Meets,Ready Now
E02141,2024,3.7,72.2,3.5,Medium,Exceeds,Ready 1-2 Years
E02141,2025,4.4,89.6,4.1,High,Meets,Not Ready
E02141,2026,3.3,95.0,3.5,Medium,Outstanding,Ready Now
E02142,2022,2.4,77.6,2.2,High,Exceeds,Ready 1-2 Years
E02142,2023,2.4,90.9,2.4,Medium,Outstanding,Ready Now
E02142,2024,2.6,98.6,2.0,Low,Meets,Ready 1-2 Years
E02142,2025,1.9,73.6,2.2,Medium,Partially Meets,Not Ready
E02142,2026,2.1,74.2,2.3,High,Meets,Not Ready
E02143,2025,2.5,82.5,1.8,Medium,Outstanding,Ready Now
E02143,2026,2.9,69.4,2.5,Medium,Outstanding,Ready 1-2 Years
E02144,2022,3.6,70.8,3.2,High,Partially Meets,Ready Now
E02144,2023,3.2,91.8,3.5,Medium,Meets,Ready 1-2 Years
E02144,2024,3.5,75.1,3.7,Medium,Meets,Not Ready
E02144,2025,3.9,93.9,4.0,Medium,Partially Meets,Not Ready
E02144,2026,3.8,71.4,4.5,Low,Outstanding,Ready Now
E02145,2026,3.4,103.9,3.5,High,Meets,Not Ready
E02146,2022,4.3,80.9,4.2,Medium,Outstanding,Not Ready
E02146,2023,3.7,86.0,3.7,Medium,Meets,Ready Now
E02146,2024,3.9,75.5,3.9,Medium,Exceeds,Ready Now
E02146,2025,3.4,86.6,3.2,High,Partially Meets,Not Ready
E02146,2026,3.4,81.6,3.4,Medium,Meets,Ready 1-2 Years
E02147,2022,2.3,87.5,2.2,Medium,Partially Meets,Not Ready
E02147,2023,3.0,72.9,3.0,Low,Exceeds,Ready 1-2 Years
E02147,2024,3.2,106.1,3.3,Medium,Meets,Ready 1-2 Years
E02147,2025,2.8,77.3,3.0,High,Outstanding,Not Ready
E02147,2026,3.1,93.8,2.7,Medium,Exceeds,Ready Now
E02148,2022,4.7,94.8,4.8,Medium,Outstanding,Not Ready
E02148,2023,5.0,109.6,4.6,Medium,Partially Meets,Ready Now
E02148,2024,4.8,83.5,4.9,Medium,Meets,Ready 1-2 Years
E02148,2025,4.1,75.4,4.6,Low,Outstanding,Ready Now
E02148,2026,4.9,79.6,4.5,Low,Exceeds,Ready 1-2 Years
E02149,2022,3.8,100.6,3.6,Medium,Meets,Not Ready
E02149,2023,3.6,78.2,3.8,Low,Exceeds,Ready Now
E02149,2024,3.5,83.3,4.0,Medium,Meets,Not Ready
E02149,2025,3.8,92.9,3.7,Low,Meets,Ready 1-2 Years
E02149,2026,4.1,92.2,4.0,Medium,Exceeds,Ready Now
E02150,2023,4.5,94.4,4.4,Medium,Exceeds,Ready 1-2 Years
E02150,2024,4.6,92.6,4.5,Low,Outstanding,Not Ready
E02150,2025,4.7,93.7,4.9,Medium,Meets,Not Ready
E02150,2026,4.8,79.8,4.7,High,Partially Meets,Not Ready
E02151,2026,3.9,82.5,4.2,Low,Outstanding,Ready 1-2 Years
E02152,2022,3.3,83.2,3.1,Medium,Outstanding,Ready 1-2 Years
E02152,2023,3.8,85.1,4.3,Medium,Outstanding,Not Ready
E02152,2024,3.9,99.4,3.4,Medium,Exceeds,Ready 1-2 Years
E02152,2025,4.0,88.6,4.4,Medium,Outstanding,Not Ready
E02152,2026,3.9,98.6,4.0,Medium,Meets,Not Ready
E02153,2022,4.2,106.1,4.7,Medium,Outstanding,Ready Now
E02153,2023,4.6,94.0,4.8,High,Exceeds,Ready Now
E02153,2024,4.3,80.5,4.1,Medium,Outstanding,Ready 1-2 Years
E02154,2022,3.8,94.3,4.1,Medium,Meets,Ready 1-2 Years
E02154,2023,3.7,85.4,3.8,Medium,Partially Meets,Ready Now
E02154,2024,3.9,93.4,4.2,Low,Outstanding,Ready Now
E02154,2025,3.1,90.8,3.1,Medium,Partially Meets,Ready 1-2 Years
E02154,2026,3.9,87.0,4.0,High,Meets,Ready Now
E02155,2023,4.0,83.1,3.6,Medium,Meets,Not Ready
E02155,2024,3.7,84.8,3.9,Low,Meets,Ready 1-2 Years
E02155,2025,4.3,83.5,4.5,Medium,Meets,Ready 1-2 Years
E02155,2026,4.0,99.9,3.8,Medium,Meets,Not Ready
E02156,2023,3.1,77.3,3.4,Medium,Outstanding,Not Ready
E02156,2024,2.7,99.2,3.3,High,Exceeds,Not Ready
E02156,2025,2.3,83.0,2.4,Medium,Meets,Ready 1-2 Years
E02156,2026,2.0,61.0,2.3,Medium,Meets,Ready 1-2 Years
E02157,2022,4.1,103.2,4.0,Medium,Meets,Not Ready
E02157,2023,5.0,91.0,4.7,Medium,Exceeds,Ready 1-2 Years
E02157,2024,4.0,106.9,3.6,Medium,Partially Meets,Ready 1-2 Years
E02157,2025,4.5,94.1,4.4,Medium,Meets,Ready Now
E02157,2026,4.8,95.6,5.0,Low,Exceeds,Not Ready
E02158,2022,4.0,90.3,4.1,High,Outstanding,Ready 1-2 Years
E02158,2023,4.2,91.0,4.3,Medium,Outstanding,Ready Now
E02158,2024,4.3,107.6,4.8,Medium,Meets,Not Ready
E02158,2025,4.1,73.6,4.3,Low,Partially Meets,Not Ready
E02158,2026,3.9,90.4,3.9,High,Meets,Ready 1-2 Years
E02160,2026,3.2,83.4,3.0,Low,Meets,Ready Now
E02161,2022,3.2,76.3,2.7,High,Meets,Not Ready
E02163,2026,1.9,68.1,1.7,Medium,Exceeds,Ready 1-2 Years
E02164,2022,2.7,68.7,2.8,Low,Meets,Not Ready
E02164,2023,2.8,68.2,3.4,Medium,Meets,Ready 1-2 Years
E02164,2024,2.6,80.1,2.4,Medium,Outstanding,Ready Now
E02164,2025,3.3,107.3,3.0,Medium,Exceeds,Not Ready
E02164,2026,3.5,78.0,3.6,Medium,Outstanding,Not Ready
E02165,2023,2.3,67.4,2.8,Medium,Meets,Ready 1-2 Years
E02165,2024,2.8,75.7,2.8,Medium,Meets,Not Ready
E02165,2025,3.1,83.6,2.7,Medium,Meets,Not Ready
E02165,2026,2.6,90.6,2.7,Low,Outstanding,Ready 1-2 Years
E02166,2026,4.0,95.3,4.0,High,Exceeds,Not Ready
E02167,2022,3.7,89.5,3.8,Medium,Meets,Not Ready
E02167,2023,3.1,80.4,3.3,Medium,Outstanding,Ready 1-2 Years
E02167,2024,3.3,86.8,3.6,Medium,Outstanding,Ready Now
E02167,2025,3.7,82.8,3.2,Medium,Meets,Not Ready
E02167,2026,3.6,74.3,3.7,Medium,Outstanding,Ready 1-2 Years
E02168,2026,4.3,112.8,4.5,High,Partially Meets,Not Ready
E02169,2025,4.0,79.6,4.0,High,Meets,Not Ready
E02169,2026,3.3,69.8,2.9,Low,Meets,Ready 1-2 Years
E02170,2022,3.8,77.0,4.0,Medium,Meets,Ready Now
E02170,2023,3.2,89.8,3.4,Medium,Partially Meets,Ready Now
E02171,2024,2.6,86.4,2.6,Medium,Outstanding,Ready Now
E02171,2025,4.0,87.3,3.8,Medium,Outstanding,Ready 1-2 Years
E02171,2026,3.7,119.8,3.9,Medium,Exceeds,Ready Now
E02172,2022,3.6,82.3,3.0,Medium,Partially Meets,Not Ready
E02172,2023,3.0,73.5,3.3,High,Exceeds,Ready 1-2 Years
E02172,2024,3.3,83.9,2.8,Low,Outstanding,Ready Now
E02172,2025,3.5,81.8,3.4,Medium,Exceeds,Not Ready
E02172,2026,2.9,85.5,3.0,Medium,Partially Meets,Ready Now
E02173,2022,4.1,85.9,4.1,Medium,Meets,Ready 1-2 Years
E02173,2023,4.4,91.2,4.5,Medium,Outstanding,Ready Now
E02173,2024,4.0,93.1,3.8,High,Outstanding,Not Ready
E02173,2025,4.4,95.9,4.0,Low,Outstanding,Ready 1-2 Years
E02173,2026,4.2,83.7,3.8,High,Partially Meets,Not Ready
E02174,2022,3.0,97.4,2.8,High,Exceeds,Ready Now
E02174,2023,3.1,90.0,2.8,Low,Partially Meets,Not Ready
E02174,2024,3.1,81.8,2.8,Medium,Meets,Ready 1-2 Years
E02174,2025,3.1,89.3,2.8,Medium,Outstanding,Not Ready
E02174,2026,3.0,90.2,3.2,Medium,Exceeds,Not Ready
E02175,2022,3.3,79.5,3.4,Medium,Meets,Ready 1-2 Years
E02175,2023,3.9,78.7,3.4,Medium,Partially Meets,Ready Now
E02175,2024,2.8,76.6,3.0,Medium,Outstanding,Not Ready
E02175,2025,3.5,80.5,3.3,Medium,Outstanding,Ready Now
E02175,2026,3.3,80.0,3.1,Medium,Exceeds,Ready Now
E02176,2023,3.4,85.3,3.0,Medium,Exceeds,Not Ready
E02176,2024,3.4,91.6,3.1,Medium,Outstanding,Not Ready
E02176,2025,3.0,81.3,3.4,High,Meets,Ready 1-2 Years
E02176,2026,3.7,88.6,3.7,Medium,Exceeds,Not Ready
E02177,2022,3.4,88.5,3.4,High,Exceeds,Ready Now
E02177,2023,3.3,73.3,3.4,Low,Meets,Ready 1-2 Years
E02177,2024,3.3,82.4,3.0,Medium,Exceeds,Ready 1-2 Years
E02177,2025,3.0,74.5,3.0,Medium,Exceeds,Ready 1-2 Years
E02177,2026,2.8,80.5,2.8,High,Outstanding,Ready Now
E02178,2023,4.6,104.8,4.6,Low,Exceeds,Ready Now
E02178,2024,4.7,89.6,5.0,Medium,Meets,Not Ready
E02178,2025,4.3,74.8,4.5,Low,Exceeds,Ready Now
E02178,2026,4.8,96.6,4.6,Low,Outstanding,Ready 1-2 Years
E02179,2022,2.1,83.1,1.6,Medium,Partially Meets,Ready Now
E02179,2023,3.0,77.0,2.4,Low,Partially Meets,Not Ready
E02179,2024,3.2,84.8,2.8,Low,Meets,Ready 1-2 Years
E02179,2025,2.8,79.3,3.4,Medium,Exceeds,Not Ready
E02179,2026,3.5,83.8,3.5,High,Meets,Ready 1-2 Years
E02180,2025,4.1,81.2,4.1,Medium,Partially Meets,Ready 1-2 Years
E02180,2026,3.8,84.9,4.1,Medium,Outstanding,Ready 1-2 Years
E02182,2022,3.0,90.4,3.2,High,Outstanding,Ready 1-2 Years
E02182,2023,2.9,81.7,2.7,Medium,Outstanding,Ready Now
E02182,2024,3.1,90.6,2.8,Low,Exceeds,Not Ready
E02182,2025,2.7,74.7,3.1,High,Meets,Ready Now
E02182,2026,3.4,104.0,3.5,High,Exceeds,Ready 1-2 Years
E02183,2025,4.0,99.1,3.9,High,Exceeds,Ready Now
E02183,2026,4.0,83.0,3.9,Medium,Meets,Ready 1-2 Years
E02184,2026,2.6,78.5,2.6,Low,Outstanding,Ready Now
E02185,2022,2.7,68.3,2.0,Medium,Exceeds,Ready 1-2 Years
E02185,2023,2.4,94.3,3.1,Medium,Outstanding,Ready Now
E02185,2024,2.2,74.0,2.1,Medium,Outstanding,Not Ready
E02185,2025,2.8,79.6,2.7,Medium,Meets,Not Ready
E02185,2026,2.7,85.7,2.7,Medium,Partially Meets,Ready 1-2 Years
E02186,2023,4.0,76.7,3.7,Medium,Meets,Ready Now
E02187,2026,4.1,81.0,4.2,Medium,Outstanding,Not Ready
E02188,2024,3.5,84.2,3.8,Medium,Meets,Ready Now
E02188,2025,2.9,94.9,3.4,Medium,Exceeds,Not Ready
E02188,2026,2.5,78.9,2.8,Medium,Meets,Ready 1-2 Years
E02189,2026,2.9,68.5,2.9,Low,Partially Meets,Not Ready
E02190,2022,3.6,76.1,3.1,Medium,Outstanding,Ready 1-2 Years
E02190,2023,3.2,107.3,3.3,Low,Meets,Ready 1-2 Years
E02190,2024,3.9,88.8,3.8,High,Meets,Not Ready
E02190,2025,3.4,82.7,3.6,Medium,Meets,Ready Now
E02190,2026,3.3,87.1,2.9,High,Outstanding,Ready 1-2 Years
E02191,2022,4.0,96.4,3.9,Medium,Exceeds,Ready 1-2 Years
E02191,2023,4.7,90.8,4.6,High,Partially Meets,Not Ready
E02191,2024,3.7,82.4,3.6,Medium,Meets,Ready 1-2 Years
E02192,2022,2.6,79.7,2.6,Medium,Partially Meets,Ready Now
E02192,2023,3.1,85.4,3.4,High,Outstanding,Not Ready
E02192,2024,3.2,86.6,3.4,Medium,Meets,Ready 1-2 Years
E02192,2025,2.3,79.8,2.0,Medium,Partially Meets,Ready Now
E02192,2026,2.5,81.2,2.6,Low,Meets,Ready Now
E02193,2022,3.4,95.5,3.0,Medium,Exceeds,Not Ready
E02193,2023,2.7,92.6,2.7,Medium,Outstanding,Ready Now
E02193,2024,3.1,82.2,2.8,Low,Meets,Not Ready
E02193,2025,2.7,85.2,2.9,High,Meets,Not Ready
E02193,2026,2.2,91.1,2.0,Medium,Meets,Not Ready
E02194,2022,3.9,106.9,3.6,Medium,Partially Meets,Ready 1-2 Years
E02194,2023,3.3,91.1,2.8,Medium,Meets,Ready Now
E02194,2024,3.3,75.9,3.4,High,Meets,Not Ready
E02194,2025,3.7,93.9,4.0,Medium,Partially Meets,Not Ready
E02194,2026,4.3,77.7,4.3,Low,Outstanding,Ready Now
E02195,2023,2.5,82.3,2.7,Medium,Exceeds,Ready Now
E02195,2024,3.0,104.0,2.9,Medium,Partially Meets,Not Ready
E02195,2025,2.5,79.2,2.5,Low,Partially Meets,Ready Now
E02195,2026,3.3,66.4,3.2,Medium,Partially Meets,Ready 1-2 Years
E02197,2025,4.2,95.5,4.0,Medium,Meets,Ready Now
E02197,2026,2.8,76.2,2.6,Medium,Outstanding,Ready Now
E02198,2025,3.3,94.9,3.4,Medium,Outstanding,Ready 1-2 Years
E02198,2026,3.8,75.1,4.0,High,Partially Meets,Not Ready
E02199,2026,4.0,103.3,4.0,High,Outstanding,Ready Now
E02200,2022,4.1,88.1,4.3,High,Meets,Not Ready
E02200,2023,3.6,73.5,4.0,High,Outstanding,Ready Now
E02200,2024,3.5,96.1,3.2,Medium,Meets,Not Ready
E02200,2025,3.4,99.5,3.7,Medium,Partially Meets,Ready Now
E02201,2023,3.4,89.0,3.9,Low,Partially Meets,Not Ready
E02201,2024,3.6,93.3,3.7,Low,Partially Meets,Ready Now
E02201,2025,2.9,75.3,3.1,Medium,Outstanding,Ready Now
E02201,2026,2.3,85.6,2.1,Medium,Meets,Not Ready
E02203,2022,2.5,89.2,2.6,Medium,Meets,Ready Now
E02203,2023,3.0,72.6,3.1,Medium,Meets,Not Ready
E02203,2024,2.0,85.3,2.2,Medium,Partially Meets,Ready 1-2 Years
E02203,2025,2.7,86.9,2.9,Medium,Outstanding,Ready Now
E02203,2026,2.2,82.2,2.1,Low,Meets,Not Ready
E02206,2023,4.4,78.3,4.2,Medium,Partially Meets,Ready Now
E02206,2024,3.9,101.2,4.1,Medium,Meets,Not Ready
E02206,2025,4.0,88.4,3.6,Medium,Meets,Not Ready
E02206,2026,3.9,96.7,4.0,Medium,Outstanding,Ready 1-2 Years
E02207,2022,4.0,102.2,3.7,Medium,Partially Meets,Not Ready
E02207,2023,3.9,81.7,3.5,Medium,Outstanding,Not Ready
E02207,2024,3.9,103.3,4.1,Medium,Exceeds,Not Ready
E02207,2025,4.4,103.7,4.8,Low,Partially Meets,Ready Now
E02207,2026,4.3,88.8,4.0,Medium,Outstanding,Ready Now
E02208,2026,4.7,96.8,4.6,Medium,Meets,Ready Now
E02209,2022,3.2,70.0,3.6,Medium,Meets,Ready 1-2 Years
E02209,2023,3.1,74.6,3.2,Medium,Meets,Not Ready
E02209,2024,2.7,85.4,3.2,Medium,Meets,Ready Now
E02209,2025,3.1,89.1,3.2,Medium,Outstanding,Ready Now
E02209,2026,2.8,75.4,3.1,Medium,Partially Meets,Ready Now
E02210,2025,3.0,81.3,2.5,Low,Outstanding,Ready 1-2 Years
E02210,2026,2.7,90.2,2.3,High,Meets,Ready Now
E02211,2022,3.5,73.8,3.1,Medium,Meets,Not Ready
E02211,2023,3.9,77.6,3.8,Medium,Meets,Ready Now
E02211,2024,3.8,99.9,3.9,Medium,Exceeds,Ready 1-2 Years
E02211,2025,3.5,86.4,3.9,Low,Meets,Ready 1-2 Years
E02211,2026,3.4,70.7,3.8,Medium,Meets,Not Ready
E02213,2023,3.9,100.0,3.4,Medium,Partially Meets,Not Ready
E02213,2024,4.2,81.4,3.6,Medium,Exceeds,Ready 1-2 Years
E02213,2025,3.8,82.9,3.5,Medium,Partially Meets,Ready 1-2 Years
E02213,2026,4.3,70.1,4.3,Medium,Outstanding,Ready Now
E02214,2022,4.0,80.9,4.3,Medium,Meets,Not Ready
E02214,2023,4.1,82.0,4.1,Medium,Partially Meets,Ready Now
E02214,2024,4.2,94.5,4.1,High,Outstanding,Ready Now
E02214,2025,4.0,81.9,4.2,High,Partially Meets,Ready 1-2 Years
E02214,2026,3.6,72.8,3.5,High,Partially Meets,Ready 1-2 Years
E02216,2022,3.9,94.3,3.5,High,Partially Meets,Not Ready
E02216,2023,3.7,84.1,3.8,Medium,Partially Meets,Ready 1-2 Years
E02216,2024,3.8,97.1,3.6,High,Partially Meets,Ready Now
E02216,2025,4.1,100.9,3.8,Medium,Outstanding,Ready 1-2 Years
E02216,2026,3.4,62.3,3.3,Low,Meets,Not Ready
E02217,2026,3.0,86.4,3.4,Low,Meets,Ready Now
E02218,2022,3.6,86.4,3.9,Medium,Partially Meets,Ready 1-2 Years
E02218,2023,3.6,87.5,3.6,Low,Outstanding,Not Ready
E02218,2024,3.6,67.6,3.3,High,Partially Meets,Not Ready
E02218,2025,3.2,79.0,3.1,High,Outstanding,Ready 1-2 Years
E02218,2026,3.1,106.4,3.1,Medium,Outstanding,Ready Now
E02219,2026,3.6,76.6,3.5,Medium,Exceeds,Ready Now
E02220,2022,2.4,65.9,2.6,Medium,Exceeds,Ready 1-2 Years
E02220,2023,2.9,84.5,3.1,Medium,Exceeds,Ready 1-2 Years
E02220,2024,3.1,88.5,2.7,Medium,Partially Meets,Not Ready
E02220,2025,2.1,86.5,2.4,High,Meets,Ready Now
E02220,2026,2.6,71.6,2.4,High,Exceeds,Not Ready
E02221,2022,3.9,75.4,4.2,High,Exceeds,Not Ready
E02221,2023,3.1,82.4,3.0,Low,Outstanding,Ready Now
E02221,2024,3.4,64.3,2.8,High,Partially Meets,Ready Now
E02221,2025,4.1,84.4,4.1,Low,Meets,Ready Now
E02221,2026,3.6,98.0,3.0,Medium,Meets,Not Ready
E02222,2025,3.9,83.7,3.8,Medium,Meets,Not Ready
E02222,2026,4.5,96.5,4.2,High,Meets,Ready Now
E02223,2022,2.8,87.7,2.7,Medium,Partially Meets,Ready 1-2 Years
E02223,2023,3.2,90.8,3.5,High,Meets,Ready Now
E02223,2024,2.8,78.9,3.0,Medium,Meets,Not Ready
E02223,2025,3.0,70.5,2.9,Medium,Meets,Not Ready
E02223,2026,2.9,73.7,2.8,Low,Partially Meets,Ready 1-2 Years
E02224,2026,3.4,84.4,3.7,Medium,Outstanding,Ready 1-2 Years
E02225,2022,4.6,98.7,4.3,Medium,Partially Meets,Ready 1-2 Years
E02225,2023,3.5,92.8,3.4,High,Partially Meets,Ready Now
E02225,2024,4.4,92.2,4.4,Medium,Exceeds,Ready Now
E02225,2025,4.1,82.5,3.7,Low,Partially Meets,Not Ready
E02225,2026,4.2,88.1,4.5,Medium,Exceeds,Ready Now
E02226,2022,3.3,85.4,3.1,Medium,Outstanding,Ready Now
E02226,2023,3.1,86.4,3.1,High,Partially Meets,Not Ready
E02226,2024,3.1,90.8,3.4,Medium,Partially Meets,Not Ready
E02226,2025,3.5,69.2,3.5,Medium,Exceeds,Not Ready
E02226,2026,3.0,65.0,3.1,High,Meets,Ready 1-2 Years
E02227,2022,3.4,103.4,3.6,Medium,Partially Meets,Ready Now
E02227,2023,3.7,61.3,4.0,Medium,Meets,Ready Now
E02227,2024,3.9,82.9,4.1,Medium,Meets,Ready Now
E02227,2025,2.7,79.4,2.2,Medium,Meets,Not Ready
E02227,2026,3.1,99.7,3.0,Medium,Exceeds,Not Ready
E02228,2026,3.5,87.8,3.2,Medium,Outstanding,Ready Now
E02229,2025,3.3,80.4,3.0,Medium,Meets,Not Ready
E02229,2026,4.4,98.8,4.5,Medium,Meets,Ready 1-2 Years
E02230,2026,3.2,92.5,2.8,Medium,Partially Meets,Not Ready
E02232,2026,3.8,88.0,4.1,Medium,Meets,Ready 1-2 Years
E02233,2024,3.4,95.1,3.5,High,Meets,Ready 1-2 Years
E02233,2025,3.2,83.6,3.1,High,Meets,Ready Now
E02233,2026,3.5,97.2,3.5,Medium,Exceeds,Ready Now
E02234,2022,3.9,85.9,3.6,Medium,Meets,Ready Now
E02234,2023,3.6,90.8,3.4,Low,Meets,Ready 1-2 Years
E02234,2024,3.1,66.6,2.9,Medium,Meets,Ready 1-2 Years
E02234,2025,3.8,84.9,4.1,High,Meets,Ready 1-2 Years
E02234,2026,3.7,75.3,3.7,High,Meets,Ready Now
E02235,2022,4.2,88.9,4.0,Medium,Meets,Ready 1-2 Years
E02235,2023,4.8,81.0,5.0,Medium,Exceeds,Ready Now
E02235,2024,4.5,113.8,4.4,Medium,Meets,Not Ready
E02235,2025,5.0,97.4,5.0,Medium,Partially Meets,Ready 1-2 Years
E02235,2026,4.2,88.3,3.7,Low,Partially Meets,Ready 1-2 Years
E02236,2024,4.1,104.8,3.8,Medium,Meets,Not Ready
E02236,2025,4.8,95.6,5.0,Medium,Meets,Ready 1-2 Years
E02236,2026,4.8,94.3,5.0,Medium,Exceeds,Not Ready
E02237,2022,3.3,73.6,3.6,Low,Outstanding,Not Ready
E02237,2023,2.8,94.7,2.8,Medium,Meets,Ready Now
E02237,2024,3.4,86.2,3.7,Medium,Meets,Ready Now
E02237,2025,3.5,89.5,3.8,Low,Meets,Not Ready
E02237,2026,2.5,75.7,2.8,Medium,Partially Meets,Not Ready
E02238,2022,2.0,69.2,1.9,Low,Meets,Ready Now
E02238,2023,2.7,86.5,3.1,High,Partially Meets,Not Ready
E02238,2024,2.9,74.0,3.1,Medium,Partially Meets,Ready Now
E02238,2025,3.3,92.5,3.2,Low,Outstanding,Not Ready
E02238,2026,3.2,79.8,3.5,High,Partially Meets,Ready 1-2 Years
E02239,2025,3.3,94.8,3.3,Medium,Outstanding,Ready Now
E02239,2026,3.0,98.3,3.3,Medium,Meets,Ready 1-2 Years
E02241,2025,3.7,93.5,3.8,High,Meets,Ready Now
E02241,2026,4.4,96.5,4.3,High,Outstanding,Ready 1-2 Years
E02242,2025,3.2,85.4,3.1,High,Exceeds,Not Ready
E02242,2026,3.3,74.1,3.5,High,Meets,Ready 1-2 Years
E02243,2023,3.8,88.7,4.2,Medium,Exceeds,Not Ready
E02244,2022,2.3,93.0,2.3,Medium,Exceeds,Ready Now
E02244,2023,2.6,93.3,2.3,Medium,Partially Meets,Ready Now
E02244,2024,2.7,86.3,2.9,Low,Exceeds,Not Ready
E02244,2025,1.9,77.5,2.5,High,Partially Meets,Ready 1-2 Years
E02244,2026,2.3,73.2,2.4,High,Meets,Ready Now
E02245,2022,3.4,112.1,3.3,Low,Meets,Ready Now
E02245,2023,3.2,90.3,3.3,Low,Meets,Not Ready
E02246,2025,2.7,85.3,2.2,Medium,Outstanding,Ready Now
E02246,2026,3.3,91.4,3.4,Medium,Meets,Ready Now
E02247,2022,2.6,86.5,2.7,Medium,Exceeds,Ready 1-2 Years
E02247,2023,1.5,66.0,1.4,Medium,Exceeds,Ready Now
E02247,2024,2.6,92.5,1.9,Medium,Meets,Ready 1-2 Years
E02248,2024,2.8,69.5,3.5,Medium,Meets,Ready Now
E02248,2025,2.7,115.1,2.5,High,Exceeds,Not Ready
E02248,2026,3.2,89.8,2.7,High,Outstanding,Ready 1-2 Years
E02249,2022,4.6,94.7,4.4,High,Meets,Not Ready
E02249,2023,4.2,78.7,3.6,Medium,Partially Meets,Not Ready
E02249,2024,3.1,90.0,3.7,Medium,Outstanding,Not Ready
E02249,2025,3.8,75.5,3.9,Medium,Meets,Ready 1-2 Years
E02249,2026,3.8,97.7,3.5,Medium,Outstanding,Ready 1-2 Years
E02250,2024,3.7,94.4,3.5,Medium,Outstanding,Ready 1-2 Years
E02250,2025,3.3,83.6,2.8,Medium,Exceeds,Ready Now
E02250,2026,3.6,83.2,3.6,Medium,Meets,Ready 1-2 Years
E02251,2022,2.8,72.9,2.8,Medium,Outstanding,Not Ready
E02251,2023,2.9,87.8,3.1,Medium,Exceeds,Ready 1-2 Years
E02251,2024,3.0,88.2,3.0,Medium,Meets,Ready 1-2 Years
E02251,2025,2.7,81.3,3.2,Medium,Outstanding,Ready 1-2 Years
E02251,2026,3.5,74.2,3.5,Medium,Exceeds,Ready 1-2 Years
E02252,2026,2.3,82.2,2.4,Low,Partially Meets,Ready 1-2 Years
E02253,2023,4.3,79.9,4.4,Low,Partially Meets,Not Ready
E02253,2024,4.4,115.2,4.1,Medium,Exceeds,Not Ready
E02253,2025,4.7,114.6,4.7,Low,Exceeds,Ready Now
E02253,2026,4.0,87.8,3.9,High,Meets,Ready Now
E02255,2022,4.8,77.6,4.3,Medium,Meets,Ready Now
E02255,2023,3.9,95.1,4.1,Medium,Partially Meets,Ready Now
E02255,2024,3.9,86.8,3.8,Low,Meets,Ready Now
E02255,2025,3.5,80.6,3.1,Low,Exceeds,Not Ready
E02255,2026,4.2,102.7,4.0,Low,Partially Meets,Ready Now
E02256,2026,2.0,69.4,1.9,Low,Exceeds,Not Ready
E02257,2022,4.0,105.7,3.9,High,Meets,Not Ready
E02257,2023,4.2,91.7,4.2,Medium,Exceeds,Ready Now
E02257,2024,3.9,90.5,4.2,Medium,Exceeds,Ready 1-2 Years
E02257,2025,3.4,90.8,3.6,Medium,Partially Meets,Ready Now
E02257,2026,3.9,96.7,3.6,Medium,Exceeds,Ready Now
E02258,2022,4.5,88.3,4.5,Medium,Outstanding,Ready Now
E02258,2023,4.6,95.7,5.0,Medium,Exceeds,Ready 1-2 Years
E02258,2024,5.0,101.1,5.0,Medium,Exceeds,Ready 1-2 Years
E02258,2025,4.8,91.2,4.9,Medium,Outstanding,Not Ready
E02258,2026,5.0,98.7,4.5,Medium,Partially Meets,Ready 1-2 Years
E02259,2022,4.2,94.3,4.3,Low,Exceeds,Ready 1-2 Years
E02259,2023,4.3,91.3,4.6,High,Meets,Ready 1-2 Years
E02260,2022,3.1,83.4,3.0,Low,Outstanding,Ready 1-2 Years
E02260,2023,2.4,81.3,2.4,Medium,Partially Meets,Not Ready
E02260,2024,2.6,73.4,2.9,Medium,Meets,Not Ready
E02261,2025,3.6,95.8,4.1,Medium,Meets,Ready Now
E02261,2026,4.1,98.2,4.2,High,Exceeds,Not Ready
E02262,2022,3.7,79.1,3.8,High,Meets,Ready 1-2 Years
E02262,2023,2.9,89.7,2.3,High,Meets,Ready Now
E02262,2024,3.4,85.6,3.2,Medium,Outstanding,Not Ready
E02262,2025,3.1,92.1,3.0,Medium,Partially Meets,Not Ready
E02262,2026,3.4,85.0,3.3,High,Partially Meets,Ready Now
E02263,2022,3.0,76.8,3.8,Low,Meets,Not Ready
E02263,2023,3.2,81.6,2.9,High,Exceeds,Not Ready
E02263,2024,3.5,84.1,3.0,Medium,Outstanding,Ready Now
E02263,2025,3.7,85.5,3.6,High,Meets,Not Ready
E02263,2026,3.0,89.5,2.7,Medium,Exceeds,Not Ready
E02264,2022,2.5,68.6,2.3,Medium,Partially Meets,Ready 1-2 Years
E02264,2023,2.8,86.0,2.7,Low,Meets,Ready 1-2 Years
E02264,2024,3.4,100.4,3.7,Medium,Meets,Not Ready
E02264,2025,2.2,73.9,2.2,Low,Meets,Ready Now
E02265,2024,2.9,73.0,2.2,Low,Meets,Not Ready
E02267,2025,3.8,81.3,3.6,Medium,Meets,Ready 1-2 Years
E02267,2026,3.0,86.3,3.5,Low,Outstanding,Ready 1-2 Years
E02268,2022,3.9,83.8,3.9,High,Outstanding,Ready 1-2 Years
E02268,2023,4.5,101.1,4.1,Medium,Outstanding,Ready Now
E02268,2024,4.0,104.6,4.0,Low,Meets,Ready Now
E02268,2025,4.2,87.8,4.1,Medium,Meets,Ready Now
E02268,2026,4.5,95.6,4.9,High,Meets,Ready Now
E02269,2025,4.1,94.7,3.9,Medium,Meets,Not Ready
E02269,2026,3.7,79.4,4.1,Medium,Exceeds,Not Ready
E02270,2023,3.8,79.7,3.7,Medium,Meets,Not Ready
E02270,2024,2.6,77.0,2.9,Low,Meets,Not Ready
E02270,2025,2.9,90.8,2.7,Medium,Exceeds,Ready 1-2 Years
E02270,2026,3.0,96.4,2.9,Medium,Meets,Ready 1-2 Years
E02271,2022,2.1,61.5,2.4,Low,Outstanding,Not Ready
E02271,2023,2.6,80.3,2.9,Medium,Meets,Ready Now
E02272,2025,4.0,111.4,3.9,Low,Partially Meets,Ready 1-2 Years
E02272,2026,3.8,84.0,3.6,Medium,Partially Meets,Not Ready
E02274,2025,3.3,73.6,4.0,Medium,Meets,Ready 1-2 Years
E02274,2026,2.5,74.6,2.4,Low,Exceeds,Ready Now
E02275,2023,3.1,79.3,2.7,Medium,Outstanding,Ready 1-2 Years
E02275,2024,3.6,86.6,3.2,Medium,Exceeds,Ready 1-2 Years
E02275,2025,3.8,83.7,3.1,Low,Meets,Ready Now
E02275,2026,3.0,81.2,3.5,Medium,Partially Meets,Ready Now
E02276,2024,3.8,78.5,3.9,Low,Meets,Not Ready
E02276,2025,3.8,82.6,4.0,Medium,Meets,Not Ready
E02276,2026,4.2,83.5,4.3,Medium,Meets,Not Ready
E02277,2024,4.5,103.1,4.4,Medium,Outstanding,Ready Now
E02277,2025,3.9,78.9,3.8,Medium,Partially Meets,Ready Now
E02277,2026,3.4,73.4,3.5,High,Meets,Ready Now
E02278,2022,3.6,102.5,3.9,Low,Exceeds,Ready Now
E02278,2023,4.0,83.2,4.5,Medium,Meets,Ready 1-2 Years
E02278,2024,3.4,88.5,3.4,Medium,Meets,Ready 1-2 Years
E02278,2025,3.6,71.4,3.9,High,Exceeds,Ready 1-2 Years
E02278,2026,3.7,78.8,2.7,Low,Meets,Ready Now
E02279,2022,3.3,74.7,3.1,High,Exceeds,Not Ready
E02279,2023,3.5,83.4,3.3,Low,Partially Meets,Not Ready
E02279,2024,3.2,95.0,3.1,Low,Outstanding,Ready Now
E02279,2025,3.2,82.4,3.7,Low,Exceeds,Ready Now
E02279,2026,3.5,73.7,3.5,Low,Exceeds,Not Ready
E02280,2024,3.7,90.9,3.5,Medium,Meets,Ready 1-2 Years
E02280,2025,3.7,99.4,3.7,Low,Partially Meets,Ready 1-2 Years
E02280,2026,3.6,83.2,3.6,Medium,Meets,Not Ready
E02281,2026,2.7,70.6,3.1,Medium,Meets,Not Ready
E02282,2022,3.6,95.0,3.3,Low,Meets,Ready Now
E02282,2023,3.7,88.4,3.5,Medium,Outstanding,Ready Now
E02282,2024,3.9,80.3,4.0,Medium,Partially Meets,Ready 1-2 Years
E02282,2025,3.8,88.5,3.7,Medium,Outstanding,Not Ready
E02282,2026,4.2,88.2,3.9,Low,Outstanding,Ready 1-2 Years
E02283,2026,2.9,71.9,3.0,Medium,Meets,Ready 1-2 Years
E02284,2025,3.1,98.7,2.9,Medium,Exceeds,Ready Now
E02284,2026,2.5,81.5,2.2,Low,Outstanding,Ready Now
E02285,2022,3.6,82.2,3.6,Medium,Exceeds,Not Ready
E02285,2023,3.3,86.1,3.8,Low,Exceeds,Ready Now
E02285,2024,3.3,89.5,3.4,Medium,Meets,Not Ready
E02285,2025,3.2,84.3,2.9,High,Meets,Ready Now
E02285,2026,3.6,78.2,3.5,Medium,Meets,Not Ready
E02286,2025,3.2,63.5,3.1,Medium,Exceeds,Ready Now
E02286,2026,2.5,66.3,2.7,Medium,Meets,Ready 1-2 Years
E02287,2022,3.3,87.9,3.1,Low,Partially Meets,Ready Now
E02287,2023,3.1,65.9,3.0,Medium,Partially Meets,Ready Now
E02287,2024,3.4,90.0,3.6,High,Partially Meets,Ready 1-2 Years
E02287,2025,3.2,76.3,2.9,High,Meets,Not Ready
E02287,2026,3.1,80.1,3.7,Low,Exceeds,Ready 1-2 Years
E02288,2026,2.8,92.5,3.0,Medium,Meets,Ready Now
E02289,2025,3.4,99.3,3.8,Medium,Outstanding,Ready 1-2 Years
E02289,2026,3.3,102.4,3.4,Medium,Partially Meets,Ready Now
E02290,2026,3.5,90.4,2.9,Medium,Outstanding,Ready Now
E02291,2023,5.0,107.9,5.0,Medium,Exceeds,Ready 1-2 Years
E02291,2024,4.3,103.8,4.7,Medium,Meets,Ready Now
E02291,2025,4.7,94.4,4.7,Low,Meets,Ready 1-2 Years
E02291,2026,4.1,97.6,4.1,Medium,Outstanding,Not Ready
E02292,2024,3.9,87.1,3.6,Medium,Meets,Ready 1-2 Years
E02292,2025,3.9,88.0,4.9,Low,Exceeds,Ready 1-2 Years
E02292,2026,4.0,96.8,4.2,Medium,Meets,Ready 1-2 Years
E02293,2022,4.2,90.9,4.5,Medium,Exceeds,Not Ready
E02293,2023,3.5,72.6,3.5,Low,Meets,Not Ready
E02293,2024,3.9,84.9,4.3,Low,Outstanding,Not Ready
E02293,2025,3.6,76.9,3.8,Medium,Partially Meets,Ready 1-2 Years
E02293,2026,3.4,75.4,3.5,Medium,Outstanding,Ready Now
E02294,2024,3.5,83.6,3.5,Medium,Meets,Ready Now
E02294,2025,3.8,86.3,3.4,Medium,Exceeds,Ready Now
E02294,2026,3.6,85.0,3.7,Medium,Meets,Not Ready
E02295,2022,2.9,84.8,2.9,Medium,Exceeds,Ready Now
E02295,2023,3.3,92.7,3.2,Medium,Partially Meets,Ready Now
E02295,2024,2.7,75.0,2.9,Medium,Meets,Ready Now
E02295,2025,3.4,87.5,3.3,Medium,Meets,Ready 1-2 Years
E02295,2026,2.5,89.7,2.6,Medium,Meets,Ready Now
E02296,2025,4.6,93.2,4.3,Medium,Exceeds,Not Ready
E02296,2026,3.5,86.5,3.5,Medium,Exceeds,Ready 1-2 Years
E02297,2026,5.0,88.9,5.0,High,Partially Meets,Ready Now
E02298,2022,3.4,85.4,3.4,Medium,Partially Meets,Not Ready
E02298,2023,3.2,70.7,3.6,High,Partially Meets,Ready 1-2 Years
E02298,2024,3.5,81.2,3.8,Medium,Partially Meets,Ready 1-2 Years
E02298,2025,3.7,78.6,3.9,Medium,Partially Meets,Not Ready
E02298,2026,3.3,87.9,3.2,Medium,Partially Meets,Not Ready
E02299,2022,3.7,91.5,4.0,Medium,Outstanding,Ready 1-2 Years
E02299,2023,3.3,62.9,3.0,Medium,Partially Meets,Ready 1-2 Years
E02299,2024,4.1,108.9,3.7,Medium,Meets,Ready 1-2 Years
E02299,2025,3.4,94.8,4.2,Medium,Partially Meets,Ready Now
E02299,2026,3.6,83.4,3.1,Low,Partially Meets,Ready 1-2 Years
E02300,2022,4.0,92.9,4.0,Medium,Partially Meets,Ready Now
E02300,2023,3.7,91.7,3.1,Medium,Meets,Ready Now
E02300,2024,3.6,81.8,3.6,Medium,Exceeds,Ready Now
E02300,2025,3.0,60.3,2.8,Medium,Exceeds,Ready 1-2 Years
E02300,2026,3.0,81.0,3.4,Low,Meets,Ready Now
E02301,2023,3.0,88.2,3.1,High,Outstanding,Ready Now
E02301,2024,3.8,92.4,3.5,High,Partially Meets,Ready 1-2 Years
E02301,2025,3.1,81.1,3.1,Low,Meets,Not Ready
E02301,2026,3.7,87.9,4.0,High,Meets,Ready Now
E02302,2022,4.2,92.8,4.0,Low,Meets,Ready Now
E02302,2023,5.0,96.3,4.8,Medium,Partially Meets,Not Ready
E02302,2024,4.1,67.2,3.6,Medium,Meets,Not Ready
E02302,2025,4.5,96.2,4.6,High,Meets,Not Ready
E02302,2026,4.8,88.5,5.0,Medium,Outstanding,Ready 1-2 Years
E02303,2024,3.6,79.0,3.4,Medium,Partially Meets,Ready Now
E02303,2025,3.7,87.6,3.8,Medium,Exceeds,Ready 1-2 Years
E02303,2026,3.5,85.6,3.7,Medium,Partially Meets,Not Ready
E02304,2022,3.4,74.0,3.7,High,Exceeds,Ready 1-2 Years
E02304,2023,3.5,91.7,4.0,Medium,Meets,Ready Now
E02304,2024,3.4,73.8,3.4,Medium,Outstanding,Ready Now
E02304,2025,3.1,83.0,3.5,Medium,Meets,Ready 1-2 Years
E02304,2026,3.0,80.7,2.9,Medium,Partially Meets,Ready Now
E02305,2025,3.4,52.3,3.8,Low,Outstanding,Not Ready
E02305,2026,3.8,87.1,3.5,Medium,Meets,Ready 1-2 Years
E02306,2024,3.5,92.3,3.9,Medium,Exceeds,Ready 1-2 Years
E02306,2025,3.4,88.7,2.9,Medium,Exceeds,Not Ready
E02306,2026,3.2,92.1,2.7,High,Outstanding,Not Ready
E02307,2022,3.7,91.3,3.8,Medium,Meets,Ready 1-2 Years
E02307,2023,4.2,92.0,4.3,Medium,Partially Meets,Not Ready
E02307,2024,3.9,90.6,4.6,Low,Meets,Not Ready
E02307,2025,3.4,79.6,3.2,Medium,Meets,Not Ready
E02307,2026,3.9,83.1,3.8,Medium,Outstanding,Ready 1-2 Years
E02308,2022,3.0,93.0,3.1,Low,Partially Meets,Ready Now
E02308,2023,3.8,87.5,3.9,Medium,Partially Meets,Not Ready
E02308,2024,3.3,83.5,3.4,Medium,Outstanding,Ready 1-2 Years
E02308,2025,3.0,93.4,2.8,High,Meets,Ready Now
E02308,2026,3.7,61.3,3.4,Medium,Outstanding,Ready 1-2 Years
E02309,2024,3.7,87.2,3.5,Medium,Outstanding,Not Ready
E02309,2025,3.4,101.3,2.9,Low,Outstanding,Ready Now
E02309,2026,3.6,80.7,3.9,High,Meets,Not Ready
E02310,2026,3.1,88.0,3.1,Medium,Exceeds,Not Ready
E02311,2022,3.9,92.8,3.7,Medium,Outstanding,Ready Now
E02311,2023,4.4,110.7,4.8,Medium,Partially Meets,Ready 1-2 Years
E02311,2024,4.1,88.8,3.9,High,Partially Meets,Ready Now
E02311,2025,4.4,77.7,4.3,High,Meets,Ready Now
E02311,2026,4.2,86.7,3.9,Medium,Exceeds,Not Ready
E02312,2022,4.5,78.4,4.5,Low,Meets,Ready 1-2 Years
E02312,2023,4.8,101.7,4.7,Medium,Exceeds,Ready Now
E02312,2024,4.9,75.5,4.9,Medium,Exceeds,Ready 1-2 Years
E02312,2025,5.0,86.1,5.0,Low,Exceeds,Ready Now
E02312,2026,4.4,98.1,4.9,Medium,Partially Meets,Ready 1-2 Years
E02314,2025,3.6,96.6,4.4,Medium,Partially Meets,Ready Now
E02314,2026,3.2,82.8,2.9,Low,Partially Meets,Not Ready
E02315,2022,3.9,93.6,3.8,Low,Meets,Ready Now
E02315,2023,4.5,86.0,4.6,Medium,Exceeds,Ready Now
E02315,2024,3.3,103.1,3.3,Low,Meets,Ready 1-2 Years
E02315,2025,3.8,88.3,3.7,Medium,Meets,Ready 1-2 Years
E02315,2026,3.9,103.7,3.9,Medium,Meets,Ready Now
E02316,2022,3.5,89.6,3.4,Low,Exceeds,Not Ready
E02316,2023,3.9,102.7,3.6,Medium,Exceeds,Not Ready
E02316,2024,4.0,102.1,4.1,Medium,Outstanding,Ready 1-2 Years
E02316,2025,4.1,84.5,4.3,Medium,Partially Meets,Ready Now
E02316,2026,3.9,87.5,4.1,Medium,Exceeds,Ready Now
E02317,2022,3.3,102.7,3.8,Medium,Meets,Ready 1-2 Years
E02317,2023,4.5,81.1,4.0,Medium,Meets,Not Ready
E02317,2024,3.7,81.5,3.5,High,Meets,Not Ready
E02317,2025,3.3,71.7,2.9,Medium,Meets,Not Ready
E02317,2026,3.7,83.6,4.0,Medium,Exceeds,Not Ready
E02318,2024,3.0,68.3,2.7,Medium,Meets,Ready 1-2 Years
E02318,2025,3.0,66.2,2.9,High,Exceeds,Ready 1-2 Years
E02318,2026,2.7,64.9,2.7,Medium,Partially Meets,Ready 1-2 Years
E02319,2022,3.8,92.3,4.3,Low,Partially Meets,Ready 1-2 Years
E02319,2023,3.8,75.7,3.8,Medium,Exceeds,Ready Now
E02319,2024,3.4,93.2,3.6,Medium,Meets,Ready 1-2 Years
E02319,2025,3.1,73.7,3.1,Low,Outstanding,Ready Now
E02319,2026,4.1,88.6,3.9,Medium,Exceeds,Ready 1-2 Years
E02320,2022,4.8,90.4,5.0,Medium,Exceeds,Ready Now
E02320,2023,5.0,102.0,5.0,Medium,Partially Meets,Ready Now
E02320,2024,5.0,73.4,4.8,Medium,Meets,Not Ready
E02321,2022,4.4,90.3,4.6,Medium,Meets,Ready 1-2 Years
E02321,2023,3.5,90.3,3.3,Low,Meets,Not Ready
E02321,2024,4.9,90.5,5.0,Low,Outstanding,Not Ready
E02321,2025,4.4,103.2,4.6,Medium,Outstanding,Ready Now
E02321,2026,4.7,99.7,4.8,Medium,Outstanding,Ready 1-2 Years
E02322,2022,4.6,120.0,4.5,Medium,Outstanding,Ready Now
E02322,2023,4.5,97.9,3.9,Low,Outstanding,Ready Now
E02322,2024,4.6,103.2,4.4,Medium,Exceeds,Not Ready
E02322,2025,4.4,81.2,4.3,Low,Meets,Not Ready
E02322,2026,4.0,102.0,4.0,Medium,Exceeds,Ready 1-2 Years
E02323,2022,3.8,101.6,3.5,Low,Partially Meets,Not Ready
E02323,2023,3.4,91.4,3.3,Medium,Meets,Not Ready
E02323,2024,3.9,99.2,4.2,High,Meets,Ready 1-2 Years
E02323,2025,3.3,72.5,3.6,High,Meets,Ready 1-2 Years
E02323,2026,4.1,108.1,4.3,Medium,Exceeds,Ready Now
E02324,2022,3.4,74.7,3.4,Medium,Meets,Ready 1-2 Years
E02324,2023,3.7,69.3,3.9,High,Exceeds,Ready 1-2 Years
E02324,2024,3.5,75.9,4.0,High,Exceeds,Not Ready
E02324,2025,3.2,86.8,3.4,Medium,Partially Meets,Ready Now
E02324,2026,3.4,90.6,3.5,Medium,Meets,Ready Now
E02325,2023,3.7,104.5,3.3,High,Meets,Ready 1-2 Years
E02325,2024,3.5,82.2,3.3,Medium,Partially Meets,Ready Now
E02325,2025,3.0,85.2,2.7,Medium,Meets,Ready Now
E02325,2026,3.3,88.5,3.1,Low,Meets,Ready 1-2 Years
E02326,2022,4.0,89.7,4.1,Low,Meets,Not Ready
E02327,2023,3.5,53.7,3.8,Medium,Partially Meets,Ready 1-2 Years
E02327,2024,3.8,86.7,3.8,Medium,Exceeds,Not Ready
E02327,2025,4.2,86.9,3.7,Low,Exceeds,Ready Now
E02327,2026,3.9,76.9,4.0,Medium,Partially Meets,Not Ready
E02328,2024,2.5,67.2,2.5,High,Partially Meets,Ready 1-2 Years
E02328,2025,2.1,75.6,2.5,Low,Outstanding,Not Ready
E02328,2026,2.6,60.9,2.5,Medium,Partially Meets,Not Ready
E02329,2022,3.6,77.2,3.8,Medium,Outstanding,Ready 1-2 Years
E02329,2023,4.1,95.4,4.1,High,Partially Meets,Ready Now
E02329,2024,4.0,104.4,3.9,Low,Partially Meets,Ready Now
E02329,2025,4.4,93.6,4.6,Medium,Meets,Not Ready
E02329,2026,3.7,101.0,2.9,Medium,Meets,Ready Now
E02330,2024,2.8,84.5,2.6,Medium,Meets,Ready Now
E02330,2025,2.7,91.6,2.4,Low,Meets,Ready 1-2 Years
E02330,2026,2.5,68.1,2.5,Medium,Meets,Ready 1-2 Years
E02331,2024,2.4,81.1,1.9,Low,Exceeds,Not Ready
E02331,2025,2.7,88.0,2.6,Medium,Meets,Ready 1-2 Years
E02331,2026,2.3,79.3,2.0,Medium,Exceeds,Not Ready
E02332,2025,3.3,77.1,3.3,Low,Meets,Not Ready
E02332,2026,4.1,74.4,3.7,Medium,Meets,Ready 1-2 Years
E02333,2026,2.8,85.2,3.1,Medium,Meets,Not Ready
E02334,2022,3.7,84.1,3.7,Medium,Partially Meets,Not Ready
E02334,2023,3.4,93.2,3.2,Medium,Partially Meets,Ready 1-2 Years
E02334,2024,3.2,89.2,3.1,Medium,Meets,Not Ready
E02334,2025,3.7,73.4,3.7,Low,Meets,Ready Now
E02334,2026,2.7,93.2,2.9,Low,Outstanding,Ready 1-2 Years
E02335,2023,3.6,95.2,3.9,Low,Meets,Ready Now
E02335,2024,3.3,81.6,3.2,High,Exceeds,Not Ready
E02335,2025,2.7,66.7,3.1,Medium,Partially Meets,Ready 1-2 Years
E02335,2026,2.8,87.1,3.0,Medium,Meets,Ready 1-2 Years
E02336,2022,5.0,116.7,5.0,Medium,Outstanding,Not Ready
E02336,2023,4.9,104.2,4.7,High,Partially Meets,Ready 1-2 Years
E02336,2024,5.0,97.0,4.7,Medium,Meets,Not Ready
E02336,2025,5.0,81.8,5.0,Medium,Meets,Ready 1-2 Years
E02336,2026,5.0,94.6,4.9,Low,Meets,Ready Now
E02337,2024,2.7,118.4,3.3,High,Outstanding,Not Ready
E02337,2025,2.6,64.1,2.6,Medium,Partially Meets,Not Ready
E02337,2026,2.2,71.9,2.5,Medium,Outstanding,Ready Now
E02338,2022,4.1,75.5,4.4,Medium,Meets,Ready 1-2 Years
E02338,2023,3.9,76.6,4.1,Low,Meets,Ready Now
E02338,2024,4.5,92.6,4.4,Low,Partially Meets,Ready Now
E02338,2025,4.9,102.8,5.0,Medium,Outstanding,Ready 1-2 Years
E02338,2026,3.9,86.9,4.0,Medium,Outstanding,Not Ready
E02339,2024,3.7,95.8,3.7,Medium,Partially Meets,Ready 1-2 Years
E02339,2025,3.1,73.4,3.5,Medium,Meets,Ready 1-2 Years
E02339,2026,3.3,99.0,3.3,Medium,Exceeds,Not Ready
E02340,2025,4.1,102.7,3.9,Low,Exceeds,Ready Now
E02340,2026,2.7,78.4,3.0,Medium,Partially Meets,Not Ready
E02341,2022,2.8,89.7,2.2,Medium,Exceeds,Ready Now
E02341,2023,2.8,77.2,3.0,Medium,Meets,Not Ready
E02341,2024,2.0,73.5,2.0,Medium,Meets,Ready 1-2 Years
E02341,2025,2.5,83.7,2.5,Medium,Outstanding,Not Ready
E02341,2026,2.1,102.5,1.5,Medium,Partially Meets,Ready Now
E02342,2022,3.3,75.3,3.2,Low,Meets,Not Ready
E02342,2023,3.7,93.2,4.0,Low,Outstanding,Ready 1-2 Years
E02342,2024,3.5,93.1,3.7,Medium,Partially Meets,Ready Now
E02342,2025,4.1,83.6,4.2,Medium,Meets,Not Ready
E02342,2026,3.3,94.9,3.1,Medium,Outstanding,Ready 1-2 Years
E02343,2022,4.5,79.5,4.3,Medium,Outstanding,Not Ready
E02343,2023,4.0,88.4,3.7,Low,Exceeds,Not Ready
E02343,2024,3.6,77.7,3.9,Low,Meets,Ready Now
E02343,2025,3.8,86.9,3.5,Low,Outstanding,Not Ready
E02343,2026,3.8,87.0,3.8,Low,Meets,Not Ready
E02344,2022,2.4,82.0,2.2,Medium,Partially Meets,Ready 1-2 Years
E02344,2023,2.7,89.0,2.7,Medium,Meets,Ready Now
E02344,2024,3.0,88.0,2.7,Medium,Exceeds,Not Ready
E02344,2025,3.4,78.0,3.9,Medium,Exceeds,Ready 1-2 Years
E02344,2026,2.6,87.6,2.1,Medium,Meets,Not Ready
E02345,2022,4.1,103.4,3.8,Low,Meets,Ready Now
E02345,2023,3.9,81.7,3.5,Medium,Partially Meets,Not Ready
E02345,2024,4.2,104.2,4.0,Medium,Outstanding,Ready Now
E02345,2025,3.9,80.3,3.9,Medium,Meets,Ready Now
E02345,2026,3.8,86.1,4.3,High,Outstanding,Ready 1-2 Years
E02346,2025,3.5,95.4,3.2,High,Partially Meets,Ready 1-2 Years
E02346,2026,3.2,88.9,3.1,Medium,Meets,Ready Now
E02349,2025,3.6,77.0,3.8,Medium,Exceeds,Ready Now
E02349,2026,3.6,97.9,3.7,Medium,Outstanding,Not Ready
E02350,2022,4.0,92.8,3.8,High,Meets,Not Ready
E02350,2023,3.6,61.8,3.7,Low,Exceeds,Not Ready
E02350,2024,4.2,90.9,4.7,Medium,Outstanding,Ready Now
E02350,2025,3.6,83.6,3.9,Medium,Meets,Not Ready
E02350,2026,3.7,91.0,4.1,Medium,Exceeds,Ready 1-2 Years
E02351,2022,4.8,90.4,4.8,Medium,Meets,Not Ready
E02351,2023,4.6,96.9,4.0,Medium,Exceeds,Not Ready
E02351,2024,5.0,89.6,4.7,Low,Partially Meets,Ready Now
E02351,2025,5.0,96.8,5.0,High,Meets,Ready Now
E02351,2026,5.0,83.2,5.0,Medium,Outstanding,Ready Now
E02352,2024,3.9,84.2,4.0,High,Meets,Ready 1-2 Years
E02353,2023,3.5,86.8,3.8,Medium,Meets,Ready 1-2 Years
E02353,2024,3.4,97.2,3.3,Medium,Exceeds,Not Ready
E02353,2025,3.8,68.1,3.7,Medium,Exceeds,Ready Now
E02353,2026,3.4,96.7,3.2,Low,Meets,Not Ready
E02354,2022,2.8,70.3,2.6,High,Outstanding,Ready Now
E02354,2023,3.2,96.0,3.7,High,Partially Meets,Ready 1-2 Years
E02354,2024,2.4,88.2,2.3,High,Partially Meets,Not Ready
E02354,2025,3.6,88.2,4.2,Medium,Outstanding,Ready Now
E02354,2026,4.0,95.8,4.2,Medium,Meets,Not Ready
E02355,2022,2.5,85.7,2.8,Medium,Exceeds,Not Ready
E02355,2023,2.8,79.3,2.4,Low,Outstanding,Ready 1-2 Years
E02355,2024,2.7,69.4,2.9,Medium,Outstanding,Not Ready
E02355,2025,2.5,83.7,2.1,Medium,Meets,Not Ready
E02355,2026,3.2,87.5,2.6,Medium,Meets,Ready Now
E02356,2022,3.8,85.2,3.4,Medium,Partially Meets,Ready 1-2 Years
E02356,2023,3.7,83.5,3.5,High,Exceeds,Ready 1-2 Years
E02356,2024,3.5,78.7,3.1,Low,Meets,Ready 1-2 Years
E02356,2025,3.9,103.4,3.6,Medium,Meets,Ready 1-2 Years
E02356,2026,4.0,89.6,4.5,Medium,Exceeds,Ready Now
E02357,2024,3.1,78.9,3.4,Medium,Meets,Ready Now
E02357,2025,2.9,53.9,2.2,High,Exceeds,Not Ready
E02357,2026,3.2,78.7,3.5,Medium,Outstanding,Ready Now
E02358,2026,2.8,85.6,2.8,Medium,Exceeds,Not Ready
E02359,2023,3.5,90.0,3.6,Medium,Outstanding,Ready 1-2 Years
E02359,2024,3.5,89.0,3.7,Medium,Meets,Ready Now
E02359,2025,4.1,82.1,3.9,Medium,Exceeds,Ready Now
E02359,2026,4.0,66.2,3.8,Medium,Outstanding,Ready 1-2 Years
E02360,2022,4.0,105.5,4.1,Medium,Meets,Ready 1-2 Years
E02361,2022,3.7,79.0,3.6,Low,Meets,Ready 1-2 Years
E02361,2023,4.1,84.6,4.3,Medium,Meets,Not Ready
E02361,2024,3.0,72.6,2.8,Medium,Meets,Ready Now
E02361,2025,2.9,88.5,2.8,High,Outstanding,Ready 1-2 Years
E02361,2026,3.8,90.3,4.0,Medium,Outstanding,Not Ready
E02363,2022,3.6,80.4,4.3,Medium,Exceeds,Ready 1-2 Years
E02363,2023,3.0,62.8,2.8,Medium,Outstanding,Ready 1-2 Years
E02363,2024,2.5,87.9,2.2,Medium,Outstanding,Ready 1-2 Years
E02363,2025,3.5,82.1,4.0,Medium,Partially Meets,Ready Now
E02363,2026,3.6,70.4,3.7,High,Meets,Ready 1-2 Years
E02364,2022,5.0,87.7,5.0,Low,Partially Meets,Ready Now
E02364,2023,4.7,89.7,4.7,Low,Exceeds,Not Ready
E02364,2024,5.0,95.7,4.4,High,Outstanding,Ready 1-2 Years
E02364,2025,4.6,80.8,4.2,Medium,Exceeds,Ready Now
E02364,2026,5.0,99.2,5.0,Medium,Meets,Ready Now
E02365,2023,3.3,78.4,3.1,Low,Meets,Ready 1-2 Years
E02365,2024,3.7,87.0,3.6,Medium,Outstanding,Not Ready
E02365,2025,3.1,74.8,2.8,Medium,Meets,Ready 1-2 Years
E02365,2026,3.5,72.7,3.5,Low,Meets,Ready 1-2 Years
E02366,2023,2.1,73.0,2.4,Medium,Outstanding,Ready 1-2 Years
E02366,2024,2.5,84.8,3.0,High,Meets,Ready 1-2 Years
E02366,2025,2.3,60.1,2.2,High,Partially Meets,Ready 1-2 Years
E02366,2026,2.6,69.3,2.3,Low,Exceeds,Ready 1-2 Years
E02367,2022,3.2,74.9,2.9,Medium,Meets,Ready 1-2 Years
E02367,2023,2.6,77.4,2.6,Medium,Exceeds,Not Ready
E02367,2024,2.8,81.8,2.7,Medium,Partially Meets,Ready Now
E02367,2025,3.1,69.4,3.2,Low,Partially Meets,Ready Now
E02367,2026,3.0,98.2,3.1,Low,Outstanding,Not Ready
E02368,2024,4.0,88.8,4.4,Medium,Outstanding,Ready 1-2 Years
E02368,2025,4.0,83.8,4.0,High,Meets,Not Ready
E02368,2026,4.0,91.1,4.1,Medium,Exceeds,Not Ready
E02369,2022,4.3,79.8,4.3,Medium,Meets,Not Ready
E02369,2023,4.0,78.8,4.4,Medium,Meets,Ready Now
E02369,2024,3.8,80.0,4.4,Low,Meets,Not Ready
E02369,2025,3.9,89.3,4.0,Low,Outstanding,Not Ready
E02369,2026,4.1,70.8,3.8,Medium,Outstanding,Not Ready
E02370,2024,3.4,79.4,3.4,High,Partially Meets,Not Ready
E02370,2025,3.2,85.6,3.1,High,Outstanding,Ready 1-2 Years
E02370,2026,3.6,80.7,3.5,High,Outstanding,Ready 1-2 Years
E02371,2024,3.0,84.7,3.2,Medium,Exceeds,Not Ready
E02371,2025,2.5,89.7,2.5,Low,Meets,Ready 1-2 Years
E02371,2026,2.7,85.2,2.7,Medium,Meets,Ready Now
E02372,2022,4.3,94.0,5.0,Medium,Exceeds,Ready Now
E02373,2022,2.5,65.5,2.5,High,Meets,Not Ready
E02373,2023,2.1,58.0,1.6,Low,Exceeds,Ready Now
E02373,2024,3.0,89.6,2.9,Medium,Exceeds,Not Ready
E02373,2025,2.2,73.3,1.8,Medium,Partially Meets,Not Ready
E02373,2026,1.8,74.5,2.0,Medium,Meets,Ready 1-2 Years
E02374,2025,4.0,84.3,3.9,Low,Meets,Not Ready
E02374,2026,4.0,85.5,4.1,Medium,Outstanding,Ready Now
E02375,2025,4.0,96.1,4.1,Medium,Exceeds,Ready 1-2 Years
E02375,2026,3.5,61.2,4.1,Medium,Outstanding,Not Ready
E02376,2022,3.0,71.2,2.6,Low,Meets,Ready 1-2 Years
E02376,2023,3.5,100.7,3.5,Medium,Exceeds,Ready 1-2 Years
E02376,2024,2.8,76.3,2.8,Low,Meets,Ready Now
E02377,2022,3.0,81.5,2.8,Medium,Meets,Ready Now
E02377,2023,4.4,83.4,4.2,Medium,Exceeds,Ready 1-2 Years
E02377,2024,3.7,100.1,3.5,High,Meets,Not Ready
E02377,2025,3.2,80.8,2.9,Medium,Partially Meets,Not Ready
E02378,2023,2.6,67.4,2.7,Medium,Partially Meets,Ready Now
E02378,2024,3.1,79.9,2.8,Medium,Exceeds,Ready Now
E02378,2025,3.5,72.3,3.5,High,Partially Meets,Ready Now
E02378,2026,3.2,80.1,2.7,High,Exceeds,Ready Now
E02379,2022,4.1,94.2,4.3,Low,Meets,Ready Now
E02379,2023,3.4,82.2,3.8,High,Partially Meets,Ready 1-2 Years
E02379,2024,3.6,95.1,3.4,Medium,Outstanding,Not Ready
E02379,2025,3.2,76.2,3.4,Medium,Partially Meets,Not Ready
E02379,2026,3.1,81.0,3.3,High,Partially Meets,Ready Now
E02380,2022,2.9,87.3,3.6,Low,Exceeds,Ready 1-2 Years
E02380,2023,3.2,73.4,2.9,Medium,Outstanding,Not Ready
E02380,2024,3.6,87.5,3.6,Medium,Meets,Ready 1-2 Years
E02380,2025,3.5,77.0,3.2,High,Partially Meets,Not Ready
E02380,2026,3.1,80.8,2.7,Low,Exceeds,Not Ready
E02381,2022,4.0,88.3,3.9,Low,Meets,Not Ready
E02381,2023,3.7,86.3,3.8,Medium,Meets,Not Ready
E02381,2024,3.9,76.3,3.9,High,Meets,Ready Now
E02382,2026,4.3,90.5,4.6,Medium,Partially Meets,Ready Now
E02383,2022,4.7,102.6,5.0,Medium,Meets,Ready 1-2 Years
E02383,2023,5.0,66.8,5.0,Low,Exceeds,Ready Now
E02383,2024,5.0,81.6,5.0,Medium,Outstanding,Not Ready
E02383,2025,4.8,93.7,4.4,Low,Meets,Ready Now
E02383,2026,5.0,100.0,4.7,Medium,Meets,Not Ready
E02384,2025,2.1,82.3,2.1,Medium,Meets,Not Ready
E02384,2026,3.0,97.1,2.9,High,Outstanding,Ready 1-2 Years
E02386,2022,2.9,89.3,2.5,Medium,Meets,Not Ready
E02386,2023,2.9,91.4,2.6,Low,Outstanding,Not Ready
E02386,2024,2.4,82.2,2.6,Medium,Exceeds,Ready Now
E02386,2025,2.9,80.1,3.2,Low,Meets,Ready Now
E02386,2026,3.3,74.1,3.4,Medium,Meets,Not Ready
E02387,2022,4.1,83.6,4.3,Medium,Meets,Ready Now
E02387,2023,3.7,92.5,3.8,High,Outstanding,Ready 1-2 Years
E02387,2024,3.7,103.5,3.3,Medium,Partially Meets,Ready Now
E02387,2025,3.6,58.8,3.9,Medium,Partially Meets,Ready Now
E02387,2026,3.7,103.5,3.2,Low,Partially Meets,Ready 1-2 Years
E02388,2026,3.4,89.0,3.6,Low,Partially Meets,Not Ready
E02389,2023,2.9,78.9,3.1,Medium,Meets,Ready 1-2 Years
E02389,2024,2.5,74.9,2.6,Medium,Exceeds,Ready 1-2 Years
E02389,2025,2.9,81.2,2.4,High,Exceeds,Ready Now
E02389,2026,3.1,69.1,3.4,Medium,Meets,Ready Now
E02390,2022,3.6,88.2,3.6,Low,Exceeds,Ready 1-2 Years
E02390,2023,3.4,102.0,3.3,Low,Partially Meets,Not Ready
E02390,2024,3.5,76.6,3.8,High,Meets,Ready 1-2 Years
E02390,2025,3.5,68.4,4.1,High,Outstanding,Ready 1-2 Years
E02390,2026,3.2,93.8,3.0,Low,Meets,Ready Now
E02391,2023,2.9,66.5,3.0,High,Exceeds,Ready Now
E02391,2024,3.2,85.7,2.9,Medium,Meets,Not Ready
E02391,2025,3.3,92.9,3.0,Medium,Exceeds,Ready Now
E02391,2026,3.2,86.0,2.9,Medium,Exceeds,Ready 1-2 Years
E02392,2022,4.9,92.9,4.8,Medium,Meets,Ready 1-2 Years
E02392,2023,5.0,95.6,5.0,Medium,Meets,Ready 1-2 Years
E02392,2024,4.9,109.6,4.6,Medium,Partially Meets,Ready Now
E02392,2025,4.1,87.1,3.5,High,Meets,Ready 1-2 Years
E02392,2026,5.0,82.2,4.6,High,Outstanding,Not Ready
E02393,2022,3.4,103.3,3.5,High,Meets,Not Ready
E02393,2023,4.0,78.0,3.3,Low,Partially Meets,Ready Now
E02393,2024,3.8,81.3,4.5,Low,Meets,Ready Now
E02393,2025,3.8,77.7,3.7,High,Exceeds,Not Ready
E02393,2026,3.5,76.8,3.7,Medium,Meets,Ready 1-2 Years
E02394,2023,4.0,66.0,4.4,Medium,Outstanding,Ready Now
E02394,2024,3.4,80.4,3.6,Medium,Meets,Ready 1-2 Years
E02394,2025,3.7,85.2,4.5,High,Outstanding,Not Ready
E02394,2026,3.3,81.2,3.4,Medium,Meets,Ready 1-2 Years
E02396,2026,3.7,93.1,3.9,Low,Partially Meets,Ready 1-2 Years
E02397,2026,4.0,77.7,4.3,Low,Meets,Ready Now
E02398,2026,3.4,83.3,3.3,Medium,Outstanding,Ready Now
E02399,2022,4.0,91.3,4.1,Medium,Meets,Ready 1-2 Years
E02399,2023,3.7,89.7,3.8,Medium,Partially Meets,Ready 1-2 Years
E02399,2024,3.2,90.6,3.1,Medium,Exceeds,Not Ready
E02399,2025,4.2,80.0,4.4,Medium,Partially Meets,Ready Now
E02399,2026,3.7,78.3,3.8,Medium,Exceeds,Ready 1-2 Years
E02400,2022,3.6,90.7,3.1,Medium,Outstanding,Not Ready
E02400,2023,3.8,81.2,3.9,Low,Exceeds,Not Ready
E02400,2024,3.4,91.1,3.8,Medium,Meets,Ready Now
E02400,2025,3.0,82.9,2.7,Medium,Meets,Not Ready
E02400,2026,3.8,88.4,3.9,Medium,Exceeds,Not Ready
E02401,2023,3.6,82.3,3.7,Low,Meets,Not Ready
E02401,2024,3.7,87.2,4.2,Low,Meets,Not Ready
E02401,2025,3.5,78.2,3.5,Medium,Meets,Ready 1-2 Years
E02401,2026,3.0,98.8,3.1,Medium,Outstanding,Not Ready
E02402,2022,3.8,90.5,3.9,Medium,Partially Meets,Ready Now
E02402,2023,3.7,92.0,3.4,Medium,Partially Meets,Not Ready
E02402,2024,3.6,97.0,3.5,High,Meets,Ready 1-2 Years
E02402,2025,3.7,109.6,4.0,Medium,Meets,Ready Now
E02402,2026,3.6,73.3,3.3,Medium,Exceeds,Not Ready
E02403,2022,3.6,88.6,3.5,High,Exceeds,Ready 1-2 Years
E02403,2023,3.5,85.5,3.4,High,Partially Meets,Not Ready
E02403,2024,4.0,61.4,4.0,Medium,Partially Meets,Ready 1-2 Years
E02403,2025,4.1,106.0,3.9,Medium,Meets,Ready Now
E02403,2026,3.9,90.7,4.2,High,Meets,Not Ready
E02404,2022,2.4,72.4,2.7,High,Meets,Ready Now
E02404,2023,2.9,90.7,2.7,Medium,Partially Meets,Ready 1-2 Years
E02404,2024,2.9,80.5,2.9,Medium,Exceeds,Ready 1-2 Years
E02404,2025,2.7,80.4,3.3,Medium,Exceeds,Not Ready
E02404,2026,2.9,99.7,3.0,Medium,Outstanding,Not Ready
E02405,2023,3.5,73.2,3.7,Medium,Exceeds,Ready Now
E02405,2024,3.8,92.4,3.3,Medium,Partially Meets,Not Ready
E02405,2025,3.5,71.3,3.4,High,Partially Meets,Ready Now
E02405,2026,2.7,68.0,3.0,Medium,Meets,Ready Now
E02406,2024,4.5,98.0,4.2,Low,Meets,Ready 1-2 Years
E02406,2025,4.5,95.7,4.3,Medium,Outstanding,Ready Now
E02406,2026,3.7,97.2,3.9,Medium,Partially Meets,Ready 1-2 Years
E02407,2022,2.5,83.2,2.1,High,Outstanding,Ready Now
E02407,2023,2.7,85.1,3.0,Low,Partially Meets,Ready Now
E02407,2024,2.6,94.0,2.4,Low,Exceeds,Ready Now
E02407,2025,3.1,83.0,3.1,Medium,Outstanding,Ready 1-2 Years
E02407,2026,3.0,99.3,3.6,High,Outstanding,Ready 1-2 Years
E02408,2022,3.4,88.6,3.1,Low,Outstanding,Not Ready
E02408,2023,3.7,89.7,3.9,Low,Meets,Ready Now
E02408,2024,2.8,75.0,2.5,Low,Meets,Ready 1-2 Years
E02408,2025,3.7,94.3,3.5,Medium,Outstanding,Not Ready
E02408,2026,3.1,73.7,2.7,Medium,Outstanding,Ready 1-2 Years
E02409,2025,3.0,81.1,3.1,High,Meets,Not Ready
E02409,2026,2.2,86.1,2.1,Medium,Meets,Ready 1-2 Years
E02410,2026,3.5,91.3,3.5,Medium,Outstanding,Ready Now
E02411,2023,4.1,84.7,3.8,Low,Partially Meets,Not Ready
E02412,2022,4.4,72.1,4.4,Medium,Meets,Not Ready
E02412,2023,4.5,87.6,4.7,Medium,Exceeds,Not Ready
E02412,2024,3.6,75.4,3.8,High,Partially Meets,Not Ready
E02412,2025,4.5,98.9,4.5,Medium,Outstanding,Ready 1-2 Years
E02412,2026,4.2,88.4,4.2,High,Partially Meets,Not Ready
E02413,2025,3.9,92.9,3.8,Medium,Meets,Ready 1-2 Years
E02414,2022,4.3,94.6,4.0,Medium,Exceeds,Not Ready
E02414,2023,4.8,82.0,4.9,Low,Exceeds,Not Ready
E02414,2024,5.0,101.5,4.9,Medium,Partially Meets,Ready Now
E02414,2025,4.8,95.4,5.0,High,Partially Meets,Ready 1-2 Years
E02414,2026,4.2,101.9,4.7,Medium,Outstanding,Ready Now
E02415,2022,2.8,83.1,3.1,Low,Meets,Ready Now
E02415,2023,2.5,62.7,2.4,Low,Meets,Ready Now
E02415,2024,2.5,61.7,2.7,Medium,Exceeds,Not Ready
E02415,2025,2.7,90.4,3.0,Medium,Partially Meets,Ready 1-2 Years
E02415,2026,2.8,72.9,1.9,Medium,Outstanding,Ready 1-2 Years
E02416,2022,3.3,78.2,3.3,Low,Meets,Ready Now
E02416,2023,3.3,92.3,2.8,Low,Meets,Ready Now
E02416,2024,3.5,73.9,3.4,Medium,Outstanding,Ready 1-2 Years
E02416,2025,3.2,56.7,2.8,Medium,Partially Meets,Ready Now
E02416,2026,3.2,95.9,3.3,Low,Partially Meets,Not Ready
E02417,2025,3.1,87.9,3.0,Medium,Meets,Ready Now
E02417,2026,4.9,100.2,4.8,Medium,Partially Meets,Ready Now
E02418,2025,3.4,82.8,3.5,Medium,Exceeds,Not Ready
E02418,2026,3.2,93.9,3.2,High,Exceeds,Ready 1-2 Years
E02419,2022,3.1,88.2,3.1,High,Meets,Ready Now
E02420,2022,4.1,97.3,4.1,Medium,Exceeds,Ready Now
E02420,2023,4.1,104.9,3.8,Medium,Meets,Ready Now
E02420,2024,4.1,96.9,4.4,Low,Meets,Not Ready
E02420,2025,4.0,83.5,4.2,High,Meets,Ready Now
E02420,2026,4.4,90.0,3.9,Medium,Meets,Ready 1-2 Years
E02421,2022,3.0,94.7,3.3,Low,Outstanding,Not Ready
E02421,2023,3.1,82.9,3.1,Medium,Outstanding,Ready Now
E02421,2024,2.5,81.6,2.1,Low,Outstanding,Ready 1-2 Years
E02421,2025,3.1,97.8,3.4,Medium,Outstanding,Ready 1-2 Years
E02421,2026,3.3,88.9,3.7,Medium,Outstanding,Ready 1-2 Years
E02422,2026,3.7,96.7,3.5,Medium,Meets,Not Ready
E02423,2022,3.2,78.5,3.0,Medium,Outstanding,Ready 1-2 Years
E02423,2023,4.5,111.2,4.7,Medium,Meets,Ready Now
E02423,2024,4.2,100.9,4.2,High,Meets,Ready Now
E02423,2025,4.1,94.1,4.1,Medium,Partially Meets,Ready 1-2 Years
E02423,2026,4.1,82.8,4.3,Medium,Partially Meets,Ready 1-2 Years
E02424,2022,3.0,71.7,3.1,Low,Partially Meets,Ready 1-2 Years
E02424,2023,2.4,82.4,2.5,Medium,Meets,Ready Now
E02424,2024,2.8,70.2,2.9,High,Outstanding,Ready 1-2 Years
E02424,2025,1.6,77.1,1.9,Medium,Partially Meets,Not Ready
E02424,2026,2.7,82.5,2.7,Medium,Meets,Ready Now
E02425,2023,2.6,65.1,2.6,Medium,Partially Meets,Ready 1-2 Years
E02425,2024,3.5,72.8,3.6,Medium,Meets,Not Ready
E02425,2025,2.8,98.6,2.6,Low,Meets,Ready Now
E02425,2026,3.1,81.0,3.2,Medium,Partially Meets,Ready Now
E02426,2026,3.5,75.7,3.5,Medium,Meets,Not Ready
E02427,2022,2.3,79.8,1.7,Medium,Meets,Ready Now
E02427,2023,2.9,87.2,3.0,Medium,Outstanding,Ready 1-2 Years
E02427,2024,2.4,65.6,2.8,High,Meets,Not Ready
E02428,2022,3.5,87.4,3.1,Medium,Meets,Ready 1-2 Years
E02428,2023,3.1,71.7,3.3,Medium,Meets,Not Ready
E02428,2024,3.2,88.5,3.4,Low,Partially Meets,Ready 1-2 Years
E02428,2025,3.0,80.7,2.8,High,Partially Meets,Not Ready
E02428,2026,2.8,79.4,2.8,Medium,Meets,Ready Now
E02429,2022,4.5,104.2,4.3,Low,Partially Meets,Ready 1-2 Years
E02429,2023,4.6,100.8,4.3,High,Meets,Ready Now
E02429,2024,5.0,98.4,4.7,Medium,Partially Meets,Not Ready
E02429,2025,5.0,99.6,4.9,Medium,Partially Meets,Ready 1-2 Years
E02429,2026,4.3,83.5,3.9,Medium,Exceeds,Ready 1-2 Years
E02430,2022,3.0,95.4,2.9,Low,Meets,Ready Now
E02430,2023,3.5,78.6,3.2,Medium,Outstanding,Not Ready
E02430,2024,3.0,69.7,2.4,Medium,Meets,Ready 1-2 Years
E02430,2025,3.3,83.5,3.5,High,Partially Meets,Not Ready
E02430,2026,3.4,83.0,3.4,Medium,Meets,Not Ready
E02431,2022,3.3,82.1,3.8,High,Partially Meets,Ready 1-2 Years
E02431,2023,3.1,93.3,2.9,High,Exceeds,Not Ready
E02431,2024,3.6,83.0,3.5,Medium,Meets,Not Ready
E02431,2025,3.8,83.3,3.4,Low,Partially Meets,Not Ready
E02431,2026,3.5,69.3,3.7,Medium,Exceeds,Ready Now
E02434,2025,3.6,95.9,3.9,High,Meets,Ready 1-2 Years
E02434,2026,3.8,83.4,3.7,Medium,Partially Meets,Not Ready
E02435,2022,1.9,64.7,1.5,Medium,Meets,Ready 1-2 Years
E02435,2023,1.0,63.9,1.0,Medium,Meets,Ready 1-2 Years
E02435,2024,1.7,63.9,1.6,Medium,Meets,Ready Now
E02435,2025,1.8,57.6,1.9,Medium,Meets,Ready Now
E02435,2026,1.4,73.6,1.1,Low,Meets,Not Ready
E02436,2022,2.4,71.8,2.0,Medium,Outstanding,Not Ready
E02436,2023,2.7,69.7,3.2,High,Exceeds,Ready Now
E02436,2024,2.9,80.3,2.5,Medium,Meets,Ready 1-2 Years
E02436,2025,2.8,91.8,3.3,Low,Meets,Not Ready
E02436,2026,2.6,64.4,2.9,Medium,Outstanding,Ready Now
E02437,2022,2.7,90.3,2.8,High,Outstanding,Ready 1-2 Years
E02437,2023,2.6,73.2,2.5,Medium,Outstanding,Not Ready
E02437,2024,2.8,90.5,2.3,High,Partially Meets,Ready 1-2 Years
E02437,2025,2.8,94.8,2.7,Low,Meets,Ready Now
E02437,2026,2.3,67.5,2.7,High,Meets,Not Ready
E02439,2022,3.0,88.2,2.7,Medium,Meets,Not Ready
E02439,2023,2.8,97.4,3.2,Medium,Meets,Ready Now
E02439,2024,2.7,68.4,2.9,Medium,Outstanding,Not Ready
E02439,2025,3.2,84.6,3.4,Medium,Outstanding,Ready Now
E02439,2026,3.2,103.1,2.8,High,Meets,Ready Now
E02441,2022,3.8,86.4,3.7,Medium,Outstanding,Ready Now
E02441,2023,3.5,91.1,3.2,Low,Meets,Ready 1-2 Years
E02441,2024,4.3,102.6,4.2,Medium,Outstanding,Ready 1-2 Years
E02441,2025,3.9,87.3,3.3,High,Partially Meets,Ready Now
E02441,2026,3.7,63.0,3.6,High,Exceeds,Ready 1-2 Years
E02442,2022,4.3,92.8,4.5,Low,Partially Meets,Ready Now
E02442,2023,4.0,62.4,4.3,Medium,Partially Meets,Not Ready
E02442,2024,5.0,100.5,4.7,High,Exceeds,Ready 1-2 Years
E02442,2025,3.9,79.2,4.0,High,Meets,Ready 1-2 Years
E02442,2026,3.8,97.4,4.5,Medium,Meets,Ready 1-2 Years
E02443,2025,3.3,86.1,2.7,Medium,Meets,Not Ready
E02443,2026,2.9,77.7,2.8,Medium,Meets,Ready Now
E02444,2022,4.0,93.7,3.9,Medium,Outstanding,Ready Now
E02444,2023,3.6,75.3,3.6,Medium,Meets,Ready Now
E02444,2024,3.5,83.2,3.7,Medium,Meets,Ready Now
E02445,2022,2.6,67.6,2.4,Medium,Partially Meets,Ready Now
E02445,2023,2.7,78.2,2.7,Low,Outstanding,Not Ready
E02445,2024,2.4,81.2,2.0,Medium,Exceeds,Not Ready
E02445,2025,3.0,84.0,3.2,Medium,Exceeds,Ready Now
E02445,2026,2.4,61.7,2.1,Medium,Meets,Ready 1-2 Years
E02446,2024,1.9,92.0,1.9,High,Partially Meets,Ready Now
E02446,2025,2.8,66.2,2.7,High,Partially Meets,Not Ready
E02446,2026,1.8,73.4,1.5,High,Exceeds,Ready 1-2 Years
E02447,2026,3.8,83.3,3.6,Low,Meets,Ready 1-2 Years
E02448,2025,3.4,93.9,3.1,Medium,Meets,Ready 1-2 Years
E02448,2026,3.4,76.4,3.2,Medium,Outstanding,Not Ready
E02449,2022,2.7,62.1,2.2,Medium,Partially Meets,Ready 1-2 Years
E02449,2023,2.9,82.8,3.3,Medium,Meets,Not Ready
E02449,2024,3.3,80.1,3.3,Medium,Meets,Ready Now
E02449,2025,3.3,97.3,3.3,Medium,Meets,Ready Now
E02449,2026,3.0,84.4,2.8,Medium,Exceeds,Not Ready
E02450,2022,3.4,102.6,3.3,Low,Meets,Ready 1-2 Years
E02450,2023,3.1,81.1,3.2,Low,Meets,Not Ready
E02450,2024,3.2,66.9,3.7,Medium,Partially Meets,Not Ready
E02450,2025,3.4,99.7,3.5,Medium,Exceeds,Ready Now
E02450,2026,3.1,74.3,2.9,High,Meets,Not Ready
E02451,2022,3.1,78.2,3.0,Medium,Partially Meets,Not Ready
E02451,2023,2.3,51.6,2.0,Low,Meets,Ready Now
E02451,2024,2.8,103.3,2.8,Medium,Exceeds,Ready 1-2 Years
E02451,2025,2.4,65.4,2.2,High,Outstanding,Ready 1-2 Years
E02451,2026,3.2,91.2,3.8,High,Meets,Not Ready
E02452,2025,3.7,92.7,4.0,Medium,Meets,Ready 1-2 Years
E02452,2026,4.1,104.6,3.5,Medium,Exceeds,Ready Now
E02453,2022,3.5,72.5,3.8,Medium,Exceeds,Ready Now
E02453,2023,3.0,76.0,2.7,Medium,Meets,Ready Now
E02453,2024,3.1,80.8,3.2,Low,Exceeds,Ready 1-2 Years
E02453,2025,3.5,87.7,3.3,Medium,Meets,Ready 1-2 Years
E02453,2026,3.4,94.3,3.7,Medium,Outstanding,Not Ready
E02454,2022,3.1,82.1,3.2,Medium,Outstanding,Ready 1-2 Years
E02455,2024,3.8,79.6,4.0,Medium,Partially Meets,Ready 1-2 Years
E02455,2025,4.0,91.4,4.1,Low,Meets,Ready 1-2 Years
E02455,2026,4.2,69.6,4.3,Medium,Meets,Not Ready
E02456,2022,3.9,96.8,3.9,High,Exceeds,Not Ready
E02456,2023,4.2,92.7,4.4,Medium,Outstanding,Not Ready
E02456,2024,3.6,87.1,3.2,Medium,Meets,Not Ready
E02456,2025,3.4,79.5,3.2,High,Meets,Ready 1-2 Years
E02456,2026,4.5,106.3,4.6,Medium,Partially Meets,Ready Now
E02457,2024,4.4,95.9,4.7,High,Exceeds,Not Ready
E02457,2025,3.9,77.4,4.1,Medium,Meets,Not Ready
E02457,2026,4.4,99.3,4.5,High,Partially Meets,Ready 1-2 Years
E02458,2023,4.7,96.9,4.6,Medium,Meets,Ready 1-2 Years
E02458,2024,4.3,103.5,4.2,Medium,Exceeds,Ready Now
E02458,2025,4.5,102.9,4.6,Low,Meets,Ready Now
E02459,2022,3.0,82.1,2.7,High,Exceeds,Ready 1-2 Years
E02459,2023,2.6,94.6,2.5,Medium,Meets,Ready Now
E02459,2024,3.0,94.7,2.8,Low,Partially Meets,Not Ready
E02460,2022,3.5,81.9,3.0,Medium,Exceeds,Ready Now
E02460,2023,3.7,82.5,3.1,Low,Meets,Ready 1-2 Years
E02460,2024,3.6,86.2,3.5,Medium,Meets,Not Ready
E02460,2025,2.9,66.4,3.1,Medium,Meets,Ready 1-2 Years
E02460,2026,3.5,87.3,3.3,Medium,Outstanding,Not Ready
E02461,2026,3.4,89.8,3.4,High,Meets,Ready Now
E02462,2022,2.8,78.3,2.2,Medium,Partially Meets,Not Ready
E02462,2023,2.6,83.4,2.5,Medium,Partially Meets,Not Ready
E02462,2024,2.4,84.5,2.4,Medium,Partially Meets,Ready Now
E02462,2025,1.9,54.1,2.2,Medium,Outstanding,Not Ready
E02462,2026,2.7,71.6,3.0,High,Exceeds,Ready 1-2 Years
E02463,2022,3.4,73.4,3.4,High,Partially Meets,Ready Now
E02463,2023,4.1,103.6,4.8,Medium,Partially Meets,Ready 1-2 Years
E02463,2024,4.0,91.8,4.6,High,Meets,Ready 1-2 Years
E02463,2025,4.3,89.4,4.0,Medium,Outstanding,Ready 1-2 Years
E02464,2023,3.0,88.4,3.1,Low,Outstanding,Ready 1-2 Years
E02464,2024,3.6,115.7,3.6,High,Meets,Ready 1-2 Years
E02465,2023,2.8,85.6,2.0,Medium,Partially Meets,Not Ready
E02465,2024,3.3,65.8,3.4,Medium,Partially Meets,Ready Now
E02465,2025,3.2,81.7,3.5,Medium,Exceeds,Ready 1-2 Years
E02465,2026,3.7,74.7,3.9,Medium,Exceeds,Ready 1-2 Years
E02466,2025,3.7,85.5,3.9,Medium,Meets,Ready 1-2 Years
E02466,2026,3.3,78.6,3.5,Medium,Exceeds,Ready 1-2 Years
E02467,2024,4.0,100.3,4.0,Medium,Meets,Not Ready
E02467,2025,4.2,101.1,4.1,Medium,Partially Meets,Ready 1-2 Years
E02467,2026,3.6,94.4,3.7,Medium,Partially Meets,Not Ready
E02468,2022,3.7,77.3,3.8,Medium,Exceeds,Not Ready
E02468,2023,3.0,73.3,3.1,Low,Outstanding,Not Ready
E02468,2024,3.3,75.2,3.6,High,Outstanding,Ready 1-2 Years
E02468,2025,3.1,65.2,3.1,Low,Partially Meets,Ready 1-2 Years
E02468,2026,3.2,90.1,3.5,Medium,Outstanding,Ready Now
E02469,2026,4.7,81.5,4.9,Low,Outstanding,Ready Now
E02470,2022,2.8,92.9,2.6,Medium,Meets,Not Ready
E02470,2023,3.6,79.8,4.3,Medium,Exceeds,Ready Now
E02470,2024,3.2,94.5,3.0,High,Outstanding,Ready 1-2 Years
E02470,2025,3.3,112.1,3.2,Low,Outstanding,Ready Now
E02470,2026,2.8,55.0,2.4,Medium,Partially Meets,Ready 1-2 Years
E02471,2023,3.4,67.5,3.2,Medium,Partially Meets,Not Ready
E02471,2024,3.6,93.9,4.0,Medium,Meets,Not Ready
E02471,2025,3.6,82.3,4.0,High,Exceeds,Ready Now
E02471,2026,3.1,85.7,3.4,Low,Meets,Ready Now
E02472,2022,3.0,90.6,2.8,Low,Meets,Not Ready
E02472,2023,3.5,87.7,3.7,High,Meets,Ready 1-2 Years
E02472,2024,3.3,75.6,3.1,Medium,Partially Meets,Not Ready
E02472,2025,4.0,89.6,3.4,Medium,Exceeds,Ready 1-2 Years
E02472,2026,3.3,75.3,3.2,Medium,Partially Meets,Ready Now
E02473,2022,4.8,98.6,5.0,Medium,Partially Meets,Ready Now
E02473,2023,4.8,93.9,4.9,Medium,Partially Meets,Ready 1-2 Years
E02473,2024,5.0,86.1,5.0,Medium,Meets,Not Ready
E02473,2025,5.0,106.2,5.0,Medium,Outstanding,Ready Now
E02473,2026,4.5,114.4,4.2,Medium,Meets,Ready 1-2 Years
E02474,2025,2.7,96.2,2.9,Medium,Meets,Ready Now
E02474,2026,3.1,70.7,3.2,Low,Meets,Not Ready
E02475,2022,3.2,91.1,3.1,High,Partially Meets,Ready 1-2 Years
E02475,2023,2.4,71.7,2.2,Medium,Exceeds,Not Ready
E02475,2024,2.7,89.8,2.7,Medium,Partially Meets,Not Ready
E02475,2025,3.1,78.1,3.2,Medium,Exceeds,Not Ready
E02475,2026,2.2,85.7,2.7,Medium,Partially Meets,Ready Now
E02476,2022,2.3,71.2,2.3,Low,Outstanding,Ready Now
E02476,2023,2.1,79.9,2.3,Medium,Meets,Ready Now
E02476,2024,2.9,78.0,3.0,Medium,Exceeds,Ready Now
E02476,2025,3.2,82.1,3.6,Medium,Partially Meets,Ready 1-2 Years
E02476,2026,2.5,69.5,2.6,Low,Meets,Ready Now
E02477,2025,4.3,91.7,4.2,High,Meets,Ready 1-2 Years
E02477,2026,4.6,96.1,5.0,Medium,Outstanding,Ready Now
E02478,2026,4.1,88.4,4.1,Medium,Meets,Ready Now
E02479,2026,4.5,100.3,4.6,High,Exceeds,Ready 1-2 Years
E02480,2022,4.8,86.1,5.0,Medium,Meets,Ready 1-2 Years
E02480,2023,4.2,72.7,4.2,Medium,Meets,Ready Now
E02480,2024,3.8,80.4,3.5,Low,Outstanding,Not Ready
E02480,2025,3.6,76.6,3.6,Medium,Meets,Not Ready
E02480,2026,4.4,89.1,4.2,Medium,Meets,Ready 1-2 Years
E02481,2022,3.5,94.8,3.9,Medium,Meets,Ready 1-2 Years
E02481,2023,3.3,74.6,3.7,Medium,Outstanding,Ready Now
E02481,2024,3.2,71.6,3.6,Medium,Partially Meets,Ready 1-2 Years
E02481,2025,3.2,70.9,3.4,High,Meets,Ready 1-2 Years
E02481,2026,2.9,76.8,2.7,Medium,Exceeds,Ready Now
E02482,2025,4.0,79.2,4.0,High,Outstanding,Not Ready
E02482,2026,3.7,82.0,3.7,Low,Exceeds,Not Ready
E02483,2022,1.4,57.4,1.8,Low,Exceeds,Ready Now
E02483,2023,1.8,84.9,1.4,Medium,Outstanding,Not Ready
E02483,2024,2.3,71.0,2.0,High,Partially Meets,Not Ready
E02483,2025,2.4,92.6,2.3,Medium,Outstanding,Ready 1-2 Years
E02483,2026,2.1,84.4,1.9,High,Meets,Ready 1-2 Years
E02484,2022,2.5,72.4,2.3,Medium,Exceeds,Ready 1-2 Years
E02484,2023,2.5,75.8,2.6,Low,Partially Meets,Ready Now
E02484,2024,2.3,76.9,2.1,Medium,Meets,Ready 1-2 Years
E02484,2025,2.2,75.9,2.3,Low,Partially Meets,Not Ready
E02484,2026,2.6,75.0,2.1,Low,Meets,Ready Now
E02485,2023,3.2,71.6,3.1,Medium,Meets,Ready 1-2 Years
E02485,2024,3.3,101.6,3.1,High,Outstanding,Ready Now
E02485,2025,3.4,70.8,3.5,Low,Partially Meets,Not Ready
E02485,2026,2.7,108.8,2.5,Medium,Exceeds,Ready Now
E02486,2026,3.6,92.6,3.4,Medium,Outstanding,Ready Now
E02487,2022,2.2,73.4,2.6,Medium,Meets,Ready 1-2 Years
E02487,2023,2.5,66.4,2.5,Medium,Exceeds,Not Ready
E02487,2024,2.4,77.1,1.8,Low,Meets,Ready Now
E02487,2025,2.1,75.7,2.3,Low,Partially Meets,Ready Now
E02487,2026,2.0,65.7,2.1,Medium,Meets,Not Ready
E02488,2022,2.9,93.7,3.1,Medium,Meets,Ready Now
E02488,2023,3.1,85.7,2.8,High,Outstanding,Not Ready
E02488,2024,3.2,87.9,3.2,Medium,Outstanding,Ready Now
E02488,2025,3.1,85.7,3.0,Medium,Partially Meets,Ready Now
E02488,2026,3.8,97.3,4.1,Medium,Outstanding,Ready Now
E02489,2022,2.7,64.9,2.3,High,Meets,Ready 1-2 Years
E02489,2023,2.7,66.3,2.5,Medium,Outstanding,Not Ready
E02489,2024,2.9,87.6,3.2,Medium,Meets,Not Ready
E02489,2025,2.7,80.4,2.8,High,Meets,Ready 1-2 Years
E02489,2026,3.1,75.3,2.9,Medium,Meets,Not Ready
E02490,2022,3.8,87.6,4.0,Medium,Exceeds,Ready 1-2 Years
E02490,2023,3.2,108.7,3.6,High,Outstanding,Ready 1-2 Years
E02490,2024,3.0,64.0,3.3,Medium,Exceeds,Ready Now
E02490,2025,3.7,89.9,2.9,Medium,Outstanding,Not Ready
E02490,2026,3.8,84.4,4.0,Medium,Meets,Ready Now
E02491,2025,2.2,71.9,2.2,Medium,Partially Meets,Ready 1-2 Years
E02491,2026,2.8,62.1,3.0,High,Meets,Not Ready
E02492,2022,4.2,81.5,4.3,Medium,Meets,Ready 1-2 Years
E02492,2023,5.0,79.8,5.0,Medium,Outstanding,Ready 1-2 Years
E02492,2024,4.8,91.8,4.6,Medium,Partially Meets,Not Ready
E02492,2025,5.0,94.3,5.0,Medium,Exceeds,Ready 1-2 Years
E02492,2026,4.5,90.7,4.7,Medium,Meets,Not Ready
E02493,2022,1.8,74.1,1.8,Medium,Meets,Not Ready
E02493,2023,2.2,71.9,1.8,Medium,Exceeds,Not Ready
E02493,2024,2.1,70.2,2.2,Medium,Outstanding,Not Ready
E02493,2025,1.1,70.2,1.4,Medium,Meets,Ready Now
E02493,2026,2.3,63.3,2.1,Medium,Exceeds,Ready 1-2 Years
E02494,2025,3.4,64.3,3.6,Medium,Exceeds,Ready 1-2 Years
E02494,2026,3.5,88.3,3.4,Medium,Outstanding,Not Ready
E02495,2024,2.8,66.0,2.4,Medium,Outstanding,Ready 1-2 Years
E02495,2025,3.1,96.3,2.9,Medium,Exceeds,Ready 1-2 Years
E02495,2026,2.9,73.8,2.5,Medium,Exceeds,Ready Now
E02496,2023,3.3,79.8,3.0,Medium,Exceeds,Not Ready
E02496,2024,4.1,89.8,4.3,High,Outstanding,Not Ready
E02496,2025,3.3,88.2,3.0,High,Partially Meets,Not Ready
E02496,2026,4.0,105.6,4.0,Low,Outstanding,Not Ready
E02497,2022,4.2,80.9,3.9,Low,Meets,Ready 1-2 Years
E02497,2023,4.0,101.1,3.8,Medium,Meets,Ready 1-2 Years
E02497,2024,3.8,96.9,4.6,Medium,Partially Meets,Ready Now
E02497,2025,4.2,84.4,3.9,Low,Meets,Not Ready
E02497,2026,4.1,99.0,4.2,High,Meets,Ready 1-2 Years
E02498,2024,4.1,89.2,4.2,Medium,Partially Meets,Ready 1-2 Years
E02498,2025,3.1,62.4,3.2,Medium,Exceeds,Ready Now
E02498,2026,3.5,79.0,2.9,Medium,Exceeds,Ready 1-2 Years
E02499,2025,3.3,108.7,3.6,Medium,Exceeds,Not Ready
E02499,2026,3.3,65.5,3.0,Medium,Meets,Ready 1-2 Years
E02500,2022,3.1,88.2,2.6,Medium,Meets,Ready 1-2 Years
E02500,2023,3.4,87.8,3.3,Medium,Partially Meets,Not Ready
E02500,2024,2.6,85.7,2.3,Medium,Partially Meets,Not Ready
E02500,2025,2.6,68.4,2.3,Medium,Partially Meets,Not Ready
E02500,2026,2.6,74.2,2.8,High,Partially Meets,Ready 1-2 Years
E02501,2024,3.8,87.4,4.2,High,Partially Meets,Not Ready
E02501,2025,2.6,73.8,2.8,Low,Exceeds,Ready 1-2 Years
E02501,2026,2.8,57.3,3.5,Low,Exceeds,Ready Now
E02502,2023,3.6,91.6,4.0,Medium,Meets,Ready 1-2 Years
E02502,2024,3.4,77.9,3.5,Medium,Partially Meets,Ready Now
E02502,2025,3.2,85.5,3.1,Low,Meets,Ready 1-2 Years
E02502,2026,3.6,92.0,3.4,Low,Outstanding,Not Ready
E02503,2023,3.7,74.2,3.5,Medium,Exceeds,Ready Now
E02503,2024,3.7,76.5,3.9,High,Partially Meets,Not Ready
E02503,2025,3.7,94.2,3.8,Medium,Exceeds,Ready Now
E02503,2026,3.7,89.0,3.6,Medium,Partially Meets,Ready 1-2 Years
E02505,2022,2.4,85.3,2.9,Low,Meets,Ready Now
E02505,2023,2.3,75.5,2.9,Low,Partially Meets,Ready 1-2 Years
E02505,2024,2.9,75.3,3.0,Medium,Meets,Ready 1-2 Years
E02505,2025,2.5,88.7,2.6,Medium,Partially Meets,Ready Now
E02505,2026,2.3,85.7,2.8,Low,Outstanding,Ready 1-2 Years
E02506,2025,4.2,97.1,3.9,High,Meets,Ready Now
E02506,2026,5.0,87.5,4.9,Medium,Meets,Ready 1-2 Years
E02507,2026,2.2,74.7,2.2,Medium,Exceeds,Ready 1-2 Years
E02508,2023,3.0,69.6,2.9,Medium,Meets,Not Ready
E02508,2024,3.1,69.3,3.0,Low,Outstanding,Ready 1-2 Years
E02508,2025,2.9,78.4,3.2,Medium,Meets,Not Ready
E02508,2026,3.0,101.2,3.1,Medium,Meets,Not Ready
E02509,2022,3.5,95.8,3.6,Medium,Meets,Not Ready
E02509,2023,3.3,89.4,3.8,Medium,Exceeds,Ready 1-2 Years
E02509,2024,4.2,94.4,4.4,Medium,Outstanding,Ready 1-2 Years
E02509,2025,3.1,91.2,2.9,Medium,Meets,Ready 1-2 Years
E02509,2026,4.0,106.1,3.9,Medium,Meets,Not Ready
E02510,2025,3.5,95.6,3.4,Low,Partially Meets,Ready 1-2 Years
E02510,2026,3.3,100.5,2.9,Low,Meets,Ready 1-2 Years
E02511,2022,4.0,71.3,4.3,Medium,Meets,Ready 1-2 Years
E02511,2023,3.9,85.4,3.7,Medium,Partially Meets,Ready Now
E02511,2024,3.5,85.4,3.8,Medium,Outstanding,Not Ready
E02511,2025,3.6,85.8,3.7,High,Partially Meets,Ready 1-2 Years
E02511,2026,4.4,101.3,4.3,Medium,Meets,Not Ready
E02512,2025,4.6,77.1,4.5,Medium,Meets,Ready 1-2 Years
E02512,2026,4.0,97.7,4.4,Low,Outstanding,Not Ready
E02513,2022,2.3,80.4,2.3,Medium,Meets,Ready 1-2 Years
E02513,2023,2.7,66.1,2.6,Low,Partially Meets,Ready Now
E02513,2024,2.9,87.0,3.4,Medium,Meets,Ready Now
E02513,2025,3.0,91.3,2.9,High,Exceeds,Not Ready
E02513,2026,2.9,86.8,3.0,Medium,Meets,Ready 1-2 Years
E02514,2022,3.1,85.5,2.8,Medium,Partially Meets,Ready 1-2 Years
E02514,2023,2.2,75.5,1.6,Low,Meets,Ready 1-2 Years
E02514,2024,2.2,74.8,2.7,Medium,Exceeds,Ready 1-2 Years
E02514,2025,2.5,74.6,2.6,Medium,Partially Meets,Ready 1-2 Years
E02514,2026,3.3,99.6,2.9,Low,Partially Meets,Ready Now
E02515,2023,5.0,90.9,5.0,Low,Meets,Ready 1-2 Years
E02515,2024,5.0,101.5,4.9,Medium,Partially Meets,Ready Now
E02515,2025,4.7,99.8,4.7,Low,Meets,Ready Now
E02515,2026,5.0,120.0,4.6,Medium,Partially Meets,Not Ready
E02516,2022,3.3,85.4,3.3,Medium,Meets,Ready Now
E02516,2023,4.2,85.6,4.2,Low,Meets,Ready 1-2 Years
E02516,2024,3.7,89.8,3.6,Low,Partially Meets,Ready Now
E02516,2025,3.5,93.2,3.6,Low,Exceeds,Not Ready
E02516,2026,3.0,56.1,3.0,High,Outstanding,Not Ready
E02517,2025,3.6,100.3,3.9,Medium,Outstanding,Not Ready
E02517,2026,3.6,103.0,3.8,Low,Meets,Ready Now
E02518,2022,2.9,70.9,2.9,Medium,Outstanding,Not Ready
E02518,2023,3.8,97.9,3.5,Medium,Outstanding,Ready Now
E02518,2024,2.7,82.2,3.0,Medium,Outstanding,Not Ready
E02518,2025,3.3,86.9,3.7,Medium,Meets,Ready Now
E02518,2026,3.7,81.2,3.7,Medium,Exceeds,Ready Now
E02520,2025,3.8,89.0,3.8,Medium,Outstanding,Not Ready
E02520,2026,2.9,75.4,2.7,Medium,Partially Meets,Ready 1-2 Years
E02522,2022,3.0,85.0,2.7,High,Outstanding,Ready 1-2 Years
E02522,2023,2.3,79.0,2.0,Medium,Outstanding,Ready Now
E02522,2024,2.8,86.4,2.6,Medium,Meets,Ready 1-2 Years
E02522,2025,2.0,73.3,2.0,High,Partially Meets,Not Ready
E02522,2026,3.0,92.6,3.1,Medium,Meets,Ready Now
E02523,2022,3.2,63.2,3.4,Low,Outstanding,Ready 1-2 Years
E02523,2023,3.0,80.6,2.9,Low,Meets,Ready Now
E02523,2024,3.5,93.1,3.3,High,Meets,Not Ready
E02523,2025,3.0,83.1,3.5,Low,Meets,Ready Now
E02523,2026,3.3,97.8,2.8,Low,Exceeds,Not Ready
E02524,2022,1.7,71.2,2.3,High,Meets,Not Ready
E02524,2023,2.2,80.8,2.2,High,Meets,Ready Now
E02524,2024,1.6,72.5,2.0,High,Outstanding,Not Ready
E02524,2025,1.9,73.2,1.8,Medium,Partially Meets,Ready 1-2 Years
E02524,2026,2.1,64.8,2.0,Low,Exceeds,Ready 1-2 Years
E02525,2022,3.7,101.2,3.5,Medium,Partially Meets,Ready 1-2 Years
E02525,2023,4.2,97.2,4.5,Medium,Meets,Not Ready
E02525,2024,3.4,70.0,3.6,Low,Exceeds,Not Ready
E02525,2025,4.5,99.9,4.7,Medium,Partially Meets,Ready 1-2 Years
E02525,2026,4.6,99.9,4.3,Medium,Outstanding,Ready 1-2 Years
E02528,2026,3.1,73.3,3.6,Medium,Meets,Not Ready
E02529,2022,2.6,83.5,3.1,Medium,Meets,Ready Now
E02529,2023,3.2,81.3,3.4,Medium,Outstanding,Not Ready
E02529,2024,2.9,73.9,2.9,Low,Outstanding,Ready 1-2 Years
E02529,2025,3.1,86.8,3.2,Medium,Meets,Not Ready
E02529,2026,2.7,78.4,2.9,Medium,Meets,Not Ready
E02531,2024,3.2,72.5,3.2,Medium,Outstanding,Ready Now
E02531,2025,2.3,85.5,2.1,Medium,Partially Meets,Ready 1-2 Years
E02531,2026,3.5,74.1,3.7,Medium,Outstanding,Ready Now
E02532,2025,2.3,91.3,2.2,Medium,Outstanding,Not Ready
E02532,2026,2.9,73.9,3.0,Medium,Meets,Not Ready
E02533,2022,3.8,73.0,3.9,Medium,Outstanding,Ready Now
E02533,2023,3.6,78.3,3.3,Medium,Meets,Ready 1-2 Years
E02533,2024,4.3,86.4,5.0,Medium,Meets,Not Ready
E02533,2025,4.3,97.3,3.8,Medium,Meets,Not Ready
E02533,2026,3.2,74.5,3.0,Low,Partially Meets,Not Ready
E02534,2025,2.5,54.6,2.4,High,Outstanding,Not Ready
E02534,2026,2.2,75.6,2.0,Low,Exceeds,Not Ready
E02535,2025,3.8,87.8,4.1,Medium,Exceeds,Ready 1-2 Years
E02535,2026,3.6,78.5,3.7,Medium,Exceeds,Ready 1-2 Years
E02536,2024,3.5,87.2,3.8,Medium,Meets,Ready 1-2 Years
E02536,2025,3.8,80.5,3.8,Low,Outstanding,Not Ready
E02536,2026,4.2,97.6,4.5,High,Meets,Ready 1-2 Years
E02537,2022,4.2,95.5,4.4,High,Exceeds,Ready 1-2 Years
E02537,2023,3.9,88.3,3.8,Medium,Partially Meets,Ready 1-2 Years
E02537,2024,4.1,95.9,4.7,Medium,Exceeds,Ready Now
E02538,2025,3.1,69.5,3.1,High,Meets,Ready Now
E02538,2026,3.5,82.9,3.7,Medium,Partially Meets,Not Ready
E02539,2022,2.8,68.3,2.3,Medium,Meets,Ready Now
E02539,2023,2.8,83.0,2.9,High,Outstanding,Not Ready
E02539,2024,2.2,86.4,2.3,High,Meets,Ready Now
E02539,2025,3.2,86.8,3.6,Medium,Meets,Ready Now
E02539,2026,2.4,78.4,2.7,Medium,Outstanding,Ready Now
E02540,2026,3.1,82.5,3.0,Medium,Partially Meets,Ready 1-2 Years
E02541,2022,3.9,75.2,4.0,High,Outstanding,Ready 1-2 Years
E02541,2023,4.5,80.4,4.7,Medium,Meets,Ready 1-2 Years
E02541,2024,3.8,75.0,3.3,Medium,Partially Meets,Not Ready
E02541,2025,4.6,88.8,4.5,Medium,Meets,Ready Now
E02541,2026,4.8,102.7,4.6,Low,Outstanding,Ready 1-2 Years
E02542,2024,3.2,97.1,2.9,High,Outstanding,Not Ready
E02542,2025,3.9,99.1,3.7,High,Outstanding,Not Ready
E02542,2026,4.1,90.4,4.1,Medium,Partially Meets,Not Ready
E02543,2022,3.8,93.0,3.7,Medium,Exceeds,Not Ready
E02543,2023,3.9,104.4,4.2,Medium,Exceeds,Not Ready
E02543,2024,3.9,99.4,4.0,Medium,Exceeds,Ready Now
E02543,2025,4.2,80.7,4.4,Medium,Exceeds,Not Ready
E02543,2026,4.0,108.1,4.2,Low,Exceeds,Not Ready
E02544,2022,1.8,71.0,1.9,Medium,Partially Meets,Not Ready
E02544,2023,2.7,92.1,2.7,High,Meets,Ready Now
E02544,2024,2.3,82.2,2.3,Medium,Meets,Not Ready
E02544,2025,2.1,93.9,1.8,Low,Meets,Ready 1-2 Years
E02544,2026,2.1,84.3,2.4,Low,Outstanding,Ready 1-2 Years
E02545,2022,3.3,84.0,3.5,Medium,Outstanding,Ready Now
E02545,2023,2.1,81.1,2.2,Medium,Meets,Not Ready
E02545,2024,2.2,78.9,2.4,Medium,Outstanding,Not Ready
E02545,2025,2.8,80.9,3.0,Low,Exceeds,Ready 1-2 Years
E02545,2026,2.9,73.2,3.5,Medium,Meets,Not Ready
E02546,2026,2.6,64.3,2.7,Low,Outstanding,Ready 1-2 Years
E02547,2022,4.8,90.9,4.7,Low,Meets,Ready 1-2 Years
E02547,2023,4.4,82.2,4.3,Low,Exceeds,Ready Now
E02547,2024,4.6,95.6,5.0,Medium,Exceeds,Not Ready
E02547,2025,4.2,99.5,4.1,Medium,Outstanding,Ready 1-2 Years
E02548,2025,4.3,101.7,4.1,Medium,Partially Meets,Not Ready
E02548,2026,4.3,111.8,4.3,Low,Outstanding,Not Ready
E02549,2022,3.0,87.6,2.4,Medium,Partially Meets,Ready Now
E02549,2023,2.6,85.6,3.0,Low,Partially Meets,Ready Now
E02549,2024,3.5,76.5,3.1,Medium,Outstanding,Ready 1-2 Years
E02549,2025,3.1,83.0,3.2,Medium,Outstanding,Ready Now
E02549,2026,3.3,79.3,3.8,Medium,Partially Meets,Not Ready
E02550,2022,4.4,86.4,4.6,High,Meets,Ready 1-2 Years
E02550,2023,3.6,91.7,3.7,Medium,Meets,Ready 1-2 Years
E02550,2024,3.6,100.5,3.5,Low,Partially Meets,Ready 1-2 Years
E02550,2025,3.5,91.4,3.2,Medium,Meets,Ready 1-2 Years
E02550,2026,3.9,113.3,4.0,Medium,Meets,Ready 1-2 Years
E02552,2022,3.2,81.8,3.1,High,Meets,Ready Now
E02552,2023,4.1,89.1,3.8,High,Outstanding,Not Ready
E02552,2024,3.3,101.5,3.3,Medium,Exceeds,Not Ready
E02552,2025,3.0,65.8,3.7,Medium,Exceeds,Ready 1-2 Years
E02552,2026,3.7,78.4,3.4,Medium,Meets,Ready Now
E02553,2024,3.1,94.3,2.9,Medium,Outstanding,Not Ready
E02553,2025,4.2,75.0,4.5,Medium,Partially Meets,Not Ready
E02554,2022,2.9,89.9,2.5,Medium,Exceeds,Ready Now
E02554,2023,3.0,89.0,3.4,Medium,Outstanding,Ready Now
E02555,2024,1.2,71.4,1.1,Low,Meets,Not Ready
E02555,2025,1.0,54.6,1.0,Medium,Exceeds,Ready Now
E02555,2026,1.8,55.6,2.1,Medium,Partially Meets,Not Ready
E02556,2025,3.9,91.5,3.8,Medium,Outstanding,Ready Now
E02556,2026,3.6,90.0,3.3,Medium,Outstanding,Ready Now
E02557,2026,3.0,80.3,2.7,High,Partially Meets,Not Ready
E02558,2022,4.1,89.5,4.6,Medium,Meets,Not Ready
E02558,2023,3.3,86.0,3.3,Medium,Meets,Not Ready
E02558,2024,3.6,76.8,3.7,Medium,Exceeds,Not Ready
E02559,2025,2.1,72.4,1.8,Low,Meets,Ready 1-2 Years
E02559,2026,2.3,72.2,2.2,Medium,Meets,Ready 1-2 Years
E02560,2022,2.2,79.9,2.1,Medium,Meets,Ready 1-2 Years
E02560,2023,2.1,92.4,2.5,High,Partially Meets,Not Ready
E02560,2024,2.5,62.8,2.6,High,Outstanding,Ready Now
E02560,2025,2.3,89.0,2.5,Low,Partially Meets,Ready Now
E02560,2026,2.3,80.6,2.6,Medium,Meets,Not Ready
E02562,2022,2.5,80.7,2.6,High,Meets,Ready 1-2 Years
E02562,2023,2.8,79.1,3.1,High,Meets,Ready Now
E02562,2024,2.8,96.3,2.6,Medium,Meets,Ready Now
E02562,2025,2.4,62.6,2.2,Low,Partially Meets,Ready 1-2 Years
E02562,2026,2.5,58.1,2.2,Medium,Outstanding,Ready Now
E02563,2022,3.6,98.0,3.5,Low,Partially Meets,Ready 1-2 Years
E02563,2023,2.9,47.7,2.8,Medium,Exceeds,Ready 1-2 Years
E02563,2024,3.6,88.6,3.5,Low,Partially Meets,Not Ready
E02563,2025,3.9,84.7,3.7,Medium,Meets,Ready 1-2 Years
E02563,2026,3.6,103.2,3.4,Medium,Outstanding,Ready 1-2 Years
E02564,2022,2.3,76.7,2.6,Low,Meets,Ready 1-2 Years
E02564,2023,1.9,93.4,1.5,Medium,Meets,Ready Now
E02564,2024,2.7,90.1,2.9,Low,Partially Meets,Ready 1-2 Years
E02564,2025,3.0,71.4,3.2,Medium,Outstanding,Ready Now
E02564,2026,2.5,62.9,2.7,Medium,Meets,Not Ready
E02565,2022,3.5,88.6,3.0,Medium,Exceeds,Ready Now
E02565,2023,3.4,82.1,3.2,High,Exceeds,Ready 1-2 Years
E02565,2024,3.4,85.6,2.9,Medium,Partially Meets,Ready Now
E02565,2025,3.5,89.7,4.0,Medium,Partially Meets,Ready 1-2 Years
E02566,2022,2.6,95.5,2.3,Medium,Outstanding,Ready Now
E02566,2023,2.7,80.3,1.9,Medium,Outstanding,Ready Now
E02566,2024,2.6,70.0,2.6,Medium,Partially Meets,Ready 1-2 Years
E02566,2025,2.3,59.0,2.5,High,Partially Meets,Ready 1-2 Years
E02566,2026,2.1,65.3,2.3,Low,Outstanding,Ready Now
E02567,2022,4.2,80.2,4.4,Medium,Meets,Ready Now
E02567,2023,4.2,88.0,4.1,Medium,Outstanding,Ready Now
E02567,2024,4.0,72.0,3.7,Medium,Exceeds,Ready Now
E02567,2025,4.6,76.8,5.0,Medium,Partially Meets,Ready 1-2 Years
E02567,2026,4.5,93.5,4.5,Medium,Partially Meets,Ready Now
E02568,2023,3.2,78.4,3.0,Low,Outstanding,Not Ready
E02568,2024,3.5,98.0,3.6,Medium,Meets,Ready Now
E02568,2025,3.2,71.7,3.1,Medium,Outstanding,Ready 1-2 Years
E02568,2026,2.7,81.7,3.2,Low,Meets,Not Ready
E02569,2024,4.7,108.1,5.0,Medium,Meets,Ready 1-2 Years
E02569,2025,3.9,112.6,4.3,Low,Outstanding,Not Ready
E02569,2026,4.8,88.4,4.8,High,Outstanding,Ready Now
E02570,2025,2.7,107.1,2.6,Low,Meets,Ready Now
E02570,2026,2.5,74.4,2.7,Medium,Meets,Ready 1-2 Years
E02571,2022,4.6,98.1,4.7,Medium,Partially Meets,Ready Now
E02571,2023,4.5,101.0,4.9,High,Meets,Ready Now
E02571,2024,4.2,91.0,4.1,High,Outstanding,Ready Now
E02571,2025,4.2,97.4,4.6,Medium,Outstanding,Not Ready
E02571,2026,4.1,102.8,4.0,Medium,Outstanding,Ready Now
E02572,2022,3.0,78.0,3.3,High,Meets,Ready Now
E02572,2023,3.2,79.4,2.7,High,Exceeds,Ready Now
E02572,2024,2.9,80.6,3.0,Low,Outstanding,Ready 1-2 Years
E02572,2025,3.7,81.9,3.8,Medium,Meets,Ready 1-2 Years
E02572,2026,2.9,83.2,2.8,Medium,Partially Meets,Ready Now
E02573,2022,4.3,78.8,4.6,Medium,Outstanding,Not Ready
E02573,2023,4.4,98.4,4.6,High,Partially Meets,Ready Now
E02573,2024,4.2,91.1,3.9,Medium,Meets,Ready Now
E02573,2025,5.0,102.5,4.4,Medium,Outstanding,Ready Now
E02573,2026,4.3,109.9,4.7,High,Meets,Ready 1-2 Years
E02574,2026,3.8,93.1,4.0,Medium,Outstanding,Ready Now
E02575,2022,2.3,81.8,2.3,Medium,Partially Meets,Ready Now
E02575,2023,2.6,88.5,2.3,Medium,Outstanding,Ready Now
E02575,2024,2.6,90.7,2.5,High,Outstanding,Ready Now
E02575,2025,2.3,75.8,2.6,Medium,Meets,Ready Now
E02575,2026,3.1,72.4,3.2,Medium,Meets,Not Ready
E02576,2024,3.3,92.0,3.1,High,Exceeds,Ready 1-2 Years
E02576,2025,3.2,67.0,3.2,Medium,Exceeds,Not Ready
E02576,2026,3.4,77.5,3.4,Medium,Meets,Ready 1-2 Years
E02577,2026,2.9,93.2,2.7,Medium,Exceeds,Ready Now
E02578,2022,3.8,90.8,3.6,Medium,Meets,Ready 1-2 Years
E02578,2023,4.0,75.1,3.8,Medium,Meets,Ready 1-2 Years
E02578,2024,3.6,86.4,3.4,High,Exceeds,Not Ready
E02578,2025,3.6,90.1,3.4,Medium,Partially Meets,Ready Now
E02578,2026,4.0,107.4,3.7,Low,Outstanding,Not Ready
E02579,2023,4.0,81.4,4.1,Medium,Meets,Ready Now
E02579,2024,3.7,99.1,3.6,Medium,Partially Meets,Ready Now
E02579,2025,4.0,86.6,4.2,Low,Meets,Ready 1-2 Years
E02579,2026,3.9,85.0,4.0,High,Meets,Ready 1-2 Years
E02581,2022,4.1,85.0,3.4,High,Exceeds,Ready Now
E02581,2023,4.7,92.5,4.5,Medium,Exceeds,Ready 1-2 Years
E02581,2024,4.3,95.7,4.2,Low,Partially Meets,Not Ready
E02581,2025,4.2,95.2,4.5,Low,Meets,Not Ready
E02581,2026,4.4,99.2,4.3,Medium,Meets,Ready 1-2 Years
E02582,2022,2.8,96.6,3.3,Medium,Meets,Ready 1-2 Years
E02582,2023,2.7,86.7,2.7,Medium,Meets,Ready Now
E02583,2025,3.5,82.0,3.6,Low,Partially Meets,Ready 1-2 Years
E02583,2026,3.5,77.1,3.4,Low,Exceeds,Ready 1-2 Years
E02584,2025,4.8,89.6,4.6,Medium,Exceeds,Ready 1-2 Years
E02584,2026,4.5,86.2,4.0,Low,Meets,Ready Now
E02585,2022,2.3,81.5,2.2,Low,Exceeds,Not Ready
E02585,2023,1.9,81.7,2.1,Medium,Outstanding,Not Ready
E02585,2024,2.4,65.1,2.2,Medium,Meets,Ready 1-2 Years
E02585,2025,2.1,86.4,1.9,Low,Outstanding,Not Ready
E02585,2026,1.4,59.9,1.4,Low,Partially Meets,Ready 1-2 Years
E02587,2022,3.6,105.9,3.8,Low,Outstanding,Ready Now
E02587,2023,4.5,90.1,4.0,Low,Meets,Ready Now
E02587,2024,4.3,95.7,4.3,Medium,Partially Meets,Ready 1-2 Years
E02587,2025,3.9,90.8,4.6,Medium,Exceeds,Ready Now
E02587,2026,3.9,105.3,3.6,Medium,Meets,Not Ready
E02588,2023,2.7,88.3,2.7,Medium,Exceeds,Ready Now
E02588,2024,3.5,77.2,3.0,High,Meets,Ready 1-2 Years
E02588,2025,2.4,77.1,2.6,Medium,Meets,Not Ready
E02588,2026,2.8,84.2,3.0,High,Meets,Ready 1-2 Years
E02589,2022,2.1,67.7,1.9,Medium,Partially Meets,Ready 1-2 Years
E02589,2023,2.7,67.4,2.3,Medium,Meets,Not Ready
E02589,2024,3.3,91.2,3.4,Low,Outstanding,Not Ready
E02589,2025,2.7,79.3,2.5,Medium,Partially Meets,Ready 1-2 Years
E02589,2026,3.7,83.4,3.9,High,Exceeds,Ready Now
E02590,2025,4.7,81.5,4.3,Medium,Meets,Ready 1-2 Years
E02590,2026,4.2,94.9,4.5,Medium,Meets,Ready Now
E02591,2022,3.4,78.6,3.2,Medium,Outstanding,Not Ready
E02591,2023,3.4,116.1,3.5,Low,Exceeds,Ready 1-2 Years
E02591,2024,3.5,90.4,3.3,Medium,Partially Meets,Ready Now
E02591,2025,3.5,81.1,3.5,Medium,Partially Meets,Not Ready
E02591,2026,3.5,96.0,3.3,Medium,Outstanding,Not Ready
E02592,2024,3.1,85.3,3.2,Low,Exceeds,Ready Now
E02592,2025,2.8,64.6,2.9,Low,Partially Meets,Not Ready
E02592,2026,2.6,94.3,2.4,Medium,Exceeds,Not Ready
E02593,2023,2.2,83.8,1.9,Low,Exceeds,Not Ready
E02593,2024,2.5,86.4,2.3,High,Partially Meets,Not Ready
E02593,2025,2.5,79.9,2.5,Medium,Partially Meets,Ready 1-2 Years
E02593,2026,2.5,85.3,2.5,Medium,Exceeds,Ready 1-2 Years
E02594,2023,2.5,83.2,2.6,Medium,Outstanding,Ready Now
E02594,2024,2.2,66.4,2.0,Medium,Outstanding,Not Ready
E02594,2025,2.4,75.9,2.5,Medium,Partially Meets,Ready Now
E02594,2026,2.0,89.9,1.9,Low,Outstanding,Not Ready
E02595,2022,4.1,73.4,3.4,Medium,Meets,Not Ready
E02595,2023,3.5,85.9,3.8,Low,Partially Meets,Ready 1-2 Years
E02595,2024,3.7,87.3,3.0,Medium,Meets,Ready Now
E02595,2025,4.5,84.1,4.9,Medium,Outstanding,Not Ready
E02595,2026,4.0,88.4,3.8,Medium,Exceeds,Not Ready
E02596,2022,2.0,86.8,1.7,Medium,Outstanding,Ready 1-2 Years
E02596,2023,2.1,47.6,2.0,Low,Outstanding,Ready Now
E02596,2024,1.9,67.0,1.8,Medium,Outstanding,Not Ready
E02596,2025,2.1,84.3,2.2,Low,Meets,Ready 1-2 Years
E02596,2026,1.9,81.9,2.0,Medium,Meets,Not Ready
E02597,2026,3.0,89.9,3.1,Low,Meets,Not Ready
E02598,2025,3.6,90.0,4.1,Medium,Partially Meets,Ready Now
E02598,2026,3.1,94.6,3.2,Low,Outstanding,Ready Now
E02599,2023,2.7,93.8,2.9,High,Meets,Not Ready
E02599,2024,2.5,83.9,2.4,Medium,Outstanding,Ready 1-2 Years
E02599,2025,2.7,77.0,2.8,Medium,Meets,Ready Now
E02599,2026,2.7,82.5,2.6,Low,Outstanding,Not Ready
E02600,2025,3.2,94.7,2.8,Low,Meets,Not Ready
E02600,2026,2.6,80.9,1.8,Medium,Exceeds,Ready 1-2 Years
E02601,2022,3.7,104.0,4.1,Low,Exceeds,Ready 1-2 Years
E02601,2023,4.0,75.3,4.2,Low,Exceeds,Not Ready
E02601,2024,4.2,100.8,4.9,High,Exceeds,Not Ready
E02601,2025,3.7,82.4,3.4,Low,Exceeds,Not Ready
E02601,2026,4.3,85.7,4.1,Medium,Outstanding,Not Ready
E02602,2022,3.3,83.9,3.4,Medium,Partially Meets,Ready 1-2 Years
E02602,2023,3.0,87.3,2.3,High,Meets,Ready Now
E02602,2024,2.5,95.0,2.0,High,Exceeds,Ready 1-2 Years
E02602,2025,3.6,78.6,3.5,Medium,Exceeds,Ready Now
E02602,2026,3.3,69.8,3.3,Medium,Partially Meets,Not Ready
E02603,2022,3.4,79.4,3.5,Medium,Meets,Ready 1-2 Years
E02603,2023,3.9,79.1,4.2,Medium,Meets,Ready 1-2 Years
E02603,2024,3.9,105.8,3.9,High,Exceeds,Ready Now
E02603,2025,3.9,79.4,3.8,Medium,Meets,Not Ready
E02603,2026,3.4,93.4,3.3,Medium,Partially Meets,Ready Now
E02604,2025,4.7,96.9,5.0,High,Meets,Ready Now
E02604,2026,5.0,103.3,5.0,Medium,Exceeds,Ready Now
E02605,2023,2.5,86.9,2.5,Low,Partially Meets,Ready 1-2 Years
E02605,2024,2.6,79.8,2.6,High,Exceeds,Ready 1-2 Years
E02605,2025,2.1,82.8,1.9,High,Outstanding,Not Ready
E02605,2026,2.4,69.8,2.2,Low,Partially Meets,Not Ready
E02606,2022,4.1,100.2,4.1,Medium,Outstanding,Ready Now
E02606,2023,4.0,91.6,4.2,Medium,Partially Meets,Not Ready
E02606,2024,3.7,99.3,3.6,Medium,Meets,Ready Now
E02606,2025,3.5,87.9,3.5,Medium,Outstanding,Ready 1-2 Years
E02606,2026,3.1,86.8,2.7,Medium,Meets,Ready Now
E02607,2022,4.5,100.2,4.2,High,Exceeds,Not Ready
E02607,2023,4.4,99.2,4.2,High,Exceeds,Ready 1-2 Years
E02607,2024,4.4,110.3,4.3,High,Exceeds,Not Ready
E02607,2025,4.7,88.3,3.9,Medium,Partially Meets,Not Ready
E02607,2026,5.0,81.2,4.5,Medium,Exceeds,Not Ready
E02608,2025,2.0,82.7,2.0,Medium,Meets,Ready 1-2 Years
E02608,2026,2.0,46.6,2.3,High,Exceeds,Not Ready
E02609,2022,1.8,67.7,1.7,High,Partially Meets,Ready 1-2 Years
E02609,2023,2.0,71.1,2.3,High,Meets,Not Ready
E02609,2024,2.4,80.6,2.6,Medium,Partially Meets,Not Ready
E02609,2025,2.1,84.5,2.0,Medium,Exceeds,Not Ready
E02609,2026,2.6,79.7,2.7,Medium,Outstanding,Ready Now
E02610,2022,3.9,69.7,3.4,Medium,Exceeds,Not Ready
E02610,2023,3.6,78.9,3.4,Medium,Exceeds,Ready Now
E02610,2024,3.0,80.6,3.2,High,Partially Meets,Not Ready
E02610,2025,3.0,91.6,2.7,Medium,Meets,Not Ready
E02610,2026,3.0,75.0,3.2,Medium,Exceeds,Ready Now
E02611,2022,3.1,71.9,3.0,High,Exceeds,Ready Now
E02611,2023,3.3,83.2,3.9,Medium,Exceeds,Ready Now
E02611,2024,2.7,80.7,2.4,Low,Meets,Not Ready
E02611,2025,3.6,94.2,3.8,Medium,Outstanding,Ready 1-2 Years
E02611,2026,4.1,78.6,4.4,Medium,Exceeds,Not Ready
E02612,2022,3.0,64.0,3.4,Low,Exceeds,Ready 1-2 Years
E02612,2023,2.8,63.6,2.8,Medium,Exceeds,Not Ready
E02612,2024,3.2,75.2,3.5,Medium,Meets,Ready Now
E02612,2025,2.3,67.6,2.4,Medium,Outstanding,Ready Now
E02612,2026,3.0,64.2,3.1,Medium,Partially Meets,Not Ready
E02613,2026,4.1,80.6,4.1,High,Exceeds,Ready 1-2 Years
E02615,2022,4.2,83.5,4.1,Medium,Exceeds,Ready 1-2 Years
E02615,2023,3.7,86.5,3.8,High,Outstanding,Ready Now
E02615,2024,3.6,74.5,3.6,High,Meets,Ready Now
E02615,2025,4.0,89.1,4.4,High,Outstanding,Not Ready
E02615,2026,3.9,94.2,3.4,Medium,Partially Meets,Not Ready
E02616,2022,3.0,82.5,3.0,Medium,Meets,Ready Now
E02616,2023,2.7,81.6,2.9,Medium,Meets,Ready Now
E02616,2024,2.4,77.9,2.6,Medium,Meets,Not Ready
E02616,2025,2.9,91.5,3.7,Medium,Outstanding,Not Ready
E02616,2026,2.8,78.1,2.7,Medium,Exceeds,Not Ready
E02617,2022,3.1,92.7,2.7,Medium,Outstanding,Not Ready
E02617,2023,1.9,66.2,1.9,Low,Meets,Ready 1-2 Years
E02617,2024,2.2,81.3,2.1,Medium,Outstanding,Not Ready
E02617,2025,2.2,71.3,2.3,Medium,Exceeds,Ready Now
E02617,2026,1.8,85.1,1.8,High,Meets,Not Ready
E02619,2022,3.3,73.9,3.4,Medium,Meets,Not Ready
E02619,2023,4.1,82.3,3.8,High,Outstanding,Not Ready
E02619,2024,3.1,74.5,2.9,Medium,Outstanding,Ready Now
E02619,2025,3.8,78.5,3.5,Medium,Outstanding,Ready 1-2 Years
E02619,2026,2.9,81.8,2.6,Medium,Outstanding,Ready 1-2 Years
E02620,2022,3.5,93.1,3.7,Low,Exceeds,Ready Now
E02620,2023,4.2,76.9,4.3,Low,Meets,Ready 1-2 Years
E02620,2024,3.5,92.8,3.6,Medium,Partially Meets,Ready 1-2 Years
E02620,2025,4.0,88.0,4.1,Low,Meets,Ready 1-2 Years
E02620,2026,3.9,92.5,3.8,Medium,Outstanding,Ready 1-2 Years
E02621,2025,3.7,66.3,4.2,Medium,Partially Meets,Ready 1-2 Years
E02621,2026,4.0,86.8,3.6,Low,Meets,Ready Now
E02622,2022,1.7,55.0,1.6,Medium,Exceeds,Ready 1-2 Years
E02622,2023,2.1,76.8,1.8,High,Meets,Ready Now
E02622,2024,1.7,60.9,1.6,Medium,Outstanding,Not Ready
E02622,2025,2.0,72.1,2.0,Medium,Meets,Not Ready
E02622,2026,2.2,73.5,1.7,Medium,Partially Meets,Not Ready
E02623,2022,3.5,93.5,3.3,High,Partially Meets,Not Ready
E02623,2023,4.0,83.2,3.6,High,Meets,Not Ready
E02623,2024,3.8,81.7,3.5,High,Meets,Ready 1-2 Years
E02623,2025,3.8,83.2,3.8,Medium,Meets,Not Ready
E02623,2026,3.7,80.1,3.6,Medium,Exceeds,Not Ready
E02624,2022,4.1,70.8,4.5,Medium,Outstanding,Ready 1-2 Years
E02624,2023,3.9,86.3,4.1,Medium,Meets,Ready Now
E02624,2024,3.3,86.2,3.2,Low,Meets,Ready 1-2 Years
E02624,2025,3.9,78.8,4.0,Medium,Partially Meets,Ready Now
E02624,2026,3.7,87.2,4.1,Medium,Partially Meets,Ready 1-2 Years
E02625,2026,3.9,103.2,4.0,Medium,Partially Meets,Not Ready
E02626,2025,3.7,80.0,4.2,Low,Meets,Not Ready
E02626,2026,4.0,79.6,4.1,High,Partially Meets,Ready 1-2 Years
E02628,2022,4.9,91.8,4.9,Medium,Outstanding,Ready 1-2 Years
E02628,2023,4.9,89.9,4.9,Medium,Exceeds,Ready 1-2 Years
E02628,2024,4.8,90.8,5.0,Medium,Partially Meets,Not Ready
E02628,2025,4.8,91.7,4.5,Low,Partially Meets,Ready Now
E02628,2026,5.0,80.4,5.0,Medium,Exceeds,Ready Now
E02629,2022,3.3,79.2,3.3,Medium,Outstanding,Not Ready
E02629,2023,4.5,89.1,4.2,High,Exceeds,Not Ready
E02629,2024,4.0,84.6,4.1,Medium,Outstanding,Not Ready
E02629,2025,3.7,116.4,3.5,Medium,Meets,Not Ready
E02629,2026,3.6,91.0,3.6,Low,Outstanding,Ready Now
E02632,2023,3.1,57.3,3.3,Low,Partially Meets,Ready 1-2 Years
E02632,2024,3.4,95.3,3.8,Medium,Partially Meets,Ready Now
E02632,2025,3.4,74.8,3.3,Low,Exceeds,Ready 1-2 Years
E02632,2026,3.3,86.4,3.6,Medium,Meets,Ready Now
E02633,2022,2.4,90.0,2.2,Medium,Outstanding,Ready Now
E02633,2023,2.0,73.6,2.9,Medium,Partially Meets,Not Ready
E02633,2024,2.1,78.0,2.3,High,Partially Meets,Ready Now
E02633,2025,2.6,94.0,2.9,Medium,Exceeds,Ready Now
E02633,2026,2.4,58.8,2.4,Medium,Exceeds,Ready 1-2 Years
E02634,2022,3.3,80.5,3.2,High,Partially Meets,Ready Now
E02634,2023,2.8,93.8,3.0,Medium,Exceeds,Not Ready
E02634,2024,3.1,71.7,3.3,Medium,Outstanding,Ready 1-2 Years
E02634,2025,2.9,76.7,3.0,Medium,Meets,Not Ready
E02634,2026,2.5,56.1,2.3,Medium,Partially Meets,Ready Now
E02635,2025,3.9,105.0,3.6,Medium,Exceeds,Not Ready
E02635,2026,4.0,94.6,4.0,High,Meets,Ready Now
E02636,2022,2.8,80.3,2.3,Medium,Meets,Ready 1-2 Years
E02636,2023,3.3,99.0,3.1,Low,Meets,Ready Now
E02636,2024,2.5,78.0,2.4,Medium,Meets,Not Ready
E02636,2025,3.2,70.2,3.2,Medium,Outstanding,Ready Now
E02636,2026,2.6,73.5,3.0,High,Outstanding,Not Ready
E02637,2022,2.5,67.6,3.0,High,Partially Meets,Ready 1-2 Years
E02637,2023,3.2,76.6,2.7,Medium,Exceeds,Ready 1-2 Years
E02637,2024,3.8,71.6,3.7,Medium,Outstanding,Ready 1-2 Years
E02637,2025,3.7,100.5,4.4,Low,Partially Meets,Ready Now
E02637,2026,2.8,90.5,3.2,Medium,Outstanding,Not Ready
E02638,2022,3.9,88.0,4.2,Medium,Meets,Ready 1-2 Years
E02638,2023,2.5,75.5,2.0,High,Meets,Ready Now
E02638,2024,3.3,76.6,3.5,High,Meets,Ready Now
E02638,2025,2.9,85.7,2.6,Medium,Meets,Ready Now
E02638,2026,2.5,54.1,2.7,High,Outstanding,Ready Now
E02639,2023,4.1,92.8,4.0,Medium,Meets,Ready 1-2 Years
E02639,2024,4.5,96.3,4.2,Low,Meets,Ready 1-2 Years
E02639,2025,3.5,91.8,4.0,High,Meets,Not Ready
E02639,2026,4.4,98.7,4.0,High,Exceeds,Ready 1-2 Years
E02640,2022,3.8,74.5,3.8,Low,Meets,Ready 1-2 Years
E02640,2023,4.6,97.1,4.7,Medium,Meets,Ready Now
E02640,2024,4.3,86.8,4.2,High,Meets,Not Ready
E02640,2025,3.9,91.7,3.6,Low,Exceeds,Ready Now
E02640,2026,4.3,91.2,4.3,Medium,Partially Meets,Not Ready
E02641,2022,4.5,90.4,3.7,Medium,Exceeds,Ready Now
E02641,2023,4.4,83.1,4.6,Medium,Meets,Ready 1-2 Years
E02641,2024,4.2,90.8,4.4,High,Partially Meets,Ready 1-2 Years
E02641,2025,3.9,81.1,3.5,Medium,Meets,Ready Now
E02641,2026,4.5,79.3,4.5,Medium,Outstanding,Not Ready
E02642,2026,3.1,74.7,2.8,Low,Meets,Ready 1-2 Years
E02643,2026,2.1,52.6,1.8,High,Outstanding,Ready Now
E02644,2023,3.4,93.7,3.1,Medium,Partially Meets,Ready 1-2 Years
E02644,2024,3.0,80.5,3.3,Medium,Meets,Ready Now
E02644,2025,2.8,75.6,2.5,Medium,Meets,Ready 1-2 Years
E02644,2026,3.2,75.7,3.3,Medium,Partially Meets,Ready 1-2 Years
E02645,2022,3.7,89.7,3.6,Medium,Meets,Not Ready
E02646,2022,3.6,79.6,2.9,High,Meets,Not Ready
E02646,2023,3.8,81.0,3.6,High,Partially Meets,Ready 1-2 Years
E02646,2024,3.3,82.6,4.0,Medium,Meets,Ready Now
E02646,2025,3.4,73.1,3.2,High,Meets,Not Ready
E02646,2026,3.2,92.6,2.6,Medium,Meets,Not Ready
E02647,2022,3.1,71.3,3.2,Low,Exceeds,Ready 1-2 Years
E02647,2023,3.7,88.1,3.7,Medium,Meets,Ready Now
E02647,2024,2.4,92.0,2.5,Low,Meets,Ready Now
E02647,2025,3.0,90.6,3.3,Medium,Partially Meets,Ready Now
E02647,2026,3.3,87.2,3.2,Low,Meets,Not Ready
E02648,2025,2.8,83.2,3.0,Low,Outstanding,Ready Now
E02648,2026,2.7,88.2,2.8,Medium,Meets,Ready Now
E02649,2026,2.2,72.1,2.6,Medium,Exceeds,Not Ready
E02651,2022,4.0,88.3,4.1,Low,Meets,Ready 1-2 Years
E02651,2023,3.8,87.5,3.7,Medium,Exceeds,Ready Now
E02651,2024,4.0,90.1,4.1,Medium,Meets,Not Ready
E02651,2025,3.5,89.8,3.4,Medium,Outstanding,Ready Now
E02651,2026,3.1,88.3,3.4,Medium,Partially Meets,Ready Now
E02652,2025,4.0,99.4,4.0,Medium,Meets,Not Ready
E02652,2026,3.9,67.3,3.5,Medium,Meets,Ready Now
E02653,2022,4.0,97.7,4.3,Medium,Outstanding,Ready Now
E02653,2023,3.3,86.2,3.0,Low,Partially Meets,Ready 1-2 Years
E02653,2024,3.7,96.7,4.1,Medium,Outstanding,Ready 1-2 Years
E02653,2025,4.2,99.9,4.6,Low,Partially Meets,Not Ready
E02653,2026,3.7,61.8,3.5,Medium,Partially Meets,Ready 1-2 Years
E02654,2022,3.2,79.6,3.0,High,Exceeds,Not Ready
E02654,2023,3.1,90.5,3.6,Medium,Outstanding,Ready Now
E02654,2024,3.2,70.5,3.4,High,Meets,Ready Now
E02654,2025,3.8,84.9,3.7,Low,Exceeds,Ready 1-2 Years
E02654,2026,3.9,77.6,3.7,Low,Meets,Ready Now
E02655,2022,3.8,82.3,3.7,Medium,Outstanding,Not Ready
E02655,2023,3.7,95.0,4.1,Medium,Outstanding,Ready Now
E02655,2024,4.4,90.7,4.9,Medium,Partially Meets,Ready 1-2 Years
E02656,2022,2.9,84.0,2.9,Medium,Meets,Ready 1-2 Years
E02656,2023,2.6,86.4,2.2,Medium,Partially Meets,Ready 1-2 Years
E02656,2024,3.1,78.3,3.1,Low,Outstanding,Not Ready
E02656,2025,2.9,78.0,3.0,Low,Outstanding,Ready Now
E02657,2022,4.2,80.9,3.6,Low,Outstanding,Ready Now
E02657,2023,4.8,91.7,4.4,Medium,Meets,Ready 1-2 Years
E02657,2024,4.0,85.5,4.2,Low,Meets,Ready Now
E02657,2025,4.5,80.9,4.8,Medium,Outstanding,Ready Now
E02657,2026,4.4,110.6,3.7,Low,Meets,Not Ready
E02658,2022,3.8,86.9,3.4,Medium,Outstanding,Not Ready
E02658,2023,4.5,93.3,4.2,Medium,Partially Meets,Ready Now
E02658,2024,4.0,80.5,4.2,Medium,Meets,Ready 1-2 Years
E02658,2025,4.2,79.3,3.9,Low,Partially Meets,Ready 1-2 Years
E02658,2026,3.9,78.6,4.2,Medium,Meets,Not Ready
E02659,2025,3.4,103.4,3.5,Medium,Meets,Ready Now
E02659,2026,3.0,86.7,3.1,Medium,Partially Meets,Not Ready
E02660,2026,3.7,79.5,3.6,Medium,Meets,Ready Now
E02661,2024,4.6,73.3,4.4,Medium,Meets,Not Ready
E02661,2025,5.0,82.4,5.0,Medium,Partially Meets,Ready Now
E02661,2026,4.6,89.7,4.6,Medium,Partially Meets,Not Ready
E02662,2023,2.7,92.8,2.8,Medium,Meets,Ready 1-2 Years
E02662,2024,2.4,83.8,2.5,High,Outstanding,Ready 1-2 Years
E02662,2025,2.8,71.5,3.4,Medium,Outstanding,Not Ready
E02662,2026,2.7,69.9,2.4,Low,Partially Meets,Ready 1-2 Years
E02663,2024,3.7,94.3,3.4,High,Meets,Not Ready
E02663,2025,4.0,68.5,3.8,Low,Meets,Ready Now
E02663,2026,3.4,87.8,3.2,Medium,Exceeds,Ready Now
E02664,2022,3.2,108.8,3.5,Medium,Meets,Ready Now
E02664,2023,3.1,91.8,3.1,High,Meets,Not Ready
E02664,2024,2.7,97.6,2.2,Medium,Partially Meets,Ready 1-2 Years
E02664,2025,3.3,86.1,3.1,Low,Exceeds,Not Ready
E02664,2026,3.6,71.4,3.6,Low,Outstanding,Ready Now
E02665,2026,3.8,95.4,4.1,Medium,Meets,Not Ready
E02666,2023,4.2,87.4,4.3,Medium,Exceeds,Ready Now
E02666,2024,4.5,96.5,4.3,Low,Meets,Not Ready
E02666,2025,4.1,111.1,4.0,High,Outstanding,Ready Now
E02666,2026,4.5,97.3,4.5,High,Exceeds,Not Ready
E02667,2025,2.5,68.0,2.7,Medium,Exceeds,Not Ready
E02667,2026,2.6,63.9,2.4,Low,Partially Meets,Not Ready
E02668,2022,3.5,84.0,3.0,Medium,Outstanding,Ready 1-2 Years
E02668,2023,3.9,98.0,3.9,Medium,Partially Meets,Ready 1-2 Years
E02668,2024,3.9,100.7,3.9,Medium,Partially Meets,Not Ready
E02668,2025,4.1,92.8,4.4,Low,Partially Meets,Ready Now
E02668,2026,3.7,82.2,3.7,High,Meets,Ready 1-2 Years
E02669,2022,2.9,68.4,3.0,Low,Meets,Ready 1-2 Years
E02669,2023,3.2,80.3,3.6,High,Outstanding,Ready Now
E02669,2024,2.7,75.6,3.4,Medium,Partially Meets,Ready Now
E02669,2025,3.0,81.2,2.4,Low,Meets,Ready Now
E02669,2026,3.6,78.2,3.6,Medium,Outstanding,Ready Now
E02670,2022,4.1,111.6,4.7,Medium,Outstanding,Ready 1-2 Years
E02670,2023,3.4,87.0,3.0,Medium,Partially Meets,Not Ready
E02670,2024,3.7,111.2,4.5,Medium,Exceeds,Ready Now
E02670,2025,3.9,90.0,3.8,High,Meets,Not Ready
E02670,2026,3.4,83.3,3.4,Medium,Outstanding,Ready 1-2 Years
E02671,2024,3.4,78.3,3.5,Low,Exceeds,Not Ready
E02671,2025,3.2,91.4,3.0,Medium,Exceeds,Not Ready
E02671,2026,3.6,91.8,3.2,Medium,Partially Meets,Ready 1-2 Years
E02672,2023,2.9,68.4,3.0,Medium,Meets,Ready 1-2 Years
E02672,2024,3.2,79.2,3.5,High,Meets,Ready Now
E02673,2022,2.4,88.4,2.1,Low,Partially Meets,Not Ready
E02673,2023,3.1,86.4,2.8,Medium,Outstanding,Ready Now
E02673,2024,3.1,90.4,3.3,Medium,Partially Meets,Ready Now
E02673,2025,3.1,84.8,2.9,High,Meets,Not Ready
E02673,2026,2.1,87.8,1.8,Medium,Meets,Ready Now
E02674,2024,4.0,84.0,4.8,Medium,Meets,Not Ready
E02674,2025,3.7,96.6,3.4,High,Outstanding,Ready 1-2 Years
E02674,2026,3.7,87.8,3.7,Low,Outstanding,Ready 1-2 Years
E02675,2022,3.9,83.4,3.8,Low,Exceeds,Ready 1-2 Years
E02675,2023,3.0,90.4,3.1,Low,Partially Meets,Not Ready
E02675,2024,3.5,79.8,3.7,Low,Meets,Ready 1-2 Years
E02675,2025,3.0,86.2,2.8,High,Outstanding,Ready Now
E02675,2026,2.6,87.2,3.2,Medium,Meets,Ready Now
E02676,2026,3.7,70.8,3.8,Medium,Meets,Ready Now
E02677,2022,3.5,94.8,3.6,High,Partially Meets,Ready 1-2 Years
E02677,2023,3.1,79.9,3.7,Medium,Outstanding,Ready Now
E02677,2024,3.1,61.1,3.0,Medium,Outstanding,Not Ready
E02677,2025,3.3,89.8,2.9,Low,Meets,Ready 1-2 Years
E02677,2026,2.8,73.4,2.6,High,Partially Meets,Not Ready
E02678,2022,3.1,83.6,3.3,Low,Meets,Not Ready
E02678,2023,3.6,85.1,3.8,Medium,Meets,Not Ready
E02678,2024,3.2,80.6,3.1,Low,Meets,Not Ready
E02678,2025,3.5,80.2,3.4,Medium,Exceeds,Not Ready
E02678,2026,3.4,80.2,3.3,Medium,Partially Meets,Ready Now
E02679,2022,4.1,87.9,3.4,Medium,Meets,Ready 1-2 Years
E02679,2023,3.8,62.0,4.2,Medium,Outstanding,Not Ready
E02679,2024,4.8,82.9,4.7,High,Exceeds,Ready 1-2 Years
E02679,2025,4.1,86.7,4.3,High,Outstanding,Ready 1-2 Years
E02679,2026,4.6,88.5,4.0,Medium,Outstanding,Not Ready
E02680,2022,3.3,79.3,3.4,Medium,Exceeds,Ready 1-2 Years
E02680,2023,3.8,74.1,3.8,Medium,Partially Meets,Ready Now
E02680,2024,4.0,78.7,3.9,Low,Exceeds,Ready Now
E02680,2025,3.1,87.8,3.2,Medium,Exceeds,Not Ready
E02680,2026,3.0,63.6,2.9,Medium,Meets,Ready Now
E02681,2026,4.0,104.2,4.0,Medium,Meets,Ready Now
E02682,2024,3.0,79.8,3.2,Medium,Exceeds,Ready 1-2 Years
E02682,2025,2.6,66.6,2.4,Medium,Exceeds,Ready 1-2 Years
E02682,2026,2.8,59.6,2.7,Medium,Exceeds,Not Ready
E02684,2022,3.2,87.0,2.8,Medium,Partially Meets,Ready 1-2 Years
E02684,2023,3.3,88.4,3.6,Medium,Outstanding,Ready Now
E02684,2024,3.1,90.7,2.9,Medium,Meets,Ready Now
E02684,2025,3.0,84.4,3.1,Medium,Meets,Ready 1-2 Years
E02684,2026,3.4,104.2,3.2,Medium,Outstanding,Ready 1-2 Years
E02685,2025,3.5,81.8,3.9,Low,Outstanding,Ready Now
E02686,2022,3.0,61.9,2.8,Medium,Meets,Ready 1-2 Years
E02686,2023,3.7,81.9,3.7,Medium,Outstanding,Ready 1-2 Years
E02686,2024,4.3,82.3,4.7,Medium,Meets,Not Ready
E02686,2025,3.7,78.7,3.8,Medium,Meets,Ready 1-2 Years
E02686,2026,2.9,69.7,2.8,Medium,Partially Meets,Not Ready
E02687,2022,3.9,81.6,3.6,Medium,Exceeds,Ready 1-2 Years
E02687,2023,4.1,72.9,4.6,Medium,Partially Meets,Not Ready
E02687,2024,3.6,91.9,3.6,Medium,Outstanding,Ready Now
E02687,2025,3.4,91.1,3.2,Medium,Exceeds,Ready 1-2 Years
E02687,2026,3.5,91.6,3.7,Medium,Meets,Ready 1-2 Years
E02688,2024,3.5,87.7,3.8,High,Partially Meets,Ready 1-2 Years
E02689,2022,5.0,97.1,5.0,Medium,Meets,Not Ready
E02689,2023,4.6,88.3,4.6,Medium,Partially Meets,Ready Now
E02689,2024,4.7,92.1,4.1,Medium,Meets,Ready Now
E02689,2025,4.0,86.7,3.9,Medium,Outstanding,Not Ready
E02689,2026,4.4,87.5,4.0,Medium,Meets,Not Ready
E02690,2022,3.3,70.7,3.3,High,Meets,Ready Now
E02690,2023,2.7,76.3,2.5,High,Partially Meets,Ready Now
E02690,2024,3.7,92.2,3.5,Medium,Exceeds,Not Ready
E02690,2025,3.2,84.1,2.9,Low,Exceeds,Not Ready
E02690,2026,2.9,82.9,3.2,Medium,Partially Meets,Ready Now
E02691,2026,4.3,79.3,4.7,Medium,Partially Meets,Ready Now
E02692,2024,3.7,84.2,3.7,Medium,Meets,Ready Now
E02692,2025,2.8,75.7,2.4,Low,Partially Meets,Ready Now
E02692,2026,3.7,91.7,3.9,High,Partially Meets,Ready Now
E02693,2022,4.1,83.5,4.4,Medium,Partially Meets,Ready 1-2 Years
E02693,2023,3.4,95.6,3.2,High,Meets,Not Ready
E02693,2024,3.7,84.8,4.0,Medium,Partially Meets,Not Ready
E02693,2025,3.9,96.3,4.1,Medium,Meets,Ready 1-2 Years
E02693,2026,3.5,65.9,3.6,Low,Partially Meets,Ready Now
E02694,2022,3.4,67.5,4.0,Medium,Meets,Not Ready
E02694,2023,3.5,71.8,4.3,High,Exceeds,Ready 1-2 Years
E02694,2024,3.5,80.5,3.3,Low,Exceeds,Ready Now
E02694,2025,3.3,67.9,3.7,Low,Outstanding,Not Ready
E02694,2026,3.9,87.1,3.3,High,Exceeds,Not Ready
E02696,2025,3.7,98.3,3.3,Medium,Meets,Ready 1-2 Years
E02696,2026,3.9,92.0,4.2,Medium,Meets,Ready Now
E02697,2024,3.2,64.2,2.9,High,Meets,Ready 1-2 Years
E02697,2025,3.3,107.2,3.5,Medium,Exceeds,Ready Now
E02697,2026,3.5,78.1,2.7,Medium,Partially Meets,Not Ready
E02698,2023,2.9,67.4,2.6,High,Partially Meets,Ready 1-2 Years
E02698,2024,4.3,94.2,4.4,High,Outstanding,Not Ready
E02698,2025,3.3,81.7,3.3,Medium,Outstanding,Not Ready
E02698,2026,3.7,72.3,4.1,Medium,Partially Meets,Not Ready
E02700,2023,4.6,111.9,4.8,Medium,Partially Meets,Not Ready
E02700,2024,4.5,99.9,4.2,High,Exceeds,Ready 1-2 Years
E02700,2025,4.3,102.9,4.6,Medium,Outstanding,Ready 1-2 Years
E02700,2026,4.3,102.0,4.5,Low,Meets,Not Ready
E02701,2022,3.1,74.0,3.6,Medium,Meets,Ready Now
E02701,2023,3.5,93.6,3.6,Low,Meets,Not Ready
E02701,2024,3.1,68.6,3.2,Medium,Meets,Not Ready
E02701,2025,3.4,93.2,3.2,Medium,Partially Meets,Ready 1-2 Years
E02701,2026,3.4,86.8,3.2,Medium,Meets,Ready Now
E02702,2026,4.4,88.6,4.5,Medium,Exceeds,Ready 1-2 Years
E02703,2023,3.1,79.7,3.2,High,Meets,Ready 1-2 Years
E02703,2024,2.6,84.1,2.4,Medium,Outstanding,Ready Now
E02703,2025,2.1,58.9,2.0,Medium,Exceeds,Ready Now
E02703,2026,2.8,83.6,3.0,Low,Meets,Not Ready
E02704,2022,3.4,86.3,3.4,Medium,Partially Meets,Not Ready
E02704,2023,3.3,83.6,3.6,High,Meets,Not Ready
E02704,2024,4.0,87.6,4.1,Medium,Exceeds,Not Ready
E02704,2025,3.0,77.0,2.8,High,Meets,Not Ready
E02704,2026,3.8,96.6,3.7,Medium,Outstanding,Ready Now
E02705,2022,3.5,91.2,3.6,Medium,Exceeds,Ready Now
E02705,2023,3.2,83.9,3.8,Medium,Exceeds,Ready Now
E02705,2024,3.0,78.7,3.1,Medium,Meets,Ready Now
E02705,2025,3.7,98.4,3.5,Low,Meets,Ready 1-2 Years
E02705,2026,2.2,76.1,2.3,Low,Meets,Ready Now
E02706,2022,4.4,80.1,4.5,High,Exceeds,Ready Now
E02706,2023,4.1,101.9,4.3,High,Exceeds,Ready Now
E02706,2024,4.4,84.2,4.6,Low,Outstanding,Ready Now
E02706,2025,4.3,89.8,4.0,High,Meets,Not Ready
E02707,2025,4.1,89.2,4.0,Medium,Exceeds,Ready Now
E02707,2026,5.0,111.6,5.0,Medium,Meets,Ready Now
E02708,2025,4.3,113.9,4.2,Medium,Outstanding,Ready 1-2 Years
E02708,2026,4.1,81.5,4.3,Low,Meets,Not Ready
E02709,2024,3.8,89.8,4.4,Medium,Meets,Not Ready
E02709,2025,3.6,74.8,3.7,Medium,Outstanding,Not Ready
E02709,2026,4.1,90.7,3.4,High,Partially Meets,Ready 1-2 Years
E02711,2022,4.8,93.5,4.7,Low,Exceeds,Ready Now
E02711,2023,4.4,87.8,4.4,Medium,Meets,Not Ready
E02711,2024,4.8,96.1,4.9,High,Partially Meets,Not Ready
E02711,2025,4.5,80.6,4.2,High,Outstanding,Ready Now
E02711,2026,4.5,107.2,4.5,Medium,Exceeds,Not Ready
E02712,2022,4.1,106.0,4.3,Medium,Partially Meets,Ready Now
E02712,2023,4.2,77.3,4.3,Medium,Meets,Ready 1-2 Years
E02712,2024,4.3,98.4,5.0,High,Outstanding,Ready Now
E02712,2025,4.4,80.6,4.5,Low,Outstanding,Not Ready
E02712,2026,4.5,100.3,4.3,High,Meets,Ready Now
E02713,2022,2.4,83.6,2.6,High,Meets,Not Ready
E02713,2023,2.4,72.3,2.1,Medium,Outstanding,Ready Now
E02713,2024,2.7,82.3,2.3,High,Partially Meets,Ready Now
E02713,2025,2.4,78.8,2.9,Low,Outstanding,Not Ready
E02713,2026,2.4,77.2,2.4,High,Partially Meets,Ready Now
E02714,2025,3.0,97.9,2.9,Low,Exceeds,Ready Now
E02715,2023,3.1,72.3,3.1,Medium,Meets,Not Ready
E02715,2024,3.4,76.7,3.2,Low,Outstanding,Not Ready
E02715,2025,3.3,75.4,3.5,Low,Meets,Not Ready
E02715,2026,3.8,94.4,3.5,Medium,Meets,Not Ready
E02716,2024,3.0,97.7,2.9,Medium,Exceeds,Ready Now
E02716,2025,2.9,102.4,2.9,Medium,Meets,Not Ready
E02718,2024,3.2,76.7,2.8,High,Partially Meets,Ready 1-2 Years
E02718,2025,3.2,75.6,3.2,Medium,Partially Meets,Ready Now
E02718,2026,2.9,68.9,2.9,High,Outstanding,Ready 1-2 Years
E02719,2022,4.8,87.4,4.8,Medium,Exceeds,Not Ready
E02719,2023,5.0,94.6,4.6,High,Partially Meets,Ready Now
E02719,2024,5.0,90.2,5.0,High,Partially Meets,Ready 1-2 Years
E02719,2025,5.0,95.1,5.0,Medium,Meets,Ready Now
E02719,2026,4.8,100.7,4.8,Low,Exceeds,Ready Now
E02720,2024,3.7,93.6,3.5,Low,Outstanding,Ready Now
E02720,2025,3.5,74.2,3.2,Medium,Outstanding,Not Ready
E02720,2026,3.5,76.1,3.4,Medium,Meets,Ready Now
E02721,2022,3.5,86.7,3.9,High,Outstanding,Ready 1-2 Years
E02721,2023,3.8,81.2,4.0,Low,Partially Meets,Ready Now
E02721,2024,3.7,73.4,3.4,Low,Meets,Not Ready
E02721,2025,3.0,63.4,3.2,Medium,Meets,Not Ready
E02721,2026,4.1,99.9,4.2,Low,Meets,Ready 1-2 Years
E02722,2023,2.6,73.6,3.0,Medium,Exceeds,Ready Now
E02722,2024,2.5,62.2,2.2,Medium,Partially Meets,Not Ready
E02722,2025,2.1,68.1,2.3,Medium,Partially Meets,Ready Now
E02722,2026,2.2,64.2,2.1,Medium,Outstanding,Not Ready
E02723,2023,3.0,71.0,2.9,Medium,Meets,Ready Now
E02723,2024,2.4,62.5,2.3,Medium,Partially Meets,Ready Now
E02723,2025,2.3,72.9,2.0,Low,Partially Meets,Not Ready
E02723,2026,1.8,70.1,1.6,Medium,Meets,Ready 1-2 Years
E02724,2022,2.8,83.9,2.7,Medium,Meets,Not Ready
E02724,2023,2.9,84.5,3.0,High,Partially Meets,Not Ready
E02724,2024,3.1,76.2,3.5,Medium,Partially Meets,Not Ready
E02724,2025,3.5,106.0,4.0,High,Exceeds,Not Ready
E02724,2026,2.7,70.8,2.9,Low,Partially Meets,Ready 1-2 Years
E02725,2022,3.6,91.1,3.5,Medium,Partially Meets,Ready Now
E02725,2023,4.4,86.7,4.3,High,Partially Meets,Not Ready
E02725,2024,4.1,108.4,4.1,Medium,Outstanding,Ready 1-2 Years
E02725,2025,3.9,83.0,3.9,High,Exceeds,Not Ready
E02725,2026,3.6,97.3,2.6,High,Meets,Ready Now
E02726,2022,3.0,75.4,3.0,Low,Outstanding,Ready Now
E02726,2023,2.6,96.4,2.7,Medium,Exceeds,Ready Now
E02726,2024,3.1,68.3,2.8,Medium,Meets,Not Ready
E02726,2025,3.3,87.2,3.3,Low,Meets,Ready Now
E02726,2026,3.2,91.1,3.3,Medium,Outstanding,Ready Now
E02727,2026,3.8,87.0,3.7,Low,Outstanding,Ready Now
E02728,2022,2.9,94.3,2.6,Medium,Meets,Ready Now
E02728,2023,3.6,102.4,3.4,Low,Exceeds,Not Ready
E02728,2024,3.7,91.3,3.8,Medium,Meets,Ready 1-2 Years
E02728,2025,3.7,82.0,3.7,High,Meets,Ready 1-2 Years
E02728,2026,3.7,91.6,3.5,Medium,Meets,Ready Now
E02729,2025,2.2,85.1,2.1,Medium,Meets,Not Ready
E02729,2026,2.2,83.9,2.0,Low,Meets,Not Ready
E02730,2023,4.1,91.3,3.8,Medium,Meets,Not Ready
E02730,2024,3.4,81.2,3.6,Medium,Meets,Not Ready
E02730,2025,3.6,76.7,3.2,Low,Meets,Not Ready
E02730,2026,3.8,96.3,3.8,Low,Meets,Not Ready
E02731,2022,3.6,84.5,3.4,Medium,Outstanding,Not Ready
E02731,2023,2.8,82.4,3.2,Medium,Outstanding,Not Ready
E02732,2022,2.9,81.1,2.8,Low,Meets,Not Ready
E02732,2023,2.1,67.6,2.0,High,Outstanding,Not Ready
E02732,2024,2.9,77.2,3.5,Medium,Outstanding,Ready Now
E02732,2025,3.1,85.8,2.9,Medium,Partially Meets,Ready Now
E02732,2026,2.8,99.8,3.3,Medium,Outstanding,Ready 1-2 Years
E02735,2022,1.8,89.3,1.5,Low,Partially Meets,Not Ready
E02735,2023,2.0,65.4,1.6,Medium,Meets,Not Ready
E02735,2024,1.6,90.3,1.9,Medium,Partially Meets,Ready 1-2 Years
E02735,2025,2.3,80.4,2.5,Medium,Partially Meets,Not Ready
E02735,2026,2.2,77.1,2.0,Medium,Outstanding,Not Ready
E02736,2022,2.8,81.1,2.8,Low,Meets,Not Ready
E02736,2023,3.2,68.0,3.5,Medium,Meets,Ready Now
E02736,2024,3.2,94.2,3.1,Medium,Partially Meets,Ready 1-2 Years
E02736,2025,2.1,81.3,2.4,Low,Partially Meets,Ready Now
E02736,2026,2.4,88.9,2.5,Medium,Meets,Not Ready
E02737,2022,2.9,55.9,3.3,Medium,Meets,Not Ready
E02737,2023,3.1,92.0,3.7,Medium,Exceeds,Ready Now
E02737,2024,3.1,68.1,3.3,Medium,Partially Meets,Ready Now
E02737,2025,2.8,70.7,2.7,Medium,Partially Meets,Not Ready
E02737,2026,3.8,88.4,3.9,Low,Partially Meets,Ready Now
E02738,2022,3.4,82.0,3.8,Medium,Meets,Not Ready
E02738,2023,3.5,100.3,3.6,Medium,Partially Meets,Ready Now
E02738,2024,3.1,77.2,3.2,Medium,Partially Meets,Ready Now
E02738,2025,3.4,106.8,3.1,Medium,Meets,Ready Now
E02738,2026,3.4,91.3,3.4,Medium,Outstanding,Ready 1-2 Years
E02739,2022,4.8,107.3,4.5,High,Outstanding,Ready 1-2 Years
E02739,2023,5.0,91.6,5.0,Medium,Meets,Ready Now
E02739,2024,4.8,83.9,4.8,Medium,Meets,Ready Now
E02739,2025,4.7,90.4,4.6,Medium,Meets,Ready Now
E02739,2026,4.9,84.4,4.9,Low,Meets,Ready 1-2 Years
E02740,2024,4.1,82.0,3.7,Medium,Outstanding,Ready Now
E02740,2025,4.1,91.8,3.9,Low,Meets,Ready 1-2 Years
E02740,2026,3.9,86.8,3.9,Low,Exceeds,Not Ready
E02741,2026,3.3,85.6,3.2,Medium,Partially Meets,Not Ready
E02742,2022,2.3,53.3,2.2,Medium,Meets,Ready Now
E02742,2023,3.5,103.5,2.9,Medium,Meets,Ready 1-2 Years
E02742,2024,3.0,82.2,3.1,High,Meets,Not Ready
E02742,2025,2.9,78.8,2.7,Medium,Outstanding,Not Ready
E02742,2026,3.0,90.5,2.8,Medium,Exceeds,Not Ready
E02743,2022,1.5,89.6,1.6,Medium,Outstanding,Ready 1-2 Years
E02743,2023,1.5,70.7,1.0,Low,Exceeds,Not Ready
E02743,2024,2.0,70.3,1.9,High,Outstanding,Not Ready
E02743,2025,1.4,59.3,1.4,Low,Outstanding,Not Ready
E02743,2026,1.9,68.3,2.0,Medium,Partially Meets,Ready Now
E02744,2022,3.8,94.5,3.3,Medium,Meets,Ready Now
E02744,2023,3.5,90.0,3.6,Medium,Exceeds,Ready 1-2 Years
E02744,2024,3.0,77.4,3.1,Low,Outstanding,Ready 1-2 Years
E02744,2025,3.3,91.6,3.5,Medium,Partially Meets,Ready 1-2 Years
E02744,2026,3.8,72.2,3.9,High,Meets,Ready 1-2 Years
E02745,2024,2.9,79.6,2.8,High,Meets,Not Ready
E02745,2025,3.0,99.5,3.1,Medium,Partially Meets,Not Ready
E02745,2026,2.7,73.0,2.9,Medium,Partially Meets,Ready Now
E02746,2022,3.6,85.5,3.7,Medium,Meets,Ready 1-2 Years
E02746,2023,3.6,86.4,3.9,Medium,Meets,Ready 1-2 Years
E02746,2024,3.5,80.4,3.5,Medium,Meets,Not Ready
E02746,2025,3.5,100.1,3.8,High,Meets,Ready Now
E02746,2026,3.3,89.4,3.1,Medium,Meets,Ready 1-2 Years
E02747,2022,4.5,94.0,4.3,Medium,Partially Meets,Not Ready
E02747,2023,4.1,90.2,4.3,High,Meets,Ready Now
E02747,2024,4.2,83.3,4.1,Medium,Meets,Ready 1-2 Years
E02747,2025,4.9,97.1,5.0,Low,Exceeds,Not Ready
E02747,2026,4.0,94.7,4.6,Medium,Partially Meets,Ready 1-2 Years
E02748,2022,3.1,80.1,2.6,Medium,Meets,Not Ready
E02748,2023,3.1,77.2,2.8,Medium,Exceeds,Not Ready
E02748,2024,3.8,95.6,4.0,High,Partially Meets,Not Ready
E02748,2025,3.3,83.5,3.3,Medium,Exceeds,Ready Now
E02748,2026,2.6,101.2,2.8,Medium,Partially Meets,Ready 1-2 Years
E02749,2022,3.0,74.0,2.7,Medium,Exceeds,Not Ready
E02749,2023,2.6,93.8,2.2,Low,Meets,Not Ready
E02749,2024,3.4,93.7,3.4,Low,Meets,Ready Now
E02749,2025,3.5,85.2,2.9,Medium,Exceeds,Ready Now
E02749,2026,3.4,84.1,3.9,Medium,Meets,Ready 1-2 Years
E02751,2022,3.2,91.4,2.7,Medium,Partially Meets,Ready Now
E02751,2023,3.9,87.4,4.3,High,Meets,Ready Now
E02751,2024,2.9,63.8,2.9,High,Outstanding,Not Ready
E02751,2025,3.3,97.5,3.5,Medium,Exceeds,Not Ready
E02751,2026,3.1,52.2,3.0,Medium,Outstanding,Ready Now
E02752,2026,3.4,78.2,3.6,Medium,Meets,Not Ready
E02753,2026,3.2,83.9,2.8,Medium,Exceeds,Ready Now
E02754,2026,3.0,78.8,3.6,Low,Meets,Ready Now
E02755,2025,4.0,92.3,4.2,High,Outstanding,Ready Now
E02755,2026,3.9,91.7,3.6,Medium,Outstanding,Not Ready
E02756,2022,3.8,81.5,3.4,Medium,Partially Meets,Ready Now
E02756,2023,4.0,79.9,4.1,High,Meets,Ready 1-2 Years
E02756,2024,3.8,99.2,3.7,Medium,Exceeds,Ready Now
E02756,2025,3.3,74.8,3.8,Low,Exceeds,Ready 1-2 Years
E02756,2026,4.2,88.6,4.0,High,Partially Meets,Ready 1-2 Years
E02758,2023,2.4,89.8,2.3,Medium,Outstanding,Ready Now
E02758,2024,3.7,103.3,4.0,High,Meets,Not Ready
E02758,2025,3.5,77.2,3.5,Medium,Outstanding,Ready Now
E02758,2026,2.1,72.1,2.3,High,Meets,Ready Now
E02759,2022,4.0,94.2,4.1,Medium,Exceeds,Not Ready
E02759,2023,3.7,85.3,3.5,Medium,Meets,Not Ready
E02759,2024,3.6,90.6,3.9,High,Outstanding,Ready 1-2 Years
E02760,2022,3.1,78.8,3.1,Medium,Outstanding,Not Ready
E02760,2023,2.8,82.6,3.0,High,Meets,Ready Now
E02760,2024,2.2,78.9,2.1,Low,Partially Meets,Ready 1-2 Years
E02760,2025,2.5,80.6,2.6,Medium,Partially Meets,Ready 1-2 Years
E02760,2026,2.6,72.1,3.1,Medium,Partially Meets,Ready 1-2 Years
E02762,2022,4.8,88.6,4.9,Medium,Exceeds,Ready Now
E02762,2023,4.6,73.1,4.5,Medium,Partially Meets,Ready 1-2 Years
E02762,2024,3.7,84.9,3.1,Medium,Meets,Ready 1-2 Years
E02762,2025,4.3,96.3,4.3,Medium,Outstanding,Ready Now
E02763,2023,2.6,83.5,2.3,Medium,Outstanding,Ready 1-2 Years
E02763,2024,2.7,82.2,2.8,Medium,Meets,Not Ready
E02763,2025,3.6,103.7,4.0,Medium,Exceeds,Ready 1-2 Years
E02763,2026,2.7,82.5,2.7,Medium,Meets,Not Ready
E02764,2024,3.2,80.7,3.1,Medium,Partially Meets,Not Ready
E02764,2025,3.6,96.7,3.2,High,Meets,Not Ready
E02764,2026,3.1,81.4,2.7,High,Outstanding,Ready 1-2 Years
E02765,2024,4.0,68.3,3.7,Medium,Exceeds,Ready Now
E02765,2025,4.1,87.2,4.1,Low,Partially Meets,Ready Now
E02765,2026,3.9,90.7,4.0,Medium,Partially Meets,Ready 1-2 Years
E02766,2025,3.5,83.3,4.0,Medium,Outstanding,Ready 1-2 Years
E02766,2026,3.9,73.3,3.6,Medium,Outstanding,Ready 1-2 Years
E02767,2024,1.9,64.8,1.7,Medium,Partially Meets,Not Ready
E02767,2025,2.0,68.5,1.9,High,Partially Meets,Ready Now
E02767,2026,2.3,76.5,2.3,High,Meets,Ready Now
E02769,2023,3.0,92.6,3.1,Medium,Meets,Ready Now
E02769,2024,3.3,93.0,2.8,Medium,Meets,Ready Now
E02769,2025,2.8,73.3,2.8,Medium,Meets,Ready 1-2 Years
E02769,2026,2.8,93.5,3.1,Medium,Meets,Not Ready
E02770,2024,3.1,88.8,2.3,Medium,Meets,Ready 1-2 Years
E02770,2025,2.7,93.0,2.7,High,Partially Meets,Ready 1-2 Years
E02770,2026,3.3,85.8,3.4,Medium,Exceeds,Ready Now
E02771,2024,2.5,75.6,2.8,Medium,Meets,Ready 1-2 Years
E02771,2025,2.3,78.5,2.4,Medium,Meets,Ready Now
E02771,2026,1.9,79.3,1.6,High,Meets,Ready Now
E02772,2022,3.8,91.3,3.8,Medium,Meets,Ready 1-2 Years
E02772,2023,3.9,81.6,4.2,High,Exceeds,Ready 1-2 Years
E02772,2024,3.6,67.1,3.3,Medium,Meets,Ready Now
E02772,2025,3.9,93.3,3.2,Medium,Partially Meets,Not Ready
E02772,2026,4.1,101.9,4.0,Medium,Exceeds,Ready Now
E02773,2022,2.0,73.7,2.1,Medium,Partially Meets,Not Ready
E02773,2023,3.0,77.1,3.3,Medium,Meets,Not Ready
E02773,2024,2.7,71.7,2.0,Low,Outstanding,Not Ready
E02773,2025,2.6,87.5,2.5,Low,Exceeds,Ready Now
E02773,2026,2.9,92.0,2.8,Medium,Outstanding,Ready 1-2 Years
E02774,2025,4.4,97.8,4.5,Medium,Exceeds,Not Ready
E02774,2026,3.9,80.0,3.9,Medium,Exceeds,Ready 1-2 Years
E02775,2023,2.5,73.5,2.5,Medium,Meets,Ready Now
E02775,2024,2.2,58.5,2.3,Medium,Exceeds,Not Ready
E02775,2025,2.1,87.8,2.1,Medium,Exceeds,Ready Now
E02775,2026,2.4,74.8,2.0,Medium,Exceeds,Ready 1-2 Years
E02776,2022,3.5,88.1,3.5,Medium,Outstanding,Not Ready
E02776,2023,3.0,77.9,2.6,Medium,Meets,Ready 1-2 Years
E02776,2024,3.2,83.4,3.4,Medium,Partially Meets,Not Ready
E02777,2022,4.2,80.1,3.9,Medium,Exceeds,Ready 1-2 Years
E02777,2023,5.0,85.7,4.9,Medium,Outstanding,Ready Now
E02777,2024,4.5,89.1,4.7,High,Outstanding,Ready Now
E02777,2025,4.0,73.5,3.3,Medium,Partially Meets,Not Ready
E02777,2026,4.5,89.7,4.9,High,Outstanding,Ready 1-2 Years
E02778,2022,4.3,95.0,4.3,Low,Meets,Not Ready
E02778,2023,4.6,85.6,4.7,High,Meets,Not Ready
E02778,2024,4.8,106.1,4.6,Low,Outstanding,Ready Now
E02778,2025,4.1,100.2,3.8,High,Meets,Not Ready
E02778,2026,4.5,110.6,4.6,Medium,Exceeds,Ready Now
E02779,2022,3.3,67.2,3.5,Medium,Meets,Ready Now
E02779,2023,3.0,76.6,3.0,Medium,Exceeds,Not Ready
E02779,2024,3.0,83.0,3.3,Medium,Meets,Ready 1-2 Years
E02779,2025,3.1,87.5,3.3,Medium,Meets,Ready Now
E02779,2026,2.5,69.7,2.6,Medium,Meets,Ready Now
E02780,2022,4.2,78.1,4.0,Medium,Meets,Ready 1-2 Years
E02780,2023,2.8,74.2,2.8,Medium,Meets,Not Ready
E02780,2024,3.9,85.7,3.8,Low,Meets,Ready 1-2 Years
E02780,2025,3.2,92.8,3.0,Medium,Partially Meets,Ready Now
E02780,2026,3.5,80.8,3.2,High,Outstanding,Not Ready
E02781,2022,2.7,59.5,2.3,Medium,Partially Meets,Ready Now
E02781,2023,3.0,85.1,2.9,Medium,Outstanding,Ready 1-2 Years
E02782,2022,3.8,71.9,3.9,Medium,Meets,Ready Now
E02782,2023,3.6,85.2,3.6,Medium,Outstanding,Ready Now
E02782,2024,3.4,87.6,3.6,Low,Exceeds,Ready 1-2 Years
E02782,2025,2.8,78.7,2.5,Medium,Meets,Ready Now
E02782,2026,3.3,73.5,3.5,Medium,Partially Meets,Ready Now
E02784,2025,4.5,87.2,4.2,Medium,Outstanding,Ready Now
E02784,2026,4.1,75.7,4.5,High,Outstanding,Ready 1-2 Years
E02785,2025,2.3,61.2,1.9,Low,Meets,Ready Now
E02785,2026,3.4,93.9,3.3,Medium,Meets,Ready 1-2 Years
E02786,2022,2.5,94.5,2.4,High,Partially Meets,Ready 1-2 Years
E02786,2023,3.0,86.0,3.1,High,Meets,Ready Now
E02786,2024,3.2,97.3,2.9,Medium,Meets,Ready 1-2 Years
E02786,2025,3.0,92.9,2.8,Medium,Meets,Ready 1-2 Years
E02786,2026,2.5,72.1,2.4,Medium,Meets,Not Ready
E02787,2024,3.4,87.2,3.2,High,Outstanding,Not Ready
E02787,2025,4.2,66.5,3.7,High,Partially Meets,Ready Now
E02787,2026,3.8,95.0,3.4,Medium,Meets,Not Ready
E02789,2022,4.1,86.5,4.0,Medium,Partially Meets,Ready Now
E02789,2023,4.6,91.3,4.6,Medium,Meets,Ready 1-2 Years
E02789,2024,4.8,104.7,5.0,Medium,Meets,Not Ready
E02789,2025,4.4,118.2,4.6,Medium,Meets,Ready Now
E02789,2026,4.4,79.8,4.5,Low,Partially Meets,Ready 1-2 Years
E02790,2022,3.6,91.9,4.0,Medium,Exceeds,Not Ready
E02790,2023,3.2,88.2,3.2,Medium,Meets,Not Ready
E02790,2024,3.8,76.1,3.9,High,Exceeds,Ready 1-2 Years
E02791,2025,2.1,68.4,2.6,Medium,Meets,Ready Now
E02791,2026,2.3,76.8,2.0,Medium,Exceeds,Ready Now
E02792,2024,2.7,77.3,3.1,Medium,Partially Meets,Ready Now
E02792,2025,2.8,86.1,3.3,Medium,Meets,Ready Now
E02792,2026,3.3,72.2,3.0,Low,Exceeds,Ready 1-2 Years
E02793,2022,3.0,72.5,3.1,High,Outstanding,Ready Now
E02793,2023,3.3,93.8,3.2,High,Meets,Not Ready
E02793,2024,3.2,84.3,3.2,Medium,Meets,Ready 1-2 Years
E02793,2025,2.7,67.2,2.6,Low,Exceeds,Ready 1-2 Years
E02793,2026,3.3,74.4,3.2,Low,Exceeds,Ready Now
E02794,2024,1.9,78.5,1.7,Medium,Partially Meets,Ready 1-2 Years
E02794,2025,2.0,87.3,1.8,Medium,Meets,Ready Now
E02794,2026,2.1,90.8,1.8,Medium,Outstanding,Ready 1-2 Years
E02795,2024,4.0,100.3,3.2,High,Meets,Ready 1-2 Years
E02795,2025,3.9,80.6,3.7,Medium,Exceeds,Ready Now
E02795,2026,4.4,83.3,4.5,Medium,Meets,Ready 1-2 Years
E02796,2024,4.1,87.0,4.5,High,Exceeds,Not Ready
E02796,2025,4.2,94.6,3.8,Medium,Partially Meets,Ready 1-2 Years
E02796,2026,3.8,114.0,4.1,Medium,Meets,Ready 1-2 Years
E02797,2025,3.5,107.0,4.0,Low,Outstanding,Not Ready
E02798,2022,2.6,83.1,2.8,High,Meets,Not Ready
E02798,2023,2.5,94.2,1.9,Medium,Exceeds,Not Ready
E02798,2024,2.3,96.2,2.1,Medium,Outstanding,Ready 1-2 Years
E02799,2022,3.3,89.7,3.7,Medium,Outstanding,Ready 1-2 Years
E02799,2023,2.9,95.8,3.0,Medium,Outstanding,Ready 1-2 Years
E02799,2024,2.7,76.2,2.8,Low,Exceeds,Ready 1-2 Years
E02799,2025,2.5,78.7,2.9,Medium,Meets,Ready Now
E02799,2026,3.8,96.4,4.0,Medium,Outstanding,Ready 1-2 Years
E02800,2024,3.7,88.7,3.6,Medium,Outstanding,Ready 1-2 Years
E02800,2025,3.6,105.3,3.6,Medium,Exceeds,Not Ready
E02800,2026,3.2,75.0,3.2,High,Partially Meets,Ready Now
E02801,2022,4.7,83.1,5.0,Low,Meets,Ready 1-2 Years
E02801,2023,5.0,81.5,5.0,High,Exceeds,Not Ready
E02801,2024,4.9,120.0,4.7,Medium,Meets,Not Ready
E02801,2025,4.7,97.3,4.7,High,Meets,Ready 1-2 Years
E02801,2026,5.0,112.1,5.0,Medium,Meets,Ready Now
E02802,2025,3.6,83.4,3.7,Medium,Outstanding,Ready Now
E02802,2026,3.8,67.7,4.1,High,Partially Meets,Ready 1-2 Years
E02803,2022,3.1,80.6,3.4,Medium,Exceeds,Ready 1-2 Years
E02803,2023,3.7,101.7,3.7,Low,Meets,Not Ready
E02803,2024,3.8,88.9,3.8,Medium,Meets,Ready Now
E02803,2025,3.5,85.6,3.8,Low,Partially Meets,Ready Now
E02803,2026,3.6,89.2,3.4,Medium,Meets,Ready 1-2 Years
E02805,2022,4.4,85.3,4.9,High,Outstanding,Not Ready
E02805,2023,4.6,73.9,5.0,High,Outstanding,Ready Now
E02805,2024,4.3,101.9,4.3,Medium,Outstanding,Ready 1-2 Years
E02805,2025,4.0,88.1,4.3,Low,Meets,Not Ready
E02805,2026,3.8,85.0,4.0,Low,Exceeds,Not Ready
E02806,2022,2.6,86.7,2.5,Low,Partially Meets,Ready 1-2 Years
E02806,2023,2.1,75.1,2.0,High,Outstanding,Ready 1-2 Years
E02806,2024,2.8,81.7,2.4,Medium,Outstanding,Not Ready
E02806,2025,2.8,68.7,2.7,Medium,Meets,Not Ready
E02806,2026,2.4,62.2,2.8,Medium,Exceeds,Ready Now
E02807,2024,4.3,101.8,4.3,High,Meets,Not Ready
E02807,2025,4.1,71.5,4.1,Medium,Meets,Ready 1-2 Years
E02807,2026,4.2,91.3,4.1,High,Partially Meets,Ready Now
E02808,2022,4.2,101.7,4.3,Medium,Outstanding,Ready 1-2 Years
E02808,2023,4.1,78.7,4.2,Medium,Meets,Ready 1-2 Years
E02808,2024,4.2,74.6,4.0,Medium,Meets,Ready 1-2 Years
E02808,2025,4.6,88.5,4.0,Medium,Partially Meets,Ready Now
E02808,2026,4.0,87.0,4.3,Medium,Meets,Ready 1-2 Years
E02809,2024,2.5,86.9,2.3,Medium,Exceeds,Ready 1-2 Years
E02809,2025,3.4,66.4,3.2,Medium,Meets,Not Ready
E02809,2026,3.1,90.1,3.2,Medium,Meets,Ready 1-2 Years
E02811,2024,3.4,97.2,4.2,Medium,Partially Meets,Not Ready
E02811,2025,2.8,81.3,3.0,Medium,Exceeds,Not Ready
E02811,2026,2.9,71.0,3.0,Medium,Outstanding,Ready Now
E02812,2022,3.6,91.8,3.7,Medium,Meets,Ready Now
E02812,2023,3.9,73.5,4.0,High,Meets,Ready Now
E02812,2024,4.1,102.7,4.2,Medium,Outstanding,Ready Now
E02813,2025,2.6,62.1,2.3,Low,Meets,Ready Now
E02813,2026,3.0,70.8,3.3,Low,Exceeds,Ready 1-2 Years
E02814,2026,4.0,91.7,4.2,Medium,Meets,Ready 1-2 Years
E02815,2026,3.1,85.1,2.7,Medium,Exceeds,Not Ready
E02816,2022,2.5,64.7,2.3,Medium,Outstanding,Not Ready
E02816,2023,2.5,91.0,2.7,Medium,Exceeds,Ready Now
E02816,2024,2.7,66.5,2.6,Medium,Partially Meets,Not Ready
E02816,2025,2.8,79.7,3.3,High,Exceeds,Ready Now
E02816,2026,3.0,83.1,3.2,Low,Meets,Not Ready
E02817,2022,4.0,76.8,4.4,Medium,Exceeds,Ready 1-2 Years
E02817,2023,3.3,78.7,2.9,High,Outstanding,Not Ready
E02817,2024,3.6,77.4,3.3,Medium,Meets,Ready 1-2 Years
E02817,2025,3.6,88.7,4.1,Medium,Partially Meets,Not Ready
E02817,2026,4.2,102.2,4.2,Medium,Exceeds,Not Ready
E02818,2023,1.8,55.5,1.8,Low,Meets,Ready Now
E02818,2024,2.5,77.1,2.2,Low,Meets,Ready 1-2 Years
E02818,2025,2.4,82.1,2.3,Medium,Exceeds,Not Ready
E02818,2026,3.1,92.7,2.8,Medium,Meets,Ready 1-2 Years
E02819,2022,3.3,87.7,3.7,Low,Exceeds,Not Ready
E02819,2023,3.9,69.3,4.2,Medium,Partially Meets,Not Ready
E02819,2024,3.7,92.5,3.7,Low,Outstanding,Ready 1-2 Years
E02819,2025,3.9,85.2,3.5,Medium,Meets,Ready 1-2 Years
E02819,2026,3.4,87.0,3.1,High,Partially Meets,Not Ready
E02820,2025,3.3,75.2,3.4,Medium,Partially Meets,Ready Now
E02821,2022,1.8,72.6,1.3,Low,Meets,Ready 1-2 Years
E02821,2023,1.6,85.2,1.2,Medium,Outstanding,Ready 1-2 Years
E02821,2024,1.7,77.8,1.6,Medium,Meets,Not Ready
E02821,2025,2.5,68.7,3.0,High,Exceeds,Ready 1-2 Years
E02821,2026,1.6,81.2,2.2,Medium,Partially Meets,Ready 1-2 Years
E02822,2022,3.7,96.0,3.9,Medium,Meets,Not Ready
E02822,2023,4.2,94.5,3.9,High,Meets,Not Ready
E02822,2024,3.5,106.5,3.9,High,Partially Meets,Ready 1-2 Years
E02822,2025,3.8,82.8,3.9,Medium,Exceeds,Ready 1-2 Years
E02822,2026,3.9,76.7,4.4,High,Meets,Not Ready
E02823,2024,2.4,80.3,1.8,Medium,Meets,Not Ready
E02823,2025,2.6,91.0,2.0,Low,Exceeds,Ready Now
E02823,2026,2.6,56.9,2.3,Medium,Partially Meets,Ready 1-2 Years
E02824,2025,5.0,84.0,4.5,Medium,Partially Meets,Ready Now
E02824,2026,4.3,80.7,4.4,Low,Meets,Not Ready
E02825,2022,3.0,80.3,3.2,Medium,Outstanding,Not Ready
E02825,2023,3.5,77.7,3.2,Medium,Meets,Not Ready
E02825,2024,3.8,94.1,3.6,Medium,Meets,Not Ready
E02825,2025,3.0,80.0,2.7,High,Exceeds,Ready 1-2 Years
E02825,2026,3.6,106.1,4.0,Medium,Outstanding,Ready 1-2 Years
E02826,2022,3.6,82.7,3.6,Low,Partially Meets,Not Ready
E02826,2023,3.7,96.6,3.9,Low,Outstanding,Not Ready
E02826,2024,3.4,88.0,3.5,Medium,Exceeds,Ready Now
E02826,2025,4.1,78.0,4.5,Medium,Meets,Not Ready
E02826,2026,4.0,97.6,3.7,Medium,Meets,Ready 1-2 Years
E02827,2022,4.3,91.0,4.1,Medium,Exceeds,Ready Now
E02827,2023,4.4,89.2,4.6,Medium,Meets,Ready Now
E02827,2024,4.6,83.4,4.7,Medium,Outstanding,Not Ready
E02827,2025,4.9,84.9,4.7,Medium,Meets,Ready 1-2 Years
E02827,2026,3.9,99.6,3.9,Medium,Partially Meets,Ready Now
E02828,2022,5.0,75.7,5.0,Low,Meets,Not Ready
E02828,2023,4.8,91.9,4.7,Medium,Partially Meets,Ready Now
E02828,2024,4.5,90.5,4.5,Medium,Partially Meets,Not Ready
E02828,2025,4.9,111.3,5.0,High,Exceeds,Ready 1-2 Years
E02828,2026,4.6,73.0,5.0,Medium,Meets,Not Ready
E02829,2022,2.4,82.8,2.2,Medium,Exceeds,Ready Now
E02829,2023,2.3,72.0,2.1,Medium,Outstanding,Ready Now
E02829,2024,2.2,71.8,2.5,Medium,Outstanding,Not Ready
E02829,2025,2.7,79.0,2.5,Medium,Partially Meets,Ready 1-2 Years
E02829,2026,2.2,75.2,2.0,Medium,Meets,Not Ready
E02831,2025,2.9,71.0,2.8,High,Partially Meets,Not Ready
E02831,2026,2.7,83.8,2.6,Medium,Meets,Ready Now
E02832,2023,2.0,73.5,1.9,Medium,Meets,Ready 1-2 Years
E02832,2024,2.0,73.3,2.3,Medium,Meets,Not Ready
E02832,2025,2.3,83.7,2.3,High,Meets,Ready 1-2 Years
E02832,2026,2.4,62.0,2.3,Medium,Meets,Ready Now
E02833,2026,4.0,88.6,3.9,Medium,Outstanding,Not Ready
E02834,2022,2.6,86.5,2.7,Low,Partially Meets,Ready Now
E02834,2023,3.1,83.6,3.4,High,Partially Meets,Ready 1-2 Years
E02834,2024,3.6,74.3,3.6,Medium,Outstanding,Ready 1-2 Years
E02834,2025,2.7,86.6,3.2,Medium,Partially Meets,Ready 1-2 Years
E02834,2026,3.0,77.1,3.1,Medium,Meets,Ready 1-2 Years
E02836,2022,3.2,76.5,2.8,Low,Meets,Ready Now
E02836,2023,3.2,78.4,3.1,Medium,Meets,Ready Now
E02836,2024,3.9,94.9,4.0,Medium,Meets,Ready Now
E02836,2025,3.5,109.3,3.3,Medium,Exceeds,Ready Now
E02836,2026,3.3,84.1,2.9,Medium,Exceeds,Not Ready
E02837,2024,3.0,90.9,3.1,High,Partially Meets,Ready 1-2 Years
E02837,2025,2.9,87.5,2.5,Medium,Partially Meets,Ready Now
E02837,2026,3.4,78.9,3.8,Medium,Meets,Ready Now
E02838,2022,3.4,97.7,2.7,Low,Meets,Ready 1-2 Years
E02838,2023,3.0,88.0,2.9,Low,Meets,Ready 1-2 Years
E02838,2024,2.4,68.6,2.0,Low,Meets,Ready 1-2 Years
E02838,2025,3.9,104.4,3.9,High,Meets,Ready 1-2 Years
E02838,2026,3.4,67.5,3.6,Medium,Meets,Ready Now
E02839,2024,3.9,105.4,3.7,High,Outstanding,Ready 1-2 Years
E02839,2025,4.6,107.0,4.4,High,Meets,Ready 1-2 Years
E02839,2026,2.9,81.7,3.1,Low,Meets,Ready 1-2 Years
E02840,2023,3.4,103.7,3.9,Medium,Exceeds,Not Ready
E02840,2024,3.0,65.5,3.1,High,Outstanding,Ready Now
E02840,2025,3.4,89.6,3.9,Medium,Partially Meets,Not Ready
E02840,2026,3.9,96.5,4.0,Medium,Meets,Not Ready
E02841,2024,2.5,87.6,2.9,Medium,Partially Meets,Ready Now
E02841,2025,2.1,76.8,2.3,Medium,Exceeds,Ready 1-2 Years
E02841,2026,2.7,77.1,2.7,Low,Outstanding,Ready Now
E02842,2023,3.4,76.5,3.4,High,Outstanding,Not Ready
E02842,2024,3.5,94.5,3.9,Low,Meets,Ready Now
E02842,2025,3.8,87.6,3.8,Low,Outstanding,Ready Now
E02842,2026,3.9,89.8,3.9,Medium,Meets,Ready 1-2 Years
E02843,2025,2.7,85.2,2.4,Medium,Partially Meets,Ready Now
E02843,2026,2.5,75.0,2.7,High,Exceeds,Ready 1-2 Years
E02844,2022,3.7,78.8,3.9,High,Outstanding,Not Ready
E02844,2023,4.1,95.4,4.0,Low,Outstanding,Ready 1-2 Years
E02844,2024,3.9,82.3,3.3,Medium,Outstanding,Ready 1-2 Years
E02845,2022,3.1,81.6,2.3,High,Outstanding,Not Ready
E02845,2023,2.3,97.5,2.0,Medium,Meets,Not Ready
E02845,2024,3.5,94.5,3.5,High,Meets,Ready Now
E02845,2025,2.9,72.6,3.0,Low,Meets,Ready 1-2 Years
E02845,2026,2.9,86.1,3.4,Medium,Meets,Not Ready
E02846,2022,3.5,74.1,3.1,Medium,Meets,Ready 1-2 Years
E02846,2023,4.1,101.7,4.3,High,Partially Meets,Ready Now
E02847,2023,2.3,73.9,2.2,High,Meets,Not Ready
E02847,2024,2.7,74.5,3.4,Medium,Meets,Not Ready
E02847,2025,2.7,74.6,3.0,Medium,Outstanding,Ready Now
E02847,2026,2.9,70.1,2.9,Medium,Partially Meets,Ready 1-2 Years
E02848,2022,4.1,89.8,3.9,Medium,Outstanding,Not Ready
E02848,2023,3.7,82.6,4.1,High,Meets,Ready Now
E02848,2024,2.1,85.1,2.4,Low,Outstanding,Ready Now
E02848,2025,3.4,95.2,3.1,High,Exceeds,Not Ready
E02848,2026,3.1,88.7,2.9,Medium,Outstanding,Ready Now
E02849,2022,3.7,84.5,3.6,Medium,Exceeds,Not Ready
E02849,2023,3.5,99.2,3.2,Medium,Outstanding,Ready Now
E02849,2024,3.3,107.4,2.5,Medium,Meets,Not Ready
E02849,2025,3.1,76.6,3.1,Low,Outstanding,Ready Now
E02849,2026,3.7,80.2,4.3,High,Partially Meets,Not Ready
E02850,2025,4.6,95.6,5.0,Medium,Outstanding,Not Ready
E02850,2026,4.6,90.5,4.4,Medium,Outstanding,Ready 1-2 Years
E02851,2022,2.8,84.6,2.8,Low,Meets,Not Ready
E02851,2023,2.5,88.2,3.1,Medium,Meets,Not Ready
E02851,2024,2.5,74.7,2.5,High,Exceeds,Not Ready
E02851,2025,1.9,60.5,1.8,Low,Outstanding,Ready 1-2 Years
E02851,2026,1.7,74.4,1.8,Medium,Partially Meets,Ready 1-2 Years
E02852,2022,3.3,79.3,3.2,Medium,Outstanding,Not Ready
E02852,2023,4.2,85.2,4.4,High,Meets,Ready Now
E02852,2024,4.0,79.2,4.7,Medium,Meets,Ready Now
E02852,2025,4.1,120.0,4.0,High,Partially Meets,Not Ready
E02852,2026,3.0,82.8,2.9,Medium,Outstanding,Ready Now
E02853,2022,4.2,95.2,4.3,Medium,Outstanding,Ready 1-2 Years
E02853,2023,4.1,79.9,3.7,Low,Meets,Ready 1-2 Years
E02853,2024,3.9,99.7,3.6,Low,Partially Meets,Ready Now
E02853,2025,3.6,86.8,3.2,Medium,Meets,Ready 1-2 Years
E02853,2026,3.9,103.0,4.3,Medium,Meets,Ready 1-2 Years
E02854,2024,2.9,77.6,3.1,Low,Outstanding,Ready 1-2 Years
E02854,2025,2.5,96.5,2.4,High,Exceeds,Ready Now
E02854,2026,3.0,85.4,3.3,Low,Outstanding,Ready Now
E02855,2022,3.2,89.4,3.2,High,Exceeds,Not Ready
E02855,2023,3.3,99.0,3.3,Medium,Partially Meets,Ready Now
E02855,2024,3.8,95.6,3.8,Medium,Exceeds,Ready Now
E02855,2025,3.6,77.5,3.7,Low,Meets,Not Ready
E02855,2026,3.9,80.8,3.9,Medium,Exceeds,Not Ready
E02856,2022,3.5,95.8,3.4,Medium,Exceeds,Ready Now
E02856,2023,3.4,96.4,3.4,Medium,Meets,Ready Now
E02856,2024,3.1,74.2,3.3,Low,Meets,Ready Now
E02856,2025,2.8,65.2,3.1,Medium,Outstanding,Not Ready
E02856,2026,3.2,81.6,3.4,Medium,Meets,Not Ready
E02859,2022,2.8,83.0,3.0,Medium,Outstanding,Ready 1-2 Years
E02859,2023,3.0,78.0,2.9,Low,Outstanding,Ready Now
E02859,2024,2.9,85.7,2.5,Medium,Outstanding,Not Ready
E02859,2025,3.2,74.6,3.0,Medium,Exceeds,Ready Now
E02859,2026,2.5,79.7,2.6,Medium,Meets,Not Ready
E02860,2024,3.0,94.3,2.7,Low,Partially Meets,Not Ready
E02860,2025,2.4,83.2,2.2,Medium,Meets,Ready 1-2 Years
E02860,2026,2.6,79.1,2.8,Medium,Meets,Not Ready
E02861,2022,2.9,71.5,3.2,Medium,Meets,Ready Now
E02861,2023,3.5,77.2,3.5,Medium,Exceeds,Ready Now
E02861,2024,3.3,72.4,3.3,Low,Partially Meets,Not Ready
E02861,2025,2.5,84.1,2.4,Medium,Meets,Ready Now
E02861,2026,2.8,78.0,2.9,High,Exceeds,Ready Now
E02862,2024,3.2,75.5,3.0,Low,Exceeds,Not Ready
E02862,2025,2.6,86.9,3.0,Low,Partially Meets,Ready 1-2 Years
E02862,2026,3.6,84.9,3.6,Medium,Meets,Ready 1-2 Years
E02863,2024,4.9,109.4,4.8,Low,Exceeds,Not Ready
E02863,2025,4.1,71.5,4.3,Medium,Outstanding,Ready Now
E02863,2026,3.8,73.5,3.7,Medium,Meets,Not Ready
E02864,2022,2.7,73.1,2.9,High,Partially Meets,Ready Now
E02864,2023,3.1,96.9,3.2,High,Outstanding,Ready Now
E02864,2024,3.2,80.1,3.5,High,Partially Meets,Ready 1-2 Years
E02864,2025,2.7,75.5,2.8,Low,Meets,Ready 1-2 Years
E02864,2026,3.6,61.2,3.9,Medium,Exceeds,Ready Now
E02865,2025,2.8,77.8,2.7,High,Partially Meets,Ready Now
E02865,2026,3.2,69.2,3.1,Medium,Outstanding,Ready Now
E02866,2023,4.2,87.2,3.5,Medium,Partially Meets,Ready 1-2 Years
E02866,2024,3.3,75.4,2.9,Medium,Partially Meets,Not Ready
E02866,2025,3.2,65.2,3.1,Low,Meets,Ready Now
E02866,2026,4.1,94.8,3.8,Medium,Exceeds,Ready 1-2 Years
E02867,2022,2.5,77.2,2.6,Medium,Exceeds,Ready 1-2 Years
E02868,2024,3.0,77.4,2.9,Low,Exceeds,Not Ready
E02868,2025,3.0,100.3,2.7,Medium,Partially Meets,Not Ready
E02868,2026,3.4,79.6,3.0,High,Meets,Ready 1-2 Years
E02869,2025,4.3,87.6,4.7,Low,Meets,Ready 1-2 Years
E02869,2026,3.4,93.2,3.5,Medium,Exceeds,Ready Now
E02870,2022,3.3,91.8,2.9,Low,Outstanding,Ready Now
E02870,2023,4.3,79.7,4.8,Medium,Exceeds,Not Ready
E02870,2024,4.0,80.6,4.1,High,Partially Meets,Ready 1-2 Years
E02870,2025,4.4,81.0,4.4,Medium,Exceeds,Ready 1-2 Years
E02870,2026,3.2,82.3,3.2,High,Exceeds,Ready Now
E02871,2022,4.4,97.9,4.5,Medium,Exceeds,Ready Now
E02871,2023,4.3,99.0,3.9,High,Meets,Ready Now
E02871,2024,3.5,80.9,3.4,Medium,Meets,Not Ready
E02871,2025,3.3,91.8,3.2,High,Outstanding,Ready Now
E02871,2026,4.2,78.1,3.8,Low,Outstanding,Ready Now
E02872,2024,4.6,91.7,4.4,Medium,Meets,Ready Now
E02872,2025,4.1,96.5,4.1,Medium,Partially Meets,Ready Now
E02872,2026,4.0,82.9,4.0,Medium,Meets,Ready Now
E02873,2022,2.6,64.4,2.7,Medium,Outstanding,Ready 1-2 Years
E02873,2023,3.0,69.7,3.3,Medium,Outstanding,Ready 1-2 Years
E02873,2024,2.5,88.2,2.3,Medium,Partially Meets,Not Ready
E02873,2025,2.5,91.0,2.9,Medium,Partially Meets,Ready Now
E02873,2026,3.0,73.8,3.0,Medium,Exceeds,Ready 1-2 Years
E02874,2024,3.3,79.0,2.9,Low,Exceeds,Not Ready
E02874,2025,3.0,102.4,2.6,Low,Exceeds,Ready 1-2 Years
E02874,2026,3.4,83.0,2.6,Medium,Partially Meets,Ready 1-2 Years
E02875,2022,2.2,80.9,2.6,Medium,Partially Meets,Ready 1-2 Years
E02875,2023,2.4,86.8,3.0,Medium,Exceeds,Ready 1-2 Years
E02875,2024,2.8,91.3,3.2,Medium,Meets,Ready Now
E02875,2025,2.9,94.8,3.1,Medium,Outstanding,Ready Now
E02875,2026,2.1,57.0,2.3,Low,Meets,Ready Now
E02876,2026,3.2,88.1,3.4,Medium,Meets,Ready 1-2 Years
E02877,2026,2.9,77.2,3.2,Medium,Meets,Ready Now
E02878,2026,3.3,90.7,3.1,Medium,Exceeds,Not Ready
E02879,2022,3.1,88.2,2.8,Medium,Meets,Ready Now
E02879,2023,3.3,78.6,3.2,Medium,Partially Meets,Not Ready
E02879,2024,3.0,77.7,3.2,Low,Meets,Not Ready
E02879,2025,3.2,89.9,3.1,Medium,Outstanding,Not Ready
E02879,2026,3.1,80.4,3.0,Medium,Meets,Ready Now
E02881,2023,3.8,86.4,4.1,High,Meets,Ready 1-2 Years
E02881,2024,3.0,70.6,3.4,Low,Partially Meets,Ready Now
E02881,2025,3.0,89.5,3.0,Medium,Exceeds,Not Ready
E02881,2026,3.6,66.5,3.5,Medium,Exceeds,Ready 1-2 Years
E02882,2022,3.2,85.8,3.2,Medium,Partially Meets,Ready 1-2 Years
E02882,2023,2.6,95.9,2.4,High,Meets,Ready Now
E02882,2024,3.4,92.4,3.4,Medium,Meets,Ready Now
E02882,2025,3.2,86.4,2.4,Medium,Meets,Not Ready
E02882,2026,2.9,70.3,3.1,Medium,Meets,Ready Now
E02883,2026,2.9,68.8,2.6,Medium,Meets,Not Ready
E02884,2022,3.6,59.7,3.4,Medium,Partially Meets,Ready Now
E02884,2023,2.8,83.1,2.6,Medium,Meets,Not Ready
E02884,2024,3.0,79.0,3.0,High,Meets,Ready Now
E02884,2025,3.9,80.9,4.0,Medium,Exceeds,Ready 1-2 Years
E02884,2026,3.8,84.6,4.2,High,Partially Meets,Not Ready
E02885,2025,3.4,93.1,3.7,Medium,Meets,Ready Now
E02885,2026,3.6,74.6,3.5,Medium,Meets,Ready Now
E02886,2025,3.1,63.2,3.6,Low,Meets,Ready 1-2 Years
E02886,2026,3.3,89.2,3.4,High,Meets,Ready 1-2 Years
E02887,2024,3.5,79.9,3.8,Medium,Exceeds,Ready 1-2 Years
E02887,2025,4.3,83.4,4.1,Medium,Meets,Ready Now
E02887,2026,4.0,83.6,4.4,Medium,Outstanding,Ready 1-2 Years
E02888,2022,4.7,79.0,4.8,Medium,Outstanding,Ready Now
E02888,2023,5.0,101.7,5.0,Low,Partially Meets,Ready 1-2 Years
E02888,2024,5.0,96.3,4.8,Medium,Exceeds,Ready Now
E02889,2022,4.6,106.4,4.8,High,Exceeds,Ready Now
E02889,2023,4.0,82.4,3.6,Medium,Exceeds,Ready 1-2 Years
E02889,2024,4.2,98.8,3.8,Medium,Exceeds,Ready Now
E02889,2025,4.5,103.5,4.2,Medium,Partially Meets,Ready 1-2 Years
E02889,2026,4.7,95.7,4.7,Medium,Exceeds,Ready Now
E02890,2024,3.7,97.3,3.4,Medium,Outstanding,Ready 1-2 Years
E02890,2025,3.4,75.0,3.3,Medium,Partially Meets,Ready Now
E02890,2026,3.4,90.6,3.4,Low,Partially Meets,Ready Now
E02892,2022,2.9,81.8,2.7,High,Outstanding,Not Ready
E02892,2023,2.7,77.7,3.0,Medium,Exceeds,Ready Now
E02892,2024,2.9,86.6,3.2,Medium,Exceeds,Ready Now
E02892,2025,3.0,100.7,3.5,Medium,Meets,Not Ready
E02892,2026,2.8,96.5,2.5,Low,Exceeds,Ready 1-2 Years
E02893,2026,2.9,71.9,2.5,Low,Partially Meets,Ready Now
E02894,2026,3.4,78.9,3.2,Medium,Meets,Ready 1-2 Years
E02895,2022,3.6,81.1,3.2,Low,Outstanding,Ready Now
E02895,2023,3.4,87.3,3.2,Low,Partially Meets,Ready Now
E02895,2024,3.3,80.8,3.2,High,Outstanding,Not Ready
E02895,2025,3.6,90.9,3.5,High,Partially Meets,Ready 1-2 Years
E02895,2026,3.2,85.6,3.6,Medium,Outstanding,Ready 1-2 Years
E02896,2022,1.7,79.6,1.9,Low,Exceeds,Ready 1-2 Years
E02896,2023,1.6,73.4,1.9,Low,Outstanding,Not Ready
E02896,2024,2.6,93.0,2.5,Medium,Exceeds,Ready Now
E02896,2025,2.3,77.2,2.1,Medium,Meets,Ready Now
E02896,2026,2.6,75.6,2.4,Medium,Exceeds,Not Ready
E02897,2022,3.9,88.6,4.0,High,Exceeds,Not Ready
E02897,2023,4.7,112.1,5.0,Low,Meets,Ready 1-2 Years
E02897,2024,3.1,81.6,2.6,Low,Exceeds,Ready Now
E02897,2025,3.5,81.5,3.2,Medium,Meets,Ready 1-2 Years
E02897,2026,4.2,104.9,4.0,Medium,Exceeds,Ready 1-2 Years
E02898,2023,3.3,85.1,3.2,High,Meets,Ready Now
E02898,2024,4.4,89.4,4.6,Medium,Outstanding,Not Ready
E02898,2025,4.1,86.2,4.3,Medium,Partially Meets,Ready 1-2 Years
E02898,2026,3.8,100.8,3.4,Medium,Partially Meets,Ready Now
E02899,2023,3.5,78.2,3.4,Low,Meets,Ready Now
E02899,2024,3.4,90.9,3.3,Medium,Meets,Ready Now
E02899,2025,3.1,74.5,3.0,Medium,Meets,Not Ready
E02899,2026,2.7,79.0,2.6,Medium,Outstanding,Ready 1-2 Years
E02900,2022,2.8,76.6,3.2,Low,Meets,Ready Now
E02900,2023,2.6,81.6,3.2,Low,Meets,Ready 1-2 Years
E02900,2024,2.5,80.6,1.9,Low,Meets,Ready Now
E02900,2025,3.0,92.6,3.2,High,Exceeds,Ready Now
E02900,2026,2.5,83.9,2.7,Medium,Meets,Ready Now
E02901,2023,4.0,69.2,3.8,Low,Meets,Ready 1-2 Years
E02901,2024,4.1,98.7,4.6,Medium,Partially Meets,Ready 1-2 Years
E02901,2025,2.6,77.9,2.8,High,Meets,Ready 1-2 Years
E02901,2026,3.9,93.9,3.9,High,Meets,Ready Now
E02902,2022,3.2,97.7,3.3,Medium,Outstanding,Ready Now
E02902,2023,3.0,85.8,3.2,Medium,Outstanding,Ready Now
E02902,2024,4.0,90.1,3.7,Medium,Meets,Not Ready
E02902,2025,3.3,80.9,3.7,Medium,Outstanding,Ready 1-2 Years
E02902,2026,4.1,91.2,4.1,Medium,Meets,Not Ready
E02903,2022,3.0,83.7,3.0,High,Outstanding,Ready Now
E02903,2023,1.9,72.3,2.4,Medium,Exceeds,Ready Now
E02903,2024,2.3,85.6,2.3,Medium,Exceeds,Ready 1-2 Years
E02903,2025,3.0,81.5,3.6,Medium,Outstanding,Not Ready
E02903,2026,2.7,76.6,2.5,High,Partially Meets,Ready Now
E02904,2022,3.9,100.2,3.9,Medium,Outstanding,Ready 1-2 Years
E02904,2023,4.5,89.6,5.0,Low,Meets,Not Ready
E02904,2024,3.3,72.2,3.6,Medium,Exceeds,Ready 1-2 Years
E02904,2025,4.0,86.5,4.2,Medium,Exceeds,Not Ready
E02904,2026,4.0,84.7,4.1,Low,Exceeds,Ready 1-2 Years
E02905,2022,4.4,78.2,4.8,Medium,Meets,Ready 1-2 Years
E02905,2023,3.7,79.6,3.8,Low,Outstanding,Ready 1-2 Years
E02905,2024,3.9,87.4,4.3,Medium,Partially Meets,Not Ready
E02905,2025,3.4,90.3,3.0,Medium,Partially Meets,Ready Now
E02905,2026,3.9,91.4,3.6,Medium,Partially Meets,Ready Now
E02906,2022,2.8,83.2,2.5,Medium,Meets,Ready Now
E02906,2023,3.0,88.1,3.2,High,Outstanding,Not Ready
E02906,2024,2.7,82.1,2.6,Medium,Meets,Ready 1-2 Years
E02906,2025,3.0,99.6,2.9,Medium,Meets,Ready Now
E02906,2026,2.8,62.1,2.8,Medium,Partially Meets,Ready Now
E02907,2023,2.4,71.8,2.7,Low,Outstanding,Not Ready
E02907,2024,2.3,54.8,2.1,Low,Meets,Ready 1-2 Years
E02907,2025,2.4,67.8,2.6,High,Outstanding,Not Ready
E02907,2026,2.8,88.2,2.7,High,Meets,Not Ready
E02908,2023,2.5,80.2,2.9,High,Meets,Not Ready
E02908,2024,2.1,69.1,2.4,Medium,Partially Meets,Not Ready
E02908,2025,1.9,65.1,2.1,High,Exceeds,Not Ready
E02908,2026,2.6,99.3,2.4,High,Meets,Not Ready
E02909,2022,3.2,97.9,2.6,Medium,Outstanding,Not Ready
E02909,2023,3.6,109.3,3.5,Medium,Meets,Ready 1-2 Years
E02909,2024,3.6,93.5,3.5,Medium,Exceeds,Not Ready
E02910,2022,4.0,93.3,4.0,High,Meets,Ready Now
E02910,2023,4.4,98.2,4.4,Medium,Meets,Ready Now
E02910,2024,3.9,81.3,3.9,Medium,Partially Meets,Ready Now
E02910,2025,3.9,71.4,4.5,Medium,Meets,Not Ready
E02910,2026,3.8,94.5,3.0,High,Exceeds,Ready 1-2 Years
E02911,2022,3.2,81.1,3.0,Medium,Meets,Ready Now
E02911,2023,3.1,90.7,2.5,Medium,Partially Meets,Ready 1-2 Years
E02911,2024,3.1,77.5,3.1,High,Exceeds,Ready 1-2 Years
E02911,2025,2.1,69.5,2.4,Medium,Partially Meets,Ready 1-2 Years
E02911,2026,2.5,85.7,3.0,Low,Outstanding,Ready Now
E02912,2026,3.8,97.8,3.7,Medium,Partially Meets,Not Ready
E02913,2024,4.0,91.4,3.8,Medium,Meets,Ready Now
E02913,2025,3.9,83.5,4.2,Low,Partially Meets,Ready Now
E02913,2026,3.3,58.6,3.3,Low,Meets,Ready 1-2 Years
E02914,2025,4.6,99.7,4.7,Low,Meets,Ready 1-2 Years
E02914,2026,3.9,99.0,3.9,Medium,Exceeds,Ready Now
E02915,2025,3.9,81.3,4.3,High,Partially Meets,Not Ready
E02915,2026,4.8,98.0,4.9,Medium,Outstanding,Ready Now
E02916,2023,3.3,88.8,3.6,Medium,Exceeds,Ready 1-2 Years
E02916,2024,2.9,89.2,3.1,Medium,Meets,Not Ready
E02916,2025,3.3,91.9,3.2,Low,Meets,Not Ready
E02916,2026,3.1,73.0,3.6,Medium,Meets,Ready 1-2 Years
E02917,2023,2.2,77.1,2.0,High,Exceeds,Ready 1-2 Years
E02917,2024,2.2,93.6,2.3,Low,Meets,Not Ready
E02917,2025,2.2,71.7,1.9,Medium,Meets,Ready Now
E02917,2026,2.6,82.9,3.0,Medium,Meets,Ready Now
E02918,2022,2.3,66.4,2.1,Medium,Outstanding,Ready Now
E02920,2025,3.6,77.5,3.8,Medium,Meets,Ready Now
E02920,2026,4.1,79.5,4.2,Medium,Exceeds,Ready 1-2 Years
E02921,2025,2.8,73.5,3.0,Medium,Outstanding,Ready 1-2 Years
E02921,2026,2.8,109.0,2.9,Medium,Outstanding,Ready 1-2 Years
E02922,2023,3.2,71.2,3.5,Medium,Meets,Not Ready
E02922,2024,3.2,99.2,3.6,High,Exceeds,Ready Now
E02922,2025,3.8,67.2,4.3,Medium,Outstanding,Ready Now
E02922,2026,4.2,86.3,4.3,High,Meets,Not Ready
E02923,2022,3.3,98.7,3.1,Medium,Meets,Ready Now
E02923,2023,4.3,91.0,4.4,Medium,Partially Meets,Ready Now
E02923,2024,4.2,97.6,4.6,Medium,Meets,Ready Now
E02923,2025,3.4,97.5,3.5,Medium,Partially Meets,Ready Now
E02923,2026,4.4,81.0,4.6,Medium,Outstanding,Not Ready
E02924,2024,3.6,89.5,3.5,Medium,Meets,Ready Now
E02924,2025,2.8,90.8,2.9,Medium,Meets,Ready 1-2 Years
E02924,2026,3.5,91.2,4.3,Medium,Outstanding,Ready Now
E02925,2022,4.6,86.7,4.6,Medium,Exceeds,Not Ready
E02925,2023,4.1,76.1,4.2,Medium,Meets,Ready 1-2 Years
E02925,2024,4.7,87.1,4.5,Low,Partially Meets,Ready 1-2 Years
E02925,2025,4.4,92.5,3.8,High,Exceeds,Ready Now
E02925,2026,4.4,93.9,4.2,Medium,Outstanding,Ready 1-2 Years
E02926,2022,2.1,71.3,1.4,Medium,Partially Meets,Ready Now
E02926,2023,2.1,69.3,2.3,Medium,Outstanding,Ready 1-2 Years
E02926,2024,2.5,80.7,2.6,Low,Partially Meets,Not Ready
E02926,2025,2.4,83.5,2.8,Medium,Partially Meets,Ready Now
E02926,2026,1.9,54.5,1.6,High,Exceeds,Ready Now
E02927,2022,3.4,78.1,3.4,Medium,Meets,Not Ready
E02927,2023,3.4,83.8,3.2,Medium,Meets,Not Ready
E02927,2024,2.9,68.7,2.5,Medium,Meets,Ready 1-2 Years
E02928,2022,2.5,94.4,2.4,Low,Exceeds,Not Ready
E02928,2023,2.8,69.7,2.6,Medium,Meets,Ready 1-2 Years
E02928,2024,2.8,83.2,3.4,Low,Partially Meets,Ready 1-2 Years
E02928,2025,3.0,76.8,2.8,Medium,Exceeds,Ready 1-2 Years
E02928,2026,2.4,78.6,2.6,Low,Exceeds,Ready Now
E02929,2026,4.0,88.9,3.9,Low,Partially Meets,Ready 1-2 Years
E02930,2023,3.4,91.4,3.4,Medium,Partially Meets,Not Ready
E02930,2024,3.7,80.0,3.6,Low,Meets,Not Ready
E02930,2025,3.8,80.7,3.9,Medium,Outstanding,Ready Now
E02930,2026,3.2,101.8,3.0,Medium,Partially Meets,Not Ready
E02931,2024,2.0,60.9,1.4,Medium,Partially Meets,Ready Now
E02931,2025,3.3,98.7,2.8,Medium,Meets,Ready Now
E02931,2026,2.4,66.6,2.3,Medium,Exceeds,Ready Now
E02932,2026,1.6,63.5,1.2,Medium,Partially Meets,Ready 1-2 Years
E02933,2022,3.1,94.3,2.7,High,Meets,Ready Now
E02933,2023,2.9,94.4,3.1,High,Exceeds,Not Ready
E02933,2024,3.1,75.9,3.0,Medium,Meets,Ready Now
E02933,2025,3.9,72.8,4.2,Medium,Exceeds,Ready Now
E02933,2026,3.8,84.7,3.7,Medium,Exceeds,Ready 1-2 Years
E02934,2022,2.7,87.0,2.6,Medium,Exceeds,Not Ready
E02934,2023,3.5,86.9,3.9,Medium,Meets,Not Ready
E02934,2024,3.4,74.9,3.6,Medium,Outstanding,Ready 1-2 Years
E02934,2025,2.9,78.2,2.4,Medium,Exceeds,Ready 1-2 Years
E02934,2026,2.8,62.4,3.1,Medium,Outstanding,Ready Now
E02935,2022,3.9,82.1,4.2,Medium,Exceeds,Not Ready
E02935,2023,3.2,90.3,3.0,Low,Partially Meets,Ready 1-2 Years
E02935,2024,3.1,61.6,2.8,High,Partially Meets,Ready 1-2 Years
E02935,2025,3.0,79.0,3.5,Low,Outstanding,Not Ready
E02935,2026,3.1,65.0,2.9,Medium,Meets,Ready 1-2 Years
E02936,2022,2.4,86.3,2.5,Medium,Meets,Ready Now
E02936,2023,2.2,87.7,1.7,Medium,Exceeds,Not Ready
E02936,2024,2.5,94.2,2.6,Medium,Partially Meets,Ready Now
E02936,2025,1.7,67.8,1.8,Low,Outstanding,Ready Now
E02936,2026,2.6,89.6,2.7,Medium,Exceeds,Ready Now
E02937,2022,3.1,85.7,3.1,Medium,Partially Meets,Ready Now
E02937,2023,3.0,83.7,2.9,Medium,Outstanding,Not Ready
E02937,2024,3.0,74.9,3.1,Low,Outstanding,Not Ready
E02937,2025,3.0,84.3,2.6,Medium,Meets,Ready Now
E02937,2026,3.4,75.1,3.5,Medium,Outstanding,Not Ready
E02938,2023,3.6,92.4,3.4,Medium,Partially Meets,Ready 1-2 Years
E02938,2024,4.0,87.0,3.8,Medium,Outstanding,Not Ready
E02938,2025,3.2,98.6,3.3,Low,Exceeds,Ready 1-2 Years
E02938,2026,3.3,89.8,3.2,Low,Outstanding,Not Ready
E02939,2025,3.5,79.7,2.8,High,Exceeds,Ready 1-2 Years
E02939,2026,3.7,90.1,4.1,Medium,Outstanding,Ready 1-2 Years
E02940,2022,3.6,86.9,3.7,Low,Exceeds,Ready 1-2 Years
E02940,2023,3.6,95.7,3.7,Low,Outstanding,Ready Now
E02940,2024,3.1,86.2,3.0,Medium,Meets,Not Ready
E02940,2025,3.9,92.1,3.1,Low,Outstanding,Ready 1-2 Years
E02940,2026,4.0,82.7,3.7,Medium,Meets,Ready 1-2 Years
E02941,2024,3.0,63.8,2.7,Low,Exceeds,Ready Now
E02941,2025,2.8,78.7,3.2,High,Meets,Ready 1-2 Years
E02941,2026,2.1,69.4,2.2,Medium,Partially Meets,Ready Now
E02942,2022,2.9,86.4,3.3,Low,Meets,Not Ready
E02942,2023,2.6,63.2,2.3,Low,Exceeds,Ready 1-2 Years
E02942,2024,2.9,88.4,2.9,Low,Exceeds,Ready 1-2 Years
E02942,2025,2.9,74.0,2.8,Low,Outstanding,Ready Now
E02942,2026,2.6,84.4,2.7,Medium,Meets,Ready Now
E02943,2024,3.8,70.1,3.3,Low,Partially Meets,Not Ready
E02943,2025,4.2,88.2,4.5,Medium,Meets,Ready Now
E02943,2026,4.1,94.7,4.0,Medium,Partially Meets,Not Ready
E02944,2022,3.2,87.0,3.2,Low,Outstanding,Ready Now
E02944,2023,3.7,87.5,3.7,Medium,Exceeds,Ready 1-2 Years
E02944,2024,3.4,77.1,3.2,High,Meets,Ready 1-2 Years
E02944,2025,4.0,95.8,4.0,Low,Outstanding,Ready Now
E02944,2026,3.2,82.5,2.7,Medium,Exceeds,Ready Now
E02945,2023,3.0,89.9,2.8,Medium,Partially Meets,Ready 1-2 Years
E02945,2024,4.0,94.0,4.7,Low,Partially Meets,Not Ready
E02945,2025,3.4,90.9,3.6,Medium,Meets,Ready Now
E02945,2026,2.7,85.1,2.6,Medium,Outstanding,Ready 1-2 Years
E02946,2022,3.8,71.1,3.9,Low,Outstanding,Ready 1-2 Years
E02946,2023,4.2,101.0,4.1,Low,Meets,Ready 1-2 Years
E02946,2024,3.7,89.4,3.7,Low,Meets,Ready Now
E02946,2025,3.4,87.6,3.7,Medium,Meets,Ready Now
E02946,2026,3.6,83.3,4.5,Medium,Exceeds,Ready 1-2 Years
E02947,2022,4.1,83.1,4.4,High,Partially Meets,Ready 1-2 Years
E02947,2023,4.0,94.8,4.0,Low,Partially Meets,Not Ready
E02947,2024,4.2,95.6,3.9,High,Outstanding,Not Ready
E02947,2025,4.8,89.8,4.6,Medium,Exceeds,Ready Now
E02947,2026,4.4,94.9,4.4,Low,Exceeds,Not Ready
E02948,2023,4.6,120.0,5.0,High,Meets,Not Ready
E02948,2024,4.4,102.2,4.4,Medium,Outstanding,Ready Now
E02948,2025,4.2,97.5,4.1,Low,Meets,Ready 1-2 Years
E02948,2026,3.9,95.3,3.5,Medium,Meets,Ready Now
E02949,2026,3.5,88.8,3.7,Low,Partially Meets,Ready Now
E02950,2024,4.2,79.3,3.9,Medium,Outstanding,Not Ready
E02950,2025,4.3,81.3,4.3,Low,Outstanding,Ready Now
E02950,2026,4.6,82.9,4.3,Medium,Meets,Ready Now
E02951,2022,2.8,79.4,2.1,Medium,Meets,Ready 1-2 Years
E02951,2023,3.2,80.7,3.4,Medium,Partially Meets,Ready Now
E02951,2024,2.4,79.9,2.4,Medium,Exceeds,Not Ready
E02951,2025,3.0,90.0,3.4,Low,Partially Meets,Ready 1-2 Years
E02951,2026,2.6,70.4,2.2,Medium,Meets,Ready Now
E02952,2024,4.5,109.9,4.7,Medium,Partially Meets,Not Ready
E02952,2025,4.3,77.2,4.1,Medium,Exceeds,Not Ready
E02952,2026,3.7,93.7,3.6,Medium,Exceeds,Ready Now
E02953,2023,3.7,91.1,3.7,Medium,Outstanding,Ready 1-2 Years
E02953,2024,3.4,79.2,2.9,Medium,Meets,Not Ready
E02953,2025,3.1,95.3,3.4,High,Outstanding,Ready 1-2 Years
E02953,2026,3.6,97.7,3.7,Medium,Partially Meets,Ready Now
E02954,2024,2.8,68.5,2.4,Medium,Meets,Ready 1-2 Years
E02954,2025,2.7,81.9,2.7,High,Meets,Ready 1-2 Years
E02954,2026,3.7,86.8,3.8,Medium,Meets,Not Ready
E02955,2022,3.5,75.3,3.9,Medium,Meets,Ready Now
E02955,2023,3.5,84.2,3.4,Medium,Exceeds,Not Ready
E02955,2024,3.1,86.3,3.4,Medium,Outstanding,Not Ready
E02955,2025,2.8,59.9,3.0,Medium,Meets,Ready 1-2 Years
E02955,2026,3.0,84.2,2.9,Low,Outstanding,Ready 1-2 Years
E02956,2026,3.3,75.6,4.0,Low,Exceeds,Ready 1-2 Years
E02957,2025,3.1,88.6,3.1,Medium,Meets,Ready Now
E02957,2026,3.3,75.9,3.1,High,Partially Meets,Ready 1-2 Years
E02958,2024,3.8,85.0,4.6,Medium,Outstanding,Ready Now
E02958,2025,3.9,89.0,3.4,High,Meets,Not Ready
E02958,2026,3.1,85.0,3.0,Medium,Meets,Ready 1-2 Years
E02959,2022,3.5,95.9,3.8,Medium,Meets,Ready Now
E02959,2023,3.2,83.1,2.9,Medium,Exceeds,Ready 1-2 Years
E02959,2024,3.7,77.6,3.9,Medium,Meets,Not Ready
E02959,2025,3.9,83.7,3.7,Medium,Partially Meets,Ready 1-2 Years
E02959,2026,4.2,96.7,4.1,Low,Outstanding,Ready 1-2 Years
E02960,2022,3.2,65.3,3.2,Medium,Meets,Not Ready
E02960,2023,2.6,57.0,2.9,Medium,Exceeds,Not Ready
E02960,2024,3.3,102.8,3.5,Low,Meets,Not Ready
E02962,2022,4.2,94.9,4.0,Low,Meets,Ready 1-2 Years
E02962,2023,4.1,96.2,4.2,Medium,Meets,Not Ready
E02962,2024,4.6,115.3,4.6,High,Meets,Ready 1-2 Years
E02962,2025,4.3,98.2,4.7,High,Meets,Ready 1-2 Years
E02962,2026,4.6,103.2,4.8,Medium,Exceeds,Ready Now
E02963,2022,2.7,75.0,2.6,Medium,Outstanding,Ready Now
E02963,2023,2.7,77.9,3.2,High,Meets,Not Ready
E02963,2024,2.3,76.8,2.5,Medium,Exceeds,Not Ready
E02963,2025,2.3,93.2,2.4,Low,Outstanding,Ready Now
E02963,2026,2.3,64.6,2.7,Medium,Partially Meets,Ready 1-2 Years
E02965,2023,3.8,87.9,3.7,Medium,Meets,Ready 1-2 Years
E02965,2024,3.8,83.5,3.7,Low,Exceeds,Not Ready
E02965,2025,3.6,74.0,3.4,Low,Meets,Ready 1-2 Years
E02965,2026,3.6,95.4,3.4,High,Partially Meets,Not Ready
E02966,2022,2.9,74.8,2.9,High,Partially Meets,Ready 1-2 Years
E02966,2023,3.0,79.3,3.0,Medium,Outstanding,Not Ready
E02966,2024,3.1,67.1,2.8,Low,Meets,Ready 1-2 Years
E02966,2025,3.5,86.8,3.5,Low,Meets,Not Ready
E02966,2026,3.7,88.6,3.5,Medium,Partially Meets,Not Ready
E02967,2022,3.1,70.3,2.7,Medium,Meets,Ready 1-2 Years
E02967,2023,3.4,93.0,3.1,Medium,Meets,Not Ready
E02967,2024,3.9,93.0,3.5,High,Outstanding,Not Ready
E02967,2025,2.9,82.6,3.0,Medium,Exceeds,Not Ready
E02968,2026,4.1,95.7,3.7,Medium,Meets,Not Ready
E02969,2022,4.2,78.2,4.3,Medium,Meets,Not Ready
E02969,2023,4.5,92.2,4.3,Medium,Exceeds,Ready 1-2 Years
E02970,2025,3.8,86.5,4.0,Medium,Meets,Ready Now
E02970,2026,4.1,91.8,4.0,Medium,Partially Meets,Not Ready
E02972,2022,3.5,89.8,3.2,Medium,Partially Meets,Not Ready
E02972,2023,3.4,92.1,3.3,Low,Outstanding,Not Ready
E02972,2024,3.8,77.0,4.2,Medium,Partially Meets,Ready 1-2 Years
E02974,2023,3.0,73.8,2.6,Medium,Meets,Ready Now
E02974,2024,2.1,79.4,1.8,Medium,Partially Meets,Not Ready
E02974,2025,2.5,70.8,2.2,Medium,Exceeds,Ready Now
E02974,2026,2.6,83.7,2.5,Medium,Meets,Not Ready
E02975,2024,2.9,81.1,2.8,Medium,Partially Meets,Ready Now
E02975,2025,2.8,86.6,2.9,Medium,Partially Meets,Ready Now
E02975,2026,2.5,82.5,2.1,Low,Partially Meets,Not Ready
E02976,2022,3.3,94.4,2.9,Medium,Partially Meets,Not Ready
E02976,2023,2.4,84.5,2.2,Low,Partially Meets,Ready 1-2 Years
E02976,2024,2.5,80.2,2.9,Low,Meets,Ready 1-2 Years
E02976,2025,2.7,86.9,2.6,Low,Meets,Ready Now
E02976,2026,3.0,76.0,2.9,Low,Meets,Not Ready
E02977,2024,4.2,96.1,3.6,Medium,Meets,Ready 1-2 Years
E02977,2025,4.4,78.9,4.2,Medium,Outstanding,Ready 1-2 Years
E02977,2026,3.5,83.3,3.4,High,Outstanding,Ready 1-2 Years
E02978,2022,3.5,89.7,4.0,Low,Partially Meets,Ready 1-2 Years
E02978,2023,3.9,88.9,3.6,Low,Meets,Ready 1-2 Years
E02978,2024,3.3,81.0,3.3,Medium,Exceeds,Ready 1-2 Years
E02978,2025,3.7,92.9,3.8,High,Outstanding,Ready Now
E02978,2026,2.8,77.7,3.1,Low,Partially Meets,Ready Now
E02979,2022,2.8,80.6,2.8,Medium,Outstanding,Ready Now
E02979,2023,3.8,72.9,3.8,Medium,Exceeds,Ready Now
E02979,2024,3.7,86.3,3.6,High,Meets,Ready Now
E02979,2025,3.4,65.2,3.7,Medium,Meets,Ready 1-2 Years
E02979,2026,3.8,98.3,4.1,Low,Partially Meets,Ready Now
E02980,2022,2.8,68.4,2.4,Medium,Exceeds,Ready Now
E02981,2022,4.0,80.9,4.0,Medium,Partially Meets,Ready Now
E02981,2023,3.3,90.6,2.9,Medium,Partially Meets,Ready Now
E02981,2024,2.8,81.8,3.0,High,Meets,Ready Now
E02981,2025,3.0,104.2,3.2,Medium,Meets,Ready 1-2 Years
E02981,2026,3.3,91.9,3.0,Medium,Meets,Not Ready
E02982,2022,3.9,83.2,3.9,Low,Outstanding,Not Ready
E02982,2023,2.7,52.3,3.0,Medium,Outstanding,Ready Now
E02982,2024,3.7,78.5,3.7,Low,Exceeds,Not Ready
E02983,2022,3.9,102.9,4.2,Low,Meets,Not Ready
E02983,2023,4.2,92.1,4.0,Low,Meets,Ready 1-2 Years
E02983,2024,3.6,77.7,3.7,Low,Partially Meets,Ready Now
E02983,2025,4.5,85.3,5.0,Medium,Partially Meets,Ready Now
E02983,2026,4.8,86.8,4.6,Low,Partially Meets,Ready Now
E02984,2023,2.3,77.7,3.1,High,Partially Meets,Not Ready
E02984,2024,2.6,71.3,2.2,Medium,Partially Meets,Not Ready
E02984,2025,2.4,80.9,2.1,Low,Partially Meets,Ready Now
E02984,2026,2.1,69.1,2.4,Medium,Meets,Not Ready
E02985,2022,3.8,82.9,4.1,Low,Meets,Ready 1-2 Years
E02985,2023,4.0,72.9,4.0,Medium,Exceeds,Ready Now
E02985,2024,3.6,93.9,3.4,Medium,Partially Meets,Ready 1-2 Years
E02985,2025,4.3,81.8,4.5,Medium,Partially Meets,Ready Now
E02985,2026,4.4,102.8,4.5,Low,Meets,Ready 1-2 Years
E02987,2022,3.3,93.1,3.4,Medium,Partially Meets,Not Ready
E02987,2023,3.8,84.9,3.7,Low,Partially Meets,Not Ready
E02987,2024,3.7,93.1,3.5,Low,Exceeds,Not Ready
E02987,2025,3.3,92.4,3.8,Medium,Outstanding,Ready 1-2 Years
E02987,2026,4.2,90.9,3.6,Medium,Partially Meets,Ready 1-2 Years
E02988,2026,4.4,91.0,4.7,Medium,Outstanding,Ready 1-2 Years
E02989,2025,3.9,97.2,4.2,High,Outstanding,Ready 1-2 Years
E02989,2026,3.8,109.8,3.9,Medium,Meets,Ready Now
E02990,2024,2.4,97.4,2.5,Medium,Meets,Ready 1-2 Years
E02991,2022,2.5,76.4,2.7,Low,Meets,Not Ready
E02991,2023,2.7,82.8,3.0,High,Partially Meets,Ready Now
E02993,2022,4.3,99.1,4.6,High,Outstanding,Not Ready
E02993,2023,4.1,78.8,4.3,Medium,Exceeds,Ready 1-2 Years
E02993,2024,4.0,84.0,4.4,Low,Outstanding,Ready 1-2 Years
E02993,2025,4.1,102.9,4.3,Medium,Exceeds,Ready 1-2 Years
E02993,2026,4.3,85.7,4.5,Medium,Meets,Ready 1-2 Years
E02994,2022,3.3,70.9,2.8,High,Exceeds,Ready Now
E02994,2023,3.4,77.7,3.4,Medium,Outstanding,Ready Now
E02994,2024,3.3,77.8,3.7,Low,Outstanding,Ready 1-2 Years
E02994,2025,3.1,71.4,3.0,Low,Outstanding,Not Ready
E02994,2026,3.5,76.8,3.5,High,Meets,Ready Now
E02995,2025,2.7,78.6,2.9,Medium,Exceeds,Not Ready
E02995,2026,2.7,87.8,2.5,Medium,Exceeds,Not Ready
E02996,2025,4.1,95.5,4.4,Medium,Partially Meets,Ready Now
E02996,2026,3.5,83.8,3.7,Low,Outstanding,Ready 1-2 Years
E02997,2022,3.2,86.2,3.0,Medium,Outstanding,Ready Now
E02997,2023,2.9,76.1,2.3,Medium,Outstanding,Ready Now
E02997,2024,4.0,99.1,4.0,Low,Meets,Ready Now
E02997,2025,3.6,93.2,4.0,High,Partially Meets,Ready Now
E02997,2026,3.1,91.3,2.9,Medium,Outstanding,Not Ready
E02998,2025,2.9,94.8,3.3,Medium,Outstanding,Not Ready
E02998,2026,3.3,75.0,3.1,Medium,Meets,Ready Now
E02999,2022,4.4,88.1,4.6,Medium,Meets,Not Ready
E02999,2023,4.7,89.4,5.0,Medium,Outstanding,Not Ready
E02999,2024,4.2,65.1,3.8,Medium,Outstanding,Not Ready
E02999,2025,4.5,87.5,4.1,High,Meets,Ready Now
E02999,2026,3.6,81.4,3.7,Low,Exceeds,Ready 1-2 Years
E03001,2022,3.5,92.9,3.9,Medium,Partially Meets,Ready 1-2 Years
E03001,2023,3.8,74.0,3.8,High,Exceeds,Ready 1-2 Years
E03001,2024,3.9,78.3,3.8,Medium,Exceeds,Not Ready
E03001,2025,4.1,84.5,4.3,Low,Exceeds,Ready Now
E03001,2026,3.8,81.3,3.8,Medium,Partially Meets,Not Ready
E03002,2022,2.6,85.6,2.7,Medium,Meets,Ready Now
E03002,2023,3.0,87.7,3.4,Low,Partially Meets,Ready Now
E03002,2024,3.3,76.1,3.6,High,Exceeds,Ready Now
E03002,2025,3.0,76.2,2.7,Low,Exceeds,Not Ready
E03002,2026,2.8,93.1,2.3,Low,Meets,Not Ready
E03003,2022,3.8,79.8,4.3,Medium,Outstanding,Ready Now
E03003,2023,3.6,64.7,3.6,Medium,Meets,Not Ready
E03003,2024,2.8,66.9,2.8,High,Outstanding,Ready 1-2 Years
E03003,2025,3.5,94.3,3.7,Low,Meets,Ready Now
E03003,2026,3.4,84.7,3.1,High,Partially Meets,Ready 1-2 Years
E03004,2025,3.2,95.4,3.0,Medium,Meets,Ready 1-2 Years
E03004,2026,2.4,75.5,2.6,Medium,Outstanding,Ready 1-2 Years
E03005,2022,3.4,74.6,3.3,High,Outstanding,Not Ready
E03005,2023,3.3,82.0,2.9,Medium,Outstanding,Not Ready
E03005,2024,3.6,74.2,3.7,Low,Outstanding,Not Ready
E03005,2025,3.6,87.5,3.6,Low,Outstanding,Ready 1-2 Years
E03005,2026,4.4,97.6,4.1,Low,Meets,Ready 1-2 Years
E03006,2026,2.8,74.2,2.9,Medium,Meets,Not Ready
E03007,2022,4.1,95.8,3.9,Medium,Outstanding,Ready 1-2 Years
E03007,2023,4.2,87.9,5.0,High,Partially Meets,Ready 1-2 Years
E03007,2024,3.7,96.9,3.8,Medium,Partially Meets,Not Ready
E03007,2025,3.9,69.1,4.3,Low,Meets,Ready Now
E03007,2026,4.3,106.8,4.7,Medium,Outstanding,Ready Now
E03008,2023,3.5,98.0,3.4,Medium,Exceeds,Ready 1-2 Years
E03008,2024,3.7,82.2,3.7,Low,Meets,Ready Now
E03008,2025,3.6,90.5,3.7,High,Outstanding,Ready 1-2 Years
E03008,2026,4.3,96.9,4.1,Medium,Outstanding,Not Ready
E03009,2025,2.4,74.1,2.7,High,Exceeds,Not Ready
E03009,2026,2.7,80.4,2.6,Medium,Outstanding,Ready Now
E03010,2022,4.7,101.7,4.6,High,Meets,Not Ready
E03010,2023,4.8,101.0,4.9,Medium,Exceeds,Ready Now
E03010,2024,4.5,92.6,4.6,Medium,Partially Meets,Not Ready
E03010,2025,5.0,90.3,5.0,High,Meets,Ready Now
E03010,2026,5.0,92.9,4.6,Low,Meets,Not Ready
E03011,2024,3.1,73.1,3.5,Medium,Partially Meets,Not Ready
E03012,2022,3.2,71.9,3.3,High,Partially Meets,Ready Now
E03012,2023,2.5,88.2,2.4,Medium,Meets,Ready Now
E03012,2024,2.5,68.7,2.6,Medium,Meets,Ready Now
E03012,2025,2.4,76.0,2.2,Low,Partially Meets,Ready Now
E03012,2026,2.6,85.6,2.9,Low,Partially Meets,Ready 1-2 Years
E03013,2023,2.1,58.0,2.0,Medium,Meets,Ready 1-2 Years
E03013,2024,2.2,70.4,2.0,High,Meets,Ready 1-2 Years
E03013,2025,1.7,71.2,2.0,Low,Outstanding,Ready Now
E03014,2024,3.8,71.7,4.2,Medium,Meets,Ready Now
E03014,2025,2.7,75.1,2.8,Low,Exceeds,Not Ready
E03014,2026,3.7,81.9,3.2,Medium,Meets,Ready Now
E03015,2022,3.9,86.0,4.1,High,Partially Meets,Ready 1-2 Years
E03015,2023,3.4,87.5,3.3,Low,Meets,Not Ready
E03015,2024,3.7,80.9,3.4,High,Meets,Not Ready
E03015,2025,2.7,62.1,2.5,High,Exceeds,Ready 1-2 Years
E03015,2026,3.2,75.2,2.5,Medium,Outstanding,Ready 1-2 Years
E03016,2026,3.7,92.5,3.4,Low,Exceeds,Ready 1-2 Years
E03017,2022,3.2,84.3,3.4,Medium,Meets,Not Ready
E03017,2023,3.2,88.9,3.2,Medium,Meets,Ready Now
E03017,2024,4.0,99.4,3.8,Medium,Meets,Not Ready
E03017,2025,3.3,90.1,3.7,High,Meets,Ready 1-2 Years
E03017,2026,3.7,74.6,4.0,Medium,Outstanding,Ready 1-2 Years
E03018,2022,4.6,71.2,4.3,Medium,Exceeds,Not Ready
E03018,2023,4.7,78.9,4.8,Medium,Outstanding,Ready Now
E03018,2024,4.3,89.1,4.5,High,Meets,Ready 1-2 Years
E03018,2025,3.7,103.9,3.9,High,Meets,Not Ready
E03018,2026,4.5,82.3,4.8,Medium,Meets,Ready 1-2 Years
E03019,2022,3.0,79.3,3.4,Low,Partially Meets,Ready 1-2 Years
E03019,2023,4.2,76.4,4.7,Medium,Partially Meets,Ready 1-2 Years
E03019,2024,3.6,95.6,3.5,Medium,Outstanding,Ready 1-2 Years
E03019,2025,3.8,88.7,3.6,Medium,Partially Meets,Not Ready
E03019,2026,3.9,99.1,4.1,Medium,Outstanding,Ready Now
E03020,2022,5.0,90.5,5.0,Medium,Meets,Ready Now
E03020,2023,5.0,99.9,4.7,Medium,Meets,Not Ready
E03020,2024,4.7,82.4,4.8,Medium,Partially Meets,Ready 1-2 Years
E03020,2025,5.0,109.4,5.0,Low,Partially Meets,Ready 1-2 Years
E03020,2026,5.0,96.9,5.0,Medium,Meets,Ready Now
E03021,2022,2.8,83.5,2.4,Medium,Outstanding,Ready 1-2 Years
E03021,2023,2.3,68.7,2.2,Medium,Exceeds,Ready Now
E03021,2024,2.4,65.3,2.9,Medium,Meets,Not Ready
E03021,2025,2.8,77.9,3.0,Medium,Partially Meets,Ready 1-2 Years
E03021,2026,2.7,86.4,2.8,Medium,Exceeds,Not Ready
E03023,2022,2.4,93.5,2.8,Medium,Outstanding,Ready 1-2 Years
E03023,2023,1.9,64.2,2.4,Medium,Meets,Ready 1-2 Years
E03023,2024,2.3,79.3,2.2,Low,Exceeds,Ready 1-2 Years
E03023,2025,2.6,82.6,2.0,Medium,Partially Meets,Not Ready
E03023,2026,2.4,88.2,2.5,Medium,Exceeds,Not Ready
E03024,2026,3.0,78.7,3.4,High,Meets,Ready 1-2 Years
E03025,2026,3.2,99.0,2.6,Medium,Partially Meets,Ready Now
E03026,2022,3.7,83.9,3.5,Medium,Partially Meets,Ready Now
E03026,2023,3.9,69.8,3.5,High,Meets,Not Ready
E03026,2024,3.6,80.0,4.1,Low,Meets,Ready 1-2 Years
E03026,2025,3.7,67.4,3.8,Medium,Partially Meets,Not Ready
E03026,2026,3.5,88.4,3.6,Medium,Partially Meets,Not Ready
E03027,2025,4.8,84.8,4.8,Medium,Exceeds,Ready Now
E03027,2026,4.8,107.1,5.0,Medium,Exceeds,Ready 1-2 Years
E03028,2025,3.2,79.0,2.8,Medium,Outstanding,Not Ready
E03028,2026,3.2,75.9,3.9,Low,Partially Meets,Ready Now
E03029,2022,2.9,77.1,3.0,High,Outstanding,Ready 1-2 Years
E03029,2023,2.6,79.8,3.0,Low,Outstanding,Not Ready
E03029,2024,2.5,77.7,2.4,Low,Outstanding,Ready Now
E03029,2025,2.9,82.4,3.2,Low,Meets,Ready Now
E03029,2026,2.3,73.0,2.3,Medium,Exceeds,Ready Now
E03030,2025,3.8,100.8,3.3,Low,Meets,Not Ready
E03030,2026,3.5,113.8,2.8,Medium,Partially Meets,Not Ready
E03031,2022,2.4,76.3,2.2,Medium,Exceeds,Ready Now
E03031,2023,2.8,79.8,3.2,Medium,Partially Meets,Ready 1-2 Years
E03031,2024,2.7,88.9,3.3,Low,Meets,Not Ready
E03031,2025,2.2,73.8,2.1,Medium,Exceeds,Not Ready
E03031,2026,2.3,81.8,2.4,High,Exceeds,Not Ready
E03032,2022,4.1,92.9,4.5,Medium,Outstanding,Ready 1-2 Years
E03033,2022,2.9,72.9,2.9,Medium,Meets,Ready Now
E03033,2023,3.3,107.2,3.4,Medium,Meets,Ready 1-2 Years
E03033,2024,3.1,87.1,2.7,Low,Partially Meets,Ready 1-2 Years
E03033,2025,3.1,77.2,3.0,High,Exceeds,Ready 1-2 Years
E03033,2026,3.1,93.7,3.3,High,Outstanding,Not Ready
E03034,2022,2.4,71.6,2.3,Medium,Meets,Ready Now
E03034,2023,2.6,72.8,2.3,Medium,Exceeds,Ready 1-2 Years
E03034,2024,2.1,69.5,2.0,Medium,Meets,Ready Now
E03034,2025,2.0,68.7,2.0,Medium,Outstanding,Ready 1-2 Years
E03034,2026,1.7,78.9,1.8,Medium,Partially Meets,Ready 1-2 Years
E03038,2023,2.8,92.1,3.4,High,Partially Meets,Not Ready
E03038,2024,2.5,74.3,2.5,Low,Partially Meets,Ready 1-2 Years
E03038,2025,1.9,89.2,1.2,Medium,Partially Meets,Ready 1-2 Years
E03038,2026,2.3,77.1,2.1,Medium,Exceeds,Not Ready
E03039,2026,4.7,101.6,4.3,Medium,Exceeds,Ready 1-2 Years
E03040,2023,3.4,84.8,3.8,Medium,Exceeds,Ready Now
E03040,2024,4.0,92.7,3.6,Medium,Outstanding,Not Ready
E03040,2025,3.5,67.4,3.5,Medium,Partially Meets,Ready Now
E03040,2026,4.0,100.4,4.1,Medium,Meets,Ready Now
E03042,2024,4.0,89.9,3.6,Medium,Meets,Ready 1-2 Years
E03042,2025,3.3,59.6,2.9,Low,Exceeds,Ready Now
E03042,2026,3.3,97.1,3.7,Low,Exceeds,Ready Now
E03043,2025,2.0,95.9,2.2,Medium,Outstanding,Ready Now
E03043,2026,1.9,78.6,2.1,Medium,Partially Meets,Not Ready
E03044,2022,3.6,79.3,3.2,Medium,Outstanding,Ready Now
E03044,2023,3.5,72.7,3.4,Medium,Outstanding,Not Ready
E03044,2024,3.4,68.9,3.0,Low,Meets,Not Ready
E03044,2025,3.6,95.0,3.2,High,Meets,Not Ready
E03044,2026,3.8,76.0,3.9,Low,Partially Meets,Ready 1-2 Years
E03045,2023,2.9,90.7,2.5,Medium,Exceeds,Not Ready
E03046,2025,3.9,91.3,3.9,Medium,Meets,Ready 1-2 Years
E03046,2026,3.6,82.0,3.5,Low,Exceeds,Ready 1-2 Years
E03047,2022,3.0,87.8,3.6,Medium,Meets,Not Ready
E03048,2022,3.8,88.7,3.5,Low,Partially Meets,Ready Now
E03048,2023,4.1,99.3,3.7,Medium,Exceeds,Ready Now
E03048,2024,3.8,88.6,4.0,Medium,Exceeds,Ready 1-2 Years
E03048,2025,3.9,83.0,3.9,Low,Meets,Not Ready
E03048,2026,4.0,112.6,4.1,Medium,Exceeds,Ready 1-2 Years
E03049,2022,3.4,83.6,3.8,High,Exceeds,Ready 1-2 Years
E03049,2023,3.1,90.0,2.6,High,Partially Meets,Not Ready
E03049,2024,3.2,77.4,3.1,Low,Exceeds,Ready 1-2 Years
E03050,2025,3.1,72.6,3.2,High,Outstanding,Not Ready
E03050,2026,3.2,73.7,3.5,Medium,Meets,Not Ready
E03051,2024,2.0,64.0,1.6,Medium,Meets,Ready 1-2 Years
E03051,2025,2.8,72.5,3.1,Low,Meets,Ready 1-2 Years
E03051,2026,3.2,86.1,2.9,Medium,Partially Meets,Ready Now
E03052,2025,4.3,91.7,3.9,Medium,Exceeds,Not Ready
E03052,2026,4.5,101.2,4.6,High,Partially Meets,Not Ready
E03053,2022,3.7,102.7,4.1,Medium,Outstanding,Not Ready
E03053,2023,3.8,88.1,3.9,Medium,Partially Meets,Ready 1-2 Years
E03053,2024,2.9,90.7,3.1,Medium,Partially Meets,Not Ready
E03053,2025,2.5,91.0,2.3,High,Meets,Ready Now
E03053,2026,3.4,87.4,3.4,Medium,Outstanding,Ready 1-2 Years
E03054,2023,3.3,75.7,3.4,Medium,Meets,Not Ready
E03054,2024,3.7,107.5,3.2,Medium,Outstanding,Ready 1-2 Years
E03054,2025,2.7,104.5,2.8,Low,Outstanding,Not Ready
E03054,2026,2.8,52.7,2.8,Medium,Exceeds,Ready Now
E03055,2022,4.4,76.1,4.7,Medium,Meets,Not Ready
E03055,2023,4.2,85.1,4.2,Medium,Exceeds,Ready Now
E03055,2024,4.3,93.3,4.1,High,Partially Meets,Not Ready
E03055,2025,4.4,99.0,4.4,Medium,Exceeds,Not Ready
E03055,2026,3.7,93.6,3.7,Low,Partially Meets,Ready 1-2 Years
E03056,2024,4.2,83.4,4.3,Medium,Outstanding,Ready 1-2 Years
E03056,2025,4.4,87.2,4.4,Medium,Partially Meets,Ready 1-2 Years
E03056,2026,4.2,85.5,4.0,Medium,Exceeds,Ready Now
E03057,2022,2.5,77.1,2.3,Medium,Exceeds,Ready 1-2 Years
E03057,2023,3.0,89.3,3.4,Low,Outstanding,Ready Now
E03057,2024,2.2,75.7,2.0,Medium,Exceeds,Ready 1-2 Years
E03057,2025,2.6,78.4,3.0,Low,Outstanding,Not Ready
E03057,2026,2.1,77.1,2.0,High,Partially Meets,Not Ready
E03058,2022,2.8,60.9,2.1,Low,Meets,Ready Now
E03058,2023,3.7,90.6,3.4,Medium,Meets,Not Ready
E03058,2024,3.1,92.5,3.4,Low,Partially Meets,Not Ready
E03058,2025,3.6,66.4,3.6,Medium,Outstanding,Ready Now
E03058,2026,2.8,86.3,2.2,Medium,Meets,Ready Now
E03059,2024,2.9,70.6,2.7,Medium,Outstanding,Not Ready
E03059,2025,3.1,67.5,3.2,Medium,Exceeds,Ready 1-2 Years
E03059,2026,3.2,69.1,3.5,Medium,Meets,Not Ready
E03060,2024,3.3,82.3,3.4,Medium,Meets,Not Ready
E03060,2025,3.5,87.8,3.4,Low,Partially Meets,Ready Now
E03060,2026,3.1,75.3,3.1,Medium,Exceeds,Ready Now
E03061,2024,3.0,82.7,3.1,Low,Outstanding,Ready Now
E03061,2025,4.3,94.7,4.5,Low,Meets,Ready 1-2 Years
E03061,2026,3.8,70.9,3.9,Low,Partially Meets,Ready 1-2 Years
E03062,2022,3.0,71.4,2.5,Medium,Partially Meets,Ready Now
E03062,2023,3.7,97.2,3.8,Low,Meets,Not Ready
E03062,2024,2.9,78.8,3.0,Low,Meets,Not Ready
E03062,2025,3.3,86.1,3.1,Medium,Meets,Not Ready
E03062,2026,3.3,76.3,3.4,Medium,Exceeds,Not Ready
E03063,2022,3.3,83.2,3.5,Medium,Partially Meets,Ready Now
E03063,2023,3.6,102.6,3.5,Medium,Meets,Ready Now
E03063,2024,3.6,93.3,3.7,Medium,Exceeds,Ready 1-2 Years
E03063,2025,2.8,74.0,2.9,High,Meets,Not Ready
E03063,2026,3.0,106.4,2.7,High,Meets,Ready Now
E03064,2022,2.4,81.9,2.1,Medium,Meets,Not Ready
E03064,2023,2.1,80.2,2.1,Medium,Meets,Ready Now
E03064,2024,2.3,77.4,2.1,Medium,Partially Meets,Ready Now
E03064,2025,2.3,76.9,2.3,Medium,Meets,Ready Now
E03064,2026,2.2,71.8,1.8,Medium,Exceeds,Not Ready
E03065,2025,4.4,93.0,4.5,Medium,Meets,Ready Now
E03065,2026,3.7,102.0,3.7,Medium,Partially Meets,Ready Now
E03066,2022,2.4,73.5,2.4,High,Meets,Not Ready
E03066,2023,3.7,90.5,3.6,High,Meets,Not Ready
E03066,2024,2.7,75.4,2.9,High,Meets,Ready 1-2 Years
E03066,2025,3.4,108.7,3.0,High,Meets,Not Ready
E03066,2026,2.8,73.5,2.9,Low,Meets,Not Ready
E03067,2022,2.9,88.6,3.2,Medium,Meets,Not Ready
E03067,2023,2.5,90.2,2.6,Medium,Meets,Ready Now
E03067,2024,2.6,96.2,2.5,Medium,Meets,Ready Now
E03067,2025,2.5,80.9,2.5,High,Meets,Ready 1-2 Years
E03067,2026,2.5,79.0,2.7,Medium,Meets,Ready Now
E03068,2022,2.1,64.6,2.1,Low,Exceeds,Ready 1-2 Years
E03068,2023,2.1,88.8,1.7,Low,Exceeds,Ready 1-2 Years
E03068,2024,2.6,77.6,2.6,Medium,Meets,Ready 1-2 Years
E03068,2025,2.3,82.3,2.4,Medium,Exceeds,Not Ready
E03068,2026,2.1,73.9,2.4,Low,Meets,Ready 1-2 Years
E03069,2022,3.9,75.5,3.8,Medium,Outstanding,Not Ready
E03069,2023,3.4,81.7,3.9,Medium,Outstanding,Ready Now
E03069,2024,4.3,97.7,4.3,High,Exceeds,Ready Now
E03069,2025,4.3,97.8,4.1,Medium,Meets,Not Ready
E03069,2026,4.1,106.2,3.8,Medium,Exceeds,Not Ready
E03070,2022,4.1,75.8,3.7,Medium,Partially Meets,Ready 1-2 Years
E03070,2023,3.8,101.3,3.4,Medium,Partially Meets,Ready Now
E03070,2024,3.8,99.7,4.0,High,Outstanding,Not Ready
E03070,2025,4.1,101.3,3.6,Low,Meets,Ready 1-2 Years
E03070,2026,2.9,63.0,2.3,Low,Partially Meets,Not Ready
E03071,2025,3.8,86.4,3.6,Low,Exceeds,Not Ready
E03071,2026,4.3,94.2,4.1,Medium,Meets,Ready 1-2 Years
E03072,2023,3.0,63.3,3.2,Medium,Meets,Ready Now
E03072,2024,2.9,82.3,3.2,High,Meets,Not Ready
E03072,2025,3.0,79.1,3.4,Low,Exceeds,Ready 1-2 Years
E03072,2026,3.4,77.5,3.6,Medium,Meets,Ready Now
E03073,2026,1.8,77.4,2.0,High,Meets,Ready 1-2 Years
E03074,2026,4.2,78.9,3.8,High,Outstanding,Ready Now
E03076,2025,3.6,79.7,3.9,Medium,Partially Meets,Not Ready
E03076,2026,3.9,92.1,4.4,Low,Exceeds,Ready Now
E03077,2022,2.7,81.5,2.9,Medium,Outstanding,Not Ready
E03077,2023,2.8,81.3,3.0,Medium,Outstanding,Ready Now
E03077,2024,2.6,60.7,2.5,Medium,Exceeds,Not Ready
E03077,2025,2.4,48.9,2.6,High,Partially Meets,Ready Now
E03077,2026,2.3,64.3,3.0,Low,Outstanding,Not Ready
E03078,2023,3.1,74.5,3.4,Low,Outstanding,Ready 1-2 Years
E03078,2024,2.6,73.9,2.5,Medium,Meets,Ready 1-2 Years
E03078,2025,2.3,84.0,1.7,Medium,Meets,Ready 1-2 Years
E03078,2026,2.8,73.6,2.9,Low,Outstanding,Not Ready
E03079,2022,2.6,76.8,3.0,High,Partially Meets,Ready 1-2 Years
E03079,2023,2.7,80.6,2.7,Medium,Partially Meets,Not Ready
E03079,2024,3.0,66.9,3.2,High,Meets,Not Ready
E03079,2025,3.2,91.0,3.2,Medium,Meets,Ready Now
E03079,2026,2.3,76.8,1.9,Medium,Outstanding,Not Ready
E03080,2025,5.0,89.8,5.0,Medium,Outstanding,Ready 1-2 Years
E03080,2026,4.9,102.5,5.0,High,Meets,Ready Now
E03081,2022,2.3,60.8,2.3,Low,Exceeds,Ready Now
E03081,2023,1.9,68.4,2.0,Low,Meets,Not Ready
E03081,2024,2.1,98.6,2.2,Low,Outstanding,Not Ready
E03081,2025,2.5,88.8,2.4,Medium,Outstanding,Ready Now
E03081,2026,2.2,84.1,2.4,Medium,Exceeds,Not Ready
E03082,2022,4.2,99.6,4.1,Medium,Exceeds,Not Ready
E03082,2023,4.0,105.4,3.9,Medium,Partially Meets,Ready Now
E03082,2024,3.6,88.6,3.6,Medium,Meets,Ready Now
E03082,2025,4.0,105.8,4.1,Medium,Outstanding,Ready 1-2 Years
E03082,2026,4.7,99.1,4.0,Medium,Exceeds,Ready Now
E03083,2022,4.3,92.1,4.2,Medium,Partially Meets,Not Ready
E03083,2023,4.0,86.9,3.9,Medium,Partially Meets,Ready Now
E03083,2024,3.7,70.8,4.0,Medium,Exceeds,Ready Now
E03083,2025,3.7,97.6,4.1,Medium,Partially Meets,Not Ready
E03083,2026,3.7,82.9,3.7,High,Meets,Ready Now
E03084,2026,2.2,67.4,2.2,Medium,Outstanding,Not Ready
E03085,2022,3.7,78.9,3.6,Medium,Meets,Ready 1-2 Years
E03085,2023,4.2,82.8,4.3,Medium,Meets,Ready 1-2 Years
E03085,2024,4.2,90.8,4.8,Medium,Partially Meets,Not Ready
E03086,2023,3.3,89.9,3.5,High,Meets,Ready Now
E03086,2024,3.1,76.3,3.7,Medium,Exceeds,Not Ready
E03086,2025,2.5,71.3,3.1,Medium,Meets,Not Ready
E03086,2026,3.1,60.7,3.0,High,Meets,Ready Now
E03087,2023,2.7,100.2,2.8,Low,Partially Meets,Not Ready
E03087,2024,2.5,71.1,2.3,Medium,Meets,Not Ready
E03087,2025,1.8,72.5,1.8,Medium,Meets,Not Ready
E03087,2026,2.0,66.6,2.0,Medium,Meets,Ready 1-2 Years
E03088,2025,3.2,77.0,3.3,High,Meets,Ready Now
E03088,2026,3.2,82.0,3.0,Low,Exceeds,Not Ready
E03089,2022,2.8,63.1,2.6,Medium,Outstanding,Ready Now
E03089,2023,2.5,76.4,2.4,Medium,Partially Meets,Not Ready
E03089,2024,2.8,65.6,3.1,Medium,Meets,Ready Now
E03089,2025,2.4,67.7,2.2,Medium,Meets,Ready 1-2 Years
E03089,2026,2.6,95.2,2.8,Medium,Exceeds,Ready 1-2 Years
E03090,2022,3.3,97.0,3.3,Medium,Partially Meets,Ready 1-2 Years
E03090,2023,3.0,88.2,2.9,Medium,Exceeds,Ready 1-2 Years
E03090,2024,3.6,91.7,3.5,Medium,Meets,Ready 1-2 Years
E03090,2025,2.8,65.8,2.9,Low,Partially Meets,Not Ready
E03090,2026,2.6,84.8,2.5,Medium,Outstanding,Ready Now
E03092,2025,2.6,71.7,2.8,Medium,Meets,Not Ready
E03092,2026,2.3,81.6,2.2,High,Outstanding,Not Ready
E03093,2022,2.9,76.1,2.6,Medium,Exceeds,Ready Now
E03093,2023,3.3,89.0,3.5,Medium,Exceeds,Not Ready
E03093,2024,3.1,90.1,3.5,High,Meets,Ready Now
E03093,2025,3.1,81.9,2.8,High,Meets,Not Ready
E03093,2026,3.0,72.8,3.0,Medium,Outstanding,Not Ready
E03094,2022,4.3,82.0,5.0,Medium,Partially Meets,Ready Now
E03094,2023,3.7,73.0,3.6,Low,Partially Meets,Not Ready
E03094,2024,3.2,86.3,2.9,High,Partially Meets,Ready Now
E03094,2025,3.5,74.1,3.4,Medium,Partially Meets,Ready 1-2 Years
E03094,2026,3.9,90.6,3.6,Medium,Exceeds,Not Ready
E03095,2024,2.6,82.6,2.7,Medium,Partially Meets,Ready Now
E03095,2025,3.8,86.0,3.7,Low,Partially Meets,Ready Now
E03095,2026,2.6,82.4,2.5,Low,Meets,Ready Now
E03096,2023,3.0,95.8,3.0,Medium,Partially Meets,Ready 1-2 Years
E03096,2024,2.7,75.2,2.7,Medium,Partially Meets,Not Ready
E03096,2025,2.6,78.7,2.6,Medium,Partially Meets,Ready 1-2 Years
E03096,2026,2.9,80.8,2.8,Low,Exceeds,Ready Now
E03097,2026,3.4,75.2,3.7,Medium,Outstanding,Ready 1-2 Years
E03099,2026,4.5,93.8,4.4,Medium,Exceeds,Ready 1-2 Years
E03100,2022,2.9,91.8,2.7,Medium,Partially Meets,Ready Now
E03100,2023,2.8,76.2,2.5,Medium,Exceeds,Not Ready
E03100,2024,2.4,84.2,2.4,High,Partially Meets,Ready 1-2 Years
E03100,2025,2.6,77.4,2.1,Medium,Meets,Ready Now
E03100,2026,2.0,62.1,2.0,High,Exceeds,Ready Now
E03101,2022,3.4,90.0,3.7,Low,Exceeds,Ready Now
E03101,2023,3.2,81.7,3.5,Low,Meets,Ready 1-2 Years
E03101,2024,3.0,95.0,2.9,Low,Outstanding,Not Ready
E03101,2025,3.3,64.1,3.2,Medium,Meets,Ready Now
E03101,2026,3.3,86.5,3.0,Medium,Meets,Ready Now
E03102,2026,2.3,75.4,2.4,Medium,Meets,Not Ready
E03103,2025,2.3,70.9,2.3,Medium,Outstanding,Ready 1-2 Years
E03103,2026,3.1,62.8,3.2,High,Exceeds,Not Ready
E03104,2022,2.8,89.9,2.7,Medium,Meets,Not Ready
E03104,2023,3.0,87.2,3.3,Medium,Outstanding,Not Ready
E03104,2024,3.4,66.2,4.1,Medium,Partially Meets,Ready 1-2 Years
E03104,2025,2.9,61.5,2.0,Medium,Meets,Ready Now
E03104,2026,2.6,75.0,2.8,Low,Meets,Ready 1-2 Years
E03105,2023,3.5,71.7,3.1,High,Partially Meets,Ready 1-2 Years
E03105,2024,3.2,90.6,3.3,Medium,Meets,Ready 1-2 Years
E03105,2025,3.5,95.5,3.7,High,Outstanding,Ready 1-2 Years
E03105,2026,2.8,68.0,2.3,Medium,Partially Meets,Ready 1-2 Years
E03106,2026,3.3,75.8,3.3,Medium,Exceeds,Not Ready
E03107,2022,2.1,63.7,1.9,Medium,Outstanding,Ready 1-2 Years
E03107,2023,2.8,80.9,3.0,Medium,Meets,Not Ready
E03107,2024,2.4,84.9,2.5,Medium,Exceeds,Ready 1-2 Years
E03107,2025,2.5,83.9,2.9,Medium,Meets,Ready Now
E03107,2026,2.4,71.3,2.6,Low,Partially Meets,Ready 1-2 Years
E03108,2022,3.9,81.2,4.1,Low,Meets,Ready 1-2 Years
E03108,2023,3.7,84.2,4.1,Medium,Partially Meets,Not Ready
E03108,2024,3.6,91.5,3.1,Medium,Exceeds,Not Ready
E03108,2025,3.6,83.6,3.6,High,Meets,Ready 1-2 Years
E03108,2026,3.9,99.6,4.0,Medium,Partially Meets,Ready Now
E03109,2026,3.4,99.9,3.4,Low,Partially Meets,Ready Now
E03110,2022,3.6,90.8,3.0,Medium,Exceeds,Ready Now
E03110,2023,3.2,88.9,3.6,Medium,Meets,Ready Now
E03110,2024,3.3,82.1,3.3,Medium,Meets,Not Ready
E03110,2025,3.8,93.5,3.6,Medium,Meets,Not Ready
E03110,2026,2.7,74.6,2.9,Low,Exceeds,Not Ready
E03111,2025,3.9,85.8,3.9,Medium,Exceeds,Ready Now
E03111,2026,4.9,97.6,4.6,Medium,Partially Meets,Ready 1-2 Years
E03112,2022,3.8,87.8,3.5,High,Meets,Ready 1-2 Years
E03112,2023,2.7,89.7,2.6,Low,Meets,Ready 1-2 Years
E03112,2024,2.9,54.4,2.9,High,Meets,Not Ready
E03112,2025,3.0,75.3,3.1,Medium,Outstanding,Not Ready
E03112,2026,3.4,90.3,3.5,High,Exceeds,Ready Now
E03113,2022,4.1,104.9,4.0,Medium,Meets,Ready Now
E03113,2023,3.6,96.8,4.1,High,Exceeds,Ready Now
E03113,2024,4.1,89.3,4.2,Medium,Partially Meets,Ready 1-2 Years
E03113,2025,4.0,74.0,3.9,Medium,Outstanding,Ready Now
E03113,2026,3.5,84.8,3.4,Medium,Partially Meets,Ready Now
E03114,2026,3.0,88.0,2.8,Medium,Meets,Not Ready
E03115,2026,3.6,83.4,3.6,Low,Partially Meets,Ready 1-2 Years
E03116,2024,3.8,90.7,3.7,Medium,Outstanding,Ready Now
E03116,2025,3.6,83.7,3.1,Medium,Outstanding,Ready 1-2 Years
E03116,2026,3.1,85.5,2.9,Medium,Meets,Ready Now
E03117,2026,2.8,86.1,2.8,Medium,Meets,Not Ready
E03118,2025,2.6,90.0,2.9,Medium,Meets,Ready Now
E03118,2026,2.5,83.5,2.7,Low,Exceeds,Ready 1-2 Years
E03120,2025,2.9,96.8,3.1,Medium,Exceeds,Ready 1-2 Years
E03120,2026,3.0,80.2,3.2,Medium,Meets,Not Ready
E03121,2023,2.3,62.5,2.4,Medium,Meets,Ready Now
E03121,2024,2.0,76.2,2.2,High,Meets,Not Ready
E03121,2025,2.1,86.6,2.3,Medium,Outstanding,Ready Now
E03121,2026,2.4,94.1,2.5,Medium,Exceeds,Ready 1-2 Years
E03122,2022,2.8,83.1,2.9,Medium,Meets,Ready 1-2 Years
E03122,2023,2.2,61.9,1.8,High,Partially Meets,Ready 1-2 Years
E03122,2024,2.4,78.5,2.3,Medium,Meets,Not Ready
E03122,2025,2.4,86.2,2.5,Medium,Exceeds,Not Ready
E03122,2026,2.4,80.2,2.4,Medium,Meets,Ready Now
E03124,2023,2.8,84.4,2.7,Medium,Meets,Not Ready
E03124,2024,3.6,80.3,3.6,Medium,Exceeds,Ready Now
E03124,2025,2.9,77.1,3.2,Medium,Meets,Not Ready
E03127,2022,3.5,96.4,3.6,High,Outstanding,Not Ready
E03127,2023,4.0,83.9,3.8,Low,Partially Meets,Not Ready
E03127,2024,3.4,91.5,3.5,Medium,Partially Meets,Ready Now
E03127,2025,3.2,80.6,3.3,Medium,Outstanding,Ready 1-2 Years
E03127,2026,4.0,96.0,4.4,Medium,Partially Meets,Not Ready
E03128,2025,3.6,103.1,3.4,Medium,Exceeds,Not Ready
E03129,2022,3.5,78.7,3.8,Medium,Partially Meets,Not Ready
E03129,2023,4.6,104.4,4.5,High,Outstanding,Ready 1-2 Years
E03129,2024,4.4,91.7,4.6,Medium,Partially Meets,Ready 1-2 Years
E03129,2025,4.0,88.3,4.3,Low,Meets,Ready Now
E03129,2026,4.3,92.0,4.3,Medium,Meets,Not Ready
E03131,2024,4.4,86.3,3.9,Medium,Meets,Ready 1-2 Years
E03131,2025,3.9,82.5,3.4,High,Exceeds,Not Ready
E03131,2026,3.8,73.1,3.5,Medium,Exceeds,Ready Now
E03132,2022,3.5,83.4,3.5,Low,Exceeds,Ready Now
E03132,2023,3.2,75.0,3.2,Low,Partially Meets,Ready Now
E03132,2024,3.3,95.1,3.0,High,Exceeds,Not Ready
E03132,2025,3.4,87.8,3.4,Medium,Exceeds,Not Ready
E03132,2026,3.4,76.4,3.7,High,Exceeds,Ready 1-2 Years
E03133,2022,2.9,92.9,3.1,Medium,Partially Meets,Ready 1-2 Years
E03133,2023,3.6,86.9,4.0,Medium,Exceeds,Ready 1-2 Years
E03133,2024,2.7,87.5,2.5,Medium,Partially Meets,Ready Now
E03133,2025,3.5,96.5,3.4,Medium,Meets,Ready 1-2 Years
E03133,2026,2.7,89.2,2.4,Medium,Outstanding,Ready 1-2 Years
E03134,2022,4.0,84.9,4.0,Medium,Exceeds,Not Ready
E03134,2023,3.2,49.9,3.8,High,Meets,Ready Now
E03134,2024,3.4,87.1,3.4,Medium,Meets,Not Ready
E03134,2025,4.0,92.1,4.0,Medium,Outstanding,Ready 1-2 Years
E03134,2026,3.6,68.4,4.0,Low,Partially Meets,Not Ready
E03135,2023,2.8,65.1,2.7,Medium,Exceeds,Ready Now
E03135,2024,1.9,65.1,1.7,Medium,Meets,Ready 1-2 Years
E03135,2025,3.0,81.2,2.6,Medium,Meets,Ready 1-2 Years
E03135,2026,2.7,89.6,2.9,Medium,Meets,Ready Now
E03136,2022,3.1,73.2,3.1,Medium,Outstanding,Ready 1-2 Years
E03136,2023,3.7,86.7,3.9,Medium,Outstanding,Ready 1-2 Years
E03136,2024,2.8,74.2,2.4,Medium,Partially Meets,Ready Now
E03136,2025,3.5,88.0,3.7,Medium,Outstanding,Ready 1-2 Years
E03136,2026,3.1,68.5,2.5,Medium,Meets,Not Ready
E03138,2024,5.0,107.5,4.8,Low,Meets,Ready 1-2 Years
E03138,2025,5.0,89.9,4.2,High,Meets,Ready Now
E03138,2026,4.3,84.2,4.5,Medium,Partially Meets,Ready 1-2 Years
E03139,2022,2.6,86.8,2.3,Medium,Meets,Ready Now
E03139,2023,2.6,71.6,2.4,Medium,Outstanding,Ready Now
E03139,2024,2.6,79.5,2.8,Medium,Meets,Ready 1-2 Years
E03139,2025,3.3,90.5,3.5,High,Partially Meets,Not Ready
E03139,2026,3.0,83.5,3.2,Low,Partially Meets,Ready 1-2 Years
E03140,2022,4.3,88.3,4.6,High,Partially Meets,Ready Now
E03140,2023,4.4,96.8,4.4,Low,Exceeds,Ready Now
E03140,2024,4.6,91.5,5.0,High,Meets,Not Ready
E03140,2025,4.3,84.5,4.2,Medium,Outstanding,Ready Now
E03140,2026,4.5,89.0,4.7,Medium,Partially Meets,Not Ready
E03141,2022,3.0,86.0,3.4,Medium,Meets,Not Ready
E03141,2023,2.9,85.1,2.8,Medium,Meets,Ready Now
E03141,2024,2.3,82.5,2.0,Low,Meets,Not Ready
E03141,2025,3.2,71.6,3.3,Medium,Meets,Ready Now
E03141,2026,3.0,81.1,3.2,Medium,Outstanding,Ready 1-2 Years
E03142,2022,4.5,106.5,4.2,Medium,Meets,Not Ready
E03142,2023,4.1,80.5,4.4,Low,Outstanding,Ready Now
E03142,2024,4.2,88.3,4.1,Medium,Meets,Not Ready
E03142,2025,4.5,96.7,4.6,Medium,Meets,Ready Now
E03142,2026,4.2,71.2,4.5,Medium,Partially Meets,Ready 1-2 Years
E03143,2023,3.2,90.3,3.3,Medium,Outstanding,Ready 1-2 Years
E03143,2024,3.1,97.5,3.1,Medium,Meets,Not Ready
E03143,2025,3.1,77.0,4.1,Medium,Exceeds,Ready Now
E03143,2026,3.2,83.2,3.2,Low,Meets,Ready 1-2 Years
E03144,2022,2.9,73.4,2.9,High,Meets,Not Ready
E03144,2023,2.6,75.9,2.4,Medium,Exceeds,Not Ready
E03144,2024,2.6,94.2,2.9,High,Meets,Ready Now
E03144,2025,2.7,62.5,2.4,Medium,Partially Meets,Not Ready
E03144,2026,2.7,87.3,2.8,Medium,Meets,Ready 1-2 Years
E03145,2022,3.0,56.0,2.8,Medium,Outstanding,Not Ready
E03145,2023,2.8,84.9,2.7,Low,Exceeds,Ready Now
E03145,2024,2.2,79.4,2.5,Medium,Partially Meets,Ready Now
E03145,2025,3.4,92.8,3.5,Low,Outstanding,Ready 1-2 Years
E03145,2026,3.4,100.3,3.1,Medium,Partially Meets,Ready 1-2 Years
E03146,2022,3.1,66.2,3.5,Low,Outstanding,Ready 1-2 Years
E03146,2023,3.4,88.4,3.3,High,Meets,Ready 1-2 Years
E03146,2024,3.8,97.2,3.8,Low,Outstanding,Ready 1-2 Years
E03146,2025,3.1,87.5,2.9,Medium,Meets,Ready 1-2 Years
E03146,2026,3.9,74.1,4.2,Medium,Outstanding,Ready Now
E03147,2022,2.8,88.0,3.0,Medium,Meets,Not Ready
E03147,2023,3.3,80.7,3.2,Medium,Exceeds,Not Ready
E03147,2024,1.7,64.3,1.7,Medium,Meets,Ready 1-2 Years
E03147,2025,3.0,95.5,2.8,Medium,Meets,Not Ready
E03147,2026,2.7,97.1,2.9,High,Exceeds,Ready 1-2 Years
E03148,2022,4.2,84.6,4.4,Medium,Meets,Not Ready
E03148,2023,4.1,96.7,3.9,Medium,Meets,Not Ready
E03148,2024,4.1,89.3,4.0,High,Outstanding,Ready 1-2 Years
E03148,2025,3.8,90.6,3.7,Low,Outstanding,Ready Now
E03148,2026,3.9,88.4,3.5,Medium,Exceeds,Not Ready
E03149,2022,3.3,76.8,3.3,Medium,Meets,Ready Now
E03149,2023,3.8,82.2,3.4,Medium,Exceeds,Not Ready
E03149,2024,3.6,77.8,3.8,High,Partially Meets,Ready Now
E03150,2025,2.6,73.7,2.8,Medium,Partially Meets,Not Ready
E03150,2026,2.6,89.8,2.4,Low,Outstanding,Not Ready
E03151,2022,3.0,72.3,3.3,Low,Outstanding,Ready 1-2 Years
E03151,2023,2.8,94.3,2.6,Medium,Meets,Ready 1-2 Years
E03151,2024,2.6,65.8,2.3,Low,Outstanding,Not Ready
E03151,2025,2.2,63.9,2.5,Medium,Exceeds,Not Ready
E03151,2026,2.9,94.3,2.9,High,Exceeds,Ready Now
E03152,2022,3.6,95.2,3.5,Low,Outstanding,Ready 1-2 Years
E03152,2023,4.0,92.3,4.0,Medium,Meets,Not Ready
E03153,2022,3.3,91.4,2.8,Low,Exceeds,Ready Now
E03153,2023,2.8,78.4,3.3,Medium,Exceeds,Ready Now
E03153,2024,2.9,86.3,3.1,Medium,Exceeds,Ready 1-2 Years
E03154,2025,4.4,105.3,4.7,High,Meets,Not Ready
E03155,2026,3.2,75.8,3.2,Medium,Meets,Not Ready
E03156,2025,4.9,93.2,5.0,Medium,Outstanding,Not Ready
E03156,2026,4.2,80.0,4.4,Low,Meets,Not Ready
E03157,2023,2.3,82.5,1.8,High,Meets,Ready Now
E03157,2024,1.9,87.7,2.0,Medium,Partially Meets,Ready Now
E03157,2025,2.5,67.1,2.4,High,Partially Meets,Ready 1-2 Years
E03157,2026,1.8,66.1,1.8,High,Outstanding,Ready Now
E03158,2022,2.7,79.9,2.8,Low,Partially Meets,Not Ready
E03159,2022,2.7,85.0,3.3,Low,Partially Meets,Not Ready
E03159,2023,2.8,91.9,3.0,Medium,Meets,Ready Now
E03159,2024,3.4,70.5,3.0,Medium,Exceeds,Ready Now
E03159,2025,2.9,94.1,2.9,Low,Meets,Ready 1-2 Years
E03159,2026,3.0,58.9,2.9,Medium,Meets,Ready Now
E03160,2022,3.9,79.0,3.7,Medium,Meets,Ready 1-2 Years
E03160,2023,3.9,71.2,3.7,High,Outstanding,Ready Now
E03160,2024,4.1,71.5,4.0,Low,Partially Meets,Ready 1-2 Years
E03160,2025,3.7,81.6,3.6,Medium,Outstanding,Ready Now
E03161,2022,2.6,85.6,2.6,Medium,Partially Meets,Not Ready
E03161,2023,2.5,80.7,2.8,Medium,Outstanding,Ready Now
E03161,2024,3.2,88.0,3.3,Medium,Outstanding,Ready Now
E03161,2025,2.9,87.6,3.7,Medium,Outstanding,Ready Now
E03161,2026,2.6,76.7,2.5,Medium,Exceeds,Ready 1-2 Years
E03162,2022,2.6,73.2,2.7,Medium,Meets,Not Ready
E03162,2023,2.4,71.0,2.2,High,Meets,Not Ready
E03162,2024,2.4,84.0,2.8,High,Outstanding,Ready Now
E03162,2025,2.4,68.5,2.6,High,Partially Meets,Ready 1-2 Years
E03162,2026,2.5,81.0,2.4,Medium,Meets,Ready Now
E03163,2023,3.3,78.0,3.3,Medium,Exceeds,Ready Now
E03163,2024,3.0,100.6,3.0,High,Partially Meets,Ready Now
E03163,2025,3.7,92.1,3.7,Low,Exceeds,Ready Now
E03163,2026,3.7,82.2,3.7,Low,Partially Meets,Ready Now
E03164,2022,4.6,111.1,4.5,High,Meets,Ready 1-2 Years
E03164,2023,4.2,88.4,3.7,High,Meets,Not Ready
E03164,2024,3.8,93.2,4.2,Medium,Exceeds,Ready 1-2 Years
E03164,2025,3.7,86.6,3.9,Medium,Partially Meets,Ready Now
E03164,2026,4.1,88.7,3.9,Medium,Meets,Not Ready
E03165,2022,2.5,89.6,2.3,Medium,Partially Meets,Ready 1-2 Years
E03165,2023,2.6,89.6,1.9,Low,Meets,Ready Now
E03165,2024,2.6,93.5,2.7,Medium,Exceeds,Ready Now
E03165,2025,2.8,80.3,2.2,Medium,Meets,Ready 1-2 Years
E03165,2026,2.6,76.2,3.0,Low,Exceeds,Ready 1-2 Years
E03166,2022,2.6,104.9,2.3,Medium,Exceeds,Ready Now
E03166,2023,2.9,88.3,2.9,Medium,Outstanding,Ready 1-2 Years
E03166,2024,3.1,85.3,3.2,Medium,Exceeds,Not Ready
E03166,2025,2.9,79.9,3.2,Medium,Exceeds,Ready 1-2 Years
E03166,2026,3.1,87.2,2.7,High,Outstanding,Not Ready
E03167,2022,2.6,92.3,2.5,High,Meets,Not Ready
E03167,2023,3.6,87.2,3.2,Medium,Meets,Not Ready
E03167,2024,3.7,94.0,3.1,Medium,Exceeds,Ready Now
E03167,2025,4.1,99.3,3.9,Medium,Exceeds,Ready 1-2 Years
E03167,2026,3.6,90.9,3.8,Low,Exceeds,Not Ready
E03168,2022,3.9,71.8,4.0,Medium,Meets,Ready Now
E03168,2023,4.3,101.0,4.5,Medium,Outstanding,Not Ready
E03168,2024,3.2,94.6,2.8,Medium,Exceeds,Not Ready
E03168,2025,4.3,99.7,3.4,Low,Outstanding,Not Ready
E03168,2026,4.3,98.5,4.5,High,Partially Meets,Ready 1-2 Years
E03169,2022,4.1,72.3,4.1,Medium,Meets,Ready Now
E03169,2023,4.0,87.2,4.0,Medium,Meets,Ready 1-2 Years
E03169,2024,4.2,95.1,4.0,Medium,Meets,Not Ready
E03169,2025,3.7,106.2,3.6,Medium,Partially Meets,Ready 1-2 Years
E03169,2026,3.9,91.1,3.3,Medium,Meets,Ready Now
E03170,2022,2.0,84.6,1.6,Medium,Outstanding,Ready 1-2 Years
E03170,2023,1.4,63.7,2.1,Low,Partially Meets,Ready 1-2 Years
E03170,2024,1.5,68.0,1.6,Medium,Partially Meets,Ready Now
E03170,2025,1.7,80.3,2.1,Medium,Meets,Ready Now
E03170,2026,2.0,79.4,2.6,Low,Exceeds,Not Ready
E03171,2023,3.4,84.9,3.4,Medium,Partially Meets,Not Ready
E03171,2024,3.8,78.9,3.6,Medium,Meets,Ready 1-2 Years
E03171,2025,3.4,68.4,3.3,High,Meets,Ready Now
E03171,2026,3.8,77.8,3.9,Low,Outstanding,Ready Now
E03172,2024,4.8,105.8,4.2,Medium,Outstanding,Ready 1-2 Years
E03172,2025,4.3,78.1,3.7,Medium,Meets,Ready Now
E03172,2026,5.0,90.6,4.9,Medium,Partially Meets,Ready Now
E03174,2026,2.2,81.0,2.2,Medium,Meets,Ready Now
E03175,2024,4.6,99.4,4.9,Low,Meets,Ready Now
E03175,2025,3.8,90.6,3.5,Medium,Exceeds,Ready 1-2 Years
E03175,2026,4.3,117.4,4.6,Medium,Outstanding,Ready 1-2 Years
E03176,2022,3.4,67.1,3.1,High,Outstanding,Not Ready
E03176,2023,3.2,96.4,3.3,Medium,Outstanding,Not Ready
E03176,2024,3.3,105.9,2.8,Low,Exceeds,Ready Now
E03176,2025,2.7,82.7,2.4,High,Meets,Ready 1-2 Years
E03176,2026,3.4,81.4,3.1,High,Outstanding,Not Ready
E03177,2022,3.9,95.4,3.6,Medium,Meets,Ready Now
E03177,2023,3.8,70.7,4.1,Medium,Meets,Ready 1-2 Years
E03177,2024,4.2,97.7,4.0,Medium,Partially Meets,Ready Now
E03177,2025,3.9,91.8,3.8,Medium,Partially Meets,Not Ready
E03177,2026,3.9,94.3,3.9,High,Partially Meets,Not Ready
E03178,2023,4.2,100.8,4.1,High,Outstanding,Ready 1-2 Years
E03178,2024,3.7,95.9,4.2,Medium,Partially Meets,Ready 1-2 Years
E03178,2025,3.7,90.3,4.1,Medium,Exceeds,Not Ready
E03178,2026,3.9,76.8,3.5,Medium,Outstanding,Not Ready
E03181,2022,2.5,89.1,1.9,Medium,Partially Meets,Ready 1-2 Years
E03181,2023,2.7,66.8,3.2,Medium,Meets,Ready Now
E03181,2024,2.9,50.7,3.1,Medium,Partially Meets,Ready Now
E03181,2025,2.6,88.4,2.5,Medium,Partially Meets,Not Ready
E03182,2022,3.7,97.6,3.8,High,Meets,Ready Now
E03182,2023,3.3,95.7,3.2,Low,Outstanding,Ready 1-2 Years
E03182,2024,4.0,91.4,3.4,Low,Outstanding,Ready Now
E03182,2025,3.6,95.0,3.3,Low,Outstanding,Ready Now
E03182,2026,4.6,85.1,4.3,Low,Partially Meets,Not Ready
E03183,2022,3.5,79.2,3.7,Low,Outstanding,Ready Now
E03183,2023,3.3,76.0,3.0,Low,Meets,Not Ready
E03183,2024,3.4,97.5,3.8,High,Meets,Ready Now
E03183,2025,3.9,120.0,3.3,Medium,Meets,Ready 1-2 Years
E03183,2026,3.5,65.6,3.2,Medium,Exceeds,Ready Now
E03184,2022,2.7,82.0,2.8,Medium,Partially Meets,Ready 1-2 Years
E03184,2023,2.6,79.0,2.3,Medium,Exceeds,Ready 1-2 Years
E03184,2024,3.2,77.9,3.6,Medium,Meets,Ready Now
E03185,2025,3.3,92.3,3.4,Medium,Meets,Not Ready
E03185,2026,2.9,73.7,3.0,Medium,Exceeds,Ready 1-2 Years
E03186,2022,2.9,77.9,3.2,High,Exceeds,Ready 1-2 Years
E03186,2023,2.5,78.6,2.8,Low,Outstanding,Ready Now
E03186,2024,3.9,88.1,3.5,Medium,Partially Meets,Ready Now
E03186,2025,3.0,93.2,3.8,Medium,Exceeds,Ready 1-2 Years
E03186,2026,3.6,87.0,3.8,Medium,Meets,Ready Now
E03187,2022,5.0,99.8,4.8,Medium,Outstanding,Not Ready
E03187,2023,5.0,107.1,4.8,Medium,Outstanding,Ready Now
E03187,2024,5.0,92.3,4.6,High,Partially Meets,Ready Now
E03187,2025,5.0,96.0,5.0,Medium,Meets,Ready 1-2 Years
E03187,2026,4.7,100.8,5.0,Low,Meets,Ready Now
E03188,2022,3.5,88.4,2.9,Medium,Exceeds,Not Ready
E03188,2023,3.4,81.0,3.6,High,Exceeds,Ready Now
E03188,2024,3.0,78.8,3.1,Medium,Meets,Ready 1-2 Years
E03188,2025,3.3,83.6,3.3,Medium,Exceeds,Not Ready
E03188,2026,2.5,86.1,2.6,Low,Exceeds,Ready 1-2 Years
E03189,2022,4.8,105.3,4.6,Medium,Outstanding,Ready Now
E03189,2023,4.7,99.5,4.0,Low,Meets,Ready Now
E03189,2024,4.5,105.7,4.6,Low,Meets,Ready 1-2 Years
E03189,2025,4.3,98.0,4.9,Medium,Exceeds,Not Ready
E03189,2026,4.6,79.5,4.8,Low,Meets,Ready Now
E03190,2022,2.7,75.7,2.8,Medium,Outstanding,Ready 1-2 Years
E03190,2023,3.0,75.9,3.5,High,Meets,Not Ready
E03190,2024,2.7,76.4,2.5,High,Partially Meets,Not Ready
E03190,2025,3.2,98.6,3.5,High,Partially Meets,Not Ready
E03190,2026,3.0,74.4,3.0,High,Meets,Ready 1-2 Years
E03191,2023,2.6,69.1,2.9,Medium,Exceeds,Not Ready
E03191,2024,2.7,81.4,2.7,Medium,Meets,Ready 1-2 Years
E03191,2025,2.9,77.0,2.7,Low,Partially Meets,Ready Now
E03191,2026,2.7,103.2,2.5,Low,Exceeds,Not Ready
E03193,2022,2.2,85.5,1.9,Medium,Meets,Not Ready
E03193,2023,2.0,86.6,2.1,High,Exceeds,Ready 1-2 Years
E03193,2024,2.7,62.7,2.4,Medium,Meets,Not Ready
E03193,2025,2.6,81.4,2.3,Medium,Partially Meets,Not Ready
E03193,2026,2.4,83.0,3.0,Medium,Partially Meets,Ready Now
E03194,2022,3.8,105.1,4.0,High,Meets,Ready Now
E03194,2023,4.2,83.5,3.9,Low,Meets,Not Ready
E03194,2024,3.7,82.2,3.9,Medium,Exceeds,Not Ready
E03194,2025,4.1,86.7,4.2,Low,Meets,Ready Now
E03194,2026,3.9,100.0,3.5,Medium,Partially Meets,Ready 1-2 Years
E03195,2022,2.9,73.8,2.8,Medium,Meets,Not Ready
E03195,2023,3.3,50.2,3.0,Medium,Exceeds,Not Ready
E03195,2024,3.2,90.9,2.7,Medium,Outstanding,Not Ready
E03195,2025,2.7,74.6,2.5,Medium,Outstanding,Ready 1-2 Years
E03195,2026,3.5,64.8,3.5,Medium,Meets,Ready Now
E03196,2022,3.0,90.4,2.3,Low,Meets,Ready Now
E03196,2023,3.8,69.8,3.8,Low,Exceeds,Not Ready
E03196,2024,3.2,93.4,3.3,Medium,Exceeds,Not Ready
E03196,2025,3.3,87.9,3.4,Medium,Meets,Ready 1-2 Years
E03196,2026,4.1,102.2,4.0,Medium,Outstanding,Ready Now
E03197,2023,2.4,63.4,2.5,Medium,Partially Meets,Ready Now
E03197,2024,2.4,89.7,2.4,High,Outstanding,Not Ready
E03197,2025,2.2,73.0,2.1,Low,Meets,Ready 1-2 Years
E03197,2026,2.6,89.9,2.3,Low,Partially Meets,Not Ready
E03198,2022,4.0,92.7,4.5,High,Meets,Ready 1-2 Years
E03198,2023,3.9,84.4,3.9,Low,Meets,Not Ready
E03198,2024,3.3,86.1,3.2,Medium,Outstanding,Ready 1-2 Years
E03198,2025,4.0,78.1,3.4,Medium,Meets,Not Ready
E03198,2026,3.6,100.2,4.0,Medium,Partially Meets,Not Ready
E03199,2022,4.2,96.2,4.0,Low,Meets,Ready Now
E03199,2023,4.8,78.9,4.9,Medium,Meets,Not Ready
E03199,2024,4.4,81.8,4.4,Low,Meets,Not Ready
E03199,2025,4.8,101.9,4.7,Low,Exceeds,Ready 1-2 Years
E03199,2026,4.7,95.0,5.0,Low,Partially Meets,Not Ready
E03200,2025,3.6,81.8,3.7,Medium,Partially Meets,Ready 1-2 Years
E03200,2026,3.9,98.4,3.6,Medium,Partially Meets,Ready Now
E03201,2026,2.9,87.9,2.9,High,Exceeds,Ready 1-2 Years
E03202,2022,2.8,70.6,2.7,Medium,Partially Meets,Not Ready
E03202,2023,2.8,77.9,2.6,Medium,Meets,Ready 1-2 Years
E03202,2024,3.4,83.5,3.5,Medium,Meets,Ready 1-2 Years
E03202,2025,2.9,85.8,3.1,Low,Meets,Ready 1-2 Years
E03202,2026,2.9,76.4,2.4,Medium,Partially Meets,Ready Now
E03203,2023,2.8,88.6,2.9,High,Partially Meets,Ready 1-2 Years
E03203,2024,2.5,75.3,2.3,Medium,Meets,Not Ready
E03203,2025,2.9,77.6,2.6,Low,Partially Meets,Ready 1-2 Years
E03203,2026,4.2,85.4,4.5,Medium,Outstanding,Ready Now
E03204,2023,3.0,92.2,2.8,Medium,Meets,Ready Now
E03204,2024,3.2,83.0,3.0,Medium,Meets,Not Ready
E03204,2025,3.3,87.9,3.5,High,Partially Meets,Not Ready
E03204,2026,2.9,81.9,3.1,High,Meets,Not Ready
E03205,2026,3.3,91.6,3.2,Low,Partially Meets,Ready Now
E03206,2025,3.0,72.5,3.8,Medium,Outstanding,Not Ready
E03206,2026,3.4,88.6,3.5,Medium,Meets,Ready 1-2 Years
E03207,2022,4.1,91.6,4.4,Medium,Partially Meets,Ready Now
E03207,2023,3.5,62.5,4.0,High,Outstanding,Not Ready
E03207,2024,3.6,80.7,4.2,Medium,Meets,Ready Now
E03207,2025,3.8,112.9,3.7,Medium,Meets,Ready 1-2 Years
E03207,2026,3.5,97.3,2.8,Medium,Exceeds,Ready 1-2 Years
E03208,2022,3.2,85.3,3.2,Medium,Partially Meets,Ready 1-2 Years
E03208,2023,2.7,93.2,2.8,High,Exceeds,Not Ready
E03208,2024,2.9,64.4,2.8,Medium,Meets,Ready Now
E03208,2025,2.7,89.0,2.6,Medium,Meets,Not Ready
E03208,2026,2.8,78.7,2.7,Medium,Meets,Ready 1-2 Years
E03209,2022,3.0,77.2,3.2,Medium,Partially Meets,Ready 1-2 Years
E03209,2023,2.4,80.1,2.3,High,Partially Meets,Ready Now
E03209,2024,3.1,77.0,2.7,Medium,Outstanding,Not Ready
E03209,2025,3.2,70.1,3.4,Low,Exceeds,Ready Now
E03209,2026,1.7,61.8,2.2,Medium,Meets,Ready 1-2 Years
E03210,2022,3.6,92.0,3.5,High,Outstanding,Ready 1-2 Years
E03210,2023,3.7,89.3,4.0,High,Outstanding,Ready 1-2 Years
E03210,2024,3.3,83.2,3.2,Medium,Meets,Ready 1-2 Years
E03210,2025,3.0,80.2,3.3,Medium,Meets,Ready Now
E03210,2026,3.5,70.0,3.5,Medium,Meets,Ready 1-2 Years
E03211,2022,3.1,78.9,2.8,High,Meets,Ready 1-2 Years
E03211,2023,3.2,94.5,2.9,Low,Outstanding,Ready 1-2 Years
E03211,2024,3.2,78.4,2.8,Low,Meets,Ready 1-2 Years
E03211,2025,3.5,85.8,3.4,Medium,Partially Meets,Ready 1-2 Years
E03211,2026,2.5,75.2,2.3,Low,Exceeds,Ready 1-2 Years
E03212,2022,3.7,77.4,3.6,Low,Outstanding,Ready Now
E03212,2023,3.9,80.9,4.7,Low,Meets,Ready 1-2 Years
E03212,2024,3.8,82.6,3.3,Medium,Exceeds,Not Ready
E03212,2025,3.8,96.0,3.9,Medium,Exceeds,Ready 1-2 Years
E03212,2026,3.1,82.1,3.3,High,Partially Meets,Ready 1-2 Years
E03213,2022,3.9,86.6,3.3,Medium,Partially Meets,Not Ready
E03213,2023,3.1,92.0,3.2,Low,Exceeds,Ready 1-2 Years
E03213,2024,3.5,76.6,3.3,Medium,Outstanding,Ready 1-2 Years
E03213,2025,3.5,73.2,3.4,Low,Outstanding,Not Ready
E03213,2026,3.7,89.8,3.8,Medium,Meets,Not Ready
E03214,2024,2.3,72.4,2.3,Low,Outstanding,Ready 1-2 Years
E03214,2025,2.1,76.6,2.1,Low,Outstanding,Not Ready
E03214,2026,1.4,89.3,1.2,Medium,Meets,Ready Now
E03215,2022,3.8,84.7,4.0,High,Meets,Not Ready
E03215,2023,3.1,76.7,3.5,Medium,Meets,Ready 1-2 Years
E03215,2024,3.4,78.2,3.2,Low,Meets,Ready 1-2 Years
E03215,2025,3.5,81.7,3.4,Medium,Meets,Ready 1-2 Years
E03215,2026,3.8,77.7,4.2,High,Outstanding,Not Ready
E03216,2026,4.2,95.6,4.6,High,Exceeds,Ready Now
E03217,2023,2.5,75.2,2.8,Low,Meets,Ready Now
E03217,2024,2.6,74.5,2.7,Medium,Exceeds,Not Ready
E03217,2025,2.3,91.9,2.9,Low,Outstanding,Ready Now
E03217,2026,2.5,67.2,2.2,Medium,Meets,Not Ready
E03218,2022,2.8,98.0,3.1,Medium,Meets,Ready 1-2 Years
E03218,2023,3.1,104.4,2.8,Medium,Meets,Ready 1-2 Years
E03218,2024,3.1,80.1,3.2,Medium,Meets,Ready 1-2 Years
E03218,2025,3.0,86.9,2.8,Medium,Meets,Not Ready
E03218,2026,3.4,79.5,3.1,Low,Exceeds,Ready Now
E03219,2022,3.7,93.6,3.3,Low,Outstanding,Ready Now
E03219,2023,3.9,82.9,4.0,Low,Meets,Not Ready
E03219,2024,3.1,80.5,2.9,Medium,Exceeds,Ready 1-2 Years
E03219,2025,3.7,107.3,3.1,Medium,Meets,Not Ready
E03219,2026,3.3,85.7,3.6,Medium,Outstanding,Not Ready
E03221,2026,3.6,76.7,3.7,Low,Outstanding,Not Ready
E03222,2026,3.8,76.4,3.7,Medium,Meets,Not Ready
E03223,2024,3.2,95.1,3.8,Medium,Meets,Not Ready
E03223,2025,3.3,98.2,3.2,Low,Exceeds,Ready Now
E03223,2026,3.2,89.8,3.4,Medium,Exceeds,Ready Now
E03224,2025,3.1,72.1,3.3,Medium,Meets,Ready 1-2 Years
E03224,2026,3.4,79.2,3.2,Low,Partially Meets,Ready Now
E03225,2025,3.7,91.6,3.6,Medium,Exceeds,Not Ready
E03225,2026,4.1,74.7,4.3,High,Partially Meets,Ready 1-2 Years
E03226,2024,3.2,84.2,3.4,High,Exceeds,Ready 1-2 Years
E03226,2025,3.8,72.3,3.9,Medium,Partially Meets,Ready 1-2 Years
E03226,2026,3.2,96.8,3.2,Medium,Partially Meets,Not Ready
E03227,2026,3.3,72.5,3.4,Low,Partially Meets,Ready Now
E03228,2024,3.9,96.6,4.1,Medium,Meets,Not Ready
E03228,2025,3.9,77.9,4.3,Medium,Meets,Not Ready
E03228,2026,4.3,86.1,4.5,Medium,Meets,Not Ready
E03229,2022,3.6,94.2,3.5,Low,Outstanding,Ready 1-2 Years
E03229,2023,3.5,74.2,3.6,Medium,Partially Meets,Ready Now
E03229,2024,4.1,99.8,3.9,Medium,Partially Meets,Ready 1-2 Years
E03229,2025,4.0,92.0,4.2,Medium,Meets,Ready 1-2 Years
E03229,2026,4.2,85.4,3.7,Medium,Partially Meets,Ready Now
E03230,2025,4.4,96.5,4.5,Medium,Exceeds,Not Ready
E03230,2026,3.7,90.4,4.0,Medium,Exceeds,Not Ready
E03231,2026,3.3,79.1,3.3,Medium,Outstanding,Ready Now
E03232,2022,2.4,68.5,2.3,Medium,Partially Meets,Ready 1-2 Years
E03232,2023,2.7,72.2,2.8,Low,Partially Meets,Ready 1-2 Years
E03232,2024,3.0,79.5,3.2,Medium,Outstanding,Not Ready
E03232,2025,2.4,71.4,2.7,Low,Partially Meets,Ready 1-2 Years
E03232,2026,2.1,63.5,2.4,Low,Meets,Not Ready
E03233,2022,4.1,102.2,4.1,Low,Exceeds,Not Ready
E03233,2023,3.6,73.5,3.6,Medium,Outstanding,Ready 1-2 Years
E03233,2024,3.8,66.0,4.1,Low,Outstanding,Ready 1-2 Years
E03233,2025,4.3,99.6,4.5,Medium,Meets,Not Ready
E03233,2026,3.8,90.0,3.6,Medium,Partially Meets,Ready Now
E03234,2022,3.6,65.6,3.1,Medium,Exceeds,Not Ready
E03234,2023,4.5,92.1,4.6,High,Outstanding,Not Ready
E03234,2024,3.7,92.6,3.6,Medium,Outstanding,Not Ready
E03235,2024,2.8,64.5,2.7,Medium,Partially Meets,Ready 1-2 Years
E03236,2022,2.4,74.4,2.3,Medium,Outstanding,Not Ready
E03236,2023,2.8,82.6,3.0,High,Partially Meets,Not Ready
E03236,2024,2.3,83.8,2.1,Medium,Partially Meets,Not Ready
E03236,2025,3.4,90.5,3.2,Low,Outstanding,Ready 1-2 Years
E03236,2026,2.0,69.6,1.6,Medium,Meets,Not Ready
E03237,2022,5.0,84.0,4.5,Low,Meets,Ready 1-2 Years
E03237,2023,4.5,87.6,4.6,Medium,Outstanding,Not Ready
E03237,2024,3.7,87.4,3.8,High,Partially Meets,Ready 1-2 Years
E03237,2025,3.8,82.6,3.9,Low,Partially Meets,Not Ready
E03237,2026,4.8,92.5,4.7,Medium,Meets,Ready Now
E03238,2022,4.7,94.6,4.7,Low,Meets,Ready 1-2 Years
E03238,2023,4.3,88.4,4.9,Low,Meets,Not Ready
E03238,2024,3.9,69.2,3.8,High,Meets,Not Ready
E03238,2025,4.1,95.0,4.1,Medium,Exceeds,Ready Now
E03238,2026,3.8,96.3,4.1,Medium,Outstanding,Ready 1-2 Years
E03239,2022,3.5,90.7,3.5,Medium,Partially Meets,Ready Now
E03239,2023,3.5,77.6,3.5,Medium,Partially Meets,Not Ready
E03241,2025,4.0,95.9,3.8,Medium,Meets,Ready 1-2 Years
E03242,2022,3.0,79.5,2.9,Medium,Meets,Not Ready
E03242,2023,2.6,71.7,2.3,Medium,Meets,Ready 1-2 Years
E03242,2024,3.0,87.4,3.1,Low,Meets,Not Ready
E03242,2025,3.6,82.1,4.1,Medium,Meets,Ready 1-2 Years
E03243,2024,3.6,83.2,3.4,Medium,Partially Meets,Not Ready
E03243,2025,2.8,85.2,2.9,High,Meets,Not Ready
E03243,2026,2.7,72.8,3.0,Medium,Exceeds,Not Ready
E03244,2026,2.4,80.9,2.9,Medium,Partially Meets,Ready Now
E03245,2023,3.7,89.4,3.3,Medium,Outstanding,Ready 1-2 Years
E03245,2024,3.2,78.7,3.1,Medium,Meets,Not Ready
E03246,2026,2.9,69.0,2.6,Medium,Outstanding,Ready 1-2 Years
E03247,2022,2.7,91.8,2.7,Medium,Outstanding,Ready Now
E03247,2023,2.7,73.1,2.8,Low,Exceeds,Ready Now
E03247,2024,2.7,89.1,1.9,Medium,Meets,Ready Now
E03247,2025,2.8,76.6,2.9,Low,Partially Meets,Not Ready
E03247,2026,3.4,86.0,3.2,Low,Meets,Not Ready
E03248,2022,2.8,62.4,2.4,High,Meets,Not Ready
E03248,2023,2.9,79.8,2.5,High,Meets,Ready 1-2 Years
E03249,2023,2.9,82.3,2.9,Low,Exceeds,Ready Now
E03249,2024,3.4,98.8,3.8,Low,Meets,Ready Now
E03249,2025,3.5,76.2,3.2,Medium,Outstanding,Ready Now
E03249,2026,3.4,104.6,3.3,Medium,Meets,Ready Now
E03251,2022,2.3,73.6,2.6,Low,Outstanding,Ready 1-2 Years
E03251,2023,2.7,83.3,2.5,High,Partially Meets,Not Ready
E03251,2024,2.4,96.2,1.9,Low,Meets,Ready 1-2 Years
E03251,2025,2.4,80.3,2.9,Low,Exceeds,Ready 1-2 Years
E03251,2026,2.7,84.9,2.8,Low,Partially Meets,Ready 1-2 Years
E03252,2022,4.1,75.7,4.0,Low,Outstanding,Ready Now
E03252,2023,3.9,93.6,4.2,Medium,Partially Meets,Not Ready
E03252,2024,3.3,77.4,3.2,Low,Outstanding,Not Ready
E03252,2025,4.0,73.5,3.5,Medium,Meets,Not Ready
E03252,2026,4.0,100.6,3.9,Medium,Meets,Ready Now
E03253,2025,2.8,57.7,3.0,Medium,Partially Meets,Ready 1-2 Years
E03253,2026,2.9,68.1,2.3,Medium,Meets,Not Ready
E03254,2022,4.5,91.1,4.6,Medium,Exceeds,Ready 1-2 Years
E03254,2023,3.3,101.6,3.6,Low,Exceeds,Not Ready
E03254,2024,3.4,69.1,3.8,Medium,Outstanding,Ready Now
E03254,2025,3.6,77.1,3.8,High,Outstanding,Ready 1-2 Years
E03254,2026,4.0,84.5,3.9,High,Exceeds,Not Ready
E03255,2023,4.6,97.9,4.3,Low,Partially Meets,Not Ready
E03255,2024,4.8,83.8,4.7,Low,Meets,Ready Now
E03255,2025,4.7,102.0,4.7,Medium,Meets,Ready 1-2 Years
E03257,2022,2.3,95.5,2.4,Medium,Exceeds,Not Ready
E03257,2023,2.3,75.4,2.5,Medium,Partially Meets,Ready 1-2 Years
E03257,2024,3.3,79.0,3.7,Medium,Outstanding,Not Ready
E03257,2025,3.1,76.4,3.3,Medium,Exceeds,Ready Now
E03257,2026,2.6,90.2,2.9,Low,Exceeds,Not Ready
E03258,2022,2.9,81.5,2.8,Medium,Partially Meets,Ready 1-2 Years
E03258,2023,2.2,71.7,2.6,Medium,Partially Meets,Ready Now
E03258,2024,2.8,81.7,2.8,High,Exceeds,Not Ready
E03258,2025,2.4,46.6,2.8,Low,Exceeds,Ready 1-2 Years
E03258,2026,2.7,56.8,3.2,Low,Meets,Ready 1-2 Years
E03259,2023,2.1,78.3,1.6,High,Exceeds,Ready Now
E03259,2024,3.2,112.8,3.5,High,Meets,Not Ready
E03259,2025,2.9,93.8,2.9,Medium,Meets,Not Ready
E03259,2026,2.6,69.0,2.7,Medium,Outstanding,Ready Now
E03260,2023,3.7,83.9,3.8,High,Meets,Not Ready
E03260,2024,3.9,97.8,3.8,Medium,Exceeds,Ready Now
E03260,2025,4.1,82.9,3.9,Medium,Meets,Not Ready
E03260,2026,3.4,99.0,3.6,Medium,Meets,Not Ready
E03261,2022,3.1,70.2,3.1,Medium,Meets,Ready Now
E03261,2023,3.7,77.7,3.9,High,Meets,Not Ready
E03261,2024,2.9,70.0,3.0,Medium,Meets,Not Ready
E03261,2025,3.2,95.1,2.9,High,Meets,Ready Now
E03261,2026,3.0,88.1,3.0,Medium,Meets,Not Ready
E03262,2022,3.7,73.1,3.5,Low,Meets,Ready Now
E03262,2023,3.3,81.5,3.3,Medium,Outstanding,Ready 1-2 Years
E03262,2024,3.4,83.4,3.3,Medium,Meets,Not Ready
E03262,2025,3.7,93.1,3.5,Medium,Outstanding,Ready Now
E03262,2026,3.1,86.4,3.3,Medium,Partially Meets,Ready 1-2 Years
E03263,2023,2.4,85.7,2.1,Low,Meets,Not Ready
E03263,2024,2.0,73.9,2.5,High,Outstanding,Ready Now
E03263,2025,2.9,86.8,3.2,High,Meets,Ready Now
E03263,2026,2.7,75.7,2.7,Medium,Outstanding,Ready 1-2 Years
E03264,2026,3.2,73.3,3.3,High,Meets,Ready Now
E03265,2022,3.6,79.0,3.7,Medium,Outstanding,Not Ready
E03265,2023,2.8,108.1,2.6,High,Exceeds,Ready 1-2 Years
E03265,2024,3.3,85.2,3.6,Medium,Meets,Not Ready
E03265,2025,2.9,92.5,2.8,Medium,Outstanding,Not Ready
E03265,2026,3.4,73.9,3.4,Medium,Partially Meets,Ready 1-2 Years
E03266,2022,2.5,84.3,3.0,Medium,Meets,Ready Now
E03266,2023,2.2,80.7,2.3,Low,Outstanding,Not Ready
E03266,2024,1.9,52.5,1.4,Medium,Exceeds,Ready 1-2 Years
E03266,2025,1.8,62.2,1.6,Medium,Partially Meets,Ready Now
E03266,2026,2.1,67.5,2.4,Low,Partially Meets,Ready 1-2 Years
E03267,2022,2.9,93.7,2.8,Medium,Outstanding,Ready 1-2 Years
E03267,2023,2.9,79.6,3.6,Medium,Exceeds,Ready Now
E03267,2024,2.8,84.5,2.4,High,Meets,Not Ready
E03267,2025,3.7,74.9,3.6,Medium,Outstanding,Ready 1-2 Years
E03267,2026,3.6,92.3,3.9,Medium,Meets,Ready Now
E03268,2022,3.9,88.8,3.2,Medium,Meets,Ready Now
E03268,2023,3.7,101.9,3.5,Medium,Exceeds,Ready 1-2 Years
E03268,2024,3.9,92.3,4.3,Low,Partially Meets,Ready Now
E03268,2025,4.0,90.3,4.1,Medium,Meets,Ready 1-2 Years
E03268,2026,4.8,108.9,5.0,Medium,Outstanding,Not Ready
E03269,2026,4.2,91.3,4.7,Low,Partially Meets,Not Ready
E03270,2023,4.1,105.9,3.9,High,Exceeds,Not Ready
E03270,2024,3.6,83.3,3.6,Medium,Exceeds,Ready Now
E03270,2025,4.4,82.7,4.4,High,Meets,Not Ready
E03270,2026,4.4,72.8,4.2,Medium,Partially Meets,Not Ready
E03271,2022,4.4,94.9,4.3,Medium,Meets,Ready 1-2 Years
E03271,2023,5.0,100.8,4.7,Medium,Exceeds,Ready 1-2 Years
E03271,2024,4.4,84.6,4.1,Low,Partially Meets,Ready 1-2 Years
E03271,2025,4.0,86.2,4.0,Medium,Partially Meets,Not Ready
E03271,2026,4.7,100.1,4.7,Low,Meets,Ready 1-2 Years
E03272,2025,3.2,90.6,3.5,Medium,Exceeds,Not Ready
E03272,2026,3.7,91.2,2.9,Medium,Meets,Not Ready
E03273,2022,3.9,78.8,3.9,Low,Meets,Ready 1-2 Years
E03273,2023,3.4,74.4,3.0,Low,Outstanding,Ready 1-2 Years
E03273,2024,3.6,79.8,3.7,Medium,Exceeds,Ready 1-2 Years
E03273,2025,3.9,84.2,3.8,Medium,Partially Meets,Ready 1-2 Years
E03273,2026,3.5,72.8,3.4,High,Exceeds,Ready Now
E03274,2026,2.7,91.1,2.9,High,Partially Meets,Ready Now
E03275,2025,2.6,79.5,2.6,Medium,Exceeds,Ready Now
E03275,2026,3.6,89.3,3.2,High,Meets,Not Ready
E03276,2022,4.0,90.5,3.5,Medium,Exceeds,Not Ready
E03276,2023,3.9,102.5,3.2,Medium,Outstanding,Ready Now
E03276,2024,3.7,90.1,3.5,High,Partially Meets,Not Ready
E03276,2025,4.0,80.2,3.9,Medium,Outstanding,Not Ready
E03276,2026,4.1,88.0,4.8,Medium,Meets,Not Ready
E03277,2022,2.5,62.5,2.1,Medium,Meets,Not Ready
E03277,2023,3.3,79.6,3.4,Low,Outstanding,Not Ready
E03277,2024,2.8,95.6,3.0,Medium,Meets,Not Ready
E03277,2025,3.5,85.5,3.7,Medium,Outstanding,Ready 1-2 Years
E03277,2026,3.2,90.4,3.6,Low,Exceeds,Not Ready
E03278,2024,2.6,80.4,2.7,Medium,Outstanding,Ready Now
E03278,2025,3.2,101.5,2.6,Medium,Meets,Ready Now
E03278,2026,2.9,46.8,3.1,High,Partially Meets,Ready Now
E03279,2022,3.8,101.2,4.3,High,Meets,Ready 1-2 Years
E03279,2023,4.0,97.1,4.2,Medium,Partially Meets,Not Ready
E03279,2024,3.7,83.9,3.6,Low,Partially Meets,Ready 1-2 Years
E03279,2025,3.6,81.5,3.3,High,Outstanding,Ready Now
E03280,2022,2.8,85.5,2.1,Medium,Partially Meets,Not Ready
E03280,2023,2.7,86.6,2.9,Medium,Meets,Ready Now
E03280,2024,2.7,81.8,3.0,Medium,Meets,Ready 1-2 Years
E03280,2025,2.2,84.2,2.3,High,Meets,Not Ready
E03280,2026,3.4,88.5,3.6,High,Meets,Ready 1-2 Years
E03281,2026,4.2,91.8,4.4,Medium,Exceeds,Ready Now
E03285,2022,3.8,96.3,4.1,High,Exceeds,Ready 1-2 Years
E03285,2023,2.7,75.9,3.1,High,Meets,Not Ready
E03285,2024,2.8,82.4,2.7,Medium,Partially Meets,Not Ready
E03285,2025,3.0,61.6,2.7,Medium,Meets,Ready Now
E03285,2026,3.2,95.0,2.9,Medium,Meets,Ready 1-2 Years
E03286,2025,2.9,71.3,3.0,Medium,Meets,Ready 1-2 Years
E03286,2026,3.3,86.7,3.5,Medium,Exceeds,Ready Now
E03287,2024,4.0,87.1,4.2,Medium,Meets,Ready 1-2 Years
E03287,2025,3.5,85.4,3.3,Medium,Meets,Ready Now
E03287,2026,4.2,97.9,4.5,Medium,Meets,Ready 1-2 Years
E03288,2024,2.9,86.1,2.7,Medium,Partially Meets,Not Ready
E03288,2025,2.9,81.2,2.5,High,Meets,Not Ready
E03288,2026,3.1,90.5,3.1,Medium,Meets,Ready 1-2 Years
E03289,2026,4.5,108.5,4.2,Medium,Outstanding,Not Ready
E03290,2024,2.8,80.7,3.3,Low,Meets,Ready Now
E03290,2025,2.8,83.0,2.6,Medium,Meets,Ready 1-2 Years
E03290,2026,2.5,63.8,2.6,Medium,Outstanding,Ready Now
E03291,2025,3.5,97.7,3.7,Medium,Exceeds,Not Ready
E03291,2026,4.1,100.7,4.0,Low,Outstanding,Ready 1-2 Years
E03292,2024,2.6,86.2,3.4,Medium,Exceeds,Not Ready
E03292,2025,3.4,85.5,3.2,High,Partially Meets,Ready Now
E03292,2026,3.0,96.0,2.8,Low,Outstanding,Ready Now
E03294,2023,4.1,66.2,3.8,Medium,Meets,Not Ready
E03294,2024,4.1,86.3,3.8,High,Partially Meets,Ready Now
E03294,2025,4.0,90.1,3.7,Medium,Meets,Not Ready
E03294,2026,4.9,90.7,4.5,Medium,Partially Meets,Ready Now
E03295,2023,2.9,86.3,2.6,High,Meets,Ready 1-2 Years
E03295,2024,3.1,100.9,2.6,Medium,Partially Meets,Ready 1-2 Years
E03295,2025,3.2,70.2,3.2,Low,Meets,Not Ready
E03295,2026,2.8,75.2,3.2,Medium,Exceeds,Ready Now
E03296,2022,4.0,78.3,4.1,Medium,Exceeds,Ready 1-2 Years
E03297,2025,4.1,103.1,4.4,Medium,Partially Meets,Not Ready
E03297,2026,4.0,103.2,4.2,Medium,Outstanding,Ready 1-2 Years
E03298,2022,4.2,81.5,3.7,Medium,Meets,Ready 1-2 Years
E03298,2023,4.3,88.9,3.6,Medium,Meets,Ready 1-2 Years
E03298,2024,4.1,84.6,4.5,High,Partially Meets,Ready Now
E03298,2025,4.2,78.1,4.0,Medium,Outstanding,Not Ready
E03298,2026,4.2,91.8,4.7,Medium,Outstanding,Ready Now
E03299,2026,3.3,93.1,3.7,Medium,Meets,Ready Now
E03300,2022,3.8,91.3,4.1,Medium,Meets,Not Ready
E03300,2023,3.9,75.1,3.7,Medium,Outstanding,Not Ready
E03300,2024,4.0,78.5,4.1,Low,Partially Meets,Ready Now
E03300,2025,4.0,105.8,3.9,Medium,Partially Meets,Not Ready
E03300,2026,3.2,60.3,3.8,Low,Meets,Not Ready
E03301,2023,3.6,77.8,3.4,Medium,Meets,Ready 1-2 Years
E03301,2024,4.0,88.6,3.7,Medium,Outstanding,Not Ready
E03301,2025,5.0,91.9,4.9,Medium,Partially Meets,Ready Now
E03301,2026,4.3,97.8,4.3,High,Outstanding,Ready 1-2 Years
E03303,2022,3.5,83.1,3.9,Medium,Partially Meets,Ready Now
E03303,2023,3.6,84.8,3.3,Low,Partially Meets,Ready Now
E03303,2024,3.5,86.6,3.5,Low,Meets,Ready Now
E03303,2025,4.0,66.0,4.0,Low,Meets,Ready Now
E03303,2026,3.3,87.5,3.3,Medium,Meets,Not Ready
E03304,2023,3.3,81.2,3.1,Medium,Exceeds,Ready 1-2 Years
E03304,2024,2.4,97.2,2.6,Medium,Exceeds,Ready Now
E03304,2025,2.3,85.3,2.1,Low,Meets,Ready Now
E03305,2024,4.1,98.5,3.7,Medium,Partially Meets,Not Ready
E03305,2025,4.8,114.6,4.9,Low,Meets,Ready 1-2 Years
E03305,2026,4.3,90.2,4.3,Medium,Exceeds,Ready Now
E03306,2022,3.3,97.5,3.4,High,Meets,Ready Now
E03306,2023,2.7,74.4,2.6,Low,Outstanding,Not Ready
E03306,2024,2.9,65.9,3.0,High,Partially Meets,Not Ready
E03306,2025,2.2,84.2,2.2,Low,Exceeds,Ready Now
E03306,2026,2.6,84.8,2.9,Medium,Exceeds,Ready Now
E03308,2022,2.5,65.1,2.9,Medium,Meets,Not Ready
E03308,2023,2.8,68.1,2.6,Medium,Meets,Not Ready
E03308,2024,3.5,97.4,3.9,Medium,Partially Meets,Ready Now
E03308,2025,2.6,68.8,2.9,High,Meets,Ready 1-2 Years
E03308,2026,3.2,103.3,3.3,Medium,Exceeds,Ready 1-2 Years
E03310,2022,3.6,78.6,3.8,Low,Meets,Ready 1-2 Years
E03310,2023,2.7,74.7,2.7,High,Partially Meets,Ready 1-2 Years
E03310,2024,3.8,77.7,4.1,Medium,Meets,Ready Now
E03310,2025,3.4,72.8,3.6,Medium,Outstanding,Ready Now
E03310,2026,2.6,73.5,2.3,Medium,Partially Meets,Ready 1-2 Years
E03311,2022,3.8,91.3,4.5,Medium,Meets,Ready 1-2 Years
E03311,2023,3.9,84.7,4.1,Low,Meets,Ready 1-2 Years
E03311,2024,3.2,86.7,3.3,Medium,Meets,Ready 1-2 Years
E03311,2025,3.5,93.9,3.5,Medium,Partially Meets,Ready 1-2 Years
E03311,2026,3.4,91.4,3.7,High,Outstanding,Ready 1-2 Years
E03312,2026,4.1,76.9,4.3,Medium,Exceeds,Ready 1-2 Years
E03313,2024,2.5,79.8,2.7,Medium,Meets,Ready 1-2 Years
E03313,2025,2.6,92.3,3.0,Medium,Outstanding,Ready Now
E03313,2026,2.4,82.0,2.2,Medium,Meets,Not Ready
E03314,2022,2.9,77.2,2.9,Low,Partially Meets,Ready 1-2 Years
E03315,2022,1.9,86.9,1.6,Medium,Outstanding,Ready Now
E03315,2023,2.6,91.8,2.8,High,Meets,Ready 1-2 Years
E03315,2024,2.1,79.1,2.4,Medium,Exceeds,Ready 1-2 Years
E03315,2025,2.0,74.8,1.5,Medium,Partially Meets,Ready Now
E03315,2026,2.4,79.4,2.3,High,Meets,Not Ready
E03316,2023,3.3,74.7,3.1,Low,Partially Meets,Ready 1-2 Years
E03316,2024,3.5,95.0,3.6,High,Partially Meets,Ready Now
E03316,2025,3.4,72.4,3.3,Medium,Partially Meets,Ready 1-2 Years
E03316,2026,3.1,74.8,2.6,High,Partially Meets,Ready 1-2 Years
E03317,2022,3.3,77.7,2.9,Medium,Meets,Ready 1-2 Years
E03317,2023,3.5,94.1,3.8,Medium,Outstanding,Not Ready
E03317,2024,3.3,86.5,3.7,Medium,Outstanding,Not Ready
E03317,2025,3.2,90.9,3.1,High,Meets,Ready Now
E03317,2026,3.3,92.1,3.1,High,Meets,Ready 1-2 Years
E03318,2022,2.2,71.0,1.9,Medium,Partially Meets,Ready 1-2 Years
E03319,2022,3.2,87.0,3.2,Medium,Exceeds,Ready Now
E03319,2023,4.0,98.3,3.9,High,Exceeds,Ready 1-2 Years
E03319,2024,3.7,94.2,3.5,Medium,Outstanding,Not Ready
E03319,2025,4.0,92.1,4.1,Medium,Meets,Ready Now
E03320,2024,3.8,82.7,4.1,Medium,Exceeds,Ready 1-2 Years
E03320,2025,4.3,94.3,3.8,Medium,Partially Meets,Ready Now
E03320,2026,4.9,92.4,4.8,Low,Meets,Not Ready
E03321,2022,2.8,85.8,3.1,Medium,Outstanding,Ready 1-2 Years
E03321,2023,2.9,85.8,3.1,Low,Meets,Ready 1-2 Years
E03321,2024,2.1,99.5,2.0,Medium,Partially Meets,Ready 1-2 Years
E03321,2025,2.3,79.2,2.6,High,Partially Meets,Not Ready
E03321,2026,2.6,74.3,2.0,High,Meets,Ready 1-2 Years
E03322,2024,3.1,84.2,3.1,High,Partially Meets,Not Ready
E03322,2025,2.9,95.2,3.2,High,Outstanding,Not Ready
E03322,2026,3.2,78.2,2.5,High,Partially Meets,Ready Now
E03323,2022,3.9,91.0,3.9,Low,Outstanding,Ready Now
E03323,2023,4.3,88.2,4.9,High,Outstanding,Ready 1-2 Years
E03323,2024,3.9,86.2,3.8,Medium,Meets,Ready 1-2 Years
E03323,2025,4.5,68.0,4.4,Medium,Exceeds,Ready Now
E03323,2026,3.9,98.8,3.8,High,Exceeds,Ready Now
E03324,2022,3.4,83.5,2.9,Medium,Partially Meets,Not Ready
E03325,2022,3.7,81.7,3.5,High,Outstanding,Ready 1-2 Years
E03325,2023,3.6,81.4,3.6,High,Partially Meets,Ready 1-2 Years
E03325,2024,3.2,74.5,2.9,Medium,Outstanding,Ready 1-2 Years
E03325,2025,3.8,85.2,3.6,High,Exceeds,Ready 1-2 Years
E03325,2026,3.3,71.2,3.3,Medium,Partially Meets,Not Ready
E03326,2022,5.0,85.7,5.0,Medium,Partially Meets,Not Ready
E03326,2023,4.0,86.5,4.2,Low,Exceeds,Ready 1-2 Years
E03326,2024,4.2,85.2,4.2,Medium,Outstanding,Ready Now
E03327,2024,4.2,98.9,4.0,Medium,Outstanding,Ready Now
E03327,2025,4.3,89.8,3.9,Medium,Partially Meets,Not Ready
E03327,2026,4.4,79.6,4.6,Medium,Outstanding,Not Ready
E03328,2023,3.1,87.5,3.4,Medium,Partially Meets,Not Ready
E03328,2024,2.9,74.2,3.3,Medium,Meets,Ready 1-2 Years
E03328,2025,3.7,91.7,4.3,High,Meets,Not Ready
E03328,2026,3.2,68.3,3.5,Medium,Meets,Ready Now
E03329,2024,4.8,99.3,4.9,High,Outstanding,Not Ready
E03329,2025,5.0,82.9,5.0,High,Partially Meets,Ready 1-2 Years
E03329,2026,4.6,86.0,4.7,Medium,Outstanding,Not Ready
E03330,2022,2.3,76.2,2.2,Medium,Meets,Ready 1-2 Years
E03330,2023,3.0,78.3,2.8,Low,Meets,Ready 1-2 Years
E03330,2024,2.0,67.2,2.0,High,Meets,Ready 1-2 Years
E03330,2025,3.0,87.0,3.2,Medium,Partially Meets,Not Ready
E03331,2022,2.9,61.5,2.9,Medium,Outstanding,Ready 1-2 Years
E03331,2023,2.6,80.4,2.7,High,Meets,Not Ready
E03331,2024,3.3,91.2,3.4,High,Outstanding,Ready 1-2 Years
E03331,2025,3.4,94.4,3.4,Medium,Outstanding,Ready 1-2 Years
E03331,2026,3.3,94.7,3.8,Low,Meets,Ready Now
E03332,2025,3.9,96.1,3.8,High,Meets,Not Ready
E03332,2026,5.0,94.9,5.0,Medium,Outstanding,Ready 1-2 Years
E03334,2025,2.8,84.5,2.8,Low,Partially Meets,Not Ready
E03334,2026,2.7,63.2,2.9,Medium,Meets,Ready Now
E03335,2022,3.3,81.8,3.5,Medium,Exceeds,Ready 1-2 Years
E03335,2023,3.1,88.5,3.2,Medium,Partially Meets,Ready Now
E03335,2024,3.6,83.9,4.1,Medium,Partially Meets,Not Ready
E03335,2025,3.5,78.6,3.4,Medium,Meets,Not Ready
E03335,2026,3.7,87.5,3.8,High,Exceeds,Not Ready
E03336,2023,3.4,73.4,3.6,Medium,Exceeds,Ready 1-2 Years
E03336,2024,3.6,84.9,3.8,Medium,Meets,Ready 1-2 Years
E03336,2025,3.7,102.9,3.7,Low,Partially Meets,Ready Now
E03336,2026,2.9,83.8,2.8,Medium,Partially Meets,Ready Now
E03337,2022,3.7,83.7,4.0,Medium,Outstanding,Ready Now
E03337,2023,3.7,75.8,4.2,Medium,Meets,Ready 1-2 Years
E03337,2024,3.5,85.7,3.7,Medium,Outstanding,Ready Now
E03337,2025,3.2,73.7,3.1,Medium,Meets,Ready 1-2 Years
E03338,2025,3.9,86.6,4.2,Medium,Outstanding,Ready 1-2 Years
E03338,2026,3.9,81.5,4.1,Medium,Exceeds,Ready 1-2 Years
E03339,2025,3.0,61.2,3.2,High,Meets,Ready 1-2 Years
E03339,2026,3.3,81.6,3.2,Low,Meets,Not Ready
E03340,2024,3.6,87.2,3.9,Medium,Meets,Ready Now
E03340,2025,3.6,87.0,3.5,Medium,Meets,Ready Now
E03340,2026,3.5,96.8,3.7,Medium,Partially Meets,Ready Now
E03341,2022,3.3,94.7,3.3,Medium,Partially Meets,Not Ready
E03341,2023,3.0,86.9,3.0,High,Meets,Ready 1-2 Years
E03341,2024,3.0,87.2,2.7,High,Outstanding,Ready 1-2 Years
E03341,2025,2.9,95.2,3.1,Low,Meets,Ready 1-2 Years
E03341,2026,3.7,69.1,3.8,Medium,Partially Meets,Ready Now
E03342,2022,3.3,85.8,3.1,Medium,Meets,Ready 1-2 Years
E03342,2023,3.2,80.5,3.2,Medium,Outstanding,Not Ready
E03342,2024,3.6,95.2,3.8,High,Outstanding,Ready Now
E03342,2025,3.6,108.6,3.3,Low,Meets,Not Ready
E03342,2026,2.8,81.5,2.9,Low,Partially Meets,Ready Now
E03343,2022,4.0,78.6,4.1,Low,Outstanding,Ready Now
E03343,2023,3.8,95.4,4.0,Medium,Exceeds,Not Ready
E03343,2024,4.1,90.4,4.0,High,Outstanding,Ready 1-2 Years
E03343,2025,4.0,76.8,4.2,Medium,Meets,Ready Now
E03343,2026,4.0,80.8,4.1,Medium,Partially Meets,Ready 1-2 Years
E03345,2023,2.8,89.8,2.4,Medium,Meets,Ready 1-2 Years
E03345,2024,2.3,66.3,2.4,High,Outstanding,Ready 1-2 Years
E03345,2025,2.5,97.7,2.5,Medium,Outstanding,Ready Now
E03345,2026,2.5,76.6,2.6,Medium,Meets,Ready Now
E03346,2022,4.1,99.8,3.9,Medium,Outstanding,Ready 1-2 Years
E03346,2023,4.3,93.4,4.3,Low,Partially Meets,Ready 1-2 Years
E03346,2024,4.2,90.3,3.6,Medium,Exceeds,Ready 1-2 Years
E03346,2025,4.5,101.5,4.4,Low,Meets,Ready Now
E03346,2026,3.7,79.4,4.3,High,Outstanding,Ready 1-2 Years
E03347,2023,3.4,84.3,4.0,Medium,Outstanding,Not Ready
E03347,2024,3.8,80.0,4.0,Medium,Exceeds,Ready Now
E03347,2025,3.2,86.3,3.0,Low,Outstanding,Ready 1-2 Years
E03347,2026,3.4,81.4,3.2,Medium,Exceeds,Ready 1-2 Years
E03348,2022,3.8,73.5,3.6,Low,Meets,Ready Now
E03348,2023,3.4,89.1,3.9,Low,Meets,Not Ready
E03348,2024,3.3,87.4,3.7,Medium,Meets,Ready Now
E03348,2025,3.8,78.2,3.5,Low,Exceeds,Not Ready
E03348,2026,4.5,116.7,4.5,Medium,Meets,Ready Now
E03349,2026,3.0,65.7,2.8,Medium,Partially Meets,Ready Now
E03350,2026,3.2,75.7,3.5,Medium,Exceeds,Not Ready
E03351,2022,3.1,78.9,3.2,Medium,Meets,Not Ready
E03351,2023,3.6,87.9,3.8,Low,Meets,Ready 1-2 Years
E03351,2024,3.1,89.1,2.6,Medium,Partially Meets,Ready Now
E03351,2025,3.0,66.1,2.9,High,Outstanding,Not Ready
E03351,2026,3.2,87.7,3.8,Medium,Meets,Not Ready
E03353,2022,1.3,82.1,1.5,High,Meets,Ready Now
E03353,2023,1.7,63.8,1.4,Medium,Meets,Ready 1-2 Years
E03354,2022,2.2,71.3,2.7,Medium,Exceeds,Ready 1-2 Years
E03354,2023,2.3,74.5,2.3,Low,Outstanding,Ready Now
E03354,2024,2.9,65.1,3.0,Medium,Meets,Not Ready
E03354,2025,2.9,84.1,2.9,Low,Meets,Ready Now
E03354,2026,2.8,69.6,3.1,Low,Exceeds,Not Ready
E03355,2026,2.7,90.9,2.7,High,Partially Meets,Ready Now
E03356,2022,4.4,98.7,4.1,Medium,Outstanding,Not Ready
E03356,2023,4.4,74.5,4.2,Medium,Partially Meets,Not Ready
E03356,2024,4.4,82.6,4.3,Medium,Partially Meets,Ready 1-2 Years
E03356,2025,3.9,73.8,3.6,Medium,Outstanding,Ready 1-2 Years
E03356,2026,3.4,72.2,3.3,Medium,Exceeds,Ready 1-2 Years
E03357,2024,3.2,82.3,3.4,Medium,Meets,Not Ready
E03357,2025,2.9,79.0,2.6,Medium,Outstanding,Ready Now
E03357,2026,4.0,82.9,3.6,Medium,Meets,Not Ready
E03358,2022,3.3,86.9,3.0,Medium,Meets,Ready Now
E03358,2023,4.0,82.9,3.7,High,Outstanding,Not Ready
E03358,2024,3.1,76.4,2.9,Medium,Meets,Ready 1-2 Years
E03358,2025,3.5,89.0,3.6,High,Meets,Ready Now
E03358,2026,3.8,76.8,3.6,Medium,Outstanding,Ready 1-2 Years
E03359,2022,3.6,79.0,2.9,Medium,Partially Meets,Ready 1-2 Years
E03359,2023,3.5,87.8,3.2,High,Meets,Not Ready
E03359,2024,3.8,103.9,4.0,Low,Exceeds,Ready 1-2 Years
E03359,2025,3.2,81.4,3.7,Low,Exceeds,Ready Now
E03359,2026,2.7,85.8,2.6,Medium,Outstanding,Ready Now
E03360,2023,3.3,93.5,3.8,Medium,Meets,Ready 1-2 Years
E03360,2024,3.5,78.7,3.3,Medium,Meets,Ready Now
E03360,2025,4.3,102.1,4.4,High,Meets,Ready 1-2 Years
E03360,2026,3.2,77.0,3.2,Medium,Meets,Not Ready
E03361,2022,3.8,86.9,3.6,Medium,Exceeds,Ready Now
E03361,2023,3.2,78.0,3.1,Low,Outstanding,Not Ready
E03361,2024,3.1,81.2,2.8,Low,Meets,Ready 1-2 Years
E03361,2025,3.5,83.7,3.8,Medium,Outstanding,Ready Now
E03361,2026,4.1,82.6,3.9,Low,Meets,Not Ready
E03362,2022,3.8,100.1,4.4,Medium,Meets,Ready 1-2 Years
E03362,2023,4.0,89.6,4.1,Medium,Outstanding,Ready 1-2 Years
E03362,2024,3.9,73.9,4.1,Medium,Exceeds,Not Ready
E03362,2025,4.3,91.4,4.1,Medium,Meets,Not Ready
E03362,2026,3.7,101.7,3.8,Low,Partially Meets,Ready 1-2 Years
E03363,2022,4.1,77.1,4.0,Low,Meets,Ready 1-2 Years
E03363,2023,4.7,91.6,4.5,Low,Partially Meets,Not Ready
E03363,2024,4.5,82.7,4.5,High,Meets,Not Ready
E03363,2025,4.5,86.2,4.5,High,Meets,Ready Now
E03363,2026,3.8,93.8,3.8,High,Outstanding,Ready 1-2 Years
E03364,2026,2.6,91.1,2.7,Medium,Meets,Ready 1-2 Years
E03365,2023,2.8,99.3,3.0,Medium,Meets,Not Ready
E03366,2026,3.4,91.9,3.6,Medium,Outstanding,Not Ready
E03367,2022,3.1,84.8,2.8,Low,Outstanding,Not Ready
E03367,2023,3.3,87.4,3.4,Medium,Exceeds,Not Ready
E03367,2024,2.6,68.4,2.8,Medium,Meets,Not Ready
E03367,2025,3.0,63.3,2.7,Medium,Partially Meets,Not Ready
E03367,2026,2.7,80.9,2.6,Low,Exceeds,Ready Now
E03369,2022,2.8,73.3,2.5,Medium,Outstanding,Ready 1-2 Years
E03369,2023,2.8,89.6,2.7,Low,Exceeds,Not Ready
E03369,2024,2.5,70.9,2.3,High,Exceeds,Ready Now
E03369,2025,2.1,77.0,2.2,Medium,Exceeds,Ready 1-2 Years
E03369,2026,2.1,80.1,2.0,Medium,Exceeds,Ready Now
E03370,2026,3.0,81.8,2.7,High,Meets,Not Ready
E03371,2022,5.0,107.3,4.9,Medium,Partially Meets,Ready 1-2 Years
E03371,2023,4.9,73.8,4.7,Medium,Partially Meets,Ready Now
E03371,2024,4.7,108.8,4.6,High,Outstanding,Ready 1-2 Years
E03371,2025,4.4,93.0,4.4,High,Outstanding,Ready 1-2 Years
E03371,2026,4.7,98.2,4.4,Medium,Exceeds,Ready 1-2 Years
E03372,2022,3.0,82.9,3.4,Medium,Meets,Not Ready
E03372,2023,3.7,102.6,3.1,High,Partially Meets,Not Ready
E03372,2024,3.2,73.3,3.2,Medium,Outstanding,Ready Now
E03372,2025,3.6,100.2,3.5,Medium,Exceeds,Ready 1-2 Years
E03372,2026,3.1,84.2,2.9,Medium,Outstanding,Not Ready
E03373,2022,3.2,100.8,3.3,Medium,Exceeds,Not Ready
E03373,2023,3.7,89.1,3.7,Medium,Meets,Not Ready
E03373,2024,2.8,90.2,2.4,Medium,Partially Meets,Not Ready
E03373,2025,3.8,73.4,3.5,Low,Meets,Ready 1-2 Years
E03373,2026,3.6,74.8,3.9,High,Exceeds,Ready 1-2 Years
E03374,2022,3.0,85.1,3.1,Low,Meets,Not Ready
E03374,2023,2.9,73.1,3.1,Low,Meets,Ready 1-2 Years
E03374,2024,3.6,85.9,3.9,Medium,Partially Meets,Not Ready
E03374,2025,3.1,65.4,2.9,Medium,Outstanding,Not Ready
E03374,2026,2.9,91.7,2.8,Low,Partially Meets,Not Ready
E03375,2024,2.0,80.8,2.2,Medium,Outstanding,Not Ready
E03375,2025,2.4,80.3,2.3,Medium,Meets,Ready 1-2 Years
E03375,2026,2.6,81.9,2.5,Medium,Partially Meets,Ready Now
E03376,2022,3.9,92.6,4.3,High,Exceeds,Ready Now
E03376,2023,3.9,92.3,4.3,Medium,Meets,Ready 1-2 Years
E03376,2024,4.7,97.7,4.5,Low,Exceeds,Ready 1-2 Years
E03376,2025,4.3,96.6,3.9,Medium,Meets,Ready Now
E03376,2026,4.3,79.2,4.3,High,Outstanding,Ready 1-2 Years
E03377,2024,4.0,81.8,4.0,Low,Partially Meets,Not Ready
E03377,2025,3.9,77.0,4.2,High,Meets,Ready 1-2 Years
E03377,2026,4.2,100.7,4.1,High,Outstanding,Ready 1-2 Years
E03379,2022,3.0,67.7,3.3,Medium,Exceeds,Ready Now
E03379,2023,3.6,82.8,3.8,Medium,Meets,Ready Now
E03379,2024,3.0,87.6,2.8,Medium,Outstanding,Not Ready
E03379,2025,2.8,78.0,2.0,Medium,Partially Meets,Ready Now
E03379,2026,3.2,106.5,2.8,Low,Meets,Ready Now
E03380,2025,3.2,81.0,3.3,Low,Partially Meets,Not Ready
E03380,2026,2.3,88.8,1.7,High,Exceeds,Ready Now
E03381,2024,4.4,104.4,4.6,Medium,Exceeds,Ready Now
E03381,2025,4.1,82.7,3.7,Low,Meets,Ready Now
E03381,2026,4.8,103.5,4.8,High,Exceeds,Ready 1-2 Years
E03383,2022,3.3,80.3,3.5,Low,Meets,Not Ready
E03383,2023,3.8,74.5,3.6,Medium,Meets,Ready Now
E03383,2024,3.3,85.1,2.6,Medium,Outstanding,Ready Now
E03383,2025,3.9,98.3,4.3,Medium,Outstanding,Ready Now
E03383,2026,3.5,83.6,3.5,Low,Meets,Ready 1-2 Years
E03384,2022,3.3,87.3,3.6,Medium,Exceeds,Ready 1-2 Years
E03384,2023,3.2,78.7,3.0,Medium,Partially Meets,Ready Now
E03384,2024,2.6,82.7,1.9,Medium,Partially Meets,Ready Now
E03384,2025,2.6,79.5,2.2,Low,Meets,Ready Now
E03384,2026,3.5,78.5,3.5,High,Meets,Not Ready
E03385,2022,3.3,88.7,3.3,Medium,Meets,Ready Now
E03385,2023,3.0,73.0,2.9,Medium,Outstanding,Not Ready
E03385,2024,3.4,77.1,3.1,High,Meets,Not Ready
E03386,2026,4.0,81.7,4.2,Low,Exceeds,Not Ready
E03387,2025,3.7,77.2,3.8,Medium,Meets,Not Ready
E03387,2026,3.7,96.2,3.7,Medium,Partially Meets,Not Ready
E03388,2022,3.2,97.1,2.8,Medium,Meets,Not Ready
E03388,2023,3.3,81.3,2.9,Low,Meets,Ready Now
E03388,2024,3.3,68.1,3.2,Medium,Meets,Ready Now
E03388,2025,3.4,73.1,2.9,Medium,Meets,Not Ready
E03388,2026,3.0,89.9,2.9,Medium,Meets,Ready 1-2 Years
E03390,2022,3.4,98.1,3.5,High,Meets,Not Ready
E03390,2023,3.3,78.9,3.1,Low,Meets,Not Ready
E03390,2024,2.9,74.6,2.9,Low,Exceeds,Ready Now
E03390,2025,3.3,85.5,3.2,Low,Exceeds,Ready 1-2 Years
E03390,2026,2.5,74.0,2.4,Medium,Partially Meets,Ready Now
E03391,2022,3.6,72.5,3.9,Low,Meets,Ready Now
E03391,2023,4.3,93.2,4.3,High,Partially Meets,Not Ready
E03391,2024,4.5,87.3,3.7,High,Outstanding,Ready 1-2 Years
E03391,2025,4.2,88.6,4.7,Medium,Meets,Ready Now
E03391,2026,3.3,97.0,3.3,Medium,Meets,Ready Now
E03392,2026,3.0,94.7,3.1,High,Partially Meets,Ready 1-2 Years
E03393,2024,2.7,84.8,2.6,Medium,Meets,Ready 1-2 Years
E03393,2025,3.2,84.0,3.1,Medium,Meets,Ready 1-2 Years
E03393,2026,2.9,95.7,2.2,High,Exceeds,Ready 1-2 Years
E03394,2025,2.6,78.5,2.0,Medium,Meets,Not Ready
E03394,2026,2.3,79.6,2.6,Medium,Meets,Ready 1-2 Years
E03395,2022,3.7,87.1,3.8,Low,Meets,Ready Now
E03395,2023,2.9,62.3,2.4,Medium,Exceeds,Ready Now
E03395,2024,2.8,74.4,3.2,High,Exceeds,Ready Now
E03395,2025,3.7,101.5,3.6,Medium,Exceeds,Ready 1-2 Years
E03395,2026,3.2,103.1,2.9,Medium,Meets,Ready Now
E03396,2026,3.6,103.0,3.4,Medium,Exceeds,Not Ready
E03397,2026,3.6,84.3,3.2,High,Meets,Not Ready
E03398,2022,3.1,83.5,3.0,Medium,Partially Meets,Not Ready
E03398,2023,3.6,81.8,3.6,Low,Exceeds,Ready Now
E03398,2024,3.4,73.0,3.1,Low,Outstanding,Ready Now
E03398,2025,2.9,90.3,3.6,High,Meets,Ready 1-2 Years
E03398,2026,3.1,82.7,3.1,Medium,Exceeds,Not Ready
E03399,2025,3.9,93.7,3.8,Medium,Outstanding,Ready 1-2 Years
E03399,2026,4.1,95.1,4.3,High,Partially Meets,Not Ready
E03400,2024,2.1,70.4,1.5,Medium,Meets,Not Ready
E03400,2025,2.4,81.5,2.0,Low,Outstanding,Not Ready
E03400,2026,2.3,76.9,2.1,Medium,Partially Meets,Ready Now
E03401,2022,3.7,68.4,3.6,High,Outstanding,Not Ready
E03401,2023,4.1,91.1,4.1,Medium,Meets,Not Ready
E03401,2024,4.6,93.0,4.4,Medium,Meets,Not Ready
E03401,2025,4.4,69.6,4.3,High,Meets,Not Ready
E03401,2026,3.8,80.2,3.9,Medium,Meets,Ready Now
E03402,2024,3.8,104.3,3.5,Medium,Exceeds,Ready 1-2 Years
E03402,2025,3.5,99.0,3.3,Medium,Outstanding,Not Ready
E03402,2026,4.1,106.1,4.4,Medium,Outstanding,Ready Now
E03403,2022,3.1,87.4,2.9,Medium,Partially Meets,Not Ready
E03403,2023,3.3,92.2,3.3,Low,Outstanding,Ready 1-2 Years
E03403,2024,2.5,99.2,2.4,High,Partially Meets,Ready 1-2 Years
E03403,2025,2.8,53.0,2.4,Medium,Exceeds,Not Ready
E03403,2026,2.7,76.9,3.2,Medium,Exceeds,Ready 1-2 Years
E03404,2025,3.7,100.1,2.6,Low,Outstanding,Ready 1-2 Years
E03404,2026,4.1,76.1,4.4,Low,Partially Meets,Not Ready
E03405,2022,2.3,83.4,2.6,Medium,Meets,Not Ready
E03405,2023,2.0,88.8,1.9,Low,Outstanding,Not Ready
E03405,2024,2.6,100.1,2.5,High,Exceeds,Ready 1-2 Years
E03405,2025,2.5,82.2,2.8,Medium,Outstanding,Ready Now
E03405,2026,2.0,64.5,2.5,Medium,Meets,Not Ready
E03406,2022,3.3,86.5,3.5,Medium,Meets,Not Ready
E03406,2023,3.5,95.6,3.1,Low,Meets,Ready Now
E03406,2024,3.7,89.9,3.6,Low,Meets,Not Ready
E03406,2025,3.9,103.7,4.4,Medium,Meets,Ready 1-2 Years
E03406,2026,4.1,91.4,3.9,Low,Meets,Ready 1-2 Years
E03407,2022,3.5,105.7,2.8,Medium,Meets,Not Ready
E03407,2023,3.2,84.4,3.3,Low,Partially Meets,Ready Now
E03407,2024,4.0,82.1,4.1,Medium,Exceeds,Ready Now
E03407,2025,4.4,104.1,4.4,Medium,Exceeds,Ready 1-2 Years
E03407,2026,3.2,77.0,2.9,Low,Meets,Not Ready
E03408,2024,4.5,78.4,4.4,Medium,Meets,Not Ready
E03408,2025,4.0,76.7,4.0,Medium,Exceeds,Not Ready
E03408,2026,4.4,99.8,4.6,High,Outstanding,Not Ready
E03409,2026,3.3,91.4,3.2,Medium,Exceeds,Ready 1-2 Years
E03410,2022,3.2,87.7,3.2,Medium,Partially Meets,Ready 1-2 Years
E03410,2023,3.2,89.6,3.2,Medium,Outstanding,Not Ready
E03410,2024,3.2,89.6,3.0,Medium,Exceeds,Ready 1-2 Years
E03410,2025,4.0,97.5,3.9,Medium,Meets,Ready Now
E03410,2026,3.9,90.1,4.2,Medium,Partially Meets,Ready Now
E03411,2022,3.8,103.1,3.4,Medium,Meets,Ready 1-2 Years
E03411,2023,3.7,84.7,3.8,Medium,Outstanding,Not Ready
E03411,2024,3.2,86.2,2.9,Medium,Outstanding,Ready Now
E03411,2025,3.5,94.6,4.1,Medium,Meets,Not Ready
E03411,2026,3.4,97.4,3.8,Medium,Exceeds,Ready Now
E03412,2024,3.9,77.9,4.4,Medium,Exceeds,Ready 1-2 Years
E03413,2022,2.6,95.1,2.3,Medium,Outstanding,Not Ready
E03413,2023,2.9,93.0,2.9,Low,Meets,Ready Now
E03413,2024,3.6,91.4,3.4,Medium,Meets,Not Ready
E03413,2025,3.4,80.0,3.3,Medium,Exceeds,Ready Now
E03413,2026,2.7,84.6,2.7,Medium,Meets,Not Ready
E03414,2022,3.4,88.3,3.4,Medium,Meets,Not Ready
E03414,2023,2.9,85.7,2.5,Medium,Partially Meets,Ready 1-2 Years
E03414,2024,3.9,97.2,3.9,Medium,Exceeds,Not Ready
E03414,2025,3.2,77.2,3.2,Medium,Partially Meets,Not Ready
E03414,2026,3.7,92.6,3.5,Medium,Exceeds,Ready 1-2 Years
E03416,2022,2.9,92.3,2.7,Medium,Partially Meets,Not Ready
E03417,2022,3.9,84.2,3.4,High,Meets,Ready 1-2 Years
E03417,2023,3.4,85.4,3.5,Medium,Meets,Ready 1-2 Years
E03417,2024,3.3,96.7,2.9,Low,Partially Meets,Ready Now
E03417,2025,3.7,63.4,3.3,Medium,Meets,Not Ready
E03418,2022,3.3,82.3,3.3,Medium,Meets,Ready Now
E03418,2023,3.2,59.8,3.1,Medium,Exceeds,Ready Now
E03418,2024,2.7,71.8,3.2,Medium,Exceeds,Ready 1-2 Years
E03418,2025,3.1,89.2,2.9,Medium,Exceeds,Ready 1-2 Years
E03418,2026,2.5,93.3,2.4,Medium,Meets,Not Ready
E03419,2026,3.6,89.1,3.8,High,Meets,Ready Now
E03420,2022,3.8,100.5,3.8,High,Outstanding,Ready Now
E03420,2023,4.2,88.7,4.1,High,Outstanding,Ready Now
E03420,2024,3.9,72.4,3.9,High,Meets,Not Ready
E03421,2024,2.7,70.7,2.9,Medium,Meets,Ready 1-2 Years
E03421,2025,2.6,82.9,2.9,Low,Outstanding,Ready 1-2 Years
E03421,2026,2.6,79.6,2.7,Medium,Outstanding,Ready 1-2 Years
E03422,2022,2.8,68.7,2.6,Medium,Outstanding,Not Ready
E03422,2023,2.3,81.6,2.7,Low,Partially Meets,Ready 1-2 Years
E03422,2024,2.5,105.2,2.7,Medium,Meets,Ready Now
E03422,2025,2.7,81.6,2.6,Low,Meets,Ready 1-2 Years
E03422,2026,3.2,98.4,3.4,Medium,Partially Meets,Ready 1-2 Years
E03423,2022,2.8,85.1,2.7,Low,Meets,Ready 1-2 Years
E03423,2023,3.6,98.9,3.9,Low,Exceeds,Ready Now
E03423,2024,3.0,75.1,2.8,Low,Outstanding,Not Ready
E03423,2025,3.3,85.1,3.2,Medium,Meets,Ready 1-2 Years
E03423,2026,3.6,84.8,3.3,High,Partially Meets,Ready 1-2 Years
E03425,2022,2.3,86.6,2.7,Medium,Exceeds,Ready Now
E03425,2023,2.8,84.8,3.0,High,Meets,Ready 1-2 Years
E03425,2024,3.0,84.0,3.2,Medium,Outstanding,Ready Now
E03425,2025,3.1,78.9,3.1,High,Exceeds,Ready Now
E03425,2026,3.2,91.9,3.0,Medium,Meets,Not Ready
E03426,2022,3.7,99.3,3.9,Low,Exceeds,Not Ready
E03426,2023,4.2,91.0,3.9,Low,Exceeds,Ready Now
E03426,2024,3.8,88.7,2.9,High,Partially Meets,Ready 1-2 Years
E03426,2025,3.3,90.3,3.3,Medium,Meets,Ready Now
E03426,2026,4.0,88.5,4.3,Medium,Exceeds,Not Ready
E03427,2022,3.4,91.6,3.5,Medium,Outstanding,Not Ready
E03427,2023,3.8,96.2,4.1,Low,Exceeds,Ready Now
E03427,2024,3.3,91.2,3.1,Medium,Exceeds,Ready Now
E03427,2025,3.2,77.0,3.2,Low,Meets,Ready 1-2 Years
E03427,2026,2.9,78.3,3.4,Medium,Meets,Ready Now
E03429,2022,3.6,85.5,3.5,Low,Partially Meets,Ready Now
E03429,2023,3.7,85.0,4.0,High,Exceeds,Ready Now
E03429,2024,3.9,83.8,3.9,Medium,Meets,Ready Now
E03429,2025,4.0,88.7,4.6,Medium,Outstanding,Not Ready
E03429,2026,3.5,76.1,3.5,Medium,Outstanding,Ready 1-2 Years
E03430,2022,3.2,79.8,3.2,Low,Partially Meets,Ready Now
E03430,2023,3.6,88.6,3.7,Low,Partially Meets,Ready Now
E03430,2024,2.7,83.7,2.1,Medium,Partially Meets,Ready Now
E03430,2025,2.6,85.7,3.0,Low,Exceeds,Ready Now
E03430,2026,3.0,79.4,3.0,Medium,Outstanding,Not Ready
E03431,2022,3.2,64.8,3.1,Medium,Exceeds,Ready 1-2 Years
E03431,2023,3.1,87.1,3.1,Medium,Exceeds,Not Ready
E03431,2024,3.4,76.5,3.6,Low,Partially Meets,Ready Now
E03431,2025,3.1,68.7,3.3,Medium,Meets,Not Ready
E03432,2022,3.9,80.1,4.0,Medium,Meets,Ready Now
E03432,2023,3.8,83.9,3.4,Medium,Meets,Ready 1-2 Years
E03432,2024,3.3,72.3,4.2,High,Outstanding,Not Ready
E03432,2025,4.1,76.9,4.4,High,Meets,Ready Now
E03432,2026,4.1,97.8,3.9,Medium,Partially Meets,Ready 1-2 Years
E03433,2023,3.9,69.2,4.5,High,Outstanding,Ready Now
E03433,2024,3.9,86.0,3.6,Medium,Meets,Ready Now
E03433,2025,3.8,96.5,3.7,Medium,Meets,Ready Now
E03433,2026,4.0,86.9,4.4,High,Meets,Ready 1-2 Years
E03434,2022,3.0,93.0,3.1,Medium,Meets,Ready Now
E03434,2023,2.6,85.3,2.9,Medium,Outstanding,Not Ready
E03434,2024,2.8,85.4,3.5,Medium,Meets,Ready 1-2 Years
E03434,2025,2.4,90.9,2.0,Medium,Outstanding,Ready 1-2 Years
E03434,2026,2.9,99.0,3.1,Medium,Exceeds,Not Ready
E03435,2023,2.3,66.2,2.5,Medium,Meets,Ready Now
E03435,2024,2.3,89.3,2.2,Medium,Meets,Ready Now
E03435,2025,3.2,81.7,3.3,Medium,Partially Meets,Ready Now
E03435,2026,3.0,74.4,3.2,High,Meets,Not Ready
E03436,2025,4.3,103.1,4.4,Low,Meets,Ready 1-2 Years
E03436,2026,4.5,110.7,4.9,Medium,Meets,Ready 1-2 Years
E03437,2026,2.8,79.4,2.6,Low,Outstanding,Not Ready
E03438,2022,4.0,88.0,4.2,Medium,Outstanding,Not Ready
E03438,2023,3.3,79.8,3.4,Medium,Exceeds,Ready Now
E03438,2024,3.6,83.2,3.3,Medium,Meets,Not Ready
E03438,2025,3.9,83.5,4.4,High,Meets,Ready 1-2 Years
E03438,2026,3.3,82.7,2.8,Medium,Exceeds,Ready 1-2 Years
E03439,2022,3.9,90.2,3.7,Medium,Partially Meets,Ready Now
E03439,2023,3.8,89.2,4.0,High,Partially Meets,Ready Now
E03439,2024,3.3,82.8,3.2,Medium,Meets,Ready Now
E03439,2025,3.9,102.4,3.9,Low,Outstanding,Not Ready
E03439,2026,3.8,84.6,4.1,Medium,Outstanding,Not Ready
E03440,2022,2.7,95.3,2.6,Medium,Partially Meets,Ready Now
E03440,2023,3.2,91.0,3.1,High,Exceeds,Ready 1-2 Years
E03440,2024,3.1,70.9,3.1,High,Meets,Ready 1-2 Years
E03440,2025,3.4,84.0,2.9,High,Meets,Not Ready
E03440,2026,2.9,86.4,2.8,Medium,Outstanding,Ready Now
E03441,2024,3.5,83.5,3.6,Low,Meets,Not Ready
E03442,2022,3.6,78.1,3.4,Low,Meets,Not Ready
E03442,2023,3.8,86.7,4.1,Medium,Meets,Ready 1-2 Years
E03442,2024,3.2,89.2,3.3,Medium,Exceeds,Ready 1-2 Years
E03442,2025,3.8,100.8,3.7,Low,Outstanding,Not Ready
E03442,2026,3.5,76.0,3.4,Medium,Outstanding,Ready 1-2 Years
E03443,2023,3.2,78.4,3.4,Medium,Meets,Not Ready
E03443,2024,4.0,84.0,3.7,High,Exceeds,Ready 1-2 Years
E03444,2023,2.9,59.5,3.0,Low,Meets,Not Ready
E03444,2024,3.2,82.6,2.6,Medium,Outstanding,Ready 1-2 Years
E03444,2025,2.9,71.1,3.0,Medium,Meets,Ready 1-2 Years
E03444,2026,3.3,76.1,2.8,Medium,Outstanding,Ready 1-2 Years
E03445,2022,3.1,71.6,3.3,Low,Meets,Not Ready
E03445,2023,3.2,91.0,2.9,Medium,Partially Meets,Ready 1-2 Years
E03445,2024,2.8,73.5,2.6,Medium,Partially Meets,Ready Now
E03445,2025,3.6,89.8,3.3,High,Meets,Ready Now
E03445,2026,3.0,62.2,3.1,Medium,Meets,Ready 1-2 Years
E03446,2022,2.6,95.9,2.5,Low,Meets,Ready 1-2 Years
E03446,2023,2.9,92.9,2.7,Medium,Partially Meets,Not Ready
E03446,2024,3.1,87.6,3.4,Medium,Exceeds,Ready 1-2 Years
E03446,2025,2.7,61.2,2.6,High,Meets,Not Ready
E03446,2026,2.9,86.9,2.7,Low,Meets,Ready 1-2 Years
E03447,2022,4.6,108.9,4.4,High,Outstanding,Not Ready
E03447,2023,4.2,84.4,3.7,Medium,Outstanding,Ready 1-2 Years
E03447,2024,4.9,100.5,4.9,Medium,Partially Meets,Ready Now
E03447,2025,4.0,82.5,4.0,Low,Exceeds,Ready Now
E03447,2026,4.3,92.2,4.7,Medium,Outstanding,Ready Now
E03448,2022,4.3,80.3,3.9,Medium,Meets,Not Ready
E03448,2023,3.7,99.6,3.3,High,Meets,Ready Now
E03448,2024,4.1,91.7,4.1,Medium,Meets,Ready Now
E03448,2025,4.1,70.6,4.0,Low,Outstanding,Not Ready
E03448,2026,3.8,71.4,4.1,Medium,Outstanding,Ready Now
E03449,2022,2.8,93.1,2.9,Medium,Meets,Ready Now
E03449,2023,2.6,77.3,2.6,Medium,Exceeds,Not Ready
E03449,2024,2.7,73.9,3.0,Low,Exceeds,Ready 1-2 Years
E03449,2025,3.6,81.0,3.6,Medium,Meets,Ready 1-2 Years
E03449,2026,2.8,88.3,2.7,Medium,Exceeds,Ready Now
E03451,2023,3.2,98.4,2.6,Low,Exceeds,Not Ready
E03451,2024,4.2,86.6,4.2,Low,Partially Meets,Not Ready
E03451,2025,4.0,86.4,3.5,Low,Exceeds,Ready 1-2 Years
E03451,2026,4.3,94.5,4.7,Low,Meets,Ready Now
E03452,2022,3.6,87.2,3.0,Low,Partially Meets,Ready Now
E03452,2023,3.9,82.5,3.3,Medium,Meets,Ready 1-2 Years
E03452,2024,3.5,83.2,3.4,High,Meets,Ready Now
E03452,2025,3.8,95.9,3.8,Medium,Meets,Ready 1-2 Years
E03452,2026,3.7,80.0,2.9,Medium,Meets,Ready 1-2 Years
E03453,2025,3.7,88.2,4.1,Medium,Meets,Not Ready
E03453,2026,3.3,82.5,3.1,Low,Partially Meets,Ready Now
E03454,2022,3.0,100.8,3.5,Low,Partially Meets,Ready Now
E03454,2023,2.9,77.8,2.5,Medium,Meets,Ready 1-2 Years
E03454,2024,3.2,91.3,3.1,Low,Meets,Ready Now
E03454,2025,2.9,86.1,2.6,High,Meets,Ready 1-2 Years
E03454,2026,2.8,85.5,2.4,Medium,Exceeds,Ready Now
E03455,2025,3.4,72.3,3.5,High,Outstanding,Ready Now
E03455,2026,3.4,82.0,3.7,Medium,Exceeds,Not Ready
E03456,2024,3.1,88.8,3.8,Medium,Partially Meets,Ready Now
E03457,2023,3.1,62.8,3.1,High,Meets,Not Ready
E03457,2024,2.6,95.4,2.6,Medium,Exceeds,Not Ready
E03457,2025,3.0,72.3,3.5,Medium,Outstanding,Ready 1-2 Years
E03457,2026,3.6,89.1,3.9,Medium,Exceeds,Ready Now
E03458,2026,2.6,90.7,2.5,High,Exceeds,Not Ready
E03459,2026,3.3,91.8,3.6,Low,Exceeds,Ready 1-2 Years
E03460,2022,4.5,78.2,4.6,Low,Exceeds,Ready Now
E03460,2023,4.1,84.2,4.2,Medium,Exceeds,Ready Now
E03460,2024,4.2,100.6,4.0,Medium,Outstanding,Ready 1-2 Years
E03460,2025,4.3,93.0,3.7,Medium,Meets,Ready Now
E03460,2026,4.7,82.7,4.6,High,Partially Meets,Not Ready
E03461,2026,4.0,99.1,4.0,Low,Meets,Ready Now
E03462,2025,3.8,97.2,3.7,Medium,Exceeds,Not Ready
E03462,2026,4.0,84.1,3.9,Medium,Meets,Ready Now
E03464,2022,2.4,82.0,2.3,Medium,Exceeds,Ready 1-2 Years
E03464,2023,3.1,80.3,3.5,Medium,Meets,Not Ready
E03464,2024,2.8,82.5,2.8,Medium,Exceeds,Ready Now
E03464,2025,2.9,71.0,3.1,Medium,Partially Meets,Ready Now
E03464,2026,3.3,91.5,3.3,Medium,Outstanding,Not Ready
E03465,2026,3.9,110.9,4.4,Medium,Meets,Ready Now
E03466,2022,2.9,89.5,3.3,Medium,Meets,Ready 1-2 Years
E03466,2023,3.3,78.8,3.7,Medium,Outstanding,Not Ready
E03466,2024,2.7,82.4,3.0,Medium,Exceeds,Ready Now
E03466,2025,3.8,82.4,4.1,Medium,Meets,Not Ready
E03466,2026,3.4,75.5,3.3,Low,Meets,Not Ready
E03467,2026,3.1,87.7,3.7,High,Meets,Not Ready
E03468,2022,1.4,72.8,1.6,Medium,Partially Meets,Not Ready
E03468,2023,1.8,58.3,1.4,Medium,Outstanding,Ready 1-2 Years
E03468,2024,1.9,84.7,1.9,High,Exceeds,Ready Now
E03468,2025,1.4,59.3,1.3,Low,Exceeds,Not Ready
E03468,2026,1.8,65.2,1.9,Low,Meets,Ready 1-2 Years
E03469,2022,5.0,102.3,5.0,Medium,Outstanding,Not Ready
E03469,2023,4.4,85.9,4.1,Medium,Meets,Not Ready
E03469,2024,4.2,95.6,3.9,Medium,Meets,Ready Now
E03469,2025,4.1,96.2,4.1,Medium,Meets,Ready 1-2 Years
E03469,2026,4.0,83.0,4.0,Medium,Meets,Ready Now
E03470,2025,2.7,83.2,2.8,Low,Meets,Ready 1-2 Years
E03470,2026,2.7,68.5,3.1,Medium,Exceeds,Not Ready
E03471,2022,4.2,95.3,4.1,Medium,Meets,Not Ready
E03471,2023,3.3,91.7,2.9,Medium,Meets,Ready 1-2 Years
E03471,2024,3.9,93.2,4.2,Medium,Meets,Ready 1-2 Years
E03471,2025,3.3,69.7,3.4,High,Meets,Not Ready
E03471,2026,3.4,81.0,3.4,High,Outstanding,Ready 1-2 Years
E03472,2022,4.1,103.1,3.8,Medium,Exceeds,Ready Now
E03472,2023,4.6,61.4,4.2,High,Meets,Ready Now
E03472,2024,4.7,85.9,4.0,Medium,Meets,Ready Now
E03472,2025,4.7,96.1,4.8,Medium,Partially Meets,Not Ready
E03472,2026,4.6,105.7,4.7,Low,Meets,Not Ready
E03473,2022,4.0,90.3,3.9,High,Meets,Ready 1-2 Years
E03473,2023,3.6,90.4,3.4,Low,Meets,Ready 1-2 Years
E03473,2024,3.6,80.0,4.0,Medium,Outstanding,Ready 1-2 Years
E03474,2022,3.9,106.0,3.9,Medium,Outstanding,Not Ready
E03474,2023,3.2,86.2,3.3,High,Partially Meets,Ready Now
E03474,2024,3.6,102.2,3.2,Medium,Exceeds,Not Ready
E03474,2025,4.0,81.8,3.8,Medium,Outstanding,Ready 1-2 Years
E03474,2026,3.8,87.6,3.8,Medium,Meets,Ready 1-2 Years
E03475,2023,2.8,89.0,3.4,Medium,Outstanding,Not Ready
E03475,2024,3.2,88.9,3.1,High,Meets,Ready Now
E03475,2025,2.5,63.1,2.4,Low,Outstanding,Ready 1-2 Years
E03475,2026,2.8,74.9,2.6,Medium,Meets,Ready 1-2 Years
E03476,2024,5.0,93.9,5.0,Medium,Meets,Not Ready
E03476,2025,4.4,120.0,4.3,Medium,Exceeds,Ready Now
E03476,2026,5.0,94.7,5.0,Medium,Exceeds,Not Ready
E03477,2025,4.1,84.2,4.1,Medium,Outstanding,Ready 1-2 Years
E03477,2026,4.0,85.9,4.5,Medium,Outstanding,Not Ready
E03478,2022,3.6,82.2,3.8,Medium,Meets,Ready Now
E03478,2023,3.2,74.5,3.2,Medium,Meets,Ready Now
E03478,2024,3.6,75.9,3.7,Medium,Outstanding,Ready Now
E03478,2025,3.3,94.4,3.3,Medium,Partially Meets,Ready Now
E03478,2026,3.0,85.6,3.3,Medium,Partially Meets,Not Ready
E03479,2026,2.8,72.6,3.1,Medium,Meets,Not Ready
E03482,2022,3.0,91.7,3.0,Medium,Outstanding,Ready Now
E03482,2023,2.7,83.8,2.8,Medium,Meets,Ready 1-2 Years
E03482,2024,3.6,71.8,3.2,Medium,Exceeds,Ready 1-2 Years
E03482,2025,3.0,93.4,3.4,High,Meets,Not Ready
E03482,2026,2.7,68.6,2.4,Medium,Outstanding,Ready Now
E03483,2024,3.5,79.0,2.7,Low,Outstanding,Ready Now
E03483,2025,3.0,73.3,3.6,High,Meets,Ready 1-2 Years
E03483,2026,3.3,93.4,2.7,Medium,Outstanding,Ready Now
E03484,2023,2.3,64.0,2.1,Medium,Exceeds,Ready 1-2 Years
E03484,2024,1.6,42.8,1.5,Medium,Outstanding,Ready Now
E03484,2025,2.3,72.7,2.3,High,Meets,Ready Now
E03484,2026,1.9,88.6,1.8,Low,Partially Meets,Not Ready
E03485,2022,4.6,88.7,4.2,Low,Outstanding,Not Ready
E03485,2023,3.8,101.5,3.4,High,Meets,Ready Now
E03485,2024,3.9,93.0,3.9,Low,Exceeds,Not Ready
E03485,2025,4.5,99.1,4.7,Medium,Meets,Not Ready
E03485,2026,4.2,83.7,4.5,High,Exceeds,Ready Now
E03486,2022,3.4,95.2,3.2,Medium,Meets,Ready Now
E03486,2023,3.1,88.8,2.7,Medium,Outstanding,Ready 1-2 Years
E03486,2024,3.7,99.7,3.5,Medium,Exceeds,Ready Now
E03486,2025,3.1,78.1,3.0,Medium,Partially Meets,Ready 1-2 Years
E03486,2026,3.1,95.5,3.0,Medium,Partially Meets,Ready 1-2 Years
E03487,2022,3.7,87.6,3.4,Medium,Exceeds,Ready 1-2 Years
E03487,2023,3.2,100.9,2.9,Medium,Outstanding,Not Ready
E03488,2022,2.9,85.8,3.3,Low,Exceeds,Ready Now
E03488,2023,2.6,79.0,2.9,Medium,Outstanding,Not Ready
E03488,2024,3.7,63.6,3.1,Medium,Exceeds,Ready Now
E03488,2025,2.9,73.5,3.0,Medium,Exceeds,Ready Now
E03488,2026,2.9,88.1,3.6,Medium,Outstanding,Not Ready
E03489,2022,4.0,79.1,3.9,Medium,Meets,Ready Now
E03490,2022,3.9,89.0,3.5,Medium,Outstanding,Ready Now
E03490,2023,3.4,74.2,3.4,Medium,Partially Meets,Not Ready
E03490,2024,3.5,77.5,3.5,Low,Meets,Ready Now
E03490,2025,3.8,109.3,3.6,Medium,Partially Meets,Not Ready
E03490,2026,3.4,88.6,3.4,Medium,Meets,Ready Now
E03491,2022,2.9,80.8,2.6,Low,Exceeds,Ready 1-2 Years
E03491,2023,2.9,97.6,2.6,High,Meets,Not Ready
E03491,2024,3.9,101.2,3.7,Medium,Exceeds,Ready Now
E03491,2025,3.3,83.8,3.0,Low,Partially Meets,Not Ready
E03491,2026,3.7,89.8,3.2,High,Meets,Not Ready
E03492,2022,4.2,84.2,3.9,Medium,Exceeds,Ready 1-2 Years
E03492,2023,4.0,84.3,3.6,Medium,Outstanding,Ready 1-2 Years
E03492,2024,4.0,81.9,3.1,Low,Outstanding,Ready Now
E03492,2025,4.2,91.0,4.5,Medium,Partially Meets,Not Ready
E03492,2026,3.9,81.7,3.8,Low,Outstanding,Ready 1-2 Years
E03493,2024,3.1,56.4,3.0,Medium,Partially Meets,Ready 1-2 Years
E03493,2025,2.9,88.9,3.0,Medium,Meets,Ready Now
E03493,2026,3.1,84.9,3.1,Medium,Exceeds,Ready 1-2 Years
E03494,2022,4.5,83.5,3.8,Medium,Outstanding,Not Ready
E03494,2023,4.3,75.6,4.4,Low,Outstanding,Not Ready
E03494,2024,5.0,86.1,5.0,Low,Partially Meets,Not Ready
E03494,2025,4.4,78.6,4.3,Low,Exceeds,Ready 1-2 Years
E03494,2026,4.9,110.4,4.7,Medium,Meets,Not Ready
E03495,2025,4.7,91.0,4.9,High,Exceeds,Not Ready
E03495,2026,5.0,65.6,4.9,Low,Meets,Ready 1-2 Years
E03496,2022,4.7,86.1,5.0,High,Meets,Ready 1-2 Years
E03496,2023,4.4,82.5,4.4,Low,Meets,Ready Now
E03496,2024,3.9,71.4,3.8,Medium,Meets,Ready 1-2 Years
E03496,2025,4.5,105.6,4.5,Low,Meets,Not Ready
E03496,2026,4.5,92.2,4.2,Medium,Meets,Not Ready
E03497,2026,3.2,93.8,3.0,High,Meets,Not Ready
E03498,2024,3.4,90.1,3.5,Low,Partially Meets,Not Ready
E03498,2025,3.2,73.1,3.2,High,Outstanding,Not Ready
E03498,2026,3.2,83.3,3.0,Medium,Exceeds,Ready 1-2 Years
E03499,2026,3.4,90.8,3.8,Medium,Meets,Ready 1-2 Years
E03500,2026,2.7,68.5,2.6,Low,Meets,Ready 1-2 Years
E03501,2022,4.4,75.8,4.3,Medium,Exceeds,Ready Now
E03501,2023,3.8,103.3,3.9,Medium,Outstanding,Ready Now
E03501,2024,3.9,87.1,4.4,Medium,Meets,Ready Now
E03501,2025,4.0,109.7,4.5,Low,Partially Meets,Ready 1-2 Years
E03501,2026,3.5,69.3,3.1,Low,Outstanding,Ready Now
E03502,2025,1.7,94.5,1.7,Low,Meets,Ready Now
E03502,2026,1.8,86.1,1.7,Medium,Exceeds,Ready 1-2 Years
E03503,2022,3.3,84.5,2.7,Medium,Partially Meets,Ready Now
E03503,2023,3.9,78.7,3.6,High,Partially Meets,Ready 1-2 Years
E03503,2024,3.5,75.7,3.4,Medium,Outstanding,Ready 1-2 Years
E03503,2025,3.7,78.6,3.8,Low,Partially Meets,Ready 1-2 Years
E03503,2026,3.7,99.0,3.4,Medium,Meets,Not Ready
E03504,2022,3.3,85.4,3.1,Low,Partially Meets,Ready 1-2 Years
E03504,2023,3.9,92.2,4.1,Medium,Exceeds,Ready Now
E03504,2024,4.2,89.0,4.0,High,Meets,Ready 1-2 Years
E03504,2025,4.0,95.1,3.6,Medium,Outstanding,Ready Now
E03504,2026,4.1,94.3,4.3,Medium,Outstanding,Ready Now
E03505,2022,2.8,73.6,2.7,Medium,Meets,Ready 1-2 Years
E03505,2023,3.0,82.7,3.2,High,Meets,Ready Now
E03505,2024,2.7,79.5,2.8,High,Exceeds,Not Ready
E03505,2025,3.0,84.2,3.4,High,Meets,Ready Now
E03505,2026,3.2,73.3,3.3,Medium,Meets,Not Ready
E03506,2022,3.3,106.2,3.3,Medium,Partially Meets,Ready Now
E03506,2023,3.7,90.7,3.8,Medium,Exceeds,Not Ready
E03506,2024,3.8,101.0,3.7,Low,Meets,Not Ready
E03506,2025,3.5,87.9,3.6,Medium,Outstanding,Ready Now
E03506,2026,4.2,81.6,4.0,Medium,Outstanding,Ready 1-2 Years
E03507,2022,2.6,79.9,2.6,Medium,Outstanding,Not Ready
E03507,2023,3.1,86.3,3.7,High,Meets,Ready 1-2 Years
E03507,2024,3.6,95.6,4.3,Medium,Outstanding,Ready 1-2 Years
E03507,2025,2.7,75.8,2.5,Medium,Partially Meets,Ready 1-2 Years
E03507,2026,3.6,102.6,3.7,Medium,Outstanding,Ready Now
E03508,2022,3.5,82.0,3.3,Low,Outstanding,Ready Now
E03508,2023,3.5,61.8,3.5,Low,Partially Meets,Ready Now
E03508,2024,3.1,68.7,2.6,Low,Outstanding,Not Ready
E03508,2025,3.6,94.2,3.5,Medium,Partially Meets,Ready 1-2 Years
E03508,2026,3.3,86.9,3.5,Medium,Outstanding,Ready 1-2 Years
E03509,2022,5.0,86.3,4.6,High,Meets,Ready Now
E03509,2023,4.5,72.0,4.7,Medium,Exceeds,Ready Now
E03509,2024,4.5,107.0,4.9,Medium,Meets,Ready Now
E03509,2025,4.5,82.8,4.4,Medium,Meets,Not Ready
E03509,2026,5.0,78.5,5.0,Medium,Outstanding,Ready Now
E03510,2025,2.8,102.3,2.9,Medium,Meets,Ready Now
E03510,2026,2.8,79.3,2.9,High,Meets,Ready 1-2 Years
E03511,2022,4.8,88.6,5.0,Medium,Exceeds,Ready 1-2 Years
E03511,2023,4.7,114.1,5.0,Medium,Outstanding,Ready 1-2 Years
E03511,2024,4.6,83.0,4.7,Medium,Meets,Ready 1-2 Years
E03511,2025,4.1,91.7,4.3,Medium,Exceeds,Not Ready
E03512,2026,3.7,90.0,4.0,Medium,Meets,Ready 1-2 Years
E03513,2022,3.0,84.0,2.9,Medium,Meets,Ready 1-2 Years
E03513,2023,3.7,73.9,3.6,Low,Meets,Not Ready
E03513,2024,3.3,72.0,3.5,Medium,Exceeds,Ready Now
E03513,2025,4.0,69.2,3.9,Medium,Meets,Ready Now
E03513,2026,3.4,73.9,3.4,Low,Meets,Ready Now
E03514,2022,3.4,72.0,3.7,High,Outstanding,Ready Now
E03514,2023,3.2,73.2,3.0,Medium,Exceeds,Not Ready
E03514,2024,3.0,98.9,3.1,Medium,Meets,Ready Now
E03514,2025,3.3,92.2,3.3,Medium,Partially Meets,Ready 1-2 Years
E03514,2026,3.7,73.0,3.6,High,Meets,Ready Now
E03515,2022,3.9,104.5,3.6,Low,Outstanding,Ready Now
E03515,2023,4.3,112.8,4.5,Low,Meets,Not Ready
E03515,2024,3.9,79.1,4.0,Medium,Meets,Ready 1-2 Years
E03515,2025,4.6,98.8,5.0,Medium,Meets,Not Ready
E03515,2026,4.4,97.4,4.0,Medium,Exceeds,Ready 1-2 Years
E03517,2022,3.2,77.2,3.2,Medium,Outstanding,Ready 1-2 Years
E03517,2023,4.7,80.8,4.8,Low,Meets,Ready Now
E03517,2024,4.2,104.1,4.2,Medium,Exceeds,Not Ready
E03517,2025,3.7,70.3,3.8,Low,Outstanding,Ready 1-2 Years
E03517,2026,3.5,80.1,3.7,Medium,Exceeds,Not Ready
E03518,2022,3.9,94.7,4.1,Medium,Outstanding,Ready 1-2 Years
E03518,2023,3.8,86.6,3.7,Low,Outstanding,Not Ready
E03518,2024,3.9,99.0,3.9,High,Meets,Ready Now
E03518,2025,3.8,91.9,4.0,Medium,Partially Meets,Ready 1-2 Years
E03518,2026,3.8,78.6,3.8,Medium,Meets,Ready 1-2 Years
E03519,2024,3.3,76.9,3.3,High,Partially Meets,Ready Now
E03519,2025,3.1,81.1,2.5,Medium,Exceeds,Not Ready
E03519,2026,3.0,81.6,2.8,High,Meets,Ready Now
E03520,2022,3.2,88.8,3.1,Medium,Exceeds,Ready Now
E03520,2023,3.2,85.7,2.9,Medium,Exceeds,Ready 1-2 Years
E03520,2024,3.6,85.7,3.5,Medium,Meets,Not Ready
E03520,2025,3.1,67.9,3.2,Medium,Outstanding,Ready 1-2 Years
E03520,2026,3.0,106.2,3.0,Medium,Partially Meets,Not Ready
E03521,2022,3.5,87.7,3.6,Medium,Exceeds,Ready 1-2 Years
E03521,2023,3.2,81.1,3.7,Low,Outstanding,Ready 1-2 Years
E03521,2024,3.5,84.0,3.0,Medium,Meets,Ready Now
E03521,2025,3.7,90.7,4.3,Medium,Partially Meets,Ready Now
E03521,2026,3.2,81.1,3.1,Medium,Meets,Ready 1-2 Years
E03522,2026,4.2,83.0,4.4,High,Exceeds,Not Ready
E03523,2022,3.0,93.3,3.2,Medium,Outstanding,Ready 1-2 Years
E03523,2023,2.8,82.9,2.5,High,Exceeds,Ready 1-2 Years
E03523,2024,2.4,87.3,2.7,Medium,Outstanding,Ready Now
E03523,2025,3.2,72.8,2.8,Medium,Partially Meets,Not Ready
E03523,2026,2.8,61.9,2.8,Medium,Meets,Ready Now
E03524,2022,2.9,73.9,2.7,Medium,Partially Meets,Ready 1-2 Years
E03524,2023,3.7,94.3,3.7,Medium,Meets,Not Ready
E03524,2024,3.8,80.0,4.1,Low,Meets,Ready 1-2 Years
E03524,2025,3.4,78.5,4.0,Low,Outstanding,Ready 1-2 Years
E03524,2026,3.3,80.9,3.3,Medium,Partially Meets,Not Ready
E03525,2022,4.4,99.0,4.0,Low,Meets,Ready 1-2 Years
E03525,2023,4.5,88.1,4.3,High,Meets,Not Ready
E03525,2024,4.6,77.4,4.5,Medium,Exceeds,Not Ready
E03526,2022,2.4,56.0,2.4,Medium,Meets,Ready 1-2 Years
E03526,2023,2.2,69.5,1.6,Medium,Partially Meets,Not Ready
E03526,2024,2.5,68.0,2.2,High,Partially Meets,Ready Now
E03526,2025,3.0,95.4,3.1,Low,Exceeds,Ready 1-2 Years
E03526,2026,2.1,78.4,1.9,Medium,Partially Meets,Ready 1-2 Years
E03527,2022,2.8,95.7,2.4,High,Exceeds,Ready 1-2 Years
E03527,2023,2.5,72.0,2.5,Low,Meets,Not Ready
E03527,2024,2.8,75.1,2.7,High,Outstanding,Ready 1-2 Years
E03527,2025,2.8,82.0,2.2,Medium,Exceeds,Ready 1-2 Years
E03527,2026,2.0,89.7,2.1,High,Meets,Not Ready
E03528,2022,4.0,106.7,3.6,Low,Outstanding,Ready Now
E03528,2023,3.2,98.8,3.7,High,Meets,Ready Now
E03528,2024,3.6,76.8,3.4,Low,Outstanding,Ready 1-2 Years
E03528,2025,3.9,86.5,4.2,High,Partially Meets,Not Ready
E03528,2026,3.7,96.0,3.4,Medium,Outstanding,Ready Now
E03529,2023,3.2,85.0,3.3,Medium,Partially Meets,Ready 1-2 Years
E03529,2024,3.6,90.2,3.6,High,Meets,Not Ready
E03529,2025,4.4,106.3,4.6,High,Outstanding,Not Ready
E03529,2026,4.8,109.3,5.0,Medium,Partially Meets,Not Ready
E03530,2022,3.6,93.7,3.7,Medium,Exceeds,Ready Now
E03530,2023,2.5,72.8,2.3,Low,Meets,Ready Now
E03530,2024,1.9,70.1,1.8,High,Exceeds,Not Ready
E03530,2025,2.9,93.7,2.7,Low,Partially Meets,Not Ready
E03530,2026,3.0,72.4,3.2,Medium,Meets,Not Ready
E03531,2023,3.3,71.5,3.3,Medium,Exceeds,Not Ready
E03531,2024,3.8,71.5,3.6,Medium,Meets,Not Ready
E03531,2025,3.7,96.1,3.8,High,Meets,Ready Now
E03531,2026,3.9,102.2,4.6,Medium,Meets,Not Ready
E03532,2022,3.2,94.2,3.5,High,Meets,Ready 1-2 Years
E03532,2023,3.0,78.3,2.8,High,Exceeds,Ready 1-2 Years
E03532,2024,2.0,81.2,2.1,High,Partially Meets,Not Ready
E03532,2025,3.0,77.3,3.0,Low,Partially Meets,Ready Now
E03532,2026,3.3,93.9,3.7,Medium,Outstanding,Not Ready
E03533,2022,3.8,97.1,3.9,Low,Exceeds,Not Ready
E03533,2023,3.8,94.2,3.8,Low,Outstanding,Not Ready
E03533,2024,4.1,92.3,3.8,High,Meets,Ready Now
E03533,2025,4.5,92.3,4.7,Medium,Meets,Ready 1-2 Years
E03533,2026,4.0,113.2,3.5,High,Meets,Ready 1-2 Years
E03535,2024,2.4,75.9,3.0,Medium,Exceeds,Ready 1-2 Years
E03535,2025,2.7,63.3,2.6,Medium,Meets,Not Ready
E03535,2026,2.8,88.4,3.0,Low,Partially Meets,Not Ready
E03537,2022,3.7,86.8,4.0,Medium,Outstanding,Ready 1-2 Years
E03537,2023,3.9,89.0,4.1,Low,Partially Meets,Ready Now
E03537,2024,4.4,92.6,4.8,Low,Partially Meets,Not Ready
E03537,2025,4.2,82.7,4.1,Medium,Meets,Ready Now
E03537,2026,3.7,85.1,4.2,Low,Partially Meets,Ready 1-2 Years
E03539,2022,4.7,97.8,4.9,High,Meets,Ready 1-2 Years
E03539,2023,4.9,81.4,4.7,Medium,Partially Meets,Ready Now
E03539,2024,4.5,94.6,4.4,High,Partially Meets,Not Ready
E03540,2022,3.9,94.3,4.6,Medium,Exceeds,Ready 1-2 Years
E03540,2023,3.5,89.1,4.0,Medium,Exceeds,Not Ready
E03540,2024,4.1,94.7,3.9,Medium,Partially Meets,Not Ready
E03540,2025,3.3,78.3,3.8,Medium,Meets,Ready 1-2 Years
E03540,2026,3.4,96.2,3.9,Medium,Outstanding,Ready 1-2 Years
E03541,2023,3.2,82.1,3.6,Medium,Meets,Ready 1-2 Years
E03541,2024,3.2,74.3,3.0,Medium,Outstanding,Not Ready
E03541,2025,2.9,81.6,3.1,Medium,Meets,Not Ready
E03541,2026,2.8,75.4,2.7,Medium,Outstanding,Not Ready
E03542,2025,3.1,97.3,2.9,Low,Meets,Ready Now
E03542,2026,3.4,81.2,2.8,High,Exceeds,Not Ready
E03543,2023,3.5,91.4,3.8,Medium,Meets,Ready 1-2 Years
E03543,2024,3.5,98.6,3.8,High,Meets,Not Ready
E03543,2025,2.8,90.1,2.6,Medium,Exceeds,Not Ready
E03543,2026,4.0,77.5,4.4,Medium,Meets,Ready Now
E03544,2022,4.0,103.0,3.8,Medium,Meets,Ready Now
E03544,2023,4.8,100.2,4.9,Medium,Meets,Ready Now
E03544,2024,4.2,93.2,4.3,Medium,Meets,Not Ready
E03544,2025,3.9,81.6,3.3,Medium,Partially Meets,Ready 1-2 Years
E03544,2026,4.4,98.5,4.0,Medium,Partially Meets,Not Ready
E03545,2022,2.2,74.5,2.2,Low,Partially Meets,Ready Now
E03545,2023,2.6,83.8,2.8,Medium,Partially Meets,Ready 1-2 Years
E03545,2024,2.7,92.5,2.8,Low,Exceeds,Not Ready
E03545,2025,2.9,97.9,2.8,High,Partially Meets,Ready 1-2 Years
E03545,2026,2.6,63.9,2.8,Medium,Meets,Not Ready
E03546,2026,3.0,78.1,3.5,High,Outstanding,Ready Now
E03547,2024,4.1,81.8,4.0,Low,Partially Meets,Ready 1-2 Years
E03547,2025,4.3,102.9,3.8,Low,Meets,Not Ready
E03547,2026,4.6,76.2,4.1,Medium,Exceeds,Not Ready
E03548,2022,3.4,95.5,3.6,Medium,Meets,Ready 1-2 Years
E03548,2023,2.4,77.2,2.3,Medium,Outstanding,Ready Now
E03548,2024,2.3,72.8,2.1,Medium,Meets,Not Ready
E03548,2025,2.8,71.9,2.9,High,Exceeds,Ready Now
E03548,2026,3.2,94.2,2.9,Medium,Meets,Ready 1-2 Years
E03549,2022,4.1,80.0,3.5,Medium,Meets,Ready Now
E03550,2025,3.7,79.1,3.6,Low,Meets,Ready Now
E03550,2026,3.0,80.8,2.4,Medium,Meets,Ready Now
E03552,2024,4.3,89.9,4.6,Medium,Exceeds,Not Ready
E03552,2025,3.5,78.6,3.6,Low,Exceeds,Ready Now
E03552,2026,3.7,102.7,3.4,Low,Exceeds,Ready 1-2 Years
E03553,2022,2.9,75.4,2.1,Medium,Meets,Ready Now
E03553,2023,3.3,89.7,3.0,Medium,Meets,Ready Now
E03553,2024,3.1,85.0,2.8,High,Outstanding,Not Ready
E03553,2025,3.5,89.8,3.5,Medium,Meets,Not Ready
E03553,2026,3.4,89.0,3.3,Medium,Outstanding,Not Ready
E03554,2022,3.9,82.3,3.8,Low,Meets,Ready Now
E03554,2023,4.2,74.3,4.2,Medium,Exceeds,Ready 1-2 Years
E03554,2024,3.4,93.8,3.3,Medium,Meets,Not Ready
E03554,2025,4.3,95.2,4.2,Medium,Outstanding,Ready Now
E03554,2026,4.5,95.7,4.7,Low,Partially Meets,Not Ready
E03555,2026,3.5,86.7,3.0,Medium,Outstanding,Ready 1-2 Years
E03556,2025,4.0,85.7,4.2,Low,Meets,Not Ready
E03556,2026,4.3,85.6,4.2,Medium,Partially Meets,Ready Now
E03557,2022,4.4,83.2,4.5,High,Partially Meets,Not Ready
E03557,2023,3.8,99.4,3.7,Medium,Partially Meets,Not Ready
E03557,2024,4.6,102.5,4.2,Medium,Meets,Ready Now
E03557,2025,4.3,97.4,4.7,Medium,Meets,Not Ready
E03557,2026,4.9,98.7,5.0,Medium,Meets,Ready 1-2 Years
E03558,2022,3.1,87.3,3.5,Low,Meets,Not Ready
E03558,2023,2.6,78.4,2.5,Medium,Exceeds,Ready Now
E03558,2024,3.5,78.0,3.6,Low,Outstanding,Ready 1-2 Years
E03558,2025,3.1,101.4,3.0,Low,Meets,Ready 1-2 Years
E03558,2026,2.6,66.6,2.5,High,Meets,Ready 1-2 Years
E03559,2023,5.0,90.8,4.9,Low,Partially Meets,Ready 1-2 Years
E03559,2024,4.6,115.7,4.8,High,Outstanding,Ready 1-2 Years
E03559,2025,4.5,91.7,4.2,Low,Meets,Ready Now
E03559,2026,4.9,88.7,4.8,Medium,Meets,Ready 1-2 Years
E03560,2022,2.8,80.1,2.9,Medium,Meets,Ready Now
E03560,2023,3.5,92.4,3.5,High,Meets,Not Ready
E03560,2024,3.4,69.2,3.1,Medium,Meets,Ready Now
E03560,2025,3.1,83.5,3.3,High,Meets,Ready Now
E03560,2026,3.3,68.9,3.2,Medium,Exceeds,Ready 1-2 Years
E03561,2022,4.0,91.0,3.9,Low,Partially Meets,Ready Now
E03561,2023,3.4,99.0,3.4,Medium,Partially Meets,Not Ready
E03561,2024,3.9,78.7,4.2,Medium,Exceeds,Not Ready
E03561,2025,3.5,76.3,3.9,Low,Exceeds,Not Ready
E03561,2026,3.3,85.1,3.4,Medium,Meets,Ready Now
E03562,2025,2.3,71.5,2.4,Medium,Exceeds,Ready Now
E03562,2026,2.8,88.9,3.1,Medium,Exceeds,Not Ready
E03563,2023,3.7,88.7,4.0,Medium,Meets,Not Ready
E03563,2024,4.0,73.5,3.5,Low,Outstanding,Not Ready
E03563,2025,3.8,82.6,3.7,Medium,Partially Meets,Not Ready
E03563,2026,4.1,106.1,4.2,Medium,Meets,Ready 1-2 Years
E03564,2025,3.1,83.0,3.4,Medium,Outstanding,Ready Now
E03564,2026,3.6,94.7,4.1,Medium,Meets,Not Ready
E03565,2022,3.6,83.8,3.8,Medium,Partially Meets,Ready Now
E03565,2023,4.8,100.3,4.6,High,Exceeds,Ready Now
E03565,2024,3.8,85.4,3.7,Medium,Meets,Not Ready
E03565,2025,4.3,80.7,4.3,Low,Outstanding,Ready Now
E03566,2026,3.8,90.4,4.4,High,Meets,Ready 1-2 Years
E03568,2025,4.0,84.9,3.6,Medium,Partially Meets,Ready 1-2 Years
E03568,2026,2.9,73.0,2.8,Medium,Exceeds,Not Ready
E03569,2025,2.9,75.1,3.4,High,Meets,Not Ready
E03569,2026,4.0,73.3,4.2,Low,Partially Meets,Not Ready
E03570,2025,3.7,90.0,4.0,Low,Meets,Ready 1-2 Years
E03570,2026,2.9,65.4,3.0,Medium,Partially Meets,Ready Now
E03571,2022,2.4,81.9,2.4,Medium,Partially Meets,Ready Now
E03571,2023,1.9,57.0,2.0,Low,Exceeds,Ready Now
E03571,2024,2.9,88.0,2.7,Medium,Outstanding,Not Ready
E03571,2025,2.1,67.8,2.4,High,Outstanding,Ready 1-2 Years
E03571,2026,1.9,81.5,1.5,Low,Meets,Not Ready
E03572,2022,2.5,90.1,2.7,Medium,Partially Meets,Not Ready
E03572,2023,3.1,88.8,2.8,Low,Partially Meets,Not Ready
E03572,2024,3.1,95.6,3.4,High,Meets,Ready 1-2 Years
E03572,2025,3.0,84.0,3.0,Medium,Meets,Ready Now
E03572,2026,2.9,90.0,2.8,Low,Meets,Ready Now
E03574,2025,2.0,75.3,1.9,High,Partially Meets,Not Ready
E03574,2026,3.3,80.0,3.6,Medium,Exceeds,Ready Now
E03575,2024,3.8,93.1,3.8,Medium,Partially Meets,Ready 1-2 Years
E03575,2025,2.9,92.9,3.0,Medium,Outstanding,Ready 1-2 Years
E03575,2026,3.3,80.2,2.9,Low,Exceeds,Ready Now
E03576,2024,3.1,84.1,3.5,Medium,Outstanding,Not Ready
E03576,2025,3.5,71.7,3.8,Medium,Exceeds,Ready 1-2 Years
E03576,2026,2.5,85.8,2.2,Medium,Outstanding,Not Ready
E03577,2025,3.5,90.7,3.0,High,Outstanding,Not Ready
E03577,2026,3.7,93.2,3.7,Medium,Outstanding,Ready 1-2 Years
E03578,2022,3.2,76.3,2.6,Medium,Meets,Not Ready
E03578,2023,3.7,92.0,3.9,Medium,Partially Meets,Ready 1-2 Years
E03578,2024,3.2,71.2,3.1,Low,Partially Meets,Ready 1-2 Years
E03578,2025,3.0,90.6,3.4,Medium,Meets,Not Ready
E03578,2026,3.5,100.8,2.9,Medium,Outstanding,Ready 1-2 Years
E03579,2026,5.0,80.0,5.0,Low,Outstanding,Not Ready
E03580,2022,3.5,86.8,2.9,Medium,Partially Meets,Ready 1-2 Years
E03580,2023,3.2,78.5,3.3,Medium,Partially Meets,Not Ready
E03581,2023,2.6,77.8,2.4,Medium,Partially Meets,Ready Now
E03581,2024,2.2,72.1,2.1,Medium,Partially Meets,Ready 1-2 Years
E03582,2023,4.7,78.9,4.9,Medium,Outstanding,Ready Now
E03582,2024,4.8,84.3,5.0,Medium,Meets,Not Ready
E03582,2025,4.5,92.2,4.3,Low,Exceeds,Ready 1-2 Years
E03582,2026,4.2,82.3,4.2,Medium,Partially Meets,Ready Now
E03583,2026,3.6,77.2,3.7,High,Meets,Ready Now
E03584,2026,2.5,90.4,2.4,Medium,Meets,Ready 1-2 Years
E03585,2022,2.0,82.1,2.3,High,Outstanding,Not Ready
E03585,2023,1.6,67.8,1.2,Low,Meets,Ready 1-2 Years
E03585,2024,2.3,97.3,2.7,Medium,Meets,Ready 1-2 Years
E03585,2025,1.9,75.5,1.2,Medium,Outstanding,Ready Now
E03585,2026,2.6,82.6,2.3,Medium,Exceeds,Not Ready
E03586,2022,4.6,104.9,4.7,Low,Meets,Not Ready
E03586,2023,3.9,74.7,4.3,Medium,Outstanding,Not Ready
E03586,2024,4.2,96.0,4.0,Medium,Partially Meets,Ready 1-2 Years
E03586,2025,4.4,107.3,4.7,Medium,Meets,Not Ready
E03586,2026,4.0,91.4,4.5,Medium,Exceeds,Ready Now
E03587,2022,3.5,69.7,3.8,Medium,Meets,Ready Now
E03587,2023,3.3,80.2,3.1,Low,Meets,Ready Now
E03587,2024,2.6,86.9,2.5,Medium,Exceeds,Ready 1-2 Years
E03587,2025,3.5,75.5,3.0,Medium,Meets,Not Ready
E03587,2026,3.2,86.1,3.3,Low,Meets,Ready 1-2 Years
E03588,2022,3.6,82.6,3.8,Medium,Outstanding,Ready 1-2 Years
E03588,2023,3.7,79.3,3.9,Medium,Meets,Ready Now
E03588,2024,3.8,73.4,3.5,Low,Partially Meets,Ready Now
E03588,2025,3.6,79.0,3.6,Low,Exceeds,Ready 1-2 Years
E03588,2026,3.7,93.5,3.6,Medium,Partially Meets,Ready 1-2 Years
E03589,2024,2.1,86.4,1.7,Medium,Meets,Not Ready
E03589,2025,2.2,67.6,1.8,Medium,Outstanding,Not Ready
E03589,2026,2.5,77.0,3.2,Medium,Outstanding,Ready 1-2 Years
E03590,2025,4.2,99.3,4.7,Medium,Meets,Ready Now
E03590,2026,3.9,64.4,3.6,Low,Exceeds,Ready Now
E03591,2022,2.5,77.5,2.9,Medium,Meets,Ready Now
E03591,2023,2.5,82.1,2.6,Low,Exceeds,Ready 1-2 Years
E03591,2024,2.3,77.4,1.7,Medium,Meets,Not Ready
E03591,2025,2.7,65.3,2.7,Medium,Meets,Not Ready
E03591,2026,2.8,97.3,2.7,Medium,Partially Meets,Not Ready
E03592,2022,3.6,88.9,3.6,Low,Meets,Ready Now
E03592,2023,3.6,82.4,3.5,Low,Partially Meets,Ready Now
E03592,2024,2.7,66.3,2.6,High,Exceeds,Not Ready
E03592,2025,3.3,77.0,3.6,Medium,Meets,Ready Now
E03592,2026,3.6,78.9,3.8,Low,Outstanding,Ready 1-2 Years
E03593,2026,3.7,75.8,3.8,Medium,Outstanding,Ready 1-2 Years
E03594,2026,3.7,82.5,3.6,High,Partially Meets,Ready Now
E03595,2022,4.5,86.3,4.5,Medium,Exceeds,Ready 1-2 Years
E03595,2023,4.2,90.8,4.5,Medium,Exceeds,Not Ready
E03595,2024,3.8,63.2,4.1,Medium,Meets,Not Ready
E03595,2025,3.5,101.4,3.4,High,Exceeds,Ready Now
E03595,2026,3.7,75.9,3.6,Low,Exceeds,Ready Now
E03597,2022,3.3,79.2,2.9,High,Meets,Ready 1-2 Years
E03597,2023,3.6,89.3,3.7,Medium,Partially Meets,Ready Now
E03597,2024,3.4,79.0,3.6,Medium,Meets,Ready 1-2 Years
E03597,2025,3.4,95.8,3.6,High,Outstanding,Ready 1-2 Years
E03597,2026,2.6,74.1,2.4,Low,Outstanding,Ready Now
E03598,2024,4.2,67.3,4.1,Medium,Meets,Not Ready
E03598,2025,4.8,103.4,5.0,Medium,Partially Meets,Ready 1-2 Years
E03598,2026,3.7,73.6,3.6,Medium,Outstanding,Ready 1-2 Years
E03599,2022,2.8,85.3,3.1,Low,Meets,Not Ready
E03599,2023,3.8,92.5,3.7,Low,Outstanding,Ready Now
E03599,2024,3.5,95.4,3.5,Medium,Meets,Not Ready
E03599,2025,3.6,75.3,3.9,Medium,Partially Meets,Ready 1-2 Years
E03599,2026,3.6,93.6,4.0,Medium,Outstanding,Ready Now
E03600,2024,3.7,71.5,3.4,Low,Meets,Not Ready
E03601,2026,3.4,98.5,3.1,High,Partially Meets,Ready 1-2 Years
E03602,2022,3.8,91.4,4.4,Medium,Partially Meets,Not Ready
E03602,2023,3.9,93.2,4.1,Medium,Outstanding,Ready 1-2 Years
E03602,2024,3.9,67.4,3.9,Medium,Partially Meets,Ready Now
E03602,2025,4.0,82.5,4.1,Low,Exceeds,Not Ready
E03602,2026,4.3,85.6,4.4,Medium,Outstanding,Not Ready
E03603,2025,2.7,77.9,2.8,Medium,Meets,Ready Now
E03603,2026,3.3,94.8,2.9,Medium,Meets,Ready 1-2 Years
E03604,2022,4.1,88.9,4.6,Low,Exceeds,Ready 1-2 Years
E03604,2023,3.9,96.7,3.7,High,Outstanding,Ready Now
E03604,2024,3.8,83.7,3.7,Medium,Partially Meets,Not Ready
E03604,2025,4.3,100.1,4.5,Medium,Meets,Ready Now
E03604,2026,3.9,70.1,3.6,Medium,Outstanding,Ready 1-2 Years
E03605,2026,3.4,104.3,3.3,Medium,Exceeds,Ready 1-2 Years
E03606,2022,3.2,81.8,3.2,High,Partially Meets,Ready Now
E03607,2023,3.5,86.2,3.6,Medium,Partially Meets,Ready 1-2 Years
E03607,2024,3.3,86.9,2.9,Medium,Meets,Ready 1-2 Years
E03607,2025,3.4,71.7,3.4,Low,Exceeds,Not Ready
E03607,2026,3.4,77.9,3.4,Medium,Outstanding,Ready 1-2 Years
E03608,2023,4.6,97.7,4.4,Low,Outstanding,Ready 1-2 Years
E03608,2024,4.6,93.2,4.7,Low,Partially Meets,Ready 1-2 Years
E03608,2025,4.9,102.5,4.2,Medium,Meets,Ready Now
E03608,2026,4.6,95.7,4.5,Low,Meets,Ready 1-2 Years
E03609,2022,4.0,81.9,3.6,Medium,Meets,Ready Now
E03609,2023,3.4,90.9,3.4,Medium,Exceeds,Ready 1-2 Years
E03609,2024,3.6,93.3,3.3,High,Exceeds,Ready Now
E03609,2025,3.7,82.0,3.5,Low,Exceeds,Ready 1-2 Years
E03609,2026,3.3,87.2,3.0,Medium,Exceeds,Ready Now
E03611,2022,3.2,69.4,3.0,Medium,Outstanding,Not Ready
E03611,2023,4.1,81.8,4.4,Medium,Partially Meets,Ready 1-2 Years
E03611,2024,3.7,99.5,3.7,Medium,Meets,Not Ready
E03611,2025,3.4,87.3,3.2,High,Meets,Ready 1-2 Years
E03611,2026,3.9,86.5,4.7,Medium,Meets,Ready 1-2 Years
E03612,2022,4.5,95.2,4.6,Medium,Meets,Not Ready
E03612,2023,4.5,97.0,4.9,Low,Outstanding,Ready 1-2 Years
E03612,2024,4.4,96.3,4.8,Medium,Meets,Ready Now
E03612,2025,4.3,88.4,4.2,Low,Meets,Ready 1-2 Years
E03612,2026,4.5,79.7,5.0,High,Outstanding,Ready 1-2 Years
E03613,2022,4.0,90.0,4.0,Medium,Meets,Ready Now
E03613,2023,3.4,77.3,3.0,Medium,Partially Meets,Ready Now
E03614,2025,3.1,77.3,3.2,Medium,Meets,Ready Now
E03614,2026,2.7,90.9,2.4,Medium,Meets,Ready Now
E03615,2024,3.4,96.3,3.3,Medium,Meets,Not Ready
E03615,2025,3.3,87.8,3.7,Medium,Outstanding,Ready Now
E03615,2026,3.9,87.3,3.8,Medium,Partially Meets,Not Ready
E03616,2022,1.9,73.2,1.5,Medium,Outstanding,Ready Now
E03616,2023,2.4,75.7,2.5,Medium,Meets,Ready 1-2 Years
E03616,2024,2.4,69.8,2.5,Low,Meets,Ready Now
E03616,2025,2.5,75.5,2.7,High,Meets,Ready Now
E03616,2026,1.9,86.1,1.8,Medium,Meets,Not Ready
E03617,2026,3.2,80.4,3.3,High,Partially Meets,Ready 1-2 Years
E03618,2022,1.8,76.2,1.8,Medium,Meets,Ready Now
E03618,2023,2.0,86.0,1.6,Medium,Meets,Ready 1-2 Years
E03618,2024,2.0,82.5,2.1,Medium,Meets,Ready Now
E03619,2022,2.8,77.1,3.4,Medium,Outstanding,Ready 1-2 Years
E03619,2023,2.8,77.6,2.6,High,Meets,Ready 1-2 Years
E03619,2024,3.4,96.9,3.5,Medium,Outstanding,Ready Now
E03619,2025,3.4,87.2,2.9,Medium,Exceeds,Ready 1-2 Years
E03619,2026,2.9,84.6,3.0,Medium,Meets,Ready 1-2 Years
E03620,2024,3.4,76.6,3.6,Medium,Meets,Ready 1-2 Years
E03620,2025,3.3,86.7,3.5,Low,Exceeds,Not Ready
E03620,2026,3.0,68.1,2.9,Medium,Outstanding,Not Ready
E03621,2022,2.1,79.9,2.0,Medium,Meets,Not Ready
E03621,2023,2.1,62.0,2.7,High,Meets,Ready 1-2 Years
E03621,2024,2.6,84.5,3.3,Medium,Meets,Ready Now
E03621,2025,2.3,77.7,2.4,Medium,Meets,Ready 1-2 Years
E03621,2026,3.4,88.4,3.7,Medium,Partially Meets,Ready 1-2 Years
E03622,2023,3.7,89.9,4.1,High,Partially Meets,Ready Now
E03622,2024,3.1,86.4,3.2,Low,Exceeds,Ready 1-2 Years
E03622,2025,3.6,85.6,3.4,Medium,Exceeds,Ready 1-2 Years
E03623,2022,2.4,53.9,2.7,Medium,Partially Meets,Ready 1-2 Years
E03623,2023,2.9,101.7,2.7,Medium,Exceeds,Not Ready
E03623,2024,3.7,94.3,3.5,Medium,Meets,Not Ready
E03623,2025,3.0,68.8,2.9,High,Outstanding,Ready 1-2 Years
E03623,2026,2.7,81.2,2.4,High,Meets,Ready 1-2 Years
E03624,2026,4.3,97.2,4.5,Medium,Meets,Ready 1-2 Years
E03625,2022,3.8,78.2,3.9,Low,Partially Meets,Ready Now
E03625,2023,4.6,101.2,4.7,Medium,Meets,Ready 1-2 Years
E03625,2024,4.8,98.7,4.8,Medium,Meets,Ready 1-2 Years
E03625,2025,4.5,83.6,4.5,Medium,Partially Meets,Ready 1-2 Years
E03625,2026,4.1,82.0,4.5,Medium,Partially Meets,Not Ready
E03626,2023,2.4,66.4,2.4,Medium,Meets,Ready Now
E03626,2024,2.4,78.8,2.4,Medium,Meets,Ready 1-2 Years
E03626,2025,2.7,59.8,2.7,Medium,Partially Meets,Ready 1-2 Years
E03626,2026,2.6,69.2,2.2,Medium,Meets,Not Ready
E03627,2026,2.7,75.1,2.8,Low,Meets,Ready 1-2 Years
E03628,2022,2.2,95.7,2.0,Medium,Meets,Not Ready
E03628,2023,2.7,80.8,2.8,Medium,Exceeds,Ready 1-2 Years
E03628,2024,2.7,81.8,2.4,Medium,Meets,Ready Now
E03628,2025,2.4,73.4,2.4,Medium,Partially Meets,Ready 1-2 Years
E03628,2026,2.6,90.1,2.9,Medium,Outstanding,Ready Now
E03629,2022,2.8,79.8,2.3,Medium,Exceeds,Ready 1-2 Years
E03629,2023,2.8,85.1,2.9,Medium,Meets,Ready Now
E03629,2024,3.3,74.4,3.6,Low,Meets,Not Ready
E03629,2025,3.1,70.0,3.0,Medium,Partially Meets,Ready Now
E03629,2026,2.8,79.3,2.5,Medium,Meets,Not Ready
E03630,2022,2.9,70.9,2.3,Medium,Outstanding,Ready 1-2 Years
E03630,2023,2.9,83.8,3.2,Low,Outstanding,Ready 1-2 Years
E03630,2024,3.1,83.4,3.3,High,Outstanding,Not Ready
E03630,2025,3.6,81.2,3.4,Medium,Meets,Ready 1-2 Years
E03630,2026,3.2,96.7,3.0,Low,Meets,Ready Now
E03631,2022,4.1,99.0,3.4,Medium,Outstanding,Ready Now
E03631,2023,3.6,77.8,3.8,High,Exceeds,Not Ready
E03632,2024,2.2,86.0,1.9,Medium,Partially Meets,Ready Now
E03632,2025,2.4,81.9,2.5,Medium,Exceeds,Ready Now
E03632,2026,2.4,79.2,2.3,Medium,Exceeds,Ready Now
E03633,2022,3.5,91.8,4.3,Low,Partially Meets,Ready Now
E03633,2023,4.3,76.6,4.6,Medium,Meets,Ready 1-2 Years
E03633,2024,3.6,102.5,4.1,Medium,Outstanding,Not Ready
E03633,2025,3.3,89.5,3.0,High,Meets,Not Ready
E03633,2026,3.7,94.7,4.2,High,Exceeds,Ready 1-2 Years
E03634,2026,2.5,85.3,2.7,High,Exceeds,Ready Now
E03635,2023,4.6,86.1,4.6,Low,Meets,Not Ready
E03635,2024,4.0,100.8,4.5,Medium,Outstanding,Ready 1-2 Years
E03635,2025,4.2,86.9,4.1,Medium,Partially Meets,Ready Now
E03636,2026,3.2,65.9,3.5,Medium,Meets,Not Ready
E03637,2023,2.6,67.7,2.8,Medium,Meets,Not Ready
E03637,2024,2.9,64.9,2.6,Medium,Meets,Not Ready
E03637,2025,3.4,77.0,3.7,Medium,Meets,Ready Now
E03637,2026,2.8,76.4,3.2,Medium,Meets,Not Ready
E03638,2023,3.1,81.4,3.2,Medium,Partially Meets,Ready 1-2 Years
E03638,2024,3.8,82.8,3.9,Medium,Partially Meets,Not Ready
E03638,2025,3.6,89.0,4.1,Medium,Partially Meets,Not Ready
E03638,2026,3.7,99.6,4.0,Low,Meets,Ready 1-2 Years
E03639,2023,3.6,103.0,3.3,Medium,Meets,Not Ready
E03639,2024,3.5,75.7,3.3,Low,Meets,Ready Now
E03640,2022,3.9,78.8,4.3,Medium,Meets,Ready Now
E03640,2023,4.2,98.5,4.5,Medium,Meets,Ready Now
E03640,2024,3.3,71.2,3.3,Medium,Partially Meets,Not Ready
E03640,2025,3.3,86.6,3.6,Medium,Exceeds,Not Ready
E03640,2026,3.7,79.9,3.9,Low,Outstanding,Ready 1-2 Years
E03641,2023,4.8,95.7,4.5,Medium,Partially Meets,Ready Now
E03641,2024,5.0,107.4,5.0,Low,Meets,Not Ready
E03641,2025,5.0,96.7,5.0,Low,Partially Meets,Ready 1-2 Years
E03641,2026,5.0,99.3,5.0,Medium,Meets,Ready 1-2 Years
E03642,2022,3.4,80.3,3.3,Medium,Exceeds,Ready 1-2 Years
E03642,2023,2.4,68.2,2.0,Medium,Meets,Not Ready
E03642,2024,3.4,87.0,3.5,Medium,Meets,Not Ready
E03642,2025,2.7,78.8,2.8,Medium,Partially Meets,Ready Now
E03642,2026,3.2,79.9,3.1,Medium,Exceeds,Not Ready
E03643,2022,3.1,69.8,3.3,Medium,Meets,Not Ready
E03643,2023,3.6,86.5,3.6,Medium,Meets,Ready 1-2 Years
E03643,2024,3.1,63.8,3.5,Low,Exceeds,Not Ready
E03643,2025,2.7,81.5,2.5,Medium,Exceeds,Not Ready
E03643,2026,3.1,83.0,2.9,Medium,Partially Meets,Not Ready
E03644,2024,3.0,95.1,2.8,Medium,Exceeds,Ready 1-2 Years
E03644,2025,2.8,75.4,2.8,Low,Partially Meets,Ready 1-2 Years
E03644,2026,2.9,102.2,3.0,Low,Meets,Not Ready
E03645,2022,3.8,81.1,4.3,High,Exceeds,Ready 1-2 Years
E03645,2023,3.6,85.7,3.4,Low,Outstanding,Ready 1-2 Years
E03645,2024,3.5,83.0,3.7,Low,Outstanding,Ready 1-2 Years
E03645,2025,4.0,88.8,4.0,High,Meets,Not Ready
E03646,2025,2.7,83.8,3.1,Medium,Meets,Not Ready
E03646,2026,3.0,87.6,3.1,High,Partially Meets,Ready Now
E03647,2022,3.1,77.6,3.3,High,Meets,Ready 1-2 Years
E03647,2023,2.8,70.1,2.8,High,Exceeds,Ready Now
E03648,2023,3.1,90.2,3.5,High,Meets,Ready Now
E03649,2024,2.9,57.8,2.9,Medium,Partially Meets,Ready 1-2 Years
E03649,2025,2.7,86.0,2.2,High,Meets,Ready Now
E03649,2026,3.5,89.3,3.6,High,Meets,Ready Now
E03650,2022,3.7,83.0,3.4,High,Exceeds,Ready Now
E03650,2023,4.6,94.4,4.0,Medium,Outstanding,Not Ready
E03650,2024,4.3,77.6,4.3,Medium,Meets,Ready 1-2 Years
E03650,2025,4.2,86.6,4.4,Low,Outstanding,Not Ready
E03650,2026,4.2,78.2,4.4,Medium,Outstanding,Ready 1-2 Years
E03651,2022,3.6,79.5,3.2,Medium,Outstanding,Not Ready
E03651,2023,2.7,101.2,3.0,Low,Partially Meets,Ready Now
E03651,2024,3.5,97.9,4.0,High,Partially Meets,Ready 1-2 Years
E03651,2025,3.0,77.0,2.1,High,Partially Meets,Ready 1-2 Years
E03651,2026,3.6,67.4,3.3,High,Exceeds,Not Ready
E03652,2022,1.4,73.5,1.3,Medium,Outstanding,Ready Now
E03652,2023,2.5,76.8,2.6,Medium,Partially Meets,Not Ready
E03652,2024,2.4,75.8,2.9,Low,Partially Meets,Ready Now
E03652,2025,2.2,73.9,2.4,Medium,Meets,Not Ready
E03652,2026,1.9,62.8,1.5,High,Partially Meets,Not Ready
E03653,2025,4.5,73.2,4.6,High,Meets,Ready 1-2 Years
E03653,2026,4.5,95.0,4.6,High,Exceeds,Ready 1-2 Years
E03654,2022,4.2,75.0,4.4,High,Meets,Ready Now
E03655,2023,1.4,99.3,1.2,Medium,Meets,Ready 1-2 Years
E03655,2024,2.2,98.9,2.6,Medium,Exceeds,Ready 1-2 Years
E03655,2025,2.0,75.6,1.4,Low,Outstanding,Ready 1-2 Years
E03655,2026,1.3,48.5,1.2,Medium,Meets,Ready Now
E03656,2022,2.6,86.4,2.5,Low,Meets,Ready Now
E03656,2023,2.5,59.0,2.5,Medium,Exceeds,Ready Now
E03656,2024,2.8,55.9,2.4,Medium,Exceeds,Ready Now
E03656,2025,2.7,89.4,2.6,Low,Exceeds,Ready Now
E03656,2026,3.0,88.2,3.3,High,Meets,Not Ready
E03657,2022,1.9,84.6,1.7,Medium,Meets,Ready 1-2 Years
E03657,2023,2.6,69.8,2.7,Medium,Meets,Ready Now
E03657,2024,2.5,85.9,2.7,Medium,Meets,Not Ready
E03658,2026,3.9,97.7,3.9,Medium,Exceeds,Ready 1-2 Years
E03659,2024,2.4,75.0,2.6,High,Meets,Ready Now
E03659,2025,2.2,78.9,2.4,Medium,Meets,Not Ready
E03659,2026,2.5,63.9,2.6,Medium,Partially Meets,Ready Now
E03660,2024,3.4,84.8,3.3,Medium,Meets,Not Ready
E03661,2025,3.9,72.4,4.0,Medium,Meets,Ready 1-2 Years
E03661,2026,4.1,73.9,3.9,Medium,Outstanding,Not Ready
E03662,2022,2.5,83.1,3.0,High,Meets,Not Ready
E03662,2023,2.2,79.5,2.5,Medium,Outstanding,Ready 1-2 Years
E03662,2024,2.3,69.0,2.5,Medium,Meets,Ready 1-2 Years
E03662,2025,2.6,84.7,2.2,Medium,Outstanding,Not Ready
E03662,2026,2.4,81.0,2.7,Medium,Meets,Ready Now
E03663,2026,4.4,82.8,4.4,Medium,Outstanding,Ready 1-2 Years
E03664,2022,3.3,79.9,3.1,Medium,Meets,Not Ready
E03664,2023,3.9,95.3,3.7,Low,Partially Meets,Not Ready
E03664,2024,2.7,83.5,2.9,Low,Partially Meets,Not Ready
E03664,2025,2.9,76.9,3.1,Medium,Meets,Not Ready
E03664,2026,3.4,71.1,3.3,Medium,Meets,Ready Now
E03665,2022,2.6,79.4,2.4,Medium,Meets,Ready 1-2 Years
E03665,2023,3.5,78.4,3.1,Low,Partially Meets,Ready 1-2 Years
E03665,2024,3.1,58.2,3.2,High,Meets,Not Ready
E03665,2025,3.7,106.0,3.7,Medium,Meets,Ready 1-2 Years
E03665,2026,2.8,79.0,2.8,Medium,Outstanding,Ready 1-2 Years
E03666,2025,3.8,71.8,4.5,High,Partially Meets,Not Ready
E03666,2026,3.1,97.1,3.9,Low,Meets,Ready Now
E03667,2022,2.9,77.0,2.7,Medium,Meets,Ready 1-2 Years
E03667,2023,2.8,85.3,2.5,Medium,Meets,Not Ready
E03667,2024,2.3,74.3,2.3,Medium,Meets,Ready Now
E03667,2025,3.1,84.2,2.9,Low,Exceeds,Ready Now
E03667,2026,2.0,76.5,2.2,Low,Meets,Ready Now
E03668,2022,3.2,98.2,3.5,Low,Outstanding,Not Ready
E03668,2023,3.2,85.8,2.7,Medium,Meets,Ready 1-2 Years
E03668,2024,3.8,88.3,3.7,Medium,Outstanding,Ready Now
E03668,2025,3.2,88.4,2.5,Medium,Meets,Ready Now
E03668,2026,2.7,77.1,2.9,Low,Partially Meets,Not Ready
E03669,2022,3.9,68.8,4.0,Medium,Exceeds,Ready Now
E03669,2023,3.2,73.8,3.4,Medium,Meets,Not Ready
E03669,2024,2.6,80.0,2.9,High,Outstanding,Ready 1-2 Years
E03669,2025,4.0,70.6,4.4,High,Outstanding,Not Ready
E03669,2026,3.9,98.8,4.4,Low,Meets,Ready Now
E03670,2022,3.1,98.6,3.1,Medium,Exceeds,Ready Now
E03670,2023,3.8,74.1,3.5,Low,Partially Meets,Not Ready
E03670,2024,3.8,73.6,3.7,High,Outstanding,Ready Now
E03670,2025,3.1,57.5,3.1,Medium,Meets,Not Ready
E03670,2026,3.4,72.4,3.6,Medium,Outstanding,Not Ready
E03671,2022,2.8,66.2,2.7,Low,Partially Meets,Ready Now
E03671,2023,3.0,91.3,2.7,Low,Outstanding,Ready Now
E03671,2024,3.1,70.8,2.6,Medium,Partially Meets,Not Ready
E03671,2025,2.6,75.5,2.7,Medium,Partially Meets,Not Ready
E03671,2026,3.1,93.4,2.9,Low,Exceeds,Not Ready
E03672,2023,3.9,95.4,4.0,Low,Partially Meets,Ready Now
E03672,2024,3.5,83.7,3.2,Medium,Meets,Ready Now
E03672,2025,3.4,86.0,2.7,Medium,Outstanding,Ready 1-2 Years
E03672,2026,3.5,83.3,3.5,Medium,Partially Meets,Not Ready
E03673,2022,3.0,78.0,3.3,Medium,Partially Meets,Ready Now
E03673,2023,4.0,77.6,3.6,High,Meets,Ready 1-2 Years
E03673,2024,3.7,94.8,3.4,Medium,Exceeds,Ready Now
E03673,2025,3.5,75.5,4.0,High,Meets,Not Ready
E03673,2026,3.9,70.1,3.8,Low,Exceeds,Not Ready
E03674,2022,5.0,79.4,5.0,Medium,Partially Meets,Ready Now
E03674,2023,4.1,75.0,4.2,Low,Meets,Not Ready
E03674,2024,5.0,97.4,5.0,Medium,Meets,Ready Now
E03674,2025,5.0,98.2,4.7,Medium,Exceeds,Ready 1-2 Years
E03674,2026,4.0,101.0,4.2,Medium,Meets,Not Ready
E03676,2022,4.4,110.5,4.6,Medium,Outstanding,Not Ready
E03676,2023,3.7,79.2,3.1,Medium,Outstanding,Not Ready
E03676,2024,3.6,81.7,3.8,Low,Outstanding,Ready Now
E03676,2025,4.6,95.3,5.0,Low,Outstanding,Not Ready
E03676,2026,3.9,79.2,4.0,Medium,Exceeds,Not Ready
E03678,2022,2.0,82.9,2.0,Low,Partially Meets,Ready Now
E03678,2023,2.2,66.6,2.4,Medium,Meets,Ready 1-2 Years
E03678,2024,2.8,80.7,3.0,Medium,Partially Meets,Ready 1-2 Years
E03678,2025,2.9,86.2,2.7,High,Exceeds,Not Ready
E03678,2026,2.3,81.0,2.6,Medium,Meets,Not Ready
E03679,2022,3.6,93.4,3.8,High,Exceeds,Not Ready
E03679,2023,3.7,80.3,4.2,Medium,Partially Meets,Ready Now
E03679,2024,3.4,92.0,3.4,Medium,Meets,Ready 1-2 Years
E03679,2025,4.2,89.2,5.0,Medium,Meets,Ready 1-2 Years
E03679,2026,3.4,100.7,2.9,Medium,Exceeds,Not Ready
E03680,2023,3.2,84.0,3.4,Medium,Meets,Ready Now
E03680,2024,3.6,87.6,4.0,High,Exceeds,Ready Now
E03681,2026,1.7,78.2,1.8,Medium,Meets,Not Ready
E03682,2022,3.5,84.3,3.6,Medium,Partially Meets,Ready Now
E03682,2023,2.6,93.8,2.6,Low,Exceeds,Ready Now
E03682,2024,2.8,75.7,3.0,Medium,Meets,Ready Now
E03682,2025,3.1,72.8,3.2,Medium,Exceeds,Not Ready
E03682,2026,3.9,87.5,4.2,Low,Outstanding,Not Ready
E03683,2024,3.5,95.0,3.0,Low,Meets,Ready Now
E03683,2025,4.3,104.6,4.4,Medium,Meets,Not Ready
E03683,2026,4.4,85.9,4.8,Low,Partially Meets,Ready Now
E03684,2022,3.5,70.0,3.7,Medium,Meets,Not Ready
E03684,2023,4.1,100.3,4.1,Medium,Meets,Ready 1-2 Years
E03685,2026,2.8,78.8,3.1,Low,Outstanding,Ready 1-2 Years
E03686,2026,4.0,74.7,4.3,Medium,Meets,Ready 1-2 Years
E03687,2022,3.6,86.5,3.7,Low,Partially Meets,Ready 1-2 Years
E03687,2023,4.5,81.5,4.8,Medium,Partially Meets,Not Ready
E03687,2024,3.4,78.4,3.1,Medium,Outstanding,Ready Now
E03687,2025,4.1,98.5,4.3,High,Partially Meets,Ready Now
E03687,2026,4.5,106.2,4.9,Medium,Meets,Ready Now
E03688,2022,3.3,89.5,3.2,Medium,Exceeds,Not Ready
E03688,2023,2.9,78.9,3.1,Medium,Meets,Not Ready
E03689,2026,2.8,74.6,3.2,High,Meets,Ready Now
E03690,2022,2.2,74.1,2.5,Low,Exceeds,Not Ready
E03690,2023,1.6,65.2,1.1,Medium,Exceeds,Ready 1-2 Years
E03690,2024,1.7,74.8,1.4,Medium,Partially Meets,Not Ready
E03690,2025,2.0,85.2,1.4,Medium,Outstanding,Ready 1-2 Years
E03690,2026,2.0,66.0,2.0,Medium,Partially Meets,Ready Now
E03691,2022,4.2,85.5,3.9,Medium,Meets,Ready 1-2 Years
E03691,2023,4.1,81.4,3.8,Medium,Exceeds,Ready 1-2 Years
E03691,2024,4.0,97.5,4.0,Medium,Meets,Not Ready
E03691,2025,3.6,59.1,3.9,Low,Meets,Ready Now
E03691,2026,4.3,80.2,3.9,Medium,Partially Meets,Not Ready
E03692,2023,3.4,103.4,3.3,Low,Exceeds,Not Ready
E03692,2024,3.6,99.4,3.3,Medium,Meets,Not Ready
E03692,2025,4.0,67.3,4.0,Low,Outstanding,Not Ready
E03692,2026,3.3,95.1,3.2,Medium,Partially Meets,Not Ready
E03693,2022,3.3,67.3,3.2,High,Meets,Not Ready
E03693,2023,2.9,96.4,3.0,High,Partially Meets,Ready 1-2 Years
E03693,2024,2.6,86.3,3.0,High,Meets,Ready 1-2 Years
E03693,2025,2.5,75.9,2.5,Medium,Outstanding,Ready Now
E03693,2026,2.9,72.7,2.7,High,Outstanding,Ready Now
E03694,2023,4.6,83.0,5.0,Medium,Outstanding,Ready Now
E03694,2024,4.5,99.7,4.9,Medium,Exceeds,Not Ready
E03694,2025,4.6,86.9,4.6,High,Meets,Not Ready
E03694,2026,4.6,103.5,4.3,Medium,Outstanding,Not Ready
E03695,2026,2.5,52.3,3.2,High,Exceeds,Ready 1-2 Years
E03696,2022,3.8,76.4,4.0,High,Meets,Ready Now
E03696,2023,3.9,68.0,3.9,Medium,Meets,Ready Now
E03696,2024,4.1,95.0,4.0,Medium,Meets,Ready 1-2 Years
E03696,2025,3.7,84.8,3.6,Low,Outstanding,Ready Now
E03696,2026,4.1,100.5,4.4,High,Outstanding,Not Ready
E03697,2022,3.2,78.5,3.0,Low,Meets,Not Ready
E03697,2023,2.9,61.3,2.4,Medium,Meets,Not Ready
E03697,2024,3.3,92.4,3.3,Medium,Outstanding,Not Ready
E03697,2025,3.1,86.7,3.5,High,Outstanding,Ready Now
E03697,2026,3.3,100.7,3.5,Medium,Meets,Not Ready
E03698,2022,3.4,78.8,3.3,Medium,Meets,Ready 1-2 Years
E03698,2023,3.6,87.2,4.2,High,Partially Meets,Ready Now
E03698,2024,3.3,90.4,3.3,Medium,Outstanding,Not Ready
E03698,2025,3.8,85.7,3.6,High,Meets,Not Ready
E03698,2026,4.1,92.5,3.9,High,Meets,Ready 1-2 Years
E03699,2022,4.8,96.6,5.0,Low,Partially Meets,Ready 1-2 Years
E03699,2023,4.3,95.1,4.4,Medium,Partially Meets,Ready Now
E03699,2024,3.8,94.1,4.0,Medium,Meets,Not Ready
E03699,2025,4.3,97.1,4.4,Medium,Outstanding,Ready 1-2 Years
E03699,2026,4.2,79.3,3.8,Medium,Exceeds,Ready Now
E03700,2022,4.0,81.0,4.1,Medium,Meets,Ready 1-2 Years
E03700,2023,4.4,95.3,4.1,Medium,Exceeds,Ready Now
E03700,2024,3.8,85.4,3.8,Medium,Outstanding,Ready 1-2 Years
E03700,2025,3.2,97.9,3.8,Medium,Outstanding,Ready Now
E03700,2026,3.8,89.1,3.9,Medium,Meets,Ready 1-2 Years
E03701,2022,4.4,92.9,4.1,High,Meets,Ready Now
E03701,2023,4.3,91.1,4.7,Low,Partially Meets,Ready Now
E03701,2024,4.1,93.4,3.8,High,Partially Meets,Ready Now
E03701,2025,4.5,100.9,4.5,Medium,Meets,Ready Now
E03701,2026,3.7,80.8,3.0,Medium,Exceeds,Ready Now
E03702,2024,4.0,85.4,3.9,Medium,Meets,Ready Now
E03702,2025,3.7,104.7,3.6,Medium,Meets,Not Ready
E03702,2026,4.3,96.2,4.1,Medium,Partially Meets,Not Ready
E03703,2022,2.7,75.0,2.7,Medium,Meets,Ready 1-2 Years
E03703,2023,1.7,87.3,1.8,Medium,Meets,Not Ready
E03703,2024,2.9,79.4,3.1,Medium,Outstanding,Ready Now
E03703,2025,2.3,68.9,2.6,High,Partially Meets,Ready 1-2 Years
E03703,2026,2.8,83.2,2.4,Medium,Partially Meets,Not Ready
E03705,2024,2.2,74.7,2.3,High,Exceeds,Ready 1-2 Years
E03705,2025,2.5,73.9,2.0,Medium,Exceeds,Not Ready
E03705,2026,3.3,88.8,3.4,Medium,Meets,Ready Now
E03706,2025,4.6,96.9,4.3,Medium,Exceeds,Ready 1-2 Years
E03706,2026,4.7,105.8,4.8,Medium,Partially Meets,Ready Now
E03707,2023,3.1,81.6,3.3,Medium,Exceeds,Ready Now
E03707,2024,2.8,79.6,3.0,Medium,Meets,Not Ready
E03707,2025,2.5,79.8,2.3,Medium,Exceeds,Not Ready
E03707,2026,3.1,98.3,2.8,Medium,Exceeds,Ready Now
E03708,2022,3.6,96.5,3.5,Medium,Partially Meets,Not Ready
E03708,2023,4.0,94.0,4.3,Medium,Partially Meets,Ready 1-2 Years
E03708,2024,3.1,82.5,3.8,Medium,Outstanding,Ready Now
E03708,2025,3.2,74.3,2.4,Low,Outstanding,Ready 1-2 Years
E03708,2026,4.4,103.7,4.2,Medium,Meets,Ready Now
E03710,2026,3.2,86.5,2.9,Medium,Meets,Ready Now
E03711,2023,4.0,99.4,3.7,Medium,Meets,Ready 1-2 Years
E03711,2024,4.0,105.7,4.4,Medium,Exceeds,Not Ready
E03713,2022,4.2,93.5,4.4,High,Partially Meets,Ready Now
E03713,2023,4.1,86.3,4.3,Medium,Exceeds,Ready 1-2 Years
E03714,2023,4.6,90.0,4.6,High,Meets,Ready Now
E03714,2024,4.3,86.2,4.1,Medium,Exceeds,Ready 1-2 Years
E03714,2025,5.0,93.7,4.9,Medium,Exceeds,Ready Now
E03714,2026,5.0,92.0,4.3,Medium,Exceeds,Not Ready
E03716,2022,2.6,82.5,2.8,Medium,Meets,Ready 1-2 Years
E03716,2023,2.7,64.7,2.7,Medium,Outstanding,Ready Now
E03716,2024,2.5,83.6,2.8,Medium,Meets,Ready Now
E03716,2025,3.2,70.0,3.9,Medium,Partially Meets,Ready 1-2 Years
E03716,2026,3.0,96.2,3.1,Medium,Meets,Ready 1-2 Years
E03717,2023,3.3,76.5,3.2,Medium,Exceeds,Ready Now
E03717,2024,4.7,90.2,4.6,Low,Outstanding,Ready Now
E03717,2025,3.1,91.8,3.2,Medium,Meets,Ready 1-2 Years
E03717,2026,3.6,84.9,3.2,Medium,Meets,Ready Now
E03718,2026,2.9,79.4,2.8,Medium,Exceeds,Ready 1-2 Years
E03719,2022,3.1,84.6,3.2,High,Meets,Ready 1-2 Years
E03719,2023,2.7,81.4,2.6,Low,Meets,Ready Now
E03719,2024,2.9,64.2,2.6,Medium,Exceeds,Ready 1-2 Years
E03719,2025,2.7,56.6,3.5,High,Meets,Ready Now
E03719,2026,2.8,85.8,2.8,Low,Meets,Not Ready
E03720,2026,3.6,84.2,3.0,High,Exceeds,Not Ready
E03721,2023,1.8,58.7,1.6,Medium,Exceeds,Ready 1-2 Years
E03721,2024,1.8,96.0,2.6,Medium,Meets,Not Ready
E03721,2025,2.2,81.8,1.7,Medium,Meets,Ready Now
E03721,2026,1.5,59.2,1.1,Medium,Meets,Not Ready
E03723,2022,3.6,84.0,3.2,Medium,Partially Meets,Ready Now
E03723,2023,3.2,82.2,3.4,Medium,Meets,Ready 1-2 Years
E03723,2024,3.0,69.0,2.7,Low,Exceeds,Not Ready
E03723,2025,4.0,88.4,4.1,Medium,Meets,Not Ready
E03723,2026,3.1,92.8,2.7,Medium,Exceeds,Ready Now
E03724,2022,2.5,77.1,3.0,Low,Meets,Ready Now
E03724,2023,3.2,74.2,3.4,High,Exceeds,Ready Now
E03725,2025,2.7,93.7,2.6,Medium,Exceeds,Not Ready
E03725,2026,2.7,77.8,2.3,Low,Meets,Ready 1-2 Years
E03726,2022,3.8,77.8,3.7,Medium,Outstanding,Ready 1-2 Years
E03726,2023,4.7,90.8,4.6,Medium,Exceeds,Ready 1-2 Years
E03726,2024,4.0,99.9,3.9,Low,Meets,Not Ready
E03726,2025,4.3,99.8,4.6,Medium,Meets,Ready Now
E03726,2026,5.0,106.0,5.0,High,Exceeds,Ready Now
E03727,2022,3.2,95.2,2.6,Low,Exceeds,Ready Now
E03727,2023,2.4,92.6,2.7,High,Meets,Ready 1-2 Years
E03727,2024,3.5,77.9,2.7,Low,Outstanding,Ready 1-2 Years
E03727,2025,3.0,86.6,3.0,Medium,Meets,Ready Now
E03727,2026,3.9,87.5,3.7,Medium,Meets,Ready 1-2 Years
E03728,2026,4.8,91.9,4.6,Medium,Outstanding,Not Ready
E03729,2026,3.0,80.3,3.1,Medium,Exceeds,Ready Now
E03730,2026,3.2,70.2,3.0,Medium,Meets,Ready Now
E03731,2022,3.6,84.9,3.8,Low,Partially Meets,Ready Now
E03731,2023,3.6,103.1,3.6,Medium,Exceeds,Not Ready
E03731,2024,3.1,94.7,3.4,Medium,Meets,Ready Now
E03731,2025,3.5,112.4,3.3,Medium,Meets,Not Ready
E03731,2026,3.5,83.0,3.1,Low,Meets,Not Ready
E03732,2023,2.5,86.5,2.6,Low,Meets,Not Ready
E03732,2024,2.8,73.8,3.0,Medium,Outstanding,Ready Now
E03732,2025,3.1,82.2,3.4,High,Partially Meets,Ready 1-2 Years
E03733,2024,3.5,94.7,3.1,Medium,Meets,Ready 1-2 Years
E03734,2022,3.0,94.7,3.1,Medium,Meets,Ready Now
E03734,2023,3.7,107.8,3.3,Medium,Exceeds,Not Ready
E03734,2024,3.1,67.5,2.7,High,Outstanding,Ready 1-2 Years
E03734,2025,2.5,82.9,2.3,Medium,Meets,Ready 1-2 Years
E03734,2026,3.2,65.7,3.4,Medium,Meets,Ready Now
E03735,2022,2.5,63.3,2.3,Medium,Outstanding,Ready Now
E03735,2023,3.4,90.2,3.4,Medium,Meets,Ready 1-2 Years
E03735,2024,3.2,75.2,3.2,Medium,Exceeds,Not Ready
E03735,2025,3.2,74.1,3.1,Medium,Exceeds,Ready 1-2 Years
E03735,2026,3.7,67.2,3.4,Medium,Meets,Not Ready
E03736,2022,3.7,86.1,4.1,Medium,Outstanding,Ready Now
E03736,2023,4.3,89.3,4.0,Medium,Exceeds,Ready Now
E03736,2024,3.7,69.8,3.5,Low,Meets,Not Ready
E03736,2025,3.5,99.4,3.7,Medium,Partially Meets,Ready Now
E03736,2026,4.0,81.4,4.4,Medium,Meets,Not Ready
E03737,2022,3.3,102.7,3.3,Low,Meets,Ready Now
E03737,2023,2.7,75.4,2.6,Low,Meets,Ready Now
E03737,2024,2.5,76.0,2.5,Medium,Exceeds,Ready Now
E03737,2025,2.6,84.8,2.7,Medium,Outstanding,Ready Now
E03737,2026,3.0,82.2,2.4,Low,Exceeds,Not Ready
E03738,2022,4.1,97.3,4.4,Medium,Meets,Ready Now
E03738,2023,4.2,85.8,4.4,Medium,Outstanding,Ready 1-2 Years
E03738,2024,4.3,85.7,4.2,High,Meets,Ready 1-2 Years
E03738,2025,4.1,80.5,4.1,Low,Meets,Not Ready
E03738,2026,4.8,85.4,5.0,Medium,Outstanding,Ready 1-2 Years
E03739,2024,3.0,81.5,2.8,High,Meets,Ready Now
E03739,2025,3.2,75.5,3.3,Medium,Meets,Not Ready
E03739,2026,4.0,76.4,4.0,Low,Meets,Not Ready
E03740,2022,3.6,89.0,3.6,High,Meets,Not Ready
E03740,2023,3.9,84.8,4.5,Medium,Exceeds,Ready Now
E03740,2024,4.2,88.0,4.6,Medium,Meets,Ready Now
E03740,2025,3.7,74.5,3.5,Medium,Meets,Ready 1-2 Years
E03740,2026,4.6,76.4,4.6,High,Meets,Not Ready
E03741,2023,3.9,90.5,3.2,Medium,Exceeds,Not Ready
E03741,2024,3.9,65.1,3.6,High,Outstanding,Ready 1-2 Years
E03741,2025,4.2,91.0,4.1,Low,Partially Meets,Ready 1-2 Years
E03741,2026,3.8,97.0,3.7,Low,Outstanding,Ready Now
E03742,2022,3.1,75.5,3.4,Medium,Meets,Not Ready
E03742,2023,3.2,91.1,3.2,Medium,Meets,Ready 1-2 Years
E03742,2024,3.4,70.6,3.8,High,Meets,Ready Now
E03742,2025,3.3,94.2,3.5,Medium,Partially Meets,Ready Now
E03742,2026,3.1,78.4,3.2,Medium,Meets,Not Ready
E03743,2023,3.1,66.9,3.7,Medium,Meets,Ready Now
E03743,2024,2.7,76.6,2.6,Medium,Partially Meets,Ready 1-2 Years
E03743,2025,2.6,95.5,2.7,Low,Meets,Ready 1-2 Years
E03743,2026,2.8,78.7,3.0,Low,Outstanding,Ready Now
E03744,2023,1.4,54.9,1.4,High,Outstanding,Ready Now
E03744,2024,2.0,83.7,2.2,Medium,Meets,Ready Now
E03744,2025,1.8,80.4,1.9,Medium,Meets,Ready 1-2 Years
E03744,2026,2.4,85.1,2.5,Medium,Exceeds,Ready Now
E03746,2022,4.2,88.2,4.0,Medium,Outstanding,Ready Now
E03746,2023,4.9,86.0,5.0,Medium,Exceeds,Not Ready
E03746,2024,4.0,96.2,4.1,Medium,Outstanding,Ready 1-2 Years
E03746,2025,3.8,103.2,3.6,Medium,Outstanding,Not Ready
E03746,2026,4.1,79.2,3.7,High,Exceeds,Not Ready
E03747,2025,4.3,86.0,4.2,Low,Partially Meets,Ready Now
E03747,2026,3.8,86.1,4.2,Medium,Exceeds,Ready Now
E03748,2022,4.7,85.9,4.7,Medium,Meets,Ready 1-2 Years
E03748,2023,5.0,92.4,5.0,Medium,Outstanding,Ready 1-2 Years
E03748,2024,4.2,101.2,3.4,High,Exceeds,Not Ready
E03748,2025,4.4,89.7,4.6,Medium,Meets,Ready Now
E03748,2026,4.3,72.5,4.3,Medium,Outstanding,Ready 1-2 Years
E03749,2025,2.8,67.3,3.0,High,Partially Meets,Ready 1-2 Years
E03749,2026,2.8,76.8,2.7,Medium,Outstanding,Ready 1-2 Years
E03750,2022,2.8,92.5,3.8,Medium,Partially Meets,Ready Now
E03750,2023,1.8,71.2,2.0,Medium,Exceeds,Not Ready
E03750,2024,2.6,73.5,2.6,Medium,Meets,Not Ready
E03750,2025,2.1,66.6,2.0,Medium,Exceeds,Ready 1-2 Years
E03750,2026,3.0,62.8,2.9,Medium,Meets,Ready 1-2 Years
E03751,2023,3.4,88.3,3.2,High,Meets,Ready Now
E03751,2024,3.5,88.2,3.5,Medium,Exceeds,Not Ready
E03751,2025,2.5,74.4,2.4,Medium,Meets,Ready Now
E03751,2026,3.1,75.7,3.0,Medium,Meets,Ready 1-2 Years
E03752,2022,2.1,58.9,2.1,Medium,Outstanding,Not Ready
E03752,2023,3.1,100.4,3.1,Medium,Meets,Not Ready
E03752,2024,2.8,56.2,2.9,High,Exceeds,Ready Now
E03752,2025,3.2,84.4,3.0,Medium,Outstanding,Ready Now
E03752,2026,3.2,59.1,3.3,Low,Partially Meets,Ready 1-2 Years
E03753,2022,3.6,74.8,3.6,Medium,Meets,Not Ready
E03753,2023,3.8,95.9,3.2,Low,Outstanding,Ready Now
E03753,2024,4.0,87.9,4.2,Medium,Meets,Ready Now
E03753,2025,3.9,86.0,3.8,High,Partially Meets,Ready Now
E03753,2026,3.7,68.7,3.2,Medium,Exceeds,Ready 1-2 Years
E03754,2025,2.3,83.9,2.7,Medium,Meets,Ready 1-2 Years
E03754,2026,2.3,69.2,2.4,Medium,Partially Meets,Ready 1-2 Years
E03755,2022,2.5,83.9,2.5,Medium,Meets,Ready Now
E03755,2023,1.9,65.1,2.0,High,Meets,Ready Now
E03755,2024,2.0,77.5,1.9,Medium,Partially Meets,Ready Now
E03755,2025,2.1,68.1,2.1,Medium,Exceeds,Ready 1-2 Years
E03755,2026,2.0,77.3,2.0,Low,Meets,Ready 1-2 Years
E03757,2022,4.7,103.2,4.3,High,Partially Meets,Ready 1-2 Years
E03757,2023,3.8,82.2,4.1,Medium,Outstanding,Ready 1-2 Years
E03757,2024,4.6,91.3,4.4,Low,Outstanding,Ready Now
E03757,2025,4.3,86.3,4.1,Medium,Meets,Not Ready
E03757,2026,3.9,71.8,4.2,Medium,Meets,Ready 1-2 Years
E03759,2022,3.2,79.0,2.7,Medium,Exceeds,Ready 1-2 Years
E03759,2023,3.8,83.6,4.2,Low,Exceeds,Ready Now
E03759,2024,3.5,95.7,3.0,Low,Outstanding,Not Ready
E03760,2025,4.2,85.5,4.2,Medium,Meets,Ready 1-2 Years
E03760,2026,4.9,105.8,4.6,Low,Outstanding,Ready 1-2 Years
E03761,2025,4.3,70.1,4.4,High,Meets,Ready 1-2 Years
E03761,2026,4.0,88.8,4.0,Low,Partially Meets,Not Ready
E03762,2025,3.4,86.7,3.7,High,Meets,Ready 1-2 Years
E03762,2026,4.1,92.2,4.0,Medium,Meets,Ready 1-2 Years
E03763,2022,3.6,65.3,4.2,Medium,Partially Meets,Ready 1-2 Years
E03763,2023,3.4,103.6,3.3,Low,Meets,Not Ready
E03763,2024,3.1,95.6,3.2,Medium,Partially Meets,Ready 1-2 Years
E03763,2025,3.2,102.1,3.2,Medium,Partially Meets,Ready Now
E03763,2026,3.5,88.8,3.6,Medium,Partially Meets,Not Ready
E03764,2023,3.4,83.7,3.6,High,Exceeds,Not Ready
E03764,2024,3.6,87.2,3.9,Medium,Meets,Not Ready
E03764,2025,3.5,81.6,3.7,High,Exceeds,Ready Now
E03764,2026,3.2,86.4,2.9,High,Partially Meets,Ready Now
E03765,2022,3.7,80.4,3.6,High,Exceeds,Not Ready
E03765,2023,3.0,83.9,3.4,Medium,Meets,Not Ready
E03765,2024,3.0,89.5,3.1,Medium,Exceeds,Not Ready
E03765,2025,3.1,72.1,2.9,High,Meets,Not Ready
E03765,2026,3.3,87.1,3.4,High,Outstanding,Ready Now
E03766,2022,2.6,79.1,2.5,High,Outstanding,Not Ready
E03766,2023,2.8,71.4,2.7,Medium,Exceeds,Ready 1-2 Years
E03766,2024,3.2,74.7,3.3,High,Outstanding,Not Ready
E03766,2025,3.0,86.9,2.5,Medium,Outstanding,Ready 1-2 Years
E03766,2026,3.0,74.7,3.4,Low,Exceeds,Ready Now
E03768,2022,4.0,95.7,3.8,High,Outstanding,Not Ready
E03768,2023,4.3,85.0,4.0,Medium,Meets,Ready 1-2 Years
E03768,2024,4.8,104.8,5.0,Medium,Meets,Ready 1-2 Years
E03768,2025,3.5,66.1,3.8,Low,Meets,Ready Now
E03768,2026,4.4,70.3,4.5,Medium,Exceeds,Ready Now
E03769,2022,4.7,88.4,4.7,Medium,Outstanding,Not Ready
E03769,2023,4.5,84.9,4.3,Medium,Meets,Ready 1-2 Years
E03769,2024,4.4,85.4,4.8,High,Meets,Not Ready
E03769,2025,4.9,90.0,4.7,High,Exceeds,Ready 1-2 Years
E03770,2026,3.4,85.0,3.3,Medium,Exceeds,Ready Now
E03771,2024,3.0,82.8,3.1,Medium,Meets,Not Ready
E03771,2025,2.6,93.3,2.2,Low,Partially Meets,Ready Now
E03771,2026,2.5,110.9,2.9,Medium,Exceeds,Ready Now
E03772,2023,3.5,67.1,3.6,Medium,Exceeds,Ready 1-2 Years
E03772,2024,3.4,70.4,3.3,Medium,Meets,Ready Now
E03772,2025,3.7,95.3,4.1,Medium,Outstanding,Ready 1-2 Years
E03772,2026,3.2,88.7,3.6,Medium,Meets,Ready Now
E03773,2025,2.9,89.1,2.9,Medium,Meets,Ready Now
E03773,2026,3.0,88.5,2.7,Medium,Meets,Ready Now
E03774,2022,5.0,82.2,5.0,Low,Meets,Not Ready
E03774,2023,4.4,78.8,4.0,Medium,Meets,Not Ready
E03774,2024,4.2,89.0,4.4,Medium,Exceeds,Not Ready
E03774,2025,4.8,99.0,5.0,Medium,Partially Meets,Not Ready
E03774,2026,4.9,92.7,4.9,Medium,Meets,Not Ready
E03775,2026,2.7,81.1,2.8,Low,Outstanding,Not Ready
E03776,2022,4.1,72.5,4.2,Low,Outstanding,Not Ready
E03777,2026,3.8,86.6,3.9,Medium,Exceeds,Not Ready
E03778,2022,3.9,91.5,4.1,High,Meets,Ready 1-2 Years
E03778,2023,3.4,80.5,3.2,Medium,Exceeds,Not Ready
E03778,2024,2.9,98.4,3.0,Low,Meets,Not Ready
E03778,2025,3.3,84.5,3.1,Medium,Meets,Not Ready
E03778,2026,3.8,93.7,3.9,Medium,Meets,Ready Now
E03779,2026,3.0,82.3,3.7,Medium,Meets,Ready 1-2 Years
E03780,2026,2.4,81.1,2.4,Low,Meets,Not Ready
E03781,2022,3.9,89.1,4.1,Medium,Partially Meets,Ready Now
E03781,2023,3.9,78.8,4.0,Medium,Partially Meets,Not Ready
E03781,2024,3.5,75.5,3.5,Medium,Exceeds,Not Ready
E03781,2025,3.7,85.1,3.9,High,Outstanding,Not Ready
E03781,2026,4.1,98.3,4.3,Medium,Partially Meets,Ready 1-2 Years
E03782,2024,3.4,95.8,3.4,Low,Meets,Ready 1-2 Years
E03782,2025,3.1,90.1,3.0,Medium,Outstanding,Ready Now
E03782,2026,3.2,77.8,2.7,Medium,Partially Meets,Ready Now
E03783,2022,3.3,82.5,3.5,Low,Meets,Not Ready
E03783,2023,3.4,115.2,2.9,Medium,Exceeds,Ready 1-2 Years
E03783,2024,3.4,102.1,3.1,Medium,Meets,Not Ready
E03783,2025,3.4,74.1,3.2,Low,Partially Meets,Ready Now
E03783,2026,3.3,77.1,3.2,Medium,Meets,Not Ready
E03784,2022,3.8,88.9,3.7,Low,Exceeds,Ready Now
E03784,2023,3.8,78.7,3.7,Medium,Meets,Not Ready
E03784,2024,3.5,90.6,3.4,Medium,Partially Meets,Ready 1-2 Years
E03784,2025,3.4,96.1,3.3,Medium,Meets,Ready Now
E03784,2026,3.8,81.1,3.9,Medium,Exceeds,Ready 1-2 Years
E03785,2023,2.7,86.2,3.1,Medium,Partially Meets,Ready 1-2 Years
E03785,2024,2.6,70.0,2.6,High,Meets,Ready 1-2 Years
E03785,2025,2.3,75.7,2.2,Medium,Exceeds,Ready 1-2 Years
E03785,2026,2.0,77.2,2.1,Medium,Meets,Ready Now
E03786,2022,4.0,91.6,3.7,Medium,Partially Meets,Not Ready
E03786,2023,3.3,91.7,3.4,High,Meets,Ready 1-2 Years
E03786,2024,3.9,88.0,3.4,High,Exceeds,Not Ready
E03786,2025,3.3,83.0,3.3,Medium,Outstanding,Ready 1-2 Years
E03786,2026,3.7,97.9,3.5,Medium,Partially Meets,Ready 1-2 Years
E03787,2022,2.6,86.2,2.3,High,Outstanding,Ready Now
E03787,2023,2.4,89.8,2.2,Medium,Meets,Not Ready
E03787,2024,2.6,76.7,2.8,Low,Partially Meets,Ready Now
E03787,2025,2.3,87.2,2.3,Medium,Meets,Not Ready
E03787,2026,2.6,89.3,2.8,Medium,Exceeds,Not Ready
E03788,2022,3.6,95.3,3.4,Medium,Outstanding,Ready Now
E03788,2023,3.5,101.6,3.6,High,Outstanding,Ready 1-2 Years
E03788,2024,4.0,80.4,4.2,Medium,Meets,Ready Now
E03788,2025,3.9,96.0,3.7,Medium,Meets,Not Ready
E03788,2026,2.9,84.6,2.8,Medium,Outstanding,Ready 1-2 Years
E03789,2026,3.7,84.7,4.0,Low,Meets,Not Ready
E03790,2022,3.2,60.5,3.3,Medium,Meets,Ready 1-2 Years
E03790,2023,3.9,106.9,4.5,Medium,Outstanding,Ready Now
E03790,2024,3.3,85.9,3.7,Medium,Meets,Ready 1-2 Years
E03790,2025,3.1,68.9,2.8,Medium,Outstanding,Ready Now
E03790,2026,4.1,82.1,4.8,High,Meets,Not Ready
E03792,2022,4.9,87.8,4.9,Medium,Meets,Not Ready
E03792,2023,4.7,96.7,4.5,High,Meets,Ready Now
E03792,2024,4.2,94.5,3.5,Low,Partially Meets,Ready 1-2 Years
E03792,2025,4.1,91.5,3.5,Medium,Meets,Ready Now
E03792,2026,5.0,99.9,5.0,Medium,Meets,Ready Now
E03793,2025,2.1,63.1,2.0,High,Outstanding,Ready 1-2 Years
E03793,2026,2.3,90.4,2.1,High,Meets,Not Ready
E03794,2023,2.7,82.9,3.0,High,Exceeds,Ready Now
E03794,2024,3.3,81.9,3.2,Medium,Partially Meets,Not Ready
E03794,2025,3.0,74.8,2.6,Low,Partially Meets,Ready Now
E03795,2022,5.0,96.9,5.0,Low,Exceeds,Not Ready
E03796,2022,3.2,78.2,3.6,Low,Exceeds,Ready 1-2 Years
E03796,2023,3.9,74.5,3.7,Low,Meets,Ready Now
E03796,2024,2.5,83.7,2.2,High,Exceeds,Ready Now
E03796,2025,3.4,89.9,3.5,High,Outstanding,Ready 1-2 Years
E03796,2026,3.2,91.8,3.2,Medium,Exceeds,Ready 1-2 Years
E03797,2022,3.7,105.7,3.7,Medium,Outstanding,Ready Now
E03797,2023,3.4,69.4,3.7,High,Meets,Ready Now
E03797,2024,4.0,96.3,3.9,Medium,Partially Meets,Ready 1-2 Years
E03797,2025,3.4,90.4,3.2,Medium,Partially Meets,Ready 1-2 Years
E03797,2026,3.3,78.0,3.6,High,Meets,Not Ready
E03798,2022,3.1,74.8,3.3,Medium,Meets,Not Ready
E03798,2023,3.2,79.7,3.6,High,Exceeds,Ready 1-2 Years
E03798,2024,3.1,82.1,3.4,Medium,Meets,Ready 1-2 Years
E03798,2025,3.0,87.8,3.1,Low,Meets,Ready Now
E03798,2026,3.3,88.9,2.9,Medium,Meets,Not Ready
E03799,2026,3.6,105.0,3.6,Medium,Outstanding,Ready Now
E03800,2023,3.4,77.1,3.8,Medium,Partially Meets,Not Ready
E03800,2024,2.9,97.0,2.6,High,Outstanding,Not Ready
E03800,2025,3.4,104.4,3.2,Medium,Meets,Ready Now
E03800,2026,3.1,84.2,2.9,Medium,Meets,Not Ready
E03801,2022,3.4,108.3,3.1,High,Partially Meets,Ready 1-2 Years
E03801,2023,3.8,80.4,3.7,High,Outstanding,Not Ready
E03801,2024,3.8,65.2,4.0,Medium,Exceeds,Ready Now
E03801,2025,3.2,68.4,3.1,Medium,Meets,Ready 1-2 Years
E03801,2026,3.7,91.8,3.9,Medium,Exceeds,Not Ready
E03802,2025,3.8,82.0,4.0,Medium,Meets,Ready 1-2 Years
E03803,2026,3.7,95.1,3.9,High,Partially Meets,Ready 1-2 Years
E03804,2025,3.2,72.2,3.1,Medium,Meets,Ready Now
E03804,2026,3.0,84.7,2.9,Medium,Outstanding,Ready 1-2 Years
E03805,2022,3.2,73.9,3.7,Medium,Meets,Ready Now
E03805,2023,2.8,78.8,2.7,Medium,Partially Meets,Ready 1-2 Years
E03805,2024,2.9,65.6,2.8,Medium,Exceeds,Not Ready
E03806,2022,3.5,91.0,3.3,Medium,Meets,Not Ready
E03806,2023,3.1,83.7,2.9,Low,Meets,Ready 1-2 Years
E03806,2024,2.4,68.1,2.8,Medium,Meets,Not Ready
E03806,2025,2.9,76.2,2.6,Medium,Outstanding,Ready 1-2 Years
E03806,2026,3.0,86.9,2.8,High,Exceeds,Not Ready
E03807,2022,3.3,72.6,3.8,Medium,Exceeds,Not Ready
E03807,2023,4.8,91.6,4.6,Low,Meets,Ready Now
E03807,2024,3.7,80.5,3.6,Medium,Meets,Ready 1-2 Years
E03807,2025,3.6,70.2,4.2,Medium,Meets,Ready 1-2 Years
E03809,2022,4.6,86.5,4.2,Medium,Meets,Ready Now
E03810,2022,4.4,75.8,4.6,High,Meets,Not Ready
E03810,2023,4.6,102.3,4.5,Medium,Meets,Ready Now
E03810,2024,3.9,99.5,3.5,Low,Meets,Ready 1-2 Years
E03810,2025,4.7,107.3,4.6,Medium,Meets,Not Ready
E03810,2026,4.0,87.3,4.1,Medium,Outstanding,Not Ready
E03811,2022,2.6,82.3,2.8,High,Partially Meets,Not Ready
E03811,2023,2.6,85.7,2.5,High,Outstanding,Ready 1-2 Years
E03811,2024,2.8,82.8,2.6,Medium,Partially Meets,Not Ready
E03811,2025,2.3,74.7,2.2,High,Exceeds,Ready Now
E03811,2026,2.4,82.5,2.3,Medium,Outstanding,Ready Now
E03813,2022,4.2,83.6,4.4,Medium,Partially Meets,Ready Now
E03813,2023,4.3,84.5,4.2,Medium,Exceeds,Not Ready
E03813,2024,4.2,98.6,4.2,Medium,Meets,Ready 1-2 Years
E03813,2025,4.3,88.1,4.1,High,Exceeds,Ready Now
E03813,2026,3.6,73.9,3.6,Medium,Outstanding,Not Ready
E03814,2022,5.0,90.7,4.8,Low,Outstanding,Not Ready
E03814,2023,5.0,108.6,4.3,Medium,Meets,Ready 1-2 Years
E03814,2024,4.7,90.7,4.9,Medium,Meets,Ready 1-2 Years
E03814,2025,5.0,90.2,4.8,Low,Meets,Ready Now
E03814,2026,5.0,94.0,4.5,High,Partially Meets,Ready 1-2 Years
E03815,2025,3.7,92.7,3.8,Medium,Outstanding,Ready Now
E03815,2026,3.3,80.4,3.4,Low,Meets,Ready Now
E03817,2022,3.9,81.1,4.1,Medium,Outstanding,Ready Now
E03817,2023,3.9,80.0,4.6,High,Outstanding,Ready Now
E03817,2024,3.2,74.5,3.1,Medium,Exceeds,Ready Now
E03817,2025,3.8,83.4,3.5,Medium,Meets,Ready 1-2 Years
E03817,2026,3.1,77.4,3.7,Low,Meets,Ready 1-2 Years
E03818,2024,3.7,74.9,3.5,Low,Partially Meets,Not Ready
E03818,2025,3.9,93.8,3.7,Medium,Outstanding,Ready Now
E03818,2026,3.7,96.3,3.8,Medium,Meets,Ready Now
E03819,2025,4.0,99.2,3.8,Medium,Exceeds,Not Ready
E03819,2026,3.1,82.1,2.8,High,Outstanding,Ready 1-2 Years
E03820,2022,2.8,79.0,3.1,Medium,Outstanding,Ready 1-2 Years
E03820,2023,2.6,90.2,2.5,Medium,Partially Meets,Ready 1-2 Years
E03820,2024,2.5,90.6,2.5,Medium,Meets,Ready Now
E03820,2025,2.5,67.8,2.2,Medium,Meets,Ready 1-2 Years
E03820,2026,2.5,79.1,2.1,Low,Partially Meets,Ready Now
E03821,2022,2.3,74.7,2.4,Medium,Meets,Ready 1-2 Years
E03821,2023,1.9,82.2,1.8,Low,Meets,Ready 1-2 Years
E03822,2025,4.4,106.6,4.4,Medium,Meets,Not Ready
E03822,2026,4.9,96.1,5.0,High,Meets,Ready Now
E03823,2024,3.8,90.7,3.6,Medium,Meets,Ready Now
E03823,2025,4.0,80.6,4.6,Medium,Meets,Ready 1-2 Years
E03823,2026,4.0,76.1,4.7,Medium,Meets,Ready 1-2 Years
E03824,2026,3.5,80.1,3.8,Medium,Meets,Ready 1-2 Years
E03825,2022,2.7,75.2,2.8,High,Exceeds,Ready 1-2 Years
E03825,2023,2.3,72.5,2.1,Medium,Meets,Not Ready
E03825,2024,2.0,70.1,2.8,Medium,Partially Meets,Not Ready
E03825,2025,2.4,83.9,2.0,High,Partially Meets,Not Ready
E03825,2026,3.0,82.9,3.2,Medium,Partially Meets,Not Ready
E03826,2022,2.7,95.1,2.4,Low,Outstanding,Not Ready
E03826,2023,2.4,70.3,1.5,Medium,Exceeds,Ready Now
E03826,2024,2.7,97.9,2.2,Medium,Exceeds,Ready Now
E03826,2025,1.9,77.5,1.8,Medium,Meets,Ready 1-2 Years
E03826,2026,2.4,54.5,2.3,Low,Meets,Ready Now
E03827,2026,2.7,87.5,2.7,Medium,Partially Meets,Ready 1-2 Years
E03828,2026,4.2,94.2,4.1,Medium,Meets,Not Ready
E03829,2026,3.3,91.9,3.0,Medium,Exceeds,Ready Now
E03830,2022,3.3,91.4,3.3,Medium,Exceeds,Ready Now
E03830,2023,3.3,88.4,2.9,High,Exceeds,Ready Now
E03830,2024,3.0,70.2,2.5,Medium,Exceeds,Not Ready
E03830,2025,3.2,61.0,2.9,Low,Meets,Ready 1-2 Years
E03830,2026,2.9,92.7,3.3,High,Meets,Not Ready
E03831,2023,4.0,88.5,4.0,Medium,Exceeds,Ready Now
E03831,2024,3.0,79.5,3.2,Medium,Meets,Ready Now
E03831,2025,3.5,84.2,4.0,Medium,Partially Meets,Ready Now
E03831,2026,3.4,71.5,2.9,Medium,Meets,Ready Now
E03832,2024,3.3,73.7,3.3,Medium,Outstanding,Not Ready
E03832,2025,3.1,77.6,3.8,Medium,Outstanding,Not Ready
E03832,2026,3.0,86.8,3.3,High,Exceeds,Ready Now
E03833,2025,4.0,92.7,4.1,High,Meets,Not Ready
E03833,2026,3.7,91.2,3.6,Medium,Meets,Ready 1-2 Years
E03834,2022,3.7,92.5,3.0,High,Partially Meets,Ready Now
E03834,2023,4.0,88.2,4.1,Medium,Meets,Ready 1-2 Years
E03834,2024,3.4,93.6,3.6,Medium,Meets,Not Ready
E03834,2025,3.3,80.2,2.9,Low,Outstanding,Ready 1-2 Years
E03834,2026,3.4,95.3,3.2,High,Outstanding,Not Ready
E03835,2025,4.5,93.4,4.3,Low,Outstanding,Ready Now
E03835,2026,4.2,80.5,4.1,Medium,Outstanding,Ready Now
E03836,2022,4.4,91.9,5.0,Medium,Outstanding,Ready 1-2 Years
E03836,2023,4.4,90.9,4.5,Low,Meets,Not Ready
E03836,2024,4.4,87.4,4.5,Medium,Exceeds,Not Ready
E03836,2025,4.0,71.4,4.0,Medium,Meets,Ready Now
E03836,2026,4.8,86.6,4.4,Medium,Meets,Ready 1-2 Years
E03837,2022,3.3,82.1,3.2,Medium,Meets,Ready Now
E03837,2023,3.2,95.0,3.4,Medium,Meets,Ready 1-2 Years
E03837,2024,3.1,90.0,3.1,Medium,Exceeds,Ready 1-2 Years
E03837,2025,2.9,87.0,3.1,Medium,Meets,Ready Now
E03837,2026,3.9,105.4,4.3,Medium,Meets,Ready 1-2 Years
E03839,2022,4.1,94.6,4.4,Medium,Partially Meets,Ready 1-2 Years
E03839,2023,4.5,69.8,4.6,Medium,Meets,Not Ready
E03839,2024,4.6,94.0,4.3,High,Exceeds,Not Ready
E03839,2025,4.3,96.9,4.9,Low,Meets,Not Ready
E03839,2026,3.6,94.1,3.5,Low,Partially Meets,Ready 1-2 Years
E03840,2022,3.3,104.6,3.3,Medium,Partially Meets,Not Ready
E03840,2023,3.3,79.9,3.1,Medium,Meets,Ready 1-2 Years
E03840,2024,3.4,67.3,3.3,High,Outstanding,Not Ready
E03840,2025,3.8,79.5,4.1,Medium,Outstanding,Not Ready
E03840,2026,3.4,86.5,2.9,Low,Outstanding,Ready 1-2 Years
E03841,2022,3.2,97.1,3.0,Low,Meets,Not Ready
E03841,2023,3.4,96.7,3.5,Medium,Partially Meets,Not Ready
E03841,2024,3.4,65.8,3.3,Medium,Partially Meets,Ready Now
E03841,2025,2.7,81.6,3.1,Medium,Meets,Not Ready
E03841,2026,3.3,84.2,2.8,High,Outstanding,Not Ready
E03842,2022,3.1,69.1,3.6,Low,Partially Meets,Ready Now
E03842,2023,2.7,80.8,2.4,Medium,Exceeds,Ready Now
E03842,2024,2.6,81.7,2.5,Low,Exceeds,Ready 1-2 Years
E03842,2025,3.0,81.5,3.5,Medium,Exceeds,Ready 1-2 Years
E03842,2026,3.0,79.2,3.2,Low,Partially Meets,Not Ready
E03843,2022,3.4,93.2,3.8,High,Meets,Not Ready
E03843,2023,3.1,98.8,2.8,Low,Partially Meets,Ready 1-2 Years
E03843,2024,2.6,78.7,1.8,Medium,Meets,Not Ready
E03843,2025,2.2,87.3,2.3,Low,Meets,Ready Now
E03843,2026,2.8,89.8,2.7,Low,Meets,Ready 1-2 Years
E03844,2024,3.2,89.1,2.5,Medium,Meets,Ready 1-2 Years
E03844,2025,3.1,70.3,3.5,Low,Partially Meets,Ready 1-2 Years
E03844,2026,2.1,83.5,2.4,Medium,Outstanding,Not Ready
E03845,2022,2.7,62.7,2.6,Medium,Meets,Ready 1-2 Years
E03845,2023,3.2,69.5,3.5,Low,Exceeds,Not Ready
E03845,2024,3.7,83.3,3.5,Low,Outstanding,Ready Now
E03845,2025,3.2,77.0,3.2,Medium,Exceeds,Ready 1-2 Years
E03845,2026,3.4,75.6,3.2,Medium,Meets,Ready Now
E03846,2026,3.5,70.6,3.5,Medium,Meets,Ready 1-2 Years
E03847,2022,3.5,79.4,3.4,Medium,Meets,Ready Now
E03848,2022,4.8,94.7,4.8,Medium,Partially Meets,Ready Now
E03848,2023,4.5,86.3,4.5,Medium,Outstanding,Not Ready
E03848,2024,4.4,92.8,4.6,Medium,Outstanding,Ready 1-2 Years
E03848,2025,5.0,120.0,5.0,High,Exceeds,Not Ready
E03848,2026,4.4,104.4,4.4,Low,Meets,Ready 1-2 Years
E03849,2024,3.3,64.6,3.4,Low,Meets,Ready Now
E03849,2025,3.2,86.5,3.3,Medium,Outstanding,Ready Now
E03849,2026,2.9,75.5,3.0,Medium,Partially Meets,Ready 1-2 Years
E03850,2022,2.9,75.7,2.6,Medium,Meets,Ready 1-2 Years
E03850,2023,2.8,77.4,2.6,Medium,Exceeds,Ready 1-2 Years
E03850,2024,2.6,98.6,2.3,Medium,Outstanding,Ready 1-2 Years
E03850,2025,2.4,69.8,2.1,Low,Exceeds,Not Ready
E03851,2024,2.8,99.2,2.6,Medium,Meets,Ready Now
E03851,2025,2.6,97.9,3.1,Medium,Meets,Ready Now
E03851,2026,3.0,88.6,3.2,High,Partially Meets,Not Ready
E03852,2023,2.8,79.0,2.8,Low,Exceeds,Ready 1-2 Years
E03852,2024,2.9,79.0,3.4,Medium,Exceeds,Not Ready
E03852,2025,3.0,68.7,3.2,Medium,Exceeds,Ready Now
E03852,2026,3.1,94.8,3.1,High,Exceeds,Ready 1-2 Years
E03853,2022,2.8,79.0,3.4,Medium,Outstanding,Ready Now
E03853,2023,2.6,75.5,2.7,Medium,Exceeds,Ready 1-2 Years
E03853,2024,2.5,82.4,2.5,Medium,Meets,Ready Now
E03854,2025,3.4,93.3,3.2,Medium,Exceeds,Ready 1-2 Years
E03854,2026,2.9,96.7,3.0,Medium,Outstanding,Ready Now
E03857,2022,2.6,77.9,2.5,Medium,Exceeds,Ready 1-2 Years
E03857,2023,3.2,93.6,3.5,Medium,Exceeds,Not Ready
E03857,2024,3.4,95.6,3.1,Low,Meets,Not Ready
E03857,2025,3.5,77.4,3.5,High,Meets,Ready Now
E03857,2026,3.3,87.0,3.2,Medium,Partially Meets,Not Ready
E03858,2023,4.8,115.2,5.0,Medium,Partially Meets,Ready Now
E03858,2024,4.4,79.1,4.8,Low,Partially Meets,Ready Now
E03858,2025,4.8,77.0,4.7,Low,Outstanding,Ready Now
E03858,2026,5.0,96.0,5.0,Medium,Meets,Ready 1-2 Years
E03859,2022,3.8,99.0,3.7,High,Exceeds,Ready Now
E03859,2023,4.1,89.0,4.4,Medium,Outstanding,Ready 1-2 Years
E03859,2024,4.5,76.1,4.7,Medium,Exceeds,Ready Now
E03859,2025,4.0,97.0,4.0,High,Outstanding,Ready 1-2 Years
E03859,2026,3.8,100.5,3.7,Medium,Outstanding,Not Ready
E03860,2022,3.1,72.0,2.8,Medium,Outstanding,Ready Now
E03860,2023,4.5,112.4,4.3,Medium,Meets,Ready 1-2 Years
E03860,2024,4.0,82.6,4.1,Medium,Outstanding,Not Ready
E03860,2025,4.3,93.9,5.0,Low,Meets,Ready 1-2 Years
E03860,2026,3.8,65.3,4.3,Medium,Outstanding,Ready 1-2 Years
E03861,2022,4.0,90.0,3.9,High,Exceeds,Not Ready
E03861,2023,4.0,92.4,4.2,Medium,Exceeds,Ready 1-2 Years
E03861,2024,4.7,112.3,4.6,Medium,Partially Meets,Ready Now
E03861,2025,3.9,95.7,3.8,Medium,Meets,Ready Now
E03861,2026,4.0,88.3,3.7,Low,Exceeds,Not Ready
E03862,2022,3.9,85.6,3.9,Medium,Meets,Ready Now
E03862,2023,3.5,89.6,3.7,Medium,Meets,Ready 1-2 Years
E03862,2024,3.8,96.5,4.0,Medium,Meets,Ready 1-2 Years
E03862,2025,3.9,64.0,4.1,High,Meets,Not Ready
E03862,2026,3.9,106.2,3.9,Medium,Partially Meets,Not Ready
E03863,2022,3.4,80.1,3.8,Low,Exceeds,Ready Now
E03863,2023,3.9,80.4,4.3,Medium,Outstanding,Ready Now
E03864,2022,4.1,92.4,4.3,High,Exceeds,Not Ready
E03864,2023,3.5,85.8,3.2,High,Partially Meets,Ready Now
E03864,2024,4.2,78.5,4.5,Medium,Meets,Ready 1-2 Years
E03864,2025,3.8,84.3,3.6,Medium,Partially Meets,Not Ready
E03864,2026,3.8,99.5,4.1,High,Exceeds,Ready Now
E03865,2025,3.0,68.4,2.8,Medium,Meets,Ready 1-2 Years
E03865,2026,3.1,93.8,3.6,Medium,Meets,Not Ready
E03866,2026,2.9,91.3,3.0,Medium,Meets,Not Ready
E03867,2025,3.7,94.6,3.8,Medium,Outstanding,Not Ready
E03868,2022,3.8,86.8,3.8,Medium,Partially Meets,Not Ready
E03868,2023,4.5,79.9,4.0,Medium,Exceeds,Not Ready
E03868,2024,3.7,93.4,3.4,High,Partially Meets,Ready Now
E03868,2025,4.6,93.9,4.6,High,Outstanding,Ready 1-2 Years
E03868,2026,3.9,73.3,4.1,Medium,Meets,Ready Now
E03869,2025,4.0,96.7,3.8,Low,Partially Meets,Ready Now
E03869,2026,3.6,84.1,3.0,High,Outstanding,Ready Now
E03870,2025,4.2,89.1,3.7,Low,Outstanding,Ready Now
E03870,2026,3.2,70.9,3.3,Medium,Meets,Ready 1-2 Years
E03871,2022,4.0,84.2,3.8,Medium,Meets,Not Ready
E03871,2023,3.7,89.8,3.8,Medium,Exceeds,Ready 1-2 Years
E03872,2026,5.0,98.1,4.6,Low,Meets,Ready Now
E03873,2023,2.9,75.5,2.9,Low,Partially Meets,Ready Now
E03873,2024,1.5,71.6,1.2,Low,Meets,Ready Now
E03873,2025,2.5,84.4,2.5,Medium,Partially Meets,Ready Now
E03873,2026,2.5,93.4,2.7,High,Partially Meets,Ready Now
E03874,2022,4.4,88.1,4.2,High,Meets,Not Ready
E03874,2023,3.8,92.2,4.0,Low,Meets,Not Ready
E03874,2024,3.7,84.7,3.3,Medium,Outstanding,Ready 1-2 Years
E03874,2025,4.0,94.6,3.8,High,Outstanding,Ready Now
E03874,2026,3.5,89.1,3.9,Medium,Partially Meets,Ready 1-2 Years
E03875,2022,2.9,80.3,2.7,Medium,Meets,Not Ready
E03875,2023,3.1,73.3,3.4,Medium,Outstanding,Ready Now
E03875,2024,3.2,93.1,3.8,Low,Meets,Ready Now
E03875,2025,3.4,82.0,3.2,Medium,Exceeds,Not Ready
E03875,2026,3.5,65.8,3.2,Medium,Exceeds,Ready 1-2 Years
E03876,2026,5.0,84.7,4.6,High,Meets,Not Ready
E03877,2022,3.6,94.1,3.8,Medium,Meets,Not Ready
E03877,2023,4.7,96.8,4.6,Low,Partially Meets,Ready 1-2 Years
E03877,2024,3.9,82.3,4.2,High,Partially Meets,Ready Now
E03877,2025,4.0,89.5,4.3,Medium,Meets,Ready 1-2 Years
E03877,2026,4.1,78.1,4.2,Low,Meets,Ready 1-2 Years
E03878,2025,1.6,64.8,1.2,Low,Meets,Ready 1-2 Years
E03878,2026,1.4,73.6,1.1,High,Meets,Ready 1-2 Years
E03879,2023,3.1,84.2,2.8,Medium,Exceeds,Ready 1-2 Years
E03879,2024,3.4,79.5,3.0,Medium,Outstanding,Ready Now
E03879,2025,2.6,74.4,2.3,Medium,Outstanding,Not Ready
E03879,2026,2.4,59.4,2.6,Medium,Outstanding,Ready Now
E03880,2022,3.9,88.3,4.1,Medium,Exceeds,Not Ready
E03880,2023,4.1,98.1,4.3,Medium,Meets,Not Ready
E03880,2024,4.1,80.3,4.8,Low,Meets,Ready Now
E03880,2025,4.1,83.8,4.1,High,Meets,Ready 1-2 Years
E03880,2026,4.0,90.6,4.1,High,Meets,Ready Now
E03881,2022,3.2,63.9,3.1,High,Partially Meets,Ready 1-2 Years
E03881,2023,3.4,68.4,2.9,Medium,Meets,Ready Now
E03881,2024,3.9,86.8,4.2,Medium,Outstanding,Ready 1-2 Years
E03881,2025,2.6,67.0,1.8,Medium,Meets,Ready 1-2 Years
E03881,2026,3.1,86.2,3.2,Medium,Partially Meets,Ready Now
E03882,2022,3.4,101.5,3.3,High,Meets,Not Ready
E03882,2023,3.2,86.6,3.1,Medium,Meets,Not Ready
E03882,2024,4.0,76.3,4.2,Medium,Meets,Not Ready
E03882,2025,2.6,78.7,2.3,Medium,Meets,Ready Now
E03882,2026,3.2,79.3,3.4,Medium,Outstanding,Not Ready
E03883,2022,3.5,78.4,3.4,Low,Meets,Ready Now
E03883,2023,3.8,93.9,3.6,Medium,Meets,Ready Now
E03883,2024,4.4,81.7,4.4,Medium,Meets,Not Ready
E03883,2025,3.3,92.7,3.4,High,Meets,Ready Now
E03883,2026,3.5,90.3,3.8,Medium,Meets,Ready Now
E03884,2025,4.6,96.8,4.6,High,Meets,Ready Now
E03884,2026,3.6,89.0,3.3,Medium,Partially Meets,Ready 1-2 Years
E03885,2025,3.3,91.4,2.8,Medium,Meets,Ready 1-2 Years
E03885,2026,4.1,107.3,4.1,Medium,Meets,Ready Now
E03886,2025,4.3,92.3,4.3,Medium,Meets,Ready Now
E03886,2026,4.5,98.4,4.3,Medium,Exceeds,Not Ready
E03887,2026,3.9,89.4,3.6,Low,Outstanding,Not Ready
E03888,2022,3.5,65.1,3.6,Low,Partially Meets,Ready Now
E03888,2023,3.9,83.1,3.6,High,Exceeds,Ready Now
E03888,2024,4.1,83.5,3.9,Medium,Meets,Not Ready
E03888,2025,4.1,92.2,4.4,Medium,Exceeds,Ready Now
E03888,2026,3.5,83.5,3.6,Medium,Exceeds,Not Ready
E03889,2025,3.7,93.6,3.8,Low,Outstanding,Ready 1-2 Years
E03889,2026,3.3,65.2,3.1,High,Partially Meets,Ready Now
E03890,2022,3.7,92.5,3.7,Low,Exceeds,Ready 1-2 Years
E03890,2023,3.6,85.1,3.7,Medium,Exceeds,Ready Now
E03890,2024,3.4,98.8,3.4,Medium,Outstanding,Ready 1-2 Years
E03890,2025,4.0,96.1,4.4,Medium,Outstanding,Ready 1-2 Years
E03890,2026,3.2,78.3,3.3,Medium,Meets,Ready Now
E03891,2025,5.0,95.6,5.0,Medium,Meets,Not Ready
E03891,2026,4.1,93.2,4.1,Low,Partially Meets,Ready 1-2 Years
E03892,2022,4.1,79.9,4.2,Medium,Meets,Ready Now
E03892,2023,4.8,97.6,4.4,High,Outstanding,Not Ready
E03892,2024,4.5,92.2,4.7,Low,Partially Meets,Ready 1-2 Years
E03892,2025,4.3,90.6,4.6,Low,Meets,Ready Now
E03892,2026,5.0,94.6,5.0,Medium,Outstanding,Ready 1-2 Years
E03893,2022,3.5,84.9,3.2,High,Exceeds,Not Ready
E03893,2023,4.2,96.0,4.7,Medium,Outstanding,Not Ready
E03893,2024,4.3,85.4,4.4,Medium,Meets,Ready 1-2 Years
E03893,2025,3.8,106.5,3.9,Medium,Outstanding,Ready 1-2 Years
E03894,2022,4.3,89.5,4.4,Medium,Meets,Ready Now
E03894,2023,4.2,88.9,3.8,Medium,Exceeds,Not Ready
E03894,2024,4.1,79.1,3.8,Medium,Meets,Ready 1-2 Years
E03894,2025,3.7,93.6,4.1,Medium,Outstanding,Ready 1-2 Years
E03894,2026,4.0,91.8,4.4,Medium,Partially Meets,Not Ready
E03895,2022,2.8,113.4,2.6,Medium,Exceeds,Not Ready
E03895,2023,3.0,81.0,3.1,High,Outstanding,Not Ready
E03895,2024,3.0,94.7,2.9,Medium,Exceeds,Not Ready
E03895,2025,3.1,89.9,2.7,Medium,Meets,Not Ready
E03895,2026,3.2,72.9,3.2,Low,Meets,Ready 1-2 Years
E03897,2026,2.8,95.1,2.6,Medium,Exceeds,Ready 1-2 Years
E03898,2022,2.5,76.4,2.4,High,Exceeds,Ready 1-2 Years
E03898,2023,2.8,74.0,2.9,Medium,Meets,Ready 1-2 Years
E03898,2024,2.8,80.6,2.8,Medium,Exceeds,Not Ready
E03898,2025,2.1,83.6,2.3,Medium,Outstanding,Ready 1-2 Years
E03898,2026,2.7,101.8,2.7,Low,Meets,Ready Now
E03900,2024,2.2,74.8,2.1,Medium,Outstanding,Ready Now
E03900,2025,2.4,72.2,2.7,Medium,Partially Meets,Ready Now
E03900,2026,1.8,67.7,1.7,High,Partially Meets,Ready 1-2 Years
E03901,2022,4.7,92.2,4.9,Low,Partially Meets,Not Ready
E03901,2023,4.4,96.5,4.8,Medium,Partially Meets,Ready 1-2 Years
E03901,2024,5.0,86.4,5.0,Medium,Partially Meets,Ready 1-2 Years
E03901,2025,4.4,96.8,4.5,High,Outstanding,Ready Now
E03901,2026,4.2,89.3,4.4,Medium,Partially Meets,Ready 1-2 Years
E03902,2022,3.4,70.5,3.9,Medium,Meets,Ready Now
E03902,2023,4.4,103.0,4.4,Medium,Outstanding,Ready 1-2 Years
E03902,2024,3.7,92.2,3.0,Medium,Partially Meets,Not Ready
E03902,2025,3.7,75.2,3.6,Low,Outstanding,Ready 1-2 Years
E03902,2026,3.5,96.0,4.3,High,Meets,Ready Now
E03903,2022,4.0,90.4,4.4,Low,Meets,Not Ready
E03903,2023,3.9,90.0,3.8,Medium,Meets,Ready 1-2 Years
E03903,2024,4.2,81.8,4.3,Medium,Partially Meets,Ready 1-2 Years
E03903,2025,4.2,86.7,4.1,Low,Outstanding,Not Ready
E03903,2026,4.2,70.2,4.4,Medium,Exceeds,Not Ready
E03905,2024,3.7,91.9,4.0,Medium,Outstanding,Ready 1-2 Years
E03905,2025,3.2,73.0,3.3,Low,Meets,Ready Now
E03905,2026,4.4,105.2,4.5,Medium,Meets,Not Ready
E03906,2022,4.0,88.1,4.4,Medium,Meets,Ready Now
E03906,2023,4.2,105.8,4.3,High,Exceeds,Not Ready
E03906,2024,4.8,92.1,4.7,Medium,Meets,Not Ready
E03906,2025,4.1,99.3,4.5,Medium,Partially Meets,Ready Now
E03906,2026,4.0,95.4,4.5,High,Meets,Not Ready
E03907,2023,2.7,77.0,3.0,Medium,Partially Meets,Ready Now
E03907,2024,3.1,101.6,3.1,Medium,Exceeds,Ready 1-2 Years
E03907,2025,2.6,78.7,2.3,High,Exceeds,Ready 1-2 Years
E03907,2026,2.4,63.2,2.3,Low,Meets,Ready 1-2 Years
E03908,2022,3.0,93.7,3.0,Medium,Meets,Not Ready
E03908,2023,3.6,86.7,4.0,Low,Meets,Ready 1-2 Years
E03908,2024,3.9,63.2,3.9,Low,Meets,Not Ready
E03908,2025,3.5,91.8,3.5,Low,Meets,Ready 1-2 Years
E03908,2026,3.4,87.4,3.8,Medium,Exceeds,Ready Now
E03909,2026,2.4,96.4,3.0,Low,Partially Meets,Ready Now
E03910,2024,4.1,92.9,4.8,High,Meets,Ready Now
E03910,2025,4.2,104.1,4.4,Medium,Meets,Ready 1-2 Years
E03910,2026,4.2,86.8,4.2,Low,Exceeds,Ready 1-2 Years
E03911,2022,3.5,94.9,3.4,Medium,Exceeds,Ready Now
E03911,2023,2.9,88.0,3.0,Low,Partially Meets,Not Ready
E03911,2024,2.6,81.2,2.6,High,Partially Meets,Ready Now
E03911,2025,3.0,67.4,3.1,Low,Exceeds,Ready Now
E03911,2026,1.9,71.9,1.6,High,Meets,Ready 1-2 Years
E03912,2022,3.1,86.9,2.5,High,Meets,Ready 1-2 Years
E03912,2023,2.6,72.3,2.8,Low,Partially Meets,Not Ready
E03912,2024,2.2,72.2,2.0,High,Outstanding,Ready Now
E03912,2025,3.4,95.9,3.2,Medium,Meets,Ready Now
E03914,2023,3.1,98.6,3.2,Low,Meets,Ready Now
E03914,2024,2.7,72.4,2.9,Medium,Partially Meets,Not Ready
E03914,2025,3.3,83.6,3.7,Medium,Meets,Ready 1-2 Years
E03914,2026,3.2,75.3,2.7,Medium,Meets,Ready 1-2 Years
E03915,2026,2.8,87.3,2.4,Low,Partially Meets,Ready Now
E03917,2022,4.7,78.7,4.8,High,Meets,Not Ready
E03917,2023,4.4,73.0,4.7,Medium,Meets,Not Ready
E03917,2024,4.4,87.6,4.3,Medium,Exceeds,Ready 1-2 Years
E03917,2025,4.1,101.4,3.9,High,Partially Meets,Not Ready
E03917,2026,4.1,92.2,3.8,Medium,Meets,Ready Now
E03918,2022,5.0,88.9,4.8,High,Meets,Ready Now
E03918,2023,4.3,105.6,4.1,Medium,Outstanding,Not Ready
E03918,2024,4.1,92.9,4.7,High,Meets,Ready Now
E03918,2025,3.8,99.8,4.1,Medium,Outstanding,Ready 1-2 Years
E03918,2026,4.5,82.2,4.1,High,Meets,Ready 1-2 Years
E03919,2025,3.2,72.1,3.3,Medium,Meets,Ready Now
E03919,2026,2.9,97.2,2.9,Low,Partially Meets,Ready Now
E03920,2026,3.1,87.9,3.7,High,Meets,Not Ready
E03922,2022,4.1,83.7,4.0,Medium,Partially Meets,Ready 1-2 Years
E03922,2023,3.8,79.3,4.0,Medium,Meets,Ready 1-2 Years
E03922,2024,3.4,65.1,3.6,Low,Meets,Ready Now
E03922,2025,3.7,88.6,3.8,Medium,Partially Meets,Not Ready
E03922,2026,3.9,90.8,3.9,Medium,Outstanding,Ready Now
E03923,2024,2.8,86.8,3.0,High,Meets,Not Ready
E03923,2025,2.7,59.2,2.9,Medium,Partially Meets,Ready 1-2 Years
E03923,2026,3.0,93.0,3.0,Medium,Partially Meets,Not Ready
E03924,2022,4.5,63.6,4.9,Medium,Meets,Ready Now
E03924,2023,5.0,103.2,5.0,Medium,Partially Meets,Not Ready
E03924,2024,4.3,97.5,4.4,High,Meets,Not Ready
E03924,2025,4.3,103.9,3.9,Medium,Meets,Not Ready
E03924,2026,5.0,90.3,4.9,High,Meets,Ready Now
E03925,2022,4.4,112.7,4.4,Medium,Exceeds,Ready Now
E03925,2023,4.1,88.9,4.1,Low,Meets,Not Ready
E03925,2024,4.9,97.4,5.0,Medium,Partially Meets,Not Ready
E03925,2025,4.2,114.1,4.2,Medium,Meets,Ready 1-2 Years
E03925,2026,4.9,92.5,4.9,Low,Meets,Ready Now
E03926,2022,3.3,88.5,3.4,Low,Meets,Ready 1-2 Years
E03926,2023,4.2,81.0,4.1,Medium,Meets,Not Ready
E03926,2024,3.5,84.5,3.4,Medium,Meets,Ready Now
E03926,2025,3.7,88.6,2.9,Medium,Meets,Not Ready
E03926,2026,3.4,80.2,2.8,Medium,Meets,Not Ready
E03927,2022,3.0,85.6,2.6,Medium,Exceeds,Ready Now
E03927,2023,3.0,93.9,3.5,High,Exceeds,Not Ready
E03927,2024,3.5,63.5,4.0,Medium,Outstanding,Ready Now
E03927,2025,2.6,81.5,2.2,Medium,Outstanding,Not Ready
E03927,2026,2.4,71.5,2.1,Medium,Meets,Ready 1-2 Years
E03928,2023,3.7,90.4,3.8,High,Meets,Not Ready
E03928,2024,3.7,83.6,4.2,Medium,Exceeds,Not Ready
E03929,2022,2.7,75.0,2.9,Medium,Partially Meets,Ready Now
E03929,2023,3.1,97.6,3.1,Medium,Exceeds,Not Ready
E03929,2024,3.2,69.5,3.0,Medium,Meets,Ready Now
E03929,2025,3.2,79.9,3.3,Medium,Meets,Ready Now
E03929,2026,3.3,93.9,3.3,Low,Meets,Ready Now
E03930,2025,2.2,79.1,2.1,High,Partially Meets,Not Ready
E03930,2026,1.9,68.7,1.7,Medium,Exceeds,Ready 1-2 Years
E03931,2022,3.4,90.2,2.9,Medium,Partially Meets,Not Ready
E03932,2024,3.4,71.0,4.1,Medium,Exceeds,Not Ready
E03932,2025,3.3,96.9,4.0,Medium,Meets,Ready Now
E03932,2026,3.2,88.5,2.4,High,Meets,Ready Now
E03933,2022,4.5,80.0,4.5,Medium,Exceeds,Not Ready
E03933,2023,4.5,110.6,4.8,Medium,Meets,Ready Now
E03933,2024,4.8,92.3,4.5,High,Meets,Not Ready
E03933,2025,5.0,100.9,5.0,Medium,Exceeds,Not Ready
E03933,2026,4.5,95.4,4.3,Medium,Partially Meets,Ready 1-2 Years
E03934,2022,2.9,61.5,3.0,Low,Exceeds,Ready Now
E03934,2023,3.0,80.9,3.3,High,Meets,Ready 1-2 Years
E03934,2024,3.8,80.1,3.7,Low,Partially Meets,Ready Now
E03934,2025,3.1,89.3,2.9,Medium,Outstanding,Not Ready
E03934,2026,2.8,85.9,2.7,Low,Partially Meets,Ready 1-2 Years
E03935,2025,3.4,72.4,3.3,High,Partially Meets,Ready 1-2 Years
E03935,2026,3.1,87.9,3.2,Low,Exceeds,Ready 1-2 Years
E03936,2023,2.7,72.1,2.3,Medium,Meets,Ready Now
E03936,2024,2.2,64.5,2.2,Medium,Outstanding,Ready Now
E03936,2025,2.7,90.0,2.7,Medium,Partially Meets,Ready Now
E03936,2026,2.7,88.5,2.5,High,Outstanding,Not Ready
E03937,2022,3.4,82.6,3.5,Medium,Outstanding,Ready 1-2 Years
E03937,2023,4.1,96.1,4.0,Medium,Outstanding,Ready Now
E03937,2024,3.5,96.9,3.7,Medium,Partially Meets,Not Ready
E03937,2025,4.2,95.1,4.1,High,Exceeds,Not Ready
E03937,2026,3.7,90.0,3.8,Medium,Meets,Ready Now
E03938,2025,4.0,109.6,3.8,Medium,Meets,Ready Now
E03938,2026,3.7,71.8,3.9,Medium,Exceeds,Ready Now
E03939,2022,2.9,75.4,2.8,Medium,Outstanding,Ready Now
E03939,2023,3.6,90.4,3.4,High,Meets,Ready Now
E03939,2024,3.4,90.8,3.8,Medium,Meets,Ready 1-2 Years
E03939,2025,3.6,88.0,3.8,Medium,Meets,Ready 1-2 Years
E03939,2026,3.5,86.8,3.6,Medium,Outstanding,Ready 1-2 Years
E03940,2022,3.0,77.3,3.0,Low,Meets,Ready 1-2 Years
E03940,2023,2.5,82.7,3.0,High,Outstanding,Not Ready
E03940,2024,2.9,76.2,2.4,Medium,Exceeds,Ready 1-2 Years
E03940,2025,3.4,79.6,3.3,Low,Partially Meets,Not Ready
E03941,2022,3.4,74.7,3.7,Medium,Exceeds,Ready Now
E03941,2023,3.3,79.1,3.3,Medium,Meets,Ready Now
E03941,2024,3.4,89.9,3.3,Medium,Exceeds,Not Ready
E03941,2025,3.3,71.2,2.8,Low,Meets,Ready Now
E03941,2026,3.3,86.9,3.4,Medium,Meets,Ready Now
E03942,2025,2.4,90.8,2.1,High,Meets,Ready Now
E03942,2026,2.2,79.4,1.9,Low,Meets,Ready 1-2 Years
E03943,2022,3.1,78.7,3.7,Low,Meets,Ready Now
E03943,2023,3.3,89.9,3.5,Medium,Outstanding,Ready Now
E03943,2024,4.0,82.5,3.9,Medium,Meets,Not Ready
E03943,2025,3.8,91.2,3.7,Medium,Partially Meets,Ready Now
E03943,2026,3.3,78.3,3.5,Low,Partially Meets,Not Ready
E03944,2022,2.3,61.7,2.6,Low,Partially Meets,Ready 1-2 Years
E03944,2023,1.6,66.9,1.0,Low,Outstanding,Not Ready
E03944,2024,2.6,75.8,2.3,Low,Exceeds,Ready 1-2 Years
E03944,2025,2.2,70.3,1.8,Medium,Meets,Ready 1-2 Years
E03944,2026,2.3,87.8,2.3,Medium,Partially Meets,Not Ready
E03945,2022,3.0,73.3,2.8,High,Meets,Ready 1-2 Years
E03945,2023,3.4,95.3,3.9,Medium,Exceeds,Ready Now
E03945,2024,3.4,86.4,2.8,High,Meets,Not Ready
E03945,2025,2.8,77.2,2.8,High,Outstanding,Ready Now
E03945,2026,3.6,88.8,3.8,Medium,Exceeds,Ready Now
E03946,2022,3.7,85.7,4.0,Medium,Exceeds,Not Ready
E03946,2023,3.1,78.8,3.0,Low,Meets,Ready Now
E03946,2024,2.3,81.3,2.1,Medium,Outstanding,Not Ready
E03946,2025,2.6,66.5,2.7,Low,Outstanding,Ready Now
E03946,2026,3.3,83.9,3.7,Medium,Exceeds,Ready Now
E03947,2025,4.3,89.8,4.4,Low,Meets,Not Ready
E03947,2026,4.1,82.1,3.6,Medium,Exceeds,Ready Now
E03948,2023,3.4,76.2,3.1,Medium,Exceeds,Not Ready
E03948,2024,4.2,98.5,4.1,High,Exceeds,Ready 1-2 Years
E03948,2025,4.0,88.9,4.1,Medium,Exceeds,Ready 1-2 Years
E03948,2026,3.5,85.4,3.6,Medium,Outstanding,Ready Now
E03949,2023,4.5,88.2,4.7,Medium,Partially Meets,Ready 1-2 Years
E03949,2024,3.3,76.2,3.0,Low,Exceeds,Ready Now
E03949,2025,4.0,75.2,4.0,Low,Exceeds,Not Ready
E03949,2026,3.2,84.1,2.9,High,Exceeds,Not Ready
E03950,2022,4.7,96.0,5.0,Medium,Meets,Not Ready
E03950,2023,4.1,98.7,4.3,Medium,Meets,Ready Now
E03951,2022,3.5,86.2,4.2,High,Meets,Ready Now
E03951,2023,4.2,81.9,4.3,Medium,Meets,Not Ready
E03951,2024,3.7,87.3,3.6,Medium,Meets,Not Ready
E03951,2025,3.3,78.2,3.4,Low,Exceeds,Not Ready
E03951,2026,3.4,91.7,3.3,Medium,Outstanding,Ready Now
E03952,2023,3.3,89.8,2.8,Low,Meets,Ready 1-2 Years
E03952,2024,3.1,82.4,4.0,Medium,Partially Meets,Ready Now
E03952,2025,3.5,85.4,3.4,High,Outstanding,Ready Now
E03952,2026,4.1,102.7,4.0,Medium,Exceeds,Not Ready
E03953,2022,4.0,85.0,3.4,Low,Outstanding,Ready 1-2 Years
E03953,2023,4.2,82.4,3.7,High,Partially Meets,Not Ready
E03953,2024,4.0,92.0,4.1,Medium,Meets,Not Ready
E03953,2025,4.0,75.5,3.9,Medium,Meets,Not Ready
E03953,2026,3.6,85.9,3.3,High,Partially Meets,Not Ready
E03954,2022,2.9,65.4,2.1,Medium,Outstanding,Not Ready
E03954,2023,3.2,87.9,3.1,Medium,Meets,Ready Now
E03955,2022,4.1,97.2,4.1,Low,Meets,Ready 1-2 Years
E03955,2023,4.0,85.9,3.8,Low,Partially Meets,Ready Now
E03955,2024,4.2,83.8,4.3,Medium,Outstanding,Ready 1-2 Years
E03955,2025,4.7,90.0,5.0,Medium,Meets,Ready Now
E03955,2026,3.9,74.9,3.8,High,Partially Meets,Ready Now
E03956,2022,3.7,74.7,4.0,Medium,Outstanding,Not Ready
E03956,2023,4.0,101.6,4.4,Medium,Meets,Ready Now
E03956,2024,4.3,91.6,3.6,Medium,Partially Meets,Not Ready
E03956,2025,3.9,86.6,3.8,Medium,Meets,Not Ready
E03956,2026,4.0,93.6,4.1,Medium,Partially Meets,Ready Now
E03957,2023,4.0,87.6,4.0,Medium,Exceeds,Ready 1-2 Years
E03957,2024,3.5,96.3,3.4,Medium,Meets,Ready Now
E03957,2025,3.2,75.7,2.7,Medium,Outstanding,Ready 1-2 Years
E03958,2022,3.6,83.3,3.5,Medium,Meets,Not Ready
E03958,2023,4.4,93.9,4.1,High,Partially Meets,Not Ready
E03958,2024,3.7,89.7,3.4,High,Exceeds,Ready Now
E03958,2025,4.0,104.9,4.2,Medium,Meets,Ready 1-2 Years
E03958,2026,4.0,108.2,3.4,Medium,Exceeds,Ready 1-2 Years
E03959,2023,2.3,68.0,2.6,High,Meets,Ready Now
E03959,2024,2.9,75.0,2.4,High,Partially Meets,Not Ready
E03959,2025,2.9,90.9,3.1,Medium,Partially Meets,Ready 1-2 Years
E03959,2026,3.1,67.3,3.3,Medium,Partially Meets,Ready 1-2 Years
E03961,2025,4.4,83.6,4.1,Medium,Partially Meets,Ready 1-2 Years
E03961,2026,4.4,99.6,3.9,Low,Outstanding,Ready 1-2 Years
E03962,2022,2.1,64.8,1.7,Medium,Exceeds,Not Ready
E03962,2023,2.1,75.3,1.5,Medium,Meets,Ready 1-2 Years
E03962,2024,2.0,78.1,1.9,Low,Meets,Not Ready
E03962,2025,2.0,67.8,2.0,Low,Exceeds,Ready 1-2 Years
E03962,2026,1.8,75.7,1.7,High,Outstanding,Not Ready
E03963,2022,2.6,95.7,2.7,Medium,Meets,Not Ready
E03963,2023,2.9,73.7,3.0,Low,Meets,Ready 1-2 Years
E03963,2024,2.7,104.1,2.4,Low,Exceeds,Ready 1-2 Years
E03963,2025,3.1,84.0,3.5,Low,Outstanding,Ready 1-2 Years
E03963,2026,2.9,93.5,2.8,Medium,Exceeds,Not Ready
E03964,2023,5.0,102.8,5.0,Medium,Exceeds,Not Ready
E03964,2024,4.8,84.9,4.4,Medium,Meets,Ready Now
E03964,2025,5.0,86.7,5.0,High,Partially Meets,Not Ready
E03964,2026,5.0,88.7,4.9,Medium,Exceeds,Ready 1-2 Years
E03965,2023,2.4,84.8,2.3,Low,Outstanding,Ready 1-2 Years
E03965,2024,2.9,77.8,2.4,Medium,Meets,Not Ready
E03965,2025,3.1,98.4,3.3,Medium,Exceeds,Ready 1-2 Years
E03965,2026,2.4,69.9,2.0,Medium,Exceeds,Ready Now
E03966,2022,2.6,75.9,2.6,Low,Exceeds,Not Ready
E03966,2023,2.4,88.3,3.0,Medium,Exceeds,Not Ready
E03967,2022,4.8,93.8,4.7,Low,Meets,Ready 1-2 Years
E03967,2023,4.5,63.5,4.7,Medium,Meets,Ready 1-2 Years
E03967,2024,4.6,91.9,4.6,Medium,Exceeds,Not Ready
E03967,2025,4.8,86.7,4.6,Low,Meets,Ready 1-2 Years
E03967,2026,3.9,98.6,3.3,Medium,Outstanding,Ready 1-2 Years
E03968,2022,3.7,82.7,3.8,Low,Outstanding,Ready 1-2 Years
E03968,2023,3.6,91.5,3.4,Medium,Partially Meets,Ready Now
E03968,2024,3.3,96.9,3.6,Medium,Partially Meets,Ready 1-2 Years
E03968,2025,2.8,91.4,2.8,Medium,Outstanding,Not Ready
E03968,2026,2.8,84.3,3.1,Medium,Exceeds,Ready Now
E03969,2024,2.5,92.1,2.9,Medium,Meets,Not Ready
E03969,2025,2.5,68.2,2.2,Medium,Meets,Not Ready
E03969,2026,2.5,76.4,2.8,Medium,Meets,Not Ready
E03970,2022,3.4,67.8,3.5,Medium,Outstanding,Ready 1-2 Years
E03970,2023,3.9,91.9,3.8,Medium,Outstanding,Not Ready
E03970,2024,4.0,70.4,4.0,High,Meets,Ready 1-2 Years
E03970,2025,3.6,87.9,3.7,Low,Partially Meets,Ready 1-2 Years
E03971,2023,4.0,94.6,4.3,Medium,Meets,Ready Now
E03971,2024,3.3,93.8,3.0,Low,Partially Meets,Not Ready
E03971,2025,2.5,78.0,2.8,High,Outstanding,Not Ready
E03971,2026,3.4,78.8,3.1,Medium,Partially Meets,Ready Now
E03972,2022,2.0,76.7,1.7,High,Outstanding,Ready Now
E03973,2024,2.1,72.1,2.3,Medium,Partially Meets,Not Ready
E03973,2025,2.1,81.0,1.8,Medium,Partially Meets,Not Ready
E03973,2026,2.3,100.2,2.8,Low,Exceeds,Not Ready
E03974,2022,3.3,74.6,3.0,Low,Exceeds,Ready Now
E03974,2023,3.3,81.6,3.4,High,Meets,Ready 1-2 Years
E03974,2024,4.3,84.9,4.2,Low,Meets,Ready Now
E03974,2025,3.8,90.0,3.4,Low,Partially Meets,Ready Now
E03974,2026,3.5,76.7,3.6,Medium,Partially Meets,Ready 1-2 Years
E03975,2022,3.2,97.8,2.9,Medium,Exceeds,Not Ready
E03975,2023,3.4,88.5,3.2,Medium,Meets,Ready Now
E03975,2024,3.5,76.5,3.1,Medium,Meets,Ready Now
E03975,2025,3.0,87.4,3.1,Low,Partially Meets,Not Ready
E03975,2026,3.1,71.3,2.7,Medium,Exceeds,Not Ready
E03976,2022,3.9,89.1,4.4,High,Meets,Ready Now
E03976,2023,3.7,79.9,3.7,High,Partially Meets,Ready Now
E03976,2024,3.6,78.7,3.7,Medium,Meets,Ready 1-2 Years
E03976,2025,3.9,89.2,3.4,Medium,Meets,Not Ready
E03976,2026,3.3,100.3,3.5,Medium,Meets,Not Ready
E03978,2024,3.1,74.1,2.9,Medium,Outstanding,Ready Now
E03978,2025,2.6,84.4,2.3,Low,Meets,Ready Now
E03978,2026,2.9,77.5,3.2,Medium,Meets,Ready 1-2 Years
E03980,2024,3.9,66.8,4.3,Medium,Exceeds,Not Ready
E03981,2022,4.3,87.5,3.9,Low,Exceeds,Ready 1-2 Years
E03981,2023,3.4,66.9,3.5,Medium,Meets,Not Ready
E03981,2024,4.5,104.9,4.8,Medium,Outstanding,Ready 1-2 Years
E03981,2025,3.7,92.9,4.4,High,Exceeds,Not Ready
E03981,2026,3.6,89.0,3.4,Medium,Exceeds,Not Ready
E03982,2022,3.0,79.4,3.4,Low,Meets,Ready Now
E03982,2023,2.3,73.8,2.1,High,Meets,Ready Now
E03982,2024,2.7,80.9,2.6,Medium,Meets,Ready 1-2 Years
E03982,2025,2.7,93.7,2.6,High,Outstanding,Ready 1-2 Years
E03982,2026,2.5,61.2,2.6,High,Meets,Ready 1-2 Years
E03983,2022,3.8,82.6,3.6,Medium,Outstanding,Ready Now
E03983,2023,3.4,71.7,3.3,Medium,Exceeds,Ready 1-2 Years
E03983,2024,3.1,101.7,2.6,Low,Partially Meets,Not Ready
E03983,2025,2.9,100.7,2.9,Medium,Exceeds,Ready 1-2 Years
E03983,2026,3.4,77.6,3.6,Medium,Exceeds,Ready Now
E03984,2026,3.0,73.6,3.0,Medium,Exceeds,Ready 1-2 Years
E03985,2022,3.6,64.6,3.9,Medium,Outstanding,Not Ready
E03985,2023,3.4,79.6,3.1,Medium,Exceeds,Ready Now
E03985,2024,3.7,70.5,4.1,Medium,Exceeds,Not Ready
E03985,2025,4.2,107.3,3.9,Medium,Meets,Ready 1-2 Years
E03985,2026,4.0,92.1,3.8,High,Meets,Ready 1-2 Years
E03986,2022,3.9,105.2,3.8,Low,Partially Meets,Ready Now
E03986,2023,3.4,84.4,3.5,Low,Meets,Ready 1-2 Years
E03986,2024,4.1,83.7,4.1,Medium,Outstanding,Ready Now
E03986,2025,3.5,103.1,3.6,Medium,Exceeds,Not Ready
E03986,2026,4.3,86.7,4.2,High,Exceeds,Ready Now
E03987,2025,3.6,76.9,3.6,Low,Outstanding,Ready Now
E03987,2026,3.7,77.7,3.2,High,Partially Meets,Ready Now
E03988,2022,4.3,92.3,3.8,Medium,Exceeds,Ready 1-2 Years
E03988,2023,4.2,94.5,4.2,Medium,Meets,Ready Now
E03988,2024,5.0,95.6,4.8,Medium,Meets,Ready 1-2 Years
E03988,2025,4.1,77.9,3.9,Low,Partially Meets,Ready 1-2 Years
E03988,2026,4.5,88.1,4.3,Medium,Exceeds,Ready 1-2 Years
E03989,2022,3.3,69.9,2.9,Medium,Outstanding,Not Ready
E03989,2023,3.0,76.8,3.1,Low,Meets,Ready Now
E03989,2024,2.6,78.5,2.3,Medium,Partially Meets,Not Ready
E03989,2025,3.1,71.1,3.4,Low,Partially Meets,Not Ready
E03989,2026,2.4,66.7,2.2,Medium,Meets,Not Ready
E03990,2022,4.1,88.2,4.0,Medium,Exceeds,Ready Now
E03990,2023,3.8,87.4,3.9,Medium,Meets,Ready 1-2 Years
E03990,2024,3.4,96.9,3.6,Medium,Partially Meets,Ready Now
E03990,2025,3.3,83.8,3.6,Medium,Exceeds,Ready 1-2 Years
E03990,2026,4.3,83.3,4.2,High,Outstanding,Ready 1-2 Years
E03992,2022,3.6,92.3,3.9,Medium,Meets,Ready 1-2 Years
E03992,2023,3.5,73.9,3.9,High,Outstanding,Ready Now
E03992,2024,3.8,81.7,4.0,Low,Partially Meets,Ready 1-2 Years
E03992,2025,3.5,93.5,3.6,Medium,Outstanding,Ready 1-2 Years
E03992,2026,3.2,88.9,2.9,Medium,Meets,Ready Now
E03993,2023,4.2,95.2,3.8,Medium,Partially Meets,Ready Now
E03993,2024,3.6,59.6,3.8,Medium,Outstanding,Ready 1-2 Years
E03994,2025,2.4,64.3,2.1,Medium,Outstanding,Not Ready
E03994,2026,2.9,93.3,2.3,Medium,Exceeds,Not Ready
E03995,2025,3.0,70.8,2.7,Medium,Partially Meets,Ready Now
E03995,2026,2.9,71.1,3.3,Medium,Meets,Ready Now
E03996,2026,3.7,96.7,4.1,Medium,Meets,Ready Now
E03997,2022,4.3,117.3,3.8,Medium,Meets,Not Ready
E03997,2023,3.4,87.6,3.6,Low,Meets,Ready Now
E03997,2024,4.3,100.6,4.3,Medium,Meets,Ready 1-2 Years
E03997,2025,3.8,87.6,3.5,Medium,Outstanding,Ready 1-2 Years
E03997,2026,3.8,96.3,3.6,Low,Partially Meets,Ready 1-2 Years
E03998,2024,4.2,104.7,3.9,Medium,Partially Meets,Ready 1-2 Years
E03998,2025,3.8,78.2,3.3,Medium,Partially Meets,Ready Now
E03998,2026,4.6,93.1,4.8,Medium,Exceeds,Ready 1-2 Years
E03999,2022,2.5,87.4,2.4,Medium,Partially Meets,Not Ready
E03999,2023,3.0,69.2,3.2,Medium,Partially Meets,Not Ready
E03999,2024,2.3,90.2,2.4,Low,Partially Meets,Not Ready
E03999,2025,3.0,77.9,2.8,Medium,Meets,Not Ready
E03999,2026,2.8,81.9,3.2,Medium,Meets,Not Ready
E04000,2022,2.4,81.4,2.5,Medium,Outstanding,Ready 1-2 Years
E04000,2023,2.9,94.0,2.5,Medium,Exceeds,Ready Now
E04000,2024,2.3,58.8,2.9,Medium,Meets,Ready Now
E04000,2025,3.4,99.3,2.5,High,Meets,Not Ready
E04000,2026,2.4,71.5,2.3,Low,Meets,Not Ready
E04001,2024,3.5,81.0,3.1,Medium,Meets,Ready 1-2 Years
E04001,2025,3.6,79.2,3.7,Medium,Meets,Not Ready
E04001,2026,3.7,76.5,3.6,Medium,Partially Meets,Ready Now
E04002,2024,3.1,96.4,3.3,Medium,Meets,Not Ready
E04002,2025,3.4,60.7,3.8,Medium,Exceeds,Ready Now
E04002,2026,3.1,103.4,3.1,High,Meets,Not Ready
E04003,2022,2.7,83.8,3.0,Medium,Outstanding,Ready 1-2 Years
E04003,2023,2.8,71.1,3.0,Low,Meets,Ready 1-2 Years
E04003,2024,2.8,82.8,2.9,Medium,Exceeds,Ready Now
E04003,2025,3.3,61.5,4.0,Low,Meets,Not Ready
E04003,2026,2.6,74.4,2.4,Medium,Meets,Ready Now
E04004,2023,3.2,76.0,3.4,Medium,Meets,Ready Now
E04004,2024,3.4,96.5,2.6,Low,Partially Meets,Not Ready
E04004,2025,3.7,77.9,3.6,Medium,Meets,Not Ready
E04004,2026,3.5,110.8,3.5,Low,Partially Meets,Ready Now
E04006,2022,1.9,92.0,1.8,Medium,Meets,Ready Now
E04006,2023,2.1,82.9,2.4,Low,Outstanding,Ready 1-2 Years
E04006,2024,2.0,75.0,2.0,Medium,Exceeds,Not Ready
E04006,2025,2.5,89.2,2.4,High,Meets,Ready Now
E04006,2026,2.7,72.3,2.6,Medium,Meets,Ready Now
E04008,2026,2.7,65.7,3.0,Medium,Outstanding,Ready 1-2 Years
E04009,2025,3.6,88.0,4.1,Medium,Outstanding,Not Ready
E04009,2026,3.1,107.0,3.2,Medium,Meets,Not Ready
E04010,2022,3.5,91.3,3.9,Medium,Partially Meets,Not Ready
E04010,2023,4.0,92.0,4.1,Medium,Outstanding,Ready Now
E04010,2024,3.6,95.3,4.0,Medium,Exceeds,Ready 1-2 Years
E04010,2025,4.1,102.4,3.7,Medium,Partially Meets,Ready Now
E04010,2026,4.0,82.3,4.0,High,Meets,Ready Now
E04011,2022,3.5,74.0,3.5,Low,Outstanding,Not Ready
E04011,2023,3.4,91.9,3.0,Low,Outstanding,Ready Now
E04011,2024,3.4,87.9,3.1,Low,Partially Meets,Ready 1-2 Years
E04011,2025,3.2,101.1,3.2,Medium,Meets,Not Ready
E04011,2026,3.6,106.0,3.3,Medium,Partially Meets,Ready 1-2 Years
E04012,2022,3.0,69.0,3.0,Medium,Meets,Not Ready
E04012,2023,2.9,84.2,3.2,Medium,Partially Meets,Ready Now
E04012,2024,2.7,75.2,2.5,Medium,Partially Meets,Ready Now
E04012,2025,3.2,72.9,2.9,Medium,Outstanding,Not Ready
E04012,2026,3.2,82.5,3.5,Medium,Exceeds,Ready Now
E04013,2022,2.5,79.8,1.9,Medium,Exceeds,Not Ready
E04013,2023,2.3,86.3,1.9,High,Outstanding,Ready 1-2 Years
E04013,2024,2.0,71.5,1.3,Medium,Outstanding,Not Ready
E04014,2022,3.8,99.2,3.9,High,Exceeds,Not Ready
E04014,2023,3.5,87.9,3.4,Low,Meets,Ready 1-2 Years
E04014,2024,3.2,84.0,3.3,Medium,Outstanding,Not Ready
E04014,2025,3.8,83.2,3.3,Medium,Meets,Ready Now
E04014,2026,3.1,71.6,2.9,High,Meets,Not Ready
E04015,2022,5.0,98.1,4.5,Medium,Partially Meets,Ready Now
E04016,2022,3.2,81.1,3.1,Medium,Meets,Ready 1-2 Years
E04016,2023,4.0,82.5,4.2,Medium,Meets,Not Ready
E04016,2024,3.4,83.2,3.5,Medium,Meets,Ready 1-2 Years
E04016,2025,2.8,61.1,2.6,Low,Exceeds,Ready Now
E04016,2026,3.3,104.4,2.3,Medium,Partially Meets,Ready 1-2 Years
E04017,2022,3.8,84.4,4.2,High,Meets,Ready Now
E04017,2023,3.5,81.4,3.2,Medium,Meets,Ready Now
E04017,2024,4.1,83.3,3.8,High,Exceeds,Ready Now
E04017,2025,3.7,89.2,4.0,Low,Meets,Ready 1-2 Years
E04017,2026,3.9,95.0,4.2,Medium,Meets,Ready Now
E04018,2025,3.6,87.7,3.4,Medium,Exceeds,Ready Now
E04018,2026,3.6,99.7,3.3,High,Outstanding,Ready 1-2 Years
E04019,2022,3.4,86.9,3.4,Medium,Outstanding,Ready 1-2 Years
E04019,2023,3.6,100.0,3.3,Medium,Outstanding,Not Ready
E04019,2024,3.2,84.3,3.2,Medium,Outstanding,Not Ready
E04020,2022,4.8,87.1,4.8,Low,Outstanding,Ready 1-2 Years
E04020,2023,4.0,89.5,4.2,Medium,Meets,Not Ready
E04020,2024,3.9,97.8,3.9,Medium,Exceeds,Ready 1-2 Years
E04020,2025,3.2,78.6,2.7,Medium,Meets,Not Ready
E04020,2026,4.2,77.5,4.6,High,Meets,Not Ready
E04021,2022,3.8,97.1,3.8,Medium,Meets,Not Ready
E04021,2023,3.8,86.6,4.2,Low,Partially Meets,Not Ready
E04021,2024,4.0,98.9,4.0,High,Outstanding,Ready Now
E04021,2025,3.6,82.9,3.7,Medium,Meets,Ready Now
E04022,2022,3.1,76.8,3.4,High,Exceeds,Ready Now
E04022,2023,3.4,73.1,3.9,Medium,Meets,Ready 1-2 Years
E04022,2024,3.2,86.0,2.8,Medium,Outstanding,Ready 1-2 Years
E04022,2025,3.6,78.8,4.1,Medium,Outstanding,Not Ready
E04022,2026,3.5,91.2,3.9,Medium,Partially Meets,Ready Now
E04023,2024,4.1,113.7,4.2,Low,Exceeds,Not Ready
E04023,2025,4.3,106.1,4.1,Medium,Meets,Ready Now
E04023,2026,3.4,93.4,3.1,Medium,Meets,Ready Now
E04024,2023,2.3,75.3,2.2,Medium,Meets,Ready 1-2 Years
E04024,2024,2.8,83.0,3.4,Medium,Exceeds,Ready 1-2 Years
E04024,2025,2.4,71.6,2.7,Low,Exceeds,Ready Now
E04024,2026,2.5,72.2,2.0,Medium,Exceeds,Not Ready
E04025,2023,5.0,97.5,5.0,High,Exceeds,Not Ready
E04025,2024,5.0,97.5,4.9,Medium,Partially Meets,Not Ready
E04025,2025,5.0,90.7,5.0,High,Meets,Ready 1-2 Years
E04025,2026,4.4,87.5,4.5,Medium,Meets,Ready Now
E04026,2022,4.0,73.8,4.4,High,Partially Meets,Ready Now
E04026,2023,3.4,84.9,3.6,Low,Outstanding,Ready Now
E04026,2024,3.9,74.5,3.6,Medium,Exceeds,Ready 1-2 Years
E04026,2025,4.3,93.3,4.3,High,Meets,Ready Now
E04026,2026,4.1,93.8,4.0,Low,Meets,Ready Now
E04028,2022,4.1,81.6,5.0,Medium,Meets,Ready 1-2 Years
E04028,2023,3.9,95.7,4.2,Medium,Meets,Ready 1-2 Years
E04028,2024,4.0,81.4,4.0,Medium,Meets,Not Ready
E04028,2025,3.1,74.8,3.1,Medium,Meets,Not Ready
E04028,2026,3.5,104.4,3.7,Medium,Exceeds,Ready Now
E04029,2022,2.0,64.8,2.2,Medium,Meets,Ready 1-2 Years
E04029,2023,2.0,69.8,2.8,Low,Exceeds,Ready 1-2 Years
E04029,2024,1.6,57.8,2.0,Medium,Outstanding,Ready Now
E04029,2025,1.8,68.0,1.5,Medium,Outstanding,Ready Now
E04029,2026,2.2,81.8,2.5,Low,Partially Meets,Not Ready
E04030,2022,4.4,113.1,4.1,Medium,Meets,Not Ready
E04030,2023,4.0,101.0,3.8,Medium,Partially Meets,Ready 1-2 Years
E04030,2024,4.4,90.7,3.9,Medium,Partially Meets,Ready Now
E04030,2025,4.0,86.7,4.3,Medium,Exceeds,Ready 1-2 Years
E04030,2026,3.9,69.5,4.4,High,Outstanding,Not Ready
E04031,2022,3.0,87.8,2.6,Low,Outstanding,Ready Now
E04031,2023,2.5,87.1,2.7,Low,Partially Meets,Ready Now
E04031,2024,2.9,62.6,2.4,Medium,Exceeds,Not Ready
E04031,2025,2.7,86.2,2.7,Medium,Exceeds,Not Ready
E04031,2026,2.9,75.3,2.5,Medium,Meets,Not Ready
E04032,2024,4.4,105.3,4.6,Medium,Exceeds,Not Ready
E04032,2025,4.4,87.8,4.6,Low,Meets,Ready Now
E04032,2026,4.1,107.9,4.0,Medium,Partially Meets,Ready 1-2 Years
E04033,2022,3.1,82.0,3.5,High,Outstanding,Not Ready
E04033,2023,3.1,85.1,3.4,High,Partially Meets,Ready Now
E04033,2024,3.9,78.6,3.9,Low,Exceeds,Ready 1-2 Years
E04033,2025,3.0,74.8,3.1,Medium,Outstanding,Ready 1-2 Years
E04033,2026,3.2,77.2,3.0,Medium,Outstanding,Ready Now
E04034,2022,3.3,80.4,3.3,Medium,Outstanding,Not Ready
E04034,2023,3.8,89.9,3.6,High,Outstanding,Not Ready
E04034,2024,3.4,84.9,3.2,High,Exceeds,Ready Now
E04034,2025,3.7,73.9,3.8,Low,Outstanding,Ready Now
E04034,2026,3.6,82.1,3.6,Medium,Partially Meets,Ready Now
E04035,2024,3.8,85.6,4.0,Medium,Outstanding,Ready 1-2 Years
E04035,2025,3.3,94.3,3.3,Medium,Partially Meets,Not Ready
E04035,2026,2.9,59.2,2.8,Medium,Meets,Not Ready
E04036,2022,3.6,94.3,3.4,Medium,Outstanding,Not Ready
E04037,2022,3.4,83.1,3.3,Medium,Meets,Ready Now
E04038,2024,3.0,78.3,3.1,Medium,Exceeds,Ready 1-2 Years
E04038,2025,2.4,77.6,2.5,Medium,Outstanding,Not Ready
E04038,2026,2.3,90.5,2.4,Medium,Meets,Ready 1-2 Years
E04039,2024,4.1,85.0,4.1,High,Meets,Ready 1-2 Years
E04039,2025,4.0,75.2,4.5,Medium,Outstanding,Not Ready
E04039,2026,3.5,78.6,3.6,Medium,Exceeds,Not Ready
E04041,2022,3.0,83.9,2.5,Medium,Exceeds,Ready 1-2 Years
E04041,2023,3.4,82.5,3.8,Low,Meets,Not Ready
E04041,2024,3.1,101.4,3.1,Medium,Meets,Not Ready
E04041,2025,3.2,79.9,2.8,Low,Exceeds,Not Ready
E04041,2026,2.7,94.4,3.1,Low,Meets,Ready 1-2 Years
E04042,2023,4.7,117.3,4.9,Medium,Meets,Ready Now
E04042,2024,4.6,88.3,4.9,Low,Meets,Ready Now
E04042,2025,4.7,88.0,4.6,Medium,Outstanding,Ready Now
E04042,2026,4.4,82.9,4.4,Medium,Meets,Not Ready
E04044,2022,3.4,76.8,3.9,Low,Meets,Ready Now
E04044,2023,1.8,69.1,2.3,Medium,Meets,Not Ready
E04044,2024,2.5,84.2,2.4,High,Exceeds,Ready 1-2 Years
E04044,2025,2.5,72.2,2.6,High,Outstanding,Not Ready
E04044,2026,2.4,75.6,2.2,High,Outstanding,Ready 1-2 Years
E04045,2026,3.9,70.3,3.8,Medium,Outstanding,Ready 1-2 Years
E04046,2022,2.4,74.5,2.5,Medium,Meets,Ready 1-2 Years
E04046,2023,2.4,73.0,2.3,Medium,Meets,Ready 1-2 Years
E04046,2024,2.1,76.3,1.8,Medium,Exceeds,Not Ready
E04046,2025,1.9,66.0,2.0,Low,Outstanding,Ready Now
E04046,2026,2.4,78.5,2.9,Low,Meets,Not Ready
E04047,2025,4.0,83.7,4.2,Medium,Partially Meets,Ready 1-2 Years
E04047,2026,4.3,75.3,3.9,Medium,Outstanding,Ready 1-2 Years
E04048,2022,4.5,93.0,4.5,Medium,Outstanding,Ready Now
E04048,2023,4.1,96.3,3.9,Medium,Partially Meets,Ready Now
E04048,2024,4.4,80.9,4.4,Medium,Partially Meets,Ready Now
E04048,2025,4.6,83.0,4.7,Medium,Outstanding,Ready 1-2 Years
E04048,2026,4.8,91.6,4.5,Medium,Meets,Ready 1-2 Years
E04049,2023,4.3,86.6,4.3,Low,Meets,Ready 1-2 Years
E04049,2024,3.8,86.0,3.9,Medium,Partially Meets,Ready Now
E04049,2025,3.6,93.3,4.0,Low,Partially Meets,Ready 1-2 Years
E04049,2026,3.6,76.8,4.1,High,Partially Meets,Not Ready
E04050,2022,3.5,99.5,3.4,Medium,Outstanding,Ready Now
E04050,2023,3.0,75.1,2.2,Medium,Exceeds,Not Ready
E04050,2024,3.3,88.5,2.8,High,Exceeds,Ready 1-2 Years
E04050,2025,2.9,91.5,3.1,Medium,Exceeds,Ready Now
E04050,2026,3.2,95.2,3.8,Low,Outstanding,Not Ready
E04051,2024,3.3,93.7,3.2,High,Partially Meets,Ready 1-2 Years
E04051,2025,3.6,92.5,3.7,Medium,Meets,Ready 1-2 Years
E04051,2026,2.6,76.4,2.9,Medium,Exceeds,Ready 1-2 Years
E04052,2026,3.1,64.1,2.9,Medium,Meets,Not Ready
E04053,2022,2.9,77.5,2.7,High,Partially Meets,Ready Now
E04053,2023,2.9,64.4,3.1,High,Meets,Not Ready
E04053,2024,2.3,94.6,2.1,High,Meets,Ready Now
E04053,2025,3.3,89.9,3.5,Medium,Exceeds,Ready 1-2 Years
E04053,2026,2.9,87.9,2.8,Medium,Partially Meets,Not Ready
E04054,2022,3.4,81.6,3.6,Medium,Outstanding,Ready Now
E04054,2023,3.6,86.1,3.3,Medium,Partially Meets,Not Ready
E04054,2024,3.2,63.5,3.7,Low,Exceeds,Not Ready
E04054,2025,3.4,93.2,3.9,Low,Meets,Ready 1-2 Years
E04054,2026,4.0,93.4,5.0,Medium,Partially Meets,Ready 1-2 Years
E04055,2025,4.6,96.9,4.3,High,Meets,Ready 1-2 Years
E04055,2026,4.4,85.6,4.2,Low,Meets,Ready Now
E04056,2022,4.7,93.2,4.5,Low,Meets,Not Ready
E04056,2023,4.8,109.6,4.4,Medium,Meets,Ready 1-2 Years
E04056,2024,4.5,120.0,4.4,Low,Outstanding,Ready 1-2 Years
E04056,2025,4.7,109.9,4.7,Medium,Outstanding,Ready 1-2 Years
E04057,2023,2.3,67.8,1.8,Medium,Partially Meets,Ready 1-2 Years
E04057,2024,3.0,96.9,3.1,Low,Meets,Ready Now
E04057,2025,2.7,101.2,3.1,Medium,Partially Meets,Ready 1-2 Years
E04057,2026,2.6,85.4,2.1,Medium,Exceeds,Not Ready
E04059,2022,3.7,82.0,3.7,High,Exceeds,Ready Now
E04059,2023,3.7,83.3,3.7,Medium,Partially Meets,Ready 1-2 Years
E04059,2024,3.1,76.3,2.2,High,Outstanding,Ready Now
E04059,2025,3.3,72.4,3.3,High,Partially Meets,Ready Now
E04059,2026,3.6,74.3,2.8,Low,Outstanding,Ready Now
E04060,2025,3.3,84.8,3.5,Medium,Partially Meets,Not Ready
E04060,2026,2.9,108.2,2.5,Medium,Outstanding,Not Ready
E04061,2022,3.2,81.6,2.7,Medium,Exceeds,Not Ready
E04061,2023,4.1,95.7,4.2,Medium,Exceeds,Ready 1-2 Years
E04061,2024,3.8,68.6,3.9,Medium,Outstanding,Ready Now
E04061,2025,3.8,100.9,3.7,Medium,Meets,Not Ready
E04061,2026,3.2,89.9,3.2,Medium,Exceeds,Ready 1-2 Years
E04062,2024,2.9,73.3,3.1,Medium,Meets,Ready 1-2 Years
E04062,2025,2.9,71.1,3.0,Medium,Exceeds,Ready Now
E04062,2026,3.0,63.4,3.7,Medium,Outstanding,Ready Now
E04063,2023,2.3,70.0,2.9,High,Meets,Ready 1-2 Years
E04063,2024,2.9,92.9,2.7,Medium,Exceeds,Ready Now
E04063,2025,3.1,62.5,3.2,Low,Partially Meets,Ready Now
E04063,2026,2.5,80.2,3.2,Medium,Outstanding,Ready 1-2 Years
E04064,2024,3.4,73.0,3.6,Medium,Exceeds,Not Ready
E04064,2025,3.0,92.4,3.1,Medium,Exceeds,Ready Now
E04064,2026,3.7,83.3,4.4,Low,Partially Meets,Ready 1-2 Years
E04065,2023,3.7,85.5,3.9,High,Partially Meets,Not Ready
E04065,2024,3.9,77.0,3.9,Medium,Partially Meets,Ready Now
E04065,2025,3.4,81.4,3.7,Medium,Meets,Not Ready
E04065,2026,4.1,87.4,4.2,Medium,Outstanding,Ready 1-2 Years
E04066,2022,2.8,59.8,3.3,Medium,Partially Meets,Ready Now
E04066,2023,2.4,58.2,2.2,Medium,Partially Meets,Not Ready
E04066,2024,2.8,78.4,2.8,Medium,Meets,Ready 1-2 Years
E04066,2025,3.2,74.1,3.2,Medium,Exceeds,Not Ready
E04066,2026,2.4,82.3,2.5,High,Meets,Ready Now
E04067,2022,2.6,97.3,2.4,Medium,Meets,Ready Now
E04067,2023,2.5,73.9,2.9,Medium,Meets,Not Ready
E04068,2022,3.3,88.8,2.4,High,Partially Meets,Not Ready
E04068,2023,3.0,82.0,2.8,Medium,Outstanding,Ready Now
E04068,2024,3.1,74.4,3.3,Medium,Outstanding,Ready 1-2 Years
E04068,2025,3.2,94.8,3.3,High,Partially Meets,Not Ready
E04068,2026,2.3,100.4,2.3,Medium,Exceeds,Not Ready
E04070,2026,3.5,85.1,3.7,High,Outstanding,Ready Now
E04071,2022,2.0,92.6,1.9,Medium,Partially Meets,Not Ready
E04071,2023,2.5,65.7,2.8,Low,Meets,Ready Now
E04071,2024,2.8,80.1,3.0,Medium,Meets,Not Ready
E04071,2025,2.1,63.0,2.2,Medium,Meets,Ready 1-2 Years
E04071,2026,2.5,75.1,2.9,Low,Meets,Not Ready
E04072,2022,2.9,78.4,3.1,Low,Exceeds,Ready Now
E04072,2023,3.7,82.6,4.0,Medium,Exceeds,Not Ready
E04072,2024,3.6,67.2,3.9,High,Meets,Ready Now
E04072,2025,4.1,88.3,4.3,Low,Exceeds,Ready 1-2 Years
E04072,2026,3.8,99.9,3.7,Medium,Outstanding,Ready 1-2 Years
E04073,2022,2.7,68.1,3.1,Medium,Partially Meets,Ready Now
E04073,2023,3.2,92.8,3.1,Medium,Exceeds,Ready Now
E04073,2024,2.9,71.1,2.0,Medium,Partially Meets,Ready 1-2 Years
E04073,2025,2.8,85.5,2.8,Low,Exceeds,Ready 1-2 Years
E04073,2026,3.1,67.8,3.2,Low,Outstanding,Ready Now
E04074,2022,3.5,92.9,3.8,High,Outstanding,Not Ready
E04074,2023,3.7,94.0,4.3,Medium,Meets,Not Ready
E04074,2024,3.2,80.9,3.2,Low,Meets,Not Ready
E04074,2025,3.8,79.1,3.6,Medium,Exceeds,Not Ready
E04074,2026,3.4,74.2,3.4,Medium,Meets,Not Ready
E04075,2022,3.9,85.0,3.7,Low,Meets,Not Ready
E04075,2023,3.9,80.4,4.3,Low,Outstanding,Ready Now
E04075,2024,4.2,96.2,4.5,Medium,Exceeds,Not Ready
E04075,2025,4.1,98.3,3.6,Medium,Meets,Not Ready
E04075,2026,3.6,89.8,3.6,High,Meets,Not Ready
E04076,2023,2.6,67.0,1.9,Medium,Partially Meets,Ready Now
E04076,2024,3.7,79.5,3.8,Low,Exceeds,Ready 1-2 Years
E04076,2025,3.4,104.0,3.5,Low,Outstanding,Not Ready
E04076,2026,3.0,90.6,3.8,Low,Outstanding,Not Ready
E04077,2024,3.2,86.6,3.5,Low,Exceeds,Ready 1-2 Years
E04077,2025,2.8,65.2,3.2,Medium,Outstanding,Ready Now
E04077,2026,2.5,84.4,2.4,Medium,Meets,Ready Now
E04078,2022,2.2,75.3,2.1,High,Partially Meets,Ready Now
E04078,2023,2.6,106.2,2.3,Medium,Meets,Ready 1-2 Years
E04078,2024,2.8,80.9,2.7,High,Meets,Ready 1-2 Years
E04078,2025,2.1,87.5,2.5,Low,Exceeds,Ready Now
E04078,2026,1.9,73.1,1.6,Medium,Partially Meets,Ready 1-2 Years
E04079,2022,3.9,97.8,4.2,High,Exceeds,Ready 1-2 Years
E04079,2023,4.0,72.7,4.2,Medium,Partially Meets,Ready Now
E04079,2024,3.6,77.4,3.0,Medium,Meets,Ready 1-2 Years
E04079,2025,4.0,93.3,3.8,Low,Meets,Ready 1-2 Years
E04079,2026,5.0,106.2,4.7,High,Meets,Ready Now
E04080,2022,2.8,84.0,2.6,Medium,Outstanding,Ready 1-2 Years
E04081,2024,2.2,77.0,2.3,Medium,Meets,Not Ready
E04081,2025,2.1,76.6,1.6,Low,Outstanding,Ready 1-2 Years
E04081,2026,2.0,62.9,1.9,Low,Exceeds,Ready 1-2 Years
E04082,2023,1.1,61.3,1.0,Medium,Meets,Ready 1-2 Years
E04082,2024,1.7,68.6,1.9,Medium,Meets,Ready 1-2 Years
E04082,2025,1.9,64.7,1.7,Medium,Outstanding,Ready Now
E04083,2022,4.2,81.9,4.1,Low,Outstanding,Ready Now
E04083,2023,3.8,87.5,4.0,Medium,Exceeds,Ready 1-2 Years
E04083,2024,4.4,96.8,4.3,Medium,Exceeds,Not Ready
E04083,2025,3.6,89.8,3.5,High,Exceeds,Not Ready
E04083,2026,4.0,90.8,4.4,Medium,Meets,Ready 1-2 Years
E04084,2022,4.6,92.7,4.4,Medium,Meets,Ready Now
E04084,2023,4.6,83.5,4.6,Medium,Partially Meets,Ready Now
E04084,2024,4.0,86.0,3.7,Medium,Meets,Not Ready
E04084,2025,5.0,97.0,4.9,Medium,Meets,Ready Now
E04084,2026,4.9,103.6,5.0,Low,Exceeds,Ready Now
E04085,2024,3.7,73.0,3.8,Low,Meets,Ready Now
E04085,2025,3.9,81.3,3.3,Medium,Outstanding,Not Ready
E04085,2026,3.4,76.4,3.7,Medium,Meets,Ready Now
E04086,2022,3.7,99.4,3.0,High,Meets,Not Ready
E04086,2023,4.0,70.8,4.5,High,Exceeds,Not Ready
E04086,2024,4.2,93.1,4.1,Medium,Outstanding,Ready Now
E04086,2025,3.8,102.8,3.8,Low,Exceeds,Not Ready
E04086,2026,3.9,94.6,3.8,Medium,Meets,Ready 1-2 Years
E04087,2024,2.6,83.5,2.9,Low,Meets,Ready 1-2 Years
E04087,2025,2.6,79.8,2.8,Medium,Meets,Not Ready
E04087,2026,3.1,76.6,3.5,Medium,Meets,Ready 1-2 Years
E04088,2026,3.3,88.7,3.3,Medium,Outstanding,Ready Now
E04089,2023,3.5,85.2,3.8,Medium,Outstanding,Not Ready
E04089,2024,3.5,93.7,4.0,High,Partially Meets,Ready 1-2 Years
E04089,2025,2.8,93.7,2.2,Medium,Meets,Ready Now
E04089,2026,3.2,93.0,3.5,Medium,Meets,Ready 1-2 Years
E04090,2026,5.0,102.3,4.9,Medium,Meets,Not Ready
E04091,2022,4.2,105.1,4.4,Medium,Partially Meets,Ready 1-2 Years
E04091,2023,4.5,89.0,4.9,High,Meets,Ready 1-2 Years
E04091,2024,4.3,103.5,4.2,Medium,Partially Meets,Ready Now
E04091,2025,4.2,82.1,3.9,Medium,Exceeds,Ready 1-2 Years
E04091,2026,5.0,100.9,4.4,Medium,Outstanding,Ready Now
E04092,2022,3.8,87.5,4.1,Low,Meets,Ready 1-2 Years
E04093,2025,3.1,92.4,2.6,Low,Exceeds,Ready 1-2 Years
E04093,2026,3.6,87.8,3.9,High,Meets,Ready 1-2 Years
E04094,2023,4.0,76.7,4.3,Medium,Outstanding,Ready Now
E04094,2024,3.8,120.0,4.0,High,Meets,Not Ready
E04094,2025,4.3,88.5,4.2,Medium,Outstanding,Ready Now
E04094,2026,3.9,85.3,3.7,Medium,Exceeds,Not Ready
E04095,2022,3.3,79.9,3.9,Low,Exceeds,Ready Now
E04095,2023,3.3,79.6,3.6,High,Meets,Ready Now
E04096,2025,3.8,77.4,4.1,Medium,Meets,Not Ready
E04096,2026,3.7,68.0,3.9,High,Exceeds,Not Ready
E04097,2026,2.4,77.3,2.2,Medium,Partially Meets,Ready Now
E04098,2023,3.8,87.1,4.0,Low,Exceeds,Ready 1-2 Years
E04098,2024,4.1,87.2,3.7,Medium,Meets,Ready 1-2 Years
E04098,2025,3.5,85.1,3.8,Medium,Outstanding,Not Ready
E04099,2022,1.7,76.3,1.8,Low,Partially Meets,Not Ready
E04099,2023,2.9,80.7,2.9,Medium,Exceeds,Not Ready
E04099,2024,2.3,87.4,2.4,High,Outstanding,Ready 1-2 Years
E04099,2025,2.3,66.7,2.3,Medium,Outstanding,Ready Now
E04099,2026,2.4,69.3,2.3,Low,Meets,Not Ready
E04100,2022,2.3,82.1,3.0,Low,Outstanding,Ready 1-2 Years
E04100,2023,2.7,83.0,2.8,Medium,Meets,Ready Now
E04100,2024,2.7,95.4,2.2,Medium,Outstanding,Not Ready
E04100,2025,2.1,83.2,2.0,Medium,Exceeds,Ready Now
E04101,2022,4.5,80.8,4.1,Medium,Partially Meets,Ready 1-2 Years
E04101,2023,3.6,66.4,3.8,Medium,Outstanding,Ready 1-2 Years
E04101,2024,4.1,88.4,4.3,High,Exceeds,Ready 1-2 Years
E04101,2025,4.0,97.8,3.6,Medium,Meets,Ready 1-2 Years
E04101,2026,3.7,75.7,3.8,Low,Meets,Not Ready
E04102,2023,4.2,90.8,3.7,Medium,Meets,Ready Now
E04102,2024,4.5,87.0,4.6,Low,Outstanding,Ready Now
E04102,2025,5.0,89.3,5.0,Medium,Partially Meets,Ready Now
E04103,2022,3.7,95.1,3.2,Low,Meets,Ready 1-2 Years
E04103,2023,3.6,90.2,3.9,High,Partially Meets,Ready 1-2 Years
E04103,2024,3.6,101.0,3.8,Low,Meets,Not Ready
E04103,2025,3.4,75.8,2.8,Low,Meets,Not Ready
E04103,2026,3.3,83.8,3.1,High,Partially Meets,Ready 1-2 Years
E04104,2024,4.2,107.2,4.3,Medium,Exceeds,Not Ready
E04104,2025,4.3,91.5,4.1,Medium,Meets,Ready 1-2 Years
E04105,2023,3.2,91.8,2.8,High,Exceeds,Not Ready
E04105,2024,4.2,111.1,3.6,Medium,Exceeds,Ready Now
E04105,2025,3.6,74.0,3.1,Medium,Outstanding,Not Ready
E04105,2026,3.2,86.3,3.1,Low,Meets,Ready 1-2 Years
E04106,2022,2.1,79.7,2.3,Low,Meets,Not Ready
E04106,2023,2.7,80.2,2.7,High,Outstanding,Ready Now
E04106,2024,2.7,78.8,2.4,Low,Exceeds,Not Ready
E04106,2025,3.0,75.5,3.1,Medium,Outstanding,Ready Now
E04106,2026,3.2,85.3,2.7,Medium,Meets,Ready 1-2 Years
E04107,2026,2.7,71.3,3.2,Medium,Meets,Not Ready
E04108,2022,2.9,83.7,2.9,High,Outstanding,Ready 1-2 Years
E04108,2023,3.0,86.9,2.5,Medium,Partially Meets,Ready Now
E04108,2024,3.0,67.5,3.4,Medium,Outstanding,Not Ready
E04108,2025,3.1,75.1,3.0,High,Exceeds,Ready Now
E04108,2026,3.6,95.7,3.4,Medium,Outstanding,Not Ready
E04109,2024,3.7,101.2,3.8,Low,Partially Meets,Not Ready
E04109,2025,3.9,86.6,4.1,Low,Partially Meets,Ready 1-2 Years
E04109,2026,4.1,85.1,4.0,Low,Exceeds,Not Ready
E04110,2025,2.6,65.5,2.4,High,Outstanding,Not Ready
E04110,2026,2.4,89.2,2.4,Medium,Exceeds,Ready Now
E04111,2023,3.8,91.8,3.8,Low,Meets,Not Ready
E04111,2024,4.0,92.1,4.3,Medium,Exceeds,Ready Now
E04111,2025,3.2,69.9,3.2,Low,Exceeds,Ready 1-2 Years
E04111,2026,3.0,76.8,2.6,High,Partially Meets,Ready 1-2 Years
E04112,2026,3.3,89.6,3.3,Medium,Exceeds,Not Ready
E04113,2022,2.7,67.3,2.1,Medium,Partially Meets,Ready Now
E04113,2023,3.1,83.2,3.0,High,Exceeds,Ready 1-2 Years
E04113,2024,3.1,104.8,2.4,Medium,Meets,Not Ready
E04113,2025,2.8,63.9,3.3,Medium,Meets,Ready 1-2 Years
E04113,2026,2.8,85.0,3.2,Medium,Partially Meets,Ready Now
E04114,2025,4.1,111.3,4.4,Medium,Partially Meets,Not Ready
E04114,2026,3.9,100.7,3.8,High,Outstanding,Ready 1-2 Years
E04115,2023,2.9,71.7,2.6,Medium,Exceeds,Ready 1-2 Years
E04115,2024,2.9,67.7,2.9,Medium,Meets,Ready Now
E04115,2025,2.8,83.3,3.0,High,Outstanding,Not Ready
E04115,2026,2.6,92.7,2.8,Medium,Outstanding,Ready Now
E04116,2023,2.9,84.9,2.9,Medium,Exceeds,Ready Now
E04116,2024,2.3,75.6,2.2,Medium,Meets,Not Ready
E04116,2025,2.5,75.3,2.4,Medium,Outstanding,Ready 1-2 Years
E04116,2026,2.5,75.9,2.3,Medium,Meets,Ready Now
E04117,2023,2.0,80.8,2.1,Medium,Meets,Not Ready
E04117,2024,2.6,98.4,2.4,Medium,Meets,Ready Now
E04117,2025,2.4,76.4,2.4,High,Partially Meets,Ready Now
E04117,2026,2.6,71.9,2.9,Low,Exceeds,Ready Now
E04118,2022,3.4,87.6,3.8,Medium,Exceeds,Not Ready
E04118,2023,3.7,92.0,4.0,High,Meets,Ready 1-2 Years
E04118,2024,4.3,80.9,4.5,Medium,Meets,Ready 1-2 Years
E04118,2025,3.3,77.6,3.1,Medium,Partially Meets,Ready 1-2 Years
E04118,2026,4.1,90.1,4.4,Medium,Partially Meets,Not Ready
E04119,2024,3.0,75.0,2.9,Medium,Exceeds,Ready 1-2 Years
E04119,2025,3.1,72.5,3.2,Medium,Partially Meets,Ready Now
E04119,2026,2.8,88.4,2.8,Medium,Partially Meets,Ready Now
E04120,2026,5.0,93.6,4.6,Medium,Exceeds,Ready 1-2 Years
E04121,2022,2.8,91.7,3.0,High,Exceeds,Ready Now
E04121,2023,2.7,70.3,3.0,Low,Exceeds,Not Ready
E04121,2024,1.9,80.1,1.8,Low,Meets,Ready Now
E04121,2025,2.4,96.2,2.3,Medium,Exceeds,Ready 1-2 Years
E04121,2026,2.1,81.0,2.7,High,Outstanding,Ready Now
E04122,2022,3.8,84.6,3.7,Medium,Exceeds,Ready Now
E04122,2023,3.7,81.3,4.0,Low,Meets,Ready 1-2 Years
E04122,2024,3.6,86.2,3.5,Medium,Meets,Ready Now
E04122,2025,3.1,104.9,2.9,Low,Outstanding,Ready Now
E04122,2026,3.0,78.4,3.0,Medium,Partially Meets,Ready 1-2 Years
E04124,2022,2.9,79.5,3.1,Medium,Meets,Ready 1-2 Years
E04124,2023,2.6,73.1,2.5,High,Partially Meets,Not Ready
E04124,2024,3.0,94.2,3.1,Low,Meets,Ready Now
E04124,2025,3.3,83.3,3.5,High,Meets,Ready 1-2 Years
E04124,2026,2.7,87.5,2.3,Medium,Meets,Ready 1-2 Years
E04125,2022,4.4,100.8,4.4,Low,Outstanding,Not Ready
E04125,2023,4.1,95.6,4.0,Medium,Meets,Ready Now
E04125,2024,5.0,73.3,5.0,High,Outstanding,Ready 1-2 Years
E04125,2025,4.9,96.8,5.0,Medium,Exceeds,Ready Now
E04125,2026,4.8,91.3,4.9,Medium,Outstanding,Not Ready
E04126,2022,3.6,57.3,3.0,Medium,Outstanding,Ready 1-2 Years
E04126,2023,3.5,86.3,3.3,Low,Meets,Not Ready
E04126,2024,3.4,105.3,3.4,Low,Meets,Ready 1-2 Years
E04126,2025,3.9,90.0,4.3,Medium,Exceeds,Ready 1-2 Years
E04126,2026,3.8,97.0,3.7,Medium,Partially Meets,Ready 1-2 Years
E04127,2024,3.6,94.0,3.6,Medium,Outstanding,Ready Now
E04127,2025,3.9,88.1,3.9,High,Exceeds,Not Ready
E04127,2026,3.5,105.5,3.4,Low,Meets,Ready 1-2 Years
E04128,2025,3.1,72.6,3.9,High,Meets,Not Ready
E04128,2026,3.5,81.5,3.2,Medium,Exceeds,Not Ready
E04129,2026,3.0,81.2,2.6,Medium,Meets,Not Ready
E04130,2025,5.0,107.3,5.0,Medium,Meets,Not Ready
E04130,2026,5.0,96.9,5.0,Low,Exceeds,Ready 1-2 Years
E04131,2026,3.3,72.1,3.7,High,Outstanding,Ready Now
E04132,2022,4.4,93.7,4.7,High,Meets,Ready Now
E04132,2023,4.4,67.4,4.6,Medium,Meets,Not Ready
E04132,2024,4.0,86.7,4.2,Medium,Meets,Not Ready
E04132,2025,4.8,94.4,4.8,Medium,Meets,Ready Now
E04132,2026,4.4,91.2,4.6,High,Meets,Ready 1-2 Years
E04133,2026,3.3,91.2,3.2,Low,Exceeds,Ready Now
E04135,2022,4.4,83.8,4.0,High,Outstanding,Ready 1-2 Years
E04135,2023,3.7,89.0,4.0,Low,Outstanding,Ready 1-2 Years
E04135,2024,4.9,97.5,5.0,High,Partially Meets,Not Ready
E04135,2025,4.7,85.9,4.7,High,Meets,Ready Now
E04135,2026,4.7,84.4,5.0,Medium,Partially Meets,Ready 1-2 Years
E04136,2023,3.3,98.7,3.2,Medium,Outstanding,Ready 1-2 Years
E04136,2024,3.5,79.8,3.6,Medium,Meets,Ready 1-2 Years
E04136,2025,3.6,83.6,4.0,High,Meets,Not Ready
E04136,2026,2.7,73.3,2.5,Medium,Meets,Not Ready
E04137,2024,2.8,70.7,2.9,Medium,Meets,Ready 1-2 Years
E04137,2025,3.5,75.0,3.5,Medium,Partially Meets,Ready Now
E04137,2026,2.9,75.6,2.7,Low,Outstanding,Not Ready
E04138,2023,4.1,76.3,4.3,High,Meets,Ready 1-2 Years
E04138,2024,3.9,92.4,3.9,Medium,Exceeds,Ready Now
E04138,2025,4.2,81.7,4.4,High,Meets,Ready 1-2 Years
E04138,2026,3.7,90.5,3.6,Low,Meets,Ready 1-2 Years
E04139,2022,4.5,79.5,3.9,High,Partially Meets,Ready Now
E04139,2023,3.6,83.8,3.2,Low,Meets,Ready 1-2 Years
E04139,2024,3.8,75.1,3.6,Medium,Partially Meets,Ready 1-2 Years
E04139,2025,3.5,108.7,3.4,Low,Exceeds,Ready Now
E04139,2026,4.0,78.3,3.9,Low,Partially Meets,Ready 1-2 Years
E04140,2024,3.9,86.0,4.0,High,Partially Meets,Not Ready
E04140,2025,3.8,81.5,3.5,Medium,Exceeds,Not Ready
E04140,2026,4.3,98.8,4.1,Medium,Exceeds,Not Ready
E04141,2022,1.8,77.6,2.4,Medium,Exceeds,Not Ready
E04141,2023,1.4,68.4,1.7,Medium,Outstanding,Ready Now
E04141,2024,2.0,78.7,2.3,Low,Partially Meets,Ready Now
E04142,2022,4.1,88.7,4.4,Medium,Partially Meets,Ready 1-2 Years
E04142,2023,4.0,78.1,4.2,High,Meets,Not Ready
E04142,2024,4.3,79.3,4.3,High,Exceeds,Not Ready
E04142,2025,4.0,86.3,3.6,Medium,Partially Meets,Not Ready
E04142,2026,4.0,92.0,4.4,Medium,Outstanding,Not Ready
E04143,2025,3.7,98.3,3.7,Medium,Meets,Ready Now
E04143,2026,3.3,86.4,3.0,High,Exceeds,Ready Now
E04144,2024,3.8,68.7,3.8,High,Outstanding,Not Ready
E04144,2025,3.8,87.3,3.4,High,Meets,Ready 1-2 Years
E04144,2026,4.1,93.2,4.1,Medium,Meets,Not Ready
E04145,2025,3.8,92.6,3.6,Low,Outstanding,Ready Now
E04145,2026,3.7,81.1,4.0,Medium,Meets,Ready 1-2 Years
E04146,2026,3.0,85.8,3.2,High,Meets,Ready Now
E04147,2022,2.6,81.9,2.7,Medium,Meets,Not Ready
E04147,2023,2.3,80.0,2.4,Medium,Exceeds,Not Ready
E04147,2024,2.5,66.4,2.3,High,Meets,Ready 1-2 Years
E04147,2025,1.8,67.9,2.3,High,Outstanding,Not Ready
E04147,2026,2.1,87.9,1.7,Medium,Exceeds,Ready Now
E04148,2026,2.6,64.0,2.9,Medium,Meets,Ready Now
E04150,2024,2.2,86.9,2.1,Medium,Exceeds,Ready Now
E04150,2025,2.1,73.2,2.4,Medium,Meets,Not Ready
E04150,2026,2.9,94.9,3.3,High,Outstanding,Not Ready
E04151,2022,3.1,78.7,3.3,Medium,Outstanding,Ready 1-2 Years
E04151,2023,3.4,69.2,3.4,Medium,Outstanding,Ready 1-2 Years
E04151,2024,2.7,74.9,3.0,Medium,Outstanding,Ready 1-2 Years
E04151,2025,3.1,73.0,2.9,Medium,Partially Meets,Ready Now
E04151,2026,3.5,80.4,3.6,Medium,Partially Meets,Not Ready
E04153,2022,3.6,76.8,3.6,Medium,Outstanding,Ready Now
E04153,2023,3.9,92.9,3.9,Medium,Meets,Ready Now
E04153,2024,3.3,105.1,3.5,Medium,Partially Meets,Ready Now
E04153,2025,4.0,77.6,3.5,Medium,Partially Meets,Ready 1-2 Years
E04153,2026,4.0,97.1,4.1,Medium,Exceeds,Ready Now
E04154,2022,1.6,84.7,1.5,High,Outstanding,Ready 1-2 Years
E04154,2023,2.1,67.3,1.7,Medium,Exceeds,Ready 1-2 Years
E04154,2024,2.2,77.6,2.2,Medium,Exceeds,Ready 1-2 Years
E04154,2025,1.7,73.6,1.9,Medium,Partially Meets,Ready Now
E04154,2026,1.7,73.8,1.5,High,Exceeds,Not Ready
E04155,2024,4.3,92.0,4.1,Medium,Outstanding,Ready Now
E04155,2025,3.8,91.8,4.2,Medium,Meets,Ready 1-2 Years
E04155,2026,3.7,81.9,3.9,Medium,Exceeds,Not Ready
E04156,2022,4.3,81.7,4.6,Medium,Partially Meets,Ready 1-2 Years
E04156,2023,4.1,87.1,3.9,Medium,Partially Meets,Not Ready
E04156,2024,4.5,105.8,4.4,Low,Meets,Ready 1-2 Years
E04156,2025,4.0,92.0,3.5,Medium,Outstanding,Not Ready
E04156,2026,4.2,85.5,4.4,Medium,Meets,Not Ready
E04157,2025,2.6,66.3,2.5,Medium,Meets,Not Ready
E04157,2026,3.9,96.0,3.4,Medium,Outstanding,Not Ready
E04158,2026,2.5,91.4,2.2,Medium,Meets,Not Ready
E04159,2022,2.8,80.8,2.6,Medium,Outstanding,Not Ready
E04159,2023,3.0,88.3,2.8,Medium,Meets,Not Ready
E04159,2024,2.9,65.4,3.5,Medium,Exceeds,Not Ready
E04159,2025,3.3,93.8,3.4,Medium,Meets,Ready Now
E04159,2026,3.0,87.7,3.1,Low,Outstanding,Ready Now
E04160,2022,3.6,68.4,3.3,Medium,Exceeds,Ready 1-2 Years
E04160,2023,3.5,88.0,3.9,High,Meets,Ready 1-2 Years
E04160,2024,3.5,82.6,3.3,Low,Meets,Not Ready
E04160,2025,3.3,83.6,2.8,Medium,Meets,Ready 1-2 Years
E04160,2026,4.0,92.8,4.2,Medium,Meets,Not Ready
E04161,2023,2.7,92.8,2.5,Medium,Meets,Ready Now
E04161,2024,2.9,82.7,2.9,Medium,Meets,Ready Now
E04161,2025,3.0,72.9,3.3,Medium,Partially Meets,Ready Now
E04161,2026,3.6,74.9,3.4,Medium,Meets,Ready 1-2 Years
E04162,2025,4.2,84.4,4.1,Medium,Meets,Not Ready
E04162,2026,3.5,65.8,3.3,Medium,Meets,Ready 1-2 Years
E04164,2022,3.2,85.0,3.7,Medium,Meets,Not Ready
E04164,2023,3.3,98.4,3.2,Medium,Meets,Ready Now
E04164,2024,3.9,91.5,4.2,Medium,Outstanding,Ready Now
E04164,2025,2.7,78.7,2.8,Medium,Partially Meets,Ready 1-2 Years
E04164,2026,3.6,88.5,3.6,Medium,Meets,Not Ready
E04165,2022,2.8,78.0,3.3,Medium,Outstanding,Ready Now
E04165,2023,2.9,76.2,3.4,Medium,Meets,Ready 1-2 Years
E04165,2024,3.3,89.0,3.0,High,Meets,Not Ready
E04165,2025,3.2,81.2,3.2,Medium,Meets,Ready Now
E04165,2026,2.9,83.4,2.7,Medium,Exceeds,Ready Now
E04166,2025,3.8,70.6,3.9,Low,Exceeds,Ready 1-2 Years
E04166,2026,4.1,95.9,4.2,Medium,Outstanding,Ready Now
E04167,2026,3.6,95.0,4.0,High,Meets,Not Ready
E04169,2023,2.3,92.8,2.2,Medium,Partially Meets,Not Ready
E04169,2024,2.5,74.8,3.2,High,Exceeds,Ready 1-2 Years
E04169,2025,2.3,59.3,2.4,Medium,Outstanding,Not Ready
E04169,2026,2.4,80.7,2.0,High,Exceeds,Ready 1-2 Years
E04170,2022,3.7,120.0,4.1,Low,Partially Meets,Not Ready
E04170,2023,3.9,89.0,4.5,Medium,Meets,Ready Now
E04170,2024,3.9,78.0,4.1,Medium,Partially Meets,Ready Now
E04170,2025,3.8,65.1,3.8,Medium,Meets,Ready Now
E04170,2026,3.6,90.3,3.9,Medium,Meets,Not Ready
E04171,2023,1.1,62.1,1.0,High,Meets,Ready 1-2 Years
E04171,2024,1.0,63.6,1.0,Medium,Meets,Ready Now
E04171,2025,1.0,64.1,1.6,Medium,Exceeds,Ready 1-2 Years
E04171,2026,1.0,50.9,1.5,Medium,Partially Meets,Not Ready
E04172,2022,2.9,92.9,3.0,High,Outstanding,Not Ready
E04172,2023,3.2,91.0,3.0,Medium,Outstanding,Ready 1-2 Years
E04172,2024,3.0,96.1,3.0,High,Exceeds,Ready Now
E04172,2025,2.6,77.6,2.5,Medium,Exceeds,Ready 1-2 Years
E04172,2026,3.0,63.7,2.5,Medium,Exceeds,Ready Now
E04173,2022,4.4,94.1,4.4,Medium,Exceeds,Ready 1-2 Years
E04173,2023,4.2,89.2,4.5,Medium,Partially Meets,Ready Now
E04173,2024,4.5,79.7,4.8,Medium,Exceeds,Ready 1-2 Years
E04173,2025,4.8,81.8,4.5,Low,Exceeds,Ready Now
E04173,2026,4.6,102.0,4.7,High,Outstanding,Ready 1-2 Years
E04174,2023,2.8,71.0,2.4,Medium,Exceeds,Not Ready
E04175,2022,3.2,71.8,2.9,High,Partially Meets,Ready 1-2 Years
E04175,2023,3.3,81.9,3.2,Low,Meets,Ready Now
E04175,2024,3.3,76.6,3.4,Medium,Meets,Ready Now
E04175,2025,2.8,76.1,2.6,Low,Partially Meets,Not Ready
E04175,2026,3.6,87.3,3.2,Medium,Meets,Not Ready
E04176,2022,3.2,95.5,3.2,High,Outstanding,Not Ready
E04176,2023,2.7,95.5,2.1,High,Meets,Not Ready
E04176,2024,3.0,73.8,2.9,Medium,Meets,Ready 1-2 Years
E04177,2022,4.3,97.0,4.1,Low,Outstanding,Not Ready
E04177,2023,3.6,79.7,4.1,High,Partially Meets,Ready Now
E04177,2024,4.1,68.3,3.9,High,Meets,Ready Now
E04177,2025,3.9,84.6,3.9,Medium,Outstanding,Not Ready
E04177,2026,4.0,92.1,3.9,Medium,Exceeds,Ready 1-2 Years
E04178,2026,4.1,76.3,3.7,Medium,Meets,Ready Now
E04179,2023,4.3,74.6,4.3,Medium,Partially Meets,Ready Now
E04179,2024,3.9,95.7,3.6,Medium,Partially Meets,Ready 1-2 Years
E04179,2025,4.1,94.3,4.0,Medium,Outstanding,Ready 1-2 Years
E04179,2026,4.3,87.5,4.4,Low,Outstanding,Ready 1-2 Years
E04181,2022,4.9,96.5,5.0,Medium,Meets,Ready 1-2 Years
E04181,2023,5.0,87.9,4.6,Medium,Exceeds,Not Ready
E04181,2024,5.0,105.2,4.9,Low,Meets,Ready Now
E04181,2025,5.0,84.4,4.6,Medium,Meets,Ready Now
E04181,2026,5.0,84.2,5.0,Medium,Meets,Ready Now
E04182,2025,1.4,66.2,1.2,High,Exceeds,Ready Now
E04182,2026,1.4,87.4,1.4,Medium,Meets,Not Ready
E04183,2023,2.7,54.3,3.0,Medium,Outstanding,Ready 1-2 Years
E04183,2024,2.8,62.6,2.7,Low,Outstanding,Not Ready
E04183,2025,2.4,82.5,2.5,Medium,Partially Meets,Not Ready
E04183,2026,2.4,79.1,2.6,Medium,Outstanding,Not Ready
E04184,2026,3.5,75.5,3.5,Medium,Outstanding,Ready 1-2 Years
E04186,2022,2.9,92.5,2.5,Medium,Partially Meets,Not Ready
E04186,2023,2.7,64.2,2.5,Medium,Partially Meets,Not Ready
E04186,2024,3.1,106.3,2.8,Medium,Outstanding,Not Ready
E04186,2025,2.1,79.4,1.5,High,Exceeds,Ready Now
E04186,2026,2.5,75.1,2.9,High,Meets,Not Ready
E04187,2023,3.2,91.0,2.8,Medium,Exceeds,Ready 1-2 Years
E04187,2024,3.9,96.9,3.8,High,Partially Meets,Ready 1-2 Years
E04187,2025,3.6,98.8,3.3,High,Partially Meets,Not Ready
E04187,2026,3.5,69.7,3.1,Medium,Partially Meets,Ready Now
E04188,2022,4.2,77.8,4.1,Medium,Meets,Ready Now
E04188,2023,4.1,97.4,4.1,Medium,Partially Meets,Not Ready
E04188,2024,4.2,93.9,4.0,Low,Outstanding,Not Ready
E04188,2025,4.1,97.3,3.9,Medium,Meets,Not Ready
E04188,2026,4.7,97.5,5.0,High,Partially Meets,Not Ready
E04189,2022,3.0,89.0,3.4,Medium,Outstanding,Ready Now
E04189,2023,3.6,80.6,3.9,Low,Meets,Ready Now
E04189,2024,3.2,90.5,3.0,Medium,Outstanding,Not Ready
E04189,2025,3.3,96.6,3.4,Low,Partially Meets,Not Ready
E04189,2026,3.6,82.7,3.2,Medium,Meets,Ready 1-2 Years
E04191,2022,2.1,67.7,2.7,High,Meets,Ready 1-2 Years
E04191,2023,2.1,92.1,2.1,Medium,Meets,Ready 1-2 Years
E04191,2024,2.5,81.3,2.7,Low,Outstanding,Ready 1-2 Years
E04191,2025,3.3,90.0,3.2,Low,Exceeds,Not Ready
E04191,2026,2.9,89.1,3.2,Medium,Partially Meets,Not Ready
E04192,2026,2.7,95.6,2.9,Medium,Exceeds,Ready 1-2 Years
E04193,2024,3.2,105.7,2.8,High,Meets,Not Ready
E04193,2025,2.7,87.3,2.3,Medium,Exceeds,Ready Now
E04193,2026,3.0,78.2,2.7,High,Meets,Ready 1-2 Years
E04194,2022,3.0,97.3,2.5,Medium,Meets,Not Ready
E04194,2023,3.3,92.7,3.5,Medium,Exceeds,Ready 1-2 Years
E04194,2024,3.2,89.8,2.9,Medium,Exceeds,Ready Now
E04194,2025,3.0,74.0,3.1,High,Partially Meets,Ready 1-2 Years
E04194,2026,3.0,74.6,2.9,Low,Meets,Not Ready
E04195,2026,3.5,72.8,3.5,High,Exceeds,Not Ready
E04196,2025,3.6,80.0,3.4,High,Meets,Not Ready
E04196,2026,3.5,94.7,3.0,Medium,Partially Meets,Ready Now
E04197,2026,4.7,85.4,5.0,Medium,Outstanding,Ready 1-2 Years
E04198,2022,3.2,90.4,3.3,Medium,Meets,Ready 1-2 Years
E04198,2023,3.1,96.8,3.2,Medium,Outstanding,Not Ready
E04198,2024,3.2,82.7,2.7,Medium,Exceeds,Not Ready
E04198,2025,2.9,61.3,2.7,High,Outstanding,Ready 1-2 Years
E04198,2026,2.5,89.6,2.4,Medium,Partially Meets,Ready Now
E04199,2022,2.5,95.7,2.7,Low,Meets,Not Ready
E04199,2023,3.1,81.0,3.5,Low,Partially Meets,Not Ready
E04199,2024,3.3,72.8,3.3,Medium,Exceeds,Ready 1-2 Years
E04200,2022,3.7,105.6,3.6,Low,Meets,Ready 1-2 Years
E04200,2023,3.4,69.8,3.4,Medium,Meets,Ready Now
E04200,2024,3.5,88.9,3.3,Medium,Exceeds,Ready Now
E04200,2025,3.6,88.0,3.6,High,Outstanding,Ready 1-2 Years
E04200,2026,4.1,92.0,4.0,Low,Outstanding,Ready 1-2 Years
E04201,2022,3.9,92.8,4.0,Medium,Meets,Not Ready
E04201,2023,3.6,82.8,3.7,High,Meets,Ready Now
E04201,2024,3.9,108.9,4.5,Low,Meets,Ready Now
E04201,2025,3.9,86.9,4.0,Medium,Meets,Ready 1-2 Years
E04201,2026,4.2,95.6,4.4,Medium,Partially Meets,Ready 1-2 Years
E04202,2025,4.4,86.0,4.2,Medium,Partially Meets,Not Ready
E04202,2026,4.1,78.3,3.7,High,Partially Meets,Ready Now
E04203,2022,4.5,89.4,4.2,Low,Outstanding,Ready 1-2 Years
E04203,2023,3.9,109.8,4.4,Low,Exceeds,Ready 1-2 Years
E04203,2024,3.8,82.8,3.6,Medium,Exceeds,Ready Now
E04203,2025,4.1,78.6,3.6,High,Meets,Ready Now
E04203,2026,3.7,67.8,3.6,Medium,Meets,Ready Now
E04204,2022,2.2,88.4,2.6,Medium,Meets,Not Ready
E04204,2023,3.0,73.5,2.7,High,Outstanding,Ready 1-2 Years
E04204,2024,2.4,89.9,2.5,Medium,Exceeds,Ready Now
E04205,2022,3.2,88.9,3.2,High,Exceeds,Ready 1-2 Years
E04205,2023,2.9,101.2,2.7,Medium,Meets,Ready Now
E04205,2024,2.5,76.4,2.7,Medium,Outstanding,Ready 1-2 Years
E04205,2025,2.8,77.8,2.7,Medium,Partially Meets,Ready Now
E04205,2026,2.2,81.5,2.2,Low,Meets,Not Ready
E04206,2026,3.5,63.7,3.6,Medium,Meets,Ready Now
E04207,2022,3.5,96.3,2.9,Medium,Exceeds,Not Ready
E04207,2023,3.6,91.6,3.0,Medium,Partially Meets,Ready 1-2 Years
E04207,2024,3.7,76.8,3.5,High,Meets,Ready Now
E04207,2025,3.8,90.6,4.5,Medium,Meets,Ready Now
E04207,2026,4.1,77.8,4.5,Low,Partially Meets,Ready Now
E04208,2022,4.2,88.5,4.3,Medium,Meets,Ready 1-2 Years
E04208,2023,4.5,94.0,4.2,Medium,Partially Meets,Ready Now
E04208,2024,4.2,82.7,4.3,Medium,Meets,Ready Now
E04208,2025,4.5,102.2,4.6,Medium,Partially Meets,Ready 1-2 Years
E04208,2026,4.0,73.8,3.9,High,Exceeds,Ready 1-2 Years
E04209,2022,3.3,68.8,3.6,Medium,Meets,Not Ready
E04209,2023,3.0,59.8,2.6,High,Exceeds,Not Ready
E04209,2024,2.9,68.7,2.9,High,Meets,Ready 1-2 Years
E04209,2025,2.1,86.1,1.8,Medium,Outstanding,Not Ready
E04209,2026,3.0,90.7,2.8,High,Outstanding,Not Ready
E04210,2022,3.2,73.7,3.2,Medium,Partially Meets,Ready 1-2 Years
E04210,2023,3.7,93.6,4.0,Medium,Meets,Not Ready
E04210,2024,3.1,89.9,3.0,High,Partially Meets,Ready 1-2 Years
E04210,2025,2.9,75.8,2.8,Medium,Outstanding,Ready 1-2 Years
E04210,2026,3.2,65.7,2.8,Medium,Meets,Not Ready
E04211,2022,3.4,67.6,3.1,Medium,Meets,Ready 1-2 Years
E04211,2023,2.9,78.6,3.0,Medium,Partially Meets,Not Ready
E04211,2024,2.7,96.3,2.4,High,Meets,Ready Now
E04211,2025,2.7,96.9,2.8,Low,Exceeds,Ready Now
E04211,2026,2.5,76.5,2.2,Medium,Partially Meets,Ready Now
E04212,2026,2.7,74.9,2.3,Low,Meets,Ready Now
E04213,2023,3.2,88.6,3.0,Medium,Meets,Ready 1-2 Years
E04213,2024,3.9,87.3,3.7,Medium,Meets,Ready 1-2 Years
E04213,2025,4.3,91.1,4.3,Low,Meets,Not Ready
E04213,2026,3.4,81.3,3.8,Low,Meets,Ready Now
E04214,2026,2.9,72.2,3.1,Low,Meets,Ready Now
E04215,2023,3.8,85.6,4.2,Low,Outstanding,Not Ready
E04215,2024,4.1,92.1,4.1,Medium,Meets,Not Ready
E04215,2025,4.1,83.3,4.1,Medium,Outstanding,Ready Now
E04215,2026,4.7,100.7,4.6,Low,Outstanding,Ready Now
E04216,2023,3.1,89.8,2.8,High,Exceeds,Not Ready
E04216,2024,3.6,79.7,3.3,Medium,Meets,Not Ready
E04216,2025,3.3,68.9,3.5,Medium,Meets,Ready Now
E04216,2026,3.4,74.9,3.6,Medium,Meets,Ready 1-2 Years
E04217,2023,3.8,96.2,3.8,Medium,Outstanding,Ready Now
E04217,2024,3.1,90.7,2.7,Medium,Partially Meets,Ready 1-2 Years
E04217,2025,2.4,80.5,2.5,High,Partially Meets,Ready 1-2 Years
E04217,2026,4.2,92.7,4.4,High,Outstanding,Ready Now
E04218,2023,2.4,75.7,2.5,Medium,Meets,Not Ready
E04218,2024,2.1,83.7,2.1,Medium,Outstanding,Ready Now
E04218,2025,1.8,58.4,2.8,Low,Meets,Ready 1-2 Years
E04218,2026,2.2,67.7,2.5,High,Meets,Not Ready
E04219,2022,3.8,72.5,3.7,Low,Exceeds,Ready Now
E04219,2023,3.7,98.5,4.3,Low,Exceeds,Ready Now
E04219,2024,3.5,67.2,3.6,Medium,Meets,Not Ready
E04219,2025,3.2,78.2,3.8,Medium,Exceeds,Ready Now
E04219,2026,2.9,85.2,3.3,Medium,Exceeds,Not Ready
E04220,2026,2.7,88.4,3.1,Low,Exceeds,Ready Now
E04222,2023,3.8,94.4,3.5,Medium,Meets,Ready 1-2 Years
E04222,2024,4.1,89.9,3.8,Medium,Partially Meets,Ready Now
E04222,2025,4.7,93.2,4.4,High,Meets,Not Ready
E04222,2026,4.4,99.1,4.5,High,Meets,Ready 1-2 Years
E04223,2025,3.8,81.3,3.9,High,Outstanding,Ready Now
E04223,2026,3.5,89.0,3.3,Low,Meets,Ready 1-2 Years
E04224,2024,3.2,66.6,3.4,Medium,Partially Meets,Not Ready
E04224,2025,3.5,72.3,3.7,Medium,Exceeds,Ready 1-2 Years
E04224,2026,2.9,69.8,3.0,High,Meets,Ready 1-2 Years
E04225,2022,4.0,91.5,4.1,Medium,Exceeds,Ready 1-2 Years
E04225,2023,4.6,104.0,4.5,Medium,Meets,Ready 1-2 Years
E04225,2024,4.3,86.4,4.0,Medium,Partially Meets,Not Ready
E04225,2025,4.7,89.0,5.0,High,Meets,Ready 1-2 Years
E04225,2026,3.8,89.0,3.8,Medium,Partially Meets,Ready Now
E04226,2022,4.0,97.4,3.9,Medium,Meets,Not Ready
E04226,2023,4.1,79.9,4.1,Medium,Exceeds,Ready Now
E04226,2024,3.5,87.6,3.3,Medium,Partially Meets,Ready 1-2 Years
E04226,2025,4.3,89.9,4.4,Medium,Outstanding,Ready Now
E04226,2026,4.5,80.8,4.0,Medium,Meets,Ready 1-2 Years
E04227,2025,3.6,85.9,3.3,Medium,Meets,Ready Now
E04227,2026,3.9,93.8,4.0,Low,Partially Meets,Ready Now
E04228,2022,3.7,99.3,3.6,Medium,Meets,Ready Now
E04228,2023,4.7,96.1,4.7,Medium,Outstanding,Not Ready
E04228,2024,3.7,79.7,3.6,Medium,Partially Meets,Not Ready
E04228,2025,3.6,96.1,3.7,Medium,Meets,Not Ready
E04228,2026,4.3,94.8,4.3,Low,Partially Meets,Ready 1-2 Years
E04229,2023,3.3,94.0,3.0,Low,Meets,Not Ready
E04230,2025,3.1,84.1,2.5,Medium,Meets,Ready 1-2 Years
E04230,2026,3.2,92.9,4.0,High,Meets,Ready Now
E04231,2022,3.1,85.1,3.1,High,Exceeds,Not Ready
E04231,2023,3.6,76.4,3.0,Medium,Exceeds,Ready Now
E04231,2024,3.0,98.7,3.1,Medium,Meets,Ready 1-2 Years
E04231,2025,2.8,79.1,2.5,Medium,Meets,Ready Now
E04232,2023,4.1,88.1,3.5,Low,Exceeds,Ready 1-2 Years
E04235,2024,2.8,66.5,3.0,High,Exceeds,Not Ready
E04235,2025,2.3,77.1,2.5,Medium,Outstanding,Not Ready
E04235,2026,3.5,71.4,3.4,Medium,Outstanding,Ready 1-2 Years
E04236,2022,4.0,85.9,4.0,Medium,Partially Meets,Ready 1-2 Years
E04236,2023,3.5,88.2,2.8,Medium,Exceeds,Ready 1-2 Years
E04236,2024,2.9,86.5,2.9,Medium,Meets,Ready 1-2 Years
E04236,2025,3.9,80.3,4.0,High,Outstanding,Not Ready
E04236,2026,3.6,113.6,3.4,Medium,Outstanding,Ready 1-2 Years
E04237,2022,4.0,77.5,3.9,Medium,Meets,Ready Now
E04237,2023,3.4,92.8,3.2,Medium,Meets,Ready 1-2 Years
E04237,2024,3.2,63.2,3.1,Medium,Meets,Ready 1-2 Years
E04238,2024,2.8,81.6,2.5,Low,Meets,Not Ready
E04238,2025,3.1,86.1,2.7,Medium,Meets,Not Ready
E04238,2026,2.9,84.7,3.0,Medium,Meets,Ready Now
E04239,2023,2.3,76.2,2.9,Medium,Meets,Ready 1-2 Years
E04239,2024,3.0,86.0,3.1,Medium,Outstanding,Ready 1-2 Years
E04239,2025,2.8,82.8,2.6,High,Meets,Ready 1-2 Years
E04239,2026,2.8,100.8,2.8,Medium,Exceeds,Ready Now
E04240,2024,2.8,84.1,3.2,Medium,Outstanding,Ready Now
E04240,2025,4.0,96.0,3.7,Medium,Meets,Ready 1-2 Years
E04240,2026,3.3,82.0,3.3,Low,Meets,Not Ready
E04241,2022,3.0,70.9,2.6,Medium,Partially Meets,Ready Now
E04241,2023,3.8,85.1,3.8,Low,Exceeds,Ready Now
E04241,2024,3.0,84.3,3.2,Low,Partially Meets,Ready 1-2 Years
E04241,2025,3.8,94.5,3.6,Medium,Exceeds,Ready Now
E04241,2026,3.7,89.2,3.8,Medium,Meets,Not Ready
E04242,2025,4.2,102.2,4.4,Medium,Outstanding,Ready 1-2 Years
E04242,2026,4.3,79.7,4.5,Medium,Exceeds,Not Ready
E04243,2022,2.8,102.0,2.7,Low,Partially Meets,Ready 1-2 Years
E04243,2023,3.1,85.2,3.2,High,Meets,Not Ready
E04244,2025,3.8,67.9,4.2,Medium,Outstanding,Not Ready
E04244,2026,3.6,87.7,3.6,Medium,Partially Meets,Not Ready
E04245,2022,2.7,94.8,2.7,Medium,Outstanding,Ready Now
E04245,2023,2.8,54.7,2.7,High,Meets,Ready 1-2 Years
E04245,2024,2.4,74.4,3.2,Medium,Meets,Ready 1-2 Years
E04245,2025,2.6,86.9,2.4,High,Meets,Ready 1-2 Years
E04245,2026,3.8,87.0,3.6,High,Partially Meets,Ready 1-2 Years
E04246,2025,3.2,92.1,2.5,Medium,Meets,Ready 1-2 Years
E04246,2026,3.5,72.3,3.2,Medium,Outstanding,Not Ready
E04247,2024,4.0,105.3,4.5,Medium,Meets,Not Ready
E04247,2025,3.8,83.8,3.8,Medium,Exceeds,Not Ready
E04247,2026,4.0,82.5,4.0,High,Outstanding,Ready Now
E04248,2022,2.5,71.6,2.7,Low,Partially Meets,Ready Now
E04248,2023,3.3,95.5,3.6,Low,Meets,Not Ready
E04248,2024,3.1,97.7,3.0,High,Partially Meets,Ready 1-2 Years
E04248,2025,3.1,101.3,3.1,Medium,Exceeds,Ready Now
E04248,2026,3.3,103.6,3.4,Medium,Partially Meets,Ready Now
E04249,2025,2.8,64.8,2.5,Low,Outstanding,Ready 1-2 Years
E04249,2026,2.9,80.6,3.0,Low,Meets,Ready Now
E04250,2024,3.6,88.8,3.1,Medium,Meets,Ready Now
E04250,2025,3.6,82.8,3.8,Medium,Partially Meets,Ready 1-2 Years
E04250,2026,4.1,82.7,4.3,Medium,Exceeds,Not Ready
E04251,2026,4.6,97.2,4.9,Medium,Partially Meets,Ready Now
E04253,2022,3.2,73.6,3.1,Medium,Meets,Ready Now
E04253,2023,3.2,76.7,2.9,Medium,Outstanding,Ready 1-2 Years
E04253,2024,3.5,91.7,3.3,Low,Meets,Ready Now
E04253,2025,3.8,83.2,3.4,Low,Partially Meets,Ready Now
E04253,2026,2.8,85.7,2.9,Medium,Outstanding,Ready 1-2 Years
E04254,2022,4.0,89.9,4.2,Low,Meets,Not Ready
E04254,2023,3.5,88.0,3.9,Medium,Exceeds,Ready Now
E04254,2024,3.5,91.0,3.7,High,Outstanding,Ready 1-2 Years
E04254,2025,3.5,90.5,3.1,Medium,Outstanding,Ready 1-2 Years
E04255,2022,3.9,81.5,3.6,Low,Meets,Ready 1-2 Years
E04255,2023,4.2,81.1,3.7,Medium,Outstanding,Not Ready
E04255,2024,3.5,76.0,3.7,Medium,Meets,Not Ready
E04255,2025,3.5,78.1,3.7,Low,Outstanding,Ready 1-2 Years
E04255,2026,3.6,73.0,2.7,Medium,Meets,Not Ready
E04256,2022,1.2,74.5,1.1,Medium,Meets,Not Ready
E04256,2023,1.2,83.0,1.5,Medium,Meets,Ready Now
E04256,2024,1.4,74.8,2.0,Medium,Meets,Ready 1-2 Years
E04256,2025,1.6,88.0,2.1,Medium,Meets,Not Ready
E04256,2026,1.7,67.8,1.7,Low,Exceeds,Ready 1-2 Years
E04257,2022,3.1,92.8,3.1,Medium,Meets,Not Ready
E04257,2023,3.2,73.0,2.9,Medium,Meets,Ready 1-2 Years
E04257,2024,3.0,62.8,3.4,Medium,Outstanding,Ready Now
E04257,2025,2.5,73.8,2.4,Medium,Meets,Not Ready
E04257,2026,2.7,75.5,3.2,High,Exceeds,Not Ready
E04258,2022,2.2,69.5,2.5,Low,Partially Meets,Not Ready
E04258,2023,2.0,63.1,2.2,Low,Partially Meets,Ready Now
E04259,2025,2.9,89.3,2.7,Medium,Outstanding,Not Ready
E04259,2026,3.3,78.9,3.3,Medium,Outstanding,Not Ready
E04260,2022,3.8,69.1,3.5,Medium,Outstanding,Ready Now
E04260,2023,3.8,101.5,3.9,Low,Partially Meets,Ready 1-2 Years
E04260,2024,3.8,81.0,4.0,High,Partially Meets,Ready Now
E04260,2025,4.0,74.5,3.6,Medium,Exceeds,Not Ready
E04260,2026,3.2,93.9,3.3,Medium,Partially Meets,Ready 1-2 Years
E04261,2026,2.7,66.4,2.4,Low,Exceeds,Not Ready
E04262,2025,3.7,83.3,3.6,Low,Exceeds,Not Ready
E04262,2026,4.3,100.5,4.4,Low,Partially Meets,Not Ready
E04263,2022,3.5,89.0,3.2,Low,Exceeds,Ready 1-2 Years
E04263,2023,3.1,65.8,3.0,Medium,Outstanding,Ready Now
E04263,2024,3.2,75.1,2.9,Medium,Exceeds,Ready 1-2 Years
E04263,2025,3.5,92.3,3.8,Medium,Partially Meets,Not Ready
E04263,2026,3.5,73.6,3.3,Low,Exceeds,Not Ready
E04264,2022,3.4,88.1,3.3,Medium,Meets,Ready Now
E04264,2023,2.9,92.1,3.1,Low,Exceeds,Ready 1-2 Years
E04264,2024,3.1,97.6,3.1,High,Exceeds,Ready 1-2 Years
E04264,2025,2.5,69.8,2.4,Medium,Meets,Ready 1-2 Years
E04264,2026,2.7,68.2,3.0,Medium,Meets,Not Ready
E04265,2023,2.1,80.2,2.3,High,Meets,Ready Now
E04265,2024,1.8,83.7,2.1,Medium,Partially Meets,Ready 1-2 Years
E04265,2025,2.1,64.7,2.7,Medium,Meets,Ready Now
E04266,2024,3.9,76.3,4.5,High,Meets,Not Ready
E04266,2025,3.3,77.9,3.5,High,Meets,Ready 1-2 Years
E04266,2026,2.3,90.7,2.1,Medium,Meets,Ready 1-2 Years
E04267,2022,4.4,81.8,4.9,Medium,Meets,Ready Now
E04267,2023,4.0,79.4,4.2,Medium,Partially Meets,Ready 1-2 Years
E04267,2024,4.8,85.2,4.6,High,Outstanding,Not Ready
E04267,2025,4.2,93.2,4.3,Medium,Meets,Not Ready
E04267,2026,4.7,84.5,4.3,Medium,Outstanding,Ready 1-2 Years
E04268,2022,4.0,69.0,4.3,Low,Outstanding,Ready 1-2 Years
E04268,2023,4.3,86.0,4.1,Medium,Meets,Ready 1-2 Years
E04268,2024,4.3,92.3,4.5,Medium,Meets,Not Ready
E04268,2025,3.6,67.4,3.9,Medium,Meets,Not Ready
E04268,2026,3.8,75.4,3.8,Medium,Meets,Ready 1-2 Years
E04269,2025,4.1,97.2,4.2,Medium,Meets,Not Ready
E04269,2026,3.9,82.8,4.2,Low,Meets,Ready 1-2 Years
E04270,2022,4.2,84.7,4.0,Low,Exceeds,Ready 1-2 Years
E04270,2023,4.2,85.9,3.6,Medium,Exceeds,Not Ready
E04270,2024,4.1,90.1,4.0,Medium,Meets,Ready 1-2 Years
E04270,2025,4.4,96.7,4.9,Medium,Partially Meets,Ready Now
E04270,2026,4.4,96.0,4.5,Medium,Meets,Ready Now
E04271,2022,3.8,89.2,3.7,Medium,Exceeds,Ready 1-2 Years
E04271,2023,3.8,86.1,3.7,Medium,Partially Meets,Not Ready
E04271,2024,3.7,101.6,3.4,Medium,Meets,Ready Now
E04272,2024,3.1,81.6,3.2,Medium,Outstanding,Ready 1-2 Years
E04272,2025,2.7,86.7,2.5,Medium,Partially Meets,Not Ready
E04272,2026,2.7,84.6,2.4,High,Exceeds,Ready 1-2 Years
E04273,2022,4.4,73.7,4.3,Medium,Meets,Ready 1-2 Years
E04273,2023,4.1,93.1,4.7,High,Outstanding,Ready Now
E04273,2024,4.0,95.3,3.4,Medium,Meets,Ready 1-2 Years
E04273,2025,4.6,98.5,4.6,Medium,Outstanding,Ready Now
E04273,2026,3.9,64.0,3.8,Medium,Meets,Not Ready
E04274,2022,4.9,101.2,5.0,Medium,Outstanding,Ready Now
E04274,2023,4.6,93.6,5.0,Medium,Meets,Ready 1-2 Years
E04274,2024,3.7,91.7,4.6,Medium,Outstanding,Not Ready
E04274,2025,4.6,88.9,5.0,Medium,Meets,Not Ready
E04274,2026,4.6,79.9,4.7,High,Meets,Ready Now
E04275,2022,3.4,95.5,3.0,Medium,Meets,Ready Now
E04276,2022,4.6,83.3,4.7,Medium,Meets,Not Ready
E04276,2023,4.2,90.6,4.2,Medium,Meets,Ready 1-2 Years
E04276,2024,4.2,94.1,4.3,Medium,Outstanding,Not Ready
E04276,2025,4.8,101.8,4.3,Medium,Exceeds,Ready Now
E04276,2026,4.4,87.0,4.5,Medium,Outstanding,Not Ready
E04277,2024,3.7,93.5,3.5,High,Meets,Ready Now
E04277,2025,3.9,82.5,3.7,Medium,Partially Meets,Ready Now
E04279,2022,4.5,92.5,4.5,Medium,Exceeds,Ready Now
E04279,2023,4.9,98.2,5.0,Low,Meets,Not Ready
E04279,2024,4.0,89.7,4.2,High,Meets,Ready Now
E04279,2025,4.2,79.5,4.4,Medium,Partially Meets,Not Ready
E04279,2026,4.6,93.2,4.3,Low,Meets,Ready Now
E04280,2022,3.7,90.6,3.6,Medium,Partially Meets,Ready Now
E04282,2025,2.7,80.9,2.7,Medium,Meets,Ready 1-2 Years
E04282,2026,3.1,92.5,2.8,Medium,Exceeds,Ready 1-2 Years
E04283,2022,3.5,89.6,3.2,Medium,Meets,Ready Now
E04283,2023,3.4,73.2,3.1,Low,Meets,Ready 1-2 Years
E04283,2024,3.0,84.1,3.3,Medium,Partially Meets,Ready 1-2 Years
E04283,2025,3.6,86.5,4.4,Low,Exceeds,Ready 1-2 Years
E04283,2026,2.9,84.0,2.5,Low,Meets,Not Ready
E04284,2022,3.1,88.5,2.9,Low,Meets,Not Ready
E04284,2023,4.1,78.7,4.1,Medium,Meets,Ready 1-2 Years
E04284,2024,3.4,76.9,3.4,Medium,Meets,Not Ready
E04284,2025,3.8,82.5,4.2,High,Exceeds,Ready Now
E04284,2026,3.9,99.6,4.1,Medium,Partially Meets,Ready Now
E04285,2024,2.3,75.4,2.1,Medium,Meets,Ready Now
E04285,2025,2.5,72.4,2.8,High,Meets,Ready 1-2 Years
E04285,2026,3.3,77.4,3.2,Low,Partially Meets,Not Ready
E04286,2022,2.1,66.1,2.1,High,Meets,Not Ready
E04286,2023,2.3,95.8,2.0,Medium,Exceeds,Ready 1-2 Years
E04288,2022,2.7,68.6,3.1,Medium,Meets,Ready 1-2 Years
E04288,2023,2.8,66.0,2.7,High,Meets,Ready 1-2 Years
E04288,2024,3.2,70.7,2.7,Medium,Outstanding,Ready 1-2 Years
E04288,2025,2.7,91.0,2.4,Medium,Partially Meets,Ready Now
E04288,2026,3.0,77.9,3.5,Low,Meets,Ready Now
E04290,2022,2.9,86.0,2.5,Medium,Meets,Ready Now
E04290,2023,3.3,89.4,2.8,High,Meets,Not Ready
E04290,2024,3.0,77.1,3.5,Medium,Outstanding,Ready 1-2 Years
E04290,2025,3.9,89.5,3.6,High,Meets,Ready Now
E04290,2026,3.5,78.3,3.9,Low,Partially Meets,Not Ready
E04291,2022,3.2,62.1,3.1,Low,Meets,Not Ready
E04291,2023,3.5,92.5,2.9,High,Exceeds,Ready Now
E04291,2024,2.4,89.9,2.0,High,Exceeds,Not Ready
E04292,2023,4.9,107.9,5.0,Medium,Meets,Not Ready
E04292,2024,3.8,71.9,3.5,Medium,Outstanding,Ready 1-2 Years
E04292,2025,4.6,104.7,4.5,Medium,Partially Meets,Not Ready
E04292,2026,3.7,97.8,4.0,Low,Meets,Ready 1-2 Years
E04293,2024,4.3,83.8,4.3,High,Exceeds,Ready 1-2 Years
E04293,2025,5.0,85.8,5.0,Medium,Meets,Ready 1-2 Years
E04293,2026,5.0,96.7,5.0,Medium,Exceeds,Ready Now
E04294,2022,2.8,94.6,3.2,Medium,Meets,Ready 1-2 Years
E04294,2023,2.6,79.5,2.3,Low,Meets,Ready 1-2 Years
E04294,2024,1.2,86.6,1.5,Medium,Exceeds,Ready 1-2 Years
E04294,2025,2.1,67.1,2.1,Medium,Outstanding,Not Ready
E04294,2026,2.0,80.1,2.0,High,Exceeds,Ready 1-2 Years
E04296,2022,4.0,93.9,3.8,Medium,Meets,Ready 1-2 Years
E04296,2023,3.8,84.4,3.8,Medium,Meets,Ready 1-2 Years
E04296,2024,3.3,94.6,3.3,Low,Partially Meets,Not Ready
E04296,2025,3.5,83.7,3.9,High,Meets,Ready Now
E04296,2026,3.2,98.1,3.7,Medium,Meets,Ready Now
E04297,2022,3.9,81.7,3.8,Medium,Meets,Ready 1-2 Years
E04297,2023,3.5,82.6,3.9,Medium,Meets,Ready Now
E04297,2024,3.8,99.6,3.7,Medium,Exceeds,Ready 1-2 Years
E04297,2025,4.3,92.0,4.2,Medium,Outstanding,Ready 1-2 Years
E04297,2026,3.4,91.9,3.1,Low,Exceeds,Ready Now
E04298,2022,3.7,91.9,3.4,Medium,Partially Meets,Not Ready
E04298,2023,2.9,86.7,2.3,Low,Outstanding,Not Ready
E04298,2024,3.6,83.3,3.8,Medium,Outstanding,Ready 1-2 Years
E04298,2025,3.3,94.6,3.3,Medium,Meets,Not Ready
E04298,2026,3.3,86.2,3.8,Medium,Exceeds,Ready Now
E04299,2022,4.7,88.8,4.3,Medium,Partially Meets,Ready Now
E04299,2023,4.9,105.9,5.0,Medium,Partially Meets,Ready Now
E04299,2024,5.0,90.5,4.9,Medium,Partially Meets,Ready Now
E04299,2025,4.1,103.7,3.9,Medium,Meets,Ready Now
E04299,2026,4.5,99.7,4.8,Low,Meets,Ready 1-2 Years
E04300,2022,3.7,70.3,4.0,Medium,Partially Meets,Not Ready
E04300,2023,3.5,77.8,3.2,Medium,Outstanding,Ready Now
E04300,2024,3.1,68.8,2.4,Medium,Meets,Ready Now
E04300,2025,3.2,84.0,3.6,Low,Outstanding,Not Ready
E04300,2026,3.7,77.6,4.1,Medium,Meets,Not Ready
E04301,2022,3.6,95.0,3.8,Low,Outstanding,Ready 1-2 Years
E04301,2023,3.8,81.9,3.9,Low,Exceeds,Ready 1-2 Years
E04301,2024,3.7,76.7,3.7,Medium,Outstanding,Not Ready
E04301,2025,4.3,101.9,4.3,Low,Meets,Ready Now
E04301,2026,4.0,93.3,3.9,Medium,Meets,Not Ready
E04302,2022,3.1,74.0,2.5,Medium,Meets,Ready 1-2 Years
E04302,2023,3.0,76.2,3.2,Medium,Meets,Not Ready
E04302,2024,3.4,85.0,3.4,Low,Meets,Ready Now
E04302,2025,3.1,83.5,3.4,Medium,Outstanding,Not Ready
E04302,2026,3.1,80.2,3.4,High,Meets,Not Ready
E04303,2022,5.0,95.2,4.9,High,Meets,Ready Now
E04303,2023,4.4,113.2,4.9,Low,Meets,Not Ready
E04303,2024,5.0,87.5,5.0,High,Exceeds,Not Ready
E04303,2025,4.8,107.0,4.8,High,Outstanding,Ready 1-2 Years
E04303,2026,5.0,109.6,5.0,Low,Exceeds,Ready 1-2 Years
E04304,2022,2.9,93.2,3.2,Medium,Outstanding,Ready Now
E04304,2023,2.6,82.0,2.6,Medium,Exceeds,Ready 1-2 Years
E04304,2024,3.1,82.5,2.9,Medium,Exceeds,Ready 1-2 Years
E04304,2025,3.1,89.8,3.4,Medium,Partially Meets,Ready 1-2 Years
E04304,2026,3.1,77.5,2.6,Medium,Outstanding,Ready 1-2 Years
E04305,2022,4.1,97.1,3.7,High,Outstanding,Ready 1-2 Years
E04305,2023,4.7,92.8,4.5,Medium,Outstanding,Not Ready
E04305,2024,4.7,93.7,4.6,Low,Meets,Ready 1-2 Years
E04305,2025,4.4,93.7,4.5,Medium,Meets,Not Ready
E04305,2026,4.1,84.1,4.5,High,Meets,Ready Now
E04306,2022,3.8,93.1,4.2,Medium,Meets,Not Ready
E04306,2023,3.3,87.3,3.5,Medium,Meets,Ready Now
E04306,2024,3.4,83.7,3.4,Medium,Meets,Not Ready
E04306,2025,4.2,111.8,4.5,Medium,Outstanding,Ready Now
E04306,2026,4.4,83.8,4.4,Medium,Partially Meets,Ready Now
E04307,2022,3.3,95.6,3.1,Medium,Partially Meets,Ready Now
E04307,2023,3.3,97.0,2.8,Low,Meets,Ready 1-2 Years
E04307,2024,3.3,61.5,3.2,Medium,Meets,Ready 1-2 Years
E04307,2025,3.0,85.6,3.9,Medium,Meets,Ready 1-2 Years
E04307,2026,3.1,94.3,3.2,Medium,Exceeds,Ready 1-2 Years
E04308,2024,3.6,100.7,3.9,Medium,Partially Meets,Ready Now
E04309,2025,2.0,74.1,1.8,High,Exceeds,Ready Now
E04309,2026,1.8,71.4,1.9,Medium,Exceeds,Ready Now
E04310,2024,4.1,96.3,3.9,Medium,Meets,Ready Now
E04310,2025,3.5,79.8,3.4,Low,Exceeds,Ready Now
E04310,2026,4.6,88.3,4.8,Low,Partially Meets,Ready 1-2 Years
E04311,2022,3.7,91.1,3.5,Low,Meets,Not Ready
E04311,2023,4.4,71.2,4.5,Medium,Meets,Ready Now
E04311,2024,3.7,88.2,3.7,High,Exceeds,Ready 1-2 Years
E04311,2025,4.4,90.2,4.4,Low,Partially Meets,Ready Now
E04311,2026,3.8,95.5,3.6,Medium,Exceeds,Not Ready
E04312,2022,3.5,75.6,3.4,Medium,Partially Meets,Ready Now
E04312,2023,2.9,75.5,3.2,Medium,Partially Meets,Not Ready
E04312,2024,2.8,76.4,2.7,Medium,Outstanding,Ready 1-2 Years
E04312,2025,3.2,90.3,3.3,Medium,Meets,Not Ready
E04312,2026,3.6,76.7,4.1,Low,Meets,Ready Now
E04313,2022,3.6,100.8,3.6,High,Outstanding,Ready Now
E04313,2023,4.4,83.7,4.4,Medium,Partially Meets,Ready 1-2 Years
E04313,2024,4.5,85.9,4.0,Medium,Partially Meets,Not Ready
E04313,2025,3.8,91.5,3.5,Medium,Exceeds,Ready Now
E04313,2026,4.8,101.1,4.8,High,Meets,Ready 1-2 Years
E04314,2026,2.9,67.0,2.9,Medium,Partially Meets,Not Ready
E04315,2026,3.4,91.2,2.6,Medium,Exceeds,Not Ready
E04316,2022,4.7,93.6,4.4,High,Partially Meets,Not Ready
E04316,2023,4.4,106.9,4.7,Medium,Outstanding,Not Ready
E04316,2024,4.5,94.2,4.6,Low,Outstanding,Ready Now
E04316,2025,4.2,93.9,4.1,Medium,Meets,Ready 1-2 Years
E04316,2026,4.1,77.0,4.1,Medium,Meets,Ready Now
E04317,2023,4.6,93.9,5.0,Medium,Exceeds,Not Ready
E04317,2024,3.3,78.7,3.3,Medium,Exceeds,Ready Now
E04317,2025,3.8,82.7,3.8,Medium,Outstanding,Ready Now
E04317,2026,3.8,76.0,3.9,Medium,Outstanding,Ready Now
E04318,2026,2.8,76.4,2.9,High,Outstanding,Ready 1-2 Years
E04319,2026,2.3,89.3,2.2,Medium,Partially Meets,Ready 1-2 Years
E04320,2024,3.5,78.9,3.5,High,Outstanding,Not Ready
E04320,2025,4.0,72.8,4.3,Medium,Exceeds,Ready Now
E04320,2026,3.5,114.0,3.8,Medium,Meets,Ready Now
E04321,2026,4.7,92.3,4.8,High,Outstanding,Not Ready
E04322,2022,3.3,83.8,3.5,Medium,Outstanding,Not Ready
E04322,2023,2.7,89.3,2.9,Medium,Meets,Not Ready
E04322,2024,2.9,69.9,3.0,High,Outstanding,Ready 1-2 Years
E04322,2025,3.0,55.0,3.1,High,Exceeds,Ready Now
E04322,2026,3.5,78.6,3.4,Low,Partially Meets,Not Ready
E04323,2025,2.5,79.8,2.1,Medium,Meets,Not Ready
E04323,2026,2.7,78.2,2.4,High,Partially Meets,Ready 1-2 Years
E04324,2022,2.8,84.1,2.7,Medium,Partially Meets,Not Ready
E04324,2023,2.2,63.6,2.2,Low,Meets,Not Ready
E04324,2024,3.5,75.1,3.4,Low,Meets,Ready 1-2 Years
E04324,2025,3.1,97.1,3.5,Medium,Meets,Not Ready
E04325,2022,2.3,74.2,2.2,Medium,Exceeds,Not Ready
E04325,2023,1.9,69.2,1.5,Medium,Meets,Not Ready
E04325,2024,3.4,91.8,3.4,Medium,Outstanding,Ready 1-2 Years
E04325,2025,2.7,72.8,2.6,Medium,Meets,Ready 1-2 Years
E04325,2026,2.6,76.7,2.8,Medium,Meets,Ready 1-2 Years
E04326,2022,4.2,71.6,4.4,Medium,Partially Meets,Not Ready
E04326,2023,3.6,88.8,3.2,Low,Meets,Not Ready
E04326,2024,4.2,101.3,4.4,High,Outstanding,Ready Now
E04326,2025,3.6,91.7,3.2,Medium,Outstanding,Not Ready
E04326,2026,4.4,108.5,4.5,Medium,Outstanding,Ready Now
E04327,2022,4.0,90.8,4.0,Low,Meets,Not Ready
E04327,2023,4.0,88.9,3.8,Medium,Meets,Not Ready
E04328,2022,3.7,85.9,4.0,Medium,Meets,Ready Now
E04328,2023,3.5,87.9,3.5,High,Partially Meets,Ready 1-2 Years
E04328,2024,3.6,100.8,4.2,Medium,Meets,Ready Now
E04329,2022,2.8,82.9,2.9,Medium,Outstanding,Ready Now
E04329,2023,2.8,75.0,3.0,High,Meets,Not Ready
E04329,2024,2.4,70.8,2.8,Medium,Meets,Not Ready
E04329,2025,2.1,73.3,1.6,Medium,Outstanding,Ready Now
E04329,2026,2.5,64.8,2.5,Medium,Meets,Ready 1-2 Years
E04330,2022,2.3,73.5,2.6,Low,Meets,Ready 1-2 Years
E04331,2022,4.4,84.4,5.0,Low,Meets,Ready 1-2 Years
E04331,2023,4.9,89.5,5.0,Medium,Meets,Not Ready
E04331,2024,3.9,89.6,4.0,Medium,Partially Meets,Not Ready
E04331,2025,4.1,97.1,3.4,Medium,Meets,Ready Now
E04331,2026,3.7,74.6,3.4,Medium,Outstanding,Ready Now
E04332,2022,3.0,95.1,3.1,Medium,Outstanding,Ready 1-2 Years
E04332,2023,3.6,71.8,3.6,Low,Outstanding,Not Ready
E04332,2024,3.4,91.8,3.1,Low,Exceeds,Not Ready
E04334,2022,3.9,85.3,3.8,Medium,Meets,Ready 1-2 Years
E04334,2023,3.6,65.4,3.3,Medium,Meets,Not Ready
E04336,2025,4.1,97.5,3.9,High,Outstanding,Not Ready
E04336,2026,3.6,103.7,2.9,Medium,Meets,Ready 1-2 Years
E04337,2022,4.3,99.5,4.9,Medium,Meets,Not Ready
E04337,2023,3.3,100.7,3.2,Low,Meets,Ready Now
E04337,2024,2.7,82.4,2.7,Medium,Meets,Ready Now
E04337,2025,3.7,89.5,3.4,High,Meets,Ready 1-2 Years
E04337,2026,4.0,71.4,4.3,High,Partially Meets,Not Ready
E04338,2022,3.1,83.8,3.1,Medium,Partially Meets,Ready Now
E04338,2023,3.3,99.5,3.6,Medium,Partially Meets,Not Ready
E04338,2024,3.5,86.4,3.8,Medium,Meets,Ready 1-2 Years
E04338,2025,3.0,73.4,3.1,Medium,Meets,Not Ready
E04338,2026,2.9,108.2,2.6,Medium,Meets,Not Ready
E04339,2022,2.6,82.9,3.0,Medium,Exceeds,Not Ready
E04339,2023,1.9,73.6,1.5,Low,Meets,Not Ready
E04339,2024,2.2,65.7,1.8,Medium,Meets,Not Ready
E04339,2025,2.6,72.8,2.6,High,Meets,Ready Now
E04339,2026,2.5,70.1,3.0,Medium,Meets,Ready 1-2 Years
E04340,2022,2.8,87.5,2.5,Medium,Meets,Ready 1-2 Years
E04340,2023,3.3,92.4,3.6,Medium,Outstanding,Ready Now
E04340,2024,2.8,90.5,3.0,High,Partially Meets,Ready Now
E04340,2025,3.2,75.7,3.7,Medium,Outstanding,Ready Now
E04340,2026,3.7,79.6,3.9,Medium,Outstanding,Ready Now
E04341,2026,2.6,69.5,2.5,Medium,Outstanding,Ready Now
E04342,2026,2.5,73.5,2.6,Low,Partially Meets,Ready Now
E04343,2022,4.1,88.7,4.2,Medium,Outstanding,Ready 1-2 Years
E04343,2023,4.0,80.0,4.2,Medium,Meets,Ready 1-2 Years
E04343,2024,4.2,81.9,3.8,Medium,Meets,Ready Now
E04343,2025,4.2,80.8,3.9,Medium,Meets,Ready 1-2 Years
E04343,2026,3.9,85.3,3.8,High,Partially Meets,Not Ready
E04344,2022,4.1,100.4,3.8,Medium,Partially Meets,Not Ready
E04344,2023,3.3,65.3,3.3,Low,Exceeds,Not Ready
E04344,2024,3.4,89.7,3.5,Medium,Meets,Ready 1-2 Years
E04344,2025,3.1,75.6,2.7,Medium,Outstanding,Ready Now
E04344,2026,3.1,84.0,3.2,Medium,Exceeds,Ready Now
E04345,2024,3.1,76.7,2.6,High,Meets,Ready 1-2 Years
E04345,2025,4.3,106.2,4.2,Medium,Meets,Ready 1-2 Years
E04345,2026,3.7,93.3,4.0,Medium,Partially Meets,Ready Now
E04346,2022,3.4,78.6,3.2,Medium,Meets,Not Ready
E04346,2023,3.4,81.9,3.6,Medium,Meets,Ready 1-2 Years
E04346,2024,3.2,80.6,2.5,High,Meets,Ready Now
E04346,2025,3.8,73.1,3.7,High,Outstanding,Ready 1-2 Years
E04346,2026,3.3,93.0,2.8,Medium,Outstanding,Ready Now
E04347,2026,1.6,95.0,1.6,Medium,Meets,Not Ready
E04348,2022,3.6,103.9,3.7,High,Exceeds,Ready 1-2 Years
E04348,2023,3.2,93.5,3.1,Medium,Outstanding,Not Ready
E04348,2024,3.5,86.9,3.3,Medium,Outstanding,Not Ready
E04348,2025,3.1,87.0,3.4,Low,Meets,Not Ready
E04348,2026,3.4,71.2,3.2,Medium,Exceeds,Ready 1-2 Years
E04349,2025,3.6,93.8,3.2,Low,Partially Meets,Not Ready
E04349,2026,3.8,69.8,3.5,Low,Outstanding,Not Ready
E04350,2022,2.6,81.8,3.0,Low,Exceeds,Not Ready
E04350,2023,2.6,67.4,2.9,High,Meets,Not Ready
E04350,2024,2.7,63.8,2.4,Medium,Outstanding,Ready Now
E04350,2025,3.3,82.7,3.4,Medium,Meets,Ready Now
E04350,2026,2.2,79.6,1.9,Medium,Outstanding,Not Ready
E04351,2022,2.9,85.5,2.5,Medium,Exceeds,Ready 1-2 Years
E04351,2023,3.3,94.9,3.5,Medium,Partially Meets,Ready Now
E04351,2024,2.9,91.5,2.8,Medium,Meets,Not Ready
E04351,2025,3.8,86.1,4.2,Medium,Exceeds,Ready 1-2 Years
E04351,2026,3.0,75.6,2.9,Medium,Exceeds,Ready 1-2 Years
E04352,2022,2.2,73.2,2.2,High,Meets,Ready Now
E04352,2023,3.0,71.7,2.9,Medium,Meets,Ready 1-2 Years
E04352,2024,3.8,86.2,4.3,Low,Meets,Ready Now
E04352,2025,3.1,77.1,3.5,Medium,Exceeds,Not Ready
E04352,2026,2.8,77.1,2.8,Low,Exceeds,Ready Now
E04353,2025,2.4,83.1,2.2,Medium,Outstanding,Ready Now
E04353,2026,1.9,80.3,1.8,Low,Meets,Not Ready
E04354,2022,1.9,81.6,1.8,High,Meets,Not Ready
E04354,2023,2.7,81.0,2.5,Low,Meets,Ready 1-2 Years
E04354,2024,1.8,93.6,2.1,Low,Exceeds,Ready Now
E04354,2025,2.3,73.3,2.5,Medium,Meets,Not Ready
E04354,2026,2.4,78.5,2.4,Medium,Outstanding,Ready Now
E04355,2024,2.7,68.7,2.7,Low,Exceeds,Not Ready
E04355,2025,2.5,82.4,1.2,Low,Meets,Ready 1-2 Years
E04355,2026,2.3,93.7,2.1,Medium,Exceeds,Ready 1-2 Years
E04356,2022,2.2,63.5,2.1,Medium,Meets,Not Ready
E04356,2023,3.6,79.2,4.1,High,Partially Meets,Not Ready
E04356,2024,2.9,72.0,3.4,Medium,Exceeds,Not Ready
E04356,2025,2.6,99.6,2.3,High,Exceeds,Ready 1-2 Years
E04356,2026,2.7,87.4,2.9,Low,Exceeds,Ready 1-2 Years
E04357,2022,3.9,75.0,3.9,High,Exceeds,Ready 1-2 Years
E04357,2023,3.8,72.2,4.1,Low,Outstanding,Not Ready
E04357,2024,4.0,93.9,3.7,Medium,Meets,Ready Now
E04357,2025,3.6,71.5,4.1,Medium,Exceeds,Ready 1-2 Years
E04357,2026,4.2,76.3,4.2,Medium,Meets,Ready Now
E04358,2022,3.7,90.8,4.3,Medium,Outstanding,Ready 1-2 Years
E04358,2023,2.9,100.5,2.7,Medium,Outstanding,Ready 1-2 Years
E04358,2024,2.9,89.1,2.9,High,Partially Meets,Ready 1-2 Years
E04358,2025,3.2,82.8,2.9,Medium,Meets,Ready 1-2 Years
E04358,2026,2.8,81.3,2.8,High,Partially Meets,Ready 1-2 Years
E04359,2026,3.3,89.5,3.5,Medium,Partially Meets,Not Ready
E04360,2022,2.9,77.6,3.0,Medium,Partially Meets,Ready Now
E04360,2023,3.1,71.7,2.9,Low,Partially Meets,Ready Now
E04360,2024,2.7,70.3,3.2,Medium,Outstanding,Not Ready
E04360,2025,3.0,85.9,2.8,Medium,Outstanding,Ready 1-2 Years
E04360,2026,2.9,73.6,2.9,High,Exceeds,Not Ready
E04361,2022,4.5,100.9,4.6,Medium,Outstanding,Ready Now
E04361,2023,4.2,93.9,4.2,Medium,Meets,Ready Now
E04361,2024,4.3,91.1,4.7,High,Meets,Not Ready
E04361,2025,4.5,81.4,4.0,Medium,Exceeds,Ready Now
E04361,2026,3.9,96.5,3.6,Low,Exceeds,Ready 1-2 Years
E04363,2025,2.6,88.8,2.8,Low,Outstanding,Not Ready
E04363,2026,3.0,84.0,2.6,Medium,Outstanding,Ready Now
E04364,2024,3.8,95.2,4.2,High,Meets,Not Ready
E04364,2025,3.9,104.6,3.7,Medium,Outstanding,Ready Now
E04364,2026,3.6,91.3,3.6,Medium,Outstanding,Ready 1-2 Years
E04365,2026,3.1,81.3,2.4,Medium,Partially Meets,Not Ready
E04366,2022,2.7,73.2,2.5,High,Partially Meets,Ready 1-2 Years
E04366,2023,3.3,84.4,2.7,Medium,Partially Meets,Not Ready
E04366,2024,2.3,66.5,2.3,Medium,Meets,Ready 1-2 Years
E04366,2025,3.2,82.0,3.3,Medium,Partially Meets,Ready 1-2 Years
E04366,2026,2.9,85.7,3.4,High,Meets,Ready 1-2 Years
E04367,2022,3.6,95.6,3.2,Low,Exceeds,Ready Now
E04367,2023,3.3,79.0,3.0,Medium,Partially Meets,Ready Now
E04367,2024,3.4,87.2,3.6,Medium,Exceeds,Not Ready
E04367,2025,3.5,81.8,3.4,Low,Partially Meets,Ready Now
E04367,2026,3.4,97.2,2.8,Medium,Exceeds,Not Ready
E04368,2022,4.1,77.8,4.3,Medium,Exceeds,Not Ready
E04368,2023,3.8,80.5,3.6,Low,Partially Meets,Ready 1-2 Years
E04368,2024,3.2,91.8,3.0,Medium,Meets,Ready Now
E04368,2025,3.1,57.3,3.3,Low,Meets,Ready Now
E04368,2026,4.2,80.2,4.6,High,Exceeds,Not Ready
E04369,2022,3.4,92.3,3.0,High,Meets,Ready Now
E04369,2023,4.1,83.4,4.0,Medium,Exceeds,Ready 1-2 Years
E04369,2024,3.9,84.4,3.5,High,Exceeds,Ready 1-2 Years
E04369,2025,3.2,80.3,3.3,Low,Meets,Ready Now
E04369,2026,3.4,80.9,3.0,Low,Outstanding,Ready Now
E04370,2022,2.7,64.0,2.7,High,Exceeds,Ready Now
E04370,2023,2.4,93.9,2.6,High,Meets,Not Ready
E04370,2024,3.3,80.2,3.2,Low,Meets,Not Ready
E04370,2025,3.0,88.5,3.3,Medium,Meets,Ready 1-2 Years
E04370,2026,3.9,77.9,3.9,Low,Outstanding,Ready 1-2 Years
E04371,2022,4.2,98.2,4.0,Medium,Meets,Not Ready
E04371,2023,3.8,88.8,3.5,Low,Meets,Ready Now
E04371,2024,3.8,101.1,3.9,Low,Meets,Ready Now
E04371,2025,4.3,92.7,3.9,Low,Partially Meets,Ready Now
E04371,2026,4.2,72.7,3.8,Medium,Meets,Not Ready
E04372,2023,4.3,82.4,4.2,High,Partially Meets,Not Ready
E04372,2024,4.4,91.1,4.2,Medium,Partially Meets,Not Ready
E04372,2025,4.2,82.1,4.1,High,Meets,Not Ready
E04372,2026,4.5,91.5,4.6,Medium,Exceeds,Ready Now
E04373,2022,2.4,67.5,2.6,Medium,Meets,Ready Now
E04373,2023,3.4,83.1,3.3,Medium,Outstanding,Ready Now
E04373,2024,3.7,90.2,3.8,Medium,Exceeds,Ready Now
E04373,2025,3.3,75.1,3.8,Medium,Meets,Ready Now
E04373,2026,3.8,95.0,3.4,Medium,Outstanding,Ready 1-2 Years
E04374,2025,4.3,84.9,3.5,High,Outstanding,Ready 1-2 Years
E04374,2026,5.0,112.7,5.0,Low,Outstanding,Ready Now
E04375,2024,4.4,83.7,4.4,Medium,Meets,Ready 1-2 Years
E04375,2025,3.7,84.7,4.3,Medium,Outstanding,Ready 1-2 Years
E04376,2023,3.1,71.6,3.1,Medium,Partially Meets,Ready 1-2 Years
E04376,2024,3.2,82.8,3.3,Low,Meets,Ready 1-2 Years
E04376,2025,3.8,75.8,4.2,Medium,Exceeds,Not Ready
E04377,2022,3.3,77.3,3.2,Medium,Exceeds,Ready 1-2 Years
E04377,2023,2.9,75.6,2.5,Medium,Partially Meets,Ready Now
E04377,2024,2.7,81.4,2.7,Medium,Meets,Ready Now
E04377,2025,3.0,76.5,2.3,Medium,Outstanding,Not Ready
E04377,2026,3.5,78.6,3.8,High,Outstanding,Ready Now
E04378,2022,2.9,70.3,2.8,Low,Exceeds,Ready 1-2 Years
E04378,2023,2.5,73.4,2.9,Medium,Partially Meets,Ready 1-2 Years
E04378,2024,3.4,80.8,3.8,High,Exceeds,Ready Now
E04378,2025,3.5,94.1,3.8,Medium,Meets,Not Ready
E04378,2026,3.1,77.5,3.0,Medium,Partially Meets,Ready Now
E04379,2026,2.9,75.8,2.9,Medium,Exceeds,Not Ready
E04380,2026,3.7,93.3,3.7,High,Meets,Ready 1-2 Years
E04381,2024,3.6,87.2,3.7,High,Meets,Ready 1-2 Years
E04381,2025,3.7,85.6,3.4,Medium,Outstanding,Ready Now
E04381,2026,3.0,94.3,2.7,Low,Meets,Ready Now
E04382,2022,4.5,97.4,4.4,High,Exceeds,Not Ready
E04382,2023,4.2,91.2,3.9,Medium,Meets,Ready Now
E04382,2024,4.4,89.7,4.0,Medium,Meets,Ready Now
E04382,2025,3.6,80.7,3.5,High,Outstanding,Ready Now
E04382,2026,3.8,83.6,4.0,Low,Meets,Ready 1-2 Years
E04383,2024,4.3,83.1,4.0,Medium,Outstanding,Not Ready
E04383,2025,4.9,88.9,4.9,Medium,Partially Meets,Not Ready
E04383,2026,3.9,88.3,3.9,Medium,Exceeds,Ready 1-2 Years
E04384,2022,4.4,98.1,4.7,High,Meets,Ready Now
E04384,2023,3.8,71.3,3.9,Low,Meets,Ready 1-2 Years
E04384,2024,4.3,96.6,4.5,Medium,Meets,Ready Now
E04384,2025,3.9,92.1,4.1,Medium,Exceeds,Ready Now
E04384,2026,4.4,88.7,4.7,Medium,Outstanding,Not Ready
E04385,2022,2.6,80.1,2.5,Medium,Meets,Ready Now
E04385,2023,2.9,78.0,2.7,Low,Meets,Not Ready
E04385,2024,1.8,76.3,1.5,Low,Partially Meets,Not Ready
E04385,2025,2.5,76.9,1.9,Medium,Meets,Ready Now
E04385,2026,2.1,84.2,2.1,Medium,Partially Meets,Ready 1-2 Years
E04386,2025,4.2,90.4,4.0,Low,Partially Meets,Ready Now
E04386,2026,3.9,88.5,3.8,Low,Partially Meets,Ready 1-2 Years
E04387,2022,3.3,83.9,3.5,Low,Exceeds,Ready Now
E04387,2023,3.0,77.7,2.7,Medium,Meets,Ready 1-2 Years
E04387,2024,3.6,84.2,3.4,Medium,Exceeds,Ready Now
E04387,2025,3.6,79.9,3.7,Medium,Exceeds,Ready 1-2 Years
E04387,2026,3.7,74.2,3.4,Medium,Meets,Not Ready
E04388,2022,4.5,89.6,4.3,Medium,Meets,Ready Now
E04388,2023,4.0,63.1,4.1,Low,Partially Meets,Not Ready
E04388,2024,4.5,111.9,4.5,High,Outstanding,Not Ready
E04388,2025,4.9,94.5,4.8,High,Meets,Not Ready
E04388,2026,4.8,104.7,5.0,Medium,Meets,Ready 1-2 Years
E04390,2022,2.0,70.2,1.7,Low,Meets,Ready 1-2 Years
E04390,2023,2.4,87.1,2.2,Medium,Partially Meets,Not Ready
E04390,2024,2.6,72.7,3.1,Medium,Exceeds,Ready 1-2 Years
E04390,2025,2.3,91.1,2.6,Medium,Exceeds,Ready Now
E04390,2026,2.6,92.8,3.0,Medium,Meets,Not Ready
E04391,2025,3.9,79.7,4.4,Medium,Exceeds,Not Ready
E04391,2026,3.5,88.3,3.5,Medium,Meets,Not Ready
E04392,2024,2.6,76.5,2.3,Medium,Exceeds,Ready Now
E04392,2025,2.8,100.9,3.3,Medium,Partially Meets,Ready 1-2 Years
E04392,2026,3.0,88.2,2.3,Low,Outstanding,Ready 1-2 Years
E04393,2023,2.4,60.3,2.1,High,Exceeds,Ready 1-2 Years
E04393,2024,2.1,74.5,2.5,Medium,Meets,Ready 1-2 Years
E04393,2025,2.6,80.6,2.8,Medium,Outstanding,Ready 1-2 Years
E04393,2026,2.1,81.0,2.4,Low,Outstanding,Ready Now
E04394,2022,4.2,79.4,4.2,High,Meets,Not Ready
E04394,2023,3.5,73.6,3.3,Medium,Outstanding,Not Ready
E04394,2024,4.3,92.6,4.5,Medium,Partially Meets,Ready Now
E04394,2025,4.6,97.3,4.3,Low,Exceeds,Ready Now
E04394,2026,4.6,92.7,4.6,Medium,Partially Meets,Ready 1-2 Years
E04395,2023,3.0,79.0,3.6,Low,Outstanding,Ready 1-2 Years
E04395,2024,3.5,99.8,3.6,Low,Meets,Ready 1-2 Years
E04395,2025,3.5,71.8,3.5,High,Meets,Ready Now
E04395,2026,3.4,80.2,3.2,Medium,Meets,Ready Now
E04396,2023,2.5,71.8,2.9,Low,Meets,Not Ready
E04396,2024,1.8,82.7,1.7,Medium,Meets,Ready Now
E04396,2025,2.6,65.0,2.6,Medium,Meets,Not Ready
E04396,2026,2.4,83.3,2.3,High,Outstanding,Ready Now
E04398,2022,2.9,78.3,3.2,Medium,Partially Meets,Ready Now
E04398,2023,4.1,78.0,3.7,Medium,Outstanding,Ready Now
E04398,2024,2.7,54.1,1.8,Medium,Outstanding,Not Ready
E04398,2025,3.6,85.1,4.1,Medium,Exceeds,Not Ready
E04398,2026,3.4,84.9,3.9,Low,Meets,Ready 1-2 Years
E04399,2022,4.1,84.9,4.4,Medium,Outstanding,Not Ready
E04399,2023,4.7,107.1,5.0,Medium,Meets,Not Ready
E04399,2024,4.4,84.7,4.0,Medium,Meets,Not Ready
E04399,2025,4.6,108.2,4.6,Medium,Exceeds,Not Ready
E04399,2026,4.8,94.9,4.6,Medium,Outstanding,Not Ready
E04401,2026,4.2,77.9,4.4,Medium,Outstanding,Ready Now
E04402,2024,3.5,91.2,3.7,High,Meets,Not Ready
E04402,2025,3.6,68.4,3.5,High,Exceeds,Not Ready
E04403,2024,5.0,94.4,5.0,High,Meets,Ready 1-2 Years
E04403,2025,5.0,103.8,5.0,Medium,Outstanding,Ready 1-2 Years
E04403,2026,5.0,94.7,5.0,Medium,Outstanding,Not Ready
E04404,2025,3.8,85.4,3.9,Low,Outstanding,Ready 1-2 Years
E04404,2026,4.3,72.5,4.6,Medium,Meets,Ready Now
E04406,2022,3.9,81.4,4.1,Medium,Partially Meets,Ready 1-2 Years
E04406,2023,4.4,101.2,4.4,Low,Meets,Not Ready
E04406,2024,4.5,94.3,4.5,Medium,Meets,Ready 1-2 Years
E04406,2025,4.4,76.7,4.5,Medium,Meets,Not Ready
E04406,2026,4.5,92.7,4.7,Low,Outstanding,Not Ready
E04407,2025,3.1,99.7,3.2,Medium,Meets,Ready Now
E04407,2026,4.1,86.3,4.4,Low,Meets,Ready Now
E04408,2026,3.7,81.8,3.2,Medium,Partially Meets,Not Ready
E04409,2024,3.9,81.0,4.1,Low,Meets,Ready 1-2 Years
E04409,2025,3.2,69.8,3.0,Medium,Outstanding,Not Ready
E04409,2026,3.5,109.8,3.3,Medium,Partially Meets,Ready 1-2 Years
E04410,2023,2.7,69.4,2.7,Medium,Outstanding,Ready 1-2 Years
E04410,2024,3.8,95.7,3.9,Low,Meets,Ready Now
E04410,2025,3.2,89.2,3.4,Medium,Meets,Ready 1-2 Years
E04410,2026,3.4,85.1,3.4,High,Outstanding,Ready 1-2 Years
E04411,2026,3.1,58.1,3.0,Low,Outstanding,Ready Now
E04412,2025,2.5,73.1,2.5,Low,Outstanding,Not Ready
E04412,2026,3.2,83.2,4.2,Medium,Partially Meets,Ready Now
E04414,2022,3.3,82.3,3.0,High,Meets,Not Ready
E04414,2023,2.4,62.6,2.4,Medium,Exceeds,Not Ready
E04414,2024,2.4,73.9,2.3,Medium,Partially Meets,Ready 1-2 Years
E04414,2025,3.3,77.8,2.7,Medium,Meets,Ready 1-2 Years
E04414,2026,2.4,77.0,2.2,Low,Meets,Ready Now
E04415,2022,2.1,80.1,1.7,Low,Meets,Not Ready
E04415,2023,2.4,74.6,2.4,Low,Meets,Ready 1-2 Years
E04415,2024,2.1,93.4,1.7,Low,Exceeds,Ready Now
E04415,2025,2.6,84.2,2.4,Low,Meets,Ready Now
E04415,2026,2.4,82.1,2.7,Low,Meets,Not Ready
E04416,2022,2.8,91.4,2.8,Low,Meets,Ready 1-2 Years
E04416,2023,2.7,81.9,2.7,Medium,Exceeds,Ready Now
E04416,2024,3.3,81.4,3.4,Low,Partially Meets,Ready 1-2 Years
E04416,2025,3.5,76.5,3.6,Medium,Meets,Not Ready
E04416,2026,3.2,94.8,3.5,Medium,Outstanding,Ready Now
E04417,2022,3.4,94.4,3.7,High,Meets,Ready 1-2 Years
E04417,2023,3.7,92.7,4.2,Low,Partially Meets,Ready Now
E04417,2024,3.1,80.1,3.5,Low,Meets,Ready 1-2 Years
E04417,2025,4.2,106.5,3.9,Medium,Meets,Ready 1-2 Years
E04417,2026,3.9,91.2,4.2,Medium,Partially Meets,Ready 1-2 Years
E04418,2025,2.4,59.2,2.4,High,Meets,Ready 1-2 Years
E04418,2026,3.2,66.8,3.4,Medium,Outstanding,Not Ready
E04419,2022,4.0,97.5,4.2,Low,Outstanding,Ready Now
E04419,2023,4.2,99.1,3.9,Medium,Meets,Ready Now
E04419,2024,3.7,73.8,4.2,High,Outstanding,Not Ready
E04419,2025,4.6,117.2,4.8,Low,Meets,Ready Now
E04419,2026,4.0,89.9,4.3,Medium,Outstanding,Not Ready
E04420,2022,4.0,100.5,4.3,Low,Exceeds,Not Ready
E04420,2023,4.4,100.3,5.0,Medium,Meets,Ready 1-2 Years
E04420,2024,4.5,78.2,4.3,Medium,Partially Meets,Ready Now
E04420,2025,3.4,83.6,3.2,Medium,Exceeds,Not Ready
E04420,2026,4.2,81.5,3.8,Medium,Meets,Not Ready
E04421,2026,3.1,53.0,2.8,Medium,Partially Meets,Ready 1-2 Years
E04422,2022,5.0,107.6,4.6,High,Partially Meets,Not Ready
E04422,2023,4.7,91.8,4.8,Medium,Meets,Not Ready
E04422,2024,4.6,98.7,4.1,Medium,Partially Meets,Not Ready
E04422,2025,4.6,92.4,4.7,Medium,Partially Meets,Ready 1-2 Years
E04422,2026,5.0,85.3,4.7,Medium,Meets,Ready 1-2 Years
E04423,2022,2.4,71.3,2.5,High,Meets,Not Ready
E04423,2023,2.6,66.9,2.9,Low,Meets,Not Ready
E04423,2024,2.9,85.0,2.8,Medium,Meets,Not Ready
E04423,2025,2.6,76.5,2.3,Medium,Exceeds,Ready 1-2 Years
E04423,2026,2.6,79.2,2.4,High,Partially Meets,Not Ready
E04424,2023,3.4,93.7,3.1,Low,Meets,Ready Now
E04424,2024,3.6,89.8,3.6,Medium,Outstanding,Ready Now
E04424,2025,3.5,89.7,3.1,Medium,Outstanding,Ready 1-2 Years
E04424,2026,3.6,71.0,3.6,Medium,Meets,Not Ready
E04425,2025,3.3,71.1,3.0,High,Meets,Ready 1-2 Years
E04425,2026,3.5,84.0,3.5,Low,Partially Meets,Ready 1-2 Years
E04426,2022,3.9,96.6,3.7,Medium,Exceeds,Ready Now
E04426,2023,3.2,93.6,3.8,Medium,Meets,Not Ready
E04426,2024,3.9,90.2,3.9,Low,Exceeds,Ready 1-2 Years
E04426,2025,3.3,86.7,3.4,Medium,Meets,Ready 1-2 Years
E04426,2026,3.8,89.4,3.6,High,Meets,Ready Now
E04427,2022,2.6,64.3,3.0,Medium,Partially Meets,Ready Now
E04427,2023,3.2,86.5,3.2,Medium,Partially Meets,Ready Now
E04427,2024,2.2,74.0,2.2,Medium,Meets,Ready Now
E04427,2025,2.8,87.8,2.4,Medium,Exceeds,Ready Now
E04427,2026,2.7,69.1,2.8,Medium,Partially Meets,Ready Now
E04428,2024,2.9,74.1,2.7,Low,Partially Meets,Not Ready
E04428,2025,3.2,83.4,2.7,Low,Exceeds,Ready Now
E04428,2026,3.6,62.4,3.6,Medium,Outstanding,Not Ready
E04429,2022,2.3,88.1,2.2,Medium,Meets,Ready 1-2 Years
E04429,2023,2.3,81.6,2.0,Medium,Meets,Ready Now
E04429,2024,2.2,63.6,2.3,Medium,Exceeds,Ready Now
E04429,2025,2.8,60.2,3.1,Low,Meets,Ready 1-2 Years
E04429,2026,2.3,79.2,2.3,Medium,Meets,Not Ready
E04430,2023,1.6,73.5,1.6,Low,Meets,Ready Now
E04430,2024,1.8,64.6,1.0,Low,Outstanding,Ready 1-2 Years
E04430,2025,1.8,85.2,1.4,Medium,Outstanding,Ready 1-2 Years
E04430,2026,1.4,67.6,1.1,Medium,Meets,Ready 1-2 Years
E04431,2025,4.2,102.6,4.1,Low,Outstanding,Ready Now
E04431,2026,4.1,81.6,3.9,Medium,Partially Meets,Ready Now
E04432,2023,2.7,81.1,2.6,Medium,Exceeds,Not Ready
E04432,2024,2.9,62.2,2.7,Medium,Outstanding,Ready 1-2 Years
E04432,2025,1.9,55.3,1.4,High,Meets,Ready Now
E04432,2026,3.1,83.3,3.3,Medium,Partially Meets,Not Ready
E04433,2023,4.5,98.9,4.1,Medium,Partially Meets,Not Ready
E04433,2024,4.2,91.9,4.1,High,Outstanding,Ready Now
E04433,2025,4.6,78.3,4.7,Low,Meets,Ready Now
E04433,2026,4.6,90.2,5.0,Medium,Outstanding,Ready 1-2 Years
E04434,2025,3.1,84.0,3.5,High,Meets,Ready 1-2 Years
E04435,2025,3.3,76.5,3.2,High,Exceeds,Not Ready
E04435,2026,4.7,93.9,4.6,High,Outstanding,Not Ready
E04436,2024,2.6,84.1,2.3,Low,Exceeds,Ready Now
E04436,2025,2.4,89.6,2.3,Low,Meets,Not Ready
E04436,2026,3.1,89.3,2.9,Medium,Exceeds,Ready Now
E04437,2023,3.9,95.0,3.7,High,Exceeds,Ready Now
E04437,2024,3.6,85.9,3.6,Medium,Meets,Ready Now
E04437,2025,3.1,64.9,3.4,Low,Partially Meets,Ready Now
E04437,2026,3.5,89.6,3.6,Medium,Outstanding,Not Ready
E04438,2022,3.9,91.8,3.7,Low,Partially Meets,Not Ready
E04438,2023,3.9,89.4,4.2,Medium,Meets,Ready 1-2 Years
E04438,2024,4.6,83.1,4.4,High,Meets,Ready Now
E04438,2025,3.7,84.2,3.3,High,Outstanding,Ready Now
E04438,2026,3.7,83.9,3.9,Medium,Outstanding,Ready 1-2 Years
E04439,2024,3.5,89.7,3.6,Low,Meets,Ready Now
E04439,2025,4.2,100.8,4.1,High,Meets,Ready Now
E04439,2026,3.7,95.9,3.7,High,Exceeds,Ready Now
E04440,2025,2.9,95.7,3.2,Low,Partially Meets,Ready Now
E04441,2022,2.5,70.9,2.8,High,Meets,Ready Now
E04441,2023,2.7,77.8,3.4,Low,Meets,Ready 1-2 Years
E04441,2024,3.0,92.9,3.3,Medium,Outstanding,Ready Now
E04441,2025,2.9,84.4,2.5,High,Meets,Not Ready
E04441,2026,2.8,93.2,3.1,Low,Outstanding,Ready Now
E04442,2022,3.9,96.7,3.9,Medium,Outstanding,Ready 1-2 Years
E04442,2023,4.9,97.1,4.5,Medium,Outstanding,Ready Now
E04442,2024,5.0,77.2,5.0,Medium,Meets,Ready Now
E04444,2025,3.6,76.2,3.3,Medium,Partially Meets,Ready Now
E04444,2026,3.7,90.6,3.7,Medium,Meets,Ready Now
E04445,2022,3.1,91.0,3.6,High,Partially Meets,Ready Now
E04445,2023,3.6,71.1,3.5,Medium,Meets,Not Ready
E04445,2024,4.1,82.2,4.4,Medium,Outstanding,Not Ready
E04445,2025,3.3,105.2,3.5,Medium,Meets,Ready 1-2 Years
E04445,2026,3.9,80.6,3.8,Medium,Meets,Ready 1-2 Years
E04446,2022,4.0,95.9,3.9,Medium,Exceeds,Ready Now
E04446,2023,3.3,109.9,2.7,High,Outstanding,Not Ready
E04446,2024,3.6,72.4,3.3,Low,Meets,Ready 1-2 Years
E04446,2025,3.7,86.0,3.8,Medium,Outstanding,Ready 1-2 Years
E04446,2026,3.8,99.8,3.8,Low,Partially Meets,Not Ready
E04447,2023,3.4,80.7,3.4,Medium,Outstanding,Ready 1-2 Years
E04447,2024,3.5,79.8,3.3,Medium,Meets,Ready Now
E04447,2025,3.2,82.6,3.7,Medium,Meets,Not Ready
E04447,2026,3.0,85.6,3.5,Medium,Outstanding,Ready Now
E04448,2022,3.7,98.2,3.9,Medium,Meets,Ready 1-2 Years
E04448,2023,3.6,96.4,3.4,Medium,Partially Meets,Not Ready
E04449,2023,3.0,76.6,2.9,High,Outstanding,Ready Now
E04449,2024,2.8,72.2,3.4,Medium,Outstanding,Ready Now
E04449,2025,2.5,82.2,2.8,Medium,Exceeds,Not Ready
E04449,2026,3.1,78.6,3.2,High,Meets,Ready 1-2 Years
E04450,2023,2.6,63.4,3.2,Low,Partially Meets,Ready Now
E04450,2024,2.6,70.6,2.3,High,Outstanding,Not Ready
E04451,2023,3.4,85.8,3.0,High,Outstanding,Ready 1-2 Years
E04451,2024,2.9,83.4,2.3,High,Meets,Not Ready
E04451,2025,3.6,84.3,3.4,Medium,Outstanding,Ready Now
E04451,2026,4.1,76.2,4.3,Medium,Meets,Not Ready
E04452,2025,3.3,103.6,3.4,Medium,Outstanding,Not Ready
E04452,2026,3.1,96.7,3.0,Medium,Meets,Ready 1-2 Years
E04453,2022,3.7,81.3,3.4,Medium,Meets,Ready 1-2 Years
E04453,2023,3.8,76.6,4.1,Medium,Exceeds,Ready 1-2 Years
E04453,2024,3.2,70.8,3.0,Medium,Outstanding,Ready 1-2 Years
E04453,2025,3.7,86.9,3.4,Medium,Meets,Ready 1-2 Years
E04453,2026,3.7,72.4,3.6,Medium,Meets,Ready Now
E04455,2026,3.8,82.5,4.1,Low,Meets,Not Ready
E04456,2022,3.3,87.8,3.2,Medium,Partially Meets,Ready 1-2 Years
E04456,2023,3.9,91.9,3.8,High,Outstanding,Ready 1-2 Years
E04456,2024,3.9,96.0,4.0,High,Meets,Ready Now
E04456,2025,3.7,78.1,3.2,Medium,Partially Meets,Not Ready
E04456,2026,3.8,91.4,4.2,Low,Exceeds,Not Ready
E04457,2022,4.8,105.7,4.7,Medium,Outstanding,Not Ready
E04457,2023,5.0,106.7,5.0,Medium,Outstanding,Ready Now
E04457,2024,5.0,91.8,5.0,Medium,Exceeds,Not Ready
E04457,2025,5.0,89.9,5.0,Medium,Meets,Ready Now
E04457,2026,4.8,107.1,4.8,Medium,Outstanding,Ready 1-2 Years
E04458,2026,4.1,76.4,4.1,Medium,Partially Meets,Ready 1-2 Years
E04459,2022,2.9,75.7,2.4,Medium,Exceeds,Ready 1-2 Years
E04459,2023,3.0,73.4,2.8,Medium,Partially Meets,Not Ready
E04459,2024,2.5,73.3,2.3,Low,Outstanding,Not Ready
E04459,2025,2.8,77.7,2.6,Low,Partially Meets,Not Ready
E04459,2026,3.2,84.2,3.1,Medium,Meets,Ready Now
E04460,2022,3.1,91.5,3.0,Medium,Meets,Not Ready
E04460,2023,2.4,62.1,2.3,Medium,Outstanding,Not Ready
E04460,2024,2.4,89.5,2.0,High,Partially Meets,Ready Now
E04460,2025,2.4,66.9,2.6,Medium,Exceeds,Not Ready
E04460,2026,2.5,71.4,2.5,Low,Partially Meets,Ready Now
E04461,2025,3.9,83.7,4.1,Low,Partially Meets,Ready 1-2 Years
E04461,2026,4.0,81.3,4.0,Medium,Meets,Ready 1-2 Years
E04462,2022,4.7,92.9,4.1,Medium,Meets,Not Ready
E04462,2023,4.7,95.6,5.0,Medium,Meets,Ready Now
E04462,2024,4.8,99.2,4.6,Medium,Outstanding,Ready 1-2 Years
E04462,2025,5.0,90.7,5.0,Low,Meets,Not Ready
E04462,2026,4.8,86.6,4.6,Low,Outstanding,Ready 1-2 Years
E04463,2024,2.6,88.3,2.5,Medium,Exceeds,Ready 1-2 Years
E04463,2025,3.7,82.1,3.7,High,Partially Meets,Not Ready
E04463,2026,3.2,87.7,3.9,High,Meets,Not Ready
E04464,2025,4.4,97.5,4.7,Medium,Meets,Ready Now
E04464,2026,4.5,103.8,4.4,High,Meets,Ready 1-2 Years
E04465,2022,3.8,96.6,3.6,Medium,Exceeds,Not Ready
E04465,2023,3.2,96.1,3.0,Medium,Partially Meets,Ready 1-2 Years
E04465,2024,3.5,83.6,3.6,Medium,Exceeds,Not Ready
E04465,2025,2.9,77.5,3.4,Medium,Meets,Not Ready
E04465,2026,3.6,96.8,3.4,High,Partially Meets,Ready 1-2 Years
E04466,2022,3.5,95.6,3.6,High,Meets,Ready Now
E04466,2023,4.2,79.9,4.3,Medium,Outstanding,Ready 1-2 Years
E04466,2024,3.7,92.7,3.6,Low,Meets,Not Ready
E04466,2025,3.5,66.7,2.9,High,Meets,Ready 1-2 Years
E04466,2026,3.7,103.9,3.5,Medium,Meets,Not Ready
E04467,2024,3.9,71.5,3.8,High,Partially Meets,Not Ready
E04467,2025,3.7,85.7,3.2,Medium,Partially Meets,Not Ready
E04467,2026,3.0,80.9,2.6,Low,Partially Meets,Ready Now
E04468,2026,3.8,107.3,3.4,Low,Partially Meets,Ready 1-2 Years
E04469,2022,2.4,88.8,2.1,Low,Exceeds,Ready 1-2 Years
E04469,2023,2.7,76.7,2.9,Low,Meets,Not Ready
E04470,2022,3.2,67.2,3.3,Low,Exceeds,Not Ready
E04470,2023,4.2,92.0,3.8,Low,Outstanding,Not Ready
E04470,2024,4.4,89.1,4.4,High,Outstanding,Ready Now
E04470,2025,3.8,84.6,4.0,Medium,Partially Meets,Ready 1-2 Years
E04470,2026,4.0,89.9,4.4,High,Partially Meets,Ready Now
E04471,2025,2.4,81.6,2.3,Medium,Meets,Not Ready
E04471,2026,2.9,83.4,3.5,Medium,Meets,Ready 1-2 Years
E04472,2025,3.6,91.7,3.4,Medium,Partially Meets,Ready Now
E04472,2026,3.1,83.4,2.8,High,Meets,Ready 1-2 Years
E04473,2022,3.6,80.0,3.6,High,Outstanding,Ready Now
E04473,2023,3.3,85.8,3.8,High,Partially Meets,Ready 1-2 Years
E04473,2024,3.8,101.4,4.1,Medium,Exceeds,Not Ready
E04473,2025,3.4,91.2,3.7,Medium,Meets,Not Ready
E04473,2026,3.3,91.2,3.7,Medium,Partially Meets,Not Ready
E04475,2025,2.4,76.1,2.3,Medium,Partially Meets,Ready 1-2 Years
E04475,2026,3.0,77.5,3.3,Medium,Meets,Ready 1-2 Years
E04476,2026,4.3,112.1,4.6,Low,Exceeds,Not Ready
E04477,2022,4.0,86.9,4.1,Low,Meets,Ready 1-2 Years
E04477,2023,4.0,89.9,4.3,Medium,Meets,Ready Now
E04477,2024,4.3,89.2,4.6,Medium,Meets,Ready 1-2 Years
E04477,2025,3.1,83.6,3.3,Low,Outstanding,Ready Now
E04477,2026,3.2,99.9,4.0,High,Meets,Ready 1-2 Years
E04479,2022,2.3,90.0,2.4,Medium,Outstanding,Ready Now
E04479,2023,3.2,85.9,3.0,Medium,Partially Meets,Ready Now
E04479,2024,3.7,79.5,3.6,Medium,Meets,Ready 1-2 Years
E04479,2025,3.3,82.4,3.5,Medium,Exceeds,Ready Now
E04479,2026,2.5,80.9,2.4,Medium,Partially Meets,Ready 1-2 Years
E04481,2022,4.7,97.7,4.2,Medium,Meets,Not Ready
E04481,2023,4.8,73.0,4.9,Low,Partially Meets,Not Ready
E04481,2024,5.0,67.9,4.7,Medium,Meets,Not Ready
E04481,2025,4.7,83.9,4.9,Medium,Meets,Not Ready
E04481,2026,4.7,90.2,5.0,Medium,Meets,Ready 1-2 Years
E04482,2022,2.8,87.2,2.9,Medium,Meets,Ready 1-2 Years
E04482,2023,3.1,67.2,2.8,Medium,Exceeds,Ready Now
E04482,2024,4.2,90.9,4.3,High,Partially Meets,Ready Now
E04482,2025,3.1,75.4,3.3,Low,Meets,Ready Now
E04482,2026,3.5,96.2,3.3,Medium,Meets,Ready 1-2 Years
E04484,2024,3.0,82.1,2.8,Low,Meets,Not Ready
E04484,2025,2.6,63.4,2.4,Medium,Partially Meets,Ready 1-2 Years
E04484,2026,3.5,85.6,3.2,Medium,Outstanding,Not Ready
E04485,2022,3.0,88.8,3.3,High,Meets,Ready Now
E04485,2023,2.4,59.6,2.4,High,Meets,Ready Now
E04485,2024,2.7,75.3,2.8,Medium,Meets,Ready Now
E04485,2025,2.4,71.2,2.5,Medium,Outstanding,Ready 1-2 Years
E04485,2026,2.8,72.6,2.8,Low,Partially Meets,Ready Now
E04486,2022,3.5,87.2,3.6,Medium,Meets,Ready 1-2 Years
E04486,2023,3.8,93.9,3.1,Medium,Outstanding,Ready 1-2 Years
E04486,2024,3.3,96.0,3.4,High,Exceeds,Ready 1-2 Years
E04487,2022,3.8,66.3,3.7,Medium,Meets,Ready Now
E04487,2023,3.1,71.3,3.0,Medium,Outstanding,Not Ready
E04487,2024,4.3,105.9,4.4,Medium,Outstanding,Ready 1-2 Years
E04487,2025,4.3,84.8,4.0,Medium,Meets,Not Ready
E04487,2026,4.4,85.5,4.3,High,Meets,Ready Now
E04488,2022,2.8,84.4,3.0,Medium,Outstanding,Ready Now
E04488,2023,2.2,72.5,2.0,High,Partially Meets,Ready Now
E04488,2024,2.1,85.1,2.4,Medium,Exceeds,Ready Now
E04488,2025,2.8,74.8,2.5,Medium,Meets,Ready Now
E04488,2026,3.0,83.0,3.2,Medium,Meets,Ready 1-2 Years
E04489,2023,4.5,86.2,4.4,Medium,Meets,Ready Now
E04489,2024,5.0,104.4,5.0,High,Meets,Not Ready
E04489,2025,4.7,104.2,5.0,Medium,Partially Meets,Ready Now
E04489,2026,3.7,76.6,4.1,Low,Meets,Ready Now
E04490,2022,3.9,92.4,4.1,Medium,Exceeds,Ready 1-2 Years
E04490,2023,3.0,61.6,3.0,Medium,Outstanding,Ready 1-2 Years
E04490,2024,3.2,72.2,3.1,High,Meets,Ready 1-2 Years
E04490,2025,3.9,74.7,3.7,Low,Outstanding,Ready Now
E04490,2026,3.4,89.7,2.9,Medium,Meets,Not Ready
E04492,2025,2.4,69.5,2.3,Medium,Exceeds,Ready Now
E04492,2026,3.4,72.6,3.7,High,Exceeds,Ready Now
E04493,2023,3.7,93.8,3.6,Medium,Meets,Not Ready
E04493,2024,3.6,87.7,3.4,Medium,Outstanding,Ready Now
E04493,2025,3.6,105.2,3.8,Medium,Exceeds,Not Ready
E04493,2026,3.1,88.6,3.2,Medium,Exceeds,Not Ready
E04495,2026,3.6,89.6,4.1,High,Meets,Ready Now
E04496,2022,3.2,84.1,4.0,Low,Meets,Ready 1-2 Years
E04496,2023,2.5,77.1,2.0,Medium,Exceeds,Not Ready
E04496,2024,2.1,64.2,1.7,Medium,Partially Meets,Ready Now
E04496,2025,3.1,71.1,3.2,Medium,Exceeds,Not Ready
E04496,2026,2.6,77.7,2.4,Medium,Partially Meets,Ready 1-2 Years
E04498,2024,1.0,63.1,1.3,Medium,Exceeds,Ready 1-2 Years
E04498,2025,1.5,74.4,1.3,Medium,Exceeds,Not Ready
E04498,2026,1.6,62.3,1.3,Medium,Meets,Ready 1-2 Years
E04499,2024,2.7,75.5,2.8,Medium,Exceeds,Not Ready
E04499,2025,3.1,92.2,3.8,Medium,Exceeds,Not Ready
E04499,2026,2.9,90.0,2.6,Medium,Partially Meets,Not Ready
E04500,2023,3.2,82.1,3.0,Medium,Meets,Ready 1-2 Years
E04500,2024,2.8,80.2,3.0,Medium,Exceeds,Not Ready
E04500,2025,2.7,84.5,2.5,Medium,Outstanding,Ready 1-2 Years
E04500,2026,3.6,76.5,3.8,Medium,Partially Meets,Not Ready
E04501,2022,3.6,85.2,3.5,Low,Exceeds,Not Ready
E04501,2023,3.0,92.8,3.1,Medium,Meets,Not Ready
E04501,2024,3.4,88.9,3.0,Low,Exceeds,Ready 1-2 Years
E04501,2025,3.4,85.7,3.8,Medium,Exceeds,Not Ready
E04501,2026,3.5,83.4,4.0,Medium,Meets,Not Ready
E04502,2024,3.9,76.5,3.9,Medium,Meets,Not Ready
E04503,2025,3.2,70.2,3.1,Low,Outstanding,Ready 1-2 Years
E04503,2026,4.1,79.1,3.8,Medium,Outstanding,Ready Now
E04504,2026,3.3,100.0,3.4,Medium,Outstanding,Not Ready
E04505,2025,3.1,89.3,3.7,High,Meets,Not Ready
E04506,2023,2.9,78.0,3.2,Low,Partially Meets,Not Ready
E04506,2024,3.1,84.7,2.7,Medium,Meets,Not Ready
E04506,2025,3.2,87.2,3.2,Medium,Partially Meets,Ready 1-2 Years
E04506,2026,3.0,81.4,2.9,Low,Meets,Ready Now
E04507,2023,3.8,86.9,2.9,High,Meets,Ready 1-2 Years
E04507,2024,4.3,76.8,4.4,Medium,Partially Meets,Ready Now
E04507,2025,4.8,85.4,5.0,Medium,Exceeds,Ready 1-2 Years
E04507,2026,3.6,94.9,3.9,Medium,Meets,Ready Now
E04508,2022,2.7,77.9,2.8,Medium,Meets,Ready Now
E04508,2023,2.7,78.5,2.2,Medium,Meets,Ready Now
E04508,2024,3.1,83.2,2.9,Low,Meets,Not Ready
E04508,2025,2.8,82.5,2.9,Medium,Meets,Not Ready
E04508,2026,3.2,80.7,3.2,Medium,Outstanding,Ready 1-2 Years
E04509,2022,3.9,101.4,4.2,High,Partially Meets,Ready 1-2 Years
E04509,2023,3.7,87.9,3.6,High,Meets,Not Ready
E04509,2024,3.2,97.8,2.9,Medium,Meets,Ready Now
E04509,2025,3.2,72.7,3.1,Medium,Meets,Not Ready
E04509,2026,3.3,70.3,3.4,Low,Meets,Not Ready
E04510,2022,3.1,76.5,2.7,Medium,Meets,Ready 1-2 Years
E04510,2023,3.0,85.2,3.0,Low,Outstanding,Ready 1-2 Years
E04510,2024,3.3,87.9,3.9,Low,Meets,Ready 1-2 Years
E04510,2025,2.9,97.8,2.5,Low,Outstanding,Ready Now
E04510,2026,3.1,105.6,3.3,Medium,Exceeds,Ready 1-2 Years
E04511,2024,3.7,73.0,3.2,Medium,Partially Meets,Not Ready
E04511,2025,3.7,96.3,3.8,Medium,Exceeds,Ready 1-2 Years
E04511,2026,3.7,98.5,4.0,Medium,Meets,Not Ready
E04512,2022,2.5,83.8,2.9,Medium,Outstanding,Not Ready
E04512,2023,2.7,74.2,2.9,Medium,Meets,Ready Now
E04512,2024,2.0,69.6,1.7,Medium,Exceeds,Not Ready
E04512,2025,3.0,68.0,2.8,High,Partially Meets,Ready 1-2 Years
E04512,2026,2.9,78.6,3.0,Medium,Exceeds,Ready 1-2 Years
E04513,2022,3.8,91.6,3.9,Medium,Partially Meets,Ready Now
E04513,2023,4.0,90.8,4.0,Medium,Exceeds,Ready Now
E04513,2024,3.7,73.4,4.2,Medium,Outstanding,Not Ready
E04513,2025,3.6,90.7,3.4,Medium,Partially Meets,Not Ready
E04513,2026,3.6,91.8,3.8,Medium,Partially Meets,Not Ready
E04514,2023,3.8,106.1,3.8,Medium,Meets,Ready Now
E04514,2024,4.0,92.3,3.9,High,Meets,Ready Now
E04514,2025,3.7,88.3,3.8,Low,Exceeds,Ready Now
E04514,2026,3.6,85.0,3.4,Low,Meets,Ready 1-2 Years
E04517,2022,2.9,77.3,2.9,Medium,Partially Meets,Ready 1-2 Years
E04517,2023,2.7,78.8,3.5,Low,Partially Meets,Ready 1-2 Years
E04517,2024,2.7,69.2,2.3,High,Exceeds,Ready 1-2 Years
E04517,2025,2.9,81.1,3.2,Medium,Outstanding,Ready Now
E04517,2026,2.8,85.0,3.4,Low,Exceeds,Not Ready
E04518,2024,2.5,83.9,2.3,High,Partially Meets,Ready 1-2 Years
E04518,2025,2.0,71.3,1.9,Low,Meets,Ready Now
E04518,2026,2.2,74.5,1.8,High,Partially Meets,Not Ready
E04519,2022,3.8,58.4,3.9,Medium,Meets,Not Ready
E04519,2023,3.7,71.9,3.7,Medium,Exceeds,Ready 1-2 Years
E04519,2024,3.8,101.6,3.7,Medium,Meets,Ready 1-2 Years
E04519,2025,4.2,90.7,4.1,Medium,Meets,Not Ready
E04519,2026,4.0,90.9,3.6,Medium,Exceeds,Ready Now
E04520,2022,1.9,66.9,2.0,Low,Meets,Ready 1-2 Years
E04520,2023,2.3,82.8,2.4,Medium,Meets,Ready 1-2 Years
E04520,2024,2.9,81.9,3.0,High,Outstanding,Ready Now
E04520,2025,2.0,61.3,1.8,Medium,Exceeds,Ready 1-2 Years
E04520,2026,2.1,77.5,2.0,Medium,Meets,Ready Now
E04521,2022,3.5,86.9,3.4,High,Meets,Ready 1-2 Years
E04521,2023,3.3,68.9,3.4,Medium,Meets,Ready 1-2 Years
E04521,2024,3.2,85.8,3.2,Low,Meets,Ready 1-2 Years
E04521,2025,2.9,71.9,2.6,High,Outstanding,Not Ready
E04521,2026,2.8,64.7,3.1,High,Exceeds,Ready Now
E04522,2022,1.6,74.5,1.8,Low,Meets,Ready 1-2 Years
E04522,2023,1.7,91.1,1.5,Medium,Meets,Ready 1-2 Years
E04522,2024,1.8,80.1,2.1,Medium,Meets,Ready Now
E04522,2025,2.0,78.3,1.8,Medium,Exceeds,Ready Now
E04522,2026,1.4,78.1,1.4,Low,Meets,Ready Now
E04523,2022,3.4,106.2,3.5,Medium,Meets,Not Ready
E04523,2023,2.9,71.5,3.0,Medium,Meets,Ready 1-2 Years
E04523,2024,2.2,60.4,1.4,Medium,Meets,Ready 1-2 Years
E04523,2025,2.1,80.8,2.3,Medium,Meets,Not Ready
E04523,2026,3.0,84.0,3.1,Medium,Exceeds,Ready 1-2 Years
E04524,2025,3.5,90.2,3.0,High,Partially Meets,Ready 1-2 Years
E04524,2026,3.1,73.4,3.3,Medium,Outstanding,Not Ready
E04525,2022,3.1,89.9,2.9,Medium,Meets,Not Ready
E04525,2023,3.6,91.8,3.7,Medium,Meets,Not Ready
E04525,2024,2.9,84.6,2.7,High,Partially Meets,Not Ready
E04525,2025,3.0,70.5,3.3,Low,Meets,Not Ready
E04525,2026,3.0,63.5,3.1,Low,Outstanding,Ready 1-2 Years
E04526,2024,2.5,78.9,2.3,Medium,Partially Meets,Ready 1-2 Years
E04526,2025,2.6,72.7,2.4,Low,Meets,Not Ready
E04526,2026,2.6,69.1,3.0,Medium,Outstanding,Not Ready
E04527,2025,3.7,82.8,3.5,Medium,Meets,Ready 1-2 Years
E04527,2026,4.4,88.6,4.2,Medium,Partially Meets,Ready 1-2 Years
E04529,2022,3.6,75.5,3.9,Medium,Exceeds,Not Ready
E04529,2023,3.3,103.5,3.2,Medium,Partially Meets,Ready 1-2 Years
E04529,2024,3.8,100.6,3.7,Low,Meets,Not Ready
E04529,2025,4.1,97.9,4.2,Medium,Meets,Not Ready
E04529,2026,4.4,95.2,4.2,Medium,Meets,Ready 1-2 Years
E04530,2022,3.6,90.7,3.7,Medium,Exceeds,Ready Now
E04530,2023,3.2,82.8,3.5,Medium,Partially Meets,Not Ready
E04530,2024,3.9,107.0,4.1,Medium,Outstanding,Ready Now
E04530,2025,3.4,95.1,3.8,Medium,Outstanding,Ready 1-2 Years
E04530,2026,2.9,83.5,2.8,Medium,Outstanding,Ready 1-2 Years
E04531,2026,3.2,78.6,3.1,Low,Meets,Ready Now
E04535,2025,3.7,73.8,3.5,Medium,Meets,Not Ready
E04535,2026,3.5,66.1,4.0,Medium,Partially Meets,Ready Now
E04536,2022,3.4,85.6,3.8,Low,Meets,Ready 1-2 Years
E04536,2023,3.4,85.8,3.0,Medium,Partially Meets,Ready Now
E04536,2024,3.3,90.7,3.3,Medium,Meets,Ready Now
E04536,2025,3.9,77.6,3.9,Medium,Outstanding,Ready 1-2 Years
E04536,2026,3.0,72.2,2.8,High,Partially Meets,Not Ready
E04537,2022,3.9,86.3,4.0,Medium,Outstanding,Ready Now
E04537,2023,3.9,101.0,4.0,Medium,Outstanding,Ready 1-2 Years
E04537,2024,4.1,88.0,3.8,Medium,Meets,Not Ready
E04537,2025,4.1,89.4,3.9,Medium,Meets,Not Ready
E04537,2026,4.6,106.6,4.3,Medium,Meets,Not Ready
E04538,2023,2.3,63.3,1.9,High,Exceeds,Ready Now
E04538,2024,3.2,84.2,3.3,Medium,Exceeds,Ready 1-2 Years
E04538,2025,3.3,87.2,3.1,Low,Partially Meets,Ready Now
E04538,2026,2.7,62.8,3.3,High,Meets,Not Ready
E04540,2022,5.0,103.5,4.8,Medium,Partially Meets,Not Ready
E04540,2023,3.4,80.3,3.3,Medium,Exceeds,Ready Now
E04540,2024,4.2,87.4,4.1,Medium,Meets,Ready Now
E04540,2025,4.2,99.5,4.2,Medium,Exceeds,Not Ready
E04540,2026,4.0,100.9,4.9,Medium,Outstanding,Ready 1-2 Years
E04541,2022,4.4,118.6,4.0,High,Partially Meets,Ready 1-2 Years
E04541,2023,3.5,87.5,3.5,Low,Partially Meets,Ready Now
E04541,2024,3.6,88.3,3.5,Medium,Partially Meets,Ready 1-2 Years
E04541,2025,3.6,97.7,3.4,Medium,Meets,Ready 1-2 Years
E04541,2026,3.5,78.0,3.6,Medium,Partially Meets,Ready Now
E04542,2022,3.1,84.8,3.0,High,Exceeds,Ready Now
E04542,2023,3.3,107.0,3.3,Medium,Meets,Not Ready
E04542,2024,2.5,94.8,2.8,Medium,Meets,Ready 1-2 Years
E04542,2025,3.5,104.2,3.0,High,Exceeds,Ready Now
E04542,2026,3.1,92.9,3.1,Medium,Meets,Ready Now
E04543,2022,3.0,90.6,3.1,Medium,Outstanding,Ready Now
E04543,2023,3.6,79.7,3.0,High,Exceeds,Ready Now
E04543,2024,3.6,93.1,3.8,High,Meets,Ready 1-2 Years
E04543,2025,3.0,67.5,3.3,Medium,Exceeds,Not Ready
E04543,2026,2.8,86.0,2.9,Medium,Outstanding,Ready Now
E04544,2025,4.4,91.8,4.0,Low,Partially Meets,Ready Now
E04544,2026,3.2,92.4,3.1,Low,Meets,Ready 1-2 Years
E04545,2026,3.3,75.2,3.1,Medium,Outstanding,Ready 1-2 Years
E04546,2026,4.1,95.9,4.1,Medium,Meets,Ready 1-2 Years
E04547,2023,2.8,81.7,3.3,Low,Exceeds,Not Ready
E04547,2024,3.6,102.3,3.7,Low,Outstanding,Ready Now
E04547,2025,2.8,88.0,3.1,High,Meets,Not Ready
E04547,2026,2.8,71.2,2.7,Medium,Outstanding,Ready 1-2 Years
E04548,2022,3.7,76.8,3.6,Medium,Exceeds,Not Ready
E04548,2023,3.4,80.0,3.6,Low,Exceeds,Ready Now
E04548,2024,2.5,59.0,3.3,Medium,Outstanding,Ready Now
E04548,2025,3.4,65.9,3.3,Medium,Meets,Ready Now
E04548,2026,2.5,84.7,2.5,Medium,Meets,Not Ready
E04549,2024,2.4,91.0,2.7,Medium,Exceeds,Not Ready
E04549,2025,2.0,61.5,1.8,Medium,Exceeds,Ready Now
E04549,2026,1.8,82.2,1.8,Medium,Exceeds,Ready Now
E04550,2023,3.3,85.9,3.0,High,Meets,Ready 1-2 Years
E04550,2024,2.6,74.2,2.9,High,Exceeds,Ready Now
E04550,2025,3.3,96.5,3.6,Medium,Meets,Ready 1-2 Years
E04550,2026,2.6,87.8,2.5,Medium,Outstanding,Ready 1-2 Years
E04551,2022,1.2,61.1,1.1,High,Meets,Not Ready
E04551,2023,1.9,79.7,2.7,High,Partially Meets,Ready 1-2 Years
E04551,2024,2.0,88.4,2.1,Medium,Outstanding,Ready Now
E04551,2025,2.0,66.4,2.1,Medium,Exceeds,Ready Now
E04551,2026,1.9,85.1,2.4,Medium,Partially Meets,Not Ready
E04554,2025,4.2,67.4,3.9,High,Partially Meets,Not Ready
E04554,2026,3.4,102.0,3.5,Low,Meets,Not Ready
E04555,2023,3.6,76.7,3.5,Medium,Meets,Ready 1-2 Years
E04555,2024,3.3,87.7,4.0,Medium,Outstanding,Ready 1-2 Years
E04556,2026,1.8,72.5,2.0,Medium,Partially Meets,Not Ready
E04557,2022,2.9,76.7,2.9,High,Meets,Ready 1-2 Years
E04557,2023,2.7,80.3,2.6,Low,Outstanding,Ready Now
E04557,2024,2.6,85.6,2.8,Medium,Outstanding,Not Ready
E04557,2025,2.2,68.4,2.2,Medium,Partially Meets,Not Ready
E04557,2026,3.1,69.6,3.4,Medium,Meets,Ready Now
E04558,2022,4.3,92.5,4.5,High,Meets,Ready 1-2 Years
E04558,2023,5.0,86.0,5.0,Low,Meets,Not Ready
E04558,2024,4.7,98.2,4.4,High,Outstanding,Ready 1-2 Years
E04558,2025,4.5,113.4,4.4,Low,Partially Meets,Ready 1-2 Years
E04558,2026,4.6,89.0,4.3,High,Meets,Not Ready
E04559,2024,4.1,85.8,4.2,Medium,Partially Meets,Ready Now
E04559,2025,4.3,99.3,4.1,Medium,Exceeds,Ready Now
E04559,2026,4.4,87.1,4.5,Low,Meets,Ready 1-2 Years
E04560,2022,4.7,88.1,4.9,Medium,Meets,Not Ready
E04560,2023,4.7,92.5,4.8,Medium,Exceeds,Not Ready
E04560,2024,4.4,93.5,4.1,High,Partially Meets,Ready Now
E04560,2025,5.0,98.9,5.0,High,Outstanding,Not Ready
E04560,2026,4.6,99.4,4.6,High,Meets,Not Ready
E04561,2025,4.9,106.7,4.5,High,Partially Meets,Not Ready
E04561,2026,4.9,100.0,4.7,Medium,Exceeds,Ready Now
E04562,2022,4.5,111.7,4.2,Medium,Outstanding,Ready Now
E04562,2023,4.5,81.3,5.0,Low,Meets,Ready 1-2 Years
E04562,2024,3.5,90.6,3.8,Medium,Outstanding,Ready Now
E04562,2025,4.7,90.8,4.5,High,Partially Meets,Ready Now
E04562,2026,4.0,83.2,3.7,Medium,Meets,Ready 1-2 Years
E04563,2022,3.8,97.4,3.6,Medium,Partially Meets,Ready 1-2 Years
E04563,2023,4.0,82.2,3.9,Medium,Exceeds,Ready 1-2 Years
E04563,2024,4.1,81.1,3.9,Medium,Outstanding,Ready 1-2 Years
E04563,2025,4.2,77.3,3.8,Medium,Meets,Ready Now
E04563,2026,4.0,91.7,3.6,Medium,Meets,Ready Now
E04564,2022,3.7,70.3,3.4,Medium,Meets,Ready Now
E04564,2023,3.3,69.6,3.5,Medium,Meets,Ready 1-2 Years
E04564,2024,3.8,90.5,3.8,Medium,Partially Meets,Not Ready
E04564,2025,3.0,65.9,3.3,Medium,Partially Meets,Ready Now
E04564,2026,3.2,83.5,3.2,Medium,Exceeds,Ready Now
E04565,2025,3.7,92.5,3.7,Medium,Exceeds,Not Ready
E04565,2026,3.0,75.8,2.8,Medium,Meets,Ready Now
E04566,2026,2.9,95.9,3.0,Low,Exceeds,Ready Now
E04567,2024,2.4,71.4,2.6,Medium,Meets,Ready Now
E04567,2025,3.2,90.1,2.9,Medium,Exceeds,Not Ready
E04567,2026,2.4,71.2,2.2,Low,Meets,Ready 1-2 Years
E04568,2022,3.0,82.2,3.3,Medium,Meets,Ready 1-2 Years
E04568,2023,2.6,92.7,2.7,High,Meets,Ready 1-2 Years
E04568,2024,3.3,86.2,3.3,Medium,Meets,Not Ready
E04570,2022,1.8,86.1,2.3,Medium,Exceeds,Ready Now
E04570,2023,1.9,83.4,2.2,Medium,Meets,Not Ready
E04570,2024,2.6,70.5,2.6,Medium,Exceeds,Ready 1-2 Years
E04570,2025,2.3,99.1,2.7,High,Meets,Not Ready
E04570,2026,2.2,64.2,2.4,High,Outstanding,Not Ready
E04571,2022,2.6,79.9,2.2,High,Meets,Not Ready
E04571,2023,2.6,62.6,2.2,Medium,Exceeds,Not Ready
E04571,2024,2.2,82.8,2.2,Medium,Partially Meets,Not Ready
E04571,2025,1.7,84.4,1.6,Medium,Exceeds,Not Ready
E04571,2026,2.1,101.5,1.9,Low,Meets,Ready Now
E04573,2022,3.7,102.9,3.7,Medium,Outstanding,Ready Now
E04573,2023,3.2,89.8,4.1,Low,Outstanding,Ready Now
E04573,2024,3.2,89.6,2.9,Medium,Partially Meets,Ready Now
E04573,2025,3.1,90.4,3.5,Medium,Meets,Ready 1-2 Years
E04573,2026,3.2,74.9,3.6,Medium,Partially Meets,Ready Now
E04574,2022,3.2,107.3,3.1,Low,Outstanding,Ready Now
E04574,2023,3.2,81.8,2.9,High,Meets,Not Ready
E04574,2024,3.5,83.7,3.1,High,Meets,Not Ready
E04574,2025,3.4,69.9,3.4,Medium,Exceeds,Ready 1-2 Years
E04574,2026,3.2,77.7,3.5,Medium,Meets,Ready Now
E04575,2026,3.0,69.9,3.4,Low,Partially Meets,Ready Now
E04576,2022,4.1,95.9,3.8,High,Meets,Not Ready
E04576,2023,4.6,98.1,4.5,Medium,Exceeds,Ready Now
E04576,2024,4.3,96.5,4.3,High,Meets,Not Ready
E04576,2025,3.7,76.9,3.6,Low,Outstanding,Not Ready
E04576,2026,4.0,110.5,4.2,Low,Outstanding,Ready 1-2 Years
E04577,2026,4.0,92.8,3.7,Low,Outstanding,Not Ready
E04578,2022,2.3,71.1,2.1,High,Meets,Ready Now
E04579,2024,2.6,77.3,2.3,Low,Meets,Not Ready
E04579,2025,2.6,71.4,2.3,Medium,Outstanding,Not Ready
E04579,2026,2.1,80.9,2.2,High,Outstanding,Ready 1-2 Years
E04580,2023,3.1,80.2,2.4,Medium,Meets,Ready Now
E04580,2024,2.1,99.2,2.4,Medium,Exceeds,Not Ready
E04580,2025,2.9,88.2,3.1,Medium,Outstanding,Not Ready
E04580,2026,2.8,81.5,2.6,Medium,Partially Meets,Ready 1-2 Years
E04582,2022,3.6,94.6,3.8,High,Exceeds,Not Ready
E04582,2023,4.2,89.7,4.2,Medium,Partially Meets,Ready Now
E04582,2024,4.0,81.9,3.7,Medium,Outstanding,Ready Now
E04582,2025,4.3,95.2,4.4,Low,Meets,Ready Now
E04582,2026,4.2,90.0,4.2,Medium,Exceeds,Ready Now
E04583,2022,4.1,78.5,4.0,Medium,Meets,Ready 1-2 Years
E04583,2023,4.0,93.0,3.9,Low,Exceeds,Ready 1-2 Years
E04583,2024,3.7,95.4,3.9,Medium,Exceeds,Ready Now
E04583,2025,4.1,92.8,4.2,Medium,Outstanding,Not Ready
E04583,2026,4.2,85.9,3.8,High,Meets,Not Ready
E04584,2022,2.5,86.0,2.0,High,Meets,Ready 1-2 Years
E04584,2023,3.5,92.3,3.5,Medium,Partially Meets,Ready 1-2 Years
E04584,2024,3.3,82.8,3.4,Medium,Meets,Not Ready
E04584,2025,2.7,87.3,2.8,Medium,Exceeds,Ready 1-2 Years
E04584,2026,3.2,80.6,3.2,Low,Outstanding,Not Ready
E04585,2025,3.7,78.2,3.9,Low,Exceeds,Ready 1-2 Years
E04585,2026,2.9,61.2,3.1,Medium,Exceeds,Ready 1-2 Years
E04586,2022,2.3,69.9,2.0,Medium,Exceeds,Ready 1-2 Years
E04586,2023,3.0,75.9,3.3,Medium,Partially Meets,Not Ready
E04586,2024,2.9,95.1,3.0,Low,Exceeds,Ready 1-2 Years
E04586,2025,2.9,91.0,3.0,Medium,Meets,Ready Now
E04586,2026,2.9,80.3,3.1,High,Partially Meets,Ready Now
E04587,2022,3.6,100.1,3.6,Medium,Exceeds,Not Ready
E04588,2024,5.0,90.4,4.9,Medium,Meets,Not Ready
E04588,2025,4.4,106.3,4.5,Low,Partially Meets,Not Ready
E04588,2026,4.8,99.8,5.0,Medium,Meets,Not Ready
E04589,2022,4.5,86.1,4.4,Medium,Meets,Ready Now
E04589,2023,5.0,102.4,4.6,Medium,Meets,Ready 1-2 Years
E04589,2024,5.0,88.0,4.9,Medium,Outstanding,Ready Now
E04589,2025,5.0,95.7,4.8,High,Outstanding,Ready 1-2 Years
E04589,2026,4.8,86.2,4.4,Medium,Outstanding,Not Ready
E04590,2022,3.4,86.5,4.0,Medium,Exceeds,Not Ready
E04590,2023,3.0,91.3,3.0,Medium,Meets,Ready Now
E04590,2024,2.8,82.5,2.7,Medium,Meets,Ready Now
E04590,2025,2.2,69.2,2.1,Low,Meets,Not Ready
E04590,2026,3.1,92.2,2.8,Medium,Outstanding,Not Ready
E04591,2024,2.8,79.0,2.8,Medium,Outstanding,Not Ready
E04591,2025,2.9,85.5,2.9,Low,Meets,Ready Now
E04591,2026,3.3,85.9,3.8,Medium,Meets,Ready 1-2 Years
E04592,2026,2.5,67.8,2.3,Medium,Partially Meets,Ready 1-2 Years
E04593,2024,4.9,102.3,4.9,Medium,Meets,Ready Now
E04593,2025,4.5,87.6,4.7,High,Partially Meets,Ready 1-2 Years
E04594,2022,4.0,76.4,3.7,Medium,Meets,Not Ready
E04594,2023,3.9,100.5,3.8,Low,Meets,Ready Now
E04594,2024,3.3,78.7,3.5,Medium,Partially Meets,Ready 1-2 Years
E04594,2025,3.5,62.1,3.8,High,Outstanding,Ready 1-2 Years
E04594,2026,4.2,88.7,4.1,Medium,Exceeds,Ready Now
E04595,2024,2.8,76.0,2.7,High,Meets,Ready 1-2 Years
E04596,2024,2.4,79.7,2.7,Medium,Meets,Ready 1-2 Years
E04596,2025,2.0,67.7,1.9,Medium,Meets,Not Ready
E04596,2026,2.4,66.0,2.6,Low,Outstanding,Not Ready
E04597,2022,2.7,69.5,2.6,Medium,Meets,Ready Now
E04597,2023,3.5,78.2,3.0,Medium,Meets,Ready Now
E04597,2024,4.7,91.4,4.5,Low,Outstanding,Not Ready
E04597,2025,4.1,99.7,4.1,High,Partially Meets,Ready 1-2 Years
E04597,2026,3.7,68.3,3.8,Medium,Exceeds,Ready 1-2 Years
E04598,2026,4.4,91.7,4.6,Medium,Outstanding,Ready 1-2 Years
E04599,2022,3.9,91.3,3.8,Low,Exceeds,Not Ready
E04599,2023,3.7,76.8,3.8,Medium,Meets,Not Ready
E04599,2024,4.2,97.7,4.3,Medium,Meets,Ready Now
E04599,2025,4.5,90.2,4.6,Low,Exceeds,Ready 1-2 Years
E04599,2026,2.8,73.2,2.7,Medium,Outstanding,Ready 1-2 Years
E04600,2022,3.2,80.4,3.9,Medium,Meets,Not Ready
E04600,2023,3.6,83.3,3.0,High,Meets,Not Ready
E04600,2024,2.8,100.2,2.8,Low,Outstanding,Ready Now
E04600,2025,2.9,75.7,2.7,Medium,Exceeds,Ready 1-2 Years
E04600,2026,3.0,84.6,3.1,Medium,Outstanding,Ready Now
E04601,2022,3.3,81.5,3.2,Medium,Meets,Ready 1-2 Years
E04601,2023,3.2,64.4,3.1,Medium,Outstanding,Ready Now
E04601,2024,3.1,69.8,2.7,Medium,Exceeds,Not Ready
E04601,2025,3.0,76.3,2.7,High,Meets,Ready Now
E04601,2026,3.1,83.9,2.8,Medium,Meets,Ready Now
E04602,2025,4.5,81.9,4.3,Medium,Meets,Ready Now
E04602,2026,3.9,76.3,3.6,High,Outstanding,Ready Now
E04603,2023,4.1,100.0,4.4,Medium,Meets,Ready 1-2 Years
E04603,2024,3.6,80.3,3.6,Medium,Exceeds,Ready Now
E04603,2025,3.2,81.0,3.1,High,Meets,Not Ready
E04603,2026,3.8,98.5,4.4,Low,Exceeds,Ready Now
E04604,2024,2.2,77.7,2.1,Medium,Meets,Ready Now
E04604,2025,3.4,77.9,3.7,Medium,Partially Meets,Not Ready
E04604,2026,3.0,56.7,3.6,Medium,Exceeds,Ready 1-2 Years
E04605,2023,5.0,94.8,5.0,Low,Meets,Not Ready
E04605,2024,4.7,108.8,5.0,Medium,Partially Meets,Not Ready
E04605,2025,4.2,77.2,4.0,Medium,Meets,Ready 1-2 Years
E04605,2026,5.0,109.3,5.0,Medium,Meets,Ready Now
E04606,2023,5.0,87.4,5.0,Medium,Meets,Ready Now
E04606,2024,4.8,99.1,4.7,High,Exceeds,Ready 1-2 Years
E04606,2025,4.8,105.3,4.3,Low,Partially Meets,Not Ready
E04606,2026,5.0,88.6,5.0,Medium,Partially Meets,Ready Now
E04607,2023,4.4,91.4,4.3,Low,Outstanding,Ready Now
E04607,2024,4.6,87.1,4.6,High,Exceeds,Ready 1-2 Years
E04607,2025,4.6,93.7,5.0,Low,Meets,Ready 1-2 Years
E04607,2026,5.0,97.3,4.8,Medium,Outstanding,Ready 1-2 Years
E04608,2022,3.3,94.6,3.8,High,Meets,Ready 1-2 Years
E04608,2023,3.0,84.6,3.1,Medium,Meets,Ready Now
E04608,2024,2.6,70.9,2.9,Low,Partially Meets,Not Ready
E04608,2025,3.1,98.6,3.5,Medium,Meets,Not Ready
E04608,2026,3.5,74.4,3.4,Low,Exceeds,Ready 1-2 Years
E04609,2023,3.5,98.5,3.5,Medium,Meets,Not Ready
E04609,2024,3.4,88.7,3.9,Low,Outstanding,Ready Now
E04609,2025,3.9,83.8,3.7,Medium,Partially Meets,Not Ready
E04609,2026,3.6,74.1,3.7,Medium,Partially Meets,Ready Now
E04610,2023,3.2,95.3,3.2,Medium,Exceeds,Ready 1-2 Years
E04610,2024,3.9,86.3,4.2,High,Partially Meets,Ready Now
E04610,2025,3.3,84.5,3.3,Medium,Meets,Ready Now
E04610,2026,3.4,89.3,3.3,Medium,Exceeds,Ready Now
E04611,2022,3.2,90.5,3.2,Low,Outstanding,Not Ready
E04611,2023,3.3,102.7,3.7,Medium,Exceeds,Ready 1-2 Years
E04611,2024,3.7,81.4,3.9,Medium,Meets,Ready 1-2 Years
E04611,2025,3.1,82.9,2.5,Low,Outstanding,Ready Now
E04611,2026,3.6,80.3,3.1,Medium,Outstanding,Not Ready
E04612,2022,4.0,91.2,4.1,High,Outstanding,Ready 1-2 Years
E04612,2023,4.1,89.4,4.2,Low,Meets,Ready 1-2 Years
E04612,2024,4.2,74.8,4.3,High,Outstanding,Ready 1-2 Years
E04612,2025,4.1,76.3,3.7,Low,Exceeds,Ready Now
E04612,2026,4.3,94.2,4.8,Medium,Exceeds,Ready 1-2 Years
E04615,2022,3.4,85.0,2.8,Low,Meets,Ready Now
E04615,2023,3.9,86.7,4.1,Medium,Exceeds,Not Ready
E04615,2024,3.5,99.9,3.7,Low,Partially Meets,Ready Now
E04615,2025,4.0,83.0,3.9,Medium,Exceeds,Not Ready
E04615,2026,3.6,76.1,3.4,Medium,Outstanding,Ready 1-2 Years
E04616,2022,4.3,95.1,4.5,Medium,Exceeds,Ready Now
E04616,2023,3.6,81.8,3.2,High,Meets,Ready Now
E04616,2024,3.5,87.2,2.9,Medium,Exceeds,Ready Now
E04616,2025,3.3,81.7,3.6,Medium,Partially Meets,Ready Now
E04616,2026,3.0,90.5,3.1,High,Exceeds,Ready 1-2 Years
E04619,2022,3.6,113.8,3.5,Medium,Meets,Ready 1-2 Years
E04619,2023,3.8,85.0,4.0,High,Exceeds,Ready 1-2 Years
E04619,2024,3.3,88.6,3.1,Medium,Exceeds,Ready Now
E04619,2025,3.5,81.7,3.7,Medium,Partially Meets,Ready Now
E04619,2026,3.2,62.0,2.9,Medium,Exceeds,Ready Now
E04620,2024,2.6,90.3,3.0,Medium,Meets,Ready 1-2 Years
E04620,2025,2.4,93.8,2.4,Medium,Exceeds,Ready Now
E04620,2026,2.5,77.8,2.4,Medium,Exceeds,Ready Now
E04621,2022,4.6,94.8,4.7,Low,Meets,Ready 1-2 Years
E04621,2023,4.6,87.0,4.3,Medium,Partially Meets,Ready Now
E04621,2024,4.0,86.4,4.1,Low,Meets,Not Ready
E04621,2025,3.7,91.3,4.1,Medium,Meets,Ready Now
E04621,2026,3.8,87.2,3.8,Medium,Outstanding,Ready 1-2 Years
E04622,2023,3.8,75.6,3.4,Low,Partially Meets,Ready Now
E04622,2024,3.7,92.6,4.4,High,Meets,Ready Now
E04623,2022,4.1,76.7,3.9,Medium,Exceeds,Not Ready
E04623,2023,4.9,82.3,4.7,High,Meets,Not Ready
E04623,2024,4.2,86.4,4.1,Medium,Outstanding,Ready Now
E04624,2022,3.2,95.3,3.2,High,Meets,Not Ready
E04624,2023,3.4,65.3,3.8,High,Exceeds,Not Ready
E04624,2024,3.1,69.8,2.9,Low,Outstanding,Ready Now
E04624,2025,3.3,86.5,3.4,Medium,Outstanding,Not Ready
E04624,2026,2.9,73.7,2.7,Low,Outstanding,Ready 1-2 Years
E04625,2022,3.3,56.3,3.0,Medium,Exceeds,Ready Now
E04625,2023,2.6,82.1,3.0,Medium,Exceeds,Not Ready
E04625,2024,3.4,81.5,3.3,Medium,Partially Meets,Ready Now
E04625,2025,3.6,75.8,3.4,Medium,Exceeds,Not Ready
E04625,2026,3.3,83.4,2.8,Medium,Partially Meets,Not Ready
E04626,2022,3.1,83.7,3.8,Medium,Exceeds,Ready 1-2 Years
E04626,2023,2.7,89.2,2.6,Medium,Outstanding,Ready 1-2 Years
E04626,2024,2.6,88.2,3.3,Medium,Outstanding,Not Ready
E04626,2025,2.5,77.0,2.3,Medium,Exceeds,Ready Now
E04626,2026,2.9,78.8,3.1,Medium,Meets,Ready 1-2 Years
E04627,2024,2.9,71.3,3.0,Low,Meets,Ready 1-2 Years
E04627,2025,2.2,74.1,2.0,Medium,Exceeds,Ready 1-2 Years
E04627,2026,2.9,92.8,2.4,High,Exceeds,Not Ready
E04628,2022,3.1,89.3,3.6,Medium,Partially Meets,Ready Now
E04628,2023,2.9,61.2,3.3,Low,Exceeds,Not Ready
E04628,2024,3.3,89.7,3.1,Low,Partially Meets,Ready Now
E04628,2025,2.6,71.7,2.7,High,Meets,Ready Now
E04628,2026,3.5,83.6,3.4,Medium,Exceeds,Not Ready
E04629,2023,3.7,95.5,3.5,Low,Meets,Ready Now
E04629,2024,4.4,92.5,5.0,High,Exceeds,Not Ready
E04629,2025,4.2,89.8,4.5,Medium,Outstanding,Not Ready
E04629,2026,3.9,91.3,3.5,Low,Outstanding,Ready 1-2 Years
E04630,2026,3.2,66.2,3.7,Low,Partially Meets,Ready Now
E04631,2022,2.7,98.3,2.5,Medium,Outstanding,Ready 1-2 Years
E04631,2023,3.1,72.6,3.6,High,Exceeds,Not Ready
E04631,2024,2.6,87.5,2.9,Medium,Outstanding,Ready 1-2 Years
E04631,2025,3.5,79.6,3.6,Medium,Meets,Ready 1-2 Years
E04631,2026,2.8,66.0,2.5,Low,Meets,Ready 1-2 Years
E04632,2022,3.0,98.9,3.4,High,Partially Meets,Not Ready
E04632,2023,3.3,77.0,3.1,Low,Partially Meets,Not Ready
E04632,2024,2.7,86.9,2.9,Medium,Meets,Not Ready
E04632,2025,3.9,90.6,3.6,Low,Outstanding,Ready 1-2 Years
E04633,2022,2.5,79.6,2.6,Medium,Meets,Not Ready
E04633,2023,2.8,85.4,3.7,Low,Partially Meets,Not Ready
E04633,2024,3.2,91.5,2.6,Medium,Meets,Ready 1-2 Years
E04633,2025,3.2,72.3,3.6,Medium,Partially Meets,Ready Now
E04633,2026,2.0,86.5,2.2,Medium,Partially Meets,Ready Now
E04634,2024,2.6,84.3,2.5,High,Outstanding,Not Ready
E04634,2025,3.5,92.9,3.8,Medium,Partially Meets,Ready Now
E04634,2026,2.6,79.3,2.4,Low,Meets,Not Ready
E04635,2026,4.7,88.4,5.0,Low,Meets,Ready 1-2 Years
E04636,2024,2.6,80.3,2.6,Medium,Meets,Not Ready
E04636,2025,2.5,83.3,2.6,Medium,Partially Meets,Not Ready
E04636,2026,2.7,80.8,2.6,High,Meets,Ready Now
E04637,2024,4.7,87.7,4.9,Medium,Partially Meets,Ready Now
E04637,2025,4.3,99.7,4.5,Medium,Meets,Ready Now
E04637,2026,4.5,93.6,5.0,Medium,Meets,Ready 1-2 Years
E04638,2024,2.6,80.5,1.5,High,Meets,Ready 1-2 Years
E04638,2025,3.1,66.4,2.6,Medium,Meets,Ready 1-2 Years
E04638,2026,2.8,102.5,2.9,Medium,Meets,Ready Now
E04639,2022,3.1,88.7,4.2,Medium,Meets,Ready 1-2 Years
E04639,2023,3.3,85.3,3.1,Low,Exceeds,Not Ready
E04639,2024,2.6,61.3,2.1,Medium,Meets,Ready Now
E04639,2025,3.3,84.3,2.9,Medium,Exceeds,Not Ready
E04639,2026,3.5,87.2,3.3,Medium,Meets,Ready 1-2 Years
E04640,2022,2.3,82.7,2.4,Medium,Meets,Not Ready
E04640,2023,3.4,93.6,4.1,Medium,Meets,Ready 1-2 Years
E04640,2024,2.9,84.0,3.1,Low,Meets,Not Ready
E04640,2025,3.2,83.0,3.6,Medium,Outstanding,Not Ready
E04640,2026,3.1,93.7,2.7,Medium,Meets,Not Ready
E04641,2022,2.5,78.2,2.8,Medium,Outstanding,Not Ready
E04642,2022,1.7,69.6,1.2,Low,Meets,Ready Now
E04642,2023,2.3,66.3,2.3,Low,Exceeds,Ready Now
E04642,2024,2.9,60.5,2.8,High,Meets,Not Ready
E04642,2025,3.2,88.7,3.5,Medium,Outstanding,Ready Now
E04642,2026,2.2,81.8,2.2,Medium,Exceeds,Ready Now
E04643,2026,4.5,94.9,4.8,High,Meets,Ready 1-2 Years
E04644,2022,3.8,95.2,3.6,Medium,Exceeds,Ready Now
E04644,2023,3.0,70.4,3.2,Low,Meets,Not Ready
E04644,2024,3.7,76.9,3.9,Low,Meets,Ready 1-2 Years
E04644,2025,3.9,89.9,4.0,Medium,Partially Meets,Ready Now
E04644,2026,3.3,96.1,3.5,Medium,Meets,Not Ready
E04645,2022,2.7,82.1,2.9,Low,Partially Meets,Not Ready
E04645,2023,2.7,85.8,2.9,Low,Partially Meets,Not Ready
E04645,2024,2.8,75.0,3.0,High,Meets,Ready 1-2 Years
E04645,2025,2.5,77.0,2.2,Medium,Outstanding,Ready 1-2 Years
E04645,2026,2.3,81.8,2.0,Medium,Meets,Ready 1-2 Years
E04646,2026,3.8,86.0,3.9,Medium,Meets,Ready 1-2 Years
E04647,2025,3.3,74.4,3.0,Low,Partially Meets,Ready Now
E04647,2026,3.2,87.1,3.3,Low,Partially Meets,Ready 1-2 Years
E04648,2024,3.1,83.1,3.0,Low,Partially Meets,Ready Now
E04648,2025,2.2,64.1,2.1,High,Outstanding,Ready 1-2 Years
E04648,2026,1.4,65.6,2.0,Low,Meets,Ready Now
E04649,2022,3.9,96.7,4.2,Low,Outstanding,Ready Now
E04649,2023,3.9,95.0,3.9,High,Outstanding,Not Ready
E04649,2024,3.9,72.0,3.2,Medium,Exceeds,Not Ready
E04649,2025,3.8,80.1,3.6,Low,Outstanding,Not Ready
E04649,2026,4.0,76.5,4.2,Medium,Exceeds,Ready Now
E04651,2026,4.0,100.5,3.8,High,Exceeds,Not Ready
E04652,2026,2.8,93.4,2.3,Low,Partially Meets,Not Ready
E04653,2022,3.2,81.5,2.9,High,Meets,Ready Now
E04653,2023,2.6,66.2,2.6,Medium,Exceeds,Not Ready
E04653,2024,3.2,72.2,3.0,Medium,Exceeds,Not Ready
E04653,2025,3.5,87.3,3.9,Medium,Meets,Not Ready
E04653,2026,3.7,89.2,3.8,Medium,Partially Meets,Ready Now
E04655,2024,2.8,85.1,3.1,Medium,Partially Meets,Not Ready
E04655,2025,3.1,76.7,3.3,Medium,Meets,Not Ready
E04655,2026,3.3,99.1,3.9,Medium,Partially Meets,Ready 1-2 Years
E04656,2022,2.9,82.4,2.5,Low,Meets,Ready Now
E04656,2023,3.4,85.0,3.7,Medium,Partially Meets,Ready 1-2 Years
E04656,2024,2.9,84.4,3.2,Medium,Outstanding,Ready Now
E04656,2025,3.4,77.8,3.2,Medium,Meets,Ready 1-2 Years
E04656,2026,3.0,62.4,3.1,Medium,Meets,Ready 1-2 Years
E04657,2022,3.7,86.3,3.9,Low,Exceeds,Ready Now
E04657,2023,4.3,83.3,3.7,High,Partially Meets,Ready Now
E04657,2024,4.1,99.9,4.0,Medium,Exceeds,Ready 1-2 Years
E04657,2025,3.5,88.4,3.6,Medium,Exceeds,Not Ready
E04657,2026,4.2,85.5,3.7,Medium,Exceeds,Ready Now
E04658,2022,2.8,71.5,2.9,Low,Partially Meets,Ready Now
E04658,2023,1.8,72.4,1.8,Medium,Exceeds,Ready 1-2 Years
E04658,2024,2.2,74.7,1.8,Low,Exceeds,Not Ready
E04658,2025,2.2,62.9,2.5,High,Partially Meets,Not Ready
E04658,2026,2.0,53.8,1.6,Medium,Meets,Ready Now
E04659,2022,2.4,82.1,2.3,Medium,Meets,Ready 1-2 Years
E04659,2023,3.2,79.0,2.7,High,Outstanding,Ready Now
E04659,2024,2.7,76.8,2.0,Medium,Exceeds,Not Ready
E04659,2025,3.4,83.1,2.5,Medium,Meets,Not Ready
E04659,2026,3.5,90.4,3.5,Medium,Partially Meets,Not Ready
E04660,2022,4.1,96.2,4.0,Medium,Outstanding,Not Ready
E04660,2023,3.8,77.6,4.1,High,Meets,Not Ready
E04660,2024,3.8,98.2,3.6,Medium,Meets,Ready 1-2 Years
E04661,2024,2.3,80.2,1.9,Medium,Meets,Ready 1-2 Years
E04661,2025,2.4,73.0,2.7,Medium,Outstanding,Not Ready
E04661,2026,2.0,71.0,2.4,High,Exceeds,Ready 1-2 Years
E04662,2023,2.8,80.1,3.3,High,Meets,Not Ready
E04662,2024,2.4,65.5,2.5,Medium,Meets,Not Ready
E04662,2025,2.5,90.8,2.7,Medium,Exceeds,Ready Now
E04663,2025,2.6,72.6,2.5,Medium,Meets,Not Ready
E04663,2026,2.6,86.1,2.3,Low,Meets,Not Ready
E04664,2022,3.3,77.2,2.9,Medium,Partially Meets,Ready 1-2 Years
E04664,2023,4.8,97.7,4.4,Medium,Partially Meets,Ready Now
E04664,2024,4.1,97.7,3.9,Medium,Exceeds,Ready 1-2 Years
E04664,2025,4.1,74.2,4.0,Medium,Meets,Ready 1-2 Years
E04664,2026,3.9,87.1,3.3,Low,Partially Meets,Not Ready
E04665,2026,3.0,82.5,3.0,Medium,Meets,Ready 1-2 Years
E04666,2023,3.4,88.3,3.3,Medium,Outstanding,Not Ready
E04666,2024,3.3,57.9,3.5,Medium,Meets,Ready Now
E04666,2025,2.8,77.7,3.0,High,Meets,Ready 1-2 Years
E04666,2026,2.8,81.8,2.4,Medium,Exceeds,Not Ready
E04667,2022,4.4,102.7,4.5,Medium,Meets,Ready 1-2 Years
E04667,2023,4.3,98.5,4.3,Medium,Outstanding,Not Ready
E04667,2024,4.5,84.2,4.2,Medium,Meets,Not Ready
E04667,2025,3.6,62.9,2.9,Medium,Meets,Ready 1-2 Years
E04667,2026,3.6,73.3,3.5,Medium,Meets,Ready Now
E04668,2022,3.0,86.4,3.3,Medium,Exceeds,Ready Now
E04668,2023,3.4,82.4,3.8,Low,Outstanding,Not Ready
E04668,2024,3.4,88.6,3.2,High,Meets,Ready 1-2 Years
E04669,2022,2.7,70.6,2.7,Medium,Exceeds,Not Ready
E04669,2023,3.0,105.3,3.5,Medium,Meets,Ready Now
E04669,2024,3.4,72.2,3.2,Low,Outstanding,Not Ready
E04669,2025,3.0,86.3,2.5,Medium,Partially Meets,Ready 1-2 Years
E04669,2026,2.8,84.4,2.9,Low,Meets,Ready Now
E04670,2026,3.3,98.6,3.2,High,Meets,Ready Now
E04671,2024,2.7,75.9,2.7,Medium,Exceeds,Ready Now
E04671,2025,3.2,81.8,3.6,Medium,Exceeds,Not Ready
E04671,2026,2.4,67.9,2.3,High,Meets,Not Ready
E04672,2024,4.0,79.2,3.6,Medium,Outstanding,Not Ready
E04673,2026,4.1,90.1,4.2,Low,Exceeds,Ready Now
E04674,2026,3.5,103.9,3.3,Medium,Meets,Not Ready
E04675,2022,3.6,92.0,3.8,Low,Partially Meets,Not Ready
E04675,2023,3.3,83.3,3.7,Medium,Meets,Ready 1-2 Years
E04675,2024,2.7,68.0,2.3,Low,Meets,Not Ready
E04675,2025,3.3,93.2,3.2,Medium,Outstanding,Ready Now
E04675,2026,3.2,85.0,3.3,High,Partially Meets,Ready 1-2 Years
E04676,2023,3.2,54.5,3.5,Medium,Partially Meets,Ready 1-2 Years
E04676,2024,2.3,77.2,2.6,Low,Partially Meets,Ready 1-2 Years
E04676,2025,2.6,81.6,2.4,High,Meets,Ready 1-2 Years
E04676,2026,2.7,85.6,2.5,Medium,Exceeds,Ready Now
E04677,2022,2.4,80.8,2.2,Medium,Meets,Ready 1-2 Years
E04677,2023,3.0,88.9,2.9,Medium,Partially Meets,Ready Now
E04677,2024,2.2,82.2,1.8,High,Meets,Ready 1-2 Years
E04677,2025,2.2,96.9,2.2,Low,Partially Meets,Ready Now
E04677,2026,2.3,88.2,2.3,Low,Meets,Ready Now
E04678,2026,4.6,109.5,4.6,High,Exceeds,Ready 1-2 Years
E04679,2023,3.3,84.6,3.6,Medium,Meets,Ready Now
E04679,2024,2.2,59.4,2.2,Medium,Meets,Ready Now
E04679,2025,2.2,78.0,2.4,Medium,Exceeds,Ready 1-2 Years
E04679,2026,3.0,71.1,3.0,High,Partially Meets,Ready 1-2 Years
E04680,2022,4.2,89.1,4.0,Low,Exceeds,Ready Now
E04680,2023,3.8,90.7,3.8,Medium,Meets,Ready 1-2 Years
E04680,2024,3.5,77.2,3.6,Medium,Meets,Not Ready
E04680,2025,3.9,73.4,4.0,High,Partially Meets,Ready Now
E04680,2026,4.0,92.6,3.9,High,Exceeds,Ready 1-2 Years
E04681,2026,4.1,85.4,4.1,Medium,Exceeds,Ready Now
E04682,2025,2.5,64.8,2.8,High,Exceeds,Ready Now
E04682,2026,3.0,96.9,3.3,Medium,Meets,Ready 1-2 Years
E04683,2026,3.0,109.0,2.9,High,Outstanding,Ready Now
E04684,2024,3.4,84.1,3.6,Medium,Outstanding,Not Ready
E04684,2025,2.4,89.0,2.4,Low,Exceeds,Not Ready
E04684,2026,3.2,79.5,3.2,Low,Exceeds,Ready Now
E04685,2022,5.0,110.7,4.6,Medium,Outstanding,Ready 1-2 Years
E04685,2023,4.4,98.6,4.3,Medium,Outstanding,Not Ready
E04685,2024,4.4,74.0,4.1,Medium,Exceeds,Ready 1-2 Years
E04685,2025,4.8,118.9,4.7,High,Partially Meets,Ready Now
E04685,2026,4.4,81.3,4.3,High,Meets,Ready Now
E04686,2026,2.7,86.9,2.7,Low,Meets,Ready 1-2 Years
E04687,2022,3.1,77.3,2.7,Medium,Partially Meets,Not Ready
E04687,2023,2.9,63.3,3.1,Medium,Partially Meets,Not Ready
E04687,2024,2.7,92.5,2.7,Medium,Exceeds,Ready Now
E04687,2025,2.6,62.4,2.2,Medium,Outstanding,Ready 1-2 Years
E04687,2026,3.0,88.0,2.7,Low,Partially Meets,Ready Now
E04689,2023,4.6,93.3,4.3,Medium,Partially Meets,Not Ready
E04689,2024,4.1,78.0,4.4,High,Partially Meets,Ready Now
E04689,2025,4.3,89.3,4.4,Medium,Partially Meets,Ready Now
E04689,2026,3.9,73.3,3.9,Low,Exceeds,Not Ready
E04691,2023,3.1,80.4,2.6,Medium,Partially Meets,Ready 1-2 Years
E04691,2024,3.4,103.2,3.7,Medium,Meets,Not Ready
E04692,2026,3.2,76.8,3.2,High,Partially Meets,Ready Now
E04693,2023,2.3,67.2,2.4,Medium,Partially Meets,Ready Now
E04693,2024,2.7,78.0,2.7,Low,Partially Meets,Ready Now
E04693,2025,2.7,80.4,2.2,Medium,Partially Meets,Ready 1-2 Years
E04693,2026,2.8,76.4,3.1,Medium,Partially Meets,Not Ready
E04694,2022,2.8,74.9,2.6,Medium,Outstanding,Not Ready
E04694,2023,2.4,61.9,2.7,Medium,Meets,Ready Now
E04695,2022,5.0,97.6,5.0,High,Partially Meets,Ready Now
E04695,2023,4.5,88.4,4.9,Medium,Exceeds,Not Ready
E04695,2024,4.7,97.9,5.0,Medium,Exceeds,Not Ready
E04695,2025,4.0,89.4,4.2,Low,Outstanding,Ready 1-2 Years
E04695,2026,5.0,79.3,5.0,Medium,Exceeds,Not Ready
E04696,2022,4.0,76.9,4.0,Medium,Partially Meets,Ready Now
E04696,2023,3.5,74.7,3.6,Medium,Meets,Ready Now
E04696,2024,3.5,56.6,3.8,Medium,Meets,Ready 1-2 Years
E04696,2025,3.8,84.5,3.8,Medium,Exceeds,Not Ready
E04696,2026,3.8,80.1,4.2,Medium,Outstanding,Ready 1-2 Years
E04697,2022,2.7,79.1,2.6,Low,Exceeds,Ready Now
E04697,2023,3.1,82.9,3.1,Low,Outstanding,Ready 1-2 Years
E04697,2024,3.0,81.6,2.5,Medium,Exceeds,Not Ready
E04697,2025,2.5,97.3,2.4,Low,Exceeds,Ready Now
E04697,2026,2.4,84.7,2.2,Medium,Meets,Ready Now
E04698,2022,2.3,65.8,2.4,High,Outstanding,Ready Now
E04698,2023,1.8,72.1,1.9,High,Exceeds,Ready Now
E04698,2024,1.7,73.8,2.0,Low,Meets,Ready Now
E04698,2025,1.8,87.1,1.4,Low,Meets,Not Ready
E04698,2026,1.7,65.7,1.8,Low,Partially Meets,Ready 1-2 Years
E04700,2022,5.0,101.9,4.7,Low,Meets,Ready Now
E04700,2023,4.4,108.1,4.1,Low,Exceeds,Not Ready
E04700,2024,4.8,96.4,4.7,High,Partially Meets,Not Ready
E04700,2025,4.8,94.9,5.0,High,Meets,Ready 1-2 Years
E04700,2026,4.2,92.9,4.5,Medium,Partially Meets,Ready Now
E04701,2022,3.9,94.2,3.8,Medium,Exceeds,Not Ready
E04701,2023,3.5,91.7,4.0,Medium,Outstanding,Ready Now
E04701,2024,3.5,100.4,3.3,High,Meets,Not Ready
E04701,2025,3.9,86.4,4.1,Low,Partially Meets,Ready Now
E04701,2026,3.7,78.2,3.5,Low,Outstanding,Ready Now
E04702,2024,2.6,87.6,2.9,Medium,Exceeds,Ready 1-2 Years
E04702,2025,2.4,86.2,2.3,High,Exceeds,Ready Now
E04702,2026,1.9,68.4,2.4,High,Outstanding,Ready 1-2 Years
E04703,2022,2.2,64.5,2.4,Medium,Meets,Not Ready
E04703,2023,3.5,76.4,3.4,High,Exceeds,Ready 1-2 Years
E04703,2024,2.7,85.3,2.5,Medium,Outstanding,Not Ready
E04704,2022,2.6,73.8,2.2,High,Meets,Ready Now
E04704,2023,2.8,90.1,2.4,Medium,Exceeds,Ready 1-2 Years
E04704,2024,2.9,83.8,3.7,Low,Outstanding,Ready Now
E04704,2025,3.2,95.8,3.4,Medium,Exceeds,Not Ready
E04704,2026,2.9,75.8,3.3,High,Exceeds,Ready 1-2 Years
E04705,2025,3.2,84.5,2.9,Medium,Outstanding,Ready 1-2 Years
E04705,2026,3.6,97.6,4.4,Low,Partially Meets,Ready 1-2 Years
E04706,2024,2.8,75.7,2.9,Medium,Exceeds,Ready Now
E04706,2025,3.4,89.5,3.0,Low,Outstanding,Ready Now
E04706,2026,2.8,89.1,2.8,Medium,Exceeds,Not Ready
E04707,2022,2.7,83.7,2.6,Low,Partially Meets,Ready 1-2 Years
E04707,2023,2.2,82.1,2.3,Low,Partially Meets,Not Ready
E04707,2024,2.9,77.0,2.8,Medium,Meets,Ready 1-2 Years
E04708,2024,2.3,68.8,2.0,Medium,Partially Meets,Ready Now
E04708,2025,2.2,71.5,2.2,Low,Partially Meets,Not Ready
E04708,2026,2.4,69.4,2.7,High,Meets,Ready Now
E04709,2022,4.0,83.4,3.3,High,Partially Meets,Not Ready
E04709,2023,4.3,83.6,4.3,Medium,Exceeds,Ready Now
E04709,2024,3.7,75.8,3.4,Low,Meets,Ready Now
E04709,2025,3.5,78.2,3.4,High,Meets,Ready Now
E04709,2026,3.7,86.6,3.8,Medium,Meets,Ready 1-2 Years
E04710,2023,2.9,78.9,2.5,Medium,Outstanding,Ready Now
E04710,2024,3.1,93.9,2.9,High,Meets,Not Ready
E04710,2025,3.4,91.4,3.6,Medium,Outstanding,Not Ready
E04710,2026,3.4,86.2,3.6,Medium,Meets,Ready 1-2 Years
E04711,2024,3.4,85.9,2.8,Medium,Meets,Ready 1-2 Years
E04711,2025,2.7,57.6,2.4,Medium,Exceeds,Ready Now
E04711,2026,3.2,78.4,3.4,High,Meets,Ready Now
E04713,2022,3.2,104.0,2.3,Low,Partially Meets,Not Ready
E04713,2023,3.3,75.0,3.8,Medium,Outstanding,Ready Now
E04713,2024,4.0,109.5,4.3,High,Meets,Ready Now
E04713,2025,3.5,91.9,3.2,Low,Meets,Not Ready
E04713,2026,4.0,100.5,4.3,Low,Partially Meets,Ready Now
E04714,2022,2.9,74.5,3.0,Medium,Outstanding,Ready Now
E04714,2023,3.5,98.1,3.6,Medium,Partially Meets,Ready 1-2 Years
E04714,2024,2.6,80.0,2.2,High,Partially Meets,Ready 1-2 Years
E04714,2025,3.0,74.7,2.6,Medium,Outstanding,Not Ready
E04714,2026,2.7,67.0,2.8,High,Meets,Ready Now
E04715,2022,3.7,86.2,3.4,Low,Partially Meets,Ready Now
E04715,2023,3.8,100.8,3.7,Medium,Partially Meets,Ready 1-2 Years
E04715,2024,3.5,94.8,2.8,Medium,Outstanding,Ready 1-2 Years
E04715,2025,3.6,104.3,3.6,Medium,Meets,Ready 1-2 Years
E04715,2026,3.9,98.7,3.7,Medium,Meets,Ready Now
E04716,2023,4.1,99.6,3.8,High,Meets,Ready Now
E04716,2024,4.0,80.1,3.7,High,Meets,Not Ready
E04716,2025,3.6,77.4,3.6,Medium,Outstanding,Ready 1-2 Years
E04716,2026,3.1,90.3,3.2,Medium,Partially Meets,Ready Now
E04717,2022,3.8,95.1,3.5,Low,Partially Meets,Not Ready
E04717,2023,3.9,79.2,4.3,Medium,Meets,Ready Now
E04717,2024,4.0,101.0,3.9,High,Meets,Ready Now
E04717,2025,3.9,91.5,4.0,Medium,Exceeds,Ready Now
E04717,2026,3.8,78.3,4.3,Medium,Exceeds,Ready Now
E04718,2022,2.1,66.1,2.1,High,Outstanding,Ready Now
E04718,2023,2.0,72.2,2.1,Medium,Meets,Not Ready
E04718,2024,1.4,61.6,1.0,Medium,Exceeds,Not Ready
E04718,2025,2.1,71.2,2.0,Low,Meets,Ready Now
E04718,2026,2.2,74.3,2.0,Medium,Meets,Ready Now
E04719,2022,3.1,78.2,3.2,Low,Exceeds,Ready Now
E04719,2023,3.1,80.8,3.1,Medium,Meets,Not Ready
E04719,2024,3.6,97.9,4.2,Medium,Meets,Ready 1-2 Years
E04719,2025,2.8,72.3,2.8,Medium,Outstanding,Ready 1-2 Years
E04719,2026,3.3,92.0,2.7,High,Meets,Ready Now
E04720,2022,2.8,75.9,2.5,Low,Outstanding,Ready 1-2 Years
E04720,2023,2.8,81.8,2.8,Medium,Exceeds,Ready Now
E04720,2024,2.9,82.5,3.0,Medium,Meets,Not Ready
E04720,2025,2.8,68.5,2.9,Medium,Outstanding,Ready 1-2 Years
E04720,2026,2.9,95.9,2.6,High,Outstanding,Ready Now
E04722,2022,2.1,78.5,2.5,Low,Meets,Ready Now
E04722,2023,2.7,82.8,3.0,Medium,Partially Meets,Not Ready
E04722,2024,1.7,72.1,1.8,High,Meets,Ready Now
E04722,2025,2.1,93.1,1.9,High,Partially Meets,Ready 1-2 Years
E04722,2026,2.1,67.5,1.9,Medium,Partially Meets,Ready 1-2 Years
E04723,2022,1.8,64.6,1.9,Low,Exceeds,Ready Now
E04723,2023,2.8,74.1,3.1,Medium,Meets,Ready 1-2 Years
E04723,2024,2.4,78.9,2.6,Low,Meets,Ready Now
E04723,2025,2.7,75.6,2.6,Low,Exceeds,Ready 1-2 Years
E04723,2026,2.5,83.3,2.7,Medium,Outstanding,Not Ready
E04725,2026,4.3,88.6,4.4,Medium,Outstanding,Not Ready
E04726,2025,4.2,79.1,4.5,Medium,Meets,Ready 1-2 Years
E04726,2026,4.3,73.6,4.3,Medium,Outstanding,Ready 1-2 Years
E04727,2022,3.7,90.0,3.5,Medium,Exceeds,Not Ready
E04727,2023,4.3,87.1,4.6,High,Outstanding,Ready 1-2 Years
E04727,2024,3.7,86.2,3.2,Medium,Meets,Ready Now
E04727,2025,3.8,71.8,3.2,Low,Meets,Not Ready
E04727,2026,4.3,89.3,4.5,High,Exceeds,Ready Now
E04728,2022,3.6,66.9,3.4,Medium,Partially Meets,Ready Now
E04728,2023,3.4,76.0,3.7,High,Meets,Ready Now
E04728,2024,2.8,94.9,3.1,Medium,Exceeds,Ready Now
E04728,2025,3.1,72.0,3.5,Medium,Meets,Ready Now
E04728,2026,3.3,89.0,3.6,High,Meets,Ready Now
E04730,2022,3.8,108.4,3.9,Medium,Outstanding,Not Ready
E04730,2023,4.6,87.9,4.4,Medium,Meets,Ready Now
E04730,2024,4.6,91.7,4.8,High,Meets,Ready Now
E04730,2025,4.1,89.4,3.6,Medium,Exceeds,Not Ready
E04730,2026,4.8,102.7,5.0,Medium,Outstanding,Ready Now
E04731,2025,4.1,84.7,4.0,Medium,Meets,Ready Now
E04731,2026,4.3,84.5,4.5,High,Outstanding,Not Ready
E04732,2022,2.4,76.8,2.6,Medium,Exceeds,Ready 1-2 Years
E04732,2023,2.9,102.8,2.6,Medium,Partially Meets,Ready Now
E04732,2024,2.2,70.8,2.0,Medium,Meets,Ready Now
E04732,2025,2.6,94.7,3.1,Medium,Exceeds,Not Ready
E04732,2026,2.5,89.2,2.6,Low,Exceeds,Not Ready
E04733,2022,3.3,89.2,3.7,Medium,Meets,Ready Now
E04733,2023,2.8,77.3,2.9,Medium,Meets,Not Ready
E04733,2024,3.1,99.3,3.1,Low,Meets,Ready Now
E04733,2025,3.0,75.5,3.2,Medium,Outstanding,Ready 1-2 Years
E04733,2026,3.3,77.6,3.3,High,Meets,Ready 1-2 Years
E04734,2024,3.6,82.6,3.9,Low,Meets,Not Ready
E04734,2025,3.4,94.4,3.5,High,Meets,Not Ready
E04734,2026,3.3,90.6,3.8,High,Exceeds,Ready Now
E04735,2022,3.3,77.1,3.2,Low,Exceeds,Ready Now
E04735,2023,3.2,74.1,2.9,Medium,Outstanding,Not Ready
E04735,2024,3.3,67.3,3.4,Low,Exceeds,Ready 1-2 Years
E04735,2025,3.4,86.7,3.7,High,Meets,Ready Now
E04735,2026,2.8,75.2,2.7,High,Exceeds,Ready Now
E04736,2022,3.3,100.1,2.7,Medium,Outstanding,Ready 1-2 Years
E04736,2023,3.5,89.3,3.4,Medium,Meets,Ready 1-2 Years
E04736,2024,3.5,75.7,3.5,Medium,Outstanding,Ready Now
E04736,2025,3.8,93.4,3.9,Medium,Meets,Ready 1-2 Years
E04736,2026,3.7,82.5,3.7,Low,Meets,Ready 1-2 Years
E04737,2022,4.0,77.0,4.0,Medium,Meets,Ready 1-2 Years
E04737,2023,3.6,88.8,3.5,Medium,Exceeds,Ready 1-2 Years
E04737,2024,3.6,95.6,4.1,High,Exceeds,Ready Now
E04737,2025,3.3,81.0,3.3,Medium,Exceeds,Ready Now
E04738,2022,3.0,61.4,3.0,Medium,Exceeds,Ready Now
E04738,2023,3.8,90.1,3.6,Low,Partially Meets,Ready 1-2 Years
E04738,2024,3.5,89.4,3.2,High,Exceeds,Not Ready
E04738,2025,3.6,89.4,3.4,High,Exceeds,Not Ready
E04738,2026,3.4,94.7,3.3,Medium,Partially Meets,Ready Now
E04739,2022,4.0,100.8,4.3,Medium,Exceeds,Ready Now
E04739,2023,3.9,98.3,4.0,High,Meets,Ready 1-2 Years
E04739,2024,3.9,77.1,4.0,Low,Outstanding,Ready 1-2 Years
E04739,2025,4.1,106.0,4.0,Medium,Exceeds,Not Ready
E04739,2026,4.2,96.0,4.0,Low,Meets,Not Ready
E04740,2022,3.6,80.0,3.3,Medium,Meets,Ready Now
E04740,2023,3.6,80.7,3.3,Low,Exceeds,Ready Now
E04740,2024,3.2,76.6,3.6,Medium,Exceeds,Ready Now
E04740,2025,3.8,73.2,3.6,Medium,Meets,Ready 1-2 Years
E04740,2026,3.9,86.7,4.3,High,Outstanding,Not Ready
E04741,2022,3.8,83.6,4.1,Low,Meets,Ready 1-2 Years
E04741,2023,3.0,89.9,2.9,Low,Exceeds,Not Ready
E04741,2024,3.3,76.8,3.4,Medium,Outstanding,Not Ready
E04741,2025,3.1,88.6,3.0,Medium,Outstanding,Ready Now
E04741,2026,3.0,76.9,3.0,Medium,Exceeds,Ready Now
E04743,2022,3.8,67.4,3.8,Medium,Partially Meets,Not Ready
E04743,2023,3.7,105.4,3.4,Medium,Meets,Not Ready
E04743,2024,3.9,75.7,3.5,Medium,Exceeds,Ready 1-2 Years
E04743,2025,3.7,89.0,3.7,High,Exceeds,Ready Now
E04743,2026,3.6,73.6,4.1,Medium,Exceeds,Ready 1-2 Years
E04744,2022,3.9,89.7,3.8,High,Outstanding,Ready 1-2 Years
E04744,2023,4.2,84.2,4.4,Low,Partially Meets,Ready 1-2 Years
E04744,2024,3.6,70.1,3.6,Medium,Outstanding,Not Ready
E04744,2025,3.8,83.9,3.6,High,Meets,Ready 1-2 Years
E04744,2026,4.1,88.6,3.6,Low,Meets,Ready Now
E04745,2022,3.4,67.8,3.4,Medium,Meets,Ready 1-2 Years
E04745,2023,3.0,98.1,3.1,Medium,Exceeds,Not Ready
E04745,2024,2.9,82.3,3.0,Medium,Outstanding,Ready Now
E04745,2025,2.3,84.4,2.5,High,Meets,Not Ready
E04745,2026,2.7,83.9,2.4,Low,Meets,Ready 1-2 Years
E04746,2022,3.0,89.0,3.0,Medium,Meets,Not Ready
E04746,2023,3.3,82.4,3.7,Low,Exceeds,Ready 1-2 Years
E04746,2024,4.0,109.5,4.6,Medium,Meets,Ready Now
E04746,2025,3.4,91.5,3.7,High,Meets,Ready 1-2 Years
E04746,2026,3.3,81.9,3.0,Low,Exceeds,Not Ready
E04747,2022,3.4,78.8,3.9,Medium,Exceeds,Ready Now
E04747,2023,3.4,92.4,3.1,Medium,Outstanding,Ready Now
E04747,2024,4.0,80.0,4.4,Low,Outstanding,Not Ready
E04747,2025,3.6,97.5,3.2,Medium,Outstanding,Ready 1-2 Years
E04747,2026,3.2,69.7,2.8,Medium,Partially Meets,Ready 1-2 Years
E04748,2025,3.4,58.5,3.0,Low,Partially Meets,Not Ready
E04748,2026,2.9,75.7,3.3,High,Outstanding,Not Ready
E04749,2022,3.6,77.9,3.4,Medium,Outstanding,Ready 1-2 Years
E04749,2023,3.2,76.5,3.1,Medium,Meets,Ready 1-2 Years
E04749,2024,3.6,79.9,3.0,Low,Partially Meets,Not Ready
E04750,2025,2.6,74.8,2.7,Low,Meets,Not Ready
E04750,2026,2.4,71.2,2.1,Medium,Meets,Not Ready
E04751,2022,3.9,92.4,3.9,High,Exceeds,Not Ready
E04751,2023,3.5,79.0,3.5,Medium,Meets,Not Ready
E04751,2024,3.4,81.7,3.2,Medium,Exceeds,Not Ready
E04751,2025,3.6,95.5,3.9,Low,Meets,Not Ready
E04751,2026,4.4,97.1,4.5,Medium,Outstanding,Ready 1-2 Years
E04752,2022,2.4,84.3,2.7,High,Exceeds,Ready 1-2 Years
E04752,2023,2.8,68.1,2.8,Medium,Meets,Ready Now
E04752,2024,2.8,102.8,2.9,Medium,Meets,Ready Now
E04752,2025,2.7,71.0,2.9,Medium,Partially Meets,Ready Now
E04752,2026,2.4,93.2,2.6,Medium,Meets,Ready 1-2 Years
E04753,2022,3.2,94.6,3.3,Medium,Meets,Ready Now
E04753,2023,3.5,78.8,3.6,Medium,Meets,Ready Now
E04753,2024,3.0,79.7,3.3,Medium,Meets,Ready Now
E04753,2025,4.0,95.2,4.4,High,Partially Meets,Not Ready
E04753,2026,3.2,81.4,3.1,Medium,Meets,Not Ready
E04754,2022,4.1,87.3,3.9,Low,Meets,Not Ready
E04754,2023,3.9,91.2,4.2,High,Meets,Ready Now
E04754,2024,4.4,70.5,3.8,Low,Exceeds,Not Ready
E04754,2025,4.9,99.2,5.0,Medium,Meets,Ready 1-2 Years
E04754,2026,4.2,99.7,4.0,Medium,Meets,Ready 1-2 Years
E04756,2022,4.5,105.0,4.2,Low,Meets,Not Ready
E04756,2023,3.8,88.0,3.4,Low,Partially Meets,Ready Now
E04756,2024,4.0,83.7,4.1,Medium,Partially Meets,Not Ready
E04756,2025,4.2,88.8,4.4,Medium,Outstanding,Ready Now
E04756,2026,4.2,94.8,3.9,Medium,Meets,Not Ready
E04757,2023,3.4,63.9,3.1,High,Meets,Not Ready
E04757,2024,3.2,94.3,3.2,Low,Meets,Ready Now
E04757,2025,3.2,93.2,3.2,Medium,Partially Meets,Ready 1-2 Years
E04757,2026,2.7,73.2,2.5,Low,Meets,Not Ready
E04758,2022,3.1,88.5,2.7,High,Exceeds,Ready 1-2 Years
E04758,2023,3.5,83.9,3.2,Medium,Meets,Ready Now
E04758,2024,3.3,89.6,3.6,Medium,Meets,Ready Now
E04758,2025,3.4,80.0,3.9,Medium,Outstanding,Not Ready
E04758,2026,3.3,86.4,3.2,Medium,Meets,Ready 1-2 Years
E04759,2022,3.1,85.0,2.6,Medium,Meets,Ready Now
E04759,2023,4.0,101.1,4.1,Medium,Outstanding,Ready 1-2 Years
E04759,2024,3.4,83.2,3.2,Low,Outstanding,Ready Now
E04759,2025,2.8,72.0,2.8,Low,Meets,Not Ready
E04759,2026,3.3,93.2,3.8,Medium,Meets,Not Ready
E04760,2022,4.2,89.2,4.7,Medium,Partially Meets,Ready 1-2 Years
E04760,2023,3.7,89.6,3.6,High,Meets,Ready 1-2 Years
E04760,2024,4.2,71.1,4.1,Low,Meets,Ready Now
E04760,2025,4.2,85.5,4.0,Low,Partially Meets,Not Ready
E04760,2026,3.3,71.5,3.5,Medium,Exceeds,Ready Now
E04761,2022,3.9,86.2,3.8,Low,Exceeds,Ready Now
E04761,2023,4.5,93.0,4.5,High,Partially Meets,Ready Now
E04761,2024,3.7,92.4,3.4,Medium,Outstanding,Ready 1-2 Years
E04761,2025,4.0,100.0,4.2,Medium,Meets,Not Ready
E04761,2026,3.5,89.3,4.2,Medium,Exceeds,Ready Now
E04762,2022,4.9,102.2,4.4,Medium,Outstanding,Ready 1-2 Years
E04762,2023,4.4,96.1,4.4,Medium,Meets,Ready 1-2 Years
E04762,2024,4.6,96.6,4.6,Medium,Exceeds,Not Ready
E04762,2025,4.6,95.3,4.4,Medium,Meets,Not Ready
E04762,2026,4.0,75.6,3.8,Low,Partially Meets,Not Ready
E04763,2022,2.0,80.1,2.0,Medium,Exceeds,Not Ready
E04763,2023,2.3,79.6,1.7,High,Outstanding,Ready 1-2 Years
E04763,2024,2.4,78.9,1.8,Medium,Exceeds,Ready Now
E04763,2025,2.6,67.4,2.3,Medium,Outstanding,Not Ready
E04763,2026,2.4,72.7,1.9,Medium,Meets,Not Ready
E04764,2022,4.1,101.2,4.1,Medium,Exceeds,Ready 1-2 Years
E04764,2023,3.5,49.5,3.3,Medium,Meets,Ready 1-2 Years
E04764,2024,4.4,95.5,4.8,Medium,Exceeds,Ready Now
E04764,2025,3.8,94.9,4.4,Low,Exceeds,Ready Now
E04764,2026,3.7,94.0,3.8,Medium,Outstanding,Ready Now
E04765,2022,3.6,87.3,3.7,High,Exceeds,Ready 1-2 Years
E04765,2023,3.8,99.3,3.8,Medium,Exceeds,Ready 1-2 Years
E04766,2025,3.6,105.9,3.9,High,Meets,Not Ready
E04766,2026,3.8,83.6,3.5,Medium,Meets,Ready Now
E04767,2022,3.9,84.3,3.8,Medium,Meets,Ready 1-2 Years
E04767,2023,3.8,88.4,3.4,Medium,Meets,Ready Now
E04767,2024,3.7,109.4,4.0,Medium,Outstanding,Not Ready
E04767,2025,3.7,88.8,3.5,Low,Meets,Ready Now
E04767,2026,3.8,83.6,4.2,Medium,Meets,Ready 1-2 Years
E04768,2022,3.1,65.2,3.2,Low,Exceeds,Ready Now
E04768,2023,3.0,86.8,3.5,Medium,Partially Meets,Ready 1-2 Years
E04768,2024,2.9,84.8,2.5,Medium,Partially Meets,Not Ready
E04768,2025,3.3,98.2,3.4,High,Partially Meets,Ready 1-2 Years
E04768,2026,3.6,85.9,3.9,Medium,Partially Meets,Ready Now
E04769,2022,4.1,93.9,3.7,Medium,Partially Meets,Ready Now
E04769,2023,3.6,81.8,4.0,Low,Partially Meets,Ready Now
E04769,2024,3.7,95.3,3.7,High,Meets,Ready Now
E04769,2025,4.3,95.9,4.4,Low,Outstanding,Ready Now
E04769,2026,4.0,95.7,4.1,High,Meets,Ready 1-2 Years
E04770,2023,3.2,87.1,3.7,Low,Meets,Not Ready
E04770,2024,3.9,76.2,4.1,Medium,Meets,Ready Now
E04770,2025,3.8,86.9,3.8,High,Partially Meets,Ready Now
E04770,2026,3.9,76.7,3.3,Medium,Meets,Ready Now
E04771,2022,3.2,91.4,3.2,High,Meets,Ready 1-2 Years
E04771,2023,3.9,86.2,3.8,Medium,Meets,Ready Now
E04772,2022,3.4,78.3,3.4,Medium,Exceeds,Not Ready
E04772,2023,3.1,65.8,2.9,Low,Exceeds,Not Ready
E04772,2024,2.3,93.4,2.6,Low,Meets,Not Ready
E04772,2025,2.8,72.9,3.0,Low,Meets,Not Ready
E04772,2026,3.1,80.2,3.2,Medium,Partially Meets,Ready 1-2 Years
E04773,2023,4.7,71.0,5.0,Medium,Partially Meets,Ready Now
E04773,2024,4.1,79.8,3.8,Medium,Meets,Not Ready
E04773,2025,4.7,92.4,4.4,Low,Meets,Ready 1-2 Years
E04773,2026,4.0,99.6,4.3,Medium,Exceeds,Ready Now
E04774,2023,4.1,101.3,4.4,Medium,Partially Meets,Ready 1-2 Years
E04774,2024,3.8,82.2,3.8,High,Partially Meets,Ready 1-2 Years
E04774,2025,3.8,73.1,3.7,Medium,Exceeds,Ready Now
E04774,2026,3.8,84.1,4.3,Medium,Meets,Ready Now
E04775,2022,3.2,82.4,3.3,Low,Partially Meets,Ready Now
E04775,2023,2.5,90.1,2.6,High,Meets,Ready Now
E04775,2024,3.3,75.3,3.5,Medium,Partially Meets,Not Ready
E04775,2025,2.9,78.7,3.5,Medium,Meets,Ready Now
E04775,2026,3.0,93.4,3.3,Medium,Exceeds,Not Ready
E04776,2024,1.7,78.0,1.6,Medium,Partially Meets,Not Ready
E04776,2025,2.0,61.6,2.1,Medium,Meets,Ready Now
E04776,2026,2.6,64.6,2.6,Low,Exceeds,Ready Now
E04777,2023,3.7,87.3,3.7,Medium,Partially Meets,Not Ready
E04777,2024,4.2,72.7,4.8,High,Outstanding,Ready 1-2 Years
E04777,2025,4.0,64.3,3.9,Medium,Outstanding,Ready Now
E04777,2026,4.1,91.0,4.9,Medium,Meets,Ready Now
E04778,2022,3.4,73.7,3.1,Medium,Partially Meets,Ready 1-2 Years
E04778,2023,3.3,86.4,3.2,Medium,Meets,Not Ready
E04779,2026,3.5,80.7,3.7,High,Outstanding,Ready Now
E04780,2026,4.0,95.8,4.0,Medium,Meets,Not Ready
E04781,2022,3.1,91.7,3.1,Medium,Meets,Ready Now
E04781,2023,3.5,77.9,3.5,High,Meets,Ready Now
E04781,2024,3.2,97.3,3.1,Medium,Meets,Ready 1-2 Years
E04781,2025,4.0,91.6,4.2,Medium,Partially Meets,Ready 1-2 Years
E04781,2026,2.9,76.5,2.7,Medium,Outstanding,Ready 1-2 Years
E04782,2024,3.0,65.8,3.0,Medium,Meets,Ready 1-2 Years
E04782,2025,3.1,81.4,3.3,Low,Meets,Ready 1-2 Years
E04782,2026,3.9,74.3,4.5,Medium,Meets,Not Ready
E04783,2023,4.0,72.3,3.8,Medium,Exceeds,Not Ready
E04783,2024,3.4,80.1,3.3,Medium,Meets,Ready 1-2 Years
E04783,2025,3.7,88.3,3.3,Low,Meets,Ready 1-2 Years
E04783,2026,3.1,82.0,3.9,Medium,Outstanding,Ready 1-2 Years
E04784,2023,3.1,101.8,2.8,Medium,Outstanding,Ready 1-2 Years
E04784,2024,3.2,98.6,3.2,Low,Exceeds,Ready Now
E04784,2025,2.6,86.1,2.6,Medium,Meets,Not Ready
E04784,2026,2.8,74.1,2.9,Medium,Meets,Ready 1-2 Years
E04785,2022,3.4,86.9,3.3,Medium,Partially Meets,Not Ready
E04787,2022,3.9,62.6,4.3,Medium,Outstanding,Ready 1-2 Years
E04787,2023,3.5,79.7,3.7,Medium,Meets,Ready Now
E04787,2024,4.0,76.8,4.2,Medium,Exceeds,Not Ready
E04787,2025,3.8,81.0,3.6,Low,Meets,Ready 1-2 Years
E04787,2026,3.7,65.0,3.5,Low,Meets,Ready Now
E04788,2022,4.1,81.8,3.6,Medium,Meets,Ready 1-2 Years
E04788,2023,3.6,88.5,3.6,High,Meets,Ready Now
E04789,2022,2.4,83.3,2.4,Medium,Meets,Ready Now
E04789,2023,2.5,80.9,2.1,Medium,Outstanding,Ready 1-2 Years
E04789,2024,1.8,67.5,2.0,Medium,Exceeds,Ready 1-2 Years
E04789,2025,2.0,59.0,2.2,Medium,Meets,Not Ready
E04789,2026,3.0,79.5,3.3,Medium,Partially Meets,Ready 1-2 Years
E04790,2026,3.3,86.7,2.8,High,Meets,Ready Now
E04791,2022,2.6,85.2,2.7,Medium,Exceeds,Not Ready
E04791,2023,3.1,75.7,2.8,Medium,Partially Meets,Ready 1-2 Years
E04791,2024,3.0,69.2,2.6,Medium,Outstanding,Not Ready
E04791,2025,2.5,87.4,2.5,Low,Meets,Not Ready
E04791,2026,3.2,95.8,2.8,Medium,Meets,Not Ready
E04792,2022,2.9,87.5,3.0,Medium,Partially Meets,Ready Now
E04792,2023,2.6,82.4,2.8,Medium,Meets,Not Ready
E04792,2024,2.7,87.1,2.7,Medium,Partially Meets,Ready 1-2 Years
E04792,2025,2.6,85.5,2.4,Medium,Meets,Ready Now
E04792,2026,1.9,58.0,2.5,Low,Partially Meets,Not Ready
E04793,2026,4.8,92.7,4.9,Medium,Exceeds,Ready 1-2 Years
E04794,2023,3.2,87.6,2.8,High,Partially Meets,Ready 1-2 Years
E04794,2024,3.0,80.0,2.8,Medium,Partially Meets,Ready 1-2 Years
E04794,2025,3.3,88.4,3.5,Low,Exceeds,Not Ready
E04794,2026,3.4,82.3,2.8,High,Meets,Ready 1-2 Years
E04797,2022,3.4,80.3,3.4,Medium,Exceeds,Ready 1-2 Years
E04797,2023,3.5,69.2,3.8,Low,Meets,Ready Now
E04797,2024,4.0,93.7,4.5,Medium,Outstanding,Not Ready
E04797,2025,3.7,78.9,4.0,Medium,Outstanding,Ready 1-2 Years
E04797,2026,4.2,100.4,3.6,Medium,Partially Meets,Not Ready
E04799,2022,2.6,75.6,2.3,Medium,Meets,Not Ready
E04799,2023,3.7,87.5,3.4,Medium,Partially Meets,Not Ready
E04799,2024,3.9,93.8,4.1,Medium,Meets,Ready 1-2 Years
E04799,2025,3.7,67.9,3.9,Medium,Exceeds,Ready Now
E04799,2026,3.9,77.4,3.6,High,Partially Meets,Ready 1-2 Years
E04800,2022,3.2,90.0,3.2,Low,Partially Meets,Not Ready
E04800,2023,3.2,100.4,3.0,Low,Meets,Ready 1-2 Years
E04800,2024,3.2,65.6,3.7,Low,Partially Meets,Ready 1-2 Years
E04800,2025,2.9,79.0,2.7,High,Meets,Not Ready
E04800,2026,3.5,80.0,3.3,Medium,Meets,Ready Now
E04801,2022,3.0,92.8,3.0,Medium,Outstanding,Ready Now
E04801,2023,3.4,65.0,3.6,Medium,Meets,Ready 1-2 Years
E04801,2024,3.5,88.6,3.9,Medium,Meets,Ready Now
E04801,2025,3.2,78.2,3.4,Medium,Outstanding,Not Ready
E04801,2026,3.1,85.0,2.7,Medium,Partially Meets,Not Ready
E04802,2022,4.4,91.4,4.4,High,Outstanding,Ready 1-2 Years
E04802,2023,3.6,91.8,3.1,Medium,Outstanding,Ready Now
E04802,2024,3.9,90.1,3.6,Medium,Meets,Ready 1-2 Years
E04802,2025,4.2,89.0,4.4,High,Meets,Not Ready
E04802,2026,3.8,86.4,3.7,Medium,Meets,Ready 1-2 Years
E04803,2024,2.3,83.5,2.3,Medium,Meets,Ready 1-2 Years
E04803,2025,1.9,58.0,2.0,Medium,Meets,Not Ready
E04803,2026,2.0,83.5,2.1,Medium,Exceeds,Ready Now
E04804,2022,3.2,97.1,2.9,Medium,Outstanding,Ready 1-2 Years
E04804,2023,3.1,95.1,2.9,Medium,Exceeds,Ready Now
E04804,2024,3.5,83.2,3.4,Medium,Meets,Ready 1-2 Years
E04804,2025,3.7,93.2,3.8,Medium,Exceeds,Ready 1-2 Years
E04804,2026,3.7,102.2,3.8,Medium,Partially Meets,Not Ready
E04805,2022,2.8,91.2,2.0,High,Meets,Ready Now
E04805,2023,3.5,87.6,3.4,Medium,Meets,Ready 1-2 Years
E04805,2024,2.6,78.6,2.4,Medium,Partially Meets,Ready 1-2 Years
E04805,2025,3.2,91.8,3.3,Medium,Meets,Ready Now
E04805,2026,2.9,94.0,3.5,Medium,Exceeds,Ready 1-2 Years
E04807,2022,2.5,80.0,2.2,Medium,Meets,Not Ready
E04807,2023,2.7,89.1,2.9,Medium,Exceeds,Ready 1-2 Years
E04807,2024,2.7,72.4,2.7,Medium,Partially Meets,Ready 1-2 Years
E04807,2025,2.5,71.6,2.3,Medium,Partially Meets,Ready Now
E04807,2026,3.4,74.2,3.8,Medium,Meets,Not Ready
E04808,2022,3.0,87.7,2.9,High,Meets,Ready Now
E04808,2023,3.4,87.1,3.4,Medium,Meets,Ready 1-2 Years
E04809,2025,3.4,72.3,3.3,Medium,Exceeds,Ready Now
E04809,2026,4.5,108.8,4.4,Medium,Exceeds,Ready Now
E04810,2024,4.2,77.4,4.5,High,Meets,Not Ready
E04810,2025,3.5,82.7,4.0,Medium,Partially Meets,Not Ready
E04810,2026,4.4,95.0,4.8,Medium,Meets,Ready Now
E04811,2025,3.2,96.5,3.0,Medium,Exceeds,Not Ready
E04811,2026,3.3,91.9,3.1,Medium,Outstanding,Ready 1-2 Years
E04812,2022,2.8,90.1,2.4,Medium,Exceeds,Ready 1-2 Years
E04812,2023,3.6,114.9,3.3,Low,Exceeds,Not Ready
E04812,2024,3.4,102.5,3.2,Low,Meets,Not Ready
E04812,2025,2.9,90.1,2.9,Medium,Meets,Ready Now
E04812,2026,3.1,86.9,3.3,Medium,Meets,Not Ready
E04813,2022,2.3,69.4,2.2,Medium,Exceeds,Ready 1-2 Years
E04813,2023,2.9,83.1,3.0,Medium,Meets,Ready 1-2 Years
E04813,2024,2.9,73.9,2.9,Medium,Exceeds,Not Ready
E04813,2025,3.1,77.7,3.1,Low,Meets,Not Ready
E04813,2026,3.3,99.0,3.2,Medium,Exceeds,Ready 1-2 Years
E04814,2022,3.9,109.7,3.9,Medium,Exceeds,Ready 1-2 Years
E04814,2023,4.0,96.1,3.5,High,Outstanding,Ready Now
E04814,2024,4.0,82.2,4.0,Medium,Outstanding,Ready Now
E04814,2025,4.5,85.3,4.4,Medium,Meets,Ready 1-2 Years
E04814,2026,4.9,83.5,4.9,Medium,Meets,Not Ready
E04815,2022,3.9,77.6,4.3,Low,Meets,Ready Now
E04815,2023,3.6,101.0,3.4,Medium,Outstanding,Not Ready
E04815,2024,3.9,76.2,3.9,Medium,Outstanding,Ready 1-2 Years
E04815,2025,4.3,85.0,3.5,Low,Partially Meets,Ready 1-2 Years
E04815,2026,4.1,100.8,4.2,Low,Partially Meets,Ready 1-2 Years
E04816,2022,3.5,90.6,3.4,Medium,Meets,Ready 1-2 Years
E04816,2023,2.5,82.1,2.5,Medium,Exceeds,Ready 1-2 Years
E04816,2024,3.1,95.4,3.5,Medium,Exceeds,Ready Now
E04816,2025,3.4,78.5,2.5,Medium,Partially Meets,Not Ready
E04816,2026,2.8,82.4,2.8,Medium,Meets,Ready 1-2 Years
E04817,2022,2.8,94.7,2.7,Medium,Partially Meets,Ready 1-2 Years
E04817,2023,2.9,98.0,3.2,High,Partially Meets,Ready Now
E04817,2024,2.6,58.9,2.8,Medium,Meets,Ready Now
E04817,2025,2.9,57.9,3.2,Medium,Meets,Ready 1-2 Years
E04817,2026,3.4,89.2,3.3,Medium,Partially Meets,Not Ready
E04818,2022,3.4,103.7,3.4,Low,Meets,Not Ready
E04818,2023,2.7,76.8,2.7,High,Meets,Ready Now
E04818,2024,2.1,74.6,2.6,Low,Outstanding,Ready 1-2 Years
E04818,2025,3.0,84.8,3.2,Medium,Partially Meets,Not Ready
E04818,2026,3.1,93.6,3.2,Medium,Exceeds,Not Ready
E04819,2023,3.1,88.9,3.1,Medium,Meets,Ready Now
E04819,2024,2.7,88.7,2.0,Medium,Meets,Ready Now
E04819,2025,2.2,79.9,1.8,Medium,Partially Meets,Ready 1-2 Years
E04819,2026,2.8,80.3,2.4,Medium,Meets,Not Ready
E04820,2024,3.4,90.1,3.0,High,Partially Meets,Not Ready
E04820,2025,3.4,69.8,3.1,Medium,Meets,Not Ready
E04820,2026,3.6,92.8,3.6,Medium,Exceeds,Ready 1-2 Years
E04821,2022,3.0,66.1,3.0,High,Partially Meets,Ready 1-2 Years
E04821,2023,3.2,61.3,2.8,Medium,Exceeds,Ready 1-2 Years
E04821,2024,2.8,73.8,3.3,Medium,Meets,Ready 1-2 Years
E04821,2025,2.9,86.1,3.1,Low,Meets,Not Ready
E04821,2026,2.5,55.4,2.7,Low,Meets,Not Ready
E04822,2026,2.6,84.7,2.6,High,Meets,Ready 1-2 Years
E04823,2022,3.7,94.5,3.8,Low,Outstanding,Not Ready
E04824,2022,4.2,87.4,4.3,High,Partially Meets,Ready 1-2 Years
E04824,2023,4.0,92.8,4.0,Low,Meets,Not Ready
E04824,2024,4.4,84.9,4.2,Medium,Meets,Ready Now
E04824,2025,3.0,91.3,3.1,Medium,Meets,Not Ready
E04824,2026,3.3,82.7,3.0,Low,Meets,Ready Now
E04825,2022,3.8,85.1,3.4,Medium,Outstanding,Ready Now
E04825,2023,3.0,97.5,2.6,Medium,Outstanding,Ready 1-2 Years
E04825,2024,3.7,79.6,4.0,Medium,Outstanding,Ready 1-2 Years
E04825,2025,3.3,96.0,3.3,Low,Exceeds,Ready 1-2 Years
E04825,2026,3.6,79.5,3.8,Low,Exceeds,Ready 1-2 Years
E04826,2026,1.8,66.3,2.3,High,Exceeds,Not Ready
E04827,2022,2.1,83.8,2.2,Medium,Partially Meets,Ready 1-2 Years
E04827,2023,1.9,96.7,1.8,Medium,Meets,Ready Now
E04827,2024,2.2,70.7,1.8,Medium,Meets,Ready 1-2 Years
E04827,2025,2.3,79.0,2.4,Medium,Partially Meets,Ready 1-2 Years
E04827,2026,2.1,68.5,2.5,Medium,Exceeds,Not Ready
E04828,2026,3.9,93.9,4.3,Medium,Meets,Not Ready
E04830,2022,2.4,67.7,1.9,Low,Outstanding,Ready Now
E04830,2023,3.5,79.1,3.5,Medium,Exceeds,Ready Now
E04830,2024,3.1,77.7,3.1,Medium,Meets,Ready Now
E04830,2025,2.9,71.2,2.9,Medium,Meets,Ready Now
E04830,2026,2.4,82.2,1.9,Medium,Meets,Not Ready
E04831,2025,3.5,81.7,3.8,Medium,Outstanding,Ready 1-2 Years
E04832,2022,3.6,87.5,3.4,Low,Exceeds,Ready Now
E04832,2023,3.5,88.6,3.3,Medium,Outstanding,Not Ready
E04832,2024,3.5,81.3,3.6,Medium,Meets,Not Ready
E04832,2025,3.5,79.9,3.9,Medium,Outstanding,Ready 1-2 Years
E04832,2026,4.1,82.0,4.5,Medium,Meets,Ready Now
E04833,2022,3.5,99.6,3.1,Medium,Meets,Not Ready
E04833,2023,3.0,83.8,3.0,Medium,Outstanding,Ready 1-2 Years
E04833,2024,3.2,85.8,2.6,Medium,Outstanding,Not Ready
E04833,2025,3.2,77.0,3.1,Medium,Meets,Ready Now
E04833,2026,3.6,104.1,4.0,Low,Exceeds,Ready Now
E04836,2023,4.1,87.1,4.5,High,Outstanding,Ready 1-2 Years
E04836,2024,3.9,86.9,3.8,Low,Outstanding,Not Ready
E04836,2025,4.0,84.1,3.7,High,Outstanding,Not Ready
E04837,2022,2.8,80.4,2.6,Medium,Partially Meets,Not Ready
E04837,2023,2.8,74.0,2.8,Medium,Exceeds,Ready 1-2 Years
E04837,2024,2.8,85.2,3.3,Medium,Meets,Ready 1-2 Years
E04838,2026,3.2,83.9,3.1,Medium,Partially Meets,Ready 1-2 Years
E04839,2022,3.5,83.0,3.3,High,Outstanding,Ready 1-2 Years
E04839,2023,3.3,87.3,3.7,High,Partially Meets,Not Ready
E04839,2024,3.3,79.6,3.0,Medium,Outstanding,Not Ready
E04839,2025,2.9,81.0,2.9,Medium,Partially Meets,Ready Now
E04839,2026,3.3,91.5,3.4,Medium,Meets,Ready Now
E04840,2023,3.4,71.9,3.5,Medium,Meets,Ready Now
E04840,2024,3.2,84.0,2.8,Low,Partially Meets,Ready 1-2 Years
E04840,2025,3.0,91.2,3.2,Medium,Outstanding,Ready 1-2 Years
E04840,2026,3.1,62.1,2.9,Medium,Meets,Not Ready
E04841,2026,3.1,83.1,2.4,High,Partially Meets,Not Ready
E04843,2024,3.5,71.0,3.3,Medium,Partially Meets,Ready 1-2 Years
E04843,2025,3.5,73.1,3.5,Medium,Partially Meets,Not Ready
E04843,2026,3.3,97.1,3.0,Medium,Meets,Ready 1-2 Years
E04844,2023,3.3,90.1,3.5,Medium,Meets,Not Ready
E04844,2024,2.7,75.3,2.7,Medium,Outstanding,Not Ready
E04846,2022,2.9,77.9,3.1,Medium,Meets,Ready Now
E04846,2023,3.1,71.2,4.2,Medium,Exceeds,Not Ready
E04846,2024,2.9,84.0,3.0,Medium,Meets,Ready 1-2 Years
E04846,2025,3.3,87.9,2.8,Medium,Exceeds,Not Ready
E04846,2026,3.2,92.6,3.4,Medium,Meets,Ready 1-2 Years
E04847,2022,3.2,85.8,3.5,Medium,Meets,Ready Now
E04847,2023,2.9,93.5,3.3,Medium,Outstanding,Ready 1-2 Years
E04848,2024,4.2,91.0,3.8,Medium,Meets,Ready 1-2 Years
E04848,2025,4.3,95.7,4.5,High,Meets,Ready 1-2 Years
E04848,2026,3.7,94.4,3.8,Medium,Meets,Ready Now
E04850,2023,3.4,90.1,3.7,Medium,Exceeds,Ready Now
E04850,2024,3.3,83.5,3.7,Medium,Meets,Not Ready
E04850,2025,3.6,103.9,3.2,Medium,Meets,Not Ready
E04850,2026,3.7,88.5,3.7,High,Outstanding,Ready Now
E04851,2022,3.6,64.1,3.6,Low,Meets,Ready Now
E04851,2023,3.8,92.9,3.6,Medium,Partially Meets,Not Ready
E04851,2024,3.4,67.5,4.0,High,Meets,Not Ready
E04851,2025,3.6,86.9,3.8,Medium,Outstanding,Ready 1-2 Years
E04851,2026,4.3,105.9,4.1,High,Meets,Not Ready
E04852,2022,3.3,69.8,3.9,Low,Exceeds,Ready 1-2 Years
E04852,2023,3.3,70.3,2.8,Medium,Outstanding,Not Ready
E04852,2024,3.9,76.7,3.4,Low,Meets,Not Ready
E04852,2025,3.7,78.3,3.6,Low,Meets,Ready Now
E04852,2026,3.7,69.7,3.7,Medium,Partially Meets,Not Ready
E04853,2025,3.7,90.1,3.6,Medium,Partially Meets,Not Ready
E04853,2026,3.4,96.9,3.3,Medium,Meets,Ready 1-2 Years
E04854,2022,4.0,78.0,4.2,Medium,Partially Meets,Ready Now
E04854,2023,4.0,91.2,4.1,Low,Meets,Not Ready
E04854,2024,4.3,73.0,4.4,Medium,Meets,Ready Now
E04854,2025,4.1,90.5,3.5,Medium,Meets,Ready Now
E04854,2026,4.1,101.6,4.0,Medium,Partially Meets,Not Ready
E04855,2025,4.1,112.0,4.7,High,Exceeds,Not Ready
E04855,2026,3.9,88.2,4.2,High,Outstanding,Ready Now
E04856,2022,4.2,73.7,4.2,Medium,Partially Meets,Ready 1-2 Years
E04856,2023,4.6,86.1,4.2,High,Meets,Not Ready
E04856,2024,4.7,105.0,5.0,High,Outstanding,Ready Now
E04856,2025,4.4,79.0,4.2,Medium,Partially Meets,Ready Now
E04856,2026,3.9,76.8,4.2,Medium,Meets,Ready Now
E04857,2022,3.9,71.9,4.0,Medium,Meets,Not Ready
E04857,2023,3.3,79.4,2.9,Medium,Outstanding,Ready 1-2 Years
E04858,2026,4.2,81.9,4.0,Medium,Meets,Ready Now
E04859,2022,4.2,85.3,3.9,Medium,Meets,Ready Now
E04859,2023,3.7,76.4,4.2,Medium,Partially Meets,Ready Now
E04860,2022,3.8,91.6,3.6,High,Meets,Not Ready
E04860,2023,3.0,97.6,3.1,Medium,Meets,Ready 1-2 Years
E04860,2024,2.7,66.7,3.3,Medium,Outstanding,Ready 1-2 Years
E04860,2025,2.8,65.3,2.6,Low,Meets,Not Ready
E04860,2026,2.3,82.2,1.7,Medium,Meets,Ready Now
E04861,2023,2.7,85.5,2.7,Low,Meets,Not Ready
E04861,2024,2.0,70.9,1.7,Medium,Meets,Ready Now
E04861,2025,2.8,99.1,2.4,Low,Partially Meets,Ready 1-2 Years
E04861,2026,2.7,63.2,3.1,Medium,Partially Meets,Ready Now
E04862,2022,2.5,72.5,2.7,Low,Meets,Ready 1-2 Years
E04862,2023,2.1,55.4,2.4,Medium,Outstanding,Ready 1-2 Years
E04862,2024,2.6,83.7,2.1,Low,Meets,Ready 1-2 Years
E04863,2022,3.6,99.7,4.1,High,Partially Meets,Ready Now
E04865,2026,3.0,101.8,2.9,Low,Partially Meets,Not Ready
E04866,2022,3.7,91.7,3.2,High,Meets,Ready 1-2 Years
E04866,2023,2.9,92.8,3.2,High,Meets,Ready Now
E04866,2024,2.9,60.7,2.8,Medium,Partially Meets,Ready 1-2 Years
E04866,2025,3.4,99.9,3.7,Medium,Meets,Ready Now
E04866,2026,3.3,94.4,3.6,Medium,Meets,Not Ready
E04867,2022,3.3,86.5,3.3,Medium,Meets,Not Ready
E04867,2023,3.1,71.0,2.8,Medium,Meets,Not Ready
E04867,2024,2.5,85.6,3.0,Medium,Meets,Ready Now
E04867,2025,3.5,79.1,3.4,Medium,Meets,Ready Now
E04867,2026,2.7,81.8,3.3,Medium,Meets,Ready 1-2 Years
E04868,2024,3.0,87.4,3.0,Medium,Partially Meets,Ready Now
E04868,2025,3.5,82.6,3.8,Medium,Outstanding,Ready Now
E04868,2026,3.4,82.2,2.6,Low,Partially Meets,Ready 1-2 Years
E04869,2022,4.1,99.9,4.1,Medium,Exceeds,Ready Now
E04869,2023,4.6,96.0,4.7,Medium,Outstanding,Not Ready
E04869,2024,4.8,85.3,4.9,Medium,Meets,Not Ready
E04870,2022,2.8,78.7,3.1,Medium,Outstanding,Ready Now
E04870,2023,3.1,69.4,3.0,Low,Exceeds,Not Ready
E04870,2024,3.2,94.0,3.6,Medium,Meets,Ready 1-2 Years
E04870,2025,2.9,83.3,2.6,Medium,Exceeds,Ready Now
E04870,2026,2.7,84.3,2.7,High,Outstanding,Ready 1-2 Years
E04871,2025,3.6,86.7,3.5,Medium,Outstanding,Not Ready
E04871,2026,3.1,87.8,3.6,High,Meets,Ready 1-2 Years
E04873,2022,3.4,87.1,3.6,Low,Exceeds,Ready 1-2 Years
E04873,2023,3.0,63.9,2.4,Low,Partially Meets,Ready 1-2 Years
E04873,2024,3.4,74.0,3.7,Medium,Outstanding,Not Ready
E04873,2025,3.4,108.7,3.5,High,Partially Meets,Not Ready
E04873,2026,3.6,82.3,3.8,Low,Exceeds,Ready Now
E04874,2022,2.5,80.8,3.0,Low,Exceeds,Ready Now
E04874,2023,2.8,86.1,2.9,Medium,Outstanding,Ready Now
E04874,2024,2.7,73.1,2.5,Low,Meets,Ready 1-2 Years
E04874,2025,2.5,66.3,2.8,Medium,Exceeds,Not Ready
E04874,2026,2.7,86.2,2.5,Medium,Partially Meets,Ready Now
E04875,2023,3.1,102.1,3.5,Medium,Exceeds,Not Ready
E04875,2024,3.5,70.6,3.8,Medium,Exceeds,Not Ready
E04875,2025,3.6,78.4,3.8,High,Outstanding,Ready 1-2 Years
E04875,2026,2.8,90.6,2.9,Low,Exceeds,Ready Now
E04877,2022,4.8,97.9,4.7,Low,Meets,Ready 1-2 Years
E04877,2023,4.0,80.7,3.8,High,Meets,Ready 1-2 Years
E04877,2024,4.3,109.3,4.9,Medium,Meets,Ready Now
E04877,2025,4.4,88.0,4.4,Medium,Partially Meets,Ready 1-2 Years
E04877,2026,4.5,89.3,4.9,Medium,Exceeds,Not Ready
E04878,2026,2.9,84.6,2.9,Low,Outstanding,Ready Now
E04879,2024,4.0,93.2,4.2,Medium,Meets,Ready 1-2 Years
E04879,2025,3.8,90.5,3.4,Medium,Exceeds,Not Ready
E04879,2026,4.7,106.2,4.6,Low,Outstanding,Ready Now
E04880,2026,2.9,89.2,3.0,Medium,Meets,Ready Now
E04881,2022,4.8,84.3,5.0,Medium,Outstanding,Ready 1-2 Years
E04881,2023,4.8,92.1,4.6,Low,Outstanding,Ready 1-2 Years
E04881,2024,4.6,100.5,4.9,Medium,Meets,Ready Now
E04881,2025,4.8,88.7,4.8,Medium,Exceeds,Ready 1-2 Years
E04881,2026,4.8,87.5,4.6,Medium,Outstanding,Not Ready
E04882,2022,2.9,88.8,2.8,Low,Exceeds,Ready Now
E04882,2023,2.7,88.7,2.7,Low,Partially Meets,Not Ready
E04882,2024,3.5,86.0,4.0,High,Meets,Ready Now
E04883,2022,3.9,83.8,4.0,Medium,Meets,Ready Now
E04883,2023,3.8,92.2,3.9,Medium,Meets,Ready Now
E04883,2024,4.7,73.9,4.7,Medium,Meets,Not Ready
E04883,2025,4.1,88.5,4.0,High,Meets,Ready 1-2 Years
E04883,2026,4.3,92.5,4.6,Medium,Meets,Not Ready
E04884,2022,3.6,98.6,3.9,Medium,Outstanding,Ready Now
E04884,2023,3.6,89.1,3.7,Medium,Meets,Ready Now
E04884,2024,4.0,103.3,3.4,Medium,Partially Meets,Ready Now
E04885,2026,3.2,88.2,3.4,High,Meets,Ready 1-2 Years
E04886,2022,4.0,79.4,3.5,High,Partially Meets,Not Ready
E04886,2023,4.5,75.1,4.6,Medium,Exceeds,Ready 1-2 Years
E04886,2024,3.9,81.5,3.9,Low,Partially Meets,Ready Now
E04887,2022,3.2,95.9,3.2,Medium,Outstanding,Ready Now
E04887,2023,2.4,94.8,2.4,Low,Exceeds,Ready 1-2 Years
E04887,2024,2.2,64.2,2.1,High,Meets,Ready 1-2 Years
E04887,2025,2.8,85.2,2.7,Medium,Exceeds,Ready 1-2 Years
E04887,2026,3.3,73.6,3.4,Medium,Outstanding,Not Ready
E04888,2022,3.2,79.0,3.0,Medium,Meets,Ready Now
E04888,2023,3.9,90.8,4.0,Medium,Partially Meets,Ready 1-2 Years
E04889,2022,2.8,78.0,2.4,Medium,Outstanding,Not Ready
E04889,2023,1.9,74.7,1.8,Low,Exceeds,Ready Now
E04889,2024,2.4,52.1,2.4,High,Partially Meets,Not Ready
E04889,2025,2.2,101.8,2.5,Medium,Meets,Ready Now
E04889,2026,2.3,86.0,2.2,Medium,Partially Meets,Not Ready
E04890,2022,3.2,80.3,3.4,Medium,Partially Meets,Not Ready
E04890,2023,3.2,91.3,3.5,Low,Meets,Ready 1-2 Years
E04890,2024,3.2,103.0,3.2,Medium,Outstanding,Ready Now
E04890,2025,3.2,93.2,2.5,Medium,Outstanding,Not Ready
E04890,2026,2.7,80.0,2.3,Low,Exceeds,Ready 1-2 Years
E04892,2022,3.6,100.1,3.7,Medium,Outstanding,Ready Now
E04892,2023,3.6,86.5,3.1,Medium,Exceeds,Ready Now
E04892,2024,3.7,85.4,3.4,Medium,Meets,Ready Now
E04892,2025,4.2,81.5,4.1,Low,Partially Meets,Not Ready
E04892,2026,3.7,82.2,4.0,Medium,Outstanding,Not Ready
E04893,2023,3.7,73.8,3.5,Low,Meets,Ready 1-2 Years
E04893,2024,3.0,80.2,2.6,Medium,Outstanding,Not Ready
E04893,2025,3.4,73.6,3.5,Low,Meets,Ready 1-2 Years
E04893,2026,3.0,92.6,3.3,Low,Outstanding,Ready 1-2 Years
E04894,2024,2.8,71.9,2.9,High,Outstanding,Ready Now
E04894,2025,3.2,72.5,2.9,High,Meets,Ready Now
E04894,2026,3.4,73.1,3.0,Low,Meets,Ready Now
E04895,2025,3.7,75.5,3.4,Low,Outstanding,Not Ready
E04895,2026,3.6,86.0,3.6,Medium,Partially Meets,Ready 1-2 Years
E04896,2025,3.8,86.6,4.5,Medium,Meets,Ready Now
E04896,2026,4.4,108.5,4.9,Medium,Partially Meets,Ready 1-2 Years
E04897,2022,4.3,98.3,4.4,Medium,Partially Meets,Not Ready
E04897,2023,4.1,77.1,4.5,Medium,Exceeds,Ready 1-2 Years
E04897,2024,3.6,106.5,3.8,Medium,Meets,Ready Now
E04897,2025,3.7,86.7,4.3,Low,Partially Meets,Not Ready
E04897,2026,3.8,92.8,3.9,Medium,Meets,Ready 1-2 Years
E04898,2022,3.8,102.5,4.0,High,Exceeds,Not Ready
E04898,2023,3.5,75.3,3.1,Medium,Exceeds,Ready Now
E04898,2024,2.9,99.9,2.5,Low,Partially Meets,Ready 1-2 Years
E04898,2025,4.4,95.6,4.2,Medium,Meets,Ready 1-2 Years
E04898,2026,4.0,86.4,4.5,Medium,Partially Meets,Not Ready
E04899,2024,2.4,77.8,2.4,Medium,Partially Meets,Ready Now
E04899,2025,3.1,82.8,2.8,Low,Meets,Not Ready
E04899,2026,2.6,59.4,2.7,Medium,Partially Meets,Ready Now
E04900,2026,5.0,95.8,5.0,Medium,Outstanding,Ready Now
E04901,2022,4.2,98.6,3.7,High,Exceeds,Ready 1-2 Years
E04901,2023,4.1,94.7,3.7,Medium,Meets,Not Ready
E04901,2024,4.3,100.6,4.7,Medium,Meets,Not Ready
E04901,2025,3.7,101.8,3.5,Medium,Meets,Ready 1-2 Years
E04901,2026,4.1,93.8,3.9,Medium,Meets,Ready Now
E04903,2024,3.2,72.0,2.5,Medium,Meets,Ready 1-2 Years
E04903,2025,3.9,95.1,3.6,High,Partially Meets,Ready 1-2 Years
E04903,2026,2.8,72.8,2.9,Medium,Meets,Not Ready
E04904,2023,4.4,104.7,4.7,Medium,Partially Meets,Not Ready
E04904,2024,4.0,85.3,3.9,Medium,Meets,Ready 1-2 Years
E04904,2025,4.0,89.8,3.8,Low,Outstanding,Ready 1-2 Years
E04904,2026,4.3,102.9,3.9,Medium,Outstanding,Ready Now
E04905,2022,2.9,71.7,2.5,Medium,Meets,Ready Now
E04905,2023,2.8,77.0,2.9,Medium,Meets,Not Ready
E04905,2024,2.6,70.2,2.3,Medium,Exceeds,Ready 1-2 Years
E04905,2025,2.6,66.9,2.8,Medium,Meets,Ready 1-2 Years
E04905,2026,3.3,79.9,3.4,Low,Exceeds,Not Ready
E04906,2025,1.8,85.1,1.8,Medium,Outstanding,Not Ready
E04906,2026,2.6,81.4,2.4,Medium,Meets,Not Ready
E04907,2025,3.0,85.4,3.0,Medium,Meets,Ready Now
E04907,2026,3.4,79.6,3.6,Medium,Outstanding,Not Ready
E04908,2022,3.1,79.1,3.2,Medium,Exceeds,Not Ready
E04908,2023,3.0,70.8,3.2,Low,Outstanding,Not Ready
E04908,2024,3.1,78.9,3.2,Medium,Outstanding,Ready 1-2 Years
E04908,2025,3.0,79.8,2.3,Medium,Exceeds,Ready Now
E04908,2026,2.4,74.4,2.5,High,Meets,Ready 1-2 Years
E04910,2025,4.4,99.4,4.3,Medium,Partially Meets,Ready 1-2 Years
E04910,2026,4.6,100.8,4.5,High,Outstanding,Not Ready
E04911,2025,3.9,90.4,4.2,Low,Meets,Ready Now
E04911,2026,3.9,103.2,4.1,Medium,Meets,Not Ready
E04912,2022,3.4,85.5,3.3,Medium,Exceeds,Ready Now
E04912,2023,4.4,111.8,4.4,High,Exceeds,Ready 1-2 Years
E04912,2024,4.3,80.5,4.5,Medium,Partially Meets,Ready Now
E04912,2025,4.1,77.7,4.0,Low,Meets,Ready Now
E04912,2026,3.4,98.1,3.6,Medium,Partially Meets,Ready 1-2 Years
E04913,2026,3.6,78.8,3.9,Medium,Outstanding,Not Ready
E04914,2022,3.2,79.2,3.1,High,Outstanding,Ready 1-2 Years
E04914,2023,3.5,95.3,2.7,Medium,Partially Meets,Not Ready
E04915,2022,3.5,90.3,3.3,Medium,Exceeds,Not Ready
E04915,2023,3.7,64.7,3.6,Medium,Meets,Not Ready
E04915,2024,3.7,92.7,3.4,Low,Exceeds,Not Ready
E04915,2025,3.3,87.5,3.2,Low,Outstanding,Not Ready
E04915,2026,3.4,91.6,3.5,Medium,Partially Meets,Ready 1-2 Years
E04916,2024,2.6,80.0,2.5,Medium,Outstanding,Not Ready
E04916,2025,3.6,76.3,3.3,Medium,Partially Meets,Ready 1-2 Years
E04916,2026,3.2,83.8,3.2,Medium,Meets,Ready Now
E04917,2022,4.1,80.3,4.2,Medium,Outstanding,Ready Now
E04917,2023,4.3,89.5,3.9,Medium,Exceeds,Not Ready
E04917,2024,4.1,94.7,4.6,Low,Outstanding,Ready Now
E04917,2025,4.1,103.2,4.2,High,Exceeds,Ready 1-2 Years
E04917,2026,3.7,92.5,3.9,Medium,Meets,Ready 1-2 Years
E04918,2024,3.4,79.0,3.4,Medium,Exceeds,Not Ready
E04918,2025,3.3,79.2,3.4,Medium,Partially Meets,Not Ready
E04918,2026,3.9,97.7,4.0,High,Exceeds,Not Ready
E04919,2025,3.6,91.4,3.1,Low,Partially Meets,Not Ready
E04919,2026,4.2,120.0,4.0,Medium,Meets,Ready Now
E04920,2022,2.7,94.8,2.9,Medium,Meets,Ready 1-2 Years
E04920,2023,3.0,84.1,3.1,High,Meets,Not Ready
E04920,2024,2.7,72.8,2.7,Medium,Exceeds,Ready 1-2 Years
E04920,2025,2.9,91.2,2.9,Medium,Outstanding,Not Ready
E04920,2026,2.3,73.5,2.1,Medium,Meets,Ready Now
E04921,2024,4.1,96.7,4.2,High,Meets,Ready Now
E04921,2025,3.2,79.2,3.3,High,Meets,Ready 1-2 Years
E04923,2026,1.9,73.3,1.7,Medium,Exceeds,Ready Now
E04924,2022,4.7,95.6,5.0,Medium,Outstanding,Not Ready
E04924,2023,4.0,85.9,3.7,Medium,Outstanding,Ready 1-2 Years
E04924,2024,5.0,91.7,5.0,Medium,Meets,Ready 1-2 Years
E04924,2025,3.0,73.5,3.0,Low,Exceeds,Not Ready
E04924,2026,4.9,87.8,5.0,Low,Meets,Ready Now
E04925,2024,2.9,95.8,3.2,High,Outstanding,Ready 1-2 Years
E04925,2025,2.9,70.7,2.5,Medium,Meets,Not Ready
E04925,2026,2.8,85.1,2.5,High,Partially Meets,Not Ready
E04926,2022,3.9,83.3,4.3,Medium,Meets,Ready 1-2 Years
E04926,2023,3.0,75.6,3.0,Medium,Meets,Ready 1-2 Years
E04926,2024,3.2,84.5,3.4,Low,Meets,Ready Now
E04926,2025,4.1,96.0,4.7,High,Meets,Ready 1-2 Years
E04926,2026,3.7,98.0,3.8,Medium,Meets,Not Ready
E04927,2026,3.6,83.1,3.7,Medium,Partially Meets,Ready Now
E04928,2026,2.8,86.0,3.1,High,Partially Meets,Not Ready
E04929,2023,2.9,68.6,2.7,Medium,Meets,Not Ready
E04929,2024,3.1,81.6,3.1,Medium,Outstanding,Not Ready
E04929,2025,3.6,89.5,3.6,High,Meets,Not Ready
E04929,2026,2.7,88.6,2.6,Medium,Partially Meets,Ready Now
E04930,2022,3.0,95.5,3.2,Medium,Meets,Not Ready
E04930,2023,2.9,79.7,3.3,Medium,Meets,Ready 1-2 Years
E04930,2024,3.0,97.0,3.1,High,Meets,Ready 1-2 Years
E04930,2025,3.3,84.3,3.6,Low,Meets,Ready Now
E04930,2026,3.1,83.0,3.2,Low,Exceeds,Not Ready
E04931,2023,3.8,85.6,3.9,High,Meets,Ready Now
E04931,2024,3.7,76.4,3.7,Medium,Meets,Ready 1-2 Years
E04931,2025,4.5,113.1,3.7,Medium,Partially Meets,Not Ready
E04931,2026,3.7,69.1,4.0,Medium,Outstanding,Ready Now
E04932,2022,2.9,80.6,2.8,Low,Meets,Ready 1-2 Years
E04932,2023,2.7,69.7,2.6,Medium,Partially Meets,Ready 1-2 Years
E04932,2024,3.2,84.3,3.8,Low,Meets,Ready 1-2 Years
E04932,2025,3.9,98.9,3.7,Medium,Meets,Not Ready
E04932,2026,2.7,88.6,2.6,High,Partially Meets,Ready Now
E04933,2025,1.9,64.1,2.2,High,Meets,Not Ready
E04933,2026,1.8,70.9,1.8,Medium,Meets,Not Ready
E04934,2022,3.5,96.5,3.7,High,Exceeds,Ready Now
E04934,2023,3.0,90.0,2.6,Medium,Meets,Ready Now
E04934,2024,3.8,96.0,3.7,Low,Exceeds,Ready 1-2 Years
E04934,2025,2.6,75.6,2.3,High,Meets,Ready 1-2 Years
E04934,2026,2.9,76.6,3.1,High,Meets,Ready 1-2 Years
E04935,2026,2.3,74.3,2.9,Medium,Outstanding,Ready 1-2 Years
E04936,2022,3.6,84.4,3.5,Low,Outstanding,Ready 1-2 Years
E04936,2023,3.6,88.3,3.3,High,Meets,Ready Now
E04936,2024,3.1,78.3,3.0,High,Partially Meets,Ready 1-2 Years
E04936,2025,3.0,96.9,3.4,Low,Outstanding,Ready 1-2 Years
E04936,2026,3.1,76.8,2.7,Medium,Partially Meets,Ready Now
E04937,2023,4.4,87.2,4.4,Medium,Exceeds,Ready Now
E04937,2024,3.9,72.4,3.9,Medium,Meets,Ready 1-2 Years
E04937,2025,3.6,79.0,3.4,High,Outstanding,Ready Now
E04937,2026,3.8,94.2,4.1,High,Partially Meets,Ready 1-2 Years
E04938,2025,4.0,113.7,4.0,Medium,Partially Meets,Ready Now
E04938,2026,3.4,79.1,2.4,Medium,Outstanding,Ready Now
E04939,2022,3.8,87.2,4.0,High,Partially Meets,Ready 1-2 Years
E04939,2023,3.4,97.3,4.0,Low,Meets,Ready Now
E04939,2024,2.9,83.4,3.5,Medium,Partially Meets,Ready 1-2 Years
E04939,2025,3.1,78.2,3.2,Medium,Partially Meets,Ready Now
E04939,2026,3.2,82.7,3.0,Medium,Exceeds,Not Ready
E04940,2024,4.7,83.6,4.8,Medium,Exceeds,Not Ready
E04940,2025,4.6,90.3,4.1,Medium,Meets,Not Ready
E04940,2026,3.7,101.4,3.6,High,Partially Meets,Ready 1-2 Years
E04941,2022,3.2,89.0,3.3,Low,Outstanding,Ready 1-2 Years
E04941,2023,3.2,97.3,3.3,Medium,Meets,Ready Now
E04941,2024,3.6,109.6,3.6,Low,Exceeds,Not Ready
E04941,2025,3.6,79.7,4.0,Medium,Meets,Not Ready
E04941,2026,3.5,88.3,3.3,Medium,Meets,Not Ready
E04942,2025,3.0,78.2,3.1,Medium,Exceeds,Not Ready
E04942,2026,2.8,85.3,2.9,Low,Partially Meets,Not Ready
E04944,2025,3.8,81.8,3.7,Medium,Meets,Ready 1-2 Years
E04944,2026,3.9,80.2,3.8,Medium,Exceeds,Not Ready
E04945,2024,3.0,79.9,2.9,Medium,Meets,Ready 1-2 Years
E04946,2022,3.2,70.0,3.4,High,Partially Meets,Ready 1-2 Years
E04947,2022,3.8,102.3,4.2,Low,Meets,Ready 1-2 Years
E04947,2023,4.9,98.3,4.9,Medium,Meets,Ready 1-2 Years
E04947,2024,3.4,89.5,3.6,Low,Exceeds,Not Ready
E04947,2025,3.5,91.6,3.1,Low,Meets,Not Ready
E04947,2026,3.4,75.2,3.2,High,Outstanding,Ready Now
E04948,2022,3.0,86.3,2.5,High,Meets,Ready Now
E04948,2023,3.4,79.6,3.4,Low,Meets,Not Ready
E04948,2024,3.4,99.7,3.3,Medium,Partially Meets,Not Ready
E04948,2025,3.2,87.5,3.1,Low,Outstanding,Not Ready
E04948,2026,3.6,67.8,3.8,Medium,Outstanding,Ready Now
E04949,2022,3.0,74.5,3.0,Medium,Exceeds,Ready Now
E04949,2023,3.6,108.3,3.4,Medium,Partially Meets,Ready 1-2 Years
E04949,2024,3.2,91.0,3.5,Medium,Partially Meets,Ready Now
E04949,2025,2.5,82.3,2.9,Medium,Meets,Not Ready
E04949,2026,2.7,74.3,2.6,Medium,Partially Meets,Ready Now
E04950,2025,3.2,101.1,3.7,High,Partially Meets,Ready Now
E04950,2026,4.3,102.3,4.1,Medium,Outstanding,Ready 1-2 Years
E04952,2022,2.5,75.3,2.3,Medium,Partially Meets,Ready Now
E04952,2023,2.0,69.4,1.7,Medium,Meets,Ready 1-2 Years
E04952,2024,2.2,76.8,2.3,Low,Outstanding,Not Ready
E04952,2025,2.3,90.5,2.3,Low,Meets,Ready 1-2 Years
E04952,2026,2.2,74.0,1.8,Medium,Partially Meets,Ready Now
E04953,2022,3.7,89.1,4.1,Low,Partially Meets,Ready 1-2 Years
E04953,2023,3.0,82.2,3.1,Medium,Meets,Ready 1-2 Years
E04953,2024,3.3,88.8,3.6,Medium,Partially Meets,Ready 1-2 Years
E04953,2025,3.7,87.4,3.6,Medium,Partially Meets,Not Ready
E04954,2022,2.5,74.0,2.6,Medium,Exceeds,Ready 1-2 Years
E04954,2023,3.0,80.2,2.7,Medium,Meets,Not Ready
E04954,2024,2.7,72.0,3.0,Low,Outstanding,Not Ready
E04954,2025,3.0,74.4,3.1,Medium,Outstanding,Ready 1-2 Years
E04954,2026,3.0,74.8,3.3,Medium,Partially Meets,Ready 1-2 Years
E04955,2024,3.4,70.7,3.5,Medium,Meets,Not Ready
E04955,2025,2.9,88.3,3.2,Medium,Meets,Not Ready
E04955,2026,2.8,86.5,2.7,Medium,Meets,Ready Now
E04956,2026,3.3,80.2,3.6,Medium,Exceeds,Ready Now
E04957,2022,2.7,100.7,2.5,Low,Meets,Ready 1-2 Years
E04957,2023,3.4,89.9,3.3,Low,Exceeds,Ready 1-2 Years
E04957,2024,3.0,74.3,3.4,Low,Meets,Ready Now
E04957,2025,2.8,70.3,2.5,Medium,Meets,Not Ready
E04957,2026,2.3,58.8,2.3,High,Outstanding,Ready 1-2 Years
E04958,2023,2.6,79.4,2.3,Medium,Meets,Ready 1-2 Years
E04958,2024,2.8,69.0,2.5,High,Partially Meets,Not Ready
E04958,2025,2.2,61.8,2.1,Low,Meets,Not Ready
E04958,2026,2.6,90.7,2.8,High,Exceeds,Ready 1-2 Years
E04959,2022,2.5,94.7,2.3,Low,Partially Meets,Ready 1-2 Years
E04959,2023,3.4,58.7,2.9,Medium,Partially Meets,Ready Now
E04959,2024,2.8,67.4,2.8,Medium,Meets,Ready 1-2 Years
E04959,2025,3.3,82.3,2.9,Medium,Partially Meets,Ready Now
E04959,2026,2.2,84.7,2.1,Medium,Outstanding,Not Ready
E04960,2022,4.0,79.6,4.3,High,Meets,Ready 1-2 Years
E04960,2023,3.6,97.0,3.5,Medium,Meets,Not Ready
E04960,2024,3.5,93.3,3.2,Low,Partially Meets,Ready Now
E04960,2025,3.2,96.9,2.9,High,Meets,Ready Now
E04960,2026,3.0,73.6,3.3,High,Meets,Ready Now
E04961,2022,3.1,88.2,3.4,Medium,Meets,Ready 1-2 Years
E04961,2023,3.6,71.4,3.2,Medium,Meets,Ready Now
E04962,2026,3.8,87.0,3.6,Medium,Meets,Not Ready
E04963,2022,3.3,78.3,3.0,Medium,Meets,Ready Now
E04963,2023,3.2,85.3,3.4,High,Meets,Not Ready
E04963,2024,4.0,86.4,3.6,Low,Partially Meets,Ready 1-2 Years
E04963,2025,3.2,74.4,2.9,Medium,Outstanding,Ready Now
E04963,2026,3.5,108.8,3.2,Medium,Meets,Ready Now
E04964,2022,4.1,90.6,4.3,Medium,Meets,Not Ready
E04964,2023,3.4,85.8,3.6,High,Exceeds,Not Ready
E04964,2024,3.4,100.8,3.7,Low,Meets,Not Ready
E04964,2025,3.3,76.7,3.4,Medium,Meets,Ready 1-2 Years
E04964,2026,3.0,88.4,3.0,Medium,Outstanding,Ready Now
E04965,2023,3.0,82.2,2.7,Medium,Meets,Ready 1-2 Years
E04965,2024,3.3,92.1,3.5,Low,Partially Meets,Not Ready
E04965,2025,3.6,82.4,3.1,Medium,Exceeds,Ready 1-2 Years
E04965,2026,3.7,81.3,3.5,Medium,Meets,Not Ready
E04966,2025,3.8,84.1,4.0,Medium,Exceeds,Ready Now
E04966,2026,3.9,98.1,3.8,Medium,Meets,Ready 1-2 Years
E04967,2022,4.1,85.4,4.0,Medium,Outstanding,Not Ready
E04967,2023,3.7,100.4,3.8,Medium,Meets,Ready Now
E04967,2024,3.5,75.7,3.6,Medium,Meets,Ready 1-2 Years
E04967,2025,2.9,84.7,3.1,Medium,Exceeds,Ready 1-2 Years
E04967,2026,3.0,77.3,3.3,Medium,Partially Meets,Not Ready
E04968,2022,3.3,76.9,3.5,High,Meets,Ready 1-2 Years
E04968,2023,3.2,94.7,3.4,Medium,Meets,Ready 1-2 Years
E04968,2024,3.6,95.6,3.5,Low,Exceeds,Ready Now
E04968,2025,2.9,62.4,3.0,Low,Meets,Ready 1-2 Years
E04968,2026,3.5,80.8,3.0,High,Outstanding,Ready Now
E04969,2022,2.9,78.9,2.9,Low,Meets,Ready Now
E04969,2023,3.6,81.3,3.5,Medium,Meets,Ready Now
E04970,2024,3.2,100.6,3.5,Medium,Meets,Ready Now
E04970,2025,4.0,88.0,3.9,Medium,Partially Meets,Ready Now
E04970,2026,3.0,83.9,3.0,High,Exceeds,Ready Now
E04971,2026,3.9,84.2,4.1,Medium,Exceeds,Not Ready
E04972,2022,3.7,84.6,3.4,Medium,Partially Meets,Not Ready
E04972,2023,3.7,98.5,3.6,Medium,Partially Meets,Ready Now
E04972,2024,3.8,95.1,3.7,High,Meets,Ready 1-2 Years
E04972,2025,3.9,59.0,4.1,Low,Meets,Not Ready
E04972,2026,3.6,70.4,3.8,Low,Partially Meets,Ready Now
E04973,2025,1.9,79.7,2.3,Medium,Meets,Ready 1-2 Years
E04973,2026,1.4,71.4,1.0,Medium,Partially Meets,Not Ready
E04974,2022,2.6,75.3,2.5,Medium,Outstanding,Ready 1-2 Years
E04975,2022,3.9,90.7,4.3,Low,Partially Meets,Not Ready
E04975,2023,3.3,84.0,3.2,Medium,Partially Meets,Not Ready
E04975,2024,4.4,98.7,4.1,Medium,Partially Meets,Not Ready
E04975,2025,4.3,99.5,4.0,Medium,Meets,Ready Now
E04975,2026,4.2,109.7,3.9,High,Exceeds,Not Ready
E04976,2026,3.9,88.7,3.3,Medium,Exceeds,Ready 1-2 Years
E04977,2025,3.3,80.0,3.2,Medium,Meets,Ready 1-2 Years
E04977,2026,2.4,61.4,2.6,Medium,Meets,Not Ready
E04978,2023,2.7,84.8,2.1,Medium,Partially Meets,Not Ready
E04978,2024,3.5,88.5,3.4,Medium,Meets,Ready 1-2 Years
E04978,2025,1.8,62.9,1.8,Medium,Meets,Ready Now
E04979,2026,3.0,68.8,2.7,Low,Partially Meets,Ready 1-2 Years
E04980,2022,3.0,72.3,2.9,Medium,Meets,Not Ready
E04981,2022,3.8,97.7,3.8,Medium,Partially Meets,Ready Now
E04981,2023,3.6,83.0,3.9,Low,Meets,Not Ready
E04981,2024,3.3,90.8,3.4,Medium,Meets,Ready Now
E04981,2025,3.7,80.1,3.6,Medium,Meets,Not Ready
E04981,2026,3.6,78.4,3.6,Low,Partially Meets,Ready 1-2 Years
E04982,2022,3.4,85.8,3.7,Medium,Exceeds,Ready 1-2 Years
E04982,2023,4.2,91.3,4.3,Low,Meets,Ready 1-2 Years
E04982,2024,4.6,81.5,4.1,Medium,Meets,Not Ready
E04982,2025,3.8,102.2,3.3,Low,Meets,Not Ready
E04982,2026,3.5,83.6,3.1,Medium,Meets,Ready 1-2 Years
E04983,2026,2.9,69.0,2.8,High,Partially Meets,Not Ready
E04984,2023,3.2,99.6,3.3,High,Meets,Not Ready
E04984,2024,2.6,70.6,2.3,High,Meets,Ready Now
E04984,2025,3.3,93.2,3.4,Low,Exceeds,Ready 1-2 Years
E04984,2026,2.4,73.8,2.4,Medium,Meets,Not Ready
E04985,2024,5.0,102.9,4.7,Low,Outstanding,Ready Now
E04985,2025,4.4,93.0,4.7,Low,Exceeds,Ready 1-2 Years
E04985,2026,5.0,93.2,5.0,Low,Outstanding,Not Ready
E04987,2023,5.0,110.2,5.0,Medium,Meets,Ready 1-2 Years
E04987,2024,4.9,106.4,5.0,Medium,Exceeds,Not Ready
E04987,2025,4.2,103.9,4.7,Medium,Meets,Ready Now
E04987,2026,4.9,101.6,5.0,Medium,Partially Meets,Ready 1-2 Years
E04988,2024,4.1,87.3,4.0,Low,Meets,Ready 1-2 Years
E04988,2025,3.4,76.1,3.4,High,Outstanding,Ready 1-2 Years
E04988,2026,3.0,80.2,2.4,Medium,Meets,Ready 1-2 Years
E04989,2025,2.0,83.6,1.8,Medium,Outstanding,Not Ready
E04989,2026,2.1,60.6,2.3,Medium,Meets,Ready Now
E04990,2023,4.9,116.6,5.0,Medium,Exceeds,Not Ready
E04990,2024,4.1,78.4,4.4,High,Partially Meets,Ready Now
E04990,2025,4.4,78.8,4.4,High,Meets,Not Ready
E04990,2026,4.3,106.8,4.1,Low,Partially Meets,Ready 1-2 Years
E04991,2022,3.2,67.9,3.0,Medium,Meets,Ready 1-2 Years
E04991,2023,3.6,87.8,3.2,Medium,Exceeds,Not Ready
E04991,2024,3.5,77.6,3.4,Medium,Outstanding,Ready 1-2 Years
E04991,2025,3.6,90.8,3.4,Medium,Exceeds,Ready 1-2 Years
E04991,2026,3.3,84.8,3.1,Medium,Outstanding,Ready Now
E04992,2023,3.2,88.8,3.2,Medium,Meets,Ready 1-2 Years
E04992,2024,2.3,84.6,2.2,Low,Partially Meets,Ready Now
E04992,2025,2.7,80.0,2.6,Medium,Meets,Ready 1-2 Years
E04992,2026,2.5,83.5,2.3,Medium,Partially Meets,Not Ready
E04993,2023,4.5,94.3,4.6,Low,Outstanding,Not Ready
E04993,2024,4.2,82.2,4.3,Low,Outstanding,Not Ready
E04993,2025,4.2,83.5,4.3,High,Partially Meets,Ready Now
E04993,2026,4.0,83.1,4.0,Medium,Exceeds,Ready Now
E04995,2022,3.2,86.6,3.5,Medium,Meets,Not Ready
E04995,2023,3.6,80.6,3.8,Medium,Outstanding,Ready 1-2 Years
E04996,2025,4.1,101.3,4.2,Medium,Meets,Not Ready
E04996,2026,4.1,91.1,4.1,Low,Partially Meets,Not Ready
E04998,2024,3.5,69.9,3.3,High,Outstanding,Not Ready
E04998,2025,3.0,86.7,2.8,High,Meets,Ready Now
E04998,2026,4.2,91.0,4.4,Medium,Partially Meets,Not Ready
E04999,2023,3.2,97.9,3.6,Low,Outstanding,Ready Now
E04999,2024,4.4,96.6,4.3,Medium,Exceeds,Ready 1-2 Years
E04999,2025,3.6,92.9,3.8,High,Exceeds,Ready Now
E04999,2026,3.4,81.9,3.6,Medium,Partially Meets,Not Ready
E05000,2022,4.4,75.3,4.6,High,Outstanding,Ready Now
E05000,2023,3.8,81.8,3.9,Medium,Meets,Ready 1-2 Years
E05000,2024,4.0,88.9,4.6,High,Meets,Ready Now
E05000,2025,4.5,91.6,4.7,Medium,Exceeds,Ready Now
E05000,2026,5.0,90.2,4.4,Medium,Meets,Ready 1-2 Years
