Training_ID,Employee_ID,Course_Name,Training_Date,Training_Hours,Delivery_Mode,Completion_Status,Pre_Assessment_Score,Post_Assessment_Score,Training_Cost_INR
T000001,E00001,Communication Skills,2024-12-25,6,Classroom,Completed,52,70,13514
T000002,E00001,Python Analytics,2025-10-08,12,Blended,Completed,48,60,4383
T000003,E00001,Negotiation,2024-03-11,2,Blended,Incomplete,66,82,9881
T000004,E00002,Communication Skills,2026-08-21,8,Blended,Incomplete,64,88,13167
T000005,E00005,Cloud Fundamentals,2024-02-28,4,Classroom,Incomplete,74,98,4983
T000006,E00005,GenAI for Business,2024-01-29,8,Classroom,Completed,75,90,7125
T000007,E00005,Communication Skills,2024-04-10,16,Online,Completed,48,75,11684
T000008,E00005,Python Analytics,2024-07-23,12,Blended,Completed,67,82,8042
T000009,E00007,Data Privacy,2026-08-27,24,Blended,Completed,58,64,10215
T000010,E00008,Leadership Essentials,2026-06-18,6,Blended,Completed,51,73,6326
T000011,E00010,Python Analytics,2026-04-08,24,Online,Completed,52,71,10393
T000012,E00010,Negotiation,2025-06-25,2,Classroom,Completed,63,81,8061
T000013,E00010,Advanced Excel,2024-03-09,6,Classroom,Completed,53,65,11338
T000014,E00010,GenAI for Business,2025-11-27,4,Online,Completed,68,87,4738
T000015,E00011,GenAI for Business,2024-12-18,16,Online,Completed,72,91,7931
T000016,E00011,Power BI,2024-09-12,8,Blended,Completed,49,60,7807
T000017,E00011,Power BI,2025-10-26,8,Online,Completed,74,86,14321
T000018,E00011,Negotiation,2025-07-14,16,Classroom,Incomplete,77,91,4102
T000019,E00011,Advanced Excel,2026-07-22,4,Classroom,Completed,67,72,6963
T000020,E00015,Leadership Essentials,2026-05-02,8,Online,Completed,44,67,12756
T000021,E00016,GenAI for Business,2025-04-06,4,Blended,Completed,68,88,4868
T000022,E00016,Leadership Essentials,2025-09-22,12,Classroom,Incomplete,70,95,9200
T000023,E00016,Project Management,2026-03-23,16,Classroom,Completed,62,70,9692
T000024,E00016,Power BI,2024-08-05,8,Classroom,Completed,65,81,12321
T000025,E00017,Leadership Essentials,2026-02-14,16,Classroom,Completed,68,83,2270
T000026,E00017,Leadership Essentials,2025-05-02,16,Online,Completed,78,88,2546
T000027,E00017,Python Analytics,2025-11-11,4,Blended,Completed,77,92,2257
T000028,E00017,Python Analytics,2025-11-14,8,Online,Completed,54,76,11167
T000029,E00017,Advanced Excel,2026-04-06,12,Classroom,Incomplete,74,95,1865
T000030,E00018,Negotiation,2025-10-31,6,Blended,Completed,61,87,11209
T000031,E00021,GenAI for Business,2026-08-24,4,Online,Completed,55,72,3812
T000032,E00021,Python Analytics,2026-06-23,8,Online,Completed,49,66,12066
T000033,E00021,Data Privacy,2026-01-09,2,Blended,Completed,50,72,2120
T000034,E00022,Data Privacy,2026-04-14,16,Blended,Completed,69,82,12968
T000035,E00022,Advanced Excel,2024-08-19,6,Online,Completed,76,87,9495
T000036,E00022,Python Analytics,2024-04-20,24,Online,Completed,73,87,13256
T000037,E00022,Negotiation,2026-08-23,6,Blended,Completed,58,74,9492
T000038,E00024,Python Analytics,2025-05-16,16,Blended,Completed,52,58,12997
T000039,E00024,Advanced Excel,2024-04-18,2,Classroom,Completed,72,87,5748
T000040,E00024,Python Analytics,2024-04-09,8,Blended,Completed,63,89,3030
T000041,E00025,Power BI,2024-05-31,4,Classroom,Completed,53,77,6231
T000042,E00025,Cloud Fundamentals,2026-04-05,24,Classroom,Completed,40,47,3642
T000043,E00025,Project Management,2026-05-14,4,Classroom,Completed,44,54,9873
T000044,E00025,Cloud Fundamentals,2024-10-13,16,Blended,Completed,66,74,2458
T000045,E00027,Data Privacy,2025-11-09,12,Blended,Completed,52,80,5609
T000046,E00027,Power BI,2024-01-22,2,Classroom,Completed,75,84,6803
T000047,E00027,Negotiation,2025-05-23,8,Classroom,Completed,68,83,9215
T000048,E00027,GenAI for Business,2024-11-03,24,Online,Completed,52,80,2176
T000049,E00028,Power BI,2026-03-30,6,Blended,Completed,60,79,12264
T000050,E00029,Communication Skills,2024-03-13,16,Classroom,Completed,76,88,3813
T000051,E00031,Python Analytics,2026-08-12,16,Online,Completed,43,51,8119
T000052,E00031,Leadership Essentials,2026-08-30,6,Online,Completed,43,49,14170
T000053,E00033,GenAI for Business,2026-04-18,24,Classroom,Completed,60,80,7897
T000054,E00034,Power BI,2026-01-26,2,Classroom,Completed,70,93,3552
T000055,E00035,Advanced Excel,2024-07-09,12,Classroom,Completed,69,86,3655
T000056,E00035,Power BI,2024-06-19,12,Classroom,Completed,50,76,14313
T000057,E00035,Leadership Essentials,2024-10-29,24,Online,Completed,76,81,14573
T000058,E00035,Python Analytics,2026-01-26,24,Classroom,Completed,66,78,8928
T000059,E00036,Project Management,2025-08-16,16,Online,Completed,65,70,6801
T000060,E00036,Data Privacy,2026-06-15,12,Blended,Completed,61,73,2594
T000061,E00036,Communication Skills,2025-10-09,4,Online,Incomplete,76,85,9277
T000062,E00037,Project Management,2025-06-05,4,Online,Incomplete,40,49,10014
T000063,E00037,GenAI for Business,2026-03-08,16,Online,Completed,65,78,7835
T000064,E00037,Cloud Fundamentals,2025-06-25,8,Online,Completed,64,82,11556
T000065,E00037,Cloud Fundamentals,2025-05-08,16,Blended,Completed,62,90,4453
T000066,E00037,Advanced Excel,2024-02-07,24,Classroom,Incomplete,76,84,5082
T000067,E00038,Project Management,2026-08-30,16,Classroom,Completed,42,66,13756
T000068,E00038,Power BI,2025-02-05,6,Online,Completed,54,61,1936
T000069,E00038,Leadership Essentials,2024-10-07,12,Classroom,Completed,60,84,3633
T000070,E00039,GenAI for Business,2024-05-04,4,Online,Incomplete,51,61,7429
T000071,E00039,Communication Skills,2024-05-19,4,Classroom,Completed,54,77,8704
T000072,E00040,Data Privacy,2026-07-19,6,Classroom,Completed,71,77,2150
T000073,E00040,Project Management,2026-08-04,8,Classroom,Completed,48,64,9983
T000074,E00040,Power BI,2026-06-18,16,Blended,Completed,46,72,11149
T000075,E00040,Python Analytics,2026-08-21,24,Classroom,Completed,78,100,8828
T000076,E00041,GenAI for Business,2025-03-10,6,Classroom,Completed,66,72,2660
T000077,E00041,Cloud Fundamentals,2024-07-08,2,Blended,Completed,77,86,2062
T000078,E00041,Data Privacy,2026-03-20,2,Online,Completed,50,67,14183
T000079,E00042,Negotiation,2025-11-25,4,Blended,Completed,47,59,7780
T000080,E00042,Advanced Excel,2026-03-13,12,Blended,Completed,77,93,12004
T000081,E00043,Python Analytics,2026-07-25,24,Classroom,Completed,46,67,9288
T000082,E00044,Power BI,2025-08-27,2,Blended,Completed,57,70,5039
T000083,E00044,Python Analytics,2025-05-20,6,Online,Incomplete,72,100,13216
T000084,E00044,Advanced Excel,2025-10-20,6,Classroom,Completed,55,83,13181
T000085,E00046,Data Privacy,2024-07-01,8,Classroom,Completed,71,86,8282
T000086,E00046,Cloud Fundamentals,2025-06-13,12,Online,Completed,54,69,8646
T000087,E00046,Negotiation,2024-06-25,4,Blended,Completed,62,76,1570
T000088,E00046,Power BI,2025-12-20,24,Classroom,Completed,76,100,4125
T000089,E00046,Power BI,2024-09-17,24,Online,Completed,57,68,4191
T000090,E00047,Leadership Essentials,2025-01-20,16,Classroom,Completed,57,65,7328
T000091,E00047,Project Management,2025-04-01,8,Blended,Completed,64,92,9373
T000092,E00047,Python Analytics,2024-03-19,12,Blended,Incomplete,53,64,8336
T000093,E00048,Negotiation,2025-01-05,6,Online,Completed,51,69,6322
T000094,E00049,Negotiation,2024-03-25,8,Online,Completed,47,58,13442
T000095,E00049,Project Management,2024-08-21,2,Online,Completed,45,70,7690
T000096,E00049,Power BI,2024-06-03,4,Online,Incomplete,71,93,13436
T000097,E00049,Project Management,2024-09-18,6,Classroom,Completed,54,64,13368
T000098,E00050,Python Analytics,2024-12-05,12,Online,Completed,42,65,10347
T000099,E00050,Power BI,2026-08-16,12,Online,Completed,73,100,10600
T000100,E00050,Negotiation,2024-09-06,12,Blended,Completed,67,79,4506
T000101,E00051,Leadership Essentials,2025-05-09,24,Online,Incomplete,61,66,7216
T000102,E00051,Power BI,2024-09-25,6,Blended,Completed,66,78,13480
T000103,E00051,Data Privacy,2026-01-20,24,Classroom,Completed,74,94,7356
T000104,E00051,Power BI,2026-02-01,8,Blended,Completed,63,77,10046
T000105,E00052,Negotiation,2024-08-17,4,Blended,Completed,56,65,8743
T000106,E00052,Project Management,2025-08-22,4,Classroom,Completed,49,64,10441
T000107,E00052,Power BI,2026-02-07,6,Online,Completed,45,63,9252
T000108,E00052,Advanced Excel,2024-08-22,16,Blended,Completed,78,92,4863
T000109,E00052,Power BI,2025-06-21,6,Online,Incomplete,68,85,3355
T000110,E00054,Data Privacy,2025-02-26,6,Blended,Completed,70,95,4596
T000111,E00055,Negotiation,2025-02-08,12,Blended,Incomplete,75,82,8490
T000112,E00055,GenAI for Business,2025-08-22,12,Classroom,Completed,58,65,5485
T000113,E00055,Data Privacy,2025-07-28,6,Classroom,Completed,58,67,10757
T000114,E00057,Python Analytics,2024-06-16,12,Online,Completed,62,69,14781
T000115,E00058,Data Privacy,2026-08-12,6,Online,Completed,78,100,10873
T000116,E00058,Communication Skills,2025-02-17,6,Classroom,Completed,71,87,8396
T000117,E00058,Power BI,2024-10-07,12,Blended,Completed,58,71,13690
T000118,E00058,Cloud Fundamentals,2026-01-23,16,Blended,Completed,51,73,10371
T000119,E00058,Python Analytics,2024-02-24,6,Classroom,Completed,51,76,8825
T000120,E00059,Project Management,2026-05-03,4,Online,Completed,52,70,8343
T000121,E00059,Project Management,2026-07-13,24,Online,Completed,65,70,9916
T000122,E00059,Data Privacy,2026-03-20,2,Blended,Completed,74,90,5035
T000123,E00060,Negotiation,2026-02-25,24,Blended,Completed,46,73,6091
T000124,E00060,GenAI for Business,2026-08-19,24,Classroom,Completed,75,100,5850
T000125,E00061,GenAI for Business,2026-05-31,6,Classroom,Completed,54,71,4821
T000126,E00061,Python Analytics,2024-12-01,12,Classroom,Completed,51,67,12493
T000127,E00066,Data Privacy,2024-04-01,24,Online,Completed,55,83,8454
T000128,E00066,Data Privacy,2024-02-01,2,Online,Completed,60,79,5315
T000129,E00066,Power BI,2026-06-24,16,Blended,Completed,57,76,14546
T000130,E00066,Project Management,2024-02-03,4,Classroom,Completed,46,70,6261
T000131,E00066,Negotiation,2026-01-03,16,Blended,Incomplete,77,100,10947
T000132,E00067,Leadership Essentials,2025-10-14,4,Blended,Completed,44,70,8097
T000133,E00068,Power BI,2025-04-29,2,Online,Completed,49,71,9818
T000134,E00068,Communication Skills,2024-08-17,4,Blended,Completed,61,86,13321
T000135,E00069,Python Analytics,2024-01-05,4,Blended,Completed,68,87,12949
T000136,E00069,Negotiation,2026-01-08,12,Online,Completed,70,96,4972
T000137,E00069,Power BI,2025-11-02,2,Classroom,Completed,56,78,10270
T000138,E00069,Cloud Fundamentals,2024-12-03,2,Online,Completed,46,66,11053
T000139,E00069,GenAI for Business,2024-05-29,6,Classroom,Completed,69,88,12102
T000140,E00071,GenAI for Business,2025-09-11,8,Online,Completed,45,50,14077
T000141,E00072,Cloud Fundamentals,2025-12-15,24,Blended,Completed,53,77,7489
T000142,E00072,Advanced Excel,2026-05-08,8,Classroom,Completed,68,94,10179
T000143,E00072,Cloud Fundamentals,2025-12-29,2,Blended,Completed,42,62,10502
T000144,E00072,Cloud Fundamentals,2026-07-13,6,Blended,Completed,65,80,1545
T000145,E00072,Python Analytics,2025-08-17,2,Blended,Completed,44,62,4681
T000146,E00074,Project Management,2025-12-17,8,Blended,Completed,69,91,6673
T000147,E00074,Leadership Essentials,2024-09-04,8,Classroom,Completed,42,53,11854
T000148,E00075,Project Management,2025-11-05,6,Classroom,Completed,67,77,5674
T000149,E00075,Advanced Excel,2025-05-07,12,Online,Completed,41,59,9291
T000150,E00075,Negotiation,2026-02-03,4,Classroom,Completed,68,74,4734
T000151,E00076,Python Analytics,2026-06-10,16,Blended,Completed,72,97,9479
T000152,E00076,Cloud Fundamentals,2026-06-11,16,Blended,Incomplete,76,92,11990
T000153,E00076,Power BI,2026-08-05,2,Blended,Completed,51,69,5633
T000154,E00076,Communication Skills,2026-08-28,8,Online,Completed,45,71,8697
T000155,E00077,Communication Skills,2025-01-02,16,Blended,Completed,54,82,2238
T000156,E00077,Leadership Essentials,2024-06-09,6,Online,Completed,51,70,8301
T000157,E00077,Leadership Essentials,2024-12-12,2,Online,Completed,62,67,1794
T000158,E00077,Power BI,2025-03-06,16,Online,Completed,45,71,5968
T000159,E00077,Advanced Excel,2025-03-27,2,Classroom,Completed,42,62,5892
T000160,E00078,GenAI for Business,2024-10-20,8,Blended,Completed,66,75,14904
T000161,E00078,Negotiation,2026-06-09,24,Blended,Completed,71,89,5123
T000162,E00079,Python Analytics,2025-02-13,2,Classroom,Completed,57,81,4682
T000163,E00079,GenAI for Business,2024-02-16,16,Online,Completed,49,76,8910
T000164,E00079,Project Management,2025-09-10,16,Classroom,Incomplete,74,83,5125
T000165,E00079,Advanced Excel,2024-02-04,12,Classroom,Completed,40,46,6618
T000166,E00079,Negotiation,2024-09-11,6,Classroom,Completed,43,53,13560
T000167,E00080,Project Management,2026-03-03,16,Blended,Completed,46,54,13507
T000168,E00081,Data Privacy,2025-08-02,12,Online,Completed,53,71,2288
T000169,E00081,Python Analytics,2025-12-26,4,Online,Completed,74,80,8816
T000170,E00081,Cloud Fundamentals,2024-04-21,24,Online,Completed,66,87,2038
T000171,E00082,Python Analytics,2024-02-22,6,Online,Completed,52,65,2789
T000172,E00083,Leadership Essentials,2025-06-01,6,Classroom,Completed,41,64,1613
T000173,E00083,Data Privacy,2024-04-19,4,Classroom,Completed,75,80,2779
T000174,E00084,Project Management,2025-08-16,8,Online,Completed,53,59,9000
T000175,E00084,Python Analytics,2025-12-13,24,Classroom,Completed,50,61,2124
T000176,E00085,Project Management,2025-09-28,8,Online,Completed,72,93,2158
T000177,E00085,GenAI for Business,2025-04-18,6,Classroom,Completed,65,73,5898
T000178,E00085,Python Analytics,2024-07-08,2,Blended,Incomplete,73,88,7726
T000179,E00085,Leadership Essentials,2024-04-14,16,Online,Completed,50,67,2418
T000180,E00085,Python Analytics,2024-01-28,24,Blended,Completed,60,73,4115
T000181,E00086,Communication Skills,2026-07-02,12,Classroom,Completed,63,69,7430
T000182,E00086,Power BI,2026-06-30,4,Classroom,Completed,41,69,3720
T000183,E00087,Advanced Excel,2024-08-24,16,Online,Completed,42,68,2154
T000184,E00087,Leadership Essentials,2025-12-28,2,Blended,Completed,59,73,12123
T000185,E00087,Cloud Fundamentals,2025-03-27,8,Classroom,Completed,73,95,1567
T000186,E00088,Leadership Essentials,2025-07-17,24,Classroom,Completed,47,58,3059
T000187,E00088,GenAI for Business,2024-12-07,16,Blended,Completed,67,94,11698
T000188,E00090,Communication Skills,2025-01-06,2,Online,Completed,78,99,7783
T000189,E00090,Negotiation,2026-06-24,24,Blended,Completed,47,66,1618
T000190,E00092,Cloud Fundamentals,2024-01-23,24,Classroom,Completed,66,77,14474
T000191,E00092,Power BI,2024-01-08,2,Blended,Completed,58,69,12103
T000192,E00092,Cloud Fundamentals,2026-07-02,24,Online,Completed,76,100,11017
T000193,E00092,Project Management,2024-01-21,12,Online,Completed,51,62,14193
T000194,E00092,GenAI for Business,2026-02-05,8,Blended,Completed,53,66,2089
T000195,E00093,Project Management,2026-06-19,16,Classroom,Completed,60,88,12541
T000196,E00093,Cloud Fundamentals,2024-04-09,16,Classroom,Completed,52,61,9492
T000197,E00093,Communication Skills,2024-12-16,12,Online,Completed,59,87,4804
T000198,E00093,Power BI,2025-11-09,24,Classroom,Incomplete,44,68,11778
T000199,E00094,Power BI,2025-06-29,16,Blended,Completed,75,91,7141
T000200,E00094,Python Analytics,2025-06-04,2,Online,Completed,61,76,8820
T000201,E00094,Leadership Essentials,2025-02-21,16,Online,Completed,50,74,13808
T000202,E00094,Leadership Essentials,2024-12-16,6,Classroom,Completed,54,72,10697
T000203,E00095,Cloud Fundamentals,2026-06-22,4,Online,Completed,41,62,3861
T000204,E00095,Project Management,2026-06-25,16,Blended,Completed,57,63,13557
T000205,E00095,Project Management,2026-06-19,8,Blended,Completed,60,81,11581
T000206,E00098,Cloud Fundamentals,2025-07-11,2,Blended,Completed,78,93,8713
T000207,E00099,Negotiation,2026-07-16,24,Classroom,Completed,54,61,11759
T000208,E00099,Power BI,2026-08-01,6,Online,Completed,42,51,1825
T000209,E00099,Cloud Fundamentals,2026-08-25,4,Online,Completed,74,95,4013
T000210,E00099,Communication Skills,2026-07-26,12,Blended,Completed,68,79,2081
T000211,E00100,Project Management,2025-11-13,16,Online,Completed,44,56,12610
T000212,E00100,GenAI for Business,2026-06-24,16,Blended,Completed,55,80,11277
T000213,E00100,Project Management,2024-12-02,12,Online,Completed,42,68,9847
T000214,E00101,Communication Skills,2026-08-09,6,Blended,Completed,43,56,12409
T000215,E00101,Power BI,2026-08-14,2,Online,Completed,76,100,2529
T000216,E00101,GenAI for Business,2026-08-15,24,Classroom,Completed,70,89,11619
T000217,E00101,Data Privacy,2026-08-16,6,Classroom,Completed,40,45,2903
T000218,E00103,Leadership Essentials,2025-12-05,24,Blended,Completed,44,61,11910
T000219,E00103,Project Management,2025-03-06,8,Classroom,Incomplete,40,49,3910
T000220,E00103,Advanced Excel,2024-06-13,4,Blended,Completed,64,77,3580
T000221,E00103,Communication Skills,2024-05-06,8,Online,Incomplete,69,97,8817
T000222,E00105,Power BI,2024-04-27,4,Blended,Completed,70,75,14783
T000223,E00105,Leadership Essentials,2024-06-28,8,Online,Completed,73,84,9799
T000224,E00105,Data Privacy,2026-04-05,6,Classroom,Completed,41,59,4803
T000225,E00106,Advanced Excel,2026-02-01,6,Online,Completed,57,85,11780
T000226,E00107,GenAI for Business,2025-08-16,2,Classroom,Completed,72,89,7227
T000227,E00109,Negotiation,2025-04-15,6,Classroom,Completed,53,80,8805
T000228,E00110,GenAI for Business,2025-09-11,16,Classroom,Completed,60,76,13673
T000229,E00110,Communication Skills,2026-06-17,8,Blended,Incomplete,64,89,13326
T000230,E00110,Leadership Essentials,2025-12-21,2,Classroom,Completed,71,83,2278
T000231,E00110,Data Privacy,2024-08-11,8,Classroom,Completed,45,54,11789
T000232,E00111,Cloud Fundamentals,2026-05-25,12,Online,Completed,64,79,4451
T000233,E00111,Data Privacy,2026-02-18,4,Online,Completed,47,56,1601
T000234,E00112,Power BI,2024-06-16,2,Online,Completed,43,69,12574
T000235,E00112,Cloud Fundamentals,2026-07-27,12,Blended,Incomplete,62,86,6312
T000236,E00112,Cloud Fundamentals,2024-11-07,12,Blended,Completed,67,84,10278
T000237,E00112,GenAI for Business,2024-11-08,12,Classroom,Completed,41,61,13456
T000238,E00112,Communication Skills,2026-08-02,2,Classroom,Completed,49,62,2380
T000239,E00113,Project Management,2026-06-25,8,Classroom,Completed,67,80,14103
T000240,E00113,Advanced Excel,2024-11-23,16,Online,Completed,40,58,14584
T000241,E00113,Power BI,2025-03-22,12,Blended,Completed,66,75,2049
T000242,E00116,Communication Skills,2025-12-17,4,Blended,Completed,54,73,10974
T000243,E00116,Leadership Essentials,2026-03-09,2,Classroom,Completed,75,81,8254
T000244,E00116,Communication Skills,2024-05-19,16,Online,Completed,41,53,9212
T000245,E00116,Advanced Excel,2026-02-21,8,Blended,Completed,63,89,9460
T000246,E00116,Data Privacy,2025-11-29,4,Classroom,Completed,57,78,7816
T000247,E00117,Data Privacy,2024-03-31,6,Online,Completed,67,87,5997
T000248,E00117,Advanced Excel,2026-08-29,12,Online,Completed,45,55,7234
T000249,E00117,Advanced Excel,2024-05-17,24,Blended,Incomplete,46,68,6256
T000250,E00118,Leadership Essentials,2026-02-11,16,Blended,Completed,49,59,3542
T000251,E00118,Power BI,2025-05-29,6,Online,Completed,59,83,11589
T000252,E00119,Cloud Fundamentals,2026-02-26,16,Classroom,Completed,57,78,8612
T000253,E00119,Advanced Excel,2025-09-29,6,Blended,Incomplete,77,100,9859
T000254,E00120,Data Privacy,2024-04-14,8,Blended,Completed,60,72,10935
T000255,E00120,Python Analytics,2026-07-13,24,Blended,Completed,42,47,5166
T000256,E00120,Leadership Essentials,2026-03-19,4,Online,Completed,72,81,13211
T000257,E00120,Negotiation,2025-11-28,12,Classroom,Completed,69,97,11121
T000258,E00121,Leadership Essentials,2024-02-06,8,Online,Completed,78,100,12443
T000259,E00121,Negotiation,2026-07-28,24,Blended,Completed,57,77,14107
T000260,E00121,Project Management,2026-01-03,2,Classroom,Completed,50,68,7026
T000261,E00122,Project Management,2026-08-14,16,Classroom,Completed,62,67,7376
T000262,E00122,Negotiation,2026-08-05,4,Online,Completed,62,81,2834
T000263,E00122,Cloud Fundamentals,2026-08-09,2,Online,Completed,75,82,8368
T000264,E00122,Cloud Fundamentals,2026-08-14,2,Online,Completed,58,81,11470
T000265,E00122,Project Management,2026-06-28,8,Online,Completed,70,93,4553
T000266,E00123,Data Privacy,2024-09-10,4,Blended,Completed,47,72,11327
T000267,E00123,Project Management,2026-08-24,24,Online,Completed,67,85,4044
T000268,E00123,Project Management,2025-05-21,4,Blended,Completed,60,85,1923
T000269,E00123,Communication Skills,2026-04-07,16,Online,Completed,59,73,12999
T000270,E00124,Python Analytics,2025-03-11,2,Classroom,Completed,58,75,5592
T000271,E00124,Project Management,2024-08-26,8,Blended,Completed,43,58,10376
T000272,E00124,Advanced Excel,2025-03-17,4,Blended,Completed,76,87,3735
T000273,E00125,Python Analytics,2026-03-02,4,Blended,Completed,68,77,2607
T000274,E00125,Data Privacy,2026-02-01,4,Blended,Completed,63,84,13159
T000275,E00125,Power BI,2025-10-11,2,Blended,Completed,72,89,12894
T000276,E00126,Data Privacy,2025-02-22,2,Classroom,Completed,74,90,5459
T000277,E00126,Communication Skills,2024-10-29,16,Online,Completed,72,92,8941
T000278,E00127,GenAI for Business,2025-12-25,2,Blended,Completed,50,77,3562
T000279,E00127,Negotiation,2026-05-04,4,Blended,Completed,74,100,5789
T000280,E00127,Advanced Excel,2026-05-06,4,Classroom,Completed,43,64,6938
T000281,E00127,Project Management,2025-04-15,16,Classroom,Completed,61,70,13674
T000282,E00128,Cloud Fundamentals,2024-06-06,12,Blended,Completed,68,88,10676
T000283,E00128,Data Privacy,2026-05-19,2,Online,Completed,58,83,6441
T000284,E00128,Data Privacy,2025-06-20,8,Classroom,Completed,65,76,4679
T000285,E00128,Project Management,2025-09-14,6,Online,Completed,66,90,13861
T000286,E00131,Communication Skills,2025-02-14,2,Online,Completed,41,62,6580
T000287,E00131,Cloud Fundamentals,2026-06-03,4,Online,Completed,52,57,1692
T000288,E00131,Data Privacy,2024-06-20,2,Classroom,Completed,47,66,3220
T000289,E00131,Power BI,2026-06-17,8,Classroom,Completed,59,73,7052
T000290,E00132,Leadership Essentials,2026-07-11,12,Blended,Completed,51,59,5788
T000291,E00132,Advanced Excel,2024-06-07,12,Online,Completed,74,94,6841
T000292,E00133,Cloud Fundamentals,2024-03-18,16,Blended,Completed,49,74,11375
T000293,E00133,Power BI,2024-01-02,4,Classroom,Completed,50,65,11929
T000294,E00133,Leadership Essentials,2024-02-10,2,Online,Completed,41,55,7528
T000295,E00134,Data Privacy,2024-07-25,24,Online,Incomplete,40,54,4556
T000296,E00134,GenAI for Business,2025-12-19,16,Online,Completed,73,96,2919
T000297,E00134,GenAI for Business,2025-11-29,2,Classroom,Completed,77,99,13708
T000298,E00134,Data Privacy,2026-05-08,8,Classroom,Completed,55,68,9602
T000299,E00134,Data Privacy,2025-03-08,16,Classroom,Completed,72,97,11748
T000300,E00135,Cloud Fundamentals,2024-03-04,16,Online,Completed,46,65,7826
T000301,E00135,Leadership Essentials,2025-02-01,4,Online,Completed,54,61,8704
T000302,E00135,Python Analytics,2024-12-01,24,Online,Completed,45,51,11941
T000303,E00135,Leadership Essentials,2024-09-23,2,Classroom,Completed,69,97,8670
T000304,E00135,Python Analytics,2025-03-01,8,Online,Completed,42,52,12887
T000305,E00136,Advanced Excel,2026-07-19,6,Online,Completed,77,96,9589
T000306,E00136,Data Privacy,2024-04-17,8,Blended,Completed,61,80,3677
T000307,E00136,Python Analytics,2024-10-11,8,Blended,Completed,55,73,10616
T000308,E00137,Python Analytics,2025-06-12,24,Online,Completed,65,72,4795
T000309,E00139,GenAI for Business,2025-01-19,8,Online,Completed,61,77,3604
T000310,E00139,Project Management,2024-08-03,12,Blended,Completed,60,72,2631
T000311,E00139,GenAI for Business,2024-09-03,8,Blended,Completed,50,76,5372
T000312,E00139,Advanced Excel,2024-02-10,24,Classroom,Completed,47,54,11430
T000313,E00139,GenAI for Business,2026-04-20,24,Blended,Completed,46,55,4774
T000314,E00140,GenAI for Business,2026-03-24,8,Online,Incomplete,51,71,12756
T000315,E00140,Leadership Essentials,2025-01-18,8,Classroom,Completed,47,66,5578
T000316,E00144,Negotiation,2025-03-30,12,Blended,Completed,66,85,12665
T000317,E00144,Python Analytics,2025-07-21,6,Online,Completed,61,71,7609
T000318,E00144,Leadership Essentials,2025-01-11,12,Online,Completed,58,71,12171
T000319,E00144,Data Privacy,2024-09-23,24,Online,Completed,43,64,3706
T000320,E00145,Project Management,2026-01-09,12,Online,Completed,66,91,7011
T000321,E00145,Project Management,2025-08-09,12,Blended,Completed,67,93,7757
T000322,E00145,Negotiation,2025-08-20,2,Online,Completed,45,58,9649
T000323,E00145,Negotiation,2026-06-02,2,Online,Completed,77,85,9149
T000324,E00145,Power BI,2024-06-13,8,Blended,Completed,55,62,2335
T000325,E00147,Data Privacy,2025-11-06,4,Classroom,Completed,60,67,11672
T000326,E00147,Python Analytics,2025-07-02,12,Blended,Completed,60,70,9917
T000327,E00147,Data Privacy,2025-04-05,8,Blended,Completed,43,57,7621
T000328,E00148,Cloud Fundamentals,2024-01-08,6,Classroom,Incomplete,47,57,7491
T000329,E00148,Communication Skills,2026-06-25,12,Online,Completed,78,97,5766
T000330,E00148,Python Analytics,2026-07-23,6,Online,Completed,52,65,2803
T000331,E00149,Power BI,2026-08-26,16,Classroom,Completed,74,79,4959
T000332,E00149,Advanced Excel,2026-08-31,12,Blended,Completed,63,91,4387
T000333,E00150,Power BI,2025-03-06,4,Classroom,Incomplete,65,72,11557
T000334,E00150,Power BI,2026-03-21,12,Blended,Completed,47,63,14952
T000335,E00150,Communication Skills,2025-03-30,8,Blended,Completed,42,54,6404
T000336,E00150,Advanced Excel,2025-12-15,24,Blended,Completed,50,76,13315
T000337,E00150,Python Analytics,2026-03-18,4,Classroom,Completed,40,57,13955
T000338,E00151,Python Analytics,2026-07-18,24,Classroom,Completed,54,81,14915
T000339,E00151,Project Management,2026-05-30,16,Classroom,Completed,77,94,5851
T000340,E00151,Communication Skills,2025-06-13,2,Classroom,Completed,58,77,6200
T000341,E00151,Communication Skills,2026-05-03,24,Blended,Completed,48,73,3695
T000342,E00153,Power BI,2024-09-30,4,Classroom,Completed,68,75,14933
T000343,E00153,Cloud Fundamentals,2025-03-02,16,Online,Completed,47,60,11105
T000344,E00153,Advanced Excel,2025-09-01,6,Classroom,Completed,75,85,8054
T000345,E00153,Python Analytics,2025-10-27,24,Blended,Completed,69,78,13881
T000346,E00155,Advanced Excel,2026-05-22,24,Blended,Completed,59,79,7622
T000347,E00155,GenAI for Business,2025-12-10,12,Blended,Completed,41,60,6020
T000348,E00156,Data Privacy,2024-08-18,12,Online,Completed,65,77,14815
T000349,E00156,Python Analytics,2025-03-07,6,Blended,Completed,43,64,11756
T000350,E00156,Leadership Essentials,2024-03-17,8,Blended,Completed,60,78,12531
T000351,E00156,Project Management,2025-06-09,12,Blended,Completed,40,62,3031
T000352,E00157,Project Management,2025-03-21,8,Online,Completed,78,88,8969
T000353,E00157,Negotiation,2024-01-14,4,Blended,Completed,41,48,14661
T000354,E00157,Advanced Excel,2026-03-07,24,Blended,Completed,62,90,4388
T000355,E00158,Negotiation,2025-08-02,24,Online,Completed,55,73,9082
T000356,E00158,Cloud Fundamentals,2025-05-20,4,Blended,Completed,56,64,3506
T000357,E00158,Cloud Fundamentals,2024-05-05,12,Blended,Completed,66,89,4816
T000358,E00159,Data Privacy,2025-03-22,24,Blended,Completed,62,74,5163
T000359,E00160,Communication Skills,2024-05-25,8,Blended,Completed,67,82,13653
T000360,E00160,Communication Skills,2024-11-11,2,Blended,Completed,51,66,2138
T000361,E00160,GenAI for Business,2025-07-13,12,Blended,Completed,68,96,10540
T000362,E00160,Project Management,2025-06-04,2,Classroom,Completed,74,98,8061
T000363,E00161,Cloud Fundamentals,2024-01-17,16,Classroom,Completed,66,94,11384
T000364,E00161,Negotiation,2024-10-15,8,Online,Completed,44,69,7057
T000365,E00161,Power BI,2024-08-08,2,Classroom,Incomplete,40,61,6303
T000366,E00161,Python Analytics,2024-07-30,2,Online,Completed,52,76,13862
T000367,E00161,Communication Skills,2024-09-22,16,Classroom,Completed,70,76,2806
T000368,E00162,Project Management,2025-02-22,12,Classroom,Completed,52,75,13849
T000369,E00162,Cloud Fundamentals,2024-03-02,4,Classroom,Incomplete,40,53,10742
T000370,E00163,Advanced Excel,2026-01-21,6,Classroom,Completed,55,64,2685
T000371,E00163,Cloud Fundamentals,2025-10-11,24,Classroom,Completed,74,100,3555
T000372,E00163,Python Analytics,2025-09-29,6,Blended,Completed,41,66,8512
T000373,E00163,Negotiation,2026-02-25,6,Classroom,Incomplete,76,92,6053
T000374,E00163,Cloud Fundamentals,2026-05-06,24,Online,Completed,47,60,11132
T000375,E00164,Python Analytics,2024-11-01,16,Blended,Completed,44,52,12045
T000376,E00164,Communication Skills,2026-03-27,16,Classroom,Completed,58,69,7696
T000377,E00164,Data Privacy,2026-05-25,4,Classroom,Completed,60,71,6910
T000378,E00164,Advanced Excel,2024-10-20,24,Blended,Completed,71,98,7673
T000379,E00164,Leadership Essentials,2025-09-21,2,Blended,Completed,45,51,13570
T000380,E00167,Python Analytics,2026-06-08,4,Classroom,Completed,52,76,6738
T000381,E00167,Power BI,2026-03-31,16,Online,Incomplete,75,95,6435
T000382,E00167,Project Management,2026-06-20,12,Online,Completed,41,62,6359
T000383,E00167,Leadership Essentials,2026-07-16,12,Online,Completed,72,77,3395
T000384,E00167,Negotiation,2026-02-06,2,Classroom,Completed,75,99,4134
T000385,E00168,Negotiation,2026-01-29,4,Blended,Completed,72,82,11845
T000386,E00168,GenAI for Business,2024-01-05,6,Online,Completed,56,82,13195
T000387,E00168,Leadership Essentials,2024-04-29,8,Classroom,Completed,43,49,4426
T000388,E00169,Leadership Essentials,2026-08-29,12,Blended,Incomplete,73,87,9950
T000389,E00169,Advanced Excel,2026-05-20,12,Classroom,Incomplete,76,91,9799
T000390,E00169,Power BI,2026-05-28,16,Online,Completed,59,65,2752
T000391,E00169,Leadership Essentials,2026-07-02,16,Classroom,Completed,62,79,2175
T000392,E00169,Project Management,2026-07-06,4,Blended,Completed,70,82,5765
T000393,E00171,Python Analytics,2026-03-26,2,Classroom,Completed,76,86,9054
T000394,E00171,Data Privacy,2026-07-04,24,Online,Completed,57,82,4317
T000395,E00171,Communication Skills,2026-03-05,2,Blended,Incomplete,46,62,9166
T000396,E00171,Project Management,2024-10-24,6,Blended,Completed,58,66,9756
T000397,E00173,Leadership Essentials,2026-04-17,8,Online,Completed,53,73,12729
T000398,E00174,Leadership Essentials,2024-10-21,8,Classroom,Completed,68,74,14699
T000399,E00174,Python Analytics,2025-07-04,24,Classroom,Completed,51,77,12868
T000400,E00174,Cloud Fundamentals,2024-04-01,2,Blended,Completed,74,84,12099
T000401,E00175,Cloud Fundamentals,2025-04-20,4,Blended,Completed,41,60,6570
T000402,E00175,Communication Skills,2024-09-10,4,Blended,Completed,53,73,9745
T000403,E00175,GenAI for Business,2024-06-07,24,Classroom,Completed,73,80,8618
T000404,E00176,GenAI for Business,2026-02-10,12,Online,Completed,73,92,7917
T000405,E00176,Negotiation,2024-03-21,8,Blended,Completed,56,80,3967
T000406,E00176,Cloud Fundamentals,2026-04-18,16,Blended,Completed,50,75,10765
T000407,E00177,Power BI,2024-05-17,4,Online,Completed,61,76,10290
T000408,E00177,GenAI for Business,2024-07-21,24,Classroom,Incomplete,48,69,10004
T000409,E00177,GenAI for Business,2024-05-20,6,Classroom,Completed,62,88,13079
T000410,E00177,Advanced Excel,2025-04-04,16,Online,Completed,62,80,4926
T000411,E00178,Negotiation,2026-08-08,2,Online,Completed,65,91,14304
T000412,E00180,GenAI for Business,2026-08-29,2,Online,Completed,58,81,8527
T000413,E00180,Data Privacy,2026-04-11,8,Online,Completed,55,76,7882
T000414,E00181,Python Analytics,2025-02-22,12,Blended,Completed,43,53,3093
T000415,E00181,Negotiation,2024-03-13,4,Classroom,Completed,49,62,5648
T000416,E00181,Data Privacy,2024-08-18,2,Blended,Completed,73,98,10008
T000417,E00181,Negotiation,2025-06-26,4,Classroom,Completed,70,81,9541
T000418,E00182,Cloud Fundamentals,2024-12-25,16,Classroom,Completed,43,63,6588
T000419,E00182,GenAI for Business,2026-02-01,16,Blended,Completed,74,92,3114
T000420,E00183,Negotiation,2025-08-30,16,Online,Completed,58,77,3473
T000421,E00183,Advanced Excel,2024-05-04,2,Online,Completed,65,80,13389
T000422,E00185,Cloud Fundamentals,2026-08-18,8,Online,Completed,68,88,3505
T000423,E00185,Power BI,2026-08-20,2,Blended,Completed,53,60,9415
T000424,E00186,Leadership Essentials,2024-05-29,4,Classroom,Completed,66,73,9214
T000425,E00186,Python Analytics,2024-06-04,2,Online,Completed,64,79,12012
T000426,E00186,Power BI,2024-01-27,4,Online,Completed,69,87,9596
T000427,E00186,Advanced Excel,2024-05-01,24,Blended,Completed,49,66,12103
T000428,E00186,Cloud Fundamentals,2024-03-24,4,Classroom,Completed,70,77,7083
T000429,E00188,GenAI for Business,2026-07-07,6,Classroom,Completed,78,91,4924
T000430,E00188,Cloud Fundamentals,2026-05-16,16,Online,Incomplete,46,54,5860
T000431,E00189,Advanced Excel,2024-09-07,24,Blended,Completed,72,87,7884
T000432,E00189,Advanced Excel,2024-09-12,4,Online,Completed,42,49,13656
T000433,E00189,Python Analytics,2026-08-30,24,Online,Completed,54,63,6794
T000434,E00190,Data Privacy,2024-08-01,6,Classroom,Completed,73,82,7645
T000435,E00190,Python Analytics,2024-10-07,2,Online,Completed,61,68,12675
T000436,E00190,Negotiation,2025-09-24,16,Classroom,Incomplete,69,94,4072
T000437,E00192,Cloud Fundamentals,2026-05-20,24,Blended,Completed,58,73,3719
T000438,E00192,Data Privacy,2025-09-05,24,Classroom,Completed,46,65,9434
T000439,E00193,Leadership Essentials,2024-01-08,4,Online,Completed,54,62,13382
T000440,E00193,Data Privacy,2025-04-05,2,Online,Completed,44,71,6355
T000441,E00195,Advanced Excel,2024-11-08,8,Online,Completed,74,99,8158
T000442,E00196,Data Privacy,2026-04-23,12,Classroom,Completed,76,100,8170
T000443,E00196,Project Management,2025-12-09,12,Blended,Completed,52,80,2405
T000444,E00198,GenAI for Business,2026-02-17,24,Classroom,Completed,71,78,13581
T000445,E00200,Communication Skills,2026-08-27,24,Classroom,Completed,73,91,14099
T000446,E00200,Advanced Excel,2025-07-14,24,Online,Completed,59,84,2971
T000447,E00200,GenAI for Business,2024-09-28,12,Blended,Incomplete,51,69,6007
T000448,E00200,Cloud Fundamentals,2025-02-27,8,Online,Completed,52,59,2606
T000449,E00201,GenAI for Business,2026-05-28,8,Blended,Completed,76,100,3427
T000450,E00201,Leadership Essentials,2024-09-25,8,Classroom,Completed,42,57,13173
T000451,E00202,GenAI for Business,2026-03-05,6,Online,Completed,68,88,3380
T000452,E00202,Communication Skills,2026-02-12,24,Classroom,Completed,77,84,12940
T000453,E00203,Advanced Excel,2024-10-28,8,Classroom,Completed,71,92,8594
T000454,E00203,Leadership Essentials,2026-05-22,6,Blended,Completed,69,80,4018
T000455,E00203,Python Analytics,2024-12-22,24,Blended,Incomplete,42,62,2445
T000456,E00203,Cloud Fundamentals,2025-01-12,8,Blended,Completed,63,70,6389
T000457,E00204,Communication Skills,2026-01-18,16,Blended,Incomplete,66,79,14028
T000458,E00204,Cloud Fundamentals,2026-02-04,6,Online,Completed,58,71,4427
T000459,E00204,Negotiation,2025-06-12,2,Online,Completed,74,92,6595
T000460,E00205,Power BI,2026-07-12,4,Online,Completed,58,84,3799
T000461,E00205,Python Analytics,2026-08-31,4,Classroom,Completed,49,56,8211
T000462,E00205,Advanced Excel,2025-05-07,4,Blended,Completed,68,80,1631
T000463,E00205,Power BI,2025-12-28,4,Classroom,Completed,55,68,14620
T000464,E00206,Leadership Essentials,2025-07-10,8,Blended,Completed,49,58,11376
T000465,E00206,Data Privacy,2024-06-08,12,Classroom,Completed,67,95,11864
T000466,E00206,Cloud Fundamentals,2024-09-08,2,Online,Completed,57,77,6602
T000467,E00206,Leadership Essentials,2024-02-21,12,Blended,Completed,53,64,7594
T000468,E00206,Leadership Essentials,2024-12-01,24,Online,Incomplete,52,74,2911
T000469,E00207,Communication Skills,2024-08-03,4,Classroom,Completed,72,95,1550
T000470,E00207,Project Management,2024-09-11,8,Classroom,Completed,46,72,11821
T000471,E00207,Advanced Excel,2025-03-04,12,Blended,Completed,52,61,2763
T000472,E00207,Cloud Fundamentals,2024-02-22,2,Blended,Completed,46,67,11994
T000473,E00207,GenAI for Business,2024-01-20,2,Blended,Completed,64,75,6031
T000474,E00208,Leadership Essentials,2025-11-13,16,Blended,Completed,58,77,13912
T000475,E00208,Advanced Excel,2026-06-16,8,Classroom,Completed,43,53,13458
T000476,E00209,Leadership Essentials,2025-04-18,2,Online,Completed,44,66,7047
T000477,E00209,Power BI,2026-02-04,4,Blended,Completed,72,93,6721
T000478,E00209,Communication Skills,2025-06-09,2,Classroom,Completed,42,65,8026
T000479,E00212,GenAI for Business,2025-08-16,2,Classroom,Incomplete,67,76,11241
T000480,E00212,Negotiation,2026-01-03,12,Classroom,Completed,50,77,9644
T000481,E00214,Power BI,2024-03-23,8,Online,Completed,52,79,13852
T000482,E00214,Advanced Excel,2026-05-18,16,Blended,Completed,56,72,7841
T000483,E00215,Data Privacy,2025-08-08,8,Classroom,Completed,67,90,8400
T000484,E00215,Negotiation,2025-01-08,2,Classroom,Completed,71,89,1893
T000485,E00215,Power BI,2024-03-15,4,Classroom,Completed,48,62,14179
T000486,E00215,Data Privacy,2026-01-26,6,Classroom,Completed,47,61,7555
T000487,E00215,Power BI,2026-05-07,2,Blended,Completed,59,65,7140
T000488,E00216,Advanced Excel,2024-06-09,2,Online,Completed,74,91,5764
T000489,E00217,GenAI for Business,2026-03-03,6,Classroom,Completed,41,52,13074
T000490,E00218,Python Analytics,2025-12-21,2,Blended,Completed,61,70,11502
T000491,E00218,Leadership Essentials,2026-04-13,12,Classroom,Completed,70,86,10078
T000492,E00218,GenAI for Business,2025-05-08,2,Online,Completed,71,94,10941
T000493,E00218,Leadership Essentials,2026-07-05,4,Classroom,Completed,49,77,4245
T000494,E00218,Advanced Excel,2024-05-20,6,Classroom,Completed,52,62,4464
T000495,E00219,Data Privacy,2024-11-16,12,Online,Completed,41,50,2869
T000496,E00219,Advanced Excel,2025-05-19,12,Online,Completed,72,93,5927
T000497,E00219,Leadership Essentials,2024-02-22,8,Classroom,Completed,68,77,1700
T000498,E00219,GenAI for Business,2024-06-25,16,Classroom,Completed,70,96,3398
T000499,E00221,Leadership Essentials,2026-08-04,4,Classroom,Incomplete,64,91,12583
T000500,E00221,Leadership Essentials,2026-04-23,12,Classroom,Completed,52,70,5945
T000501,E00224,Advanced Excel,2025-09-04,4,Online,Completed,78,89,5380
T000502,E00224,Project Management,2026-03-11,8,Classroom,Completed,76,99,13373
T000503,E00224,Advanced Excel,2025-10-28,2,Blended,Completed,49,72,6439
T000504,E00224,Data Privacy,2026-08-31,2,Online,Completed,53,81,7453
T000505,E00225,Negotiation,2026-01-16,24,Online,Completed,41,55,8238
T000506,E00225,Project Management,2025-11-07,4,Blended,Completed,75,87,14548
T000507,E00226,Data Privacy,2024-01-29,24,Classroom,Completed,74,79,4082
T000508,E00226,Leadership Essentials,2025-05-17,24,Online,Completed,64,80,12865
T000509,E00226,Leadership Essentials,2025-01-29,6,Classroom,Completed,72,95,14512
T000510,E00226,Advanced Excel,2024-10-26,4,Online,Completed,75,96,1896
T000511,E00226,Advanced Excel,2026-03-16,16,Blended,Completed,76,84,7510
T000512,E00229,Advanced Excel,2024-07-15,6,Classroom,Completed,60,85,14708
T000513,E00229,Advanced Excel,2024-11-26,4,Online,Completed,57,76,14038
T000514,E00229,Leadership Essentials,2025-04-02,8,Classroom,Completed,41,58,13666
T000515,E00229,Advanced Excel,2024-01-20,8,Online,Completed,44,56,8452
T000516,E00229,Cloud Fundamentals,2026-05-21,6,Online,Completed,78,90,10025
T000517,E00230,Advanced Excel,2024-08-20,24,Online,Completed,77,95,1585
T000518,E00230,Negotiation,2025-01-03,12,Classroom,Completed,47,62,4382
T000519,E00230,Negotiation,2024-06-20,2,Blended,Completed,59,69,8050
T000520,E00230,Data Privacy,2024-06-13,2,Blended,Completed,75,86,12914
T000521,E00230,GenAI for Business,2025-04-26,12,Classroom,Completed,60,73,9791
T000522,E00232,Advanced Excel,2025-09-07,12,Online,Completed,55,81,2354
T000523,E00232,Leadership Essentials,2024-08-31,24,Classroom,Completed,74,94,5118
T000524,E00232,Advanced Excel,2026-03-08,2,Blended,Completed,68,88,2571
T000525,E00232,GenAI for Business,2026-07-19,6,Blended,Completed,71,87,14798
T000526,E00232,GenAI for Business,2026-06-19,12,Online,Completed,50,63,6319
T000527,E00233,Project Management,2026-03-24,24,Classroom,Completed,46,70,2814
T000528,E00233,Python Analytics,2026-05-05,16,Online,Completed,61,67,14276
T000529,E00233,Communication Skills,2025-11-26,6,Online,Completed,44,52,10867
T000530,E00233,Leadership Essentials,2025-12-18,16,Blended,Completed,67,85,2625
T000531,E00233,Advanced Excel,2024-05-14,12,Online,Completed,64,72,3197
T000532,E00234,Communication Skills,2026-05-23,4,Classroom,Completed,73,78,6429
T000533,E00235,Negotiation,2025-12-06,4,Blended,Completed,53,79,6499
T000534,E00235,Communication Skills,2026-03-22,8,Classroom,Completed,72,88,12865
T000535,E00235,Advanced Excel,2024-07-03,8,Online,Completed,74,100,10630
T000536,E00237,Python Analytics,2025-06-04,8,Online,Completed,58,67,9871
T000537,E00237,Project Management,2025-03-29,8,Blended,Completed,69,87,11325
T000538,E00238,Advanced Excel,2026-07-14,16,Blended,Completed,48,53,6197
T000539,E00238,Leadership Essentials,2026-08-08,8,Online,Incomplete,51,67,13211
T000540,E00238,Python Analytics,2026-08-15,6,Blended,Completed,51,59,10892
T000541,E00238,Communication Skills,2026-08-13,6,Blended,Completed,45,63,6246
T000542,E00238,Communication Skills,2026-06-19,16,Online,Completed,43,52,7680
T000543,E00240,Communication Skills,2026-08-23,16,Online,Completed,43,65,12814
T000544,E00240,Python Analytics,2025-03-22,24,Online,Completed,72,98,4316
T000545,E00240,Advanced Excel,2024-02-01,6,Online,Completed,48,64,4770
T000546,E00240,Communication Skills,2025-11-29,16,Online,Completed,57,74,2442
T000547,E00240,Python Analytics,2024-05-25,6,Online,Completed,46,74,2782
T000548,E00241,Data Privacy,2026-08-14,12,Blended,Completed,65,75,5933
T000549,E00241,Leadership Essentials,2025-01-30,2,Classroom,Incomplete,42,57,8729
T000550,E00241,GenAI for Business,2025-10-19,16,Blended,Completed,62,76,7276
T000551,E00242,Negotiation,2026-01-20,12,Classroom,Completed,67,95,3808
T000552,E00242,Leadership Essentials,2025-02-10,2,Blended,Completed,58,85,8667
T000553,E00243,Power BI,2026-04-26,6,Blended,Completed,59,80,6246
T000554,E00243,Project Management,2026-06-18,16,Classroom,Completed,70,93,5069
T000555,E00243,Negotiation,2025-03-12,4,Classroom,Completed,53,72,1950
T000556,E00243,Python Analytics,2026-06-11,8,Classroom,Completed,54,77,7647
T000557,E00244,Cloud Fundamentals,2025-06-29,12,Online,Completed,59,65,9116
T000558,E00246,Python Analytics,2025-07-03,4,Classroom,Completed,45,71,12172
T000559,E00246,Data Privacy,2025-08-30,16,Online,Completed,66,80,14531
T000560,E00246,GenAI for Business,2026-01-17,2,Online,Completed,56,80,5717
T000561,E00246,Negotiation,2024-07-10,6,Online,Completed,76,94,5714
T000562,E00246,Negotiation,2025-01-23,6,Classroom,Completed,41,66,13952
T000563,E00248,Leadership Essentials,2024-09-01,8,Online,Completed,65,75,1876
T000564,E00248,GenAI for Business,2024-05-01,6,Online,Completed,64,86,11930
T000565,E00249,Advanced Excel,2024-09-02,24,Blended,Completed,77,84,10919
T000566,E00250,Advanced Excel,2026-05-20,24,Online,Completed,69,90,12462
T000567,E00250,Leadership Essentials,2026-02-13,8,Blended,Completed,67,79,6196
T000568,E00250,Leadership Essentials,2026-06-08,2,Classroom,Incomplete,58,85,12751
T000569,E00253,Advanced Excel,2026-08-04,12,Online,Completed,46,70,2334
T000570,E00254,Advanced Excel,2024-06-19,24,Blended,Completed,76,91,3133
T000571,E00254,Communication Skills,2025-07-20,6,Online,Completed,65,82,12614
T000572,E00255,Data Privacy,2025-07-11,6,Blended,Completed,42,52,13840
T000573,E00256,Cloud Fundamentals,2024-07-14,6,Classroom,Completed,44,54,3967
T000574,E00256,Negotiation,2024-02-07,4,Classroom,Completed,41,50,2213
T000575,E00256,Project Management,2024-08-10,2,Blended,Completed,50,65,11293
T000576,E00256,Negotiation,2025-01-09,12,Online,Incomplete,71,95,10220
T000577,E00257,Cloud Fundamentals,2024-04-21,16,Blended,Completed,68,93,2448
T000578,E00258,Cloud Fundamentals,2024-02-28,4,Online,Completed,76,93,11238
T000579,E00258,Data Privacy,2024-02-07,24,Classroom,Completed,41,67,8010
T000580,E00258,GenAI for Business,2024-08-18,16,Blended,Completed,49,54,7257
T000581,E00258,Power BI,2025-02-12,24,Blended,Completed,76,88,12981
T000582,E00259,Python Analytics,2024-04-10,8,Classroom,Completed,44,62,4484
T000583,E00259,GenAI for Business,2024-11-30,4,Online,Completed,55,63,9261
T000584,E00259,Power BI,2024-03-22,4,Online,Completed,48,66,7638
T000585,E00259,Leadership Essentials,2025-07-09,2,Blended,Completed,49,68,10685
T000586,E00259,Communication Skills,2024-04-25,6,Blended,Completed,63,78,8065
T000587,E00262,Leadership Essentials,2024-07-10,24,Online,Incomplete,78,100,13215
T000588,E00262,Advanced Excel,2024-01-18,12,Classroom,Completed,76,100,11864
T000589,E00263,Python Analytics,2024-01-04,6,Online,Completed,57,85,14617
T000590,E00263,GenAI for Business,2026-06-11,12,Blended,Completed,52,57,9564
T000591,E00263,Python Analytics,2024-08-31,2,Online,Completed,63,87,13592
T000592,E00264,Power BI,2026-05-29,16,Classroom,Completed,43,51,12423
T000593,E00264,Python Analytics,2025-05-26,2,Online,Completed,43,71,8662
T000594,E00264,Project Management,2026-06-09,8,Blended,Completed,58,75,1793
T000595,E00264,Communication Skills,2026-02-26,4,Online,Completed,45,62,1582
T000596,E00265,Advanced Excel,2026-03-20,4,Online,Completed,59,74,12786
T000597,E00265,Power BI,2026-06-06,6,Blended,Completed,76,82,3308
T000598,E00265,Advanced Excel,2024-08-04,8,Classroom,Completed,62,80,4309
T000599,E00267,Project Management,2025-06-01,6,Classroom,Completed,73,99,14153
T000600,E00267,Leadership Essentials,2024-10-20,6,Classroom,Completed,46,65,1822
T000601,E00267,Power BI,2024-01-10,16,Classroom,Completed,56,72,12214
T000602,E00267,Project Management,2026-08-02,6,Online,Completed,65,84,11981
T000603,E00269,Cloud Fundamentals,2026-06-15,24,Blended,Completed,47,67,12111
T000604,E00269,Python Analytics,2025-09-30,24,Online,Completed,74,84,2290
T000605,E00270,Cloud Fundamentals,2025-04-22,2,Classroom,Completed,60,75,11693
T000606,E00270,Data Privacy,2024-07-21,6,Classroom,Completed,74,87,7421
T000607,E00271,GenAI for Business,2025-03-28,6,Classroom,Completed,41,59,11256
T000608,E00271,Cloud Fundamentals,2025-05-13,4,Blended,Completed,72,100,6691
T000609,E00271,Project Management,2024-05-16,16,Classroom,Completed,73,100,13909
T000610,E00271,Negotiation,2025-12-19,24,Classroom,Incomplete,62,74,6597
T000611,E00271,Negotiation,2024-01-20,8,Classroom,Completed,61,85,3091
T000612,E00273,Cloud Fundamentals,2025-06-16,2,Blended,Incomplete,57,80,14825
T000613,E00273,Project Management,2025-03-01,8,Online,Completed,74,88,14092
T000614,E00274,Python Analytics,2024-08-10,24,Online,Completed,75,97,12468
T000615,E00274,Negotiation,2024-10-25,16,Blended,Completed,69,85,13169
T000616,E00274,Cloud Fundamentals,2026-06-21,6,Online,Completed,59,72,7473
T000617,E00276,Communication Skills,2024-06-17,16,Online,Completed,67,81,5996
T000618,E00277,Data Privacy,2024-03-19,12,Online,Completed,50,71,5128
T000619,E00277,GenAI for Business,2024-06-20,12,Blended,Completed,60,68,7990
T000620,E00278,GenAI for Business,2024-08-28,6,Online,Completed,71,93,12127
T000621,E00278,Negotiation,2024-06-27,6,Classroom,Completed,57,69,6035
T000622,E00279,Negotiation,2025-12-08,4,Blended,Completed,76,86,4919
T000623,E00279,Power BI,2025-12-07,16,Online,Completed,48,64,12363
T000624,E00279,Negotiation,2026-04-23,8,Online,Completed,71,96,9903
T000625,E00280,Python Analytics,2024-12-09,12,Blended,Completed,55,61,7095
T000626,E00281,GenAI for Business,2024-05-07,16,Classroom,Completed,57,80,4445
T000627,E00281,Project Management,2025-08-21,12,Online,Completed,55,67,14257
T000628,E00281,Data Privacy,2025-11-20,6,Classroom,Completed,75,84,6740
T000629,E00282,GenAI for Business,2025-03-04,8,Blended,Incomplete,44,53,4113
T000630,E00282,GenAI for Business,2025-07-28,2,Blended,Completed,60,70,11608
T000631,E00283,Python Analytics,2025-05-22,8,Online,Completed,42,53,5354
T000632,E00283,Power BI,2026-04-11,4,Online,Completed,58,86,1922
T000633,E00283,Leadership Essentials,2025-11-21,2,Blended,Completed,55,65,8672
T000634,E00283,Communication Skills,2026-07-10,12,Online,Completed,60,74,8734
T000635,E00284,Data Privacy,2025-12-07,2,Online,Completed,49,74,13041
T000636,E00284,Advanced Excel,2026-01-06,4,Online,Completed,64,80,11170
T000637,E00284,Communication Skills,2025-09-11,2,Classroom,Completed,64,85,1831
T000638,E00285,GenAI for Business,2025-08-11,24,Classroom,Completed,50,58,9082
T000639,E00285,Cloud Fundamentals,2025-08-06,4,Classroom,Completed,49,60,7711
T000640,E00285,Project Management,2024-02-20,16,Blended,Completed,75,91,5463
T000641,E00285,Leadership Essentials,2026-04-07,16,Blended,Completed,44,51,7006
T000642,E00285,GenAI for Business,2026-07-14,8,Classroom,Completed,60,73,7080
T000643,E00286,GenAI for Business,2024-02-27,4,Blended,Completed,58,69,4329
T000644,E00286,Negotiation,2026-06-20,6,Online,Completed,42,55,5582
T000645,E00286,Power BI,2024-10-06,16,Classroom,Completed,49,63,9855
T000646,E00286,Power BI,2024-02-14,8,Blended,Incomplete,60,80,8252
T000647,E00286,Advanced Excel,2026-06-03,6,Online,Completed,73,90,6886
T000648,E00289,Data Privacy,2025-09-28,16,Blended,Completed,46,67,4570
T000649,E00289,Negotiation,2024-05-20,16,Online,Completed,42,54,1905
T000650,E00289,Communication Skills,2024-03-27,12,Online,Incomplete,58,79,3288
T000651,E00291,Data Privacy,2025-07-19,6,Classroom,Completed,46,66,10261
T000652,E00291,GenAI for Business,2026-07-10,16,Online,Completed,54,76,11529
T000653,E00291,Advanced Excel,2024-07-06,2,Online,Completed,49,70,14993
T000654,E00291,Advanced Excel,2026-02-04,8,Online,Completed,42,47,7049
T000655,E00291,Advanced Excel,2025-11-26,24,Classroom,Completed,65,74,5368
T000656,E00292,Cloud Fundamentals,2026-05-20,12,Online,Completed,72,97,1699
T000657,E00292,Project Management,2025-12-31,8,Classroom,Completed,63,76,7009
T000658,E00294,Advanced Excel,2024-01-11,16,Classroom,Completed,68,84,3303
T000659,E00294,Leadership Essentials,2026-06-05,4,Classroom,Completed,60,76,1807
T000660,E00294,Leadership Essentials,2025-03-25,12,Classroom,Completed,41,69,11684
T000661,E00295,Leadership Essentials,2026-08-07,4,Online,Completed,61,78,14200
T000662,E00296,Communication Skills,2025-09-19,16,Online,Completed,60,80,4360
T000663,E00297,Negotiation,2024-08-24,2,Online,Completed,45,55,12977
T000664,E00297,Communication Skills,2024-07-07,4,Online,Completed,71,82,8520
T000665,E00298,Leadership Essentials,2025-09-13,6,Blended,Completed,40,55,10166
T000666,E00298,Power BI,2025-11-16,16,Blended,Completed,58,71,4730
T000667,E00300,Leadership Essentials,2026-01-09,2,Online,Completed,47,72,11953
T000668,E00300,Leadership Essentials,2024-03-31,24,Blended,Completed,77,98,11666
T000669,E00300,Project Management,2025-09-23,8,Classroom,Completed,44,54,14670
T000670,E00301,Negotiation,2025-11-05,6,Classroom,Completed,48,62,11822
T000671,E00303,Negotiation,2024-04-20,8,Online,Completed,78,100,2946
T000672,E00303,Cloud Fundamentals,2025-07-16,12,Blended,Completed,68,74,14337
T000673,E00303,Cloud Fundamentals,2025-06-14,2,Online,Incomplete,46,52,1926
T000674,E00304,Advanced Excel,2026-04-07,24,Classroom,Completed,45,71,8281
T000675,E00305,Leadership Essentials,2026-03-16,12,Online,Completed,52,71,9241
T000676,E00305,Data Privacy,2026-01-06,12,Blended,Completed,43,65,8547
T000677,E00305,Data Privacy,2026-02-21,6,Blended,Completed,43,63,2157
T000678,E00305,Data Privacy,2026-05-23,12,Classroom,Completed,58,64,13346
T000679,E00305,Negotiation,2024-12-21,24,Online,Completed,65,86,6535
T000680,E00306,Python Analytics,2025-03-23,8,Online,Incomplete,70,77,7884
T000681,E00306,Power BI,2024-09-07,16,Blended,Completed,70,87,4045
T000682,E00306,Project Management,2024-10-25,8,Blended,Completed,52,65,9266
T000683,E00307,Project Management,2026-06-04,8,Online,Incomplete,56,68,3070
T000684,E00307,Leadership Essentials,2026-01-23,16,Classroom,Completed,65,83,11188
T000685,E00307,Project Management,2025-04-12,6,Online,Completed,63,73,5210
T000686,E00307,Advanced Excel,2025-12-11,6,Classroom,Completed,54,62,3537
T000687,E00307,GenAI for Business,2026-06-06,16,Classroom,Completed,49,66,3782
T000688,E00308,Communication Skills,2025-09-24,8,Online,Completed,60,67,4185
T000689,E00309,Negotiation,2026-08-04,24,Blended,Completed,63,75,2083
T000690,E00309,GenAI for Business,2025-09-05,24,Classroom,Incomplete,60,75,11774
T000691,E00309,Data Privacy,2024-12-06,4,Classroom,Completed,61,88,3005
T000692,E00310,GenAI for Business,2024-03-31,24,Classroom,Completed,76,83,7271
T000693,E00311,Power BI,2024-05-19,8,Blended,Completed,61,70,3954
T000694,E00311,Python Analytics,2025-12-27,24,Classroom,Completed,77,92,3539
T000695,E00311,Leadership Essentials,2024-10-21,12,Classroom,Completed,41,50,11737
T000696,E00311,GenAI for Business,2025-06-14,4,Classroom,Completed,40,59,4792
T000697,E00311,GenAI for Business,2024-12-24,8,Blended,Completed,48,71,8931
T000698,E00312,Advanced Excel,2024-08-15,4,Blended,Completed,44,58,5044
T000699,E00313,Leadership Essentials,2025-02-03,8,Online,Completed,42,69,3797
T000700,E00314,Python Analytics,2025-08-05,4,Online,Completed,70,83,13924
T000701,E00314,Negotiation,2024-03-04,12,Blended,Completed,73,87,12906
T000702,E00316,Data Privacy,2026-08-01,12,Online,Completed,52,76,4411
T000703,E00317,Advanced Excel,2026-06-05,8,Blended,Completed,64,73,7994
T000704,E00317,Data Privacy,2026-03-20,8,Online,Completed,41,65,8443
T000705,E00317,Project Management,2026-05-23,2,Blended,Completed,55,70,3606
T000706,E00317,Cloud Fundamentals,2026-01-17,2,Classroom,Completed,63,68,7370
T000707,E00318,Cloud Fundamentals,2026-08-14,4,Classroom,Completed,47,63,5612
T000708,E00318,Communication Skills,2026-02-23,24,Classroom,Completed,61,78,13821
T000709,E00318,Advanced Excel,2026-06-16,2,Blended,Completed,52,70,6683
T000710,E00319,GenAI for Business,2025-03-22,24,Classroom,Completed,52,68,10586
T000711,E00319,GenAI for Business,2024-11-20,6,Blended,Incomplete,52,79,9409
T000712,E00319,Communication Skills,2025-06-08,16,Online,Completed,71,80,10850
T000713,E00320,Advanced Excel,2026-02-25,6,Online,Completed,67,95,12310
T000714,E00320,Negotiation,2025-11-23,24,Online,Completed,42,68,14967
T000715,E00320,Cloud Fundamentals,2026-08-14,16,Blended,Completed,60,80,3085
T000716,E00321,Negotiation,2024-08-26,8,Online,Completed,72,78,7634
T000717,E00321,Communication Skills,2026-05-19,6,Blended,Completed,42,61,4765
T000718,E00321,Data Privacy,2026-03-25,2,Online,Completed,60,80,2786
T000719,E00321,Leadership Essentials,2025-10-07,4,Classroom,Completed,47,57,6167
T000720,E00321,Project Management,2024-12-09,12,Blended,Completed,52,73,8208
T000721,E00322,Project Management,2026-07-30,8,Blended,Completed,57,85,8588
T000722,E00322,Python Analytics,2026-07-13,16,Blended,Completed,40,45,9084
T000723,E00325,Leadership Essentials,2026-05-31,8,Classroom,Completed,63,74,10024
T000724,E00325,GenAI for Business,2025-10-26,12,Online,Completed,45,62,9177
T000725,E00325,Negotiation,2026-05-20,12,Classroom,Completed,52,57,10470
T000726,E00326,Communication Skills,2026-01-10,8,Online,Completed,58,63,5432
T000727,E00326,Power BI,2024-01-13,24,Online,Completed,47,62,9655
T000728,E00327,Cloud Fundamentals,2026-04-08,24,Classroom,Completed,40,62,6732
T000729,E00327,Leadership Essentials,2026-08-26,24,Online,Completed,58,66,14326
T000730,E00327,Data Privacy,2026-04-25,24,Blended,Completed,65,82,5454
T000731,E00329,Cloud Fundamentals,2025-01-28,2,Online,Completed,65,88,8084
T000732,E00329,Negotiation,2024-03-24,12,Blended,Completed,49,66,13325
T000733,E00330,GenAI for Business,2026-08-07,12,Classroom,Completed,70,82,8718
T000734,E00330,Power BI,2025-07-23,16,Blended,Completed,63,81,3082
T000735,E00330,Power BI,2025-09-10,6,Online,Incomplete,67,79,1548
T000736,E00330,Communication Skills,2026-04-17,24,Online,Completed,60,67,6860
T000737,E00331,Project Management,2025-01-01,4,Blended,Completed,49,70,2787
T000738,E00331,Project Management,2024-01-11,8,Online,Completed,58,63,13547
T000739,E00331,Project Management,2025-06-02,6,Blended,Completed,54,59,10274
T000740,E00331,Project Management,2024-07-16,16,Online,Completed,73,79,5786
T000741,E00331,Data Privacy,2025-06-19,6,Online,Completed,68,76,14324
T000742,E00332,Negotiation,2025-01-14,8,Classroom,Completed,49,64,6496
T000743,E00332,Leadership Essentials,2025-05-31,12,Classroom,Completed,57,84,14755
T000744,E00332,Negotiation,2024-02-15,6,Blended,Completed,61,73,1737
T000745,E00333,Project Management,2024-07-29,4,Classroom,Completed,44,57,1956
T000746,E00333,Power BI,2025-04-10,24,Classroom,Completed,60,80,4317
T000747,E00333,GenAI for Business,2025-05-30,8,Online,Completed,77,97,13067
T000748,E00333,Leadership Essentials,2024-07-07,8,Blended,Completed,56,61,9707
T000749,E00334,Communication Skills,2025-01-29,24,Classroom,Completed,51,56,3555
T000750,E00334,Communication Skills,2025-12-18,4,Online,Completed,45,60,2393
T000751,E00335,Negotiation,2026-07-01,24,Online,Completed,66,93,8726
T000752,E00335,Python Analytics,2026-07-31,2,Blended,Completed,44,53,6987
T000753,E00335,Advanced Excel,2026-07-25,8,Blended,Completed,77,87,3838
T000754,E00335,Data Privacy,2026-07-27,12,Online,Completed,54,80,11718
T000755,E00336,Power BI,2026-01-27,2,Classroom,Completed,50,59,3686
T000756,E00336,Communication Skills,2025-09-21,4,Classroom,Completed,51,56,2523
T000757,E00336,Project Management,2025-11-15,2,Classroom,Completed,54,79,5360
T000758,E00336,Cloud Fundamentals,2025-09-07,6,Classroom,Completed,65,92,5208
T000759,E00337,Project Management,2025-02-04,16,Blended,Completed,62,87,12952
T000760,E00337,Leadership Essentials,2024-04-25,24,Classroom,Completed,52,68,8976
T000761,E00337,Cloud Fundamentals,2024-05-28,12,Blended,Completed,68,90,13523
T000762,E00337,Data Privacy,2025-03-11,12,Classroom,Completed,60,76,6576
T000763,E00337,Advanced Excel,2024-02-07,16,Classroom,Completed,72,79,5260
T000764,E00338,Cloud Fundamentals,2025-06-16,2,Blended,Completed,57,70,14189
T000765,E00339,Cloud Fundamentals,2025-01-26,2,Blended,Completed,48,56,7690
T000766,E00340,Data Privacy,2025-08-03,24,Classroom,Completed,76,97,5355
T000767,E00340,Leadership Essentials,2025-03-19,6,Classroom,Completed,71,79,9865
T000768,E00341,Project Management,2025-09-07,24,Blended,Completed,40,68,9234
T000769,E00341,Leadership Essentials,2026-03-15,8,Blended,Completed,59,75,5944
T000770,E00343,Communication Skills,2024-09-06,4,Online,Completed,73,95,14567
T000771,E00343,Communication Skills,2024-04-25,6,Online,Completed,60,83,14500
T000772,E00343,Advanced Excel,2024-10-19,6,Blended,Completed,54,65,4202
T000773,E00343,Python Analytics,2025-12-23,24,Classroom,Completed,61,79,7204
T000774,E00343,Power BI,2025-10-30,16,Online,Completed,64,69,14151
T000775,E00346,Python Analytics,2024-03-17,6,Classroom,Incomplete,63,90,12879
T000776,E00346,Data Privacy,2025-10-11,4,Blended,Incomplete,64,75,5065
T000777,E00347,GenAI for Business,2025-03-16,8,Classroom,Completed,76,89,14502
T000778,E00347,Python Analytics,2025-10-11,16,Online,Completed,66,76,12740
T000779,E00348,Leadership Essentials,2024-05-10,6,Online,Completed,68,73,4833
T000780,E00350,GenAI for Business,2025-07-21,12,Blended,Completed,70,76,10714
T000781,E00350,Negotiation,2025-12-14,24,Online,Completed,56,69,12309
T000782,E00350,Advanced Excel,2026-03-29,24,Online,Completed,63,83,2500
T000783,E00350,Data Privacy,2025-12-06,2,Online,Completed,60,80,2561
T000784,E00350,Negotiation,2026-07-07,4,Classroom,Completed,58,79,12979
T000785,E00351,Communication Skills,2025-07-21,8,Blended,Completed,78,97,4391
T000786,E00351,Project Management,2024-10-02,4,Online,Completed,77,93,11930
T000787,E00351,Negotiation,2025-09-07,4,Classroom,Completed,61,75,12665
T000788,E00352,Communication Skills,2026-06-02,12,Blended,Completed,54,74,7457
T000789,E00352,Data Privacy,2025-12-07,16,Online,Completed,77,100,11202
T000790,E00352,Advanced Excel,2025-12-30,4,Online,Completed,50,60,1636
T000791,E00352,Project Management,2025-10-19,6,Blended,Completed,44,62,2103
T000792,E00353,Communication Skills,2025-10-21,24,Blended,Completed,56,78,6861
T000793,E00353,Power BI,2025-12-18,24,Online,Completed,74,92,6431
T000794,E00353,Leadership Essentials,2024-12-11,12,Classroom,Completed,43,48,3143
T000795,E00353,Negotiation,2025-08-11,24,Online,Completed,57,65,11608
T000796,E00354,Data Privacy,2026-08-18,6,Online,Completed,77,97,11260
T000797,E00354,Advanced Excel,2025-05-08,12,Online,Completed,72,93,5995
T000798,E00354,Power BI,2024-01-07,12,Blended,Completed,65,90,11179
T000799,E00354,Project Management,2025-07-03,24,Classroom,Completed,71,79,14215
T000800,E00354,Cloud Fundamentals,2024-10-09,6,Online,Completed,50,69,7597
T000801,E00355,Cloud Fundamentals,2024-01-01,24,Classroom,Completed,50,66,7512
T000802,E00355,Cloud Fundamentals,2024-02-14,24,Classroom,Completed,45,52,6951
T000803,E00355,Advanced Excel,2024-02-16,24,Online,Completed,68,83,12854
T000804,E00356,Project Management,2026-08-18,24,Classroom,Completed,65,73,13143
T000805,E00356,Cloud Fundamentals,2025-06-19,12,Blended,Completed,78,92,4425
T000806,E00357,Project Management,2025-01-16,12,Online,Completed,70,77,5572
T000807,E00358,Cloud Fundamentals,2024-06-27,6,Classroom,Completed,42,47,4402
T000808,E00358,Negotiation,2025-12-21,4,Blended,Completed,69,92,6734
T000809,E00358,Python Analytics,2026-03-25,24,Blended,Completed,73,87,14603
T000810,E00358,Power BI,2024-03-03,16,Classroom,Completed,78,97,11433
T000811,E00359,Cloud Fundamentals,2024-07-26,24,Online,Completed,44,70,7042
T000812,E00360,Communication Skills,2026-07-27,24,Blended,Completed,71,92,13017
T000813,E00360,Project Management,2024-08-14,12,Blended,Completed,68,87,12788
T000814,E00360,Project Management,2026-05-26,16,Online,Completed,50,66,8027
T000815,E00361,Leadership Essentials,2025-07-15,6,Classroom,Completed,65,84,4402
T000816,E00364,Negotiation,2026-06-24,4,Blended,Completed,60,84,5189
T000817,E00365,Communication Skills,2026-01-08,2,Classroom,Completed,41,57,6248
T000818,E00365,Advanced Excel,2025-12-02,8,Classroom,Completed,41,48,8541
T000819,E00365,Power BI,2026-05-03,24,Classroom,Completed,63,87,3619
T000820,E00367,Leadership Essentials,2025-05-16,4,Blended,Completed,49,54,14450
T000821,E00367,Data Privacy,2024-01-06,6,Classroom,Completed,61,66,14572
T000822,E00369,Python Analytics,2025-07-09,2,Blended,Incomplete,66,78,10210
T000823,E00369,Leadership Essentials,2025-04-12,4,Blended,Completed,73,87,10967
T000824,E00369,Negotiation,2026-08-10,4,Blended,Completed,69,77,13367
T000825,E00369,Communication Skills,2024-07-07,6,Classroom,Completed,72,88,9849
T000826,E00369,Project Management,2024-06-13,6,Blended,Completed,45,71,12950
T000827,E00371,GenAI for Business,2026-08-20,16,Classroom,Completed,47,56,14864
T000828,E00372,Project Management,2025-03-03,6,Blended,Completed,41,65,10854
T000829,E00373,Advanced Excel,2026-07-24,4,Online,Completed,71,93,4075
T000830,E00374,Python Analytics,2026-08-07,16,Classroom,Completed,49,67,12382
T000831,E00374,Power BI,2026-08-17,2,Online,Completed,53,60,7673
T000832,E00375,Power BI,2025-09-01,24,Online,Completed,45,73,5821
T000833,E00375,Advanced Excel,2025-07-11,2,Blended,Completed,76,99,11842
T000834,E00375,Project Management,2026-03-20,8,Classroom,Completed,68,91,3194
T000835,E00375,Project Management,2025-07-07,16,Blended,Completed,40,59,8551
T000836,E00375,Power BI,2024-06-11,4,Blended,Completed,66,77,11613
T000837,E00376,Negotiation,2024-06-14,6,Online,Completed,71,78,14609
T000838,E00377,Data Privacy,2025-04-22,6,Classroom,Completed,67,87,5708
T000839,E00377,Negotiation,2024-06-01,4,Classroom,Completed,60,85,3444
T000840,E00377,Cloud Fundamentals,2025-06-02,16,Online,Incomplete,59,64,12590
T000841,E00377,GenAI for Business,2024-04-05,24,Blended,Completed,43,53,3557
T000842,E00377,Python Analytics,2025-04-24,12,Classroom,Completed,53,67,14723
T000843,E00378,Python Analytics,2024-09-15,12,Blended,Completed,57,82,13117
T000844,E00378,Negotiation,2025-06-26,24,Classroom,Completed,42,67,9309
T000845,E00378,Leadership Essentials,2024-12-14,4,Online,Completed,55,77,13897
T000846,E00378,Advanced Excel,2025-12-04,2,Blended,Completed,74,93,5537
T000847,E00380,Leadership Essentials,2026-06-30,24,Blended,Completed,47,74,10764
T000848,E00382,Data Privacy,2025-03-15,8,Classroom,Completed,45,53,4687
T000849,E00382,Cloud Fundamentals,2025-05-21,4,Blended,Completed,65,90,8887
T000850,E00384,Leadership Essentials,2025-06-27,24,Online,Completed,74,80,5489
T000851,E00384,Communication Skills,2024-08-12,6,Classroom,Completed,44,53,12454
T000852,E00384,Leadership Essentials,2025-01-09,6,Classroom,Completed,71,78,12703
T000853,E00385,Leadership Essentials,2025-05-04,24,Blended,Incomplete,57,75,3185
T000854,E00385,Negotiation,2025-12-09,12,Blended,Completed,61,73,2707
T000855,E00385,Data Privacy,2026-03-07,24,Online,Completed,64,78,1862
T000856,E00385,Data Privacy,2025-07-10,24,Online,Completed,66,82,3050
T000857,E00386,Negotiation,2025-11-06,6,Blended,Completed,45,51,2473
T000858,E00386,Data Privacy,2026-01-03,24,Online,Incomplete,56,62,2918
T000859,E00386,Python Analytics,2024-11-05,8,Blended,Completed,64,80,5071
T000860,E00387,Negotiation,2024-11-09,12,Online,Completed,55,79,12316
T000861,E00387,Power BI,2026-06-30,6,Classroom,Completed,77,85,7239
T000862,E00387,Data Privacy,2024-06-24,24,Classroom,Completed,44,52,4995
T000863,E00387,Cloud Fundamentals,2024-06-20,12,Classroom,Completed,45,71,9493
T000864,E00388,Project Management,2024-05-02,12,Classroom,Completed,42,48,14493
T000865,E00388,Advanced Excel,2024-05-08,6,Blended,Completed,63,85,10983
T000866,E00388,Communication Skills,2024-06-10,12,Classroom,Completed,54,74,13377
T000867,E00388,Data Privacy,2025-03-06,16,Blended,Completed,77,97,11328
T000868,E00388,Negotiation,2024-03-18,4,Classroom,Completed,51,59,12308
T000869,E00390,Leadership Essentials,2025-05-04,16,Classroom,Completed,64,91,8436
T000870,E00390,Data Privacy,2025-07-28,6,Blended,Completed,77,92,14871
T000871,E00390,Data Privacy,2024-09-22,6,Classroom,Completed,73,87,9510
T000872,E00390,Cloud Fundamentals,2024-12-19,8,Online,Completed,75,100,11037
T000873,E00391,Project Management,2026-05-28,24,Blended,Completed,59,77,6232
T000874,E00391,Power BI,2025-10-24,2,Classroom,Completed,61,77,8159
T000875,E00392,Cloud Fundamentals,2025-04-15,24,Online,Completed,74,93,10216
T000876,E00392,Project Management,2025-09-15,4,Blended,Completed,52,78,8667
T000877,E00392,Cloud Fundamentals,2024-07-17,2,Online,Completed,57,80,5192
T000878,E00397,Advanced Excel,2026-03-20,16,Blended,Completed,71,87,6987
T000879,E00397,Project Management,2025-05-18,4,Classroom,Incomplete,43,56,10827
T000880,E00397,Python Analytics,2025-07-24,4,Blended,Completed,44,62,10428
T000881,E00398,Power BI,2024-12-24,2,Classroom,Completed,47,71,9952
T000882,E00398,Negotiation,2026-08-13,4,Classroom,Completed,78,100,12109
T000883,E00398,Project Management,2025-04-14,24,Blended,Completed,47,53,10963
T000884,E00398,Negotiation,2026-04-21,24,Classroom,Completed,77,83,2923
T000885,E00398,Leadership Essentials,2026-04-21,12,Online,Completed,53,78,1616
T000886,E00399,Advanced Excel,2026-08-29,6,Blended,Incomplete,41,61,9465
T000887,E00399,Data Privacy,2026-08-29,12,Blended,Completed,60,80,7555
T000888,E00399,Advanced Excel,2026-08-28,12,Blended,Completed,78,85,12194
T000889,E00400,GenAI for Business,2024-06-18,6,Blended,Completed,45,60,6337
T000890,E00400,Python Analytics,2024-12-02,6,Blended,Completed,75,82,11755
T000891,E00400,Python Analytics,2025-04-03,6,Blended,Completed,66,86,2525
T000892,E00400,Leadership Essentials,2025-09-17,6,Blended,Completed,51,67,7257
T000893,E00402,Python Analytics,2025-11-30,8,Online,Completed,41,49,14843
T000894,E00402,Project Management,2025-10-20,24,Classroom,Completed,61,85,12767
T000895,E00402,Data Privacy,2024-08-30,6,Online,Incomplete,69,90,2784
T000896,E00402,Communication Skills,2024-02-03,8,Blended,Completed,49,59,5240
T000897,E00402,Project Management,2024-07-14,12,Online,Completed,40,56,6020
T000898,E00404,Data Privacy,2026-05-25,8,Classroom,Incomplete,46,55,8582
T000899,E00404,Project Management,2025-01-30,24,Classroom,Completed,76,100,10693
T000900,E00404,Data Privacy,2024-10-02,24,Online,Completed,63,73,2639
T000901,E00404,GenAI for Business,2025-09-27,12,Blended,Completed,55,82,7361
T000902,E00404,Data Privacy,2025-11-25,16,Online,Completed,67,80,12550
T000903,E00405,Python Analytics,2024-08-18,4,Online,Completed,56,78,4599
T000904,E00405,GenAI for Business,2025-01-14,24,Blended,Completed,59,77,4786
T000905,E00406,Python Analytics,2024-03-23,8,Blended,Completed,69,82,12885
T000906,E00406,Power BI,2024-11-23,8,Blended,Completed,75,82,14121
T000907,E00406,Advanced Excel,2024-08-31,6,Blended,Completed,58,83,13395
T000908,E00406,Power BI,2025-10-02,2,Blended,Completed,63,87,10540
T000909,E00406,Negotiation,2026-08-28,16,Blended,Completed,50,64,5951
T000910,E00407,GenAI for Business,2026-07-01,4,Online,Completed,49,61,4002
T000911,E00407,Python Analytics,2026-03-19,4,Blended,Completed,48,71,1850
T000912,E00407,Negotiation,2025-02-26,2,Online,Incomplete,51,67,8975
T000913,E00408,Leadership Essentials,2024-04-23,24,Blended,Completed,73,92,7511
T000914,E00408,Communication Skills,2024-10-24,6,Blended,Completed,77,100,4722
T000915,E00408,Cloud Fundamentals,2025-10-06,16,Classroom,Incomplete,61,82,14705
T000916,E00409,Data Privacy,2026-08-24,24,Classroom,Completed,59,74,2839
T000917,E00410,Leadership Essentials,2025-11-03,6,Blended,Completed,53,62,5774
T000918,E00410,Negotiation,2025-10-22,8,Blended,Completed,49,56,12410
T000919,E00410,Communication Skills,2026-06-21,12,Blended,Completed,72,81,7892
T000920,E00410,Project Management,2026-06-19,2,Online,Completed,71,86,7699
T000921,E00411,Cloud Fundamentals,2025-03-29,12,Blended,Completed,72,88,13119
T000922,E00411,Data Privacy,2026-01-22,16,Online,Completed,41,56,13361
T000923,E00411,Project Management,2026-06-27,8,Classroom,Completed,64,79,7219
T000924,E00412,Negotiation,2026-02-26,12,Classroom,Completed,62,83,14420
T000925,E00412,Leadership Essentials,2024-11-04,8,Online,Incomplete,67,79,9724
T000926,E00412,Advanced Excel,2026-08-16,4,Classroom,Completed,53,73,9490
T000927,E00412,Project Management,2024-12-16,4,Classroom,Completed,57,72,12705
T000928,E00413,Power BI,2026-07-26,6,Online,Completed,73,81,5515
T000929,E00413,Negotiation,2026-08-04,6,Blended,Completed,48,59,4382
T000930,E00414,GenAI for Business,2024-05-25,8,Blended,Completed,60,68,13119
T000931,E00414,Cloud Fundamentals,2025-02-14,8,Blended,Completed,48,66,7635
T000932,E00414,Advanced Excel,2025-09-10,8,Classroom,Completed,63,80,14113
T000933,E00415,Negotiation,2024-09-16,6,Online,Incomplete,59,68,13573
T000934,E00415,Communication Skills,2025-07-25,8,Classroom,Completed,77,96,13145
T000935,E00415,Project Management,2025-02-21,6,Online,Completed,66,84,10362
T000936,E00416,Python Analytics,2025-01-02,24,Online,Completed,61,79,13740
T000937,E00416,Leadership Essentials,2025-03-17,16,Online,Completed,57,69,9267
T000938,E00416,GenAI for Business,2024-09-30,12,Blended,Completed,54,61,14684
T000939,E00416,Data Privacy,2024-12-18,8,Online,Completed,75,83,9497
T000940,E00417,Python Analytics,2026-04-20,16,Classroom,Completed,62,70,14117
T000941,E00417,Negotiation,2025-03-19,16,Online,Completed,75,100,3941
T000942,E00417,Python Analytics,2024-09-12,4,Online,Completed,68,81,9735
T000943,E00417,Communication Skills,2025-05-30,12,Online,Incomplete,71,89,12845
T000944,E00417,Negotiation,2025-07-30,8,Classroom,Completed,66,78,8566
T000945,E00418,Cloud Fundamentals,2025-03-26,2,Classroom,Completed,50,76,8781
T000946,E00418,Communication Skills,2025-09-05,12,Online,Completed,46,51,6441
T000947,E00418,Cloud Fundamentals,2026-02-14,4,Classroom,Incomplete,69,78,14311
T000948,E00418,Communication Skills,2025-11-17,8,Online,Completed,42,67,12208
T000949,E00418,Leadership Essentials,2024-04-25,8,Blended,Completed,51,66,14702
T000950,E00420,Communication Skills,2024-09-21,2,Blended,Completed,41,57,6049
T000951,E00420,Leadership Essentials,2026-03-12,4,Online,Completed,65,71,5578
T000952,E00420,Communication Skills,2025-11-18,24,Classroom,Completed,45,61,8633
T000953,E00420,Data Privacy,2026-03-28,4,Blended,Completed,51,61,14848
T000954,E00421,Python Analytics,2025-10-12,2,Classroom,Completed,43,52,5489
T000955,E00421,Project Management,2025-12-04,2,Blended,Completed,60,67,5509
T000956,E00421,Leadership Essentials,2026-06-25,8,Blended,Completed,45,67,8135
T000957,E00421,GenAI for Business,2026-08-21,12,Classroom,Incomplete,46,74,5433
T000958,E00421,Communication Skills,2026-03-09,16,Online,Completed,65,90,13172
T000959,E00422,Communication Skills,2024-09-10,4,Classroom,Completed,55,73,3316
T000960,E00422,Python Analytics,2025-07-27,2,Classroom,Completed,53,61,5044
T000961,E00422,Negotiation,2024-09-21,16,Online,Completed,71,89,2693
T000962,E00423,Communication Skills,2026-04-07,24,Classroom,Completed,55,64,14017
T000963,E00423,GenAI for Business,2025-10-02,16,Classroom,Completed,74,88,8419
T000964,E00424,Negotiation,2025-09-25,12,Classroom,Completed,57,69,12447
T000965,E00424,Advanced Excel,2025-04-08,16,Blended,Completed,59,64,14493
T000966,E00425,Python Analytics,2024-09-03,16,Classroom,Completed,58,66,11411
T000967,E00425,Power BI,2024-08-23,24,Classroom,Completed,49,62,10311
T000968,E00425,Cloud Fundamentals,2024-05-16,4,Online,Completed,53,80,5058
T000969,E00425,Python Analytics,2025-05-31,2,Blended,Completed,73,99,6978
T000970,E00426,Project Management,2024-02-25,16,Classroom,Completed,50,75,6771
T000971,E00426,Leadership Essentials,2024-06-03,4,Online,Completed,40,58,4422
T000972,E00427,Python Analytics,2025-01-23,4,Online,Completed,76,97,6043
T000973,E00427,Negotiation,2024-12-10,4,Online,Completed,61,87,8996
T000974,E00427,Cloud Fundamentals,2024-02-16,12,Classroom,Completed,56,80,8677
T000975,E00427,Negotiation,2026-02-21,16,Blended,Completed,69,89,14813
T000976,E00427,Cloud Fundamentals,2024-04-18,12,Blended,Completed,60,88,12287
T000977,E00429,Data Privacy,2024-01-11,2,Online,Completed,42,65,8861
T000978,E00430,Project Management,2025-11-01,2,Classroom,Completed,67,81,8346
T000979,E00430,Leadership Essentials,2024-05-17,8,Classroom,Completed,72,97,3533
T000980,E00430,Advanced Excel,2024-12-02,6,Blended,Completed,69,86,14995
T000981,E00431,Cloud Fundamentals,2024-05-25,8,Online,Completed,43,59,4157
T000982,E00432,Project Management,2026-08-07,2,Online,Completed,72,85,11300
T000983,E00432,Project Management,2024-03-29,12,Classroom,Completed,77,92,4415
T000984,E00432,Data Privacy,2024-05-11,4,Online,Completed,52,64,14234
T000985,E00432,Data Privacy,2024-04-20,4,Online,Completed,44,55,14596
T000986,E00432,GenAI for Business,2026-06-04,24,Classroom,Completed,75,88,10759
T000987,E00433,Advanced Excel,2024-01-23,8,Online,Incomplete,67,87,7678
T000988,E00434,Leadership Essentials,2024-08-15,4,Blended,Completed,57,74,1639
T000989,E00434,Python Analytics,2025-01-13,2,Online,Completed,67,87,8362
T000990,E00434,Communication Skills,2024-09-07,2,Online,Completed,71,97,3338
T000991,E00434,Python Analytics,2025-05-08,12,Blended,Incomplete,60,68,11267
T000992,E00435,Cloud Fundamentals,2026-07-31,8,Blended,Completed,65,79,4384
T000993,E00436,Advanced Excel,2026-05-05,8,Classroom,Completed,76,82,14678
T000994,E00436,Cloud Fundamentals,2025-10-03,4,Blended,Completed,45,73,4115
T000995,E00436,Python Analytics,2026-04-17,16,Classroom,Completed,60,79,5764
T000996,E00437,Leadership Essentials,2026-06-16,6,Blended,Completed,67,75,8659
T000997,E00437,Project Management,2026-08-10,24,Blended,Completed,50,78,2225
T000998,E00438,Project Management,2025-07-29,2,Classroom,Completed,72,83,11492
T000999,E00438,Power BI,2025-10-26,4,Classroom,Completed,61,66,3610
T001000,E00439,Power BI,2026-03-09,6,Classroom,Completed,47,75,14745
T001001,E00439,Project Management,2026-02-15,12,Blended,Completed,57,67,7124
T001002,E00439,Cloud Fundamentals,2024-01-31,16,Blended,Completed,48,57,13984
T001003,E00439,Cloud Fundamentals,2025-06-12,4,Online,Completed,54,70,4102
T001004,E00440,Advanced Excel,2025-12-07,2,Blended,Completed,66,88,5127
T001005,E00440,Advanced Excel,2025-06-04,2,Online,Completed,61,70,4767
T001006,E00440,Python Analytics,2026-03-07,4,Online,Completed,40,64,3705
T001007,E00441,Advanced Excel,2026-02-17,6,Blended,Completed,41,54,11682
T001008,E00442,Python Analytics,2024-09-22,24,Online,Completed,47,58,7373
T001009,E00443,Advanced Excel,2026-04-22,24,Classroom,Completed,49,72,14366
T001010,E00443,Data Privacy,2026-06-19,8,Blended,Completed,71,85,7902
T001011,E00443,Advanced Excel,2026-07-07,6,Classroom,Completed,49,60,14920
T001012,E00444,Advanced Excel,2025-02-22,2,Blended,Completed,78,83,5515
T001013,E00444,Negotiation,2024-11-11,4,Blended,Completed,44,49,9613
T001014,E00444,Power BI,2024-02-06,6,Online,Completed,69,92,6453
T001015,E00444,Cloud Fundamentals,2024-02-25,16,Blended,Completed,75,86,4496
T001016,E00446,Cloud Fundamentals,2024-05-20,16,Blended,Completed,42,66,6101
T001017,E00446,Cloud Fundamentals,2024-04-26,24,Blended,Completed,60,69,3588
T001018,E00446,Leadership Essentials,2025-08-15,8,Blended,Completed,66,83,9441
T001019,E00447,Negotiation,2025-06-07,8,Classroom,Completed,78,93,14248
T001020,E00447,Advanced Excel,2025-02-18,6,Classroom,Completed,67,93,4556
T001021,E00450,Data Privacy,2024-11-17,12,Blended,Completed,61,80,10372
T001022,E00450,Python Analytics,2024-06-20,4,Online,Completed,49,70,8964
T001023,E00450,Cloud Fundamentals,2024-11-18,8,Classroom,Incomplete,55,77,12519
T001024,E00452,GenAI for Business,2024-10-31,6,Online,Completed,42,70,3089
T001025,E00452,Negotiation,2024-12-29,16,Blended,Completed,73,86,12668
T001026,E00452,Negotiation,2025-12-05,4,Online,Completed,61,83,5655
T001027,E00452,Leadership Essentials,2025-10-14,2,Online,Completed,51,69,13825
T001028,E00452,Cloud Fundamentals,2026-02-08,24,Classroom,Completed,78,98,2508
T001029,E00453,Leadership Essentials,2025-11-16,6,Online,Completed,78,100,4064
T001030,E00454,Communication Skills,2026-07-21,2,Blended,Completed,45,72,8189
T001031,E00454,Negotiation,2026-07-30,24,Classroom,Completed,62,70,12276
T001032,E00454,GenAI for Business,2026-08-01,8,Blended,Completed,45,71,8552
T001033,E00457,Cloud Fundamentals,2025-09-24,16,Classroom,Completed,43,49,11561
T001034,E00457,Power BI,2025-09-27,8,Online,Completed,76,100,6199
T001035,E00458,Communication Skills,2025-11-26,2,Classroom,Completed,60,78,8991
T001036,E00458,Cloud Fundamentals,2026-08-17,4,Blended,Completed,42,48,7154
T001037,E00458,Python Analytics,2026-05-20,8,Blended,Completed,56,72,1738
T001038,E00458,Leadership Essentials,2025-09-12,2,Classroom,Completed,46,55,6257
T001039,E00458,GenAI for Business,2026-05-01,2,Online,Completed,62,68,13301
T001040,E00459,Data Privacy,2026-03-22,24,Blended,Completed,58,67,2275
T001041,E00459,Negotiation,2024-05-26,12,Classroom,Completed,68,93,12810
T001042,E00459,Cloud Fundamentals,2026-05-15,8,Blended,Completed,40,50,12359
T001043,E00459,GenAI for Business,2024-11-17,12,Blended,Completed,45,54,12570
T001044,E00460,Data Privacy,2025-09-03,16,Classroom,Completed,45,53,13601
T001045,E00460,Communication Skills,2025-07-09,16,Online,Completed,52,60,13594
T001046,E00461,Advanced Excel,2025-06-08,8,Classroom,Completed,72,84,5785
T001047,E00461,Python Analytics,2024-02-05,24,Blended,Completed,41,64,6025
T001048,E00461,Advanced Excel,2024-12-23,6,Classroom,Completed,44,49,6532
T001049,E00461,Project Management,2026-06-06,8,Blended,Incomplete,60,76,14385
T001050,E00462,Python Analytics,2026-03-10,2,Blended,Completed,62,68,4453
T001051,E00462,Project Management,2025-09-26,12,Blended,Completed,50,76,3467
T001052,E00462,Advanced Excel,2025-05-23,12,Online,Completed,41,59,4222
T001053,E00463,Python Analytics,2026-03-14,4,Blended,Completed,64,78,9718
T001054,E00463,Communication Skills,2025-01-28,2,Classroom,Completed,46,52,2916
T001055,E00463,Python Analytics,2024-09-24,2,Online,Completed,55,68,9386
T001056,E00463,Project Management,2024-07-01,16,Blended,Completed,43,71,11311
T001057,E00463,Data Privacy,2026-01-15,24,Blended,Completed,50,63,11339
T001058,E00464,Cloud Fundamentals,2025-01-23,24,Online,Completed,49,69,13666
T001059,E00464,Advanced Excel,2024-03-28,6,Online,Incomplete,52,70,12565
T001060,E00464,Cloud Fundamentals,2024-07-26,8,Classroom,Incomplete,74,97,10457
T001061,E00464,Project Management,2024-12-20,6,Online,Completed,51,58,13243
T001062,E00464,Communication Skills,2024-11-28,8,Blended,Completed,66,78,6822
T001063,E00465,Negotiation,2024-04-24,8,Online,Completed,56,74,12752
T001064,E00465,Power BI,2025-10-17,2,Online,Completed,53,67,9875
T001065,E00465,Advanced Excel,2025-04-14,8,Classroom,Completed,69,74,9671
T001066,E00465,Power BI,2026-03-27,2,Online,Completed,45,61,1799
T001067,E00468,GenAI for Business,2025-04-22,2,Online,Completed,59,85,14475
T001068,E00468,Power BI,2024-08-22,2,Classroom,Completed,55,63,3279
T001069,E00469,Leadership Essentials,2026-06-12,24,Online,Completed,58,76,9558
T001070,E00470,Cloud Fundamentals,2026-01-13,12,Blended,Completed,58,74,11245
T001071,E00470,Power BI,2026-06-20,2,Blended,Completed,61,67,9485
T001072,E00470,Python Analytics,2024-06-14,8,Classroom,Completed,63,86,7971
T001073,E00471,Python Analytics,2025-12-15,6,Online,Completed,59,83,7542
T001074,E00472,Cloud Fundamentals,2026-01-08,2,Online,Completed,75,96,4561
T001075,E00472,Cloud Fundamentals,2025-11-09,8,Blended,Completed,55,70,13655
T001076,E00472,Leadership Essentials,2026-01-12,6,Classroom,Completed,49,76,1527
T001077,E00472,Leadership Essentials,2026-01-14,8,Blended,Completed,45,72,2289
T001078,E00473,Python Analytics,2024-05-20,6,Blended,Completed,42,54,6973
T001079,E00474,Communication Skills,2025-12-23,4,Classroom,Completed,73,93,9880
T001080,E00474,Python Analytics,2025-04-01,12,Online,Completed,75,92,5624
T001081,E00476,Data Privacy,2026-01-11,6,Classroom,Completed,42,57,2910
T001082,E00476,Communication Skills,2026-03-01,12,Blended,Completed,54,61,5429
T001083,E00478,Advanced Excel,2024-10-07,2,Online,Completed,76,95,1769
T001084,E00479,GenAI for Business,2025-01-19,16,Blended,Completed,72,96,5014
T001085,E00479,Negotiation,2025-03-23,8,Blended,Completed,47,64,3823
T001086,E00479,Leadership Essentials,2025-04-19,16,Blended,Completed,50,61,10535
T001087,E00479,GenAI for Business,2026-07-04,12,Blended,Completed,42,57,4949
T001088,E00480,Negotiation,2026-08-31,4,Blended,Completed,66,77,13258
T001089,E00481,Power BI,2025-02-02,24,Classroom,Incomplete,48,63,5025
T001090,E00481,Python Analytics,2024-02-02,24,Blended,Completed,68,86,8837
T001091,E00481,GenAI for Business,2024-08-17,2,Blended,Completed,58,68,4004
T001092,E00481,Power BI,2024-11-30,2,Classroom,Completed,64,82,14981
T001093,E00481,Leadership Essentials,2024-07-05,24,Online,Completed,58,78,14359
T001094,E00482,Advanced Excel,2025-07-08,24,Blended,Completed,64,86,10708
T001095,E00482,Advanced Excel,2026-03-16,6,Online,Completed,49,65,12269
T001096,E00482,Project Management,2025-03-25,6,Classroom,Incomplete,54,74,12025
T001097,E00482,Python Analytics,2024-02-29,24,Online,Completed,77,92,9867
T001098,E00484,Python Analytics,2025-03-10,6,Classroom,Completed,56,66,7412
T001099,E00484,Data Privacy,2024-10-04,24,Online,Completed,69,92,10010
T001100,E00484,Leadership Essentials,2024-12-29,16,Blended,Completed,41,60,6173
T001101,E00485,Cloud Fundamentals,2025-03-19,6,Online,Completed,58,63,4639
T001102,E00485,Leadership Essentials,2024-11-12,8,Classroom,Completed,59,78,6523
T001103,E00485,GenAI for Business,2025-11-28,12,Classroom,Completed,56,83,11222
T001104,E00485,GenAI for Business,2026-01-18,2,Blended,Completed,42,52,11505
T001105,E00485,Power BI,2024-12-24,4,Online,Completed,59,76,12877
T001106,E00486,GenAI for Business,2025-04-14,12,Blended,Completed,67,86,8641
T001107,E00487,Negotiation,2026-01-26,24,Blended,Completed,48,71,11413
T001108,E00488,Python Analytics,2026-03-30,8,Blended,Completed,62,72,2551
T001109,E00488,Negotiation,2024-06-24,12,Online,Completed,51,61,8345
T001110,E00488,Data Privacy,2025-07-30,16,Online,Completed,54,67,11006
T001111,E00488,Advanced Excel,2024-05-19,6,Online,Incomplete,75,100,12156
T001112,E00488,Cloud Fundamentals,2025-12-14,8,Blended,Completed,75,97,14430
T001113,E00490,Python Analytics,2025-03-09,4,Blended,Completed,49,56,2332
T001114,E00490,Project Management,2025-10-30,4,Blended,Completed,69,93,4718
T001115,E00490,GenAI for Business,2026-06-07,12,Blended,Completed,75,100,11622
T001116,E00491,Power BI,2026-08-23,6,Blended,Incomplete,73,91,11049
T001117,E00491,Leadership Essentials,2026-03-26,12,Classroom,Completed,72,90,12855
T001118,E00491,Cloud Fundamentals,2026-05-15,12,Classroom,Incomplete,59,84,7518
T001119,E00492,Project Management,2024-11-11,2,Online,Completed,55,68,9146
T001120,E00492,Advanced Excel,2024-02-06,8,Online,Completed,61,85,8980
T001121,E00492,Python Analytics,2024-10-14,4,Blended,Completed,51,76,9757
T001122,E00492,Project Management,2024-01-25,12,Blended,Incomplete,62,89,12575
T001123,E00492,Power BI,2025-04-11,4,Blended,Incomplete,48,63,14738
T001124,E00493,Data Privacy,2026-04-24,24,Online,Completed,40,45,11896
T001125,E00493,Project Management,2025-05-27,4,Online,Completed,67,78,2225
T001126,E00493,Leadership Essentials,2026-06-23,4,Blended,Completed,78,97,11467
T001127,E00493,Advanced Excel,2025-03-12,2,Blended,Completed,59,76,12329
T001128,E00493,Python Analytics,2025-06-12,24,Blended,Completed,51,63,4436
T001129,E00495,Leadership Essentials,2026-03-31,6,Classroom,Completed,51,76,2806
T001130,E00495,Negotiation,2025-09-04,24,Blended,Completed,46,52,2181
T001131,E00495,Python Analytics,2026-06-06,16,Classroom,Completed,47,57,10284
T001132,E00495,Data Privacy,2026-07-08,12,Online,Completed,60,78,11577
T001133,E00496,Advanced Excel,2024-07-29,6,Blended,Completed,69,75,8355
T001134,E00496,Python Analytics,2026-07-18,16,Blended,Completed,63,70,7032
T001135,E00496,Python Analytics,2025-05-06,24,Classroom,Completed,60,70,5682
T001136,E00497,Cloud Fundamentals,2024-01-15,2,Online,Completed,63,68,6332
T001137,E00497,Project Management,2024-12-19,24,Blended,Completed,66,90,9698
T001138,E00499,Leadership Essentials,2026-03-26,6,Online,Completed,42,64,13518
T001139,E00500,Power BI,2024-06-27,2,Classroom,Completed,74,93,12642
T001140,E00501,Power BI,2026-03-20,4,Online,Completed,78,94,14070
T001141,E00501,Cloud Fundamentals,2026-01-30,12,Blended,Completed,56,72,7204
T001142,E00502,Data Privacy,2025-09-24,12,Classroom,Completed,76,90,3764
T001143,E00502,GenAI for Business,2024-03-29,2,Online,Completed,40,56,12401
T001144,E00502,Data Privacy,2024-03-21,6,Blended,Completed,75,99,8894
T001145,E00502,Power BI,2024-01-15,24,Blended,Completed,46,54,4980
T001146,E00502,Cloud Fundamentals,2024-09-04,8,Blended,Completed,57,75,10590
T001147,E00503,Data Privacy,2024-09-09,12,Blended,Completed,48,67,12394
T001148,E00503,Data Privacy,2024-04-03,12,Classroom,Completed,62,75,11722
T001149,E00503,GenAI for Business,2025-12-20,6,Online,Completed,63,87,4335
T001150,E00503,Communication Skills,2025-02-26,16,Online,Completed,67,84,2233
T001151,E00504,Python Analytics,2024-03-25,6,Blended,Completed,73,92,8973
T001152,E00504,Cloud Fundamentals,2024-08-10,2,Online,Completed,65,91,5717
T001153,E00504,Leadership Essentials,2025-01-22,24,Online,Completed,48,68,14993
T001154,E00505,Advanced Excel,2025-07-20,24,Blended,Completed,65,75,8114
T001155,E00505,Power BI,2025-10-10,24,Online,Completed,64,73,2488
T001156,E00505,Python Analytics,2024-06-27,6,Online,Completed,46,54,10974
T001157,E00507,Python Analytics,2026-06-16,12,Classroom,Completed,52,70,12429
T001158,E00507,GenAI for Business,2026-06-01,16,Online,Completed,69,83,13429
T001159,E00507,GenAI for Business,2026-08-04,24,Blended,Completed,51,78,6630
T001160,E00507,Power BI,2026-03-24,2,Classroom,Completed,50,69,12032
T001161,E00509,Cloud Fundamentals,2025-06-11,4,Online,Completed,73,100,6245
T001162,E00510,Python Analytics,2024-09-22,12,Online,Completed,48,53,12398
T001163,E00510,Data Privacy,2024-03-22,4,Classroom,Completed,68,88,2281
T001164,E00511,Python Analytics,2025-03-24,4,Classroom,Completed,44,58,2140
T001165,E00511,Communication Skills,2024-05-16,16,Blended,Completed,43,63,11393
T001166,E00511,Communication Skills,2024-02-03,4,Online,Completed,44,64,11792
T001167,E00511,Data Privacy,2025-11-10,12,Blended,Completed,40,66,12879
T001168,E00512,Communication Skills,2026-08-31,16,Classroom,Incomplete,56,66,5115
T001169,E00512,Python Analytics,2026-08-30,8,Classroom,Completed,74,100,3354
T001170,E00512,Communication Skills,2026-08-31,2,Online,Incomplete,65,89,2356
T001171,E00513,Python Analytics,2026-01-03,4,Classroom,Completed,64,84,12577
T001172,E00513,Negotiation,2025-01-16,4,Classroom,Completed,51,74,2809
T001173,E00513,Cloud Fundamentals,2025-02-04,8,Blended,Completed,56,74,9821
T001174,E00513,GenAI for Business,2026-01-31,12,Classroom,Completed,65,87,2967
T001175,E00514,Negotiation,2025-03-25,16,Online,Completed,52,76,8718
T001176,E00515,Communication Skills,2025-11-07,8,Classroom,Completed,63,74,1561
T001177,E00515,Power BI,2026-03-24,12,Blended,Completed,57,75,8571
T001178,E00515,GenAI for Business,2025-11-13,4,Classroom,Completed,51,59,12540
T001179,E00515,Negotiation,2025-11-03,8,Classroom,Completed,66,92,12927
T001180,E00515,Cloud Fundamentals,2026-08-10,12,Classroom,Completed,40,68,10264
T001181,E00516,Power BI,2026-04-23,2,Online,Completed,69,97,8844
T001182,E00516,Negotiation,2026-07-23,8,Online,Completed,49,67,9533
T001183,E00516,Project Management,2025-03-04,24,Classroom,Completed,76,98,12833
T001184,E00516,Advanced Excel,2025-02-22,2,Classroom,Completed,53,74,5785
T001185,E00516,Leadership Essentials,2025-08-23,12,Classroom,Completed,72,82,8042
T001186,E00518,Python Analytics,2025-08-28,4,Classroom,Completed,49,71,14305
T001187,E00518,Communication Skills,2025-03-14,8,Blended,Completed,53,75,11950
T001188,E00521,Power BI,2026-01-27,6,Blended,Incomplete,68,74,9447
T001189,E00521,Data Privacy,2024-09-05,12,Online,Completed,68,94,11925
T001190,E00521,Leadership Essentials,2026-04-05,12,Blended,Completed,69,85,8968
T001191,E00521,Python Analytics,2024-07-27,12,Blended,Completed,53,58,13304
T001192,E00521,Leadership Essentials,2025-11-16,2,Classroom,Completed,69,97,5361
T001193,E00522,GenAI for Business,2025-12-25,24,Online,Completed,69,85,4650
T001194,E00522,Negotiation,2025-10-08,4,Classroom,Completed,54,71,3637
T001195,E00522,Data Privacy,2026-01-05,16,Blended,Completed,71,86,6847
T001196,E00523,Cloud Fundamentals,2025-07-11,4,Online,Completed,78,92,14876
T001197,E00524,Negotiation,2024-06-30,24,Blended,Completed,40,65,14201
T001198,E00524,Advanced Excel,2025-01-12,8,Online,Completed,77,100,5124
T001199,E00524,GenAI for Business,2024-11-28,12,Online,Completed,51,69,3186
T001200,E00524,Data Privacy,2025-11-11,8,Classroom,Completed,62,89,9988
T001201,E00525,Data Privacy,2025-04-24,8,Online,Completed,43,70,10117
T001202,E00526,GenAI for Business,2026-08-19,12,Online,Incomplete,77,100,2365
T001203,E00526,Cloud Fundamentals,2026-08-17,4,Classroom,Completed,47,66,6722
T001204,E00526,Communication Skills,2026-08-25,6,Online,Completed,42,57,14808
T001205,E00527,Data Privacy,2025-11-10,24,Blended,Completed,61,82,3837
T001206,E00529,Data Privacy,2026-04-13,2,Classroom,Completed,46,58,8230
T001207,E00529,Leadership Essentials,2026-04-12,12,Classroom,Completed,66,73,2528
T001208,E00529,Project Management,2026-06-21,2,Classroom,Completed,48,56,13556
T001209,E00529,Power BI,2025-10-18,16,Blended,Completed,52,65,12021
T001210,E00529,Advanced Excel,2026-08-07,2,Classroom,Completed,60,85,5254
T001211,E00530,Negotiation,2026-07-31,6,Classroom,Completed,55,78,2887
T001212,E00530,Power BI,2026-08-19,24,Classroom,Completed,50,56,5038
T001213,E00530,Power BI,2026-06-28,6,Blended,Completed,52,77,12260
T001214,E00531,Cloud Fundamentals,2026-02-10,8,Classroom,Completed,45,55,12297
T001215,E00531,Python Analytics,2026-05-23,2,Blended,Completed,58,66,6560
T001216,E00531,Communication Skills,2025-05-27,12,Online,Completed,77,88,6304
T001217,E00532,GenAI for Business,2025-05-16,16,Classroom,Completed,73,99,11672
T001218,E00532,Project Management,2025-04-10,24,Classroom,Completed,72,78,9773
T001219,E00532,Power BI,2024-04-17,2,Classroom,Incomplete,72,81,14562
T001220,E00533,Communication Skills,2025-10-23,16,Blended,Completed,51,77,11751
T001221,E00533,Negotiation,2024-10-07,16,Classroom,Completed,73,87,7841
T001222,E00537,Advanced Excel,2024-05-12,4,Online,Completed,51,60,14642
T001223,E00537,Power BI,2024-07-05,8,Classroom,Completed,49,54,9783
T001224,E00537,Python Analytics,2026-03-20,12,Online,Completed,50,75,3275
T001225,E00537,Power BI,2024-12-27,12,Classroom,Completed,60,68,6292
T001226,E00538,Power BI,2024-01-19,12,Classroom,Completed,59,67,10442
T001227,E00539,Power BI,2026-05-24,8,Classroom,Completed,53,81,8174
T001228,E00539,Python Analytics,2024-09-05,2,Classroom,Completed,71,85,8461
T001229,E00539,Leadership Essentials,2026-02-23,6,Blended,Completed,57,70,13327
T001230,E00539,Python Analytics,2024-06-27,6,Blended,Completed,43,65,5737
T001231,E00540,Advanced Excel,2024-05-14,24,Classroom,Completed,72,86,2835
T001232,E00540,Advanced Excel,2025-01-29,8,Classroom,Incomplete,47,72,8690
T001233,E00540,Advanced Excel,2024-02-05,4,Classroom,Completed,75,87,4878
T001234,E00540,Cloud Fundamentals,2025-07-22,12,Classroom,Completed,61,74,3372
T001235,E00540,Advanced Excel,2025-05-11,12,Classroom,Completed,65,71,12774
T001236,E00541,Python Analytics,2026-02-07,16,Online,Completed,65,78,2631
T001237,E00541,Python Analytics,2024-02-06,6,Classroom,Completed,70,75,9079
T001238,E00541,Leadership Essentials,2024-09-30,24,Online,Completed,64,71,14578
T001239,E00541,Advanced Excel,2024-06-03,2,Blended,Completed,54,70,4681
T001240,E00542,Communication Skills,2024-02-05,2,Classroom,Completed,47,57,13152
T001241,E00542,Power BI,2024-07-11,12,Classroom,Completed,70,84,12741
T001242,E00542,Power BI,2024-01-14,6,Classroom,Incomplete,53,75,8236
T001243,E00545,Communication Skills,2026-08-28,4,Blended,Completed,73,85,11788
T001244,E00549,Python Analytics,2024-11-05,2,Blended,Completed,66,91,4793
T001245,E00550,Data Privacy,2026-05-03,6,Online,Completed,68,85,9479
T001246,E00550,Communication Skills,2025-02-25,6,Blended,Completed,48,73,11900
T001247,E00550,Project Management,2025-06-25,6,Blended,Completed,47,70,8726
T001248,E00551,Cloud Fundamentals,2024-03-30,16,Classroom,Completed,76,87,10731
T001249,E00553,Leadership Essentials,2024-01-06,4,Online,Completed,50,72,11792
T001250,E00553,Power BI,2025-08-28,12,Online,Completed,62,74,12930
T001251,E00553,Power BI,2025-10-23,4,Online,Completed,72,95,11259
T001252,E00553,Leadership Essentials,2026-03-30,6,Online,Completed,42,53,7321
T001253,E00553,Communication Skills,2025-11-17,6,Online,Completed,50,72,5926
T001254,E00556,Negotiation,2026-01-14,6,Classroom,Completed,62,69,6905
T001255,E00556,Power BI,2024-06-25,8,Classroom,Completed,52,74,2260
T001256,E00557,Leadership Essentials,2026-07-29,24,Classroom,Completed,64,86,5172
T001257,E00557,Data Privacy,2026-08-05,12,Blended,Completed,42,56,7153
T001258,E00557,Data Privacy,2026-08-24,16,Blended,Completed,70,96,6842
T001259,E00557,Communication Skills,2026-07-31,24,Blended,Completed,68,88,12415
T001260,E00558,Python Analytics,2025-10-03,2,Online,Completed,63,71,14737
T001261,E00558,Data Privacy,2025-04-21,2,Online,Incomplete,51,66,3442
T001262,E00559,GenAI for Business,2025-12-01,2,Online,Completed,63,78,1879
T001263,E00559,GenAI for Business,2024-12-17,2,Online,Completed,72,78,2791
T001264,E00559,Data Privacy,2025-09-09,24,Classroom,Completed,49,66,5256
T001265,E00559,GenAI for Business,2026-03-21,24,Blended,Completed,43,65,4748
T001266,E00560,Data Privacy,2026-01-11,2,Online,Completed,67,74,2563
T001267,E00561,Cloud Fundamentals,2026-06-03,4,Classroom,Completed,41,66,7705
T001268,E00561,Data Privacy,2025-02-03,6,Online,Completed,58,69,3384
T001269,E00561,Python Analytics,2025-05-05,16,Classroom,Incomplete,65,88,6027
T001270,E00562,Project Management,2026-07-16,16,Online,Completed,59,72,9685
T001271,E00562,Leadership Essentials,2026-03-23,16,Blended,Completed,59,77,5165
T001272,E00562,Project Management,2026-04-10,4,Online,Completed,69,89,8333
T001273,E00562,Data Privacy,2026-08-01,12,Classroom,Completed,66,86,4599
T001274,E00562,Python Analytics,2026-06-24,6,Classroom,Completed,71,92,13297
T001275,E00563,Advanced Excel,2026-04-04,24,Online,Completed,57,66,14903
T001276,E00563,Advanced Excel,2026-03-07,16,Classroom,Incomplete,68,85,7605
T001277,E00563,Project Management,2026-08-27,24,Blended,Completed,62,88,9537
T001278,E00563,Advanced Excel,2026-03-10,16,Classroom,Completed,55,72,1796
T001279,E00564,Python Analytics,2024-02-18,12,Classroom,Completed,77,86,11913
T001280,E00564,Negotiation,2025-10-29,6,Blended,Completed,60,78,9310
T001281,E00564,GenAI for Business,2024-09-09,12,Classroom,Completed,75,92,6016
T001282,E00564,Cloud Fundamentals,2026-05-10,2,Online,Completed,47,59,9815
T001283,E00564,Python Analytics,2024-12-16,24,Online,Completed,73,86,6465
T001284,E00565,Cloud Fundamentals,2026-05-07,16,Blended,Incomplete,53,72,12152
T001285,E00565,Project Management,2025-10-08,12,Blended,Completed,58,67,12921
T001286,E00565,Python Analytics,2026-03-08,12,Classroom,Completed,57,63,9037
T001287,E00565,Python Analytics,2026-04-01,12,Online,Completed,53,68,3806
T001288,E00565,Advanced Excel,2026-07-20,2,Classroom,Completed,58,68,4175
T001289,E00566,Cloud Fundamentals,2025-06-29,12,Online,Completed,54,69,11033
T001290,E00566,Leadership Essentials,2025-09-14,8,Classroom,Completed,71,87,9558
T001291,E00567,Cloud Fundamentals,2024-01-18,24,Online,Completed,54,76,14461
T001292,E00567,Data Privacy,2024-06-24,12,Blended,Incomplete,57,63,10279
T001293,E00567,Power BI,2024-08-13,8,Online,Completed,78,90,8992
T001294,E00568,Data Privacy,2025-08-12,16,Classroom,Completed,72,86,7979
T001295,E00568,Advanced Excel,2025-01-17,12,Classroom,Completed,49,61,3730
T001296,E00568,Power BI,2024-01-24,16,Classroom,Completed,45,55,12557
T001297,E00568,Advanced Excel,2025-01-27,4,Online,Incomplete,51,75,8351
T001298,E00568,Leadership Essentials,2024-05-26,24,Online,Completed,54,80,12790
T001299,E00569,Negotiation,2025-01-08,24,Online,Completed,76,95,11242
T001300,E00569,Data Privacy,2026-04-24,2,Blended,Completed,46,56,5782
T001301,E00570,Cloud Fundamentals,2025-08-25,8,Online,Completed,45,58,8198
T001302,E00570,Negotiation,2026-08-31,2,Classroom,Completed,40,64,10377
T001303,E00570,Data Privacy,2024-04-13,8,Online,Completed,76,97,10058
T001304,E00571,Communication Skills,2025-05-03,8,Blended,Completed,53,70,1936
T001305,E00571,Data Privacy,2026-08-12,4,Online,Completed,42,57,8373
T001306,E00572,Cloud Fundamentals,2026-01-22,16,Blended,Completed,53,69,8943
T001307,E00572,Negotiation,2026-04-27,16,Blended,Completed,48,64,12673
T001308,E00572,Cloud Fundamentals,2026-08-28,4,Classroom,Completed,60,77,7791
T001309,E00575,Power BI,2024-08-17,4,Classroom,Completed,64,80,5043
T001310,E00575,Negotiation,2024-11-26,24,Classroom,Completed,59,81,10743
T001311,E00575,GenAI for Business,2024-02-02,6,Classroom,Completed,69,95,6933
T001312,E00579,Communication Skills,2026-07-10,2,Blended,Incomplete,72,94,4077
T001313,E00579,Cloud Fundamentals,2026-06-16,24,Blended,Completed,72,98,3947
T001314,E00579,Leadership Essentials,2026-02-14,24,Classroom,Completed,52,76,6209
T001315,E00579,Project Management,2026-05-30,16,Blended,Completed,41,47,12911
T001316,E00580,Cloud Fundamentals,2026-07-14,12,Online,Completed,43,69,9456
T001317,E00580,Python Analytics,2025-04-10,16,Blended,Completed,60,78,4914
T001318,E00580,Cloud Fundamentals,2026-06-25,4,Online,Completed,50,68,8738
T001319,E00580,Leadership Essentials,2024-10-27,2,Classroom,Completed,78,98,8376
T001320,E00580,Negotiation,2026-01-25,8,Classroom,Completed,52,71,4773
T001321,E00581,Advanced Excel,2025-06-19,4,Blended,Completed,48,60,7250
T001322,E00581,Power BI,2024-09-18,16,Online,Completed,66,81,4458
T001323,E00582,GenAI for Business,2026-07-31,24,Online,Completed,75,80,10250
T001324,E00584,Project Management,2025-12-27,12,Online,Completed,45,62,4273
T001325,E00585,Negotiation,2024-08-31,6,Blended,Completed,41,69,10979
T001326,E00585,Advanced Excel,2025-03-20,2,Online,Completed,74,95,5662
T001327,E00585,GenAI for Business,2024-06-19,12,Classroom,Completed,54,79,6686
T001328,E00585,Leadership Essentials,2026-04-07,2,Classroom,Completed,50,62,10722
T001329,E00586,Python Analytics,2024-11-18,8,Classroom,Completed,53,65,2568
T001330,E00586,Leadership Essentials,2024-06-09,2,Classroom,Completed,68,84,4982
T001331,E00587,Project Management,2024-07-12,24,Blended,Completed,70,90,9450
T001332,E00587,Negotiation,2026-03-07,6,Classroom,Completed,49,64,11156
T001333,E00587,Power BI,2025-10-30,16,Online,Completed,57,64,2686
T001334,E00587,Negotiation,2024-02-24,4,Classroom,Completed,47,52,13025
T001335,E00588,Advanced Excel,2025-12-19,6,Blended,Completed,55,60,2300
T001336,E00588,Advanced Excel,2026-06-15,2,Online,Completed,64,87,4924
T001337,E00588,Project Management,2026-05-13,24,Blended,Completed,55,70,12596
T001338,E00588,Data Privacy,2026-06-06,12,Online,Completed,58,84,1849
T001339,E00589,Negotiation,2026-06-02,8,Classroom,Completed,45,51,13177
T001340,E00590,Negotiation,2025-09-25,12,Classroom,Completed,63,68,4799
T001341,E00590,Data Privacy,2024-04-21,2,Online,Completed,49,57,7557
T001342,E00590,Cloud Fundamentals,2024-09-09,12,Classroom,Completed,76,94,11647
T001343,E00590,Project Management,2025-12-04,16,Blended,Completed,58,79,1748
T001344,E00590,Data Privacy,2025-06-08,2,Online,Completed,58,72,14798
T001345,E00591,Negotiation,2025-01-19,12,Classroom,Completed,47,53,2594
T001346,E00591,Negotiation,2026-01-21,16,Classroom,Completed,69,87,2557
T001347,E00591,Leadership Essentials,2025-10-03,8,Classroom,Completed,74,84,12909
T001348,E00591,Negotiation,2025-08-07,4,Blended,Incomplete,56,72,7745
T001349,E00592,Data Privacy,2024-03-10,16,Online,Completed,42,57,2662
T001350,E00593,Communication Skills,2024-04-22,6,Online,Completed,44,52,6461
T001351,E00593,Leadership Essentials,2025-03-17,2,Classroom,Completed,66,85,5872
T001352,E00593,Python Analytics,2024-05-25,12,Blended,Completed,77,89,5331
T001353,E00594,Cloud Fundamentals,2026-05-26,4,Online,Completed,54,63,7538
T001354,E00594,Project Management,2026-06-10,6,Classroom,Completed,55,62,14159
T001355,E00594,Cloud Fundamentals,2026-03-15,2,Online,Completed,58,73,14468
T001356,E00594,Python Analytics,2026-08-09,12,Classroom,Completed,43,57,4437
T001357,E00594,Project Management,2026-03-27,16,Online,Completed,72,78,12496
T001358,E00595,Cloud Fundamentals,2024-07-27,4,Blended,Completed,58,84,2041
T001359,E00596,Cloud Fundamentals,2025-06-07,16,Online,Completed,52,72,13978
T001360,E00597,Communication Skills,2026-08-06,4,Blended,Completed,68,84,3054
T001361,E00597,Communication Skills,2024-02-27,6,Blended,Completed,56,62,7750
T001362,E00597,Data Privacy,2024-01-30,16,Classroom,Completed,61,68,3542
T001363,E00597,Communication Skills,2024-03-12,16,Blended,Completed,59,68,4297
T001364,E00598,Communication Skills,2025-10-07,24,Online,Completed,66,80,11192
T001365,E00598,Cloud Fundamentals,2025-01-22,8,Classroom,Completed,61,78,6791
T001366,E00598,Data Privacy,2024-07-25,12,Blended,Completed,46,69,10081
T001367,E00598,Project Management,2026-07-11,2,Blended,Completed,68,87,12404
T001368,E00599,Data Privacy,2026-08-30,4,Blended,Incomplete,64,85,13267
T001369,E00599,Negotiation,2024-05-11,8,Classroom,Completed,50,67,14011
T001370,E00599,Negotiation,2025-05-01,24,Online,Completed,61,79,11590
T001371,E00601,GenAI for Business,2025-08-20,4,Classroom,Completed,71,97,10546
T001372,E00601,Leadership Essentials,2024-12-11,8,Blended,Completed,46,57,3542
T001373,E00601,Python Analytics,2024-10-21,6,Online,Completed,60,85,13368
T001374,E00601,Data Privacy,2024-03-18,16,Online,Completed,42,57,11717
T001375,E00601,Communication Skills,2026-03-07,12,Blended,Completed,40,48,4916
T001376,E00602,Project Management,2025-06-19,4,Online,Completed,78,99,11854
T001377,E00603,Data Privacy,2025-07-08,16,Blended,Completed,46,61,10411
T001378,E00604,Power BI,2026-03-14,12,Classroom,Completed,59,83,11100
T001379,E00604,Python Analytics,2025-04-20,4,Blended,Completed,50,59,12787
T001380,E00605,Power BI,2026-08-09,8,Classroom,Completed,76,95,1502
T001381,E00606,Python Analytics,2026-01-06,8,Blended,Completed,76,100,13621
T001382,E00606,Project Management,2025-01-06,12,Classroom,Completed,61,86,4749
T001383,E00606,GenAI for Business,2024-12-24,4,Classroom,Completed,75,99,9629
T001384,E00607,GenAI for Business,2025-11-13,8,Online,Completed,50,74,2950
T001385,E00607,Power BI,2026-07-16,16,Blended,Completed,57,72,7719
T001386,E00608,Python Analytics,2024-08-20,12,Classroom,Completed,71,96,9467
T001387,E00608,Cloud Fundamentals,2026-05-28,4,Classroom,Completed,47,64,7711
T001388,E00608,Negotiation,2026-06-18,16,Blended,Completed,51,64,5205
T001389,E00608,Communication Skills,2025-01-27,16,Online,Completed,63,81,3803
T001390,E00608,Project Management,2024-03-21,24,Online,Completed,60,66,7913
T001391,E00610,Leadership Essentials,2025-04-28,24,Online,Completed,74,81,6742
T001392,E00611,Communication Skills,2025-06-29,8,Classroom,Completed,73,96,10472
T001393,E00611,Cloud Fundamentals,2026-02-19,6,Online,Completed,70,87,8144
T001394,E00611,Python Analytics,2024-07-21,4,Online,Completed,63,82,13438
T001395,E00611,Leadership Essentials,2026-03-08,24,Online,Completed,76,88,8424
T001396,E00611,Python Analytics,2026-06-16,8,Blended,Completed,70,82,8559
T001397,E00612,Leadership Essentials,2025-06-04,6,Online,Completed,47,74,2271
T001398,E00612,Communication Skills,2026-05-03,4,Blended,Completed,51,78,5495
T001399,E00612,Leadership Essentials,2024-11-25,2,Blended,Completed,52,61,11102
T001400,E00614,Data Privacy,2026-02-10,8,Blended,Completed,69,74,7651
T001401,E00614,Leadership Essentials,2025-06-20,2,Classroom,Completed,44,51,9895
T001402,E00614,GenAI for Business,2026-05-19,4,Blended,Completed,61,82,10990
T001403,E00614,Negotiation,2024-11-03,16,Classroom,Completed,50,58,2254
T001404,E00616,Communication Skills,2026-03-22,4,Blended,Completed,64,85,11773
T001405,E00616,Project Management,2026-07-02,16,Classroom,Completed,50,55,14063
T001406,E00616,Power BI,2025-11-18,8,Blended,Completed,76,89,6007
T001407,E00616,Leadership Essentials,2026-04-04,2,Classroom,Completed,48,56,4787
T001408,E00617,Power BI,2024-03-07,24,Online,Incomplete,46,74,7403
T001409,E00617,Negotiation,2025-03-14,16,Classroom,Completed,62,82,7591
T001410,E00618,Python Analytics,2026-04-24,16,Blended,Completed,61,86,14926
T001411,E00618,Power BI,2025-07-02,2,Blended,Completed,40,68,9465
T001412,E00618,Negotiation,2025-09-13,16,Online,Completed,62,76,1661
T001413,E00621,Negotiation,2025-09-25,8,Classroom,Incomplete,77,100,8232
T001414,E00621,Leadership Essentials,2026-01-23,8,Classroom,Completed,48,58,14681
T001415,E00621,Communication Skills,2025-09-27,8,Classroom,Completed,67,90,2914
T001416,E00623,GenAI for Business,2026-01-01,2,Blended,Incomplete,59,69,13918
T001417,E00623,Python Analytics,2026-03-29,2,Classroom,Completed,69,95,3300
T001418,E00625,Advanced Excel,2026-06-04,6,Classroom,Completed,44,69,12134
T001419,E00625,Cloud Fundamentals,2025-03-09,8,Blended,Completed,44,62,12858
T001420,E00625,Data Privacy,2026-03-26,2,Blended,Completed,69,89,5723
T001421,E00625,Project Management,2025-10-13,4,Classroom,Completed,45,64,12402
T001422,E00626,Leadership Essentials,2025-06-03,8,Online,Completed,74,97,7209
T001423,E00626,Cloud Fundamentals,2025-12-12,8,Online,Completed,73,100,8375
T001424,E00626,Communication Skills,2024-08-28,2,Online,Completed,66,86,12718
T001425,E00626,Advanced Excel,2025-07-20,16,Blended,Completed,73,100,8100
T001426,E00627,Negotiation,2025-05-06,4,Classroom,Incomplete,54,81,1900
T001427,E00627,Data Privacy,2026-02-10,6,Classroom,Completed,47,71,12480
T001428,E00628,Power BI,2025-07-05,24,Classroom,Completed,48,54,1561
T001429,E00628,Communication Skills,2025-02-20,16,Online,Completed,47,52,14294
T001430,E00629,GenAI for Business,2024-06-04,2,Online,Completed,75,96,14923
T001431,E00630,Communication Skills,2026-07-26,24,Online,Completed,53,76,8860
T001432,E00630,Cloud Fundamentals,2024-04-12,8,Online,Completed,58,77,6885
T001433,E00630,Communication Skills,2024-07-01,16,Online,Completed,69,86,6694
T001434,E00630,Power BI,2025-03-08,8,Online,Completed,43,55,14267
T001435,E00630,Advanced Excel,2024-06-25,4,Classroom,Completed,69,77,2331
T001436,E00631,Power BI,2025-08-04,6,Blended,Completed,66,89,9997
T001437,E00631,Power BI,2025-07-13,8,Classroom,Completed,51,67,6803
T001438,E00633,Communication Skills,2024-02-16,8,Classroom,Completed,74,100,4298
T001439,E00635,Python Analytics,2024-09-27,12,Classroom,Completed,51,75,9762
T001440,E00635,Communication Skills,2024-07-21,4,Online,Incomplete,62,72,8765
T001441,E00635,Communication Skills,2024-03-16,2,Blended,Completed,72,79,3475
T001442,E00635,Data Privacy,2026-04-02,4,Classroom,Completed,72,93,13351
T001443,E00635,Communication Skills,2025-02-21,6,Online,Completed,48,57,10331
T001444,E00636,Communication Skills,2025-07-26,24,Classroom,Completed,63,80,7133
T001445,E00636,Communication Skills,2026-07-03,16,Blended,Completed,49,76,14616
T001446,E00636,Data Privacy,2025-07-23,12,Online,Completed,65,70,8270
T001447,E00636,Communication Skills,2025-09-21,6,Classroom,Completed,76,99,10011
T001448,E00636,Communication Skills,2026-06-30,16,Online,Completed,57,69,5612
T001449,E00637,Data Privacy,2024-04-12,8,Blended,Incomplete,46,62,4738
T001450,E00638,Cloud Fundamentals,2026-06-21,4,Online,Completed,76,89,5585
T001451,E00638,Python Analytics,2026-05-31,6,Online,Completed,60,66,10374
T001452,E00638,Negotiation,2026-08-07,8,Blended,Completed,61,68,8090
T001453,E00639,Leadership Essentials,2026-01-13,2,Blended,Incomplete,64,72,7167
T001454,E00639,Cloud Fundamentals,2026-07-23,12,Classroom,Completed,57,68,9584
T001455,E00639,GenAI for Business,2026-07-26,8,Blended,Completed,42,54,8304
T001456,E00639,Data Privacy,2026-07-24,16,Classroom,Completed,71,94,3480
T001457,E00640,Cloud Fundamentals,2024-12-12,2,Classroom,Incomplete,57,68,12823
T001458,E00640,Negotiation,2026-02-07,16,Classroom,Completed,69,86,12119
T001459,E00640,Power BI,2025-01-29,12,Online,Completed,40,65,10354
T001460,E00641,Project Management,2026-01-17,8,Online,Completed,54,78,10343
T001461,E00641,Power BI,2026-04-16,12,Blended,Completed,70,94,10943
T001462,E00641,Power BI,2025-11-17,16,Online,Completed,48,64,11141
T001463,E00641,Negotiation,2024-08-21,16,Blended,Completed,66,85,7806
T001464,E00643,Communication Skills,2026-06-01,6,Blended,Completed,59,70,12871
T001465,E00644,Advanced Excel,2024-09-15,12,Blended,Completed,72,79,11255
T001466,E00644,Python Analytics,2024-09-08,16,Online,Completed,73,94,8774
T001467,E00644,Leadership Essentials,2024-01-17,24,Blended,Completed,57,76,13972
T001468,E00645,GenAI for Business,2026-01-27,6,Classroom,Completed,65,93,8105
T001469,E00645,Cloud Fundamentals,2024-02-18,12,Online,Completed,61,79,7939
T001470,E00646,Leadership Essentials,2026-08-03,4,Classroom,Completed,44,60,13885
T001471,E00646,Cloud Fundamentals,2026-08-14,8,Online,Completed,58,83,12027
T001472,E00646,Leadership Essentials,2026-06-25,6,Online,Incomplete,64,76,10722
T001473,E00646,Data Privacy,2026-07-20,4,Blended,Completed,77,100,10213
T001474,E00646,Cloud Fundamentals,2026-08-17,4,Blended,Completed,73,94,14931
T001475,E00647,Cloud Fundamentals,2025-11-27,4,Blended,Completed,44,52,12149
T001476,E00647,Python Analytics,2025-06-02,24,Online,Completed,53,74,2283
T001477,E00647,Data Privacy,2025-12-31,16,Classroom,Completed,59,73,14219
T001478,E00648,GenAI for Business,2026-03-26,4,Blended,Completed,53,65,10906
T001479,E00648,Data Privacy,2026-01-06,6,Classroom,Completed,64,78,14441
T001480,E00649,Cloud Fundamentals,2026-01-29,24,Blended,Completed,59,75,14904
T001481,E00649,GenAI for Business,2025-02-27,8,Blended,Completed,62,76,9044
T001482,E00650,Negotiation,2024-03-17,2,Online,Completed,58,67,14057
T001483,E00650,Communication Skills,2025-04-13,6,Online,Completed,67,73,13397
T001484,E00650,Negotiation,2025-02-19,16,Blended,Completed,67,87,4365
T001485,E00650,Cloud Fundamentals,2026-04-18,4,Classroom,Completed,54,78,14540
T001486,E00651,Negotiation,2024-05-13,8,Classroom,Completed,60,70,3930
T001487,E00651,Power BI,2025-05-20,8,Online,Completed,50,68,14573
T001488,E00651,Data Privacy,2026-05-15,4,Online,Completed,56,72,8688
T001489,E00651,GenAI for Business,2024-11-28,12,Classroom,Completed,72,85,3405
T001490,E00651,Power BI,2025-06-09,12,Blended,Completed,52,68,6103
T001491,E00652,GenAI for Business,2024-02-18,4,Online,Completed,45,50,5859
T001492,E00652,GenAI for Business,2024-08-26,2,Blended,Completed,49,66,4478
T001493,E00652,Power BI,2025-12-01,16,Classroom,Completed,46,63,4586
T001494,E00652,Power BI,2025-07-31,12,Blended,Completed,57,69,12149
T001495,E00653,Cloud Fundamentals,2025-03-21,24,Classroom,Completed,78,89,3245
T001496,E00654,Power BI,2024-07-08,16,Blended,Completed,57,64,8088
T001497,E00655,GenAI for Business,2025-07-06,6,Online,Completed,63,84,6066
T001498,E00655,Advanced Excel,2025-01-21,4,Online,Completed,46,74,5841
T001499,E00657,Negotiation,2025-07-26,16,Blended,Completed,46,63,10088
T001500,E00657,Data Privacy,2026-01-24,4,Blended,Incomplete,77,100,5445
T001501,E00658,Power BI,2026-08-17,24,Online,Completed,75,81,7335
T001502,E00658,Communication Skills,2026-08-25,16,Classroom,Completed,46,65,14429
T001503,E00658,Negotiation,2026-08-28,6,Blended,Completed,73,88,8095
T001504,E00658,Data Privacy,2026-08-18,4,Blended,Completed,40,66,5148
T001505,E00658,Negotiation,2026-08-18,2,Classroom,Completed,54,63,4097
T001506,E00659,Power BI,2025-11-15,6,Classroom,Completed,48,60,14117
T001507,E00659,Communication Skills,2025-07-26,6,Online,Completed,69,94,11677
T001508,E00660,Leadership Essentials,2026-05-06,24,Online,Completed,53,73,9513
T001509,E00660,Negotiation,2024-04-04,8,Online,Completed,43,59,12192
T001510,E00660,Cloud Fundamentals,2025-12-10,24,Classroom,Completed,74,100,11919
T001511,E00660,Data Privacy,2025-03-21,24,Classroom,Completed,78,88,12983
T001512,E00662,Power BI,2024-04-20,8,Blended,Completed,42,66,5401
T001513,E00662,Project Management,2025-05-25,4,Blended,Completed,49,55,14887
T001514,E00662,Leadership Essentials,2024-12-17,2,Blended,Completed,50,70,14642
T001515,E00662,Power BI,2026-05-03,12,Online,Completed,48,68,1887
T001516,E00663,Power BI,2026-01-20,2,Blended,Completed,73,84,8021
T001517,E00663,Leadership Essentials,2025-07-14,4,Classroom,Completed,40,58,8983
T001518,E00663,Advanced Excel,2025-12-23,2,Blended,Completed,57,64,13949
T001519,E00663,Negotiation,2024-08-03,16,Blended,Completed,53,61,4359
T001520,E00664,Cloud Fundamentals,2026-06-19,16,Online,Completed,77,86,9887
T001521,E00667,Leadership Essentials,2026-08-19,2,Blended,Completed,77,88,11516
T001522,E00667,Leadership Essentials,2026-05-12,6,Blended,Incomplete,70,87,9471
T001523,E00667,Leadership Essentials,2026-02-19,12,Blended,Completed,75,81,2385
T001524,E00668,Python Analytics,2025-09-21,24,Online,Completed,71,76,2294
T001525,E00669,Negotiation,2026-05-09,12,Classroom,Completed,58,64,6304
T001526,E00669,Data Privacy,2025-05-29,2,Classroom,Completed,48,68,12342
T001527,E00669,Cloud Fundamentals,2024-01-26,16,Classroom,Completed,48,64,12282
T001528,E00670,Data Privacy,2024-08-08,8,Online,Completed,76,89,12071
T001529,E00670,GenAI for Business,2026-08-07,12,Online,Completed,67,86,12753
T001530,E00671,GenAI for Business,2026-02-13,2,Online,Incomplete,75,98,10940
T001531,E00671,Project Management,2024-09-30,16,Online,Completed,40,55,6978
T001532,E00673,Python Analytics,2024-10-27,8,Classroom,Completed,51,61,11324
T001533,E00673,Advanced Excel,2025-05-24,12,Classroom,Completed,45,54,3280
T001534,E00674,Communication Skills,2026-05-12,12,Online,Completed,64,77,8229
T001535,E00674,Project Management,2026-06-29,2,Blended,Incomplete,55,76,3426
T001536,E00674,Python Analytics,2026-04-05,12,Classroom,Completed,59,87,11774
T001537,E00674,Power BI,2024-08-02,2,Blended,Completed,45,54,5718
T001538,E00675,Power BI,2026-05-27,4,Classroom,Completed,66,83,11634
T001539,E00676,Data Privacy,2024-01-10,6,Blended,Completed,49,76,9066
T001540,E00676,Communication Skills,2025-11-15,4,Classroom,Completed,69,86,14646
T001541,E00677,Data Privacy,2025-08-17,24,Blended,Completed,63,76,10219
T001542,E00677,GenAI for Business,2025-07-27,8,Classroom,Completed,52,68,6410
T001543,E00677,Negotiation,2025-07-08,24,Online,Completed,43,71,4291
T001544,E00677,GenAI for Business,2025-09-12,4,Blended,Completed,58,73,13013
T001545,E00677,Leadership Essentials,2026-02-24,12,Blended,Completed,41,58,9648
T001546,E00678,Cloud Fundamentals,2025-08-23,16,Blended,Completed,42,66,14867
T001547,E00678,Python Analytics,2026-01-06,12,Online,Completed,51,60,2307
T001548,E00678,Communication Skills,2024-06-08,24,Blended,Completed,47,74,4807
T001549,E00678,Python Analytics,2025-03-24,4,Online,Completed,56,61,7228
T001550,E00678,Advanced Excel,2025-07-11,6,Blended,Incomplete,78,100,2991
T001551,E00680,Communication Skills,2025-01-19,24,Online,Completed,65,88,6575
T001552,E00680,GenAI for Business,2025-08-08,16,Blended,Completed,65,75,13697
T001553,E00680,Negotiation,2025-10-07,24,Online,Incomplete,42,52,11626
T001554,E00680,Communication Skills,2026-01-08,8,Classroom,Completed,68,78,4985
T001555,E00682,Negotiation,2025-07-24,12,Classroom,Completed,63,82,12582
T001556,E00682,Negotiation,2024-03-16,16,Blended,Completed,61,70,13229
T001557,E00682,Leadership Essentials,2025-04-02,4,Classroom,Completed,65,81,4604
T001558,E00682,Leadership Essentials,2024-06-24,12,Blended,Completed,78,83,3632
T001559,E00682,Negotiation,2025-12-10,24,Classroom,Completed,62,69,11183
T001560,E00683,Power BI,2024-01-22,16,Classroom,Completed,48,60,2544
T001561,E00684,Data Privacy,2026-02-02,4,Blended,Completed,51,67,10772
T001562,E00684,Data Privacy,2025-02-07,2,Online,Completed,60,86,11035
T001563,E00684,Cloud Fundamentals,2025-06-20,24,Blended,Completed,56,79,12044
T001564,E00685,Data Privacy,2025-04-20,8,Online,Completed,59,64,13978
T001565,E00685,Project Management,2025-09-21,8,Blended,Completed,53,79,13390
T001566,E00685,Negotiation,2024-06-08,8,Blended,Completed,57,78,11372
T001567,E00685,Data Privacy,2024-05-09,24,Classroom,Completed,43,56,8384
T001568,E00685,Leadership Essentials,2024-01-25,2,Blended,Completed,76,100,9628
T001569,E00686,Project Management,2026-05-24,6,Blended,Completed,73,100,12000
T001570,E00686,Project Management,2026-03-31,6,Blended,Completed,71,89,3066
T001571,E00686,Data Privacy,2026-03-08,8,Classroom,Completed,44,56,9312
T001572,E00686,Data Privacy,2026-07-31,16,Online,Incomplete,51,76,4003
T001573,E00686,Negotiation,2026-03-11,6,Blended,Completed,60,80,6015
T001574,E00688,Negotiation,2024-07-28,12,Classroom,Completed,78,84,8295
T001575,E00688,Python Analytics,2025-04-18,2,Classroom,Completed,67,78,12850
T001576,E00688,Python Analytics,2024-12-02,24,Blended,Completed,43,59,9569
T001577,E00688,GenAI for Business,2026-03-02,12,Online,Completed,67,87,14039
T001578,E00688,Negotiation,2024-06-25,24,Blended,Completed,77,97,11847
T001579,E00690,Communication Skills,2025-01-21,8,Online,Completed,72,85,6608
T001580,E00690,Python Analytics,2026-06-01,24,Blended,Completed,78,96,2842
T001581,E00690,Power BI,2024-06-06,12,Online,Completed,68,75,14733
T001582,E00690,Negotiation,2026-03-09,16,Online,Incomplete,44,53,13003
T001583,E00691,Leadership Essentials,2026-08-16,2,Blended,Completed,56,77,9001
T001584,E00691,GenAI for Business,2026-05-19,12,Classroom,Completed,47,66,9928
T001585,E00691,Project Management,2026-04-27,12,Blended,Completed,78,97,9753
T001586,E00691,Cloud Fundamentals,2026-08-28,4,Online,Completed,49,60,5747
T001587,E00691,Python Analytics,2026-08-18,12,Online,Completed,52,62,11589
T001588,E00692,GenAI for Business,2024-09-27,2,Blended,Completed,43,60,7627
T001589,E00692,Advanced Excel,2025-11-10,16,Classroom,Completed,64,82,2139
T001590,E00692,Negotiation,2026-03-15,24,Online,Completed,42,48,7428
T001591,E00693,Project Management,2025-01-31,8,Blended,Completed,58,81,10777
T001592,E00693,Communication Skills,2024-12-18,24,Classroom,Completed,72,82,2112
T001593,E00693,Negotiation,2024-02-15,4,Online,Completed,45,53,4529
T001594,E00693,Power BI,2026-03-25,12,Online,Completed,59,71,7950
T001595,E00694,Power BI,2026-06-07,12,Online,Completed,70,84,6036
T001596,E00694,Advanced Excel,2025-06-06,6,Blended,Incomplete,76,99,13065
T001597,E00694,Data Privacy,2025-03-12,12,Online,Completed,54,81,10868
T001598,E00694,Power BI,2024-04-23,6,Classroom,Completed,66,77,1589
T001599,E00694,Advanced Excel,2024-01-29,12,Classroom,Completed,76,97,5180
T001600,E00695,Project Management,2024-05-15,12,Classroom,Completed,75,99,4006
T001601,E00695,Negotiation,2026-05-05,2,Classroom,Completed,58,64,6361
T001602,E00695,Python Analytics,2026-07-01,12,Blended,Completed,69,90,5380
T001603,E00697,Python Analytics,2024-03-31,6,Classroom,Completed,53,81,2509
T001604,E00697,GenAI for Business,2024-03-20,2,Online,Completed,43,55,11968
T001605,E00697,Data Privacy,2025-04-15,4,Blended,Incomplete,64,72,5728
T001606,E00697,Project Management,2025-01-20,4,Blended,Completed,56,72,9996
T001607,E00697,Advanced Excel,2024-11-01,24,Online,Completed,72,100,12966
T001608,E00698,Leadership Essentials,2024-12-07,24,Blended,Completed,62,76,14249
T001609,E00698,Advanced Excel,2024-10-20,2,Blended,Completed,70,80,8842
T001610,E00698,Negotiation,2024-04-20,24,Online,Completed,61,87,12273
T001611,E00698,Negotiation,2025-01-20,16,Classroom,Completed,43,52,3724
T001612,E00698,GenAI for Business,2025-12-19,6,Classroom,Completed,41,50,9169
T001613,E00700,Power BI,2024-10-08,12,Classroom,Completed,75,97,9773
T001614,E00700,Advanced Excel,2026-06-12,6,Online,Completed,76,94,9677
T001615,E00702,Python Analytics,2026-03-18,24,Blended,Completed,57,80,2738
T001616,E00702,GenAI for Business,2024-04-26,12,Online,Completed,40,46,11468
T001617,E00703,Cloud Fundamentals,2026-07-04,6,Classroom,Completed,71,86,2234
T001618,E00703,Advanced Excel,2025-09-09,8,Classroom,Completed,63,79,8051
T001619,E00703,Cloud Fundamentals,2024-02-23,16,Classroom,Completed,47,55,10633
T001620,E00703,Data Privacy,2025-12-17,16,Classroom,Completed,67,86,8411
T001621,E00703,Power BI,2026-07-26,16,Classroom,Completed,62,77,9481
T001622,E00704,Negotiation,2024-08-14,12,Classroom,Completed,78,94,9881
T001623,E00704,GenAI for Business,2026-05-13,16,Online,Completed,66,85,7115
T001624,E00704,Negotiation,2025-07-17,12,Blended,Completed,59,76,5318
T001625,E00704,Power BI,2026-04-05,2,Blended,Completed,77,88,4720
T001626,E00705,Data Privacy,2026-05-26,24,Online,Completed,44,68,8297
T001627,E00705,Leadership Essentials,2025-12-04,8,Classroom,Completed,43,53,2268
T001628,E00705,Leadership Essentials,2024-04-25,2,Blended,Completed,65,77,6554
T001629,E00705,Power BI,2024-11-24,16,Blended,Completed,74,99,9106
T001630,E00705,Project Management,2025-02-28,16,Blended,Completed,78,100,2829
T001631,E00706,Power BI,2024-01-15,2,Online,Completed,67,82,2723
T001632,E00706,GenAI for Business,2026-06-29,4,Online,Completed,71,85,9719
T001633,E00706,Communication Skills,2025-05-14,2,Blended,Completed,75,93,6048
T001634,E00707,Negotiation,2024-02-24,24,Blended,Completed,45,58,9635
T001635,E00709,Project Management,2025-04-21,8,Blended,Completed,40,59,6215
T001636,E00709,Data Privacy,2025-03-28,6,Blended,Completed,47,72,4364
T001637,E00709,Power BI,2024-05-13,12,Classroom,Completed,52,59,4006
T001638,E00711,Communication Skills,2026-05-23,6,Classroom,Completed,43,48,14850
T001639,E00711,Power BI,2026-06-23,12,Classroom,Completed,58,68,14933
T001640,E00713,Python Analytics,2026-07-26,8,Classroom,Completed,58,71,3829
T001641,E00713,Negotiation,2025-06-12,4,Online,Incomplete,52,75,2032
T001642,E00713,Data Privacy,2025-11-12,2,Classroom,Completed,66,73,9807
T001643,E00713,Project Management,2025-08-06,16,Online,Completed,53,61,5321
T001644,E00713,GenAI for Business,2026-08-12,16,Online,Completed,66,90,13865
T001645,E00714,Advanced Excel,2024-11-02,8,Blended,Completed,69,85,14910
T001646,E00714,Negotiation,2026-03-29,2,Online,Completed,65,77,8946
T001647,E00717,Power BI,2026-03-22,8,Classroom,Incomplete,58,81,7587
T001648,E00717,Negotiation,2024-01-23,2,Online,Completed,64,87,3233
T001649,E00717,Cloud Fundamentals,2026-04-15,12,Online,Incomplete,47,69,9268
T001650,E00717,Python Analytics,2026-06-09,4,Classroom,Completed,64,88,3698
T001651,E00717,Cloud Fundamentals,2026-05-01,24,Classroom,Completed,77,99,10860
T001652,E00719,Advanced Excel,2025-12-20,4,Blended,Completed,57,79,8810
T001653,E00719,Data Privacy,2025-04-24,24,Online,Completed,73,98,9264
T001654,E00719,Negotiation,2025-05-22,24,Classroom,Completed,71,76,9694
T001655,E00719,Advanced Excel,2024-07-08,4,Online,Completed,51,63,11345
T001656,E00720,Advanced Excel,2024-02-26,24,Classroom,Completed,66,84,2224
T001657,E00720,Data Privacy,2026-04-02,16,Classroom,Completed,73,94,4838
T001658,E00720,Leadership Essentials,2024-09-06,24,Blended,Completed,66,77,5944
T001659,E00720,GenAI for Business,2025-08-29,4,Blended,Completed,60,82,6514
T001660,E00721,Project Management,2025-10-26,12,Blended,Completed,54,77,13427
T001661,E00722,Cloud Fundamentals,2025-06-04,6,Classroom,Completed,78,94,10210
T001662,E00722,Python Analytics,2025-01-02,16,Online,Incomplete,58,69,4293
T001663,E00722,GenAI for Business,2025-06-13,4,Online,Completed,56,76,3953
T001664,E00722,Advanced Excel,2024-09-15,6,Online,Completed,72,99,3632
T001665,E00726,GenAI for Business,2026-03-22,2,Blended,Completed,53,65,3566
T001666,E00726,Advanced Excel,2025-08-21,6,Classroom,Completed,77,97,2724
T001667,E00726,Leadership Essentials,2026-06-24,4,Blended,Completed,55,79,7784
T001668,E00726,Leadership Essentials,2025-09-10,8,Blended,Completed,76,85,3256
T001669,E00727,Project Management,2026-03-11,16,Online,Completed,62,79,5495
T001670,E00728,Negotiation,2025-09-04,6,Online,Completed,58,64,6641
T001671,E00728,Leadership Essentials,2025-12-27,4,Classroom,Completed,45,60,5715
T001672,E00728,Cloud Fundamentals,2024-04-11,8,Online,Completed,74,100,2124
T001673,E00728,Python Analytics,2025-06-14,24,Online,Completed,41,52,2948
T001674,E00728,Power BI,2024-11-14,2,Online,Completed,60,74,12325
T001675,E00729,Cloud Fundamentals,2024-10-05,4,Online,Completed,66,93,10800
T001676,E00729,Project Management,2025-02-12,6,Online,Completed,41,58,7356
T001677,E00729,Negotiation,2025-02-21,16,Classroom,Completed,47,61,4625
T001678,E00730,Cloud Fundamentals,2025-02-09,2,Online,Incomplete,78,92,10883
T001679,E00730,GenAI for Business,2025-08-26,24,Online,Incomplete,75,100,10446
T001680,E00730,Data Privacy,2024-05-06,6,Classroom,Completed,53,76,12929
T001681,E00730,GenAI for Business,2026-03-15,12,Online,Completed,68,80,14356
T001682,E00730,Data Privacy,2025-09-04,12,Online,Completed,44,67,14927
T001683,E00731,Communication Skills,2024-01-22,2,Blended,Completed,55,68,10037
T001684,E00731,Advanced Excel,2025-06-27,24,Online,Completed,61,69,12698
T001685,E00731,Data Privacy,2025-06-06,12,Classroom,Completed,71,89,9307
T001686,E00732,Project Management,2026-04-06,6,Classroom,Completed,57,76,7319
T001687,E00732,Python Analytics,2026-01-24,16,Online,Completed,65,82,4587
T001688,E00732,Power BI,2026-01-16,2,Online,Completed,48,75,8908
T001689,E00732,Project Management,2026-06-21,24,Classroom,Completed,49,68,5249
T001690,E00733,Data Privacy,2025-07-24,2,Blended,Completed,78,100,1868
T001691,E00733,Data Privacy,2024-01-19,16,Classroom,Completed,43,66,12772
T001692,E00733,Power BI,2024-04-23,24,Blended,Completed,78,94,14442
T001693,E00734,GenAI for Business,2024-02-16,6,Classroom,Completed,61,86,13163
T001694,E00735,Negotiation,2026-05-02,4,Online,Completed,51,57,11496
T001695,E00735,Data Privacy,2026-08-21,6,Blended,Completed,48,54,4834
T001696,E00735,Data Privacy,2025-10-11,8,Blended,Completed,78,96,8271
T001697,E00736,Cloud Fundamentals,2026-01-26,16,Classroom,Completed,76,89,7604
T001698,E00737,Cloud Fundamentals,2026-06-18,12,Classroom,Completed,50,57,7418
T001699,E00737,Python Analytics,2024-01-31,8,Blended,Completed,72,89,2206
T001700,E00737,Negotiation,2025-07-26,8,Online,Completed,59,74,8097
T001701,E00737,Power BI,2026-03-26,12,Classroom,Completed,56,65,6779
T001702,E00738,Cloud Fundamentals,2026-08-22,16,Online,Incomplete,48,70,1878
T001703,E00738,Leadership Essentials,2026-06-20,12,Classroom,Completed,62,67,7569
T001704,E00738,Power BI,2026-08-17,24,Online,Completed,44,50,12024
T001705,E00738,Project Management,2026-02-27,16,Blended,Completed,49,73,12597
T001706,E00738,Project Management,2026-01-07,16,Classroom,Completed,44,55,10231
T001707,E00739,GenAI for Business,2025-01-24,2,Classroom,Completed,71,93,14623
T001708,E00740,GenAI for Business,2026-01-07,2,Classroom,Completed,72,91,10319
T001709,E00740,Data Privacy,2026-01-20,2,Blended,Completed,69,81,2512
T001710,E00740,Cloud Fundamentals,2025-11-16,16,Blended,Completed,44,50,2497
T001711,E00740,Python Analytics,2025-06-06,2,Online,Completed,78,88,10132
T001712,E00740,Power BI,2024-12-08,16,Online,Completed,56,75,6876
T001713,E00741,GenAI for Business,2026-05-13,6,Online,Completed,41,60,7714
T001714,E00741,Leadership Essentials,2025-01-27,6,Classroom,Completed,60,79,5162
T001715,E00741,Power BI,2025-10-22,4,Online,Completed,66,84,14924
T001716,E00741,Power BI,2024-10-13,24,Blended,Completed,47,75,5560
T001717,E00742,Leadership Essentials,2025-08-22,2,Classroom,Completed,47,69,6286
T001718,E00744,Python Analytics,2026-01-07,6,Classroom,Completed,50,74,5084
T001719,E00744,GenAI for Business,2026-03-11,12,Online,Completed,78,92,5621
T001720,E00744,Power BI,2026-05-10,24,Blended,Incomplete,44,58,14704
T001721,E00744,Python Analytics,2026-07-07,8,Classroom,Completed,76,85,3579
T001722,E00744,Data Privacy,2026-05-27,24,Blended,Completed,58,73,12111
T001723,E00745,Data Privacy,2024-07-10,12,Online,Completed,64,78,11830
T001724,E00745,Data Privacy,2025-11-06,4,Classroom,Completed,43,53,10959
T001725,E00745,Negotiation,2024-04-13,16,Online,Incomplete,58,64,4370
T001726,E00745,Project Management,2025-01-28,8,Classroom,Completed,66,88,4887
T001727,E00746,Communication Skills,2025-08-27,2,Classroom,Completed,63,70,8741
T001728,E00747,Python Analytics,2026-04-28,8,Blended,Completed,56,66,3917
T001729,E00747,Cloud Fundamentals,2025-12-02,8,Classroom,Completed,62,84,11621
T001730,E00747,Advanced Excel,2026-02-04,2,Classroom,Completed,72,87,3384
T001731,E00748,Data Privacy,2026-08-08,16,Classroom,Completed,48,68,5605
T001732,E00748,Power BI,2025-04-11,2,Classroom,Incomplete,60,69,2707
T001733,E00748,Project Management,2026-05-20,16,Classroom,Completed,54,69,9943
T001734,E00748,Advanced Excel,2024-06-01,12,Online,Completed,48,70,14587
T001735,E00748,Negotiation,2024-03-04,16,Online,Completed,73,100,6681
T001736,E00749,Project Management,2025-09-16,24,Online,Completed,69,90,6194
T001737,E00750,Communication Skills,2026-07-06,4,Blended,Completed,63,71,6992
T001738,E00750,Leadership Essentials,2026-05-29,4,Online,Completed,54,68,12809
T001739,E00751,Advanced Excel,2024-07-19,4,Blended,Completed,49,62,2151
T001740,E00751,Advanced Excel,2025-12-12,16,Classroom,Completed,49,71,6188
T001741,E00751,Advanced Excel,2026-04-21,2,Blended,Completed,71,87,4522
T001742,E00751,Data Privacy,2024-01-11,12,Classroom,Completed,63,72,4012
T001743,E00751,Communication Skills,2026-08-04,6,Online,Completed,67,91,7394
T001744,E00752,GenAI for Business,2025-01-13,2,Online,Completed,49,72,9915
T001745,E00755,GenAI for Business,2026-08-31,4,Classroom,Completed,49,72,13961
T001746,E00756,GenAI for Business,2024-09-25,8,Classroom,Completed,40,53,11468
T001747,E00756,GenAI for Business,2026-05-29,8,Online,Completed,61,76,14490
T001748,E00756,Communication Skills,2024-11-21,16,Classroom,Completed,63,80,9960
T001749,E00756,Negotiation,2026-03-31,2,Blended,Completed,47,57,1696
T001750,E00757,Leadership Essentials,2026-02-08,12,Classroom,Completed,58,80,9582
T001751,E00758,Advanced Excel,2026-04-01,6,Online,Completed,40,65,7703
T001752,E00758,Power BI,2026-08-06,4,Online,Completed,54,80,6990
T001753,E00758,Python Analytics,2026-06-05,6,Blended,Completed,49,60,14536
T001754,E00758,Power BI,2026-07-31,6,Online,Completed,48,68,8371
T001755,E00759,Data Privacy,2025-05-20,12,Blended,Completed,43,57,9977
T001756,E00759,Project Management,2024-08-02,4,Blended,Completed,55,81,6456
T001757,E00759,Data Privacy,2026-01-28,2,Classroom,Completed,66,89,7188
T001758,E00760,Cloud Fundamentals,2026-04-29,2,Online,Completed,49,60,10318
T001759,E00760,Communication Skills,2026-08-13,2,Classroom,Completed,51,77,1857
T001760,E00760,Leadership Essentials,2025-12-28,4,Classroom,Completed,72,82,11673
T001761,E00760,Negotiation,2026-02-22,6,Blended,Completed,44,67,4121
T001762,E00761,Advanced Excel,2026-01-20,24,Blended,Completed,65,88,2565
T001763,E00761,Python Analytics,2025-11-08,6,Blended,Completed,62,86,13955
T001764,E00761,Communication Skills,2025-04-08,2,Blended,Completed,70,77,8652
T001765,E00761,Project Management,2026-05-29,8,Classroom,Completed,60,73,6868
T001766,E00761,Communication Skills,2025-09-27,16,Classroom,Completed,64,92,7812
T001767,E00762,Advanced Excel,2024-07-07,24,Blended,Completed,61,89,7057
T001768,E00762,Data Privacy,2024-01-05,4,Blended,Completed,41,56,3838
T001769,E00762,GenAI for Business,2024-06-04,12,Classroom,Completed,77,87,12060
T001770,E00762,Leadership Essentials,2024-05-09,12,Classroom,Completed,67,81,7640
T001771,E00763,Project Management,2025-06-13,24,Classroom,Incomplete,47,73,12153
T001772,E00763,Cloud Fundamentals,2025-09-24,2,Blended,Completed,67,90,4870
T001773,E00763,Data Privacy,2025-03-04,8,Blended,Completed,74,79,14437
T001774,E00765,Power BI,2025-05-26,24,Classroom,Completed,57,79,4544
T001775,E00765,Power BI,2024-07-14,12,Online,Completed,45,71,13138
T001776,E00765,GenAI for Business,2025-10-13,16,Online,Completed,72,94,4286
T001777,E00765,Communication Skills,2024-11-01,4,Classroom,Completed,77,100,2518
T001778,E00766,Cloud Fundamentals,2025-06-10,6,Blended,Completed,65,79,3088
T001779,E00767,Power BI,2026-01-04,24,Classroom,Completed,50,61,6685
T001780,E00767,Power BI,2026-05-29,16,Blended,Completed,40,60,8377
T001781,E00767,Power BI,2026-08-20,16,Classroom,Completed,57,83,8330
T001782,E00767,Power BI,2026-08-21,24,Classroom,Completed,78,87,1689
T001783,E00767,Advanced Excel,2026-04-17,24,Blended,Completed,69,83,1756
T001784,E00768,GenAI for Business,2026-08-08,24,Blended,Completed,71,77,9882
T001785,E00768,Python Analytics,2025-07-17,8,Online,Completed,72,83,13899
T001786,E00768,Advanced Excel,2026-01-07,6,Classroom,Completed,58,82,11240
T001787,E00768,Advanced Excel,2024-12-03,12,Online,Completed,43,58,8212
T001788,E00768,Python Analytics,2025-04-21,12,Blended,Completed,46,53,4451
T001789,E00770,Leadership Essentials,2025-07-11,12,Classroom,Completed,69,93,14290
T001790,E00770,Communication Skills,2025-03-13,4,Classroom,Completed,76,88,7800
T001791,E00770,Python Analytics,2026-01-25,12,Classroom,Completed,76,95,13322
T001792,E00770,Negotiation,2025-06-17,6,Blended,Completed,63,73,4317
T001793,E00771,Negotiation,2025-01-01,12,Classroom,Completed,61,80,1503
T001794,E00771,Data Privacy,2025-01-18,12,Online,Completed,71,83,3492
T001795,E00772,GenAI for Business,2025-09-15,24,Classroom,Incomplete,58,70,9929
T001796,E00773,Python Analytics,2025-01-27,2,Blended,Completed,45,57,4765
T001797,E00773,Power BI,2024-05-03,24,Online,Completed,69,94,12346
T001798,E00773,Advanced Excel,2025-09-16,16,Classroom,Completed,77,97,5510
T001799,E00773,Power BI,2024-02-27,6,Online,Completed,60,70,3491
T001800,E00773,GenAI for Business,2025-05-09,2,Online,Completed,55,64,12451
T001801,E00774,Leadership Essentials,2026-04-10,8,Classroom,Completed,73,92,8638
T001802,E00774,Power BI,2024-07-22,4,Blended,Completed,69,94,3632
T001803,E00774,Python Analytics,2025-03-21,24,Classroom,Incomplete,62,79,14907
T001804,E00774,Project Management,2026-07-06,8,Online,Completed,73,84,5452
T001805,E00775,Negotiation,2024-06-19,6,Classroom,Completed,75,86,8952
T001806,E00775,Cloud Fundamentals,2025-07-02,16,Classroom,Completed,59,79,10717
T001807,E00775,Data Privacy,2026-02-21,6,Blended,Completed,70,88,10005
T001808,E00775,GenAI for Business,2024-04-20,24,Blended,Completed,52,68,12063
T001809,E00775,Advanced Excel,2024-10-20,6,Online,Completed,73,82,9457
T001810,E00776,Cloud Fundamentals,2025-05-18,2,Classroom,Completed,49,63,4769
T001811,E00777,Communication Skills,2026-04-14,8,Blended,Completed,65,86,9726
T001812,E00777,Project Management,2026-02-03,6,Online,Completed,77,84,14945
T001813,E00777,Cloud Fundamentals,2024-03-17,2,Online,Completed,54,67,4354
T001814,E00777,Power BI,2025-10-05,2,Classroom,Completed,40,58,11201
T001815,E00777,Leadership Essentials,2026-03-23,8,Blended,Completed,43,58,6090
T001816,E00778,Cloud Fundamentals,2025-11-11,8,Blended,Completed,68,90,4169
T001817,E00782,Project Management,2024-07-08,16,Classroom,Completed,77,91,7548
T001818,E00783,Cloud Fundamentals,2024-05-19,6,Online,Completed,72,99,4507
T001819,E00783,Cloud Fundamentals,2025-05-10,16,Online,Completed,55,82,10402
T001820,E00783,GenAI for Business,2025-11-13,16,Blended,Completed,46,53,10025
T001821,E00785,Project Management,2025-10-11,4,Classroom,Completed,76,82,4983
T001822,E00785,Negotiation,2025-03-06,6,Blended,Completed,76,94,6971
T001823,E00785,Communication Skills,2024-03-21,16,Classroom,Completed,45,57,13366
T001824,E00785,Power BI,2025-12-14,12,Online,Completed,71,93,13089
T001825,E00785,Python Analytics,2024-05-22,4,Online,Completed,46,51,5440
T001826,E00786,Leadership Essentials,2025-12-19,16,Blended,Completed,65,77,2554
T001827,E00786,Data Privacy,2025-11-30,24,Classroom,Completed,44,56,1597
T001828,E00787,Python Analytics,2026-06-08,24,Online,Completed,45,54,3315
T001829,E00787,GenAI for Business,2024-07-08,12,Classroom,Completed,64,80,12144
T001830,E00788,Power BI,2024-02-02,4,Online,Completed,45,73,4193
T001831,E00789,Cloud Fundamentals,2025-01-15,24,Online,Completed,71,98,9115
T001832,E00789,Python Analytics,2025-06-13,8,Classroom,Completed,61,82,10307
T001833,E00789,Cloud Fundamentals,2024-09-14,12,Classroom,Completed,47,60,14942
T001834,E00792,Leadership Essentials,2025-11-05,16,Blended,Completed,63,79,1738
T001835,E00794,Leadership Essentials,2026-08-19,16,Blended,Completed,78,100,9626
T001836,E00794,Project Management,2026-06-02,16,Online,Completed,65,74,12171
T001837,E00796,GenAI for Business,2026-08-17,16,Online,Completed,66,90,4617
T001838,E00798,Cloud Fundamentals,2026-07-30,24,Classroom,Completed,47,72,7517
T001839,E00798,Advanced Excel,2026-05-30,12,Classroom,Completed,73,98,4309
T001840,E00799,Power BI,2026-01-08,8,Classroom,Completed,43,63,3671
T001841,E00799,Communication Skills,2026-01-22,12,Classroom,Completed,67,89,6642
T001842,E00799,Advanced Excel,2026-05-18,2,Online,Completed,42,53,5279
T001843,E00799,Power BI,2026-04-20,24,Online,Completed,75,100,2617
T001844,E00799,Communication Skills,2026-04-14,16,Online,Completed,76,100,8336
T001845,E00800,Project Management,2025-08-21,4,Blended,Completed,43,57,13236
T001846,E00800,Project Management,2024-12-01,12,Online,Completed,43,51,12691
T001847,E00800,Advanced Excel,2026-04-28,12,Blended,Completed,54,64,9418
T001848,E00800,Cloud Fundamentals,2025-10-20,2,Online,Completed,58,84,5016
T001849,E00801,Power BI,2024-03-09,24,Blended,Completed,66,75,2947
T001850,E00802,Advanced Excel,2024-08-24,24,Online,Completed,60,88,5121
T001851,E00802,Project Management,2025-07-18,4,Online,Completed,67,85,9664
T001852,E00802,Power BI,2025-03-09,16,Classroom,Completed,77,84,2236
T001853,E00802,Project Management,2026-01-21,2,Blended,Completed,45,53,14401
T001854,E00803,Project Management,2025-04-23,12,Blended,Completed,40,58,2139
T001855,E00803,Power BI,2025-04-11,8,Blended,Completed,47,61,14955
T001856,E00803,Project Management,2025-06-20,24,Online,Completed,52,76,6673
T001857,E00803,Communication Skills,2025-12-25,12,Online,Completed,72,93,6784
T001858,E00803,Power BI,2026-03-16,4,Classroom,Completed,53,78,4530
T001859,E00806,Negotiation,2024-07-11,12,Blended,Completed,50,60,13778
T001860,E00806,Leadership Essentials,2025-01-04,8,Blended,Completed,46,54,10487
T001861,E00806,Communication Skills,2026-07-12,4,Online,Completed,73,78,1613
T001862,E00808,GenAI for Business,2026-05-25,4,Classroom,Completed,52,60,8244
T001863,E00808,Data Privacy,2024-04-29,2,Classroom,Completed,78,87,3178
T001864,E00808,GenAI for Business,2025-03-04,4,Online,Completed,56,75,3736
T001865,E00808,Communication Skills,2025-01-08,8,Online,Incomplete,57,85,2572
T001866,E00808,Cloud Fundamentals,2024-05-06,16,Online,Completed,61,76,12996
T001867,E00809,Project Management,2026-01-21,4,Blended,Completed,44,67,14073
T001868,E00809,Leadership Essentials,2025-03-18,16,Online,Completed,71,99,3396
T001869,E00809,Data Privacy,2025-07-10,24,Blended,Incomplete,68,80,2251
T001870,E00809,Python Analytics,2025-05-11,2,Online,Completed,40,67,10541
T001871,E00809,GenAI for Business,2024-02-23,24,Classroom,Completed,58,69,14321
T001872,E00810,Advanced Excel,2026-07-04,24,Online,Completed,44,51,10880
T001873,E00810,Data Privacy,2026-04-01,16,Blended,Completed,72,93,10724
T001874,E00811,Communication Skills,2025-09-09,24,Classroom,Completed,44,63,3000
T001875,E00812,Power BI,2024-10-04,16,Online,Completed,59,65,13603
T001876,E00813,Power BI,2025-08-29,12,Classroom,Completed,57,79,9175
T001877,E00816,Cloud Fundamentals,2026-04-03,2,Blended,Completed,61,76,6952
T001878,E00816,Negotiation,2025-09-09,4,Blended,Completed,64,90,11465
T001879,E00816,Power BI,2025-10-11,4,Online,Incomplete,61,83,3624
T001880,E00816,Power BI,2025-04-25,12,Blended,Completed,62,80,3150
T001881,E00816,Python Analytics,2024-10-17,16,Online,Completed,72,92,12835
T001882,E00817,Communication Skills,2024-05-23,24,Classroom,Completed,47,60,13226
T001883,E00817,Communication Skills,2025-03-02,6,Online,Completed,69,84,6898
T001884,E00819,Communication Skills,2024-05-20,16,Online,Completed,60,67,7596
T001885,E00819,GenAI for Business,2024-10-30,6,Online,Completed,65,74,9642
T001886,E00819,GenAI for Business,2026-02-07,2,Blended,Completed,56,76,13135
T001887,E00819,Python Analytics,2024-04-12,4,Classroom,Completed,45,71,2015
T001888,E00823,GenAI for Business,2026-04-09,2,Blended,Completed,53,71,4366
T001889,E00823,Project Management,2024-10-29,6,Online,Completed,62,68,5585
T001890,E00823,Advanced Excel,2025-07-12,12,Classroom,Completed,69,78,7926
T001891,E00823,Leadership Essentials,2025-02-05,8,Blended,Completed,55,77,5526
T001892,E00823,Advanced Excel,2025-07-25,4,Blended,Completed,61,88,7535
T001893,E00824,Advanced Excel,2025-10-09,6,Blended,Incomplete,65,86,11020
T001894,E00825,Cloud Fundamentals,2026-08-24,24,Blended,Completed,52,60,11329
T001895,E00825,Power BI,2026-04-24,6,Blended,Completed,41,46,8713
T001896,E00826,Negotiation,2024-11-27,2,Online,Completed,58,84,10523
T001897,E00826,Data Privacy,2024-07-15,8,Blended,Completed,47,69,10625
T001898,E00826,GenAI for Business,2026-07-11,6,Classroom,Completed,40,63,6434
T001899,E00827,Communication Skills,2025-10-24,16,Online,Completed,70,84,14816
T001900,E00827,Leadership Essentials,2026-08-05,2,Online,Completed,51,59,7198
T001901,E00827,Advanced Excel,2025-09-30,4,Blended,Completed,64,70,3323
T001902,E00827,Communication Skills,2026-06-03,12,Online,Incomplete,69,86,8948
T001903,E00828,GenAI for Business,2025-06-18,16,Blended,Completed,62,85,7193
T001904,E00828,Negotiation,2026-08-29,2,Online,Completed,56,66,7632
T001905,E00829,Project Management,2025-12-01,6,Classroom,Completed,68,85,10255
T001906,E00829,GenAI for Business,2025-11-03,16,Classroom,Incomplete,77,90,7381
T001907,E00829,Advanced Excel,2025-10-17,2,Online,Completed,72,86,7411
T001908,E00830,Advanced Excel,2026-04-26,8,Blended,Completed,43,55,4687
T001909,E00830,GenAI for Business,2024-05-22,2,Blended,Completed,56,78,2984
T001910,E00830,Leadership Essentials,2024-10-05,6,Online,Incomplete,71,82,5581
T001911,E00830,GenAI for Business,2026-06-17,16,Classroom,Completed,63,80,13838
T001912,E00831,GenAI for Business,2026-04-08,16,Online,Completed,61,82,6451
T001913,E00831,Leadership Essentials,2026-07-15,12,Classroom,Completed,51,63,2536
T001914,E00833,Cloud Fundamentals,2025-08-11,2,Online,Completed,52,73,14943
T001915,E00833,Advanced Excel,2025-06-25,2,Online,Incomplete,56,69,14511
T001916,E00833,Project Management,2025-02-28,2,Blended,Completed,71,88,11706
T001917,E00834,Cloud Fundamentals,2025-11-18,4,Classroom,Completed,54,69,9562
T001918,E00834,Advanced Excel,2026-06-29,12,Online,Completed,66,75,6033
T001919,E00834,Leadership Essentials,2025-02-10,2,Blended,Completed,66,81,1902
T001920,E00834,Negotiation,2025-03-01,24,Blended,Completed,57,73,9752
T001921,E00835,GenAI for Business,2024-10-28,12,Classroom,Completed,68,75,14512
T001922,E00835,Advanced Excel,2025-08-20,12,Classroom,Completed,61,80,12696
T001923,E00836,Advanced Excel,2024-02-24,4,Classroom,Completed,57,67,14574
T001924,E00836,Advanced Excel,2024-06-02,12,Online,Completed,49,77,1878
T001925,E00836,Communication Skills,2026-07-06,24,Blended,Completed,40,55,13966
T001926,E00836,Data Privacy,2024-12-21,16,Blended,Completed,41,58,10616
T001927,E00837,Communication Skills,2025-08-21,4,Classroom,Incomplete,64,83,4686
T001928,E00837,Power BI,2025-01-28,12,Online,Completed,69,76,3154
T001929,E00837,GenAI for Business,2026-06-16,12,Online,Completed,76,85,10402
T001930,E00837,Advanced Excel,2026-06-28,8,Blended,Completed,72,96,3936
T001931,E00841,Cloud Fundamentals,2025-09-05,12,Online,Completed,64,81,11739
T001932,E00842,Data Privacy,2026-03-26,6,Blended,Completed,66,75,7981
T001933,E00842,Power BI,2026-06-13,8,Classroom,Completed,73,100,3872
T001934,E00842,Data Privacy,2026-04-02,4,Online,Completed,47,60,12447
T001935,E00842,Project Management,2026-06-13,16,Blended,Completed,48,69,11507
T001936,E00842,Cloud Fundamentals,2026-08-12,16,Blended,Completed,77,95,13737
T001937,E00843,GenAI for Business,2024-12-24,2,Online,Completed,74,100,13825
T001938,E00843,Python Analytics,2024-12-09,16,Blended,Completed,52,77,5647
T001939,E00843,Power BI,2026-07-25,2,Blended,Completed,44,54,5858
T001940,E00843,Communication Skills,2024-08-21,24,Classroom,Completed,41,50,13509
T001941,E00844,Leadership Essentials,2024-08-07,24,Blended,Incomplete,63,73,12248
T001942,E00844,Project Management,2025-09-20,6,Online,Completed,78,90,3999
T001943,E00845,Cloud Fundamentals,2026-07-03,16,Classroom,Completed,40,54,6252
T001944,E00845,Power BI,2025-01-18,24,Classroom,Completed,62,83,3023
T001945,E00845,Cloud Fundamentals,2025-06-28,24,Blended,Completed,49,71,11355
T001946,E00845,Negotiation,2024-08-08,8,Blended,Completed,64,76,14078
T001947,E00845,Project Management,2024-08-15,16,Blended,Completed,50,73,4359
T001948,E00846,Power BI,2025-07-23,12,Classroom,Completed,49,76,3110
T001949,E00848,Power BI,2026-04-17,2,Blended,Completed,78,85,10084
T001950,E00848,Data Privacy,2026-04-09,16,Blended,Completed,61,66,13396
T001951,E00849,Advanced Excel,2026-03-08,4,Online,Completed,68,93,4918
T001952,E00849,Data Privacy,2026-08-25,6,Online,Completed,69,87,2751
T001953,E00849,Data Privacy,2026-08-23,24,Blended,Completed,53,81,1775
T001954,E00851,Negotiation,2024-08-19,4,Blended,Completed,74,81,6937
T001955,E00851,Cloud Fundamentals,2024-11-08,2,Online,Completed,70,87,9019
T001956,E00851,Advanced Excel,2024-06-14,8,Blended,Completed,69,82,6440
T001957,E00852,Leadership Essentials,2026-02-03,12,Online,Completed,76,100,5422
T001958,E00852,Negotiation,2026-03-11,16,Classroom,Completed,48,67,13378
T001959,E00852,Advanced Excel,2026-07-08,4,Classroom,Completed,59,74,10732
T001960,E00852,Data Privacy,2026-08-21,2,Blended,Completed,59,72,1692
T001961,E00852,Advanced Excel,2026-02-03,8,Classroom,Completed,54,64,1867
T001962,E00853,Power BI,2025-09-05,2,Online,Completed,72,80,7538
T001963,E00853,GenAI for Business,2025-07-19,16,Blended,Completed,65,81,7746
T001964,E00853,Data Privacy,2026-04-22,6,Classroom,Completed,64,82,9052
T001965,E00854,Data Privacy,2026-02-03,24,Classroom,Completed,64,80,3489
T001966,E00854,Leadership Essentials,2026-02-02,2,Classroom,Completed,65,90,5098
T001967,E00855,Communication Skills,2024-02-10,24,Online,Completed,62,75,11901
T001968,E00855,Leadership Essentials,2024-01-27,12,Blended,Completed,70,85,8014
T001969,E00855,Data Privacy,2024-05-10,8,Classroom,Completed,58,76,12474
T001970,E00856,Leadership Essentials,2026-02-11,6,Blended,Completed,56,65,5706
T001971,E00856,GenAI for Business,2025-08-24,12,Online,Completed,61,75,4177
T001972,E00857,Leadership Essentials,2026-07-14,6,Classroom,Completed,52,63,4600
T001973,E00857,Data Privacy,2026-08-05,4,Classroom,Completed,63,90,13483
T001974,E00857,Advanced Excel,2026-06-25,24,Online,Completed,73,93,14980
T001975,E00857,Communication Skills,2026-05-08,16,Online,Completed,47,72,3972
T001976,E00857,Data Privacy,2026-05-07,2,Blended,Incomplete,45,61,12540
T001977,E00858,Leadership Essentials,2024-02-09,12,Online,Completed,71,94,7521
T001978,E00858,Communication Skills,2024-12-20,4,Blended,Completed,49,73,7723
T001979,E00858,Project Management,2024-07-25,24,Online,Completed,67,86,2379
T001980,E00858,Power BI,2025-03-07,2,Classroom,Completed,46,72,13968
T001981,E00859,Cloud Fundamentals,2024-05-12,24,Online,Completed,76,96,2649
T001982,E00859,Advanced Excel,2024-05-01,8,Online,Completed,61,88,4509
T001983,E00859,Negotiation,2025-10-19,2,Blended,Completed,46,63,14346
T001984,E00859,Data Privacy,2026-07-11,12,Online,Completed,53,81,7724
T001985,E00860,Negotiation,2025-03-13,12,Blended,Completed,61,87,7181
T001986,E00860,Communication Skills,2025-08-09,24,Online,Completed,71,98,10533
T001987,E00860,Project Management,2024-09-30,12,Blended,Completed,75,100,7583
T001988,E00860,Power BI,2024-12-27,24,Blended,Completed,58,82,9938
T001989,E00860,Project Management,2024-11-30,8,Online,Completed,60,68,11534
T001990,E00862,Cloud Fundamentals,2025-05-12,2,Blended,Completed,69,88,12820
T001991,E00862,Communication Skills,2025-09-08,2,Online,Completed,62,78,6908
T001992,E00862,Power BI,2026-01-17,16,Blended,Completed,60,83,12406
T001993,E00862,Project Management,2024-05-21,6,Online,Completed,45,67,3933
T001994,E00862,Python Analytics,2025-06-04,12,Online,Completed,63,84,2423
T001995,E00863,Project Management,2026-05-19,16,Classroom,Completed,78,85,5691
T001996,E00863,Communication Skills,2025-07-02,8,Blended,Completed,76,86,1827
T001997,E00863,Data Privacy,2024-07-26,16,Blended,Completed,76,100,8655
T001998,E00863,Negotiation,2024-03-27,24,Blended,Completed,56,82,11669
T001999,E00866,Advanced Excel,2026-02-08,6,Blended,Completed,71,79,2148
T002000,E00866,Advanced Excel,2026-04-17,12,Online,Incomplete,78,89,8200
T002001,E00867,Advanced Excel,2024-04-11,4,Blended,Completed,60,83,5319
T002002,E00867,Cloud Fundamentals,2026-01-28,8,Online,Completed,66,77,1866
T002003,E00867,Python Analytics,2026-02-07,6,Blended,Completed,45,53,10812
T002004,E00867,Data Privacy,2026-01-17,4,Classroom,Completed,70,79,6828
T002005,E00868,Data Privacy,2026-05-06,8,Classroom,Completed,44,64,13634
T002006,E00868,Data Privacy,2025-05-09,24,Online,Completed,61,79,10546
T002007,E00868,Advanced Excel,2026-01-24,2,Classroom,Completed,48,67,6908
T002008,E00868,Power BI,2025-05-22,12,Online,Completed,60,82,1589
T002009,E00870,Power BI,2025-12-25,6,Blended,Completed,77,91,4663
T002010,E00870,Data Privacy,2026-01-11,12,Blended,Completed,61,80,12355
T002011,E00870,GenAI for Business,2025-10-16,24,Classroom,Incomplete,46,64,4843
T002012,E00870,Power BI,2026-08-23,2,Online,Completed,73,88,10310
T002013,E00871,Communication Skills,2025-01-13,8,Classroom,Completed,58,63,9144
T002014,E00871,Communication Skills,2025-07-18,6,Online,Completed,41,64,10023
T002015,E00872,Leadership Essentials,2026-06-20,24,Online,Completed,41,53,2603
T002016,E00872,Cloud Fundamentals,2025-01-09,2,Classroom,Completed,44,53,5454
T002017,E00873,Python Analytics,2026-08-23,2,Classroom,Completed,76,100,7745
T002018,E00873,Data Privacy,2026-06-06,4,Online,Incomplete,47,54,6729
T002019,E00873,Cloud Fundamentals,2026-07-23,16,Online,Completed,61,76,11905
T002020,E00873,Communication Skills,2026-02-05,24,Online,Completed,65,92,14635
T002021,E00875,Negotiation,2024-06-01,16,Classroom,Completed,55,73,10531
T002022,E00875,Communication Skills,2026-05-11,6,Online,Completed,61,82,5538
T002023,E00875,Power BI,2025-02-24,2,Online,Completed,69,77,2757
T002024,E00875,Data Privacy,2026-07-30,16,Online,Completed,54,65,7623
T002025,E00876,Power BI,2025-12-18,4,Blended,Completed,46,57,10055
T002026,E00876,Leadership Essentials,2026-08-02,16,Online,Completed,68,81,14975
T002027,E00876,Power BI,2025-05-28,4,Blended,Completed,69,87,5170
T002028,E00876,Leadership Essentials,2025-08-02,24,Blended,Completed,67,90,6383
T002029,E00876,Data Privacy,2026-06-26,4,Classroom,Completed,70,91,13842
T002030,E00877,GenAI for Business,2025-07-05,16,Blended,Completed,60,72,8305
T002031,E00877,Power BI,2025-04-07,8,Classroom,Completed,54,62,9549
T002032,E00877,Negotiation,2026-07-25,12,Online,Completed,66,75,7477
T002033,E00877,Power BI,2026-03-11,4,Blended,Completed,58,63,4838
T002034,E00878,Project Management,2025-10-26,4,Blended,Completed,69,80,3186
T002035,E00878,Power BI,2024-11-07,24,Online,Completed,48,58,14600
T002036,E00878,Cloud Fundamentals,2025-01-29,8,Classroom,Completed,53,78,4995
T002037,E00878,GenAI for Business,2024-12-10,6,Blended,Completed,66,82,10275
T002038,E00878,Negotiation,2025-09-12,8,Classroom,Completed,76,84,10859
T002039,E00880,Power BI,2024-12-18,8,Blended,Completed,60,88,13740
T002040,E00880,GenAI for Business,2024-04-11,8,Blended,Completed,54,75,2769
T002041,E00880,Data Privacy,2025-07-01,16,Classroom,Completed,70,85,14485
T002042,E00880,Leadership Essentials,2024-04-26,4,Classroom,Completed,64,71,11981
T002043,E00880,Negotiation,2024-02-07,24,Online,Completed,74,92,10550
T002044,E00881,Cloud Fundamentals,2025-07-11,12,Classroom,Completed,43,62,7883
T002045,E00881,Project Management,2026-01-31,2,Blended,Completed,78,100,5285
T002046,E00881,Data Privacy,2026-01-26,8,Classroom,Completed,72,92,13828
T002047,E00881,Cloud Fundamentals,2025-02-22,4,Online,Completed,48,69,14748
T002048,E00881,GenAI for Business,2025-09-23,8,Online,Completed,71,83,12018
T002049,E00882,Negotiation,2025-04-30,24,Online,Completed,69,94,7182
T002050,E00882,Data Privacy,2025-03-26,6,Online,Completed,77,85,8167
T002051,E00882,Power BI,2024-08-20,8,Blended,Completed,57,84,9201
T002052,E00883,GenAI for Business,2026-01-20,24,Classroom,Completed,54,76,13320
T002053,E00884,Cloud Fundamentals,2024-10-17,2,Online,Completed,57,85,1735
T002054,E00884,Negotiation,2024-06-27,4,Online,Completed,41,56,13814
T002055,E00884,Python Analytics,2024-01-19,12,Online,Completed,44,61,3457
T002056,E00884,Python Analytics,2024-10-10,8,Classroom,Completed,68,80,1712
T002057,E00884,Negotiation,2025-04-21,24,Online,Completed,50,70,12365
T002058,E00885,Data Privacy,2025-07-11,4,Blended,Completed,46,63,6407
T002059,E00885,Leadership Essentials,2025-03-22,16,Blended,Completed,62,90,2913
T002060,E00885,Negotiation,2024-02-11,2,Blended,Completed,75,100,14224
T002061,E00886,Cloud Fundamentals,2026-05-28,2,Classroom,Completed,61,82,10376
T002062,E00886,Advanced Excel,2025-06-17,16,Online,Completed,59,68,12578
T002063,E00886,Advanced Excel,2025-09-21,24,Classroom,Completed,78,100,1790
T002064,E00886,Advanced Excel,2025-06-12,2,Online,Completed,56,62,2911
T002065,E00887,Cloud Fundamentals,2026-06-23,4,Blended,Completed,73,87,6263
T002066,E00887,Cloud Fundamentals,2025-08-24,2,Classroom,Completed,57,70,2091
T002067,E00887,Cloud Fundamentals,2025-06-14,8,Blended,Completed,57,85,7129
T002068,E00887,Power BI,2026-08-17,8,Online,Completed,44,70,3056
T002069,E00888,Leadership Essentials,2025-12-23,6,Online,Completed,59,77,3878
T002070,E00891,Communication Skills,2025-07-24,24,Blended,Incomplete,68,94,11955
T002071,E00891,Project Management,2024-04-18,6,Classroom,Completed,62,69,3087
T002072,E00892,Communication Skills,2024-07-18,12,Blended,Completed,77,95,13279
T002073,E00892,Negotiation,2024-04-19,16,Online,Completed,63,79,5985
T002074,E00892,Python Analytics,2025-06-23,12,Online,Completed,61,85,10056
T002075,E00894,Power BI,2025-12-29,2,Online,Completed,69,95,12634
T002076,E00894,Data Privacy,2025-10-17,12,Online,Completed,61,71,10174
T002077,E00894,Negotiation,2026-03-25,4,Blended,Completed,73,87,5511
T002078,E00894,Data Privacy,2026-04-16,12,Classroom,Incomplete,45,72,7297
T002079,E00894,Communication Skills,2026-05-01,6,Blended,Completed,63,89,6251
T002080,E00895,Communication Skills,2024-09-18,6,Blended,Completed,45,63,4082
T002081,E00896,Negotiation,2026-08-09,16,Classroom,Completed,71,93,13098
T002082,E00896,Communication Skills,2026-08-07,24,Blended,Completed,75,88,13990
T002083,E00897,Power BI,2025-03-07,6,Classroom,Completed,72,86,7938
T002084,E00897,Data Privacy,2025-01-14,24,Blended,Completed,46,71,10966
T002085,E00897,Communication Skills,2025-02-21,8,Classroom,Completed,73,82,9111
T002086,E00898,Communication Skills,2026-07-02,24,Online,Completed,72,83,9385
T002087,E00898,GenAI for Business,2024-09-05,24,Blended,Completed,61,81,6318
T002088,E00898,Negotiation,2025-05-29,16,Blended,Completed,45,68,11654
T002089,E00898,GenAI for Business,2025-11-08,12,Online,Completed,65,78,3970
T002090,E00898,GenAI for Business,2024-10-31,16,Online,Completed,70,86,2878
T002091,E00899,Data Privacy,2024-11-10,4,Blended,Completed,70,78,2072
T002092,E00899,Communication Skills,2024-12-13,16,Classroom,Completed,64,80,14512
T002093,E00900,Negotiation,2025-07-17,8,Online,Completed,70,87,13706
T002094,E00900,Cloud Fundamentals,2025-12-13,8,Blended,Completed,54,81,11723
T002095,E00900,Advanced Excel,2024-07-26,4,Classroom,Completed,63,78,11394
T002096,E00900,Negotiation,2025-09-13,8,Blended,Completed,67,88,8155
T002097,E00900,Python Analytics,2025-07-29,6,Blended,Completed,76,89,2991
T002098,E00902,GenAI for Business,2024-11-02,2,Blended,Completed,76,91,11541
T002099,E00902,Communication Skills,2024-01-08,4,Blended,Completed,77,99,6754
T002100,E00904,GenAI for Business,2024-09-21,12,Classroom,Completed,56,66,9825
T002101,E00904,GenAI for Business,2024-03-06,4,Classroom,Completed,44,69,5765
T002102,E00904,Project Management,2026-04-06,8,Blended,Incomplete,69,83,10012
T002103,E00905,Python Analytics,2025-08-11,24,Blended,Completed,78,100,13653
T002104,E00905,Cloud Fundamentals,2024-12-12,6,Online,Completed,47,73,9846
T002105,E00907,Leadership Essentials,2024-11-21,4,Online,Incomplete,61,88,7248
T002106,E00907,Cloud Fundamentals,2025-05-06,16,Online,Incomplete,47,69,5361
T002107,E00907,GenAI for Business,2025-01-03,16,Classroom,Completed,69,92,10510
T002108,E00909,Cloud Fundamentals,2025-07-05,12,Online,Completed,46,53,6990
T002109,E00909,Communication Skills,2024-06-11,8,Blended,Completed,54,82,4304
T002110,E00910,Cloud Fundamentals,2025-08-20,2,Classroom,Completed,54,76,10352
T002111,E00910,Communication Skills,2025-06-15,2,Online,Completed,46,72,2881
T002112,E00910,Negotiation,2026-08-05,12,Blended,Completed,41,52,3780
T002113,E00910,GenAI for Business,2026-03-07,24,Blended,Completed,76,87,7604
T002114,E00910,Python Analytics,2025-10-04,2,Blended,Completed,49,68,11581
T002115,E00911,GenAI for Business,2024-01-29,2,Online,Completed,44,69,14947
T002116,E00911,Leadership Essentials,2024-05-06,24,Blended,Completed,50,59,2492
T002117,E00911,Project Management,2025-08-05,4,Blended,Completed,51,62,9940
T002118,E00912,GenAI for Business,2026-02-06,16,Blended,Completed,40,58,14101
T002119,E00912,Cloud Fundamentals,2025-03-04,4,Online,Completed,55,72,11735
T002120,E00912,Advanced Excel,2026-05-20,16,Online,Completed,72,91,13607
T002121,E00912,Project Management,2024-12-16,12,Online,Completed,78,99,10362
T002122,E00913,Communication Skills,2024-04-23,16,Blended,Completed,47,57,13498
T002123,E00913,Cloud Fundamentals,2024-12-23,4,Blended,Completed,58,71,9969
T002124,E00913,Data Privacy,2025-09-28,12,Blended,Completed,75,90,8731
T002125,E00913,Communication Skills,2025-10-25,8,Blended,Completed,46,64,2355
T002126,E00913,Advanced Excel,2025-08-15,12,Classroom,Completed,73,81,6765
T002127,E00915,GenAI for Business,2025-07-22,12,Blended,Completed,57,72,7352
T002128,E00915,Negotiation,2024-05-02,4,Online,Completed,49,62,5080
T002129,E00916,Python Analytics,2026-08-06,4,Online,Completed,42,53,10140
T002130,E00916,Data Privacy,2024-05-20,12,Blended,Completed,46,72,14969
T002131,E00917,Communication Skills,2025-08-30,8,Blended,Completed,55,77,9539
T002132,E00917,Negotiation,2024-06-15,16,Classroom,Completed,66,91,5481
T002133,E00917,Cloud Fundamentals,2025-05-16,6,Classroom,Incomplete,77,100,14856
T002134,E00917,Leadership Essentials,2024-05-24,4,Classroom,Completed,44,62,11077
T002135,E00917,Project Management,2025-06-19,8,Online,Completed,51,69,9605
T002136,E00919,Communication Skills,2025-03-27,12,Blended,Completed,49,74,9353
T002137,E00919,Advanced Excel,2025-08-10,2,Online,Completed,56,71,1877
T002138,E00919,Power BI,2025-10-19,16,Online,Completed,62,90,4668
T002139,E00919,Data Privacy,2024-02-24,6,Classroom,Completed,71,93,9556
T002140,E00921,Project Management,2026-02-04,8,Blended,Completed,61,83,8051
T002141,E00921,Negotiation,2025-11-17,8,Blended,Completed,70,82,2083
T002142,E00921,Leadership Essentials,2025-12-09,6,Online,Completed,59,73,14850
T002143,E00921,Data Privacy,2026-04-02,8,Blended,Completed,57,77,8304
T002144,E00922,Advanced Excel,2025-05-27,8,Online,Completed,64,79,8166
T002145,E00922,Cloud Fundamentals,2024-03-30,12,Classroom,Incomplete,40,67,3120
T002146,E00922,Cloud Fundamentals,2026-01-11,24,Blended,Completed,43,61,2220
T002147,E00922,Cloud Fundamentals,2024-09-15,24,Classroom,Completed,43,59,3395
T002148,E00923,Cloud Fundamentals,2024-11-12,2,Classroom,Completed,61,67,5622
T002149,E00923,Cloud Fundamentals,2026-02-05,8,Blended,Completed,78,98,10475
T002150,E00923,GenAI for Business,2025-02-02,2,Online,Completed,71,89,3231
T002151,E00923,GenAI for Business,2024-01-30,24,Online,Completed,56,84,13605
T002152,E00923,Cloud Fundamentals,2025-09-16,2,Classroom,Completed,63,70,14442
T002153,E00924,Negotiation,2026-07-26,12,Classroom,Completed,67,95,1536
T002154,E00924,Communication Skills,2026-02-07,2,Blended,Completed,69,75,3802
T002155,E00924,Project Management,2026-01-14,16,Classroom,Completed,78,83,3187
T002156,E00924,Python Analytics,2026-02-07,4,Online,Completed,44,70,10460
T002157,E00924,Communication Skills,2025-12-19,2,Blended,Completed,78,93,13327
T002158,E00926,Communication Skills,2024-09-13,6,Classroom,Completed,78,99,7115
T002159,E00926,Leadership Essentials,2024-11-12,8,Online,Completed,72,78,11191
T002160,E00926,Advanced Excel,2025-12-13,24,Online,Completed,49,63,9508
T002161,E00927,Communication Skills,2026-05-12,2,Online,Completed,55,75,9734
T002162,E00927,Advanced Excel,2025-11-28,8,Online,Completed,55,82,9574
T002163,E00927,Project Management,2026-07-22,2,Classroom,Completed,67,81,8188
T002164,E00927,Leadership Essentials,2025-02-02,4,Blended,Completed,71,78,3421
T002165,E00928,Project Management,2026-01-03,12,Online,Completed,44,72,9624
T002166,E00928,Communication Skills,2025-06-04,12,Classroom,Completed,72,92,4488
T002167,E00929,Communication Skills,2026-08-23,24,Blended,Completed,53,72,11567
T002168,E00929,Leadership Essentials,2026-08-12,6,Blended,Completed,53,61,1611
T002169,E00929,Data Privacy,2026-06-21,12,Classroom,Completed,75,89,6506
T002170,E00929,Power BI,2026-08-17,4,Classroom,Completed,65,80,10383
T002171,E00930,Negotiation,2024-01-07,6,Blended,Completed,45,50,7514
T002172,E00930,GenAI for Business,2025-06-14,12,Classroom,Completed,41,46,5851
T002173,E00930,Project Management,2024-06-24,6,Online,Completed,65,79,4709
T002174,E00930,Cloud Fundamentals,2024-05-24,2,Blended,Completed,44,58,13281
T002175,E00930,Power BI,2026-05-27,2,Online,Completed,56,81,3455
T002176,E00931,Power BI,2025-05-27,16,Online,Incomplete,55,77,2341
T002177,E00931,Advanced Excel,2026-02-17,12,Blended,Completed,71,78,9649
T002178,E00931,Project Management,2026-03-16,12,Blended,Completed,58,84,3283
T002179,E00931,GenAI for Business,2025-09-15,8,Blended,Completed,60,67,14822
T002180,E00933,Power BI,2026-05-03,16,Classroom,Completed,55,65,13101
T002181,E00934,Cloud Fundamentals,2025-01-22,4,Online,Completed,43,49,10131
T002182,E00934,Communication Skills,2025-12-07,2,Online,Completed,67,88,8902
T002183,E00934,Advanced Excel,2024-11-16,24,Blended,Completed,51,64,2806
T002184,E00934,Leadership Essentials,2024-05-07,12,Blended,Completed,56,84,2796
T002185,E00936,Power BI,2026-04-30,24,Online,Completed,53,76,13347
T002186,E00936,Project Management,2026-05-05,24,Classroom,Completed,40,66,2052
T002187,E00936,Advanced Excel,2026-05-27,6,Blended,Completed,41,60,4848
T002188,E00937,Cloud Fundamentals,2026-06-17,8,Classroom,Completed,52,58,2375
T002189,E00937,Python Analytics,2025-10-04,2,Online,Completed,64,76,5572
T002190,E00938,Cloud Fundamentals,2025-03-19,12,Online,Completed,76,92,14342
T002191,E00938,Python Analytics,2024-03-20,8,Online,Completed,47,70,3359
T002192,E00938,Cloud Fundamentals,2024-12-02,8,Online,Completed,41,58,14646
T002193,E00938,Python Analytics,2026-05-25,2,Online,Completed,51,65,10893
T002194,E00939,Advanced Excel,2024-06-26,6,Classroom,Completed,44,64,4606
T002195,E00939,Leadership Essentials,2026-07-19,12,Online,Completed,50,59,14563
T002196,E00940,Communication Skills,2026-03-10,16,Online,Completed,58,86,11537
T002197,E00940,Negotiation,2026-07-17,4,Blended,Incomplete,53,61,2055
T002198,E00940,Python Analytics,2026-03-25,16,Classroom,Completed,45,70,2067
T002199,E00940,Communication Skills,2025-07-10,16,Online,Completed,66,71,12120
T002200,E00941,Project Management,2026-06-18,4,Online,Completed,40,63,14843
T002201,E00943,Negotiation,2026-03-14,8,Blended,Completed,64,78,12466
T002202,E00944,Communication Skills,2025-02-17,12,Classroom,Completed,47,61,9575
T002203,E00944,Negotiation,2026-02-18,24,Classroom,Completed,40,46,6214
T002204,E00944,Communication Skills,2025-11-07,16,Classroom,Completed,64,89,5367
T002205,E00945,Cloud Fundamentals,2024-07-26,12,Blended,Completed,77,93,10302
T002206,E00945,Communication Skills,2024-04-08,8,Blended,Completed,74,80,14390
T002207,E00946,GenAI for Business,2026-05-26,12,Blended,Completed,72,92,6303
T002208,E00946,Negotiation,2026-06-29,6,Classroom,Completed,76,84,13892
T002209,E00946,GenAI for Business,2026-08-17,16,Classroom,Completed,61,68,9997
T002210,E00946,Cloud Fundamentals,2026-05-28,8,Online,Completed,49,59,6113
T002211,E00946,Data Privacy,2026-05-19,2,Blended,Completed,43,67,9158
T002212,E00947,Project Management,2026-05-22,8,Classroom,Incomplete,45,71,11244
T002213,E00947,GenAI for Business,2025-09-09,6,Online,Completed,59,65,5672
T002214,E00947,Power BI,2026-04-11,12,Classroom,Completed,48,64,2356
T002215,E00947,Communication Skills,2026-06-26,8,Classroom,Completed,62,69,4886
T002216,E00947,Leadership Essentials,2025-03-22,2,Blended,Completed,51,58,9672
T002217,E00948,Leadership Essentials,2025-06-21,2,Classroom,Completed,67,95,10287
T002218,E00948,Project Management,2024-04-07,4,Blended,Completed,50,66,11571
T002219,E00948,Negotiation,2026-04-17,6,Blended,Completed,75,99,2792
T002220,E00950,Leadership Essentials,2026-07-02,24,Blended,Completed,46,54,10092
T002221,E00950,Power BI,2024-10-22,12,Online,Completed,46,73,3345
T002222,E00950,Power BI,2026-07-26,24,Blended,Completed,67,84,14630
T002223,E00950,Data Privacy,2024-11-22,6,Blended,Completed,54,77,5971
T002224,E00951,Negotiation,2025-08-06,2,Classroom,Completed,71,94,6059
T002225,E00951,Advanced Excel,2025-10-31,16,Blended,Completed,67,76,7648
T002226,E00952,Communication Skills,2024-05-04,16,Blended,Completed,41,68,10276
T002227,E00952,Python Analytics,2024-07-11,24,Blended,Completed,47,58,10414
T002228,E00952,GenAI for Business,2024-06-22,6,Online,Completed,70,79,13789
T002229,E00952,Project Management,2025-06-29,12,Classroom,Completed,74,100,3261
T002230,E00952,Leadership Essentials,2024-02-23,6,Online,Completed,44,63,12047
T002231,E00953,Cloud Fundamentals,2024-12-01,24,Blended,Completed,70,81,14070
T002232,E00953,Project Management,2025-06-02,2,Blended,Completed,73,86,13400
T002233,E00955,Communication Skills,2024-04-24,6,Online,Completed,74,79,5358
T002234,E00955,Leadership Essentials,2026-07-29,24,Classroom,Completed,40,63,8331
T002235,E00956,Data Privacy,2026-03-08,4,Classroom,Completed,49,64,12773
T002236,E00956,Negotiation,2025-05-22,6,Online,Completed,48,60,12198
T002237,E00956,Advanced Excel,2024-07-15,4,Classroom,Completed,43,69,14953
T002238,E00957,Project Management,2026-07-27,8,Online,Completed,59,82,4206
T002239,E00958,Negotiation,2025-10-14,16,Classroom,Completed,44,70,7638
T002240,E00958,GenAI for Business,2026-05-08,12,Classroom,Completed,40,68,13168
T002241,E00958,GenAI for Business,2026-03-08,24,Blended,Completed,73,99,2806
T002242,E00958,Advanced Excel,2026-01-09,6,Online,Completed,52,71,7688
T002243,E00960,Advanced Excel,2026-01-19,4,Online,Completed,40,59,9502
T002244,E00960,Project Management,2026-03-17,2,Classroom,Completed,41,63,5667
T002245,E00960,Data Privacy,2024-03-27,8,Blended,Completed,69,77,11767
T002246,E00960,Python Analytics,2025-01-30,8,Online,Completed,43,48,14073
T002247,E00960,GenAI for Business,2026-04-26,12,Online,Completed,41,60,10434
T002248,E00961,Cloud Fundamentals,2026-05-16,16,Online,Completed,60,72,8890
T002249,E00961,Cloud Fundamentals,2026-06-20,2,Classroom,Completed,66,84,7593
T002250,E00961,Data Privacy,2026-07-10,2,Online,Incomplete,45,67,7521
T002251,E00962,Data Privacy,2024-11-10,8,Blended,Completed,43,65,14967
T002252,E00962,Advanced Excel,2024-05-28,8,Blended,Completed,58,69,4974
T002253,E00963,Project Management,2024-07-21,6,Classroom,Completed,57,65,11751
T002254,E00964,Leadership Essentials,2025-09-22,2,Online,Completed,59,75,13604
T002255,E00964,Leadership Essentials,2026-02-07,12,Classroom,Completed,57,83,9052
T002256,E00965,Project Management,2025-11-12,24,Blended,Completed,48,73,11155
T002257,E00965,Leadership Essentials,2025-04-29,8,Classroom,Incomplete,76,84,12665
T002258,E00966,Cloud Fundamentals,2025-02-28,2,Online,Completed,50,68,3595
T002259,E00967,Power BI,2025-10-10,12,Online,Completed,46,56,4888
T002260,E00968,Leadership Essentials,2025-12-09,6,Blended,Completed,62,88,3483
T002261,E00969,GenAI for Business,2024-04-10,6,Blended,Completed,59,68,4005
T002262,E00970,Leadership Essentials,2024-03-31,24,Blended,Completed,65,82,7434
T002263,E00970,Leadership Essentials,2024-01-12,2,Classroom,Completed,67,74,4723
T002264,E00971,GenAI for Business,2025-04-06,8,Classroom,Completed,41,61,6325
T002265,E00971,Python Analytics,2026-05-13,16,Blended,Completed,73,97,3699
T002266,E00971,Power BI,2026-03-08,24,Online,Completed,63,74,14344
T002267,E00971,GenAI for Business,2026-03-23,6,Online,Completed,49,73,14469
T002268,E00971,GenAI for Business,2026-08-21,4,Online,Completed,52,65,10441
T002269,E00972,Leadership Essentials,2026-08-14,8,Classroom,Incomplete,45,61,12925
T002270,E00972,Python Analytics,2025-10-18,6,Online,Completed,47,65,9031
T002271,E00972,Communication Skills,2025-06-15,24,Blended,Completed,60,86,7362
T002272,E00972,Project Management,2024-03-28,6,Blended,Completed,58,72,14879
T002273,E00972,Data Privacy,2026-06-11,24,Classroom,Completed,40,45,12447
T002274,E00973,Cloud Fundamentals,2024-12-19,4,Classroom,Completed,46,60,2515
T002275,E00973,Negotiation,2024-01-25,6,Blended,Completed,42,57,8209
T002276,E00973,Project Management,2025-08-28,16,Blended,Completed,78,84,3786
T002277,E00973,Power BI,2024-11-14,8,Online,Completed,70,82,4880
T002278,E00973,Cloud Fundamentals,2025-02-08,12,Online,Completed,74,97,4254
T002279,E00975,Data Privacy,2025-04-11,2,Blended,Completed,73,98,8121
T002280,E00975,Advanced Excel,2025-11-14,6,Blended,Completed,52,61,7515
T002281,E00975,Python Analytics,2025-03-01,16,Online,Completed,47,72,9021
T002282,E00976,GenAI for Business,2024-10-19,8,Blended,Incomplete,51,62,6774
T002283,E00976,Power BI,2026-08-18,12,Online,Completed,53,65,3741
T002284,E00976,Python Analytics,2025-04-18,12,Blended,Completed,69,93,8309
T002285,E00976,Power BI,2025-09-26,8,Online,Completed,40,60,12389
T002286,E00976,Cloud Fundamentals,2024-03-25,12,Online,Completed,52,65,8233
T002287,E00977,Communication Skills,2024-04-10,16,Online,Completed,45,72,9519
T002288,E00977,Python Analytics,2025-12-01,8,Blended,Completed,67,76,12821
T002289,E00977,Python Analytics,2025-09-08,8,Blended,Completed,59,66,14393
T002290,E00977,Communication Skills,2025-04-27,16,Online,Completed,47,74,8707
T002291,E00977,Python Analytics,2026-05-15,4,Classroom,Completed,69,91,4442
T002292,E00979,Advanced Excel,2025-03-23,12,Classroom,Completed,56,81,6691
T002293,E00980,Leadership Essentials,2026-08-25,12,Online,Incomplete,41,47,14818
T002294,E00980,Data Privacy,2026-08-25,6,Blended,Completed,73,99,9356
T002295,E00980,Python Analytics,2026-08-31,12,Online,Completed,45,53,2141
T002296,E00980,Advanced Excel,2026-08-25,8,Classroom,Incomplete,47,57,14543
T002297,E00980,Advanced Excel,2026-08-28,8,Online,Incomplete,64,75,5833
T002298,E00981,Negotiation,2024-04-23,6,Classroom,Completed,78,99,5396
T002299,E00982,Power BI,2025-06-06,16,Online,Completed,61,79,4429
T002300,E00982,Cloud Fundamentals,2025-11-07,12,Online,Completed,41,49,10873
T002301,E00984,GenAI for Business,2025-11-10,16,Classroom,Completed,65,80,14268
T002302,E00984,Negotiation,2026-02-04,16,Blended,Completed,45,58,6389
T002303,E00984,Data Privacy,2024-09-11,2,Online,Incomplete,45,69,14348
T002304,E00984,Python Analytics,2024-01-29,2,Classroom,Completed,53,70,5629
T002305,E00984,Project Management,2026-05-11,12,Classroom,Completed,68,92,5941
T002306,E00985,Data Privacy,2026-06-20,6,Online,Completed,56,81,10434
T002307,E00986,Advanced Excel,2025-11-20,24,Online,Completed,49,68,9386
T002308,E00986,GenAI for Business,2026-05-28,6,Online,Completed,42,49,10829
T002309,E00988,Communication Skills,2024-07-19,16,Online,Completed,57,82,5237
T002310,E00988,Communication Skills,2024-03-08,2,Classroom,Completed,70,86,6541
T002311,E00988,Data Privacy,2024-12-03,16,Blended,Completed,52,73,4926
T002312,E00989,Negotiation,2025-07-20,12,Classroom,Completed,78,96,2731
T002313,E00990,Data Privacy,2025-08-05,2,Blended,Completed,75,84,8182
T002314,E00992,Leadership Essentials,2025-03-19,6,Classroom,Completed,65,85,2641
T002315,E00992,Data Privacy,2026-04-16,8,Blended,Completed,67,92,11126
T002316,E00992,Communication Skills,2025-08-08,2,Classroom,Completed,55,82,13551
T002317,E00992,Advanced Excel,2024-05-10,24,Online,Completed,69,75,10575
T002318,E00993,Leadership Essentials,2024-03-12,4,Blended,Completed,53,61,11916
T002319,E00993,Python Analytics,2025-02-03,2,Blended,Completed,59,67,14362
T002320,E00996,Communication Skills,2025-08-14,12,Online,Completed,63,88,9593
T002321,E00996,Advanced Excel,2026-06-12,16,Blended,Completed,65,72,10110
T002322,E00996,Advanced Excel,2024-09-04,2,Blended,Completed,65,78,13696
T002323,E00996,Data Privacy,2025-02-18,2,Classroom,Completed,69,80,13439
T002324,E00996,Project Management,2025-06-11,6,Blended,Completed,51,63,2745
T002325,E00997,Data Privacy,2024-04-29,12,Online,Completed,61,69,4656
T002326,E00997,Python Analytics,2025-10-23,8,Classroom,Completed,67,90,11152
T002327,E00997,Negotiation,2024-04-21,6,Blended,Completed,76,84,4033
T002328,E00997,Data Privacy,2024-09-05,12,Blended,Completed,53,76,5000
T002329,E00998,Advanced Excel,2025-12-13,4,Online,Completed,49,59,4653
T002330,E00998,Python Analytics,2025-10-26,8,Classroom,Completed,78,88,2114
T002331,E00998,Project Management,2025-03-15,8,Online,Completed,66,83,6342
T002332,E00998,Data Privacy,2025-05-10,4,Classroom,Completed,64,73,3105
T002333,E00998,Communication Skills,2024-03-20,24,Online,Completed,50,77,14918
T002334,E00999,Cloud Fundamentals,2025-11-02,4,Classroom,Completed,67,74,6274
T002335,E01000,Project Management,2026-08-28,12,Classroom,Completed,40,58,2715
T002336,E01000,GenAI for Business,2026-08-01,6,Online,Completed,78,100,8806
T002337,E01000,Project Management,2026-07-15,2,Blended,Completed,45,73,6904
T002338,E01001,GenAI for Business,2025-09-01,2,Online,Completed,56,62,4590
T002339,E01001,Project Management,2026-08-04,8,Blended,Completed,50,65,3664
T002340,E01001,Power BI,2026-05-01,6,Online,Completed,49,70,3105
T002341,E01002,Project Management,2024-05-14,24,Online,Completed,72,89,13963
T002342,E01002,Data Privacy,2025-04-14,8,Classroom,Completed,60,85,5850
T002343,E01002,Advanced Excel,2024-06-17,2,Blended,Incomplete,74,94,7625
T002344,E01002,Power BI,2024-07-27,24,Blended,Completed,58,78,11630
T002345,E01002,Data Privacy,2024-04-03,12,Blended,Completed,47,58,5309
T002346,E01003,Data Privacy,2024-04-10,8,Classroom,Completed,48,75,10054
T002347,E01003,Leadership Essentials,2024-12-25,8,Classroom,Completed,65,87,14244
T002348,E01004,GenAI for Business,2024-10-01,24,Online,Completed,52,59,13607
T002349,E01004,Negotiation,2024-08-22,16,Classroom,Completed,47,58,8463
T002350,E01004,Negotiation,2026-08-24,24,Classroom,Completed,60,77,10227
T002351,E01005,Project Management,2026-08-01,16,Blended,Completed,56,82,5108
T002352,E01006,Communication Skills,2026-03-04,8,Online,Completed,55,66,10181
T002353,E01006,Leadership Essentials,2026-01-06,4,Online,Completed,45,66,7063
T002354,E01006,Negotiation,2025-10-06,6,Classroom,Completed,69,84,7200
T002355,E01006,Project Management,2026-01-12,12,Blended,Completed,55,69,4047
T002356,E01006,Project Management,2026-03-23,12,Classroom,Completed,76,89,8182
T002357,E01007,Power BI,2026-04-28,2,Blended,Completed,62,90,3592
T002358,E01007,Python Analytics,2024-02-23,2,Blended,Completed,57,82,11682
T002359,E01007,Advanced Excel,2024-06-11,2,Classroom,Completed,67,85,13123
T002360,E01007,Python Analytics,2024-04-30,4,Classroom,Completed,43,51,7241
T002361,E01007,Python Analytics,2026-04-08,16,Classroom,Completed,42,60,6200
T002362,E01008,Python Analytics,2025-12-22,16,Classroom,Completed,65,90,10579
T002363,E01009,Negotiation,2025-03-24,4,Blended,Completed,49,59,5404
T002364,E01009,Data Privacy,2026-01-12,6,Blended,Incomplete,66,76,3095
T002365,E01009,Cloud Fundamentals,2026-07-21,4,Blended,Completed,56,81,12087
T002366,E01010,Data Privacy,2025-12-26,12,Classroom,Completed,43,66,9384
T002367,E01011,Cloud Fundamentals,2026-02-16,12,Blended,Incomplete,45,69,10463
T002368,E01011,Negotiation,2026-06-19,8,Blended,Completed,50,62,11748
T002369,E01011,Advanced Excel,2026-06-16,24,Classroom,Completed,51,56,13287
T002370,E01011,Advanced Excel,2026-04-05,16,Online,Completed,42,60,12618
T002371,E01011,Project Management,2026-08-10,12,Classroom,Completed,68,83,7645
T002372,E01012,Advanced Excel,2024-05-28,16,Classroom,Completed,47,67,2306
T002373,E01012,Data Privacy,2026-08-29,16,Blended,Completed,47,65,10052
T002374,E01012,Data Privacy,2025-04-09,8,Online,Completed,64,80,10052
T002375,E01012,Negotiation,2024-03-30,12,Blended,Completed,50,78,13358
T002376,E01015,Negotiation,2026-08-27,2,Classroom,Incomplete,64,72,2488
T002377,E01015,Leadership Essentials,2026-08-27,8,Blended,Completed,51,59,14872
T002378,E01015,Data Privacy,2026-08-25,6,Blended,Completed,73,97,4664
T002379,E01016,Negotiation,2024-10-17,24,Online,Completed,55,70,11292
T002380,E01016,Cloud Fundamentals,2024-09-15,16,Online,Completed,63,81,11097
T002381,E01017,Data Privacy,2026-03-07,24,Classroom,Completed,59,79,4829
T002382,E01017,Cloud Fundamentals,2026-08-28,2,Blended,Completed,75,85,10539
T002383,E01017,Advanced Excel,2026-04-30,2,Blended,Completed,47,68,5107
T002384,E01017,Communication Skills,2026-08-26,12,Classroom,Completed,67,94,10164
T002385,E01019,Communication Skills,2024-05-30,4,Online,Completed,68,94,9718
T002386,E01019,Python Analytics,2024-09-16,2,Blended,Completed,47,71,5941
T002387,E01019,Python Analytics,2025-09-11,12,Classroom,Completed,47,62,9587
T002388,E01019,Negotiation,2025-06-02,4,Online,Completed,66,90,4291
T002389,E01020,GenAI for Business,2025-04-29,6,Blended,Completed,49,56,3018
T002390,E01020,Cloud Fundamentals,2024-02-27,2,Online,Completed,50,67,8950
T002391,E01021,Data Privacy,2024-12-04,6,Online,Completed,75,98,14176
T002392,E01021,GenAI for Business,2025-10-09,6,Classroom,Completed,69,80,2278
T002393,E01021,Data Privacy,2024-01-19,16,Blended,Completed,58,63,14880
T002394,E01021,Leadership Essentials,2026-01-20,2,Online,Completed,69,84,5520
T002395,E01022,Leadership Essentials,2025-09-10,8,Blended,Completed,56,79,4125
T002396,E01022,Leadership Essentials,2026-02-03,8,Classroom,Incomplete,51,66,1752
T002397,E01022,Negotiation,2024-11-02,8,Online,Completed,41,62,3722
T002398,E01022,Project Management,2024-03-05,16,Classroom,Completed,68,79,2212
T002399,E01022,Leadership Essentials,2025-07-02,16,Blended,Incomplete,53,65,9776
T002400,E01023,Negotiation,2024-05-28,12,Classroom,Completed,60,72,2833
T002401,E01024,Negotiation,2026-08-17,8,Online,Completed,44,51,6372
T002402,E01024,Python Analytics,2026-08-28,24,Classroom,Completed,72,80,7710
T002403,E01024,Python Analytics,2026-08-28,24,Online,Completed,42,48,11758
T002404,E01024,Negotiation,2026-08-23,24,Blended,Completed,46,53,5620
T002405,E01025,Communication Skills,2025-11-11,12,Online,Completed,53,74,5118
T002406,E01025,Communication Skills,2024-07-08,8,Online,Completed,77,94,13748
T002407,E01025,GenAI for Business,2024-11-18,16,Blended,Completed,65,74,10567
T002408,E01025,Negotiation,2026-07-20,16,Classroom,Completed,61,86,6717
T002409,E01027,Power BI,2024-04-22,8,Classroom,Completed,72,100,13255
T002410,E01027,Cloud Fundamentals,2026-05-18,16,Blended,Completed,43,65,10339
T002411,E01027,Advanced Excel,2024-03-05,8,Online,Completed,63,69,7886
T002412,E01027,Power BI,2026-02-08,4,Classroom,Completed,58,85,12981
T002413,E01027,Advanced Excel,2026-04-10,4,Classroom,Completed,57,62,10035
T002414,E01029,Communication Skills,2026-01-06,16,Online,Completed,43,54,1960
T002415,E01030,Data Privacy,2025-06-15,24,Blended,Completed,75,90,6662
T002416,E01030,Communication Skills,2026-04-15,12,Blended,Completed,43,57,10961
T002417,E01032,Cloud Fundamentals,2025-04-23,12,Blended,Completed,58,65,10757
T002418,E01032,Cloud Fundamentals,2024-10-13,4,Online,Completed,71,77,6242
T002419,E01032,Advanced Excel,2025-06-14,2,Blended,Completed,74,87,5290
T002420,E01032,Leadership Essentials,2024-08-09,2,Classroom,Completed,76,81,3993
T002421,E01033,Negotiation,2024-08-12,4,Online,Completed,64,77,13054
T002422,E01033,Advanced Excel,2026-01-06,16,Classroom,Completed,60,84,6166
T002423,E01033,GenAI for Business,2026-07-13,4,Blended,Completed,70,76,14638
T002424,E01034,Leadership Essentials,2025-03-27,6,Online,Completed,50,68,14163
T002425,E01034,Communication Skills,2024-06-11,12,Blended,Completed,43,55,8347
T002426,E01034,Negotiation,2025-09-12,6,Online,Completed,75,95,10237
T002427,E01034,Leadership Essentials,2025-01-01,12,Online,Completed,69,80,12731
T002428,E01035,Leadership Essentials,2026-08-09,2,Classroom,Completed,51,62,7259
T002429,E01035,Python Analytics,2026-06-29,16,Classroom,Completed,52,62,9778
T002430,E01036,Python Analytics,2026-01-10,12,Blended,Completed,72,87,9728
T002431,E01037,Advanced Excel,2024-08-17,2,Online,Completed,76,84,5422
T002432,E01037,Cloud Fundamentals,2025-07-08,6,Online,Completed,52,67,6997
T002433,E01038,Leadership Essentials,2025-01-05,4,Blended,Completed,71,79,2121
T002434,E01038,Python Analytics,2025-12-09,16,Blended,Completed,71,87,3514
T002435,E01038,Negotiation,2025-02-15,12,Classroom,Completed,54,72,7206
T002436,E01039,Power BI,2025-11-19,16,Classroom,Completed,60,66,11546
T002437,E01039,Data Privacy,2026-05-26,4,Online,Completed,76,87,6541
T002438,E01039,Data Privacy,2025-07-02,12,Blended,Completed,62,88,10113
T002439,E01040,Data Privacy,2026-08-30,24,Online,Completed,44,67,7565
T002440,E01041,Project Management,2025-04-23,4,Classroom,Completed,56,66,4487
T002441,E01041,Power BI,2025-05-26,16,Classroom,Completed,72,81,12526
T002442,E01041,GenAI for Business,2026-07-03,6,Classroom,Incomplete,56,77,11687
T002443,E01041,Python Analytics,2024-02-27,12,Online,Completed,50,70,14705
T002444,E01042,Power BI,2025-05-01,16,Blended,Completed,45,67,11572
T002445,E01042,Data Privacy,2024-07-31,16,Blended,Completed,45,50,4030
T002446,E01042,Data Privacy,2025-10-05,4,Classroom,Completed,68,91,13704
T002447,E01042,Power BI,2025-11-20,4,Online,Completed,41,49,2973
T002448,E01042,Project Management,2025-09-03,12,Classroom,Completed,57,73,13595
T002449,E01043,Power BI,2026-08-12,12,Classroom,Completed,47,66,13958
T002450,E01043,GenAI for Business,2026-06-10,4,Blended,Completed,49,77,5807
T002451,E01043,Advanced Excel,2026-05-28,8,Classroom,Completed,41,66,8827
T002452,E01043,Cloud Fundamentals,2026-07-07,24,Blended,Completed,47,56,7528
T002453,E01043,Data Privacy,2026-06-12,6,Classroom,Incomplete,58,69,5186
T002454,E01044,Advanced Excel,2026-08-31,2,Classroom,Completed,64,82,2143
T002455,E01044,Advanced Excel,2026-08-31,12,Blended,Completed,60,73,7602
T002456,E01044,Cloud Fundamentals,2026-08-31,4,Blended,Completed,50,70,1790
T002457,E01044,Cloud Fundamentals,2026-08-31,24,Blended,Completed,73,96,4996
T002458,E01045,Cloud Fundamentals,2026-02-16,12,Online,Completed,48,75,10868
T002459,E01045,Communication Skills,2026-02-04,16,Classroom,Completed,51,64,14276
T002460,E01045,Cloud Fundamentals,2024-09-10,8,Online,Completed,66,85,9787
T002461,E01045,Negotiation,2026-01-13,8,Online,Completed,72,77,4748
T002462,E01047,Communication Skills,2025-08-19,24,Blended,Completed,54,77,3055
T002463,E01047,Leadership Essentials,2024-11-02,16,Blended,Completed,56,74,10967
T002464,E01047,Python Analytics,2025-10-28,16,Blended,Completed,52,69,10823
T002465,E01048,Data Privacy,2025-09-28,2,Classroom,Completed,58,75,10182
T002466,E01048,Leadership Essentials,2026-07-28,6,Classroom,Completed,64,73,10157
T002467,E01048,Project Management,2026-04-07,4,Blended,Completed,60,83,4484
T002468,E01048,GenAI for Business,2026-01-08,4,Online,Completed,67,91,12548
T002469,E01048,Negotiation,2026-04-06,16,Blended,Incomplete,71,84,10121
T002470,E01050,Negotiation,2024-11-17,6,Online,Completed,68,82,10828
T002471,E01050,Leadership Essentials,2024-10-05,2,Classroom,Completed,62,85,12677
T002472,E01051,GenAI for Business,2024-10-06,16,Classroom,Completed,78,91,12677
T002473,E01051,GenAI for Business,2026-07-05,8,Classroom,Incomplete,40,48,2056
T002474,E01052,Data Privacy,2024-09-28,24,Blended,Completed,67,95,5517
T002475,E01052,Advanced Excel,2024-06-13,2,Classroom,Completed,48,60,1918
T002476,E01055,Negotiation,2025-01-02,6,Classroom,Completed,68,76,12093
T002477,E01055,Python Analytics,2025-07-10,8,Classroom,Completed,58,70,14655
T002478,E01057,Advanced Excel,2026-04-17,8,Blended,Completed,76,89,4135
T002479,E01057,Leadership Essentials,2025-10-31,24,Blended,Completed,78,100,9838
T002480,E01057,Power BI,2026-08-11,24,Online,Completed,43,62,3489
T002481,E01057,Negotiation,2026-07-05,12,Classroom,Completed,65,89,2229
T002482,E01057,Data Privacy,2026-02-28,2,Classroom,Completed,76,89,6999
T002483,E01060,Communication Skills,2025-08-05,4,Blended,Completed,57,71,13823
T002484,E01061,Negotiation,2026-06-21,24,Blended,Completed,53,79,2950
T002485,E01061,Leadership Essentials,2024-05-11,2,Classroom,Completed,47,70,7576
T002486,E01062,Python Analytics,2025-04-30,4,Online,Completed,78,89,9905
T002487,E01063,Advanced Excel,2025-11-15,16,Classroom,Completed,43,61,12256
T002488,E01063,Data Privacy,2026-07-25,24,Online,Completed,54,76,13790
T002489,E01063,Power BI,2026-07-09,24,Classroom,Completed,68,87,3163
T002490,E01064,Project Management,2024-06-29,2,Classroom,Completed,77,93,6422
T002491,E01064,Power BI,2026-07-20,12,Classroom,Completed,54,60,6670
T002492,E01068,Data Privacy,2024-01-29,4,Classroom,Completed,43,57,4439
T002493,E01070,Leadership Essentials,2026-07-01,12,Online,Completed,66,83,8810
T002494,E01070,Communication Skills,2025-09-30,12,Blended,Completed,45,66,2972
T002495,E01070,Negotiation,2026-06-19,2,Online,Completed,67,76,7144
T002496,E01070,Cloud Fundamentals,2024-09-30,2,Online,Completed,48,60,6307
T002497,E01071,Negotiation,2026-05-09,4,Classroom,Completed,55,68,6222
T002498,E01071,Power BI,2026-08-28,4,Online,Completed,51,59,10022
T002499,E01072,Power BI,2025-10-06,12,Blended,Completed,52,61,9477
T002500,E01072,Project Management,2026-06-02,12,Online,Completed,49,64,10544
T002501,E01073,Data Privacy,2025-10-28,16,Online,Completed,59,76,5552
T002502,E01073,Negotiation,2025-10-06,6,Blended,Completed,48,55,11952
T002503,E01075,Advanced Excel,2026-03-31,8,Online,Completed,66,87,6185
T002504,E01075,Power BI,2024-09-20,24,Online,Incomplete,66,91,11764
T002505,E01075,Negotiation,2024-12-19,12,Online,Completed,41,67,3584
T002506,E01075,Cloud Fundamentals,2025-11-01,2,Classroom,Completed,54,70,14546
T002507,E01075,Data Privacy,2026-01-10,6,Online,Completed,41,66,8729
T002508,E01076,Python Analytics,2024-06-12,2,Classroom,Completed,41,65,4680
T002509,E01076,Advanced Excel,2024-06-12,24,Online,Incomplete,43,59,2686
T002510,E01076,Python Analytics,2025-11-22,8,Blended,Completed,58,77,14531
T002511,E01078,Leadership Essentials,2025-07-14,4,Blended,Completed,63,77,6644
T002512,E01079,Data Privacy,2026-03-21,4,Blended,Completed,76,86,6026
T002513,E01079,Communication Skills,2025-01-19,12,Online,Completed,40,48,6667
T002514,E01080,Negotiation,2025-01-19,8,Blended,Completed,52,69,3273
T002515,E01080,Data Privacy,2024-01-14,8,Online,Completed,77,87,9150
T002516,E01080,Communication Skills,2025-04-04,4,Online,Incomplete,50,59,13468
T002517,E01080,Power BI,2025-08-18,6,Online,Completed,57,62,2989
T002518,E01082,Project Management,2025-03-03,24,Classroom,Completed,49,57,4969
T002519,E01082,Power BI,2025-05-01,6,Online,Completed,78,93,14368
T002520,E01082,Advanced Excel,2025-06-26,12,Classroom,Completed,69,80,13489
T002521,E01082,Cloud Fundamentals,2026-04-28,6,Online,Completed,42,55,13843
T002522,E01082,Leadership Essentials,2026-02-08,2,Blended,Completed,50,62,7791
T002523,E01083,Advanced Excel,2024-01-27,8,Online,Completed,55,79,9509
T002524,E01083,Cloud Fundamentals,2025-04-03,4,Blended,Completed,77,92,5245
T002525,E01086,Project Management,2024-08-01,4,Blended,Completed,60,84,14869
T002526,E01086,Communication Skills,2025-07-13,24,Blended,Completed,71,78,7058
T002527,E01086,Communication Skills,2026-07-03,16,Blended,Incomplete,67,84,14396
T002528,E01086,Power BI,2025-01-16,6,Online,Completed,62,85,4230
T002529,E01088,Python Analytics,2026-07-11,24,Blended,Completed,71,96,10891
T002530,E01088,Leadership Essentials,2026-03-07,24,Online,Completed,55,77,12535
T002531,E01090,Leadership Essentials,2026-02-23,2,Online,Completed,67,79,12179
T002532,E01091,Advanced Excel,2025-02-05,12,Online,Completed,52,59,13661
T002533,E01091,Power BI,2025-01-21,2,Blended,Completed,70,96,6854
T002534,E01091,Negotiation,2024-08-30,24,Blended,Incomplete,70,80,8367
T002535,E01092,Advanced Excel,2026-03-01,6,Blended,Completed,49,65,2896
T002536,E01092,Cloud Fundamentals,2025-02-01,6,Classroom,Completed,53,76,7111
T002537,E01092,Project Management,2024-12-16,6,Classroom,Completed,49,61,6738
T002538,E01093,Project Management,2025-10-20,8,Blended,Completed,50,75,7283
T002539,E01093,Negotiation,2026-05-12,12,Blended,Completed,73,94,9793
T002540,E01093,Project Management,2025-08-23,16,Blended,Completed,60,67,1589
T002541,E01093,Power BI,2026-03-15,6,Online,Completed,54,64,10754
T002542,E01093,Cloud Fundamentals,2025-10-02,2,Classroom,Completed,77,92,13887
T002543,E01094,Python Analytics,2026-03-31,16,Blended,Completed,70,75,9843
T002544,E01094,Advanced Excel,2024-05-11,24,Classroom,Completed,49,58,7937
T002545,E01094,Communication Skills,2025-04-08,12,Classroom,Completed,53,65,12208
T002546,E01096,Data Privacy,2024-05-18,12,Online,Completed,64,84,14190
T002547,E01096,Data Privacy,2024-02-08,6,Blended,Completed,58,76,5980
T002548,E01096,Power BI,2024-04-06,8,Online,Completed,45,62,9904
T002549,E01097,Advanced Excel,2024-08-02,6,Blended,Completed,61,75,6921
T002550,E01097,Leadership Essentials,2024-05-06,16,Online,Completed,66,91,4907
T002551,E01098,Power BI,2025-10-20,24,Online,Completed,40,50,6671
T002552,E01098,Data Privacy,2024-01-28,6,Online,Completed,45,62,9810
T002553,E01098,Communication Skills,2025-06-29,8,Blended,Completed,40,51,7972
T002554,E01098,Project Management,2024-08-03,24,Blended,Completed,49,55,7141
T002555,E01098,Communication Skills,2024-03-09,4,Online,Completed,43,54,5600
T002556,E01101,GenAI for Business,2026-03-04,8,Blended,Completed,72,87,5731
T002557,E01101,GenAI for Business,2026-02-14,6,Online,Completed,62,80,8225
T002558,E01101,Communication Skills,2025-06-11,16,Online,Completed,61,72,9766
T002559,E01101,Leadership Essentials,2026-04-25,4,Online,Completed,76,89,7261
T002560,E01101,Power BI,2025-12-19,24,Online,Completed,49,71,13943
T002561,E01102,Python Analytics,2024-12-14,4,Classroom,Completed,67,73,5079
T002562,E01102,Communication Skills,2025-04-26,4,Online,Completed,41,52,12918
T002563,E01102,Negotiation,2026-02-17,24,Blended,Completed,46,70,6184
T002564,E01102,Advanced Excel,2026-05-09,24,Blended,Completed,70,87,10178
T002565,E01103,Communication Skills,2024-01-19,8,Blended,Completed,49,66,12535
T002566,E01103,Python Analytics,2024-01-10,8,Online,Completed,50,59,13610
T002567,E01103,Python Analytics,2024-01-13,8,Online,Completed,45,58,4188
T002568,E01105,Advanced Excel,2025-08-12,6,Blended,Completed,65,77,11123
T002569,E01106,GenAI for Business,2026-08-11,8,Classroom,Completed,60,68,14589
T002570,E01106,Cloud Fundamentals,2026-05-14,4,Online,Completed,54,74,11561
T002571,E01106,Power BI,2026-06-29,2,Blended,Completed,67,79,5129
T002572,E01106,Advanced Excel,2025-06-26,16,Online,Completed,53,60,12133
T002573,E01106,Negotiation,2024-09-17,2,Classroom,Completed,44,65,6329
T002574,E01107,Data Privacy,2024-10-11,6,Classroom,Completed,70,84,11019
T002575,E01108,Data Privacy,2026-03-29,6,Classroom,Completed,44,62,12981
T002576,E01108,Communication Skills,2025-03-27,4,Classroom,Completed,72,84,13591
T002577,E01109,Communication Skills,2024-10-24,16,Blended,Completed,55,66,11793
T002578,E01110,Communication Skills,2024-04-10,16,Blended,Completed,64,89,7078
T002579,E01111,Power BI,2025-12-25,8,Blended,Incomplete,54,63,2517
T002580,E01112,GenAI for Business,2025-02-05,6,Blended,Completed,76,97,5514
T002581,E01112,Project Management,2026-02-08,24,Classroom,Completed,55,69,7099
T002582,E01112,Cloud Fundamentals,2025-12-05,24,Online,Completed,76,91,8376
T002583,E01112,Communication Skills,2026-07-02,4,Online,Completed,64,89,2884
T002584,E01113,Power BI,2025-09-21,2,Classroom,Completed,78,84,2082
T002585,E01113,Data Privacy,2024-10-20,6,Online,Completed,64,85,13705
T002586,E01113,Project Management,2025-11-14,2,Online,Completed,51,69,2032
T002587,E01113,Power BI,2025-03-07,6,Online,Completed,78,100,6595
T002588,E01113,Advanced Excel,2025-11-16,2,Classroom,Completed,43,61,5766
T002589,E01114,Communication Skills,2024-10-04,12,Classroom,Completed,58,68,8800
T002590,E01114,Leadership Essentials,2026-03-27,4,Online,Completed,48,69,5486
T002591,E01114,Leadership Essentials,2025-10-07,2,Blended,Completed,50,73,14965
T002592,E01115,Negotiation,2026-03-13,6,Blended,Completed,46,51,7375
T002593,E01115,Project Management,2025-05-07,24,Blended,Completed,45,53,6972
T002594,E01115,Leadership Essentials,2024-01-05,4,Blended,Completed,56,64,8041
T002595,E01115,Cloud Fundamentals,2024-11-15,16,Blended,Completed,78,100,9650
T002596,E01117,Negotiation,2026-02-16,2,Blended,Completed,68,81,6098
T002597,E01117,Python Analytics,2026-02-11,16,Blended,Completed,75,94,9253
T002598,E01119,Communication Skills,2026-04-23,8,Classroom,Completed,62,90,13997
T002599,E01119,Data Privacy,2025-03-18,4,Online,Completed,55,77,1512
T002600,E01119,Cloud Fundamentals,2025-09-08,16,Blended,Completed,63,88,11534
T002601,E01120,Communication Skills,2025-07-29,2,Blended,Incomplete,47,56,13462
T002602,E01120,Project Management,2025-05-19,12,Blended,Completed,66,82,12497
T002603,E01120,Cloud Fundamentals,2024-10-18,4,Classroom,Completed,70,76,8202
T002604,E01120,Advanced Excel,2025-12-08,6,Classroom,Completed,69,82,11018
T002605,E01120,Advanced Excel,2024-07-27,4,Online,Completed,46,51,2196
T002606,E01121,Advanced Excel,2024-04-10,24,Online,Completed,44,65,5550
T002607,E01123,Communication Skills,2025-05-16,2,Classroom,Completed,78,96,9268
T002608,E01123,Negotiation,2024-05-14,12,Classroom,Completed,45,73,7309
T002609,E01123,Power BI,2024-01-30,4,Blended,Completed,74,85,6232
T002610,E01124,Project Management,2025-07-03,6,Blended,Completed,63,84,7611
T002611,E01126,Power BI,2024-01-07,16,Blended,Completed,61,67,1888
T002612,E01126,Python Analytics,2024-01-24,12,Classroom,Completed,60,79,8782
T002613,E01126,GenAI for Business,2024-01-12,2,Blended,Completed,69,81,7073
T002614,E01126,Cloud Fundamentals,2024-01-17,24,Classroom,Completed,67,83,12584
T002615,E01126,Negotiation,2024-01-04,8,Blended,Completed,57,69,5147
T002616,E01127,Project Management,2025-01-14,4,Online,Completed,44,58,6535
T002617,E01127,Communication Skills,2026-01-22,12,Online,Completed,55,75,12861
T002618,E01127,Cloud Fundamentals,2024-07-19,8,Blended,Incomplete,40,62,6813
T002619,E01127,Power BI,2025-11-14,12,Blended,Completed,70,88,11724
T002620,E01128,Negotiation,2024-05-12,12,Blended,Completed,78,100,13922
T002621,E01128,Communication Skills,2026-02-11,12,Blended,Completed,55,66,11842
T002622,E01130,Negotiation,2026-02-13,8,Classroom,Completed,40,66,2230
T002623,E01133,Data Privacy,2025-02-28,24,Classroom,Completed,52,66,11906
T002624,E01133,GenAI for Business,2025-09-28,6,Online,Completed,71,96,13743
T002625,E01133,Cloud Fundamentals,2024-12-26,2,Online,Completed,59,64,12506
T002626,E01133,Advanced Excel,2024-06-14,24,Classroom,Completed,66,81,5862
T002627,E01134,Power BI,2025-07-19,12,Blended,Completed,62,70,12363
T002628,E01134,Project Management,2026-03-28,16,Classroom,Incomplete,71,83,12602
T002629,E01134,Cloud Fundamentals,2025-08-30,4,Classroom,Completed,45,51,9665
T002630,E01134,Power BI,2024-11-28,12,Blended,Completed,75,95,7515
T002631,E01134,Data Privacy,2024-04-03,16,Online,Completed,78,98,4328
T002632,E01135,Advanced Excel,2024-12-23,8,Online,Completed,40,65,13061
T002633,E01135,Power BI,2024-04-18,24,Classroom,Completed,61,80,9256
T002634,E01135,GenAI for Business,2025-01-11,6,Classroom,Completed,48,71,9331
T002635,E01137,Python Analytics,2025-03-21,8,Online,Incomplete,45,53,14605
T002636,E01137,Python Analytics,2024-05-05,2,Blended,Completed,41,50,8234
T002637,E01137,Negotiation,2024-06-24,16,Classroom,Completed,59,65,1882
T002638,E01137,Power BI,2024-03-17,4,Online,Completed,65,71,6257
T002639,E01139,Leadership Essentials,2025-12-12,24,Classroom,Completed,64,82,4707
T002640,E01139,Python Analytics,2025-07-08,12,Classroom,Completed,67,95,11100
T002641,E01142,GenAI for Business,2024-08-07,6,Classroom,Completed,49,71,14166
T002642,E01142,Cloud Fundamentals,2024-10-23,12,Blended,Completed,64,83,11626
T002643,E01142,Advanced Excel,2025-12-28,6,Classroom,Completed,41,64,6456
T002644,E01144,GenAI for Business,2026-08-21,24,Classroom,Completed,66,79,3718
T002645,E01147,Negotiation,2025-11-02,6,Online,Incomplete,55,63,2903
T002646,E01147,Negotiation,2026-07-04,6,Blended,Completed,46,72,9827
T002647,E01147,Advanced Excel,2025-11-10,12,Blended,Incomplete,56,75,4184
T002648,E01147,Cloud Fundamentals,2026-02-25,16,Online,Incomplete,52,59,2532
T002649,E01147,Power BI,2025-09-04,2,Online,Completed,59,80,14659
T002650,E01148,Communication Skills,2025-04-20,16,Classroom,Completed,77,94,4160
T002651,E01149,Python Analytics,2025-03-16,8,Blended,Completed,46,62,14813
T002652,E01149,GenAI for Business,2025-03-25,2,Blended,Completed,59,65,10464
T002653,E01149,Python Analytics,2024-08-20,4,Online,Completed,64,72,2918
T002654,E01149,Data Privacy,2026-05-02,6,Online,Completed,50,77,13681
T002655,E01149,Power BI,2025-09-03,4,Online,Completed,51,69,2551
T002656,E01150,Leadership Essentials,2025-10-06,16,Blended,Completed,40,46,13574
T002657,E01151,Power BI,2026-08-30,4,Classroom,Completed,66,88,3999
T002658,E01151,Negotiation,2024-02-18,6,Blended,Completed,43,58,4313
T002659,E01151,Negotiation,2026-05-28,6,Online,Completed,44,61,5739
T002660,E01153,Communication Skills,2024-05-07,6,Blended,Completed,45,61,14222
T002661,E01154,GenAI for Business,2024-09-12,8,Online,Completed,73,99,13315
T002662,E01155,Communication Skills,2024-01-28,24,Classroom,Completed,45,68,14150
T002663,E01155,GenAI for Business,2026-08-02,16,Blended,Completed,44,58,5888
T002664,E01156,Negotiation,2025-12-22,4,Blended,Incomplete,61,72,1533
T002665,E01156,Leadership Essentials,2025-10-02,2,Classroom,Completed,43,56,3222
T002666,E01157,Leadership Essentials,2026-05-25,12,Online,Completed,59,67,6604
T002667,E01157,Cloud Fundamentals,2024-11-25,16,Classroom,Completed,41,59,7130
T002668,E01157,Communication Skills,2024-09-13,16,Blended,Completed,58,73,13522
T002669,E01158,Cloud Fundamentals,2024-06-07,2,Classroom,Completed,44,60,12114
T002670,E01158,Project Management,2024-10-02,6,Classroom,Completed,61,89,7608
T002671,E01158,Data Privacy,2026-06-15,8,Classroom,Completed,76,100,13822
T002672,E01158,Communication Skills,2025-09-27,8,Blended,Completed,57,70,5127
T002673,E01159,Advanced Excel,2026-06-08,6,Blended,Completed,74,87,13990
T002674,E01160,Project Management,2024-08-20,24,Classroom,Completed,43,52,11711
T002675,E01160,Power BI,2026-04-06,8,Classroom,Incomplete,59,76,5859
T002676,E01160,Power BI,2025-12-31,16,Classroom,Completed,45,72,11851
T002677,E01160,Cloud Fundamentals,2024-03-24,2,Classroom,Completed,63,73,12082
T002678,E01161,Negotiation,2024-02-06,6,Classroom,Completed,56,83,12342
T002679,E01162,Project Management,2025-12-15,4,Classroom,Completed,56,69,10003
T002680,E01162,Negotiation,2024-10-23,8,Blended,Completed,73,100,4371
T002681,E01162,Negotiation,2024-01-06,12,Online,Completed,72,95,10177
T002682,E01162,Cloud Fundamentals,2024-09-05,8,Online,Completed,42,47,5156
T002683,E01164,Advanced Excel,2025-03-17,24,Online,Completed,48,74,13643
T002684,E01164,Python Analytics,2025-06-18,2,Blended,Completed,60,65,11621
T002685,E01164,GenAI for Business,2025-12-06,2,Blended,Completed,52,73,9388
T002686,E01164,Project Management,2026-01-29,2,Classroom,Completed,50,78,2935
T002687,E01164,Power BI,2024-07-25,16,Blended,Completed,52,73,5383
T002688,E01165,Negotiation,2024-02-20,4,Blended,Completed,67,95,8147
T002689,E01165,Leadership Essentials,2025-04-17,6,Classroom,Completed,66,94,3062
T002690,E01165,GenAI for Business,2025-04-08,4,Classroom,Completed,73,83,7166
T002691,E01165,Cloud Fundamentals,2024-09-20,4,Classroom,Completed,47,68,10074
T002692,E01165,Leadership Essentials,2025-09-14,2,Online,Completed,69,96,5930
T002693,E01167,Python Analytics,2026-08-30,4,Online,Completed,73,95,12182
T002694,E01167,Data Privacy,2026-08-09,8,Blended,Completed,40,53,11546
T002695,E01168,Cloud Fundamentals,2026-07-21,12,Classroom,Completed,72,78,7376
T002696,E01168,Power BI,2026-08-21,4,Online,Completed,77,96,2179
T002697,E01168,Python Analytics,2026-08-24,16,Online,Completed,55,61,6149
T002698,E01168,GenAI for Business,2026-07-18,6,Blended,Incomplete,45,68,6749
T002699,E01169,Leadership Essentials,2024-05-15,2,Classroom,Completed,60,75,2159
T002700,E01169,Project Management,2025-07-02,4,Classroom,Completed,45,68,14500
T002701,E01169,Power BI,2024-10-15,6,Blended,Completed,58,69,8310
T002702,E01170,Power BI,2026-04-23,8,Blended,Completed,73,82,13461
T002703,E01170,Negotiation,2025-03-27,2,Online,Completed,46,70,4086
T002704,E01170,Power BI,2025-09-01,2,Classroom,Completed,62,73,6537
T002705,E01171,GenAI for Business,2026-01-25,4,Blended,Completed,57,83,4580
T002706,E01172,Python Analytics,2026-04-17,12,Classroom,Completed,75,88,10601
T002707,E01172,Cloud Fundamentals,2026-06-17,24,Blended,Completed,66,91,10950
T002708,E01172,Leadership Essentials,2026-07-02,24,Classroom,Completed,49,64,2234
T002709,E01172,Project Management,2026-08-08,24,Online,Completed,56,80,8313
T002710,E01172,Communication Skills,2026-06-11,2,Classroom,Completed,58,82,4164
T002711,E01173,Power BI,2025-04-07,12,Classroom,Completed,58,71,10179
T002712,E01173,Power BI,2024-09-17,12,Classroom,Incomplete,72,82,13848
T002713,E01173,Python Analytics,2025-02-12,16,Classroom,Completed,47,57,4326
T002714,E01173,Leadership Essentials,2024-05-05,6,Blended,Completed,58,65,11790
T002715,E01173,Advanced Excel,2025-03-22,2,Online,Completed,62,87,8954
T002716,E01175,Cloud Fundamentals,2025-05-19,16,Online,Completed,65,75,7968
T002717,E01175,Data Privacy,2026-05-24,8,Blended,Completed,63,90,5672
T002718,E01176,Leadership Essentials,2026-02-26,12,Classroom,Completed,64,74,6574
T002719,E01176,Leadership Essentials,2025-07-20,16,Blended,Completed,55,65,9000
T002720,E01176,Cloud Fundamentals,2024-08-13,8,Blended,Completed,61,69,4422
T002721,E01176,Communication Skills,2026-03-13,6,Blended,Incomplete,62,86,5607
T002722,E01179,Python Analytics,2025-03-22,12,Blended,Completed,58,83,7382
T002723,E01179,Advanced Excel,2025-03-24,6,Blended,Completed,77,82,12321
T002724,E01180,Python Analytics,2025-08-12,12,Online,Completed,78,100,1717
T002725,E01180,Advanced Excel,2026-03-24,8,Blended,Completed,59,67,10216
T002726,E01181,Communication Skills,2025-08-18,8,Blended,Completed,56,72,12305
T002727,E01181,GenAI for Business,2024-06-13,24,Blended,Completed,78,83,12320
T002728,E01181,Leadership Essentials,2025-01-17,6,Online,Completed,73,96,1612
T002729,E01181,Cloud Fundamentals,2025-11-20,24,Classroom,Completed,61,71,4250
T002730,E01181,Python Analytics,2024-09-06,8,Online,Completed,69,78,10317
T002731,E01183,Leadership Essentials,2024-01-13,4,Classroom,Completed,52,79,14676
T002732,E01183,Cloud Fundamentals,2025-01-15,24,Blended,Completed,40,66,6287
T002733,E01183,Data Privacy,2025-04-20,24,Classroom,Incomplete,69,93,4528
T002734,E01183,Negotiation,2025-08-28,4,Online,Completed,57,82,10294
T002735,E01184,Python Analytics,2024-02-08,4,Blended,Completed,43,50,2312
T002736,E01186,Python Analytics,2025-01-10,16,Blended,Completed,42,47,7307
T002737,E01186,Project Management,2024-04-06,12,Blended,Completed,50,64,12195
T002738,E01187,Python Analytics,2025-09-28,16,Online,Completed,42,54,13978
T002739,E01187,Power BI,2024-07-22,4,Classroom,Completed,61,77,8578
T002740,E01188,Communication Skills,2026-04-11,24,Online,Incomplete,57,71,14679
T002741,E01188,Leadership Essentials,2025-06-05,16,Online,Completed,63,89,5958
T002742,E01188,Cloud Fundamentals,2025-05-18,4,Blended,Completed,48,58,9923
T002743,E01189,Communication Skills,2025-11-14,12,Blended,Completed,46,68,13953
T002744,E01189,Project Management,2026-02-06,2,Classroom,Completed,54,64,11525
T002745,E01189,Leadership Essentials,2025-08-13,4,Blended,Completed,41,64,4723
T002746,E01190,Leadership Essentials,2024-03-16,16,Online,Completed,49,77,3692
T002747,E01190,Cloud Fundamentals,2026-07-08,2,Blended,Completed,53,64,10616
T002748,E01190,Cloud Fundamentals,2025-07-11,6,Blended,Completed,43,50,12595
T002749,E01190,Cloud Fundamentals,2024-02-05,6,Blended,Completed,67,75,4325
T002750,E01190,Communication Skills,2025-10-19,24,Classroom,Completed,72,98,8096
T002751,E01192,GenAI for Business,2024-07-15,24,Classroom,Completed,77,93,9434
T002752,E01192,Python Analytics,2025-09-13,4,Online,Completed,49,54,1708
T002753,E01192,Data Privacy,2026-02-28,6,Blended,Completed,60,80,10048
T002754,E01193,Power BI,2025-05-30,4,Blended,Completed,74,92,6691
T002755,E01194,Negotiation,2025-02-15,8,Blended,Completed,76,93,14376
T002756,E01194,Communication Skills,2025-04-27,24,Classroom,Completed,60,85,6679
T002757,E01194,Communication Skills,2026-03-05,4,Online,Completed,71,91,13701
T002758,E01195,Leadership Essentials,2024-06-05,4,Online,Completed,69,76,8451
T002759,E01195,Cloud Fundamentals,2026-02-05,16,Online,Completed,47,62,14742
T002760,E01195,Project Management,2024-01-12,8,Blended,Completed,49,65,12863
T002761,E01196,Advanced Excel,2025-01-21,12,Classroom,Completed,65,71,8102
T002762,E01197,Negotiation,2024-09-25,6,Online,Completed,46,74,9466
T002763,E01197,Negotiation,2024-04-18,6,Classroom,Incomplete,71,87,6923
T002764,E01198,Data Privacy,2025-06-02,24,Blended,Completed,73,100,14391
T002765,E01199,Advanced Excel,2024-11-19,8,Online,Completed,43,55,7352
T002766,E01202,Advanced Excel,2024-09-20,8,Classroom,Completed,70,95,14078
T002767,E01205,GenAI for Business,2026-06-18,8,Online,Completed,49,65,1640
T002768,E01205,Leadership Essentials,2025-04-16,6,Blended,Completed,46,61,9757
T002769,E01205,GenAI for Business,2025-08-25,4,Online,Completed,70,77,6518
T002770,E01205,Advanced Excel,2025-05-20,12,Online,Completed,45,56,7799
T002771,E01206,Leadership Essentials,2026-05-26,4,Classroom,Completed,74,99,4854
T002772,E01207,Communication Skills,2026-01-25,12,Blended,Completed,54,74,2231
T002773,E01207,Negotiation,2024-10-27,16,Blended,Completed,64,75,6685
T002774,E01207,Communication Skills,2026-07-10,2,Online,Incomplete,40,52,9658
T002775,E01207,Negotiation,2025-07-15,16,Blended,Completed,70,89,4169
T002776,E01208,Cloud Fundamentals,2026-07-13,16,Blended,Completed,71,83,5603
T002777,E01208,Python Analytics,2026-05-15,12,Online,Completed,49,65,14380
T002778,E01208,Project Management,2026-07-22,16,Online,Completed,50,72,10165
T002779,E01208,Python Analytics,2026-05-13,4,Blended,Completed,59,69,3771
T002780,E01208,Data Privacy,2026-07-22,24,Online,Completed,69,87,12725
T002781,E01209,GenAI for Business,2024-04-02,12,Online,Incomplete,48,62,12070
T002782,E01210,Data Privacy,2025-03-08,12,Classroom,Completed,76,95,11666
T002783,E01210,Leadership Essentials,2026-07-29,12,Classroom,Completed,62,70,12066
T002784,E01210,Communication Skills,2025-02-12,6,Blended,Completed,60,83,9913
T002785,E01210,Leadership Essentials,2024-11-03,4,Blended,Completed,72,98,3676
T002786,E01212,Negotiation,2026-05-25,8,Classroom,Completed,67,81,7105
T002787,E01213,Advanced Excel,2025-10-07,4,Blended,Completed,72,85,14681
T002788,E01213,Project Management,2024-07-22,24,Blended,Completed,49,68,3257
T002789,E01214,Communication Skills,2025-12-10,4,Classroom,Incomplete,44,59,11510
T002790,E01214,Leadership Essentials,2024-07-07,24,Blended,Completed,66,92,12892
T002791,E01215,Power BI,2026-04-04,8,Classroom,Completed,65,73,5798
T002792,E01218,Python Analytics,2025-12-03,8,Classroom,Completed,46,59,12909
T002793,E01220,Python Analytics,2026-08-15,8,Classroom,Completed,53,79,10307
T002794,E01220,Power BI,2024-03-24,24,Classroom,Completed,49,57,13877
T002795,E01220,Cloud Fundamentals,2025-12-15,4,Blended,Completed,51,75,12668
T002796,E01221,Communication Skills,2024-01-10,12,Online,Completed,55,82,3970
T002797,E01221,Cloud Fundamentals,2025-06-21,24,Blended,Completed,72,77,1909
T002798,E01222,Negotiation,2026-02-04,12,Blended,Completed,40,61,3938
T002799,E01222,Power BI,2024-09-17,8,Classroom,Completed,64,69,10328
T002800,E01223,GenAI for Business,2025-07-06,6,Online,Completed,43,71,14564
T002801,E01223,Communication Skills,2024-03-21,4,Classroom,Completed,49,55,11142
T002802,E01223,Power BI,2026-01-18,2,Blended,Completed,75,97,6579
T002803,E01223,Python Analytics,2024-01-03,12,Online,Incomplete,62,78,13559
T002804,E01223,Project Management,2025-10-22,2,Blended,Completed,65,80,4112
T002805,E01224,Project Management,2025-11-06,6,Online,Completed,44,62,5748
T002806,E01224,Negotiation,2024-04-29,2,Classroom,Completed,48,67,5695
T002807,E01224,Cloud Fundamentals,2025-12-05,2,Classroom,Completed,42,48,6941
T002808,E01224,Cloud Fundamentals,2024-05-29,4,Blended,Completed,78,96,1903
T002809,E01226,Communication Skills,2026-03-26,2,Classroom,Completed,62,77,2025
T002810,E01226,Python Analytics,2025-07-12,6,Classroom,Completed,74,98,12829
T002811,E01226,Negotiation,2024-08-05,16,Classroom,Completed,73,89,6916
T002812,E01226,Power BI,2025-01-22,12,Blended,Completed,78,100,14761
T002813,E01227,Communication Skills,2025-11-05,24,Blended,Incomplete,52,76,14293
T002814,E01227,Cloud Fundamentals,2025-01-14,4,Classroom,Incomplete,50,65,7735
T002815,E01227,Leadership Essentials,2025-08-03,12,Online,Completed,43,56,8931
T002816,E01227,Power BI,2025-04-23,16,Online,Completed,73,82,7441
T002817,E01227,Cloud Fundamentals,2025-11-26,12,Classroom,Completed,56,72,11584
T002818,E01228,Negotiation,2024-12-22,16,Online,Completed,56,63,7278
T002819,E01228,Cloud Fundamentals,2024-01-13,2,Online,Completed,55,79,2527
T002820,E01228,GenAI for Business,2024-09-08,12,Blended,Completed,58,63,4811
T002821,E01228,Python Analytics,2024-12-12,24,Blended,Completed,43,51,2510
T002822,E01229,Power BI,2024-06-07,8,Classroom,Completed,76,92,2950
T002823,E01230,Advanced Excel,2025-02-03,2,Classroom,Completed,46,57,4845
T002824,E01230,Project Management,2025-12-13,12,Classroom,Completed,42,57,8654
T002825,E01230,Advanced Excel,2024-07-24,6,Blended,Completed,68,76,10973
T002826,E01230,Leadership Essentials,2025-04-30,4,Classroom,Completed,42,69,3539
T002827,E01232,Project Management,2024-11-25,24,Classroom,Incomplete,50,71,1801
T002828,E01232,Data Privacy,2025-11-11,6,Blended,Incomplete,40,59,7199
T002829,E01232,Communication Skills,2024-03-29,6,Classroom,Completed,62,80,8515
T002830,E01232,Cloud Fundamentals,2024-11-21,24,Blended,Completed,62,89,9669
T002831,E01232,Data Privacy,2025-12-26,6,Classroom,Completed,55,67,8854
T002832,E01233,Power BI,2026-08-17,8,Blended,Completed,68,86,14362
T002833,E01234,Project Management,2025-10-08,6,Blended,Completed,71,84,9723
T002834,E01234,Data Privacy,2025-06-02,24,Blended,Completed,71,81,3871
T002835,E01234,Cloud Fundamentals,2024-01-30,12,Online,Completed,76,92,13414
T002836,E01234,Advanced Excel,2024-03-07,6,Blended,Completed,54,60,4487
T002837,E01235,Advanced Excel,2025-10-12,8,Blended,Completed,75,86,13304
T002838,E01236,Advanced Excel,2025-08-10,8,Classroom,Completed,60,79,2318
T002839,E01236,Project Management,2025-12-16,24,Blended,Completed,72,88,10016
T002840,E01236,Cloud Fundamentals,2025-09-11,2,Online,Incomplete,45,54,7117
T002841,E01236,Communication Skills,2026-01-07,16,Classroom,Completed,73,100,3501
T002842,E01237,Cloud Fundamentals,2026-05-05,24,Classroom,Completed,59,70,8748
T002843,E01237,Python Analytics,2024-10-06,24,Online,Completed,54,65,6506
T002844,E01237,Python Analytics,2026-02-28,24,Blended,Completed,54,68,13565
T002845,E01237,Communication Skills,2025-02-19,24,Blended,Completed,71,91,10265
T002846,E01238,Leadership Essentials,2026-08-30,16,Online,Completed,41,65,8151
T002847,E01238,Advanced Excel,2026-08-30,4,Classroom,Completed,77,99,14942
T002848,E01238,Advanced Excel,2026-08-30,12,Online,Completed,57,73,2611
T002849,E01238,Leadership Essentials,2026-08-31,8,Classroom,Completed,44,53,7486
T002850,E01241,Data Privacy,2026-07-10,2,Online,Completed,55,74,4465
T002851,E01241,Negotiation,2025-10-28,6,Blended,Completed,77,94,3186
T002852,E01241,Advanced Excel,2025-10-11,24,Classroom,Completed,48,73,13088
T002853,E01242,Communication Skills,2026-02-26,4,Classroom,Completed,42,48,13981
T002854,E01242,Data Privacy,2026-03-07,8,Online,Incomplete,67,95,9499
T002855,E01242,Communication Skills,2026-04-20,4,Blended,Incomplete,59,75,1519
T002856,E01242,Communication Skills,2025-12-14,24,Blended,Completed,50,64,14129
T002857,E01243,Advanced Excel,2026-07-31,12,Blended,Completed,68,74,9158
T002858,E01243,Advanced Excel,2024-11-21,16,Online,Completed,73,80,13219
T002859,E01244,Advanced Excel,2025-07-25,24,Classroom,Completed,78,83,11739
T002860,E01245,Advanced Excel,2026-05-29,8,Online,Completed,51,72,1822
T002861,E01245,Negotiation,2026-07-12,8,Classroom,Completed,67,82,5861
T002862,E01245,Data Privacy,2025-06-25,6,Online,Completed,47,73,9594
T002863,E01246,Communication Skills,2026-01-28,6,Classroom,Completed,61,78,12022
T002864,E01246,Power BI,2026-06-23,16,Online,Completed,47,69,12989
T002865,E01246,GenAI for Business,2026-03-05,2,Online,Completed,63,83,3577
T002866,E01246,GenAI for Business,2026-04-26,24,Classroom,Completed,43,63,4445
T002867,E01247,Python Analytics,2024-10-16,12,Classroom,Incomplete,78,83,1944
T002868,E01247,GenAI for Business,2024-07-29,12,Blended,Completed,52,72,7021
T002869,E01250,Negotiation,2024-10-10,24,Online,Incomplete,52,70,8175
T002870,E01250,Data Privacy,2025-09-09,6,Classroom,Completed,71,94,6167
T002871,E01250,Power BI,2024-11-19,4,Blended,Completed,49,65,12337
T002872,E01250,Communication Skills,2025-02-20,12,Classroom,Completed,62,75,4945
T002873,E01251,GenAI for Business,2025-10-01,6,Online,Completed,76,83,9199
T002874,E01251,Data Privacy,2024-07-29,16,Blended,Completed,75,95,11368
T002875,E01251,Advanced Excel,2025-05-02,24,Blended,Incomplete,65,92,3258
T002876,E01251,Leadership Essentials,2026-02-23,24,Classroom,Completed,68,94,12660
T002877,E01251,GenAI for Business,2024-12-09,24,Blended,Completed,43,59,13223
T002878,E01252,Power BI,2024-08-01,2,Classroom,Completed,54,73,5507
T002879,E01253,Cloud Fundamentals,2024-11-24,2,Online,Completed,49,60,7708
T002880,E01253,Project Management,2025-05-03,8,Online,Completed,57,70,3635
T002881,E01253,Advanced Excel,2025-08-23,6,Classroom,Completed,70,93,3475
T002882,E01253,Leadership Essentials,2025-12-31,6,Classroom,Incomplete,51,77,6143
T002883,E01254,Cloud Fundamentals,2024-01-24,16,Classroom,Completed,44,64,2214
T002884,E01254,Project Management,2025-10-21,2,Blended,Completed,70,77,10983
T002885,E01254,Power BI,2025-09-25,4,Classroom,Completed,68,77,5796
T002886,E01256,Advanced Excel,2025-06-15,4,Classroom,Completed,55,70,14875
T002887,E01256,Communication Skills,2024-06-28,16,Blended,Incomplete,56,65,6639
T002888,E01256,Data Privacy,2025-07-14,4,Blended,Completed,74,94,14440
T002889,E01257,Data Privacy,2026-08-19,16,Blended,Completed,42,55,11106
T002890,E01257,Negotiation,2026-04-28,4,Blended,Completed,74,99,9776
T002891,E01257,Leadership Essentials,2024-07-08,8,Online,Completed,54,60,9841
T002892,E01257,Cloud Fundamentals,2026-05-08,4,Online,Completed,76,88,11404
T002893,E01258,Cloud Fundamentals,2024-08-24,2,Online,Completed,53,80,7389
T002894,E01258,Python Analytics,2026-07-07,6,Online,Completed,57,76,9760
T002895,E01258,Advanced Excel,2024-01-28,8,Online,Completed,56,67,6343
T002896,E01258,Power BI,2024-12-11,24,Classroom,Completed,49,54,7462
T002897,E01258,Negotiation,2024-06-14,16,Online,Completed,71,94,6420
T002898,E01259,Python Analytics,2025-06-16,24,Online,Incomplete,77,92,4510
T002899,E01259,Cloud Fundamentals,2026-06-02,12,Blended,Completed,60,75,14322
T002900,E01261,Power BI,2026-03-11,12,Online,Completed,63,87,12808
T002901,E01261,Project Management,2025-11-23,2,Online,Incomplete,77,100,14847
T002902,E01262,Project Management,2024-01-29,16,Blended,Completed,74,91,11244
T002903,E01263,Communication Skills,2026-07-31,2,Online,Completed,65,82,14713
T002904,E01264,Python Analytics,2026-02-22,12,Online,Completed,47,73,9749
T002905,E01264,Project Management,2024-03-04,6,Blended,Completed,60,79,4068
T002906,E01264,Negotiation,2026-01-17,24,Classroom,Completed,58,66,6799
T002907,E01265,Cloud Fundamentals,2024-04-07,2,Online,Completed,42,56,4078
T002908,E01265,Negotiation,2024-09-25,4,Classroom,Completed,42,67,9675
T002909,E01265,Python Analytics,2026-03-04,4,Online,Completed,59,72,6078
T002910,E01265,Power BI,2026-04-02,8,Online,Completed,63,74,4306
T002911,E01265,Python Analytics,2025-02-19,2,Blended,Completed,43,60,6682
T002912,E01266,Advanced Excel,2025-02-26,12,Blended,Completed,47,56,11144
T002913,E01266,Project Management,2024-12-07,24,Classroom,Completed,47,62,1802
T002914,E01267,Data Privacy,2026-08-04,8,Blended,Completed,54,61,8169
T002915,E01267,GenAI for Business,2026-01-04,24,Classroom,Completed,72,80,4753
T002916,E01267,Power BI,2025-08-07,16,Classroom,Incomplete,62,75,2524
T002917,E01267,Cloud Fundamentals,2025-08-04,4,Blended,Completed,48,67,7851
T002918,E01267,Communication Skills,2025-01-12,16,Blended,Incomplete,68,79,9709
T002919,E01268,Cloud Fundamentals,2024-06-21,24,Classroom,Incomplete,52,74,9856
T002920,E01268,Project Management,2025-11-02,8,Blended,Completed,60,87,13039
T002921,E01268,GenAI for Business,2026-01-16,6,Blended,Completed,69,84,7491
T002922,E01269,Power BI,2025-11-06,4,Online,Completed,70,84,4607
T002923,E01269,Power BI,2024-09-25,8,Classroom,Completed,43,58,12002
T002924,E01270,Project Management,2026-01-09,2,Online,Completed,71,93,5337
T002925,E01271,Cloud Fundamentals,2025-10-06,6,Online,Completed,64,89,7401
T002926,E01271,GenAI for Business,2025-11-19,6,Blended,Completed,68,93,9199
T002927,E01271,Advanced Excel,2024-08-19,8,Classroom,Completed,69,75,9535
T002928,E01271,GenAI for Business,2024-08-30,6,Online,Completed,60,67,8946
T002929,E01272,GenAI for Business,2025-06-30,2,Blended,Completed,66,74,13552
T002930,E01272,Communication Skills,2024-04-24,8,Blended,Completed,51,78,11828
T002931,E01273,Cloud Fundamentals,2026-07-13,16,Classroom,Incomplete,53,81,12738
T002932,E01273,GenAI for Business,2025-04-11,4,Online,Completed,73,93,4128
T002933,E01273,Power BI,2024-04-12,24,Classroom,Completed,75,100,4575
T002934,E01273,Cloud Fundamentals,2024-02-07,6,Classroom,Completed,66,74,13057
T002935,E01273,GenAI for Business,2026-06-03,6,Classroom,Completed,44,65,4580
T002936,E01274,Python Analytics,2026-07-22,16,Online,Completed,49,64,1832
T002937,E01274,Data Privacy,2024-05-26,2,Classroom,Completed,59,87,7424
T002938,E01274,Power BI,2025-12-31,8,Blended,Completed,44,59,14968
T002939,E01274,Cloud Fundamentals,2025-11-22,24,Online,Completed,45,59,11680
T002940,E01276,Negotiation,2026-05-31,6,Online,Completed,54,64,1658
T002941,E01276,Communication Skills,2025-11-21,2,Classroom,Completed,68,77,7113
T002942,E01276,Data Privacy,2024-12-31,4,Online,Completed,59,79,10323
T002943,E01277,Cloud Fundamentals,2025-08-17,16,Online,Completed,60,81,13432
T002944,E01277,Project Management,2026-02-24,12,Online,Completed,41,54,11577
T002945,E01277,Project Management,2025-08-29,4,Blended,Completed,74,83,13973
T002946,E01278,Advanced Excel,2026-06-29,8,Classroom,Completed,66,75,8902
T002947,E01278,Cloud Fundamentals,2026-05-27,2,Online,Completed,57,83,8853
T002948,E01278,Cloud Fundamentals,2026-03-29,4,Blended,Completed,58,84,14640
T002949,E01279,Advanced Excel,2026-02-03,12,Classroom,Completed,73,81,10681
T002950,E01279,Communication Skills,2024-11-12,24,Online,Incomplete,50,65,2164
T002951,E01279,Advanced Excel,2026-03-05,12,Blended,Completed,62,83,8441
T002952,E01279,Project Management,2024-12-17,8,Blended,Completed,70,92,12740
T002953,E01279,Leadership Essentials,2026-03-11,8,Blended,Completed,58,66,11223
T002954,E01280,Power BI,2024-09-03,24,Classroom,Completed,74,83,5341
T002955,E01280,Power BI,2025-08-05,12,Online,Completed,72,92,1724
T002956,E01280,Negotiation,2024-10-14,12,Classroom,Completed,78,100,12721
T002957,E01280,Project Management,2025-04-14,8,Online,Completed,49,54,6376
T002958,E01280,Leadership Essentials,2024-09-15,12,Online,Completed,45,73,11105
T002959,E01281,Leadership Essentials,2026-02-22,12,Online,Completed,61,84,11495
T002960,E01281,Python Analytics,2025-12-23,12,Blended,Completed,68,87,8951
T002961,E01281,GenAI for Business,2025-10-30,16,Blended,Completed,56,62,13327
T002962,E01282,Python Analytics,2025-03-05,6,Online,Completed,77,98,3594
T002963,E01282,GenAI for Business,2026-06-27,12,Blended,Completed,59,75,3629
T002964,E01282,Power BI,2026-04-20,16,Blended,Completed,63,87,3031
T002965,E01283,Power BI,2026-08-12,2,Blended,Completed,51,76,6749
T002966,E01283,Advanced Excel,2024-04-24,4,Blended,Completed,49,66,5967
T002967,E01283,Negotiation,2026-06-25,6,Classroom,Completed,66,83,2417
T002968,E01283,Advanced Excel,2026-01-10,4,Online,Completed,53,60,5130
T002969,E01285,Advanced Excel,2026-07-18,8,Blended,Completed,57,72,5673
T002970,E01285,Power BI,2026-08-15,2,Classroom,Completed,56,78,11788
T002971,E01285,Cloud Fundamentals,2026-08-24,12,Classroom,Completed,49,65,12256
T002972,E01285,Power BI,2026-08-21,6,Classroom,Completed,78,97,7222
T002973,E01287,Python Analytics,2025-04-19,8,Classroom,Incomplete,52,65,3982
T002974,E01287,Communication Skills,2024-10-29,16,Classroom,Incomplete,52,75,8850
T002975,E01288,Project Management,2025-04-06,6,Online,Completed,60,73,8612
T002976,E01288,Cloud Fundamentals,2024-04-04,6,Blended,Completed,45,54,13591
T002977,E01289,Leadership Essentials,2025-09-02,12,Blended,Completed,63,88,7845
T002978,E01289,Negotiation,2026-08-25,6,Blended,Completed,48,74,7934
T002979,E01290,Negotiation,2025-08-28,4,Blended,Completed,58,85,9619
T002980,E01290,GenAI for Business,2024-09-26,12,Blended,Completed,67,81,1773
T002981,E01290,Communication Skills,2026-03-20,8,Online,Completed,64,76,13481
T002982,E01290,Data Privacy,2025-09-13,4,Online,Completed,67,79,6093
T002983,E01291,Python Analytics,2024-02-09,24,Online,Completed,56,79,10429
T002984,E01291,Data Privacy,2024-03-14,12,Online,Completed,50,73,2939
T002985,E01291,Data Privacy,2026-03-16,12,Blended,Completed,57,66,6758
T002986,E01291,Power BI,2026-07-15,12,Online,Completed,60,83,6067
T002987,E01292,Communication Skills,2025-04-09,4,Classroom,Completed,69,76,8959
T002988,E01292,GenAI for Business,2026-04-29,2,Online,Completed,71,76,7606
T002989,E01293,GenAI for Business,2025-11-25,2,Classroom,Completed,40,68,8667
T002990,E01293,GenAI for Business,2025-03-31,2,Classroom,Completed,70,86,3999
T002991,E01293,Advanced Excel,2026-07-12,12,Online,Completed,68,78,8936
T002992,E01293,Cloud Fundamentals,2026-02-06,16,Blended,Completed,41,56,4962
T002993,E01293,Cloud Fundamentals,2025-11-20,12,Blended,Completed,47,63,8201
T002994,E01297,Communication Skills,2025-05-13,24,Online,Completed,64,76,8261
T002995,E01297,Advanced Excel,2024-02-17,24,Online,Completed,74,99,12802
T002996,E01297,Cloud Fundamentals,2025-11-12,2,Blended,Completed,73,93,7229
T002997,E01297,Cloud Fundamentals,2024-11-22,16,Blended,Completed,48,67,13960
T002998,E01298,Negotiation,2026-05-30,16,Classroom,Completed,55,61,2142
T002999,E01300,Communication Skills,2024-11-08,12,Blended,Completed,57,77,5357
T003000,E01300,Power BI,2025-04-05,12,Blended,Completed,54,82,6107
T003001,E01300,Project Management,2024-12-10,24,Online,Incomplete,71,92,3337
T003002,E01301,Data Privacy,2024-03-21,4,Classroom,Completed,62,86,7220
T003003,E01301,Project Management,2024-08-29,12,Online,Completed,53,59,3939
T003004,E01301,Advanced Excel,2025-05-15,16,Blended,Completed,49,63,12252
T003005,E01301,Python Analytics,2024-04-23,12,Classroom,Completed,42,56,6925
T003006,E01301,Negotiation,2025-07-29,6,Blended,Completed,50,63,10353
T003007,E01302,Cloud Fundamentals,2025-05-17,4,Blended,Completed,41,49,11329
T003008,E01303,Leadership Essentials,2024-03-23,16,Blended,Completed,51,74,3475
T003009,E01303,Python Analytics,2025-07-13,6,Blended,Completed,57,64,7444
T003010,E01303,Project Management,2025-09-07,2,Blended,Completed,75,96,2580
T003011,E01304,GenAI for Business,2024-09-27,24,Classroom,Completed,77,88,13395
T003012,E01305,Leadership Essentials,2026-08-28,4,Blended,Completed,42,47,9787
T003013,E01306,Leadership Essentials,2026-02-06,24,Online,Completed,75,90,2143
T003014,E01306,Negotiation,2025-11-03,12,Blended,Completed,56,80,8862
T003015,E01306,Cloud Fundamentals,2025-01-21,12,Blended,Completed,73,86,7382
T003016,E01307,Project Management,2024-10-30,24,Blended,Completed,57,65,5923
T003017,E01307,Power BI,2026-08-15,4,Blended,Completed,41,60,5936
T003018,E01307,Cloud Fundamentals,2025-10-10,2,Classroom,Completed,49,55,4391
T003019,E01308,GenAI for Business,2025-07-22,16,Classroom,Completed,44,70,7004
T003020,E01308,GenAI for Business,2024-10-09,24,Online,Completed,45,50,8645
T003021,E01311,Data Privacy,2025-03-29,4,Blended,Completed,67,84,2473
T003022,E01312,Negotiation,2024-04-27,16,Classroom,Completed,41,56,8643
T003023,E01313,Python Analytics,2025-09-19,6,Blended,Completed,50,65,14027
T003024,E01313,Power BI,2026-04-21,6,Classroom,Completed,61,72,3762
T003025,E01313,Project Management,2025-12-20,2,Classroom,Completed,43,62,3276
T003026,E01314,Negotiation,2026-03-22,24,Classroom,Completed,44,61,8397
T003027,E01314,Leadership Essentials,2026-06-12,4,Classroom,Completed,65,70,2064
T003028,E01314,Data Privacy,2026-04-09,12,Blended,Completed,77,94,14343
T003029,E01314,Data Privacy,2026-04-09,6,Blended,Completed,50,75,5115
T003030,E01314,GenAI for Business,2026-02-07,6,Online,Completed,43,48,2940
T003031,E01315,GenAI for Business,2024-02-05,24,Blended,Completed,70,88,3353
T003032,E01315,Cloud Fundamentals,2025-05-29,24,Online,Completed,58,72,10468
T003033,E01315,Leadership Essentials,2025-07-02,24,Online,Completed,49,58,13459
T003034,E01316,Python Analytics,2024-07-27,2,Blended,Completed,74,95,7111
T003035,E01316,Data Privacy,2025-09-07,24,Online,Completed,48,65,6539
T003036,E01316,GenAI for Business,2024-12-26,6,Classroom,Completed,48,66,11757
T003037,E01316,GenAI for Business,2024-06-27,12,Blended,Incomplete,56,83,10387
T003038,E01317,Negotiation,2025-12-11,2,Blended,Completed,75,90,9818
T003039,E01317,Leadership Essentials,2026-01-24,24,Online,Completed,47,75,2295
T003040,E01317,Leadership Essentials,2025-09-30,8,Blended,Completed,50,72,10249
T003041,E01317,Advanced Excel,2025-02-26,2,Blended,Completed,77,89,14239
T003042,E01317,Power BI,2025-12-15,6,Online,Completed,52,70,4543
T003043,E01318,Negotiation,2026-03-14,2,Classroom,Completed,69,75,10408
T003044,E01318,Communication Skills,2024-05-02,8,Classroom,Completed,68,96,4618
T003045,E01318,Data Privacy,2026-03-29,16,Classroom,Completed,58,70,7742
T003046,E01319,Communication Skills,2024-01-30,4,Blended,Completed,57,64,7927
T003047,E01319,Communication Skills,2025-06-25,2,Blended,Incomplete,62,71,4210
T003048,E01319,GenAI for Business,2024-02-24,16,Online,Completed,72,96,6517
T003049,E01320,Data Privacy,2026-04-01,2,Blended,Completed,59,81,3490
T003050,E01320,Python Analytics,2025-08-28,8,Online,Completed,67,93,3790
T003051,E01320,Advanced Excel,2025-10-09,12,Online,Completed,61,80,7876
T003052,E01320,Cloud Fundamentals,2024-10-12,8,Blended,Completed,75,81,9565
T003053,E01320,Leadership Essentials,2026-03-29,6,Blended,Completed,49,57,11661
T003054,E01323,Power BI,2024-02-15,2,Online,Completed,63,90,9828
T003055,E01323,Advanced Excel,2025-05-30,16,Classroom,Completed,69,81,10383
T003056,E01324,Project Management,2024-03-01,2,Blended,Completed,48,53,3153
T003057,E01324,Communication Skills,2026-08-16,12,Classroom,Completed,62,76,9267
T003058,E01324,Data Privacy,2024-12-25,12,Online,Completed,69,94,8368
T003059,E01325,GenAI for Business,2024-02-04,4,Online,Completed,46,56,13950
T003060,E01325,Negotiation,2024-06-18,12,Online,Completed,69,85,6122
T003061,E01325,Project Management,2024-01-09,24,Classroom,Completed,48,72,6239
T003062,E01325,Negotiation,2024-08-20,8,Online,Completed,65,80,9986
T003063,E01326,Project Management,2025-08-28,6,Online,Completed,57,69,7123
T003064,E01328,Cloud Fundamentals,2025-12-22,24,Online,Completed,72,81,3426
T003065,E01328,Power BI,2025-11-15,6,Classroom,Completed,50,55,9106
T003066,E01328,Advanced Excel,2025-10-10,8,Blended,Completed,49,59,11361
T003067,E01329,Communication Skills,2024-05-23,6,Online,Completed,44,51,7917
T003068,E01330,GenAI for Business,2026-04-02,4,Blended,Completed,42,66,8998
T003069,E01330,Project Management,2025-09-07,24,Online,Completed,67,80,6562
T003070,E01331,Python Analytics,2025-08-18,6,Classroom,Completed,74,99,7159
T003071,E01332,GenAI for Business,2026-06-19,2,Online,Completed,63,79,6667
T003072,E01332,Project Management,2024-03-13,2,Classroom,Completed,57,65,3491
T003073,E01332,Leadership Essentials,2025-11-10,24,Online,Completed,48,60,9150
T003074,E01333,Communication Skills,2025-01-24,16,Online,Completed,55,60,11837
T003075,E01333,Python Analytics,2026-08-02,6,Classroom,Completed,41,67,13738
T003076,E01333,Leadership Essentials,2025-06-20,12,Blended,Completed,58,63,1888
T003077,E01333,Negotiation,2024-08-30,2,Online,Completed,48,65,8954
T003078,E01333,Python Analytics,2024-08-02,12,Blended,Completed,48,61,5329
T003079,E01334,Project Management,2024-01-03,24,Online,Completed,47,67,11854
T003080,E01334,Cloud Fundamentals,2025-12-05,4,Online,Completed,77,99,7431
T003081,E01335,GenAI for Business,2026-06-13,24,Blended,Completed,49,68,9430
T003082,E01338,Leadership Essentials,2026-07-04,8,Classroom,Completed,44,67,6231
T003083,E01338,Negotiation,2025-01-31,4,Classroom,Completed,71,90,7577
T003084,E01338,Python Analytics,2024-08-12,16,Blended,Completed,60,88,1994
T003085,E01338,Negotiation,2026-04-30,4,Blended,Completed,46,53,14000
T003086,E01340,GenAI for Business,2026-03-14,6,Blended,Completed,66,72,4966
T003087,E01340,Advanced Excel,2024-09-01,8,Blended,Completed,49,65,8257
T003088,E01340,Communication Skills,2025-06-27,6,Online,Completed,65,78,13765
T003089,E01340,Data Privacy,2025-10-01,12,Online,Completed,49,73,10004
T003090,E01340,Communication Skills,2026-08-31,4,Classroom,Completed,59,82,13677
T003091,E01342,Negotiation,2024-01-09,16,Online,Completed,42,51,11645
T003092,E01342,GenAI for Business,2024-09-01,16,Classroom,Completed,52,74,4907
T003093,E01342,Advanced Excel,2024-08-19,6,Blended,Completed,45,69,9571
T003094,E01342,Negotiation,2024-07-30,4,Online,Completed,63,83,14413
T003095,E01343,Data Privacy,2024-07-19,12,Online,Completed,58,65,13200
T003096,E01343,Cloud Fundamentals,2025-02-23,4,Classroom,Completed,43,54,1883
T003097,E01343,Negotiation,2024-02-24,2,Classroom,Completed,58,70,14561
T003098,E01343,Communication Skills,2026-02-17,8,Classroom,Completed,63,78,6138
T003099,E01344,Data Privacy,2025-08-27,6,Blended,Completed,63,76,3835
T003100,E01344,Cloud Fundamentals,2025-06-26,6,Online,Completed,46,56,4863
T003101,E01344,Communication Skills,2026-03-30,6,Classroom,Incomplete,78,91,8657
T003102,E01344,Leadership Essentials,2025-07-28,24,Online,Completed,55,77,13485
T003103,E01345,GenAI for Business,2025-09-23,12,Classroom,Completed,72,88,2734
T003104,E01345,Communication Skills,2025-12-20,16,Classroom,Completed,52,67,6339
T003105,E01345,Power BI,2025-02-05,6,Online,Completed,61,80,11034
T003106,E01345,Advanced Excel,2025-03-13,24,Blended,Completed,52,57,11336
T003107,E01346,Power BI,2026-05-07,24,Blended,Completed,71,95,7032
T003108,E01346,Negotiation,2026-05-17,16,Online,Completed,52,73,14068
T003109,E01346,Negotiation,2026-08-02,2,Blended,Completed,52,58,4832
T003110,E01346,Cloud Fundamentals,2026-08-30,12,Online,Completed,65,79,7272
T003111,E01347,Communication Skills,2026-03-15,8,Blended,Completed,45,70,7545
T003112,E01347,Power BI,2024-07-26,6,Blended,Completed,66,89,3101
T003113,E01348,Power BI,2025-11-02,8,Blended,Completed,51,58,8268
T003114,E01349,Leadership Essentials,2024-01-08,6,Blended,Completed,66,73,4287
T003115,E01351,Leadership Essentials,2026-01-01,24,Classroom,Completed,58,72,6671
T003116,E01352,Cloud Fundamentals,2024-04-07,2,Classroom,Completed,44,49,14703
T003117,E01352,Negotiation,2026-05-07,12,Online,Completed,42,69,10239
T003118,E01354,Cloud Fundamentals,2026-07-15,6,Online,Completed,54,75,10559
T003119,E01354,Python Analytics,2024-10-06,16,Online,Completed,72,78,12938
T003120,E01354,Negotiation,2025-06-12,16,Classroom,Completed,53,59,6479
T003121,E01355,Data Privacy,2026-08-23,16,Classroom,Completed,54,62,1811
T003122,E01355,Cloud Fundamentals,2026-08-30,4,Blended,Completed,61,75,11103
T003123,E01355,Communication Skills,2026-08-23,24,Online,Completed,56,69,9888
T003124,E01356,Project Management,2026-07-08,4,Blended,Completed,50,69,5105
T003125,E01356,Power BI,2025-04-08,12,Online,Completed,70,85,4641
T003126,E01356,Cloud Fundamentals,2025-09-06,4,Online,Completed,42,56,8661
T003127,E01356,Python Analytics,2026-06-29,16,Classroom,Completed,69,80,10976
T003128,E01357,Communication Skills,2026-03-11,8,Online,Completed,77,93,11741
T003129,E01357,Communication Skills,2025-02-09,4,Blended,Completed,71,97,8865
T003130,E01358,Data Privacy,2026-06-13,24,Online,Completed,42,52,13611
T003131,E01358,Cloud Fundamentals,2025-04-23,12,Blended,Completed,43,61,11073
T003132,E01359,Communication Skills,2026-08-18,12,Classroom,Completed,62,73,5457
T003133,E01359,Communication Skills,2026-07-31,2,Classroom,Completed,65,91,4166
T003134,E01359,Leadership Essentials,2026-08-25,8,Blended,Completed,55,77,1810
T003135,E01363,Leadership Essentials,2025-05-20,6,Blended,Completed,78,99,9377
T003136,E01363,Data Privacy,2026-02-11,16,Classroom,Completed,46,66,6453
T003137,E01363,Python Analytics,2025-06-15,6,Classroom,Completed,51,66,6713
T003138,E01363,Communication Skills,2024-05-02,6,Blended,Completed,76,84,9755
T003139,E01363,Power BI,2024-05-17,12,Online,Incomplete,56,66,14694
T003140,E01365,Communication Skills,2024-01-02,16,Blended,Completed,78,98,13291
T003141,E01365,Leadership Essentials,2024-01-04,24,Classroom,Completed,70,80,9461
T003142,E01365,Data Privacy,2024-01-08,4,Classroom,Completed,49,62,5623
T003143,E01365,Cloud Fundamentals,2024-01-04,2,Classroom,Completed,66,92,11741
T003144,E01366,Cloud Fundamentals,2025-08-02,6,Online,Completed,53,77,1657
T003145,E01366,Python Analytics,2025-06-28,16,Blended,Completed,47,59,10790
T003146,E01366,Communication Skills,2026-01-08,12,Blended,Completed,55,71,11875
T003147,E01367,Python Analytics,2025-03-24,2,Classroom,Completed,49,77,5979
T003148,E01367,Negotiation,2024-02-07,8,Classroom,Completed,46,68,13357
T003149,E01367,Leadership Essentials,2026-05-30,24,Blended,Completed,50,76,1838
T003150,E01367,Cloud Fundamentals,2025-12-17,24,Online,Completed,66,79,14014
T003151,E01367,Advanced Excel,2025-07-10,8,Classroom,Completed,65,87,9651
T003152,E01368,Communication Skills,2024-02-17,2,Blended,Completed,51,57,14452
T003153,E01368,Power BI,2024-02-22,4,Blended,Completed,51,78,3464
T003154,E01368,Negotiation,2024-04-30,12,Classroom,Completed,62,70,10198
T003155,E01369,GenAI for Business,2024-03-18,4,Classroom,Incomplete,42,70,11900
T003156,E01369,GenAI for Business,2026-06-09,4,Classroom,Completed,58,64,3896
T003157,E01369,Leadership Essentials,2026-06-06,12,Online,Completed,66,83,1598
T003158,E01371,Communication Skills,2026-08-01,24,Blended,Incomplete,77,100,5895
T003159,E01371,Data Privacy,2025-09-06,4,Blended,Completed,78,85,4067
T003160,E01371,GenAI for Business,2025-12-05,4,Blended,Completed,42,66,6791
T003161,E01371,Project Management,2026-06-29,16,Blended,Completed,68,84,12559
T003162,E01372,Communication Skills,2026-02-19,24,Classroom,Completed,67,73,10488
T003163,E01372,Cloud Fundamentals,2025-08-17,8,Online,Completed,51,61,10487
T003164,E01372,Cloud Fundamentals,2025-11-25,6,Classroom,Completed,50,64,3438
T003165,E01372,GenAI for Business,2025-04-15,2,Online,Completed,40,62,11524
T003166,E01373,Cloud Fundamentals,2024-06-19,16,Online,Completed,75,98,7476
T003167,E01373,Project Management,2024-10-05,24,Online,Completed,48,67,6152
T003168,E01373,Leadership Essentials,2025-08-09,4,Classroom,Completed,76,94,11868
T003169,E01374,Negotiation,2025-12-29,2,Classroom,Completed,67,84,11379
T003170,E01374,Communication Skills,2026-02-13,12,Online,Completed,48,57,4452
T003171,E01374,Power BI,2026-05-22,8,Classroom,Completed,73,85,6881
T003172,E01374,Negotiation,2026-02-05,12,Blended,Completed,59,77,5531
T003173,E01374,Negotiation,2025-07-09,6,Online,Incomplete,75,91,7222
T003174,E01375,Negotiation,2024-05-22,12,Classroom,Completed,40,46,8879
T003175,E01375,Power BI,2024-07-02,12,Online,Completed,43,52,7711
T003176,E01375,Advanced Excel,2024-07-21,8,Classroom,Completed,49,60,9369
T003177,E01375,Leadership Essentials,2024-02-25,24,Online,Completed,64,73,4803
T003178,E01377,Python Analytics,2024-02-28,8,Online,Completed,43,53,6282
T003179,E01377,Leadership Essentials,2025-08-29,24,Classroom,Completed,71,87,2763
T003180,E01377,Advanced Excel,2026-03-25,4,Blended,Completed,76,100,2971
T003181,E01377,Leadership Essentials,2025-10-20,16,Classroom,Completed,74,98,1718
T003182,E01377,Negotiation,2026-02-24,8,Online,Completed,56,61,8425
T003183,E01378,Communication Skills,2024-12-28,12,Classroom,Completed,58,85,5815
T003184,E01378,Communication Skills,2025-03-07,6,Classroom,Completed,76,96,6534
T003185,E01378,Leadership Essentials,2024-02-17,16,Online,Completed,75,95,9012
T003186,E01378,Python Analytics,2024-03-11,12,Online,Completed,66,77,12425
T003187,E01378,Power BI,2025-12-04,12,Online,Completed,56,64,9807
T003188,E01379,Project Management,2026-03-23,2,Classroom,Completed,75,81,9488
T003189,E01379,Advanced Excel,2024-08-19,6,Blended,Completed,76,82,13434
T003190,E01380,Project Management,2025-12-02,4,Blended,Completed,59,75,5847
T003191,E01380,Advanced Excel,2026-03-01,24,Blended,Completed,62,81,11094
T003192,E01380,Python Analytics,2025-08-18,24,Online,Incomplete,43,53,14409
T003193,E01380,Project Management,2025-12-27,6,Blended,Completed,50,60,3081
T003194,E01381,GenAI for Business,2026-01-16,2,Classroom,Completed,72,78,3770
T003195,E01381,Cloud Fundamentals,2026-05-02,2,Online,Completed,41,53,6130
T003196,E01381,Negotiation,2025-03-25,12,Online,Completed,40,48,3329
T003197,E01382,Leadership Essentials,2024-09-26,8,Blended,Completed,47,70,11864
T003198,E01382,Communication Skills,2025-05-12,16,Classroom,Completed,49,55,8513
T003199,E01383,Cloud Fundamentals,2024-01-15,16,Online,Completed,40,57,14037
T003200,E01384,Negotiation,2024-12-21,16,Classroom,Completed,75,92,7344
T003201,E01384,Leadership Essentials,2026-05-28,4,Online,Completed,72,94,12579
T003202,E01384,Advanced Excel,2026-05-11,4,Online,Completed,40,54,13616
T003203,E01384,Power BI,2024-07-19,12,Online,Completed,57,69,3080
T003204,E01384,GenAI for Business,2024-06-15,12,Classroom,Completed,41,53,8733
T003205,E01385,Data Privacy,2026-03-21,2,Blended,Completed,63,77,4416
T003206,E01385,GenAI for Business,2026-06-09,24,Online,Completed,70,93,2082
T003207,E01386,Negotiation,2024-02-24,24,Blended,Completed,68,95,14302
T003208,E01386,Cloud Fundamentals,2026-02-16,6,Online,Completed,40,53,4574
T003209,E01386,GenAI for Business,2025-05-09,8,Online,Completed,75,90,11080
T003210,E01386,Data Privacy,2025-03-14,24,Blended,Completed,77,91,11321
T003211,E01386,GenAI for Business,2025-07-28,2,Blended,Completed,43,61,11321
T003212,E01388,Advanced Excel,2026-07-27,12,Online,Completed,55,70,6611
T003213,E01389,Cloud Fundamentals,2026-02-11,6,Blended,Completed,70,84,2685
T003214,E01390,GenAI for Business,2024-08-28,24,Classroom,Incomplete,51,74,9009
T003215,E01390,Communication Skills,2025-11-08,2,Classroom,Completed,77,100,11444
T003216,E01390,Cloud Fundamentals,2025-03-14,12,Blended,Completed,74,91,9230
T003217,E01392,GenAI for Business,2025-05-21,6,Classroom,Completed,48,71,9925
T003218,E01392,Leadership Essentials,2025-04-14,8,Blended,Completed,47,57,4467
T003219,E01392,Cloud Fundamentals,2025-08-14,8,Online,Completed,75,80,12967
T003220,E01392,Leadership Essentials,2025-03-11,24,Blended,Completed,75,92,14732
T003221,E01392,Project Management,2026-01-09,12,Blended,Completed,61,77,1930
T003222,E01393,Negotiation,2024-08-12,16,Classroom,Completed,50,69,14557
T003223,E01393,Data Privacy,2024-04-23,24,Online,Completed,64,87,11776
T003224,E01393,GenAI for Business,2026-04-15,6,Classroom,Completed,69,83,4476
T003225,E01394,Project Management,2026-03-21,24,Online,Completed,52,63,8241
T003226,E01395,Leadership Essentials,2025-05-15,6,Online,Completed,75,100,9093
T003227,E01395,Project Management,2025-11-08,16,Online,Completed,78,94,3026
T003228,E01395,Advanced Excel,2026-04-26,4,Classroom,Incomplete,77,84,3455
T003229,E01395,Negotiation,2024-04-12,2,Classroom,Completed,73,100,6974
T003230,E01395,GenAI for Business,2025-08-09,6,Classroom,Completed,64,78,8824
T003231,E01397,Data Privacy,2025-11-02,4,Blended,Completed,62,90,6033
T003232,E01397,Project Management,2025-01-31,12,Classroom,Completed,76,94,9506
T003233,E01397,Communication Skills,2026-05-02,16,Blended,Completed,61,82,11210
T003234,E01399,Leadership Essentials,2024-10-17,16,Classroom,Completed,50,70,6434
T003235,E01399,Python Analytics,2024-04-08,6,Online,Completed,48,60,13048
T003236,E01399,Advanced Excel,2025-07-03,16,Classroom,Completed,65,84,9212
T003237,E01399,Cloud Fundamentals,2025-01-05,8,Classroom,Completed,54,67,1896
T003238,E01400,Project Management,2024-08-08,2,Blended,Completed,64,76,12067
T003239,E01400,Leadership Essentials,2024-04-20,2,Blended,Completed,55,67,9813
T003240,E01400,GenAI for Business,2024-10-26,12,Online,Completed,52,78,2033
T003241,E01400,Negotiation,2024-04-30,6,Blended,Completed,60,87,6545
T003242,E01400,Negotiation,2024-07-07,24,Online,Completed,55,67,5853
T003243,E01401,Power BI,2024-09-23,2,Classroom,Completed,68,81,13572
T003244,E01401,Cloud Fundamentals,2026-05-18,4,Online,Completed,44,58,14892
T003245,E01401,Python Analytics,2025-05-18,12,Blended,Completed,66,71,2412
T003246,E01402,Leadership Essentials,2025-11-20,12,Blended,Completed,45,54,8546
T003247,E01405,Advanced Excel,2024-08-30,4,Online,Completed,55,83,7737
T003248,E01405,Advanced Excel,2025-05-15,2,Online,Completed,53,79,6600
T003249,E01405,Advanced Excel,2025-07-23,8,Blended,Completed,55,77,13825
T003250,E01405,Project Management,2026-08-16,2,Classroom,Completed,73,96,9805
T003251,E01405,Advanced Excel,2026-07-10,8,Classroom,Completed,56,70,12238
T003252,E01406,Power BI,2025-09-27,4,Blended,Incomplete,49,77,5947
T003253,E01406,GenAI for Business,2025-10-26,6,Online,Completed,61,74,12131
T003254,E01406,GenAI for Business,2025-12-13,4,Blended,Completed,76,89,13329
T003255,E01406,GenAI for Business,2026-06-06,4,Online,Completed,40,45,2478
T003256,E01407,Power BI,2024-10-06,2,Online,Completed,45,66,9045
T003257,E01407,Project Management,2024-07-12,16,Blended,Completed,63,74,1743
T003258,E01407,GenAI for Business,2026-03-26,8,Classroom,Completed,58,71,6890
T003259,E01407,Communication Skills,2024-04-02,16,Classroom,Completed,65,86,4379
T003260,E01407,Advanced Excel,2024-07-14,12,Online,Completed,71,81,4844
T003261,E01408,Leadership Essentials,2025-05-16,12,Online,Completed,74,82,3460
T003262,E01408,Project Management,2024-11-12,24,Classroom,Completed,54,82,1898
T003263,E01409,Negotiation,2026-07-09,24,Online,Completed,78,85,8061
T003264,E01410,Project Management,2026-06-28,24,Classroom,Completed,71,76,2317
T003265,E01410,Leadership Essentials,2026-08-06,2,Online,Completed,72,88,2160
T003266,E01410,Project Management,2026-08-23,24,Blended,Completed,75,92,8867
T003267,E01410,Power BI,2026-08-25,6,Classroom,Completed,58,81,10323
T003268,E01410,Python Analytics,2026-08-25,12,Blended,Completed,51,63,9635
T003269,E01411,Leadership Essentials,2026-01-09,24,Classroom,Completed,67,78,3324
T003270,E01413,Communication Skills,2026-01-02,2,Classroom,Completed,60,72,8329
T003271,E01413,Data Privacy,2024-10-02,24,Classroom,Completed,46,52,13270
T003272,E01414,Negotiation,2024-02-25,8,Classroom,Completed,64,90,2362
T003273,E01414,Communication Skills,2024-10-07,4,Online,Completed,73,81,14186
T003274,E01414,Python Analytics,2024-01-20,24,Online,Completed,58,85,3156
T003275,E01414,GenAI for Business,2025-03-08,12,Blended,Incomplete,64,80,12087
T003276,E01414,Negotiation,2024-07-17,6,Online,Incomplete,50,61,9085
T003277,E01415,Advanced Excel,2026-07-28,16,Online,Completed,72,100,6198
T003278,E01415,Data Privacy,2026-06-23,12,Blended,Completed,43,71,4588
T003279,E01415,Project Management,2026-08-02,4,Blended,Completed,41,47,12643
T003280,E01415,Power BI,2026-06-28,6,Classroom,Completed,65,74,14747
T003281,E01416,Advanced Excel,2024-05-22,4,Online,Completed,77,100,11245
T003282,E01417,Python Analytics,2024-03-15,16,Blended,Completed,76,100,3563
T003283,E01417,Project Management,2024-01-23,4,Blended,Completed,73,84,5312
T003284,E01417,GenAI for Business,2025-09-22,4,Classroom,Completed,47,74,11784
T003285,E01417,Cloud Fundamentals,2024-01-01,12,Classroom,Completed,49,63,4626
T003286,E01419,Negotiation,2026-07-15,6,Blended,Completed,66,92,14753
T003287,E01419,Advanced Excel,2026-05-30,24,Blended,Completed,53,68,11384
T003288,E01419,Communication Skills,2026-03-11,6,Blended,Completed,53,79,5640
T003289,E01421,GenAI for Business,2026-07-16,4,Online,Completed,45,52,12877
T003290,E01422,Python Analytics,2026-07-25,4,Blended,Completed,61,75,4036
T003291,E01422,Cloud Fundamentals,2026-08-02,2,Blended,Completed,48,67,7211
T003292,E01422,Python Analytics,2025-11-30,6,Classroom,Completed,51,73,12316
T003293,E01422,Power BI,2025-06-14,4,Blended,Incomplete,46,62,3992
T003294,E01422,Advanced Excel,2026-01-20,16,Classroom,Completed,50,63,11401
T003295,E01423,Leadership Essentials,2024-12-05,4,Online,Completed,77,96,7948
T003296,E01423,Leadership Essentials,2026-07-12,24,Online,Completed,76,97,2919
T003297,E01423,Power BI,2026-02-09,8,Online,Completed,69,80,13043
T003298,E01423,Python Analytics,2026-08-20,24,Blended,Completed,52,61,6520
T003299,E01424,Data Privacy,2025-01-01,2,Classroom,Completed,61,88,6037
T003300,E01424,Python Analytics,2025-10-15,6,Online,Incomplete,40,49,8607
T003301,E01424,GenAI for Business,2025-08-23,4,Blended,Incomplete,72,79,13070
T003302,E01425,Advanced Excel,2025-05-23,16,Online,Completed,66,79,12088
T003303,E01425,Project Management,2024-01-21,6,Online,Completed,71,84,8669
T003304,E01425,Communication Skills,2025-02-18,24,Classroom,Completed,52,76,4322
T003305,E01426,Project Management,2024-10-26,4,Online,Completed,40,55,5237
T003306,E01426,Cloud Fundamentals,2025-09-21,8,Blended,Completed,52,59,9240
T003307,E01428,Project Management,2025-04-06,4,Online,Completed,78,98,14709
T003308,E01431,Leadership Essentials,2025-07-10,12,Blended,Completed,43,62,10458
T003309,E01431,Cloud Fundamentals,2026-05-07,4,Blended,Completed,49,69,7164
T003310,E01434,Python Analytics,2025-12-30,8,Online,Completed,40,68,4947
T003311,E01434,GenAI for Business,2024-03-15,16,Blended,Completed,73,99,7324
T003312,E01435,Project Management,2026-05-02,16,Online,Completed,56,72,13306
T003313,E01435,Leadership Essentials,2024-11-14,24,Online,Completed,52,59,8493
T003314,E01435,Communication Skills,2025-12-10,12,Blended,Completed,64,87,5719
T003315,E01435,Project Management,2026-08-11,6,Online,Completed,47,69,5424
T003316,E01435,Cloud Fundamentals,2025-11-12,12,Online,Completed,55,69,12032
T003317,E01437,Project Management,2026-06-03,4,Classroom,Completed,53,75,8181
T003318,E01437,Communication Skills,2026-02-18,8,Classroom,Completed,51,76,7678
T003319,E01437,Negotiation,2026-03-12,8,Online,Completed,49,67,12294
T003320,E01437,Leadership Essentials,2026-01-14,8,Classroom,Completed,77,91,9445
T003321,E01438,Cloud Fundamentals,2025-01-12,8,Blended,Completed,41,51,6630
T003322,E01438,Data Privacy,2024-10-15,8,Classroom,Completed,60,75,13877
T003323,E01439,Power BI,2024-03-02,12,Blended,Incomplete,60,82,11881
T003324,E01439,Leadership Essentials,2026-04-06,24,Blended,Completed,42,56,13949
T003325,E01439,Advanced Excel,2024-09-19,6,Online,Completed,57,63,9477
T003326,E01440,Power BI,2024-06-10,6,Online,Incomplete,58,73,13098
T003327,E01440,Data Privacy,2024-07-26,12,Online,Completed,48,65,4651
T003328,E01440,Communication Skills,2026-05-03,4,Blended,Completed,71,87,12935
T003329,E01441,Data Privacy,2025-09-01,8,Blended,Completed,42,50,2403
T003330,E01441,Cloud Fundamentals,2025-12-21,16,Online,Completed,55,61,7430
T003331,E01442,Python Analytics,2026-08-05,12,Classroom,Completed,59,84,7023
T003332,E01442,Negotiation,2026-06-20,12,Blended,Completed,50,76,11766
T003333,E01442,Communication Skills,2026-05-31,6,Blended,Completed,55,66,11109
T003334,E01444,Leadership Essentials,2024-08-13,4,Blended,Completed,64,89,7874
T003335,E01444,Cloud Fundamentals,2025-12-14,6,Online,Completed,72,95,4700
T003336,E01445,Data Privacy,2026-02-21,16,Blended,Completed,47,65,5961
T003337,E01445,Communication Skills,2025-04-06,4,Classroom,Completed,74,99,5240
T003338,E01445,Cloud Fundamentals,2025-11-21,8,Blended,Completed,65,92,2378
T003339,E01445,Data Privacy,2025-08-17,2,Classroom,Completed,53,72,8033
T003340,E01445,Negotiation,2024-08-04,6,Classroom,Completed,48,56,6098
T003341,E01446,Negotiation,2024-08-31,6,Classroom,Completed,40,46,10336
T003342,E01446,Cloud Fundamentals,2025-07-07,12,Blended,Completed,50,60,6291
T003343,E01446,Leadership Essentials,2025-05-17,16,Blended,Completed,76,89,13206
T003344,E01446,Advanced Excel,2025-09-21,16,Online,Completed,72,91,14913
T003345,E01446,Power BI,2024-03-03,12,Blended,Completed,44,66,5217
T003346,E01448,GenAI for Business,2024-11-01,6,Classroom,Completed,76,99,5690
T003347,E01448,Negotiation,2026-05-27,6,Classroom,Completed,76,90,8616
T003348,E01448,Advanced Excel,2026-07-01,6,Blended,Completed,50,62,10396
T003349,E01448,Communication Skills,2026-08-28,24,Online,Incomplete,53,70,9276
T003350,E01448,Python Analytics,2026-04-23,2,Blended,Completed,65,75,13109
T003351,E01449,Python Analytics,2024-11-28,12,Classroom,Completed,49,68,8489
T003352,E01449,GenAI for Business,2025-08-31,16,Blended,Completed,55,77,13036
T003353,E01450,GenAI for Business,2026-06-21,4,Classroom,Completed,63,70,11839
T003354,E01450,Leadership Essentials,2025-03-10,4,Online,Completed,70,87,10477
T003355,E01452,Power BI,2025-07-18,4,Blended,Completed,40,67,10180
T003356,E01452,Advanced Excel,2024-10-09,12,Online,Incomplete,67,74,12598
T003357,E01452,Power BI,2026-07-12,8,Blended,Completed,75,87,9294
T003358,E01452,Advanced Excel,2026-02-28,6,Blended,Completed,62,68,11323
T003359,E01453,Leadership Essentials,2025-05-23,12,Online,Completed,77,87,14596
T003360,E01453,Negotiation,2025-01-12,6,Online,Completed,42,53,3848
T003361,E01453,Cloud Fundamentals,2025-12-18,12,Classroom,Completed,54,75,6351
T003362,E01453,Data Privacy,2026-02-18,4,Classroom,Completed,67,87,5505
T003363,E01453,Python Analytics,2024-11-27,12,Blended,Completed,42,62,13293
T003364,E01454,GenAI for Business,2024-05-24,8,Online,Completed,51,58,1764
T003365,E01455,Advanced Excel,2026-03-03,6,Blended,Completed,74,96,14485
T003366,E01455,Negotiation,2026-03-03,12,Online,Completed,44,67,14816
T003367,E01455,GenAI for Business,2025-02-09,8,Classroom,Completed,64,82,3174
T003368,E01456,Power BI,2024-09-23,16,Classroom,Completed,48,61,13132
T003369,E01456,Leadership Essentials,2026-07-26,24,Online,Completed,48,55,5457
T003370,E01456,Python Analytics,2024-09-02,6,Blended,Completed,77,100,11973
T003371,E01457,Communication Skills,2024-02-23,8,Classroom,Completed,46,55,13401
T003372,E01458,Communication Skills,2024-11-27,6,Blended,Completed,57,84,4877
T003373,E01458,Project Management,2025-12-22,8,Classroom,Incomplete,64,90,13406
T003374,E01458,GenAI for Business,2024-07-28,8,Blended,Completed,74,95,14038
T003375,E01458,Python Analytics,2025-02-23,4,Blended,Completed,61,69,13582
T003376,E01459,Power BI,2026-03-19,4,Blended,Completed,42,68,14309
T003377,E01460,Power BI,2025-09-10,8,Online,Completed,76,100,7006
T003378,E01461,Communication Skills,2024-07-11,6,Classroom,Completed,72,92,7703
T003379,E01461,Communication Skills,2024-01-30,2,Online,Completed,58,66,9867
T003380,E01461,Cloud Fundamentals,2024-07-21,2,Online,Completed,47,56,12094
T003381,E01461,Power BI,2024-03-30,24,Blended,Completed,56,68,3085
T003382,E01463,GenAI for Business,2026-06-14,8,Classroom,Completed,59,67,8659
T003383,E01464,Python Analytics,2025-09-26,24,Blended,Completed,53,65,2322
T003384,E01466,Communication Skills,2024-01-20,2,Classroom,Completed,47,58,3385
T003385,E01467,Power BI,2026-03-27,16,Online,Completed,69,90,14875
T003386,E01468,Project Management,2025-06-22,6,Online,Completed,43,69,5405
T003387,E01468,Data Privacy,2024-10-13,8,Classroom,Completed,68,83,9728
T003388,E01469,Communication Skills,2026-02-04,6,Online,Completed,74,89,2368
T003389,E01470,Cloud Fundamentals,2024-01-16,16,Blended,Completed,73,80,7540
T003390,E01470,Power BI,2026-04-03,16,Classroom,Completed,52,70,7033
T003391,E01470,Negotiation,2025-10-28,4,Blended,Incomplete,73,82,3866
T003392,E01470,Advanced Excel,2024-02-17,2,Blended,Completed,64,76,3467
T003393,E01470,Python Analytics,2026-07-13,4,Classroom,Completed,72,79,13842
T003394,E01471,Negotiation,2025-02-01,16,Classroom,Completed,43,50,9127
T003395,E01471,Advanced Excel,2026-02-15,12,Blended,Completed,65,77,3191
T003396,E01472,Communication Skills,2026-01-04,2,Classroom,Completed,60,71,13156
T003397,E01473,GenAI for Business,2024-05-09,12,Classroom,Completed,67,78,2540
T003398,E01474,Python Analytics,2026-06-04,16,Classroom,Completed,42,47,14511
T003399,E01474,Communication Skills,2026-06-27,8,Classroom,Completed,64,90,11022
T003400,E01474,Python Analytics,2025-10-30,6,Online,Completed,61,88,6253
T003401,E01475,Negotiation,2026-02-22,4,Classroom,Completed,57,72,14674
T003402,E01475,Python Analytics,2025-02-14,4,Online,Completed,46,57,1853
T003403,E01476,Python Analytics,2026-08-17,12,Blended,Completed,66,73,13515
T003404,E01476,Negotiation,2024-07-29,4,Online,Completed,66,72,10372
T003405,E01476,Communication Skills,2025-06-30,16,Blended,Completed,68,95,2138
T003406,E01477,GenAI for Business,2024-05-25,4,Blended,Completed,53,69,13656
T003407,E01480,Advanced Excel,2024-02-02,8,Online,Completed,50,56,8557
T003408,E01480,Power BI,2025-02-13,6,Online,Completed,71,84,9934
T003409,E01480,Python Analytics,2024-08-25,12,Classroom,Completed,51,74,10092
T003410,E01480,Power BI,2024-08-20,4,Online,Completed,71,90,9237
T003411,E01481,Data Privacy,2024-12-13,4,Classroom,Completed,59,69,4100
T003412,E01481,Data Privacy,2026-03-11,4,Classroom,Completed,59,73,1967
T003413,E01481,GenAI for Business,2025-12-27,24,Classroom,Completed,46,66,9870
T003414,E01482,Power BI,2024-12-31,16,Online,Incomplete,45,59,12426
T003415,E01483,Data Privacy,2024-06-05,4,Blended,Completed,48,63,6255
T003416,E01483,Advanced Excel,2024-09-30,16,Blended,Completed,66,79,2774
T003417,E01483,Python Analytics,2025-03-05,16,Online,Completed,70,84,9452
T003418,E01484,Project Management,2026-08-18,24,Blended,Completed,71,79,5148
T003419,E01484,Communication Skills,2026-04-14,24,Blended,Incomplete,52,80,9304
T003420,E01484,GenAI for Business,2026-07-20,2,Classroom,Completed,61,75,13148
T003421,E01484,Power BI,2026-06-09,16,Classroom,Completed,62,67,7055
T003422,E01484,Advanced Excel,2026-04-08,4,Online,Completed,45,51,6570
T003423,E01485,Python Analytics,2025-02-28,16,Online,Completed,58,79,3890
T003424,E01485,Project Management,2026-08-18,8,Classroom,Completed,53,59,10859
T003425,E01485,GenAI for Business,2024-02-02,24,Blended,Completed,40,55,2818
T003426,E01485,Cloud Fundamentals,2024-04-12,12,Blended,Completed,41,52,14041
T003427,E01485,Python Analytics,2025-08-18,2,Online,Completed,49,64,13147
T003428,E01488,Python Analytics,2026-04-11,4,Online,Incomplete,75,91,2724
T003429,E01488,Cloud Fundamentals,2026-08-05,6,Blended,Completed,53,77,13060
T003430,E01488,Python Analytics,2026-03-13,16,Blended,Completed,71,81,1548
T003431,E01488,Advanced Excel,2026-04-17,12,Online,Completed,73,85,12298
T003432,E01488,Project Management,2026-08-25,2,Blended,Completed,44,68,1563
T003433,E01490,GenAI for Business,2026-01-19,2,Online,Completed,72,100,5820
T003434,E01490,GenAI for Business,2026-07-15,12,Online,Completed,78,95,8707
T003435,E01490,Cloud Fundamentals,2024-05-20,2,Classroom,Completed,40,46,8535
T003436,E01490,Python Analytics,2025-11-01,12,Classroom,Completed,48,64,14307
T003437,E01490,Negotiation,2026-07-10,2,Blended,Completed,78,95,13541
T003438,E01492,Communication Skills,2026-07-17,2,Classroom,Completed,58,76,5160
T003439,E01492,Advanced Excel,2026-03-09,12,Blended,Completed,55,78,7522
T003440,E01493,Python Analytics,2024-08-28,24,Blended,Completed,47,75,12778
T003441,E01494,Cloud Fundamentals,2026-04-19,12,Online,Completed,78,96,9434
T003442,E01494,Project Management,2025-07-15,12,Classroom,Completed,65,81,14019
T003443,E01494,Negotiation,2026-03-07,2,Blended,Completed,68,75,3606
T003444,E01496,GenAI for Business,2025-09-14,12,Classroom,Completed,50,63,7790
T003445,E01497,Leadership Essentials,2025-10-19,6,Classroom,Completed,75,100,8612
T003446,E01498,GenAI for Business,2025-04-11,4,Blended,Completed,50,77,1774
T003447,E01498,Project Management,2025-12-28,2,Online,Incomplete,40,45,7273
T003448,E01498,Leadership Essentials,2025-11-15,8,Classroom,Completed,77,85,7039
T003449,E01498,Data Privacy,2026-04-02,12,Blended,Completed,76,83,7773
T003450,E01499,Cloud Fundamentals,2025-12-14,8,Classroom,Completed,48,55,5919
T003451,E01500,Leadership Essentials,2026-08-28,16,Classroom,Completed,77,100,5151
T003452,E01500,Project Management,2026-08-03,12,Blended,Completed,63,88,7161
T003453,E01500,Cloud Fundamentals,2026-03-31,6,Online,Completed,63,80,4805
T003454,E01500,Negotiation,2026-03-17,2,Blended,Incomplete,66,75,1786
T003455,E01500,Project Management,2026-07-29,2,Online,Completed,68,89,12759
T003456,E01502,Leadership Essentials,2026-03-12,24,Blended,Completed,40,54,5393
T003457,E01502,Power BI,2025-01-26,12,Classroom,Incomplete,43,50,8221
T003458,E01502,Negotiation,2024-04-14,4,Blended,Completed,58,77,7819
T003459,E01502,Python Analytics,2025-06-20,16,Blended,Completed,55,68,14183
T003460,E01502,Python Analytics,2024-12-11,12,Blended,Completed,58,72,5032
T003461,E01505,Project Management,2024-03-05,24,Blended,Completed,49,67,11426
T003462,E01505,Project Management,2024-01-07,2,Blended,Completed,72,86,11440
T003463,E01505,GenAI for Business,2025-11-25,4,Online,Completed,52,68,13047
T003464,E01505,Python Analytics,2024-05-07,4,Classroom,Completed,78,100,5866
T003465,E01506,Project Management,2026-05-29,24,Online,Completed,75,84,9961
T003466,E01506,Negotiation,2026-03-29,12,Blended,Completed,72,91,7031
T003467,E01506,Power BI,2025-12-26,12,Online,Completed,46,66,11900
T003468,E01506,Leadership Essentials,2026-03-24,24,Blended,Completed,42,48,7601
T003469,E01506,GenAI for Business,2026-04-29,4,Blended,Completed,60,77,7069
T003470,E01507,Negotiation,2026-04-25,6,Classroom,Completed,48,71,12873
T003471,E01507,Python Analytics,2024-11-10,16,Online,Completed,43,50,13022
T003472,E01507,Negotiation,2024-09-22,6,Online,Completed,66,87,8828
T003473,E01508,Project Management,2025-05-04,4,Blended,Completed,55,76,9450
T003474,E01508,Advanced Excel,2025-10-01,12,Blended,Completed,64,84,6982
T003475,E01508,Python Analytics,2025-04-01,12,Online,Completed,75,92,13478
T003476,E01508,Python Analytics,2026-06-09,4,Blended,Incomplete,42,65,8350
T003477,E01508,GenAI for Business,2025-02-19,2,Online,Completed,75,92,7346
T003478,E01510,Data Privacy,2026-05-06,2,Online,Completed,44,67,7948
T003479,E01510,Advanced Excel,2026-07-13,24,Blended,Completed,77,100,8838
T003480,E01510,GenAI for Business,2026-06-11,6,Blended,Completed,69,86,5990
T003481,E01510,Communication Skills,2026-07-31,16,Classroom,Completed,75,86,13758
T003482,E01512,Power BI,2026-07-19,2,Classroom,Completed,69,77,6296
T003483,E01512,Leadership Essentials,2026-08-09,2,Blended,Completed,46,62,12474
T003484,E01513,Negotiation,2026-01-19,16,Classroom,Completed,71,80,8138
T003485,E01513,Data Privacy,2024-09-07,12,Blended,Completed,40,47,4557
T003486,E01513,Communication Skills,2024-10-21,2,Blended,Completed,49,55,3525
T003487,E01515,Communication Skills,2026-08-04,2,Online,Incomplete,53,71,12850
T003488,E01515,Leadership Essentials,2026-07-15,8,Classroom,Completed,59,79,3911
T003489,E01516,Python Analytics,2026-06-08,6,Online,Completed,71,96,5233
T003490,E01516,Data Privacy,2026-01-27,4,Online,Completed,49,63,7200
T003491,E01517,Negotiation,2025-12-11,2,Blended,Completed,50,68,10593
T003492,E01517,Cloud Fundamentals,2025-07-31,8,Online,Completed,74,91,5959
T003493,E01517,Power BI,2025-11-27,2,Blended,Completed,50,66,10356
T003494,E01517,Python Analytics,2025-06-19,2,Blended,Completed,67,85,13424
T003495,E01518,Leadership Essentials,2025-02-08,8,Classroom,Completed,40,47,2217
T003496,E01518,GenAI for Business,2026-03-12,12,Blended,Completed,46,60,11657
T003497,E01518,Project Management,2025-05-22,24,Online,Completed,47,57,2689
T003498,E01519,Python Analytics,2025-08-11,8,Classroom,Completed,66,76,6452
T003499,E01519,Python Analytics,2026-07-18,6,Classroom,Completed,42,63,10239
T003500,E01519,GenAI for Business,2024-10-02,16,Classroom,Incomplete,78,88,14823
T003501,E01521,Cloud Fundamentals,2024-01-21,2,Blended,Completed,55,81,2296
T003502,E01522,Advanced Excel,2024-09-23,24,Classroom,Completed,67,81,1671
T003503,E01522,GenAI for Business,2024-08-30,12,Classroom,Completed,74,81,13722
T003504,E01522,Leadership Essentials,2024-03-06,6,Classroom,Completed,60,73,9336
T003505,E01523,Project Management,2025-04-04,6,Online,Completed,59,64,9282
T003506,E01523,GenAI for Business,2025-10-21,8,Blended,Completed,69,82,3153
T003507,E01524,Negotiation,2026-01-22,4,Classroom,Completed,43,51,13286
T003508,E01524,Leadership Essentials,2026-08-25,16,Blended,Completed,48,70,13288
T003509,E01524,Leadership Essentials,2026-02-22,12,Online,Completed,64,88,2608
T003510,E01525,Project Management,2024-08-27,6,Online,Completed,72,95,2600
T003511,E01525,GenAI for Business,2024-03-21,24,Blended,Completed,54,59,9965
T003512,E01525,Power BI,2025-07-04,8,Blended,Completed,59,84,4472
T003513,E01528,Communication Skills,2025-05-03,6,Classroom,Completed,42,67,2390
T003514,E01528,Python Analytics,2024-04-12,6,Classroom,Completed,56,62,3054
T003515,E01528,Advanced Excel,2026-01-25,16,Online,Completed,46,60,9590
T003516,E01529,Project Management,2026-05-24,6,Classroom,Completed,64,82,14089
T003517,E01529,Python Analytics,2024-03-25,24,Classroom,Completed,40,51,13637
T003518,E01529,Data Privacy,2025-08-05,2,Blended,Completed,75,95,7351
T003519,E01529,Python Analytics,2024-06-17,6,Classroom,Completed,43,60,3928
T003520,E01530,Communication Skills,2025-09-24,12,Blended,Completed,62,72,12939
T003521,E01530,Leadership Essentials,2026-07-18,4,Blended,Completed,43,71,11304
T003522,E01530,Leadership Essentials,2025-10-15,24,Blended,Completed,60,68,8067
T003523,E01530,GenAI for Business,2026-07-29,8,Blended,Completed,53,63,6684
T003524,E01532,Power BI,2024-01-16,2,Blended,Completed,61,69,12221
T003525,E01532,Python Analytics,2025-12-02,6,Classroom,Completed,41,47,13737
T003526,E01532,Communication Skills,2024-07-14,6,Blended,Completed,40,62,12563
T003527,E01532,Leadership Essentials,2024-06-02,16,Blended,Completed,40,52,4164
T003528,E01532,Power BI,2024-04-29,8,Blended,Completed,69,97,13485
T003529,E01533,Negotiation,2026-02-14,4,Online,Completed,62,70,10552
T003530,E01533,Project Management,2026-05-12,8,Online,Completed,48,58,13416
T003531,E01533,Project Management,2026-04-13,24,Blended,Completed,52,70,10721
T003532,E01535,Advanced Excel,2024-06-05,4,Blended,Completed,72,90,8012
T003533,E01535,Project Management,2024-02-23,4,Classroom,Completed,40,49,8432
T003534,E01535,Project Management,2024-01-04,12,Blended,Completed,60,84,14869
T003535,E01536,Project Management,2024-12-12,6,Classroom,Completed,47,62,4008
T003536,E01536,Communication Skills,2024-09-06,16,Blended,Completed,40,50,10833
T003537,E01536,Communication Skills,2024-09-18,12,Blended,Completed,77,100,3259
T003538,E01536,Advanced Excel,2024-10-08,6,Classroom,Completed,42,55,13056
T003539,E01538,Advanced Excel,2026-08-15,6,Blended,Completed,65,75,8827
T003540,E01538,GenAI for Business,2025-08-10,4,Online,Completed,73,100,9063
T003541,E01539,Project Management,2025-08-17,6,Classroom,Completed,44,59,9314
T003542,E01539,Project Management,2025-11-09,16,Classroom,Completed,49,61,2468
T003543,E01539,Communication Skills,2025-04-03,16,Online,Completed,58,78,8447
T003544,E01539,Power BI,2025-07-06,16,Blended,Incomplete,52,66,4346
T003545,E01539,GenAI for Business,2026-07-26,16,Classroom,Completed,74,84,5382
T003546,E01540,Python Analytics,2025-12-24,24,Classroom,Completed,59,77,2373
T003547,E01540,Leadership Essentials,2024-06-08,4,Online,Completed,56,82,13196
T003548,E01540,Project Management,2026-05-26,2,Classroom,Completed,47,68,1911
T003549,E01540,Project Management,2024-09-25,12,Online,Incomplete,55,62,2082
T003550,E01541,Communication Skills,2026-05-10,8,Online,Completed,51,67,10344
T003551,E01541,Python Analytics,2024-01-02,2,Blended,Completed,48,63,5617
T003552,E01541,Power BI,2025-05-28,8,Blended,Completed,51,60,4099
T003553,E01541,Python Analytics,2026-04-27,2,Classroom,Completed,49,68,8251
T003554,E01542,Communication Skills,2026-05-04,2,Online,Completed,74,100,9164
T003555,E01543,GenAI for Business,2025-06-19,6,Blended,Completed,46,54,12011
T003556,E01543,Advanced Excel,2026-07-12,2,Online,Completed,45,68,6510
T003557,E01544,Advanced Excel,2026-06-13,8,Classroom,Completed,53,74,12053
T003558,E01544,Negotiation,2026-06-10,4,Blended,Completed,41,50,4518
T003559,E01544,Data Privacy,2026-07-31,16,Blended,Completed,77,100,9696
T003560,E01546,Leadership Essentials,2026-04-28,24,Blended,Completed,61,80,6353
T003561,E01546,Communication Skills,2026-05-18,12,Online,Completed,59,84,10677
T003562,E01546,Communication Skills,2026-06-06,12,Classroom,Completed,76,100,9415
T003563,E01549,Negotiation,2025-10-26,6,Online,Completed,64,73,8151
T003564,E01549,Project Management,2024-08-03,8,Blended,Incomplete,53,77,6529
T003565,E01549,GenAI for Business,2026-03-24,12,Blended,Completed,63,84,5664
T003566,E01549,Communication Skills,2025-01-24,8,Online,Completed,71,97,1588
T003567,E01549,GenAI for Business,2024-10-26,24,Blended,Completed,59,69,4108
T003568,E01550,Python Analytics,2026-08-25,6,Online,Completed,56,80,4318
T003569,E01550,Data Privacy,2026-07-08,16,Classroom,Completed,61,75,10953
T003570,E01552,Leadership Essentials,2026-08-05,16,Blended,Completed,53,70,12855
T003571,E01553,Python Analytics,2025-09-07,4,Blended,Completed,55,72,2615
T003572,E01553,Leadership Essentials,2024-03-04,8,Blended,Completed,73,82,10854
T003573,E01553,Negotiation,2025-12-02,12,Blended,Completed,42,70,11444
T003574,E01553,Project Management,2025-01-21,8,Classroom,Completed,47,60,10016
T003575,E01554,Data Privacy,2024-02-22,6,Blended,Completed,59,85,9844
T003576,E01554,Negotiation,2026-06-08,16,Blended,Completed,51,58,5354
T003577,E01554,Python Analytics,2026-04-04,6,Blended,Completed,73,100,12347
T003578,E01554,GenAI for Business,2024-11-06,8,Classroom,Incomplete,75,98,6273
T003579,E01554,GenAI for Business,2026-08-17,6,Blended,Completed,50,57,7598
T003580,E01556,Project Management,2026-04-15,2,Online,Completed,50,60,3075
T003581,E01556,Cloud Fundamentals,2024-11-03,12,Classroom,Completed,52,63,9300
T003582,E01556,Advanced Excel,2024-07-26,2,Blended,Completed,54,59,8685
T003583,E01557,Negotiation,2024-09-01,2,Blended,Completed,45,54,14307
T003584,E01557,Power BI,2025-10-20,12,Online,Completed,65,84,10792
T003585,E01557,Data Privacy,2024-12-25,12,Blended,Completed,62,70,1712
T003586,E01557,Power BI,2024-01-27,12,Online,Completed,59,82,11906
T003587,E01557,Negotiation,2024-05-07,4,Classroom,Completed,77,100,4068
T003588,E01558,GenAI for Business,2024-12-17,4,Online,Completed,54,73,13240
T003589,E01558,Cloud Fundamentals,2024-11-14,2,Blended,Completed,77,96,6068
T003590,E01558,Data Privacy,2025-04-15,2,Classroom,Completed,72,88,10589
T003591,E01558,Negotiation,2024-11-07,12,Classroom,Completed,41,48,4547
T003592,E01558,Advanced Excel,2026-03-09,24,Online,Completed,42,60,4571
T003593,E01559,Data Privacy,2024-09-25,4,Classroom,Completed,42,59,14346
T003594,E01559,Leadership Essentials,2025-01-07,6,Blended,Completed,51,78,11701
T003595,E01560,Power BI,2024-01-09,4,Online,Completed,42,63,13231
T003596,E01560,Negotiation,2024-08-03,4,Classroom,Completed,65,71,11431
T003597,E01560,Power BI,2024-01-23,4,Blended,Completed,46,53,6557
T003598,E01560,Negotiation,2024-04-23,24,Blended,Completed,43,63,5167
T003599,E01560,Power BI,2024-05-03,6,Online,Incomplete,76,92,13451
T003600,E01561,Python Analytics,2026-01-28,24,Blended,Completed,69,83,9249
T003601,E01561,Python Analytics,2026-04-01,8,Blended,Completed,42,67,2108
T003602,E01561,Advanced Excel,2025-06-24,8,Classroom,Completed,45,50,2970
T003603,E01561,Communication Skills,2024-09-16,24,Classroom,Completed,77,95,9007
T003604,E01562,Project Management,2024-02-18,8,Classroom,Completed,50,65,7528
T003605,E01562,Python Analytics,2025-12-01,16,Blended,Completed,51,56,6332
T003606,E01562,Cloud Fundamentals,2026-05-24,16,Online,Completed,51,57,1872
T003607,E01562,GenAI for Business,2024-10-13,12,Classroom,Completed,50,74,11829
T003608,E01562,Negotiation,2025-03-03,2,Blended,Completed,76,90,12971
T003609,E01563,Negotiation,2026-08-16,8,Blended,Completed,60,88,13462
T003610,E01563,Advanced Excel,2024-12-05,8,Online,Completed,57,84,13266
T003611,E01564,Python Analytics,2026-01-29,24,Blended,Completed,42,55,12800
T003612,E01566,Python Analytics,2024-04-06,12,Classroom,Completed,42,51,9832
T003613,E01566,Python Analytics,2026-05-15,2,Online,Completed,75,89,12106
T003614,E01567,Project Management,2025-10-15,16,Classroom,Completed,41,53,11755
T003615,E01567,Power BI,2025-05-13,24,Classroom,Incomplete,47,68,4696
T003616,E01567,Project Management,2024-07-03,16,Online,Completed,50,64,13648
T003617,E01567,Leadership Essentials,2025-03-30,6,Blended,Incomplete,62,82,2694
T003618,E01567,GenAI for Business,2024-07-16,16,Blended,Completed,48,59,9803
T003619,E01568,Data Privacy,2025-06-17,4,Classroom,Completed,77,90,8146
T003620,E01568,GenAI for Business,2025-01-06,6,Online,Completed,40,68,4047
T003621,E01568,Cloud Fundamentals,2026-05-27,24,Classroom,Completed,69,85,6109
T003622,E01568,Data Privacy,2026-04-27,6,Online,Completed,64,73,11067
T003623,E01569,GenAI for Business,2024-05-24,16,Classroom,Completed,55,83,7506
T003624,E01569,Power BI,2024-01-28,6,Classroom,Incomplete,55,76,4116
T003625,E01569,GenAI for Business,2026-03-16,8,Online,Completed,68,91,6221
T003626,E01569,GenAI for Business,2024-03-23,4,Online,Completed,67,72,3233
T003627,E01569,Advanced Excel,2024-07-27,16,Blended,Completed,65,80,13427
T003628,E01570,Leadership Essentials,2025-04-20,6,Online,Completed,71,96,5930
T003629,E01570,GenAI for Business,2025-10-08,8,Online,Completed,54,62,11477
T003630,E01570,GenAI for Business,2026-06-10,16,Classroom,Completed,63,71,7959
T003631,E01570,Negotiation,2025-06-29,24,Blended,Completed,65,79,12948
T003632,E01571,Data Privacy,2026-04-26,8,Classroom,Completed,74,98,11802
T003633,E01571,GenAI for Business,2026-04-29,4,Online,Completed,47,63,2074
T003634,E01571,Python Analytics,2024-08-28,4,Online,Completed,47,67,8036
T003635,E01572,Power BI,2026-08-17,2,Classroom,Completed,44,70,5581
T003636,E01572,Communication Skills,2026-02-11,2,Online,Completed,46,51,7362
T003637,E01572,Python Analytics,2024-01-29,4,Classroom,Incomplete,47,74,9048
T003638,E01572,Python Analytics,2024-05-04,4,Online,Completed,63,75,2879
T003639,E01574,Communication Skills,2025-12-25,4,Online,Completed,52,65,10141
T003640,E01574,Leadership Essentials,2024-02-19,6,Classroom,Completed,60,68,8551
T003641,E01575,Project Management,2025-08-30,8,Classroom,Completed,49,77,10242
T003642,E01576,GenAI for Business,2025-07-31,2,Online,Completed,74,98,9789
T003643,E01576,Negotiation,2024-08-08,16,Online,Completed,55,62,2467
T003644,E01576,Leadership Essentials,2024-08-31,4,Blended,Completed,59,79,14497
T003645,E01576,Communication Skills,2024-08-16,12,Online,Completed,58,68,3477
T003646,E01578,GenAI for Business,2026-04-25,24,Blended,Completed,78,100,8927
T003647,E01578,Cloud Fundamentals,2025-10-15,16,Classroom,Completed,63,76,2370
T003648,E01578,Leadership Essentials,2026-07-21,2,Online,Completed,40,46,13681
T003649,E01578,GenAI for Business,2024-06-08,12,Classroom,Completed,62,82,13521
T003650,E01578,Python Analytics,2025-04-04,12,Online,Completed,46,67,4832
T003651,E01579,Advanced Excel,2024-07-30,8,Classroom,Completed,71,80,2724
T003652,E01580,GenAI for Business,2026-03-18,2,Classroom,Completed,51,58,9145
T003653,E01580,Project Management,2026-04-24,4,Classroom,Completed,69,82,13128
T003654,E01581,Python Analytics,2026-07-21,24,Blended,Completed,41,49,14949
T003655,E01581,Advanced Excel,2024-02-08,2,Blended,Completed,58,81,4494
T003656,E01581,Negotiation,2024-07-25,2,Online,Completed,55,81,13307
T003657,E01581,Project Management,2024-07-04,2,Classroom,Completed,67,78,6758
T003658,E01582,Cloud Fundamentals,2026-01-12,24,Online,Completed,52,71,5567
T003659,E01584,GenAI for Business,2024-06-30,2,Blended,Completed,55,72,3011
T003660,E01584,Python Analytics,2026-06-27,24,Blended,Completed,74,81,9639
T003661,E01585,Advanced Excel,2025-12-09,2,Blended,Completed,74,83,7487
T003662,E01585,Cloud Fundamentals,2025-10-03,6,Online,Completed,58,79,5085
T003663,E01585,Python Analytics,2026-02-01,6,Classroom,Completed,70,86,13427
T003664,E01585,Data Privacy,2025-11-14,12,Blended,Completed,75,93,12539
T003665,E01586,Cloud Fundamentals,2026-07-03,2,Classroom,Completed,55,66,2565
T003666,E01586,Advanced Excel,2025-09-25,4,Blended,Completed,50,58,5193
T003667,E01586,GenAI for Business,2024-08-17,8,Online,Completed,56,61,2752
T003668,E01587,Project Management,2024-12-12,12,Online,Completed,75,82,6207
T003669,E01588,Communication Skills,2026-04-19,6,Online,Completed,58,82,7176
T003670,E01588,Advanced Excel,2026-08-17,8,Classroom,Completed,77,89,14904
T003671,E01588,Negotiation,2025-06-11,16,Online,Completed,53,75,6403
T003672,E01588,Power BI,2026-06-06,2,Online,Incomplete,40,59,4097
T003673,E01589,Python Analytics,2025-12-08,2,Blended,Completed,64,85,13810
T003674,E01589,Power BI,2025-06-25,16,Classroom,Completed,62,74,4238
T003675,E01589,Python Analytics,2025-04-27,24,Online,Completed,44,63,14725
T003676,E01589,Communication Skills,2025-03-11,2,Online,Completed,58,71,11294
T003677,E01590,Communication Skills,2026-06-13,12,Online,Completed,52,80,9184
T003678,E01590,Leadership Essentials,2026-03-19,2,Classroom,Completed,66,83,2389
T003679,E01590,GenAI for Business,2025-05-15,8,Online,Completed,44,65,3809
T003680,E01590,Cloud Fundamentals,2025-11-28,12,Online,Completed,73,95,2463
T003681,E01591,Communication Skills,2025-10-25,24,Online,Completed,50,63,6095
T003682,E01592,Communication Skills,2024-05-30,6,Blended,Completed,62,89,14281
T003683,E01592,Cloud Fundamentals,2024-07-22,8,Online,Completed,55,83,9509
T003684,E01592,Project Management,2025-07-09,6,Blended,Incomplete,61,66,5565
T003685,E01592,Cloud Fundamentals,2025-11-23,16,Online,Incomplete,62,81,5338
T003686,E01592,Data Privacy,2026-02-12,24,Classroom,Completed,54,66,5232
T003687,E01593,Cloud Fundamentals,2025-04-01,2,Classroom,Completed,70,77,14313
T003688,E01593,Power BI,2026-02-26,16,Classroom,Completed,63,85,3606
T003689,E01593,Advanced Excel,2025-03-20,16,Classroom,Completed,50,74,9905
T003690,E01593,Data Privacy,2025-10-06,16,Online,Completed,44,61,12104
T003691,E01593,Data Privacy,2026-05-23,8,Online,Completed,68,73,5675
T003692,E01594,Communication Skills,2025-02-24,4,Blended,Completed,56,78,11411
T003693,E01595,Communication Skills,2026-07-21,24,Online,Completed,61,67,14434
T003694,E01595,GenAI for Business,2024-03-06,4,Blended,Completed,67,91,9439
T003695,E01595,Power BI,2026-01-17,8,Classroom,Completed,55,68,7556
T003696,E01595,Project Management,2025-06-27,24,Classroom,Completed,73,83,5536
T003697,E01595,Python Analytics,2025-01-31,24,Blended,Completed,78,99,4695
T003698,E01596,Leadership Essentials,2024-12-14,2,Online,Completed,78,92,9867
T003699,E01597,Power BI,2024-03-28,24,Blended,Completed,68,73,13451
T003700,E01598,Leadership Essentials,2025-12-04,2,Online,Completed,67,80,13831
T003701,E01598,GenAI for Business,2025-02-24,16,Online,Completed,76,100,5460
T003702,E01598,Advanced Excel,2025-10-22,6,Classroom,Completed,52,70,4507
T003703,E01598,Data Privacy,2026-08-16,4,Classroom,Completed,75,84,14282
T003704,E01598,GenAI for Business,2025-08-10,4,Blended,Completed,51,69,11804
T003705,E01599,Power BI,2024-10-05,4,Blended,Completed,67,74,14216
T003706,E01599,Project Management,2025-02-16,6,Blended,Completed,73,89,9555
T003707,E01599,Cloud Fundamentals,2024-11-24,4,Online,Completed,61,85,10482
T003708,E01599,Cloud Fundamentals,2026-02-20,6,Online,Completed,75,94,3751
T003709,E01600,Cloud Fundamentals,2024-12-03,16,Online,Completed,65,70,10858
T003710,E01600,Negotiation,2025-10-23,24,Blended,Incomplete,41,62,12016
T003711,E01600,Communication Skills,2024-05-29,6,Blended,Completed,75,94,11603
T003712,E01600,Negotiation,2025-11-26,16,Classroom,Completed,46,69,10957
T003713,E01600,Communication Skills,2026-04-23,6,Online,Incomplete,65,74,13979
T003714,E01602,Python Analytics,2026-06-13,12,Blended,Completed,73,97,13948
T003715,E01602,Project Management,2026-06-24,12,Classroom,Completed,65,75,2136
T003716,E01603,Communication Skills,2024-10-30,24,Online,Completed,75,91,5331
T003717,E01603,Negotiation,2025-05-16,24,Blended,Completed,41,65,6086
T003718,E01603,Project Management,2025-06-05,24,Online,Completed,48,66,1632
T003719,E01603,GenAI for Business,2025-03-30,6,Online,Completed,61,71,4521
T003720,E01603,Advanced Excel,2026-01-11,6,Blended,Completed,46,55,8262
T003721,E01604,Advanced Excel,2026-07-12,2,Online,Completed,78,84,11689
T003722,E01604,Negotiation,2026-07-05,24,Blended,Incomplete,46,59,5749
T003723,E01604,Communication Skills,2026-07-29,6,Online,Completed,50,71,8459
T003724,E01604,Power BI,2026-07-17,8,Online,Completed,40,52,14281
T003725,E01605,Negotiation,2024-06-21,12,Classroom,Completed,51,77,12626
T003726,E01608,Advanced Excel,2025-06-16,24,Online,Completed,45,70,6077
T003727,E01610,Python Analytics,2025-12-29,6,Online,Completed,71,86,5406
T003728,E01610,Negotiation,2026-07-22,2,Online,Completed,41,51,4761
T003729,E01610,Leadership Essentials,2026-01-27,6,Blended,Completed,66,75,4529
T003730,E01613,Data Privacy,2025-10-17,6,Online,Completed,74,88,13232
T003731,E01613,Data Privacy,2026-03-06,4,Classroom,Incomplete,75,83,7315
T003732,E01613,Communication Skills,2025-02-21,24,Online,Completed,48,68,10341
T003733,E01613,Cloud Fundamentals,2025-08-19,12,Blended,Completed,64,89,12010
T003734,E01615,GenAI for Business,2024-04-18,4,Blended,Completed,57,81,4316
T003735,E01615,Data Privacy,2024-10-01,4,Classroom,Completed,78,94,11805
T003736,E01615,Negotiation,2026-06-24,6,Classroom,Completed,58,79,5295
T003737,E01616,Data Privacy,2026-07-31,12,Online,Completed,62,83,5024
T003738,E01616,Negotiation,2026-06-21,4,Blended,Completed,46,63,5280
T003739,E01618,Python Analytics,2025-09-22,6,Classroom,Completed,64,73,5655
T003740,E01618,Leadership Essentials,2026-02-20,4,Blended,Completed,40,65,7784
T003741,E01619,Advanced Excel,2026-08-10,4,Classroom,Completed,76,89,3762
T003742,E01620,Python Analytics,2025-09-14,6,Blended,Completed,59,76,11883
T003743,E01620,Python Analytics,2024-02-21,4,Online,Incomplete,45,65,13139
T003744,E01620,Power BI,2024-02-23,4,Classroom,Completed,75,87,5029
T003745,E01620,GenAI for Business,2024-02-27,6,Blended,Completed,70,87,2270
T003746,E01621,Power BI,2024-04-18,4,Classroom,Completed,56,68,9832
T003747,E01621,Leadership Essentials,2024-03-30,8,Online,Completed,46,51,5930
T003748,E01622,Communication Skills,2025-08-29,4,Blended,Incomplete,78,100,2112
T003749,E01622,Cloud Fundamentals,2026-08-07,4,Online,Completed,63,91,8069
T003750,E01623,Cloud Fundamentals,2026-03-17,6,Blended,Completed,66,82,5247
T003751,E01624,Python Analytics,2026-01-10,8,Online,Completed,77,91,4916
T003752,E01624,Data Privacy,2025-08-11,12,Classroom,Completed,75,92,1508
T003753,E01624,Negotiation,2025-12-29,24,Online,Completed,65,87,4168
T003754,E01626,Advanced Excel,2026-08-18,12,Classroom,Completed,65,70,2522
T003755,E01626,Negotiation,2024-12-22,4,Classroom,Completed,44,69,7905
T003756,E01626,Python Analytics,2026-08-06,12,Blended,Completed,46,55,9760
T003757,E01626,Power BI,2025-04-10,2,Blended,Completed,66,88,11495
T003758,E01627,Project Management,2025-08-03,6,Blended,Incomplete,52,60,9533
T003759,E01627,Data Privacy,2025-06-24,12,Blended,Completed,67,82,2921
T003760,E01627,Communication Skills,2026-04-05,8,Online,Completed,47,52,5925
T003761,E01627,Project Management,2026-01-17,24,Classroom,Completed,63,79,4837
T003762,E01629,GenAI for Business,2025-02-21,8,Online,Completed,70,92,4986
T003763,E01629,Negotiation,2025-12-30,8,Online,Completed,72,90,6811
T003764,E01629,Data Privacy,2024-07-04,6,Blended,Completed,48,68,2671
T003765,E01629,Negotiation,2025-08-21,24,Classroom,Completed,54,68,7981
T003766,E01630,Python Analytics,2024-02-23,12,Blended,Completed,55,63,10312
T003767,E01630,GenAI for Business,2026-08-10,8,Blended,Completed,48,66,11139
T003768,E01630,Cloud Fundamentals,2024-11-25,6,Classroom,Incomplete,58,74,6804
T003769,E01630,Project Management,2025-01-10,16,Blended,Completed,53,62,11896
T003770,E01630,Cloud Fundamentals,2024-02-24,24,Blended,Completed,75,93,13335
T003771,E01631,GenAI for Business,2025-10-25,2,Classroom,Completed,70,82,10916
T003772,E01631,Communication Skills,2024-09-08,8,Online,Completed,65,93,4670
T003773,E01631,Data Privacy,2025-09-21,12,Blended,Completed,59,74,8937
T003774,E01633,Data Privacy,2026-01-08,24,Classroom,Completed,77,100,14641
T003775,E01633,Leadership Essentials,2025-09-06,4,Blended,Completed,66,93,8953
T003776,E01634,Advanced Excel,2024-08-27,2,Classroom,Completed,59,71,2459
T003777,E01634,Negotiation,2026-08-15,4,Classroom,Completed,42,70,2657
T003778,E01634,Power BI,2025-04-29,6,Blended,Completed,44,66,9094
T003779,E01634,Cloud Fundamentals,2026-02-09,16,Online,Completed,43,56,14591
T003780,E01635,Project Management,2024-08-01,16,Classroom,Completed,41,63,6119
T003781,E01635,Communication Skills,2024-07-20,12,Online,Completed,73,86,1935
T003782,E01635,Project Management,2024-04-12,8,Classroom,Completed,53,79,3235
T003783,E01636,Power BI,2024-01-07,4,Online,Completed,58,67,2744
T003784,E01636,GenAI for Business,2024-01-10,4,Classroom,Completed,60,67,9040
T003785,E01637,Leadership Essentials,2026-08-01,24,Blended,Completed,55,62,11933
T003786,E01637,Advanced Excel,2024-04-30,16,Classroom,Completed,63,69,4744
T003787,E01637,Communication Skills,2026-01-31,8,Classroom,Completed,45,64,11342
T003788,E01637,Data Privacy,2026-08-29,16,Classroom,Completed,68,88,2246
T003789,E01639,Python Analytics,2026-04-24,12,Classroom,Completed,73,85,9950
T003790,E01639,Project Management,2025-01-13,8,Classroom,Completed,41,47,8093
T003791,E01640,Python Analytics,2026-08-26,16,Online,Completed,60,83,10894
T003792,E01640,Communication Skills,2025-07-25,4,Blended,Completed,58,63,4312
T003793,E01640,Python Analytics,2026-05-21,2,Online,Incomplete,49,65,7287
T003794,E01641,Communication Skills,2024-10-27,16,Blended,Completed,48,71,5207
T003795,E01641,Python Analytics,2024-04-21,4,Blended,Completed,58,78,13110
T003796,E01641,Project Management,2026-08-26,4,Classroom,Completed,42,66,6221
T003797,E01641,Power BI,2025-06-06,6,Online,Completed,73,87,13120
T003798,E01643,Leadership Essentials,2025-07-28,16,Online,Completed,75,86,11812
T003799,E01643,Advanced Excel,2025-09-28,16,Blended,Completed,55,72,2858
T003800,E01644,GenAI for Business,2025-05-04,12,Blended,Completed,78,100,3986
T003801,E01645,Cloud Fundamentals,2024-11-12,24,Online,Completed,53,69,3032
T003802,E01647,Communication Skills,2026-01-16,16,Blended,Completed,48,62,5328
T003803,E01647,Project Management,2025-10-01,24,Online,Completed,78,84,10072
T003804,E01647,Negotiation,2025-12-28,12,Blended,Completed,58,81,3130
T003805,E01647,Power BI,2026-03-27,12,Online,Completed,72,94,13369
T003806,E01648,Negotiation,2026-08-26,16,Classroom,Completed,53,64,2211
T003807,E01648,GenAI for Business,2026-08-15,4,Blended,Completed,77,100,14528
T003808,E01649,Python Analytics,2026-06-07,2,Blended,Completed,67,74,1894
T003809,E01649,Project Management,2024-10-02,6,Online,Completed,48,76,2438
T003810,E01649,Data Privacy,2025-08-04,4,Blended,Completed,42,50,9721
T003811,E01649,Negotiation,2025-11-09,4,Online,Completed,48,70,3254
T003812,E01649,Cloud Fundamentals,2024-09-12,2,Blended,Completed,48,69,11229
T003813,E01650,Communication Skills,2024-12-02,8,Blended,Incomplete,53,76,3873
T003814,E01650,Advanced Excel,2026-04-01,4,Online,Completed,52,62,7948
T003815,E01650,Power BI,2025-08-25,2,Classroom,Incomplete,51,59,12710
T003816,E01650,Cloud Fundamentals,2025-02-14,24,Online,Incomplete,54,79,13170
T003817,E01650,Leadership Essentials,2024-04-14,6,Classroom,Incomplete,75,87,11136
T003818,E01652,Communication Skills,2024-07-27,24,Blended,Completed,63,86,13570
T003819,E01652,GenAI for Business,2025-09-11,2,Blended,Completed,75,94,9800
T003820,E01652,Negotiation,2025-10-02,16,Classroom,Incomplete,41,47,5229
T003821,E01652,Data Privacy,2026-01-05,8,Online,Completed,70,79,10298
T003822,E01655,Advanced Excel,2025-03-02,8,Classroom,Completed,43,56,7977
T003823,E01655,Data Privacy,2024-07-30,8,Blended,Completed,75,100,7710
T003824,E01655,Advanced Excel,2024-06-13,2,Blended,Completed,76,93,7814
T003825,E01655,Power BI,2024-03-13,8,Blended,Completed,74,95,5719
T003826,E01657,Data Privacy,2024-03-18,16,Online,Completed,54,67,14580
T003827,E01659,Communication Skills,2025-05-22,24,Blended,Completed,58,70,5424
T003828,E01659,Leadership Essentials,2024-10-20,16,Classroom,Completed,55,82,13460
T003829,E01660,Cloud Fundamentals,2025-11-22,16,Classroom,Completed,78,94,2082
T003830,E01661,Advanced Excel,2026-03-17,24,Online,Completed,59,73,8764
T003831,E01661,Data Privacy,2025-12-14,6,Blended,Completed,61,73,4652
T003832,E01661,GenAI for Business,2024-12-19,2,Online,Completed,78,95,12839
T003833,E01661,Data Privacy,2026-05-16,4,Online,Completed,73,83,14834
T003834,E01662,Python Analytics,2026-05-20,4,Classroom,Completed,75,98,14699
T003835,E01663,Cloud Fundamentals,2025-02-06,16,Classroom,Incomplete,67,75,11761
T003836,E01663,Leadership Essentials,2026-08-29,8,Online,Completed,50,59,13706
T003837,E01664,Python Analytics,2024-10-21,16,Online,Completed,45,73,11535
T003838,E01664,Negotiation,2024-10-09,12,Online,Completed,41,54,6429
T003839,E01664,GenAI for Business,2024-06-08,12,Blended,Completed,73,95,14962
T003840,E01664,Communication Skills,2024-06-22,24,Classroom,Completed,72,93,3704
T003841,E01664,Cloud Fundamentals,2024-12-08,4,Online,Completed,75,84,3517
T003842,E01668,Cloud Fundamentals,2026-03-10,4,Online,Completed,47,54,11692
T003843,E01668,GenAI for Business,2026-06-15,24,Online,Completed,59,77,14192
T003844,E01668,GenAI for Business,2026-07-12,2,Blended,Completed,77,99,12460
T003845,E01668,Python Analytics,2026-04-03,8,Classroom,Completed,64,85,8774
T003846,E01669,Communication Skills,2025-02-04,16,Blended,Completed,45,50,4231
T003847,E01669,Data Privacy,2025-03-21,2,Blended,Completed,74,99,1503
T003848,E01669,Negotiation,2024-01-27,16,Online,Completed,56,69,9913
T003849,E01670,Project Management,2026-01-11,4,Online,Completed,50,67,13799
T003850,E01670,Power BI,2025-12-31,24,Classroom,Completed,57,72,6444
T003851,E01670,Negotiation,2025-12-24,16,Classroom,Completed,66,74,10873
T003852,E01670,Python Analytics,2025-05-05,6,Blended,Completed,62,80,10600
T003853,E01670,Cloud Fundamentals,2024-11-11,12,Blended,Completed,76,91,14932
T003854,E01671,Power BI,2024-01-09,12,Blended,Completed,45,69,13850
T003855,E01671,Data Privacy,2025-08-23,6,Classroom,Completed,59,80,10544
T003856,E01671,Leadership Essentials,2024-02-15,2,Blended,Completed,57,81,4152
T003857,E01671,Communication Skills,2024-02-26,8,Classroom,Completed,46,65,7494
T003858,E01673,Negotiation,2025-03-03,2,Online,Completed,41,48,12083
T003859,E01673,Cloud Fundamentals,2024-07-24,24,Classroom,Completed,45,68,10775
T003860,E01674,GenAI for Business,2025-09-25,8,Blended,Completed,50,72,5120
T003861,E01674,Data Privacy,2024-08-25,12,Blended,Completed,54,65,8077
T003862,E01674,GenAI for Business,2024-11-01,8,Blended,Completed,76,91,2602
T003863,E01674,Data Privacy,2025-08-19,8,Classroom,Completed,40,64,11747
T003864,E01674,Data Privacy,2026-06-30,2,Online,Completed,56,81,8138
T003865,E01675,Leadership Essentials,2025-10-27,4,Classroom,Completed,55,75,3009
T003866,E01675,Power BI,2024-11-15,24,Blended,Completed,49,62,1917
T003867,E01675,Communication Skills,2026-06-02,2,Classroom,Completed,41,53,12892
T003868,E01675,Python Analytics,2024-10-05,16,Classroom,Completed,51,60,1959
T003869,E01675,Leadership Essentials,2024-12-07,2,Online,Incomplete,65,76,1788
T003870,E01676,Power BI,2024-06-28,8,Online,Completed,73,95,4399
T003871,E01676,Cloud Fundamentals,2024-01-19,6,Online,Completed,61,71,2125
T003872,E01676,Communication Skills,2025-08-25,8,Blended,Completed,53,72,4514
T003873,E01676,Project Management,2025-08-31,4,Online,Completed,66,72,12503
T003874,E01677,Communication Skills,2024-08-07,16,Classroom,Completed,60,88,7359
T003875,E01677,Data Privacy,2024-11-27,12,Classroom,Completed,76,82,14983
T003876,E01677,Negotiation,2025-02-06,6,Blended,Completed,50,69,5863
T003877,E01677,GenAI for Business,2024-04-20,2,Online,Completed,62,79,9161
T003878,E01679,Advanced Excel,2024-05-01,6,Online,Completed,56,64,5792
T003879,E01679,Negotiation,2024-01-07,16,Blended,Completed,64,70,14618
T003880,E01679,Leadership Essentials,2025-05-14,16,Online,Completed,44,70,2437
T003881,E01679,Power BI,2024-01-03,12,Blended,Completed,42,60,1871
T003882,E01679,Advanced Excel,2025-07-31,8,Classroom,Completed,73,83,11741
T003883,E01680,GenAI for Business,2024-11-21,6,Classroom,Completed,68,86,10197
T003884,E01680,Advanced Excel,2026-05-26,16,Blended,Completed,57,78,2211
T003885,E01680,Cloud Fundamentals,2025-07-07,24,Online,Completed,62,71,10481
T003886,E01680,Negotiation,2026-01-09,24,Online,Completed,62,87,9049
T003887,E01680,Power BI,2025-06-29,8,Classroom,Incomplete,45,63,9043
T003888,E01682,Cloud Fundamentals,2024-09-09,24,Online,Completed,71,85,3030
T003889,E01682,Data Privacy,2026-05-19,2,Blended,Completed,45,52,5320
T003890,E01682,Cloud Fundamentals,2025-11-17,6,Online,Completed,66,86,7148
T003891,E01682,Communication Skills,2026-04-25,2,Blended,Completed,61,85,13571
T003892,E01683,Data Privacy,2025-04-05,8,Online,Completed,51,65,3612
T003893,E01684,Cloud Fundamentals,2026-08-02,24,Classroom,Completed,57,85,9378
T003894,E01684,Python Analytics,2026-05-22,12,Blended,Completed,43,67,6892
T003895,E01684,Cloud Fundamentals,2026-06-03,8,Online,Completed,74,100,5196
T003896,E01684,Python Analytics,2026-06-07,16,Online,Completed,43,56,13485
T003897,E01686,Advanced Excel,2024-12-13,4,Blended,Completed,44,54,3573
T003898,E01687,Communication Skills,2025-04-03,8,Classroom,Completed,75,92,5461
T003899,E01687,Data Privacy,2025-07-20,2,Blended,Completed,42,70,14504
T003900,E01689,GenAI for Business,2024-05-13,2,Classroom,Completed,51,73,11736
T003901,E01689,Data Privacy,2025-07-12,12,Blended,Completed,67,91,7054
T003902,E01689,Communication Skills,2024-04-20,4,Blended,Completed,41,54,13805
T003903,E01689,Project Management,2026-07-11,12,Classroom,Completed,50,75,7578
T003904,E01690,Negotiation,2026-01-11,16,Online,Completed,61,84,12383
T003905,E01690,GenAI for Business,2026-06-05,24,Classroom,Completed,76,85,3643
T003906,E01690,Leadership Essentials,2025-12-26,24,Blended,Completed,48,56,4338
T003907,E01690,Project Management,2026-03-24,8,Classroom,Completed,52,75,11202
T003908,E01691,GenAI for Business,2025-06-19,2,Blended,Completed,43,52,13312
T003909,E01691,Communication Skills,2025-11-17,24,Classroom,Completed,63,89,3449
T003910,E01691,Leadership Essentials,2024-02-25,2,Classroom,Completed,50,55,5476
T003911,E01692,Negotiation,2025-07-07,24,Blended,Completed,57,77,10705
T003912,E01692,Advanced Excel,2026-03-13,2,Classroom,Completed,70,93,13145
T003913,E01692,Negotiation,2025-10-09,16,Classroom,Completed,72,81,11172
T003914,E01692,Leadership Essentials,2026-04-04,16,Blended,Incomplete,50,73,11815
T003915,E01692,Power BI,2024-10-31,24,Blended,Completed,71,84,5956
T003916,E01695,Advanced Excel,2025-04-02,6,Classroom,Completed,78,96,3651
T003917,E01697,Communication Skills,2025-03-31,8,Classroom,Completed,75,98,9340
T003918,E01697,Power BI,2026-02-27,6,Classroom,Completed,58,80,8277
T003919,E01698,Python Analytics,2024-01-14,8,Blended,Completed,78,89,13692
T003920,E01698,Advanced Excel,2024-02-05,2,Classroom,Completed,58,82,4459
T003921,E01698,Data Privacy,2024-01-09,16,Classroom,Completed,64,83,4395
T003922,E01699,Leadership Essentials,2024-08-23,12,Blended,Completed,69,89,10220
T003923,E01699,Leadership Essentials,2024-07-17,12,Online,Completed,47,72,11726
T003924,E01699,Negotiation,2025-05-08,2,Blended,Completed,72,95,10961
T003925,E01699,Python Analytics,2025-03-27,16,Blended,Completed,50,74,12019
T003926,E01700,Data Privacy,2026-02-10,2,Blended,Completed,60,86,10201
T003927,E01700,Cloud Fundamentals,2026-06-10,16,Classroom,Completed,50,60,4165
T003928,E01700,Data Privacy,2025-12-08,6,Blended,Completed,74,94,4414
T003929,E01700,Data Privacy,2025-07-26,12,Blended,Completed,50,62,14821
T003930,E01703,Advanced Excel,2025-06-17,12,Blended,Incomplete,72,79,3194
T003931,E01704,Power BI,2026-06-04,12,Classroom,Completed,66,91,2309
T003932,E01704,Python Analytics,2026-07-10,12,Blended,Completed,71,98,10206
T003933,E01706,Power BI,2026-05-26,16,Online,Completed,67,74,5103
T003934,E01707,Python Analytics,2025-02-06,12,Online,Completed,45,70,2517
T003935,E01707,Cloud Fundamentals,2024-06-24,2,Blended,Completed,66,74,8819
T003936,E01707,Project Management,2024-03-11,16,Online,Completed,60,78,6748
T003937,E01707,Power BI,2024-10-27,16,Classroom,Completed,62,85,12413
T003938,E01707,Data Privacy,2025-02-10,4,Classroom,Completed,69,92,6839
T003939,E01708,Data Privacy,2025-12-05,8,Blended,Completed,49,56,11381
T003940,E01708,Python Analytics,2026-01-22,16,Blended,Completed,42,48,13844
T003941,E01708,Cloud Fundamentals,2025-07-04,24,Classroom,Completed,44,56,10192
T003942,E01709,Advanced Excel,2025-03-18,6,Online,Completed,48,72,10342
T003943,E01709,Leadership Essentials,2025-11-01,6,Classroom,Completed,41,61,14223
T003944,E01710,Python Analytics,2026-07-23,12,Online,Incomplete,51,79,6165
T003945,E01710,Cloud Fundamentals,2026-08-17,16,Blended,Completed,58,80,10839
T003946,E01710,Power BI,2026-08-20,24,Classroom,Completed,46,64,13631
T003947,E01710,Power BI,2026-08-16,16,Classroom,Completed,54,60,14322
T003948,E01711,Power BI,2024-08-20,8,Blended,Completed,47,66,7285
T003949,E01712,Project Management,2026-08-15,2,Classroom,Completed,60,82,8235
T003950,E01712,Cloud Fundamentals,2025-09-30,12,Classroom,Completed,78,97,4279
T003951,E01712,Cloud Fundamentals,2026-02-16,16,Blended,Completed,61,68,13781
T003952,E01712,Negotiation,2025-11-18,2,Classroom,Completed,45,67,5373
T003953,E01712,Advanced Excel,2026-04-17,8,Classroom,Completed,76,91,2554
T003954,E01713,Cloud Fundamentals,2025-07-04,16,Classroom,Completed,54,76,13907
T003955,E01714,GenAI for Business,2024-11-21,2,Online,Completed,64,82,5640
T003956,E01714,Project Management,2025-05-09,16,Blended,Completed,73,95,10059
T003957,E01714,Negotiation,2025-09-24,16,Online,Completed,41,55,12086
T003958,E01714,Python Analytics,2025-10-21,4,Blended,Completed,78,83,13546
T003959,E01714,Python Analytics,2025-11-30,8,Blended,Completed,56,77,7790
T003960,E01715,Cloud Fundamentals,2026-05-04,4,Classroom,Completed,67,91,2045
T003961,E01715,Python Analytics,2026-05-23,12,Online,Completed,66,73,6125
T003962,E01715,Cloud Fundamentals,2026-08-21,24,Online,Completed,45,51,1806
T003963,E01715,GenAI for Business,2026-05-02,8,Blended,Completed,66,73,3225
T003964,E01715,Project Management,2026-04-05,2,Classroom,Completed,71,92,1956
T003965,E01716,Cloud Fundamentals,2025-06-01,24,Classroom,Completed,70,90,12136
T003966,E01717,Leadership Essentials,2026-07-27,8,Blended,Completed,66,78,8609
T003967,E01717,Data Privacy,2024-01-03,24,Classroom,Completed,45,68,14837
T003968,E01717,Project Management,2024-03-30,24,Classroom,Completed,44,66,3846
T003969,E01717,GenAI for Business,2025-03-03,16,Blended,Completed,72,97,14746
T003970,E01718,GenAI for Business,2025-06-24,16,Classroom,Completed,59,74,11586
T003971,E01718,Communication Skills,2026-01-15,4,Blended,Completed,74,100,6780
T003972,E01718,GenAI for Business,2025-08-25,6,Classroom,Completed,69,83,9115
T003973,E01718,Negotiation,2025-07-13,6,Classroom,Completed,53,58,7986
T003974,E01718,Leadership Essentials,2026-06-21,16,Online,Completed,66,93,14097
T003975,E01719,Leadership Essentials,2024-03-15,4,Classroom,Completed,71,85,7335
T003976,E01719,Leadership Essentials,2024-01-01,2,Online,Completed,77,87,10099
T003977,E01719,Cloud Fundamentals,2024-07-03,2,Classroom,Completed,55,70,12185
T003978,E01719,GenAI for Business,2026-02-24,24,Classroom,Completed,60,81,13366
T003979,E01719,Advanced Excel,2025-09-17,6,Blended,Completed,57,83,1513
T003980,E01720,GenAI for Business,2024-08-20,8,Blended,Completed,73,90,11685
T003981,E01720,GenAI for Business,2026-03-10,12,Blended,Completed,40,48,4189
T003982,E01720,Project Management,2024-09-18,4,Online,Completed,55,71,2577
T003983,E01720,Project Management,2024-06-23,24,Classroom,Completed,72,100,13055
T003984,E01720,Cloud Fundamentals,2024-06-15,4,Online,Completed,57,71,3583
T003985,E01721,Cloud Fundamentals,2025-03-27,6,Blended,Completed,43,60,7558
T003986,E01722,Leadership Essentials,2024-10-14,24,Classroom,Completed,68,87,13307
T003987,E01726,Communication Skills,2025-08-14,4,Online,Completed,62,90,3258
T003988,E01726,Project Management,2025-09-14,16,Blended,Completed,40,46,1557
T003989,E01727,Cloud Fundamentals,2024-03-12,2,Classroom,Incomplete,69,78,8107
T003990,E01727,Communication Skills,2024-09-15,2,Classroom,Completed,48,67,3794
T003991,E01727,GenAI for Business,2025-07-19,8,Classroom,Completed,67,80,12880
T003992,E01727,Python Analytics,2025-06-11,12,Blended,Completed,62,89,5532
T003993,E01728,Advanced Excel,2026-07-14,6,Blended,Completed,64,87,13573
T003994,E01728,Negotiation,2026-08-22,8,Online,Completed,61,76,8946
T003995,E01728,Negotiation,2026-07-30,8,Blended,Completed,60,73,4844
T003996,E01728,Negotiation,2026-08-20,6,Classroom,Completed,59,67,9416
T003997,E01728,Power BI,2026-07-26,8,Blended,Completed,76,87,10284
T003998,E01729,Project Management,2025-08-18,4,Classroom,Completed,44,72,4968
T003999,E01729,GenAI for Business,2024-08-15,16,Online,Completed,62,75,7449
T004000,E01730,Project Management,2026-08-31,2,Blended,Completed,63,72,4368
T004001,E01731,Project Management,2025-01-05,24,Classroom,Completed,50,72,10524
T004002,E01733,Advanced Excel,2026-01-07,6,Online,Completed,49,59,11612
T004003,E01733,GenAI for Business,2025-07-18,4,Classroom,Incomplete,50,66,2218
T004004,E01734,Cloud Fundamentals,2025-08-24,4,Blended,Completed,69,78,1916
T004005,E01734,Project Management,2024-04-12,4,Classroom,Completed,67,83,2752
T004006,E01735,Cloud Fundamentals,2025-08-23,12,Blended,Completed,77,100,14144
T004007,E01735,Python Analytics,2025-04-22,6,Blended,Completed,56,78,6538
T004008,E01735,Advanced Excel,2025-07-28,8,Classroom,Completed,68,80,5181
T004009,E01735,Communication Skills,2024-04-22,2,Online,Completed,55,62,12446
T004010,E01735,Advanced Excel,2024-06-23,16,Classroom,Completed,63,68,7333
T004011,E01736,Data Privacy,2026-06-29,12,Online,Completed,65,78,6548
T004012,E01737,Project Management,2025-01-19,4,Blended,Completed,78,100,14868
T004013,E01737,Power BI,2025-10-01,16,Online,Completed,68,93,10918
T004014,E01737,Negotiation,2025-05-06,12,Blended,Completed,41,62,9258
T004015,E01737,Data Privacy,2026-01-26,16,Blended,Completed,50,60,12012
T004016,E01737,Leadership Essentials,2024-05-27,8,Classroom,Incomplete,69,92,5697
T004017,E01738,GenAI for Business,2026-07-19,16,Classroom,Completed,56,72,13919
T004018,E01738,GenAI for Business,2026-08-08,2,Classroom,Completed,62,71,4679
T004019,E01738,Leadership Essentials,2026-07-15,6,Classroom,Incomplete,54,75,11893
T004020,E01739,Data Privacy,2024-07-31,6,Online,Completed,59,71,11969
T004021,E01739,Leadership Essentials,2025-02-02,4,Blended,Completed,65,90,14469
T004022,E01739,Communication Skills,2024-06-19,6,Online,Completed,48,58,11913
T004023,E01739,Data Privacy,2024-11-09,2,Classroom,Completed,78,91,10753
T004024,E01740,Advanced Excel,2024-09-21,6,Classroom,Completed,59,64,6395
T004025,E01740,Project Management,2025-07-26,8,Classroom,Completed,69,85,8790
T004026,E01740,Advanced Excel,2026-08-11,4,Classroom,Completed,78,97,12743
T004027,E01742,Leadership Essentials,2024-06-18,12,Classroom,Completed,45,53,9135
T004028,E01742,GenAI for Business,2025-11-13,12,Blended,Incomplete,70,85,6826
T004029,E01742,Project Management,2024-06-04,12,Classroom,Completed,58,81,6526
T004030,E01742,Power BI,2025-02-16,6,Classroom,Completed,69,86,5253
T004031,E01742,Advanced Excel,2026-01-24,4,Blended,Completed,47,63,4222
T004032,E01743,Communication Skills,2024-03-29,8,Blended,Completed,61,73,10521
T004033,E01743,Python Analytics,2026-08-22,12,Online,Completed,74,90,10380
T004034,E01743,GenAI for Business,2026-07-10,24,Classroom,Completed,42,63,6091
T004035,E01743,Advanced Excel,2024-03-12,2,Classroom,Completed,61,71,4275
T004036,E01743,Project Management,2026-05-04,24,Online,Completed,70,76,2128
T004037,E01744,Python Analytics,2026-05-23,24,Blended,Completed,48,70,2355
T004038,E01744,Python Analytics,2025-11-28,8,Online,Completed,58,64,11896
T004039,E01744,Python Analytics,2025-08-22,24,Classroom,Completed,43,57,3594
T004040,E01745,GenAI for Business,2026-02-06,2,Classroom,Completed,70,82,8273
T004041,E01745,Python Analytics,2024-08-30,16,Classroom,Completed,78,85,7251
T004042,E01745,Negotiation,2025-09-20,16,Classroom,Completed,63,71,9785
T004043,E01745,Data Privacy,2025-08-10,12,Classroom,Completed,56,81,10337
T004044,E01746,Leadership Essentials,2026-03-29,12,Online,Completed,73,92,8867
T004045,E01746,Project Management,2026-05-01,24,Classroom,Completed,61,87,10019
T004046,E01746,Power BI,2025-05-16,12,Online,Completed,74,80,10695
T004047,E01746,Power BI,2025-11-22,16,Blended,Completed,49,77,2539
T004048,E01747,Advanced Excel,2026-06-05,4,Blended,Completed,74,83,5708
T004049,E01747,Data Privacy,2025-08-31,2,Blended,Completed,54,69,8160
T004050,E01747,Cloud Fundamentals,2024-05-21,16,Blended,Completed,49,71,1927
T004051,E01747,Project Management,2025-05-14,24,Classroom,Completed,69,83,11477
T004052,E01747,Python Analytics,2024-04-30,8,Blended,Completed,55,83,8968
T004053,E01748,Data Privacy,2026-08-30,2,Classroom,Completed,67,79,6314
T004054,E01748,Python Analytics,2026-08-17,4,Classroom,Completed,43,69,9896
T004055,E01749,Project Management,2024-02-06,12,Blended,Completed,73,87,9488
T004056,E01749,Data Privacy,2024-08-30,6,Blended,Completed,77,82,6118
T004057,E01752,Negotiation,2025-10-11,16,Classroom,Completed,78,83,2255
T004058,E01752,Communication Skills,2026-02-01,4,Online,Completed,60,65,14325
T004059,E01752,Negotiation,2024-06-05,2,Classroom,Completed,48,68,6480
T004060,E01752,Project Management,2025-02-28,16,Online,Completed,77,100,8082
T004061,E01753,Cloud Fundamentals,2026-06-09,8,Online,Completed,44,66,12623
T004062,E01753,Power BI,2025-08-22,16,Online,Completed,78,100,7350
T004063,E01753,Project Management,2026-01-21,24,Online,Completed,56,81,1997
T004064,E01754,Power BI,2026-07-22,16,Blended,Completed,43,64,9891
T004065,E01754,Python Analytics,2025-08-21,24,Online,Completed,61,89,7500
T004066,E01754,Advanced Excel,2025-12-24,8,Classroom,Completed,76,81,2946
T004067,E01754,Data Privacy,2026-04-18,16,Blended,Completed,65,74,3628
T004068,E01755,Leadership Essentials,2024-09-29,16,Classroom,Completed,46,72,7141
T004069,E01755,Power BI,2026-06-26,8,Blended,Completed,68,82,10313
T004070,E01755,Python Analytics,2026-08-05,16,Online,Completed,67,88,10260
T004071,E01755,GenAI for Business,2024-05-28,4,Classroom,Incomplete,64,86,11665
T004072,E01755,Advanced Excel,2024-01-24,2,Classroom,Completed,53,67,6305
T004073,E01758,Leadership Essentials,2025-12-29,2,Blended,Completed,46,71,9387
T004074,E01758,Leadership Essentials,2024-06-29,2,Online,Completed,71,79,8312
T004075,E01759,GenAI for Business,2024-05-02,12,Online,Completed,53,77,4231
T004076,E01759,Power BI,2025-11-29,4,Online,Completed,72,77,13367
T004077,E01760,Data Privacy,2024-10-06,4,Blended,Completed,70,83,11319
T004078,E01760,Project Management,2026-08-04,24,Classroom,Completed,48,72,4555
T004079,E01760,Python Analytics,2024-07-24,6,Classroom,Completed,72,92,6129
T004080,E01760,Project Management,2024-02-13,6,Classroom,Completed,55,70,5149
T004081,E01762,GenAI for Business,2024-05-14,2,Blended,Completed,58,76,10442
T004082,E01762,Communication Skills,2024-09-08,4,Classroom,Completed,78,92,11671
T004083,E01762,Leadership Essentials,2026-02-23,12,Blended,Completed,65,77,14442
T004084,E01762,Cloud Fundamentals,2026-04-06,2,Classroom,Completed,61,70,10106
T004085,E01762,Cloud Fundamentals,2025-10-21,6,Online,Completed,61,66,7831
T004086,E01763,Power BI,2025-04-11,4,Classroom,Completed,51,77,2314
T004087,E01763,Data Privacy,2024-03-14,2,Classroom,Completed,67,77,2760
T004088,E01763,Project Management,2026-06-07,12,Blended,Incomplete,60,65,7874
T004089,E01763,Data Privacy,2024-03-14,24,Classroom,Completed,48,75,2402
T004090,E01763,Power BI,2025-05-11,2,Blended,Completed,45,61,3215
T004091,E01764,Negotiation,2024-11-04,24,Blended,Completed,50,60,8242
T004092,E01765,Negotiation,2026-07-22,16,Blended,Completed,45,62,13621
T004093,E01765,Negotiation,2026-06-14,6,Blended,Completed,57,65,8269
T004094,E01765,Data Privacy,2025-11-06,24,Blended,Completed,60,65,13996
T004095,E01766,Power BI,2025-02-14,8,Online,Completed,41,48,1840
T004096,E01766,Leadership Essentials,2025-03-21,12,Online,Completed,48,56,13887
T004097,E01766,Advanced Excel,2025-12-02,4,Online,Completed,71,92,5259
T004098,E01767,Leadership Essentials,2026-02-03,8,Blended,Completed,56,78,6973
T004099,E01767,Python Analytics,2025-11-18,4,Blended,Completed,50,62,11934
T004100,E01767,Cloud Fundamentals,2026-05-09,4,Classroom,Incomplete,57,80,4180
T004101,E01768,Power BI,2025-01-08,6,Classroom,Completed,59,66,1725
T004102,E01768,Negotiation,2025-07-07,16,Blended,Completed,70,75,4389
T004103,E01768,Power BI,2026-07-05,2,Blended,Completed,54,60,12926
T004104,E01768,GenAI for Business,2024-02-27,4,Online,Completed,40,63,11531
T004105,E01768,Negotiation,2025-12-16,16,Blended,Completed,72,92,5809
T004106,E01769,Negotiation,2026-01-22,8,Online,Completed,53,71,9220
T004107,E01769,Leadership Essentials,2026-08-20,12,Classroom,Incomplete,77,100,8056
T004108,E01769,Project Management,2026-07-10,16,Blended,Completed,77,87,2739
T004109,E01769,Leadership Essentials,2026-03-03,16,Online,Completed,43,53,2121
T004110,E01769,Negotiation,2025-11-03,12,Blended,Completed,40,53,1835
T004111,E01770,Power BI,2025-08-21,12,Blended,Completed,43,66,11165
T004112,E01770,Python Analytics,2024-03-22,2,Classroom,Completed,43,51,8236
T004113,E01772,Advanced Excel,2024-08-05,2,Classroom,Completed,57,80,13286
T004114,E01772,Python Analytics,2024-07-01,2,Blended,Completed,54,67,9621
T004115,E01772,Cloud Fundamentals,2024-05-24,24,Blended,Completed,78,97,4939
T004116,E01773,Project Management,2026-01-02,16,Online,Completed,40,55,13163
T004117,E01773,Communication Skills,2025-06-10,8,Blended,Completed,49,57,7703
T004118,E01773,Power BI,2026-03-19,4,Online,Incomplete,51,60,9649
T004119,E01774,Power BI,2025-04-12,6,Classroom,Incomplete,74,97,11655
T004120,E01774,GenAI for Business,2026-05-04,8,Classroom,Completed,74,93,7964
T004121,E01774,Project Management,2025-06-21,6,Blended,Incomplete,51,73,10194
T004122,E01777,Communication Skills,2025-09-20,2,Classroom,Completed,49,68,7775
T004123,E01777,Python Analytics,2026-03-07,24,Blended,Completed,68,80,12290
T004124,E01777,Communication Skills,2026-01-09,4,Blended,Completed,49,63,7464
T004125,E01778,Data Privacy,2026-07-28,2,Classroom,Incomplete,57,72,12132
T004126,E01778,Project Management,2026-08-29,12,Blended,Incomplete,58,85,6629
T004127,E01778,Python Analytics,2026-05-18,24,Online,Completed,72,99,3640
T004128,E01779,Data Privacy,2024-12-02,2,Classroom,Completed,66,87,10412
T004129,E01779,Cloud Fundamentals,2024-12-12,2,Classroom,Completed,47,62,5884
T004130,E01780,Project Management,2025-07-16,2,Online,Completed,66,89,2819
T004131,E01780,Project Management,2025-11-28,8,Classroom,Completed,52,76,11786
T004132,E01780,Python Analytics,2026-08-17,6,Blended,Completed,50,67,8224
T004133,E01780,Communication Skills,2025-10-03,2,Classroom,Completed,46,63,9078
T004134,E01781,Negotiation,2025-12-04,4,Online,Completed,42,50,3058
T004135,E01781,Leadership Essentials,2026-03-27,4,Blended,Completed,70,87,12092
T004136,E01782,Leadership Essentials,2024-08-08,12,Classroom,Completed,48,56,1998
T004137,E01782,GenAI for Business,2025-05-29,8,Classroom,Completed,58,67,2671
T004138,E01782,Python Analytics,2025-02-12,16,Online,Completed,72,79,11103
T004139,E01782,Python Analytics,2025-01-08,2,Blended,Completed,64,70,9833
T004140,E01782,Negotiation,2024-07-24,16,Classroom,Completed,51,68,10132
T004141,E01783,Project Management,2024-11-22,6,Blended,Completed,74,100,7719
T004142,E01783,Negotiation,2025-10-22,12,Classroom,Completed,56,75,13978
T004143,E01783,GenAI for Business,2024-09-18,2,Online,Completed,69,93,11386
T004144,E01784,Cloud Fundamentals,2025-10-07,4,Classroom,Completed,60,71,11087
T004145,E01784,Cloud Fundamentals,2024-11-18,6,Online,Completed,78,91,5803
T004146,E01784,Python Analytics,2024-08-19,8,Classroom,Completed,74,93,8189
T004147,E01785,Communication Skills,2025-10-28,12,Classroom,Completed,74,98,9259
T004148,E01786,GenAI for Business,2024-07-28,12,Online,Completed,63,83,13966
T004149,E01786,Advanced Excel,2024-06-15,6,Classroom,Completed,45,58,11105
T004150,E01786,Project Management,2026-02-15,16,Blended,Completed,53,64,12913
T004151,E01787,GenAI for Business,2025-09-23,16,Blended,Completed,69,87,11927
T004152,E01787,Advanced Excel,2025-07-29,6,Classroom,Completed,75,90,3553
T004153,E01787,GenAI for Business,2024-04-20,2,Online,Completed,49,73,2310
T004154,E01787,Data Privacy,2024-12-09,6,Blended,Completed,49,74,12163
T004155,E01789,Project Management,2025-12-30,16,Online,Completed,70,75,8578
T004156,E01789,Project Management,2025-10-12,16,Online,Completed,49,70,6616
T004157,E01791,Leadership Essentials,2025-12-09,24,Classroom,Completed,73,86,4130
T004158,E01791,Leadership Essentials,2025-03-28,6,Classroom,Completed,77,94,7693
T004159,E01791,Negotiation,2024-07-30,12,Blended,Completed,54,79,8925
T004160,E01791,Power BI,2025-12-09,2,Blended,Completed,50,70,5009
T004161,E01792,Leadership Essentials,2024-05-14,8,Online,Completed,56,62,4035
T004162,E01792,Communication Skills,2026-07-29,16,Online,Completed,65,73,11843
T004163,E01792,GenAI for Business,2024-06-22,2,Blended,Completed,47,60,7599
T004164,E01792,Negotiation,2026-04-29,4,Blended,Completed,41,47,8832
T004165,E01793,Negotiation,2024-02-11,24,Blended,Completed,73,84,8861
T004166,E01793,Leadership Essentials,2026-01-10,16,Online,Completed,72,92,6748
T004167,E01793,Data Privacy,2025-04-08,24,Online,Incomplete,75,86,6026
T004168,E01793,Data Privacy,2025-04-06,24,Classroom,Completed,48,74,5099
T004169,E01794,Python Analytics,2025-01-07,16,Online,Completed,52,74,2230
T004170,E01794,Communication Skills,2025-02-20,12,Classroom,Completed,76,96,8722
T004171,E01795,Communication Skills,2026-07-22,16,Online,Completed,66,82,13682
T004172,E01795,Python Analytics,2026-06-16,2,Classroom,Completed,57,82,6313
T004173,E01797,GenAI for Business,2026-05-26,8,Blended,Completed,45,66,14558
T004174,E01798,Communication Skills,2026-03-24,4,Blended,Completed,49,67,11601
T004175,E01798,Project Management,2024-06-03,2,Classroom,Completed,42,56,14688
T004176,E01798,Python Analytics,2025-10-22,24,Blended,Completed,46,54,10836
T004177,E01798,Data Privacy,2025-10-11,16,Classroom,Incomplete,60,77,10916
T004178,E01798,Data Privacy,2024-11-21,16,Blended,Completed,67,89,8763
T004179,E01799,Python Analytics,2026-07-28,6,Classroom,Completed,61,87,14871
T004180,E01799,Leadership Essentials,2026-07-27,2,Classroom,Completed,67,79,8357
T004181,E01799,Negotiation,2026-08-19,24,Online,Completed,75,90,2827
T004182,E01799,Power BI,2026-08-02,8,Blended,Completed,54,78,7960
T004183,E01801,Cloud Fundamentals,2025-09-04,4,Blended,Completed,69,90,12518
T004184,E01803,Communication Skills,2024-03-10,12,Classroom,Completed,74,90,3426
T004185,E01803,GenAI for Business,2026-05-14,4,Online,Completed,73,90,12902
T004186,E01803,GenAI for Business,2025-10-10,16,Blended,Incomplete,47,63,5175
T004187,E01804,Advanced Excel,2025-06-20,24,Classroom,Completed,43,64,10936
T004188,E01804,GenAI for Business,2025-01-10,8,Online,Completed,46,59,3890
T004189,E01805,Data Privacy,2026-04-16,4,Online,Completed,74,94,6021
T004190,E01805,Negotiation,2025-02-14,8,Online,Completed,51,67,12221
T004191,E01805,Communication Skills,2025-04-24,6,Online,Completed,64,76,10437
T004192,E01805,Communication Skills,2024-02-14,2,Blended,Completed,43,56,11894
T004193,E01806,Negotiation,2025-05-26,12,Blended,Completed,40,49,5487
T004194,E01806,Python Analytics,2024-10-07,6,Online,Completed,71,82,14427
T004195,E01806,Data Privacy,2024-09-09,2,Classroom,Incomplete,70,75,12246
T004196,E01806,Data Privacy,2026-07-09,8,Blended,Completed,46,74,2908
T004197,E01807,GenAI for Business,2024-02-02,8,Classroom,Completed,41,63,8022
T004198,E01807,Project Management,2025-09-15,2,Classroom,Completed,46,56,4984
T004199,E01810,GenAI for Business,2024-08-01,4,Online,Completed,74,80,13535
T004200,E01812,Python Analytics,2026-03-21,12,Blended,Completed,43,51,4408
T004201,E01812,Project Management,2026-01-15,16,Blended,Completed,50,61,11359
T004202,E01812,Communication Skills,2026-03-28,24,Blended,Completed,48,69,1791
T004203,E01812,Python Analytics,2025-03-08,16,Online,Incomplete,40,47,13416
T004204,E01813,GenAI for Business,2024-08-15,12,Blended,Completed,59,79,6982
T004205,E01813,Python Analytics,2026-05-20,6,Online,Completed,55,61,8885
T004206,E01813,Leadership Essentials,2026-05-24,24,Online,Completed,50,65,10024
T004207,E01813,Project Management,2026-08-09,24,Classroom,Completed,54,78,4629
T004208,E01816,Project Management,2025-06-01,6,Online,Completed,40,48,4100
T004209,E01816,Python Analytics,2024-10-17,8,Classroom,Incomplete,50,57,9873
T004210,E01816,Python Analytics,2024-03-29,4,Blended,Completed,56,74,9017
T004211,E01818,Communication Skills,2025-01-28,12,Online,Completed,58,65,12636
T004212,E01818,Python Analytics,2025-06-01,8,Classroom,Completed,76,94,11960
T004213,E01819,Python Analytics,2026-03-03,8,Classroom,Completed,74,80,12377
T004214,E01819,Python Analytics,2026-05-24,8,Online,Completed,40,64,8241
T004215,E01819,Python Analytics,2025-12-27,24,Blended,Completed,70,83,5681
T004216,E01819,Python Analytics,2025-12-05,12,Blended,Completed,46,72,4133
T004217,E01819,Leadership Essentials,2026-05-14,6,Blended,Completed,45,67,2958
T004218,E01820,Python Analytics,2025-04-11,8,Blended,Completed,73,79,8293
T004219,E01822,Cloud Fundamentals,2026-07-07,12,Online,Incomplete,74,84,12577
T004220,E01822,Data Privacy,2024-02-25,2,Online,Completed,50,60,3818
T004221,E01822,Advanced Excel,2024-07-26,4,Online,Completed,54,63,14331
T004222,E01822,Communication Skills,2024-06-27,8,Blended,Completed,55,71,4265
T004223,E01822,Advanced Excel,2024-08-04,24,Online,Completed,57,79,5552
T004224,E01823,Communication Skills,2024-01-31,24,Online,Completed,54,63,4320
T004225,E01823,Data Privacy,2025-08-09,6,Blended,Completed,69,87,14969
T004226,E01823,Leadership Essentials,2024-07-01,4,Blended,Completed,44,63,14275
T004227,E01823,GenAI for Business,2024-09-24,4,Blended,Completed,45,72,8590
T004228,E01824,Python Analytics,2026-01-31,2,Online,Completed,68,78,7350
T004229,E01824,Advanced Excel,2026-06-29,12,Online,Completed,66,72,6974
T004230,E01825,Power BI,2026-08-27,4,Blended,Completed,60,88,10157
T004231,E01826,Power BI,2025-01-20,12,Online,Completed,54,69,5991
T004232,E01828,Leadership Essentials,2026-07-30,16,Classroom,Incomplete,66,77,6415
T004233,E01828,Python Analytics,2026-07-26,2,Blended,Completed,67,82,13702
T004234,E01829,Advanced Excel,2025-03-04,4,Online,Completed,49,72,10429
T004235,E01829,Cloud Fundamentals,2024-04-01,8,Online,Completed,64,78,5804
T004236,E01829,Negotiation,2025-09-30,6,Online,Completed,53,67,3937
T004237,E01829,Negotiation,2025-09-17,4,Classroom,Completed,71,78,13343
T004238,E01829,Communication Skills,2025-09-05,2,Blended,Completed,77,86,4730
T004239,E01831,Python Analytics,2024-11-05,2,Blended,Completed,64,87,6543
T004240,E01831,Power BI,2025-12-09,24,Online,Completed,46,53,8832
T004241,E01831,Cloud Fundamentals,2025-11-28,16,Blended,Completed,63,69,8814
T004242,E01832,Advanced Excel,2025-01-04,2,Classroom,Completed,51,61,10163
T004243,E01832,Project Management,2026-04-18,12,Classroom,Completed,48,60,10444
T004244,E01832,Communication Skills,2024-01-17,8,Blended,Completed,57,64,14536
T004245,E01832,Negotiation,2024-11-09,2,Online,Incomplete,64,74,10616
T004246,E01832,Communication Skills,2025-05-31,4,Online,Completed,73,89,10586
T004247,E01834,GenAI for Business,2024-12-16,2,Classroom,Completed,68,73,14841
T004248,E01834,Advanced Excel,2024-03-09,16,Online,Completed,58,67,2551
T004249,E01834,Power BI,2025-05-12,2,Online,Completed,68,82,13274
T004250,E01834,Cloud Fundamentals,2026-08-17,6,Classroom,Completed,65,87,7703
T004251,E01834,Leadership Essentials,2024-04-05,6,Classroom,Completed,78,100,11537
T004252,E01835,GenAI for Business,2024-05-17,4,Online,Completed,55,74,4602
T004253,E01835,Leadership Essentials,2025-09-20,12,Online,Completed,65,84,11192
T004254,E01835,Communication Skills,2024-08-17,8,Classroom,Completed,50,60,5358
T004255,E01836,Cloud Fundamentals,2025-06-16,4,Blended,Completed,78,98,2667
T004256,E01837,Data Privacy,2025-01-10,24,Online,Completed,45,58,14123
T004257,E01837,Python Analytics,2024-09-12,16,Classroom,Completed,65,72,6031
T004258,E01837,Python Analytics,2024-11-27,12,Online,Incomplete,50,78,10239
T004259,E01837,Power BI,2025-11-29,12,Classroom,Completed,69,85,3652
T004260,E01837,Cloud Fundamentals,2025-04-13,6,Blended,Completed,45,55,13218
T004261,E01838,Communication Skills,2026-03-28,6,Blended,Incomplete,42,68,1615
T004262,E01838,Cloud Fundamentals,2024-05-29,4,Classroom,Completed,43,64,8791
T004263,E01839,Leadership Essentials,2026-03-05,2,Online,Completed,58,83,3581
T004264,E01839,Communication Skills,2025-12-23,8,Online,Completed,44,52,4612
T004265,E01839,Cloud Fundamentals,2026-08-24,12,Classroom,Completed,74,87,10847
T004266,E01843,Leadership Essentials,2024-12-15,16,Classroom,Completed,58,85,12198
T004267,E01843,GenAI for Business,2024-02-18,16,Blended,Completed,52,60,6322
T004268,E01843,Power BI,2025-03-11,2,Online,Completed,54,80,9867
T004269,E01843,Data Privacy,2026-02-17,16,Online,Completed,58,76,12016
T004270,E01843,Advanced Excel,2026-01-18,12,Blended,Completed,62,67,4442
T004271,E01844,Communication Skills,2025-06-27,6,Classroom,Completed,47,71,3780
T004272,E01844,Negotiation,2026-03-24,2,Blended,Completed,70,77,10255
T004273,E01845,Leadership Essentials,2025-06-14,2,Online,Completed,71,82,7989
T004274,E01845,Project Management,2024-01-13,16,Classroom,Completed,52,66,13860
T004275,E01845,Data Privacy,2025-06-13,12,Blended,Completed,47,75,2743
T004276,E01846,GenAI for Business,2024-09-18,4,Blended,Completed,54,77,8816
T004277,E01846,Project Management,2025-02-03,6,Online,Completed,78,97,3098
T004278,E01846,Data Privacy,2024-07-26,6,Blended,Completed,76,98,3396
T004279,E01846,Advanced Excel,2025-03-27,24,Blended,Completed,58,65,14996
T004280,E01847,Python Analytics,2026-04-15,4,Classroom,Completed,59,77,6683
T004281,E01849,Python Analytics,2024-11-10,2,Online,Completed,55,82,2784
T004282,E01849,Leadership Essentials,2026-04-10,12,Blended,Completed,57,78,3696
T004283,E01849,Power BI,2026-01-27,4,Blended,Completed,45,59,14895
T004284,E01851,Data Privacy,2026-08-22,8,Blended,Completed,62,80,13304
T004285,E01851,Cloud Fundamentals,2026-08-05,2,Blended,Completed,45,60,13141
T004286,E01851,Negotiation,2026-08-04,4,Classroom,Completed,64,80,2750
T004287,E01851,Power BI,2026-07-16,8,Classroom,Completed,52,59,7868
T004288,E01851,Communication Skills,2026-07-29,16,Online,Completed,41,66,7247
T004289,E01852,Python Analytics,2025-05-23,24,Classroom,Completed,42,63,5758
T004290,E01853,Python Analytics,2026-08-21,2,Blended,Completed,77,98,14534
T004291,E01853,Data Privacy,2024-07-21,2,Blended,Completed,43,56,2345
T004292,E01853,Project Management,2026-07-03,12,Classroom,Completed,62,85,2290
T004293,E01853,Cloud Fundamentals,2025-04-13,8,Blended,Completed,61,71,4816
T004294,E01853,Project Management,2025-04-18,8,Blended,Completed,52,59,10475
T004295,E01855,Cloud Fundamentals,2025-04-24,12,Blended,Completed,51,62,11029
T004296,E01856,Leadership Essentials,2024-07-07,2,Blended,Incomplete,65,83,8618
T004297,E01856,Communication Skills,2026-02-12,2,Blended,Completed,42,54,9518
T004298,E01856,Data Privacy,2025-01-08,4,Classroom,Completed,62,76,7582
T004299,E01856,Advanced Excel,2025-02-17,6,Blended,Completed,41,49,1637
T004300,E01856,Communication Skills,2025-03-16,8,Online,Completed,69,89,3942
T004301,E01857,Communication Skills,2024-04-28,2,Online,Completed,74,86,5005
T004302,E01860,Python Analytics,2026-04-09,16,Online,Completed,71,76,13630
T004303,E01860,Advanced Excel,2026-08-01,12,Classroom,Completed,46,57,10305
T004304,E01860,Communication Skills,2025-05-29,6,Blended,Completed,78,92,14008
T004305,E01861,Cloud Fundamentals,2024-08-18,24,Blended,Completed,49,73,9720
T004306,E01861,Project Management,2025-09-16,24,Online,Completed,52,57,13271
T004307,E01861,GenAI for Business,2026-01-19,24,Blended,Completed,66,78,7174
T004308,E01862,Power BI,2026-03-18,24,Classroom,Completed,48,57,8713
T004309,E01862,Leadership Essentials,2026-02-06,16,Blended,Completed,72,86,8618
T004310,E01862,Leadership Essentials,2026-01-09,4,Blended,Completed,61,86,3930
T004311,E01863,Communication Skills,2026-02-23,8,Classroom,Incomplete,55,75,11520
T004312,E01864,Python Analytics,2025-06-17,24,Blended,Completed,41,67,7550
T004313,E01864,Advanced Excel,2025-02-01,4,Classroom,Completed,43,59,12779
T004314,E01864,Data Privacy,2024-07-19,6,Online,Completed,77,84,11205
T004315,E01864,GenAI for Business,2024-07-04,4,Online,Completed,73,79,12495
T004316,E01865,Leadership Essentials,2024-02-23,12,Online,Completed,74,82,11980
T004317,E01865,Advanced Excel,2026-07-12,24,Online,Completed,51,56,7077
T004318,E01865,Advanced Excel,2025-05-06,24,Blended,Completed,54,67,8041
T004319,E01866,Negotiation,2025-06-01,4,Classroom,Completed,40,46,2485
T004320,E01866,Advanced Excel,2024-02-21,6,Online,Completed,56,81,6833
T004321,E01866,Python Analytics,2024-07-09,12,Blended,Completed,46,71,8492
T004322,E01866,Advanced Excel,2024-05-03,8,Online,Completed,53,64,10717
T004323,E01867,Leadership Essentials,2024-11-29,12,Online,Incomplete,71,77,4760
T004324,E01867,GenAI for Business,2025-01-10,16,Classroom,Completed,60,72,5948
T004325,E01867,Power BI,2024-07-26,2,Online,Completed,64,78,6264
T004326,E01869,Project Management,2024-11-23,8,Online,Completed,58,72,14756
T004327,E01869,Cloud Fundamentals,2025-08-29,16,Online,Completed,54,60,6947
T004328,E01869,Negotiation,2025-02-14,24,Online,Completed,70,79,7807
T004329,E01869,Power BI,2025-02-14,16,Online,Completed,60,85,3278
T004330,E01871,Python Analytics,2025-02-23,8,Online,Completed,55,83,12149
T004331,E01871,GenAI for Business,2025-01-01,6,Online,Completed,68,86,12030
T004332,E01872,Power BI,2025-03-02,8,Blended,Completed,60,68,14105
T004333,E01872,Data Privacy,2024-05-12,16,Blended,Completed,46,66,1734
T004334,E01872,Data Privacy,2026-07-05,4,Classroom,Completed,43,57,8581
T004335,E01872,Advanced Excel,2026-07-18,16,Blended,Completed,78,83,12179
T004336,E01872,Negotiation,2025-05-08,2,Online,Completed,78,98,13874
T004337,E01873,Advanced Excel,2026-02-06,8,Online,Completed,52,60,2890
T004338,E01873,Python Analytics,2026-04-28,4,Online,Completed,44,52,3705
T004339,E01873,Advanced Excel,2025-11-09,24,Classroom,Completed,60,66,8885
T004340,E01873,Cloud Fundamentals,2025-11-16,12,Online,Completed,58,73,8375
T004341,E01875,Power BI,2026-08-01,6,Classroom,Completed,61,76,5392
T004342,E01875,Leadership Essentials,2026-08-29,24,Online,Completed,60,75,5270
T004343,E01877,Data Privacy,2025-11-28,2,Blended,Completed,69,85,14279
T004344,E01877,Project Management,2025-04-27,16,Classroom,Completed,43,70,8176
T004345,E01877,GenAI for Business,2026-04-01,6,Blended,Completed,53,58,13476
T004346,E01877,Communication Skills,2025-10-21,12,Online,Completed,51,58,13520
T004347,E01877,Python Analytics,2025-10-18,24,Online,Completed,48,65,13722
T004348,E01879,Data Privacy,2026-05-08,12,Online,Completed,49,60,6203
T004349,E01879,GenAI for Business,2025-11-23,4,Classroom,Completed,69,77,12109
T004350,E01879,Leadership Essentials,2026-04-03,24,Online,Completed,68,89,14112
T004351,E01880,Power BI,2024-05-11,16,Blended,Completed,71,92,8195
T004352,E01880,Negotiation,2025-06-10,2,Online,Completed,45,50,12035
T004353,E01880,Project Management,2025-03-12,16,Classroom,Completed,58,66,14086
T004354,E01880,Python Analytics,2024-02-15,16,Classroom,Completed,72,79,13762
T004355,E01880,Leadership Essentials,2024-09-21,8,Classroom,Completed,41,67,4046
T004356,E01881,Python Analytics,2024-12-12,4,Blended,Completed,63,84,10279
T004357,E01881,Cloud Fundamentals,2025-05-09,4,Classroom,Completed,55,81,14249
T004358,E01881,Data Privacy,2026-06-12,12,Online,Completed,67,77,7658
T004359,E01881,Advanced Excel,2026-07-18,4,Online,Completed,61,89,10680
T004360,E01882,Cloud Fundamentals,2024-01-10,2,Classroom,Completed,57,65,5777
T004361,E01883,GenAI for Business,2025-03-20,4,Classroom,Completed,42,56,5761
T004362,E01883,GenAI for Business,2025-06-08,12,Classroom,Completed,76,90,2760
T004363,E01884,Project Management,2025-02-20,16,Online,Completed,78,84,7628
T004364,E01884,Negotiation,2024-07-27,4,Blended,Completed,77,82,6560
T004365,E01886,GenAI for Business,2024-10-13,12,Classroom,Completed,62,86,6073
T004366,E01887,Advanced Excel,2026-06-13,8,Classroom,Completed,46,55,6834
T004367,E01888,Advanced Excel,2024-09-11,4,Online,Completed,41,51,12706
T004368,E01888,Cloud Fundamentals,2024-01-12,6,Classroom,Incomplete,66,76,3167
T004369,E01888,Project Management,2024-02-28,12,Online,Completed,55,80,12467
T004370,E01888,Advanced Excel,2025-11-10,16,Online,Completed,53,62,11770
T004371,E01888,Leadership Essentials,2024-09-27,12,Blended,Completed,72,97,13262
T004372,E01889,Advanced Excel,2026-08-28,8,Blended,Completed,73,87,11498
T004373,E01889,GenAI for Business,2026-01-28,24,Classroom,Completed,65,93,8421
T004374,E01890,GenAI for Business,2025-07-21,16,Online,Completed,77,86,3619
T004375,E01890,Advanced Excel,2025-01-12,6,Online,Completed,42,63,14745
T004376,E01891,Negotiation,2025-10-09,4,Classroom,Completed,63,72,12401
T004377,E01891,Python Analytics,2026-01-08,8,Classroom,Completed,64,71,8198
T004378,E01892,Leadership Essentials,2026-03-01,4,Online,Completed,73,97,6745
T004379,E01892,Python Analytics,2026-08-30,4,Blended,Completed,64,87,7029
T004380,E01892,Advanced Excel,2026-07-16,4,Online,Completed,78,89,5982
T004381,E01892,Leadership Essentials,2026-04-18,8,Online,Completed,76,100,2995
T004382,E01893,GenAI for Business,2025-10-09,8,Classroom,Completed,46,61,12344
T004383,E01893,Power BI,2024-11-15,6,Blended,Completed,75,92,12282
T004384,E01893,Advanced Excel,2025-08-16,6,Online,Completed,71,88,14868
T004385,E01894,GenAI for Business,2026-03-20,2,Classroom,Completed,42,70,6311
T004386,E01894,Python Analytics,2026-03-13,16,Online,Completed,52,71,10292
T004387,E01895,Python Analytics,2024-11-25,24,Online,Completed,72,91,6568
T004388,E01896,Python Analytics,2025-05-08,16,Blended,Completed,76,94,6059
T004389,E01896,Data Privacy,2025-12-23,16,Classroom,Completed,57,84,7834
T004390,E01896,Advanced Excel,2026-01-08,16,Online,Completed,66,81,3747
T004391,E01896,GenAI for Business,2026-03-17,24,Classroom,Completed,52,63,3282
T004392,E01896,Negotiation,2024-12-24,2,Online,Completed,65,88,8441
T004393,E01897,Data Privacy,2026-05-12,16,Blended,Completed,47,61,4208
T004394,E01897,Cloud Fundamentals,2024-01-12,24,Classroom,Completed,77,90,2849
T004395,E01897,Project Management,2025-02-22,24,Classroom,Completed,65,80,2516
T004396,E01898,Cloud Fundamentals,2026-05-03,2,Blended,Completed,40,47,1854
T004397,E01898,Cloud Fundamentals,2026-03-22,6,Online,Completed,67,88,12445
T004398,E01898,Cloud Fundamentals,2026-03-20,12,Classroom,Completed,58,67,8988
T004399,E01898,Advanced Excel,2026-08-20,16,Classroom,Completed,67,77,5158
T004400,E01899,Python Analytics,2025-03-11,24,Blended,Completed,43,65,6063
T004401,E01899,Leadership Essentials,2025-01-12,6,Online,Completed,62,88,9176
T004402,E01899,Cloud Fundamentals,2024-06-16,16,Classroom,Completed,62,86,7588
T004403,E01900,Project Management,2024-11-27,12,Classroom,Completed,72,81,3738
T004404,E01900,Negotiation,2025-10-05,16,Blended,Completed,68,79,9004
T004405,E01900,Cloud Fundamentals,2025-01-28,12,Classroom,Completed,68,73,12642
T004406,E01900,GenAI for Business,2025-04-26,16,Blended,Completed,41,66,2184
T004407,E01901,Negotiation,2024-07-30,8,Online,Incomplete,42,69,11648
T004408,E01901,GenAI for Business,2024-03-20,4,Online,Completed,78,100,9711
T004409,E01901,Cloud Fundamentals,2024-05-10,4,Online,Completed,63,77,10689
T004410,E01905,Advanced Excel,2025-08-14,16,Blended,Completed,61,74,3150
T004411,E01905,Cloud Fundamentals,2024-09-12,4,Blended,Completed,74,81,1700
T004412,E01906,Python Analytics,2024-08-16,2,Blended,Completed,76,99,11371
T004413,E01906,Negotiation,2024-05-03,16,Classroom,Completed,69,79,11657
T004414,E01907,Leadership Essentials,2025-08-16,4,Classroom,Completed,70,76,7705
T004415,E01907,Project Management,2026-03-03,4,Classroom,Completed,59,67,8586
T004416,E01907,Negotiation,2025-01-02,4,Classroom,Completed,62,72,7079
T004417,E01907,Power BI,2024-02-29,8,Blended,Completed,59,66,7318
T004418,E01907,Data Privacy,2024-11-02,24,Online,Completed,52,75,10817
T004419,E01908,GenAI for Business,2024-05-12,4,Blended,Completed,60,82,14813
T004420,E01908,Cloud Fundamentals,2026-05-02,8,Online,Completed,70,98,5908
T004421,E01908,Advanced Excel,2024-10-23,4,Classroom,Completed,40,55,13043
T004422,E01908,Communication Skills,2024-06-11,24,Blended,Completed,78,86,9012
T004423,E01908,Data Privacy,2025-09-24,2,Online,Completed,49,70,9341
T004424,E01909,Communication Skills,2024-06-19,4,Classroom,Completed,57,81,2921
T004425,E01912,Negotiation,2025-09-28,16,Online,Completed,43,58,8781
T004426,E01913,Negotiation,2026-04-06,24,Online,Completed,63,74,5363
T004427,E01913,GenAI for Business,2025-08-11,4,Online,Completed,64,90,6837
T004428,E01913,Python Analytics,2025-11-11,2,Blended,Completed,50,67,4380
T004429,E01913,Leadership Essentials,2024-08-31,24,Classroom,Incomplete,46,58,7940
T004430,E01914,Python Analytics,2024-08-29,24,Online,Completed,68,84,12576
T004431,E01914,Leadership Essentials,2025-09-06,2,Online,Completed,40,64,6120
T004432,E01914,Cloud Fundamentals,2025-07-16,16,Classroom,Completed,63,88,6115
T004433,E01916,Power BI,2024-12-03,6,Blended,Completed,68,75,14214
T004434,E01916,Cloud Fundamentals,2026-04-21,12,Classroom,Incomplete,56,76,10206
T004435,E01916,GenAI for Business,2024-09-09,6,Blended,Completed,49,67,11590
T004436,E01916,GenAI for Business,2026-02-19,2,Classroom,Completed,71,98,10328
T004437,E01918,Python Analytics,2024-04-09,4,Classroom,Completed,51,75,5779
T004438,E01918,Negotiation,2024-06-16,4,Blended,Completed,53,65,1513
T004439,E01918,Leadership Essentials,2024-01-12,16,Online,Completed,56,79,5837
T004440,E01918,Negotiation,2025-03-25,16,Classroom,Completed,74,80,2052
T004441,E01919,Project Management,2026-01-02,24,Blended,Completed,42,55,13118
T004442,E01921,Leadership Essentials,2024-12-03,2,Classroom,Completed,60,71,12978
T004443,E01921,Data Privacy,2025-11-14,24,Blended,Incomplete,62,69,8324
T004444,E01922,Data Privacy,2026-04-01,16,Online,Completed,55,61,3684
T004445,E01923,GenAI for Business,2025-12-29,2,Classroom,Completed,59,79,5622
T004446,E01923,Cloud Fundamentals,2025-12-20,12,Online,Completed,62,68,12549
T004447,E01923,Negotiation,2024-12-25,8,Blended,Completed,40,56,5182
T004448,E01923,Python Analytics,2025-01-09,8,Online,Completed,46,63,6607
T004449,E01925,Python Analytics,2026-04-18,24,Classroom,Completed,63,75,7561
T004450,E01925,GenAI for Business,2025-03-30,4,Classroom,Completed,43,55,6296
T004451,E01925,Data Privacy,2025-07-30,8,Blended,Completed,49,55,13128
T004452,E01925,Cloud Fundamentals,2024-10-22,6,Classroom,Completed,45,52,9017
T004453,E01925,Negotiation,2024-09-05,4,Online,Completed,65,89,14760
T004454,E01926,Communication Skills,2025-02-26,4,Online,Completed,43,66,9726
T004455,E01926,Power BI,2026-06-01,12,Classroom,Completed,52,63,9627
T004456,E01927,Leadership Essentials,2026-07-27,24,Blended,Completed,64,90,7086
T004457,E01930,Negotiation,2025-10-13,12,Online,Completed,77,89,14748
T004458,E01932,Python Analytics,2025-12-09,24,Blended,Completed,74,84,5200
T004459,E01932,GenAI for Business,2025-02-19,8,Classroom,Completed,56,76,11478
T004460,E01933,Power BI,2024-12-05,16,Classroom,Completed,77,87,10570
T004461,E01933,Project Management,2024-04-02,24,Classroom,Completed,48,57,2961
T004462,E01933,Negotiation,2025-05-07,16,Classroom,Completed,63,73,6860
T004463,E01933,Leadership Essentials,2025-02-08,24,Blended,Completed,45,58,11354
T004464,E01934,Leadership Essentials,2026-03-05,8,Classroom,Completed,45,54,2591
T004465,E01934,Advanced Excel,2025-10-02,12,Online,Completed,66,94,10053
T004466,E01934,Project Management,2026-04-09,6,Classroom,Completed,71,78,5259
T004467,E01934,Cloud Fundamentals,2025-07-25,16,Blended,Incomplete,63,71,1531
T004468,E01935,GenAI for Business,2024-10-09,12,Blended,Completed,42,67,14554
T004469,E01935,Python Analytics,2024-06-18,4,Online,Completed,70,87,9327
T004470,E01936,Power BI,2026-05-29,8,Blended,Completed,61,71,7225
T004471,E01936,GenAI for Business,2024-04-22,12,Online,Completed,41,50,8378
T004472,E01937,Data Privacy,2024-10-16,6,Online,Completed,51,61,14394
T004473,E01937,Communication Skills,2025-08-29,2,Classroom,Completed,47,71,8100
T004474,E01937,Communication Skills,2024-11-15,16,Blended,Incomplete,69,88,4798
T004475,E01938,Negotiation,2026-08-13,6,Classroom,Completed,48,76,3885
T004476,E01938,Data Privacy,2025-08-09,2,Blended,Completed,40,56,8032
T004477,E01938,Leadership Essentials,2025-03-05,8,Online,Completed,66,78,6702
T004478,E01939,Leadership Essentials,2025-04-06,16,Classroom,Completed,64,87,3659
T004479,E01940,Cloud Fundamentals,2025-05-19,2,Online,Completed,61,82,6697
T004480,E01940,Python Analytics,2025-09-27,4,Blended,Incomplete,73,78,10800
T004481,E01940,Power BI,2026-03-07,24,Online,Completed,60,88,12696
T004482,E01940,Data Privacy,2026-01-24,8,Online,Completed,68,78,9794
T004483,E01941,Cloud Fundamentals,2025-05-27,12,Blended,Completed,59,69,10812
T004484,E01942,Communication Skills,2024-07-19,4,Classroom,Completed,65,90,11646
T004485,E01942,Data Privacy,2024-03-28,12,Online,Completed,52,69,14319
T004486,E01943,Advanced Excel,2024-06-07,8,Blended,Completed,50,76,7574
T004487,E01943,GenAI for Business,2026-08-01,2,Online,Completed,57,80,1598
T004488,E01943,Cloud Fundamentals,2025-04-09,2,Online,Completed,64,90,2735
T004489,E01944,Data Privacy,2026-07-25,8,Classroom,Completed,52,74,11689
T004490,E01944,Data Privacy,2026-02-11,2,Classroom,Completed,68,73,4568
T004491,E01945,Cloud Fundamentals,2026-08-27,12,Classroom,Completed,63,83,12333
T004492,E01945,Communication Skills,2025-09-16,6,Online,Completed,74,91,1655
T004493,E01946,Negotiation,2024-11-22,2,Classroom,Incomplete,61,80,3598
T004494,E01946,Communication Skills,2025-08-06,16,Online,Completed,65,91,5640
T004495,E01946,Advanced Excel,2024-09-20,12,Online,Completed,63,85,6717
T004496,E01946,GenAI for Business,2024-09-03,8,Blended,Completed,50,61,2523
T004497,E01948,Leadership Essentials,2026-01-05,2,Online,Completed,43,70,2616
T004498,E01948,Cloud Fundamentals,2024-06-29,8,Online,Completed,57,79,11084
T004499,E01948,Power BI,2026-08-16,24,Blended,Completed,41,49,2096
T004500,E01948,Leadership Essentials,2024-06-11,16,Blended,Completed,61,70,7124
T004501,E01948,Leadership Essentials,2025-04-15,2,Classroom,Completed,40,58,6117
T004502,E01951,GenAI for Business,2026-04-24,8,Classroom,Completed,51,75,8294
T004503,E01951,Project Management,2026-06-07,6,Classroom,Completed,51,73,12147
T004504,E01951,Power BI,2026-06-12,12,Online,Completed,46,66,13195
T004505,E01951,Advanced Excel,2026-08-08,12,Online,Completed,41,63,8987
T004506,E01952,Data Privacy,2026-03-01,16,Classroom,Completed,42,49,4020
T004507,E01952,Advanced Excel,2025-12-28,6,Online,Completed,50,60,9909
T004508,E01952,Cloud Fundamentals,2026-01-17,24,Online,Completed,65,80,9477
T004509,E01952,GenAI for Business,2026-01-02,6,Classroom,Completed,60,78,4466
T004510,E01953,Data Privacy,2026-01-03,8,Blended,Completed,44,66,5554
T004511,E01953,Project Management,2025-10-16,4,Classroom,Completed,49,57,4239
T004512,E01955,Cloud Fundamentals,2026-08-18,4,Classroom,Incomplete,78,86,4153
T004513,E01955,Python Analytics,2026-06-27,24,Classroom,Completed,49,76,11776
T004514,E01955,Communication Skills,2026-05-10,2,Blended,Completed,53,68,12317
T004515,E01955,Advanced Excel,2026-06-19,24,Blended,Completed,63,88,7770
T004516,E01955,Power BI,2026-04-29,6,Online,Completed,54,75,13306
T004517,E01956,Leadership Essentials,2026-05-10,2,Classroom,Completed,51,79,6866
T004518,E01956,GenAI for Business,2026-06-10,24,Blended,Completed,66,74,9661
T004519,E01956,Cloud Fundamentals,2026-08-11,16,Online,Completed,60,88,14686
T004520,E01956,Advanced Excel,2026-08-23,2,Blended,Completed,72,81,6592
T004521,E01957,Python Analytics,2024-03-23,12,Blended,Completed,77,94,7605
T004522,E01957,Project Management,2026-08-10,12,Blended,Completed,67,89,8974
T004523,E01958,Cloud Fundamentals,2026-02-03,16,Online,Completed,56,83,13980
T004524,E01960,Python Analytics,2024-09-06,8,Online,Incomplete,49,73,5426
T004525,E01960,Leadership Essentials,2025-06-07,6,Online,Incomplete,69,88,12102
T004526,E01961,Power BI,2025-07-19,24,Blended,Completed,43,54,8738
T004527,E01961,Negotiation,2024-12-14,16,Blended,Completed,71,90,2642
T004528,E01961,Communication Skills,2025-10-05,12,Classroom,Incomplete,77,86,7898
T004529,E01962,Cloud Fundamentals,2024-01-08,16,Online,Completed,41,58,9554
T004530,E01962,Data Privacy,2026-05-17,2,Online,Completed,50,59,5737
T004531,E01963,Data Privacy,2026-07-03,8,Blended,Completed,75,95,10710
T004532,E01963,Cloud Fundamentals,2025-10-25,2,Classroom,Completed,40,53,3276
T004533,E01963,Advanced Excel,2024-09-17,2,Online,Completed,47,68,6272
T004534,E01963,GenAI for Business,2026-04-28,4,Online,Completed,54,77,14465
T004535,E01964,Communication Skills,2026-01-24,8,Blended,Completed,49,74,7760
T004536,E01964,Advanced Excel,2024-11-15,4,Online,Completed,58,86,9446
T004537,E01966,Project Management,2024-10-29,16,Classroom,Completed,72,80,7377
T004538,E01968,Leadership Essentials,2024-11-27,12,Blended,Completed,69,94,5368
T004539,E01968,Power BI,2025-11-15,24,Online,Completed,76,99,12456
T004540,E01968,Advanced Excel,2026-01-28,8,Online,Completed,54,78,4919
T004541,E01969,Data Privacy,2026-07-11,12,Classroom,Completed,49,65,2488
T004542,E01969,Advanced Excel,2025-08-11,4,Online,Completed,40,49,12432
T004543,E01969,Advanced Excel,2025-05-05,6,Classroom,Completed,64,79,13815
T004544,E01969,Negotiation,2025-05-30,24,Blended,Completed,57,68,4520
T004545,E01971,Python Analytics,2025-12-03,24,Online,Completed,74,91,11760
T004546,E01971,Power BI,2026-05-04,4,Blended,Completed,61,78,5049
T004547,E01972,Advanced Excel,2024-11-25,12,Online,Completed,55,72,6658
T004548,E01972,Data Privacy,2024-10-30,6,Classroom,Completed,73,89,8300
T004549,E01972,Advanced Excel,2024-02-25,12,Blended,Completed,41,69,5726
T004550,E01972,Communication Skills,2025-05-03,4,Classroom,Incomplete,77,85,10438
T004551,E01972,Leadership Essentials,2026-08-07,8,Blended,Completed,58,83,11669
T004552,E01973,Power BI,2025-03-17,2,Online,Completed,71,97,13094
T004553,E01973,Leadership Essentials,2024-10-02,6,Online,Completed,67,90,4270
T004554,E01973,Project Management,2024-12-05,12,Blended,Completed,47,69,14465
T004555,E01973,Data Privacy,2024-02-19,6,Classroom,Completed,63,73,2085
T004556,E01974,Cloud Fundamentals,2026-04-12,4,Online,Incomplete,46,58,9330
T004557,E01974,Leadership Essentials,2026-04-17,2,Blended,Completed,67,91,13256
T004558,E01974,Python Analytics,2025-02-24,6,Blended,Completed,43,49,2428
T004559,E01975,Leadership Essentials,2025-04-17,2,Online,Completed,78,92,13045
T004560,E01975,Data Privacy,2026-02-13,6,Classroom,Incomplete,74,96,7892
T004561,E01975,Power BI,2024-12-09,6,Blended,Completed,43,69,7366
T004562,E01977,Advanced Excel,2026-05-15,8,Classroom,Completed,55,63,8437
T004563,E01978,Advanced Excel,2024-09-02,4,Blended,Incomplete,59,67,2953
T004564,E01978,Advanced Excel,2025-01-14,16,Classroom,Completed,71,80,9499
T004565,E01978,Leadership Essentials,2025-11-11,2,Classroom,Completed,64,80,10407
T004566,E01979,Power BI,2025-07-26,16,Blended,Completed,54,70,6428
T004567,E01979,Leadership Essentials,2024-08-20,16,Classroom,Completed,78,100,4473
T004568,E01979,Python Analytics,2026-05-01,24,Online,Completed,67,95,14383
T004569,E01981,Project Management,2025-09-16,8,Blended,Completed,70,82,12765
T004570,E01981,Leadership Essentials,2025-12-01,8,Online,Completed,70,91,11627
T004571,E01982,GenAI for Business,2026-02-15,4,Online,Completed,75,100,7874
T004572,E01983,Communication Skills,2024-11-03,24,Classroom,Completed,60,68,12385
T004573,E01983,Data Privacy,2025-04-04,24,Classroom,Incomplete,43,69,2262
T004574,E01983,Python Analytics,2025-10-07,24,Blended,Completed,46,63,8763
T004575,E01984,Data Privacy,2025-09-20,4,Classroom,Completed,69,95,13502
T004576,E01985,Data Privacy,2024-01-02,6,Classroom,Completed,71,99,5135
T004577,E01986,Project Management,2024-03-26,2,Classroom,Completed,67,78,13200
T004578,E01986,Communication Skills,2024-01-28,6,Online,Completed,58,86,6234
T004579,E01986,Project Management,2025-07-08,8,Blended,Completed,75,91,9036
T004580,E01988,Project Management,2025-12-24,24,Classroom,Completed,55,81,13988
T004581,E01988,Project Management,2026-04-09,2,Blended,Incomplete,61,83,3592
T004582,E01988,Negotiation,2025-10-07,12,Classroom,Completed,68,81,8299
T004583,E01989,Communication Skills,2024-04-01,6,Blended,Completed,53,77,5039
T004584,E01989,Python Analytics,2024-02-09,2,Blended,Completed,72,78,6286
T004585,E01989,Leadership Essentials,2024-11-27,8,Blended,Completed,49,74,8542
T004586,E01990,Data Privacy,2026-07-16,2,Online,Completed,52,63,14416
T004587,E01990,Power BI,2026-03-30,24,Blended,Completed,46,66,6373
T004588,E01990,Leadership Essentials,2026-04-28,2,Online,Completed,43,62,12425
T004589,E01990,Python Analytics,2026-03-18,16,Blended,Completed,55,69,5771
T004590,E01990,Project Management,2024-12-09,12,Online,Completed,45,56,6056
T004591,E01991,Leadership Essentials,2025-09-29,4,Blended,Completed,43,62,4963
T004592,E01991,Project Management,2025-07-20,16,Online,Completed,78,100,2953
T004593,E01991,Python Analytics,2026-02-07,4,Online,Completed,51,79,6431
T004594,E01991,Advanced Excel,2024-04-16,2,Classroom,Completed,50,68,4574
T004595,E01991,Project Management,2024-08-09,8,Classroom,Completed,75,87,1737
T004596,E01993,Cloud Fundamentals,2024-05-28,16,Online,Completed,63,77,9922
T004597,E01993,Python Analytics,2025-09-01,4,Online,Completed,45,50,13654
T004598,E01993,Cloud Fundamentals,2024-01-02,2,Classroom,Completed,42,64,13685
T004599,E01995,Advanced Excel,2025-07-31,16,Blended,Completed,53,67,14666
T004600,E01995,Data Privacy,2025-06-24,16,Classroom,Completed,41,47,9301
T004601,E01995,Leadership Essentials,2026-01-09,6,Classroom,Completed,56,73,6106
T004602,E01996,Cloud Fundamentals,2026-07-23,2,Online,Completed,43,52,8617
T004603,E01996,Communication Skills,2026-03-17,4,Online,Completed,63,71,5394
T004604,E01996,Python Analytics,2026-06-20,24,Classroom,Completed,65,74,8779
T004605,E01996,Project Management,2026-08-08,12,Online,Completed,62,74,9093
T004606,E01997,Data Privacy,2024-12-16,8,Blended,Completed,52,75,5754
T004607,E01997,Cloud Fundamentals,2024-05-21,24,Online,Completed,70,79,1840
T004608,E01997,Advanced Excel,2024-08-27,12,Online,Completed,64,75,1839
T004609,E01997,GenAI for Business,2024-09-19,12,Online,Completed,76,92,5211
T004610,E01998,Advanced Excel,2026-08-29,4,Classroom,Completed,62,67,14600
T004611,E01998,Communication Skills,2024-11-02,8,Classroom,Incomplete,44,53,14489
T004612,E01998,Data Privacy,2026-04-20,4,Blended,Completed,75,93,4376
T004613,E02000,Communication Skills,2024-01-23,4,Classroom,Completed,51,78,12596
T004614,E02000,Communication Skills,2026-01-03,6,Classroom,Completed,69,96,4760
T004615,E02000,Power BI,2024-03-29,12,Blended,Completed,51,65,6022
T004616,E02001,Communication Skills,2026-01-13,16,Classroom,Completed,58,77,12544
T004617,E02001,Cloud Fundamentals,2026-05-09,24,Blended,Completed,73,96,2241
T004618,E02002,Negotiation,2025-08-29,2,Blended,Completed,52,57,5456
T004619,E02003,Advanced Excel,2024-01-22,2,Online,Completed,46,51,7801
T004620,E02004,Python Analytics,2024-07-06,8,Classroom,Completed,67,73,2662
T004621,E02004,Project Management,2024-02-16,6,Online,Completed,40,64,2554
T004622,E02004,Cloud Fundamentals,2024-04-04,6,Online,Completed,76,98,7883
T004623,E02004,Data Privacy,2024-11-04,2,Classroom,Completed,41,51,14264
T004624,E02005,Negotiation,2026-07-02,6,Online,Completed,57,62,10758
T004625,E02005,Negotiation,2026-04-13,16,Online,Completed,72,90,2708
T004626,E02005,Communication Skills,2026-02-11,24,Online,Completed,56,72,13686
T004627,E02005,GenAI for Business,2026-02-19,24,Classroom,Completed,48,67,2208
T004628,E02006,Communication Skills,2026-03-09,4,Blended,Completed,51,56,14808
T004629,E02006,Data Privacy,2025-03-05,2,Online,Completed,71,93,11280
T004630,E02006,GenAI for Business,2025-08-17,4,Blended,Completed,47,72,12834
T004631,E02006,GenAI for Business,2025-07-11,12,Online,Completed,52,65,3187
T004632,E02006,Leadership Essentials,2025-09-25,12,Classroom,Completed,49,58,7612
T004633,E02007,Python Analytics,2024-05-22,12,Classroom,Completed,70,85,6539
T004634,E02008,GenAI for Business,2025-12-24,24,Online,Completed,55,79,3676
T004635,E02008,Project Management,2026-05-15,8,Classroom,Completed,63,91,9143
T004636,E02008,Python Analytics,2026-01-18,4,Online,Completed,78,100,5833
T004637,E02008,Negotiation,2026-01-17,16,Classroom,Completed,42,54,5231
T004638,E02009,Communication Skills,2025-05-22,6,Blended,Completed,48,61,12234
T004639,E02010,Power BI,2024-06-29,2,Online,Completed,56,66,1589
T004640,E02010,Power BI,2024-12-13,6,Online,Completed,61,75,14390
T004641,E02013,Project Management,2026-03-28,6,Blended,Completed,59,83,12071
T004642,E02013,Project Management,2026-03-24,4,Blended,Completed,41,54,5799
T004643,E02013,Python Analytics,2026-06-21,6,Blended,Completed,69,93,9752
T004644,E02013,GenAI for Business,2026-06-16,4,Classroom,Completed,62,69,11332
T004645,E02013,Data Privacy,2026-07-28,24,Online,Completed,76,100,1763
T004646,E02014,Project Management,2024-06-27,6,Classroom,Completed,46,54,2136
T004647,E02014,Data Privacy,2024-11-04,8,Online,Completed,50,64,2774
T004648,E02014,Communication Skills,2024-06-24,8,Online,Completed,45,57,7124
T004649,E02015,Power BI,2026-08-03,8,Online,Completed,44,59,1596
T004650,E02015,Cloud Fundamentals,2026-06-11,24,Online,Completed,46,64,4390
T004651,E02015,Project Management,2025-02-28,16,Blended,Incomplete,59,74,5566
T004652,E02016,Advanced Excel,2026-05-06,24,Blended,Completed,72,97,6191
T004653,E02017,Leadership Essentials,2024-03-10,12,Online,Completed,50,73,4952
T004654,E02017,GenAI for Business,2025-02-15,4,Online,Completed,65,78,3658
T004655,E02018,Project Management,2024-06-15,2,Classroom,Completed,59,79,2778
T004656,E02018,Data Privacy,2025-08-01,8,Online,Completed,60,78,9413
T004657,E02018,Power BI,2024-07-02,6,Online,Completed,56,81,4374
T004658,E02018,Project Management,2026-03-21,6,Online,Completed,50,70,14132
T004659,E02019,Power BI,2025-12-27,16,Online,Completed,52,66,6562
T004660,E02019,Project Management,2025-04-02,4,Blended,Completed,44,62,10272
T004661,E02019,Negotiation,2024-04-25,12,Online,Completed,73,91,8010
T004662,E02019,Python Analytics,2024-09-16,2,Classroom,Completed,77,100,1872
T004663,E02020,Power BI,2026-01-01,16,Classroom,Completed,73,91,6058
T004664,E02020,Advanced Excel,2026-03-07,6,Online,Completed,72,80,10816
T004665,E02020,Project Management,2026-05-26,6,Online,Completed,63,80,10827
T004666,E02020,Data Privacy,2026-05-17,16,Classroom,Incomplete,78,87,7203
T004667,E02023,Data Privacy,2025-03-11,4,Classroom,Completed,73,81,9709
T004668,E02023,Communication Skills,2026-03-01,4,Blended,Completed,76,97,6630
T004669,E02023,Negotiation,2024-03-25,6,Online,Completed,53,70,1603
T004670,E02023,Data Privacy,2025-03-25,8,Blended,Incomplete,53,70,2584
T004671,E02024,Data Privacy,2026-03-28,6,Blended,Completed,67,85,3864
T004672,E02024,Project Management,2024-09-08,8,Online,Completed,47,70,5961
T004673,E02024,Python Analytics,2025-09-17,16,Classroom,Completed,48,67,3359
T004674,E02025,Negotiation,2026-02-26,4,Online,Completed,70,94,7676
T004675,E02025,Data Privacy,2026-03-05,16,Online,Completed,67,73,14057
T004676,E02025,Python Analytics,2026-07-14,4,Classroom,Completed,44,54,8418
T004677,E02025,Power BI,2026-04-04,12,Online,Completed,49,57,3589
T004678,E02026,Negotiation,2025-08-15,12,Online,Completed,76,86,10041
T004679,E02026,Leadership Essentials,2024-03-29,16,Classroom,Completed,70,95,5371
T004680,E02026,GenAI for Business,2025-08-23,16,Online,Completed,65,84,7793
T004681,E02026,GenAI for Business,2024-12-27,24,Classroom,Completed,62,70,14723
T004682,E02026,Negotiation,2024-09-07,24,Classroom,Incomplete,61,76,9740
T004683,E02027,Python Analytics,2026-03-03,4,Blended,Completed,59,64,12514
T004684,E02027,Data Privacy,2025-09-19,16,Blended,Completed,61,87,10852
T004685,E02027,Cloud Fundamentals,2024-04-16,2,Blended,Completed,50,65,14999
T004686,E02030,Cloud Fundamentals,2025-01-12,16,Classroom,Completed,57,71,9560
T004687,E02031,Python Analytics,2026-03-27,16,Blended,Incomplete,70,92,3696
T004688,E02031,Python Analytics,2026-07-30,8,Classroom,Completed,52,66,8432
T004689,E02031,Python Analytics,2026-02-24,2,Online,Completed,71,91,7534
T004690,E02031,Advanced Excel,2025-05-04,8,Classroom,Completed,54,66,7918
T004691,E02031,Project Management,2026-05-17,12,Classroom,Completed,41,60,11698
T004692,E02032,Project Management,2024-05-01,4,Online,Completed,63,75,10507
T004693,E02032,Negotiation,2024-03-13,6,Blended,Completed,69,95,11797
T004694,E02032,Python Analytics,2024-01-20,4,Blended,Completed,68,80,2506
T004695,E02033,Python Analytics,2024-05-19,24,Online,Completed,55,71,6194
T004696,E02033,Data Privacy,2024-03-13,6,Classroom,Incomplete,69,95,13369
T004697,E02033,Python Analytics,2024-02-29,8,Blended,Completed,66,92,8670
T004698,E02035,GenAI for Business,2026-06-16,6,Classroom,Completed,72,77,9094
T004699,E02035,Data Privacy,2024-10-16,6,Classroom,Completed,68,88,9845
T004700,E02035,Leadership Essentials,2026-07-07,16,Blended,Completed,50,76,2979
T004701,E02035,Data Privacy,2025-06-28,12,Online,Completed,69,82,2614
T004702,E02035,GenAI for Business,2025-02-15,12,Blended,Completed,61,78,3490
T004703,E02036,Leadership Essentials,2025-10-25,24,Online,Completed,47,67,1976
T004704,E02036,Communication Skills,2024-10-22,8,Classroom,Completed,48,62,9845
T004705,E02038,Power BI,2026-07-22,8,Blended,Completed,51,58,12893
T004706,E02038,GenAI for Business,2024-08-20,12,Blended,Completed,46,61,10318
T004707,E02038,Advanced Excel,2024-10-04,2,Blended,Completed,62,73,1555
T004708,E02039,GenAI for Business,2024-05-25,4,Blended,Completed,60,86,14186
T004709,E02039,Project Management,2024-10-22,4,Blended,Completed,51,66,2163
T004710,E02039,Power BI,2026-06-19,16,Online,Completed,67,76,6275
T004711,E02039,Power BI,2025-09-21,16,Blended,Completed,60,86,8755
T004712,E02039,Power BI,2025-03-19,16,Blended,Completed,49,59,2914
T004713,E02041,Python Analytics,2024-08-02,6,Online,Completed,66,87,2250
T004714,E02042,Power BI,2025-02-16,8,Online,Completed,69,89,14579
T004715,E02042,Data Privacy,2024-06-08,2,Classroom,Completed,56,79,3747
T004716,E02042,Advanced Excel,2025-05-12,2,Blended,Completed,69,76,13867
T004717,E02042,Communication Skills,2025-01-21,24,Blended,Completed,57,69,12985
T004718,E02042,Data Privacy,2025-03-14,16,Blended,Completed,71,86,4024
T004719,E02043,Advanced Excel,2025-02-05,16,Online,Completed,51,75,6821
T004720,E02043,GenAI for Business,2026-01-19,6,Online,Completed,58,85,8516
T004721,E02043,Python Analytics,2025-12-11,12,Classroom,Completed,47,61,6422
T004722,E02043,Python Analytics,2024-05-18,12,Classroom,Completed,48,56,2047
T004723,E02043,Data Privacy,2024-07-19,24,Blended,Completed,74,100,10806
T004724,E02044,Communication Skills,2025-07-18,24,Classroom,Completed,47,68,11393
T004725,E02045,Advanced Excel,2025-12-22,16,Online,Completed,67,84,9875
T004726,E02045,Communication Skills,2025-09-21,24,Classroom,Completed,62,82,13017
T004727,E02045,Power BI,2025-11-04,16,Blended,Completed,69,84,7226
T004728,E02045,Power BI,2025-10-16,4,Online,Completed,69,80,9546
T004729,E02047,Project Management,2024-11-30,8,Classroom,Completed,64,75,14296
T004730,E02048,Negotiation,2025-01-02,12,Blended,Completed,69,91,3118
T004731,E02048,Negotiation,2026-02-06,24,Classroom,Completed,65,91,4484
T004732,E02048,Power BI,2024-01-08,16,Blended,Completed,67,75,13812
T004733,E02050,Project Management,2026-04-10,16,Online,Completed,58,73,14766
T004734,E02050,Power BI,2026-05-23,4,Classroom,Completed,65,80,3617
T004735,E02051,Advanced Excel,2024-04-06,8,Classroom,Completed,77,100,7307
T004736,E02051,Advanced Excel,2024-04-15,16,Blended,Completed,43,50,1929
T004737,E02051,Data Privacy,2024-05-09,24,Online,Completed,45,66,4818
T004738,E02053,Data Privacy,2024-04-16,4,Classroom,Incomplete,72,86,10377
T004739,E02053,Cloud Fundamentals,2024-01-31,2,Classroom,Completed,51,70,3661
T004740,E02054,Negotiation,2024-02-29,2,Classroom,Completed,55,64,8745
T004741,E02054,GenAI for Business,2024-10-16,6,Online,Completed,52,67,13197
T004742,E02055,Leadership Essentials,2025-01-09,16,Classroom,Completed,71,95,7380
T004743,E02055,GenAI for Business,2025-09-22,6,Blended,Completed,44,72,5806
T004744,E02055,Python Analytics,2026-01-22,8,Online,Completed,43,67,9998
T004745,E02055,Advanced Excel,2024-01-06,16,Blended,Completed,43,70,12916
T004746,E02056,Negotiation,2025-05-16,24,Online,Completed,52,73,2004
T004747,E02056,Project Management,2026-05-26,2,Online,Completed,63,77,8812
T004748,E02056,Cloud Fundamentals,2024-10-16,4,Classroom,Completed,58,79,13801
T004749,E02056,Project Management,2025-07-22,24,Online,Completed,73,83,2281
T004750,E02056,Data Privacy,2025-06-15,8,Classroom,Completed,41,51,14344
T004751,E02057,Python Analytics,2025-02-01,8,Classroom,Completed,44,63,12545
T004752,E02057,Power BI,2025-02-27,16,Blended,Completed,46,68,8061
T004753,E02058,Python Analytics,2024-10-03,4,Classroom,Completed,57,80,9590
T004754,E02058,Data Privacy,2026-06-28,8,Blended,Completed,54,62,3823
T004755,E02058,Python Analytics,2026-07-01,16,Online,Completed,59,67,12881
T004756,E02059,Cloud Fundamentals,2025-02-16,2,Blended,Completed,74,100,2003
T004757,E02060,Project Management,2024-07-17,4,Classroom,Completed,55,64,4627
T004758,E02060,Power BI,2026-06-25,2,Classroom,Completed,68,78,2929
T004759,E02063,Power BI,2024-10-13,6,Online,Completed,73,84,5626
T004760,E02063,Communication Skills,2026-06-07,6,Online,Completed,58,81,9293
T004761,E02063,Project Management,2025-06-03,6,Classroom,Completed,53,59,11401
T004762,E02064,Power BI,2024-03-29,2,Blended,Completed,46,54,11990
T004763,E02064,Power BI,2024-10-14,6,Classroom,Incomplete,50,56,4763
T004764,E02064,Power BI,2024-07-16,16,Classroom,Incomplete,70,94,14199
T004765,E02064,Advanced Excel,2026-06-05,4,Classroom,Completed,52,73,4360
T004766,E02064,Leadership Essentials,2026-08-27,8,Classroom,Completed,68,73,7861
T004767,E02066,Project Management,2024-12-05,4,Classroom,Completed,77,85,9492
T004768,E02066,Python Analytics,2026-07-03,16,Online,Completed,40,67,10809
T004769,E02067,Communication Skills,2026-07-03,8,Classroom,Completed,71,85,11022
T004770,E02067,Power BI,2025-06-27,6,Classroom,Incomplete,43,50,8076
T004771,E02067,Python Analytics,2026-05-11,8,Online,Completed,46,58,11572
T004772,E02067,GenAI for Business,2024-05-03,16,Online,Completed,78,95,5167
T004773,E02067,Advanced Excel,2026-05-23,6,Online,Completed,44,59,11887
T004774,E02068,Communication Skills,2024-01-18,6,Online,Completed,78,84,13363
T004775,E02068,GenAI for Business,2024-08-29,2,Online,Completed,76,90,10940
T004776,E02068,Python Analytics,2025-06-18,6,Online,Completed,69,92,4628
T004777,E02068,Power BI,2026-06-05,12,Online,Completed,41,56,7561
T004778,E02070,GenAI for Business,2024-04-17,6,Blended,Completed,62,90,9299
T004779,E02071,Power BI,2024-10-18,8,Blended,Completed,56,71,12438
T004780,E02071,Advanced Excel,2025-02-23,6,Blended,Completed,42,47,12416
T004781,E02071,Data Privacy,2024-08-21,8,Classroom,Completed,65,85,12227
T004782,E02071,Python Analytics,2024-11-25,12,Classroom,Completed,67,83,11591
T004783,E02072,GenAI for Business,2026-08-13,6,Classroom,Completed,69,93,8946
T004784,E02072,Negotiation,2026-08-25,2,Classroom,Completed,49,59,7098
T004785,E02072,Python Analytics,2026-08-08,4,Blended,Completed,55,81,9741
T004786,E02073,Advanced Excel,2026-08-04,12,Blended,Completed,43,50,4285
T004787,E02073,Python Analytics,2026-06-21,12,Blended,Incomplete,44,52,5276
T004788,E02073,Python Analytics,2026-07-21,4,Classroom,Completed,71,88,1618
T004789,E02073,Project Management,2026-07-21,2,Online,Completed,47,75,9805
T004790,E02073,Power BI,2026-06-05,16,Classroom,Completed,60,84,3615
T004791,E02075,Negotiation,2024-04-09,4,Blended,Completed,46,69,14230
T004792,E02075,Advanced Excel,2024-11-11,8,Blended,Incomplete,48,60,13901
T004793,E02075,Data Privacy,2024-09-30,24,Blended,Completed,51,78,5209
T004794,E02075,Data Privacy,2024-02-25,4,Blended,Completed,45,69,8784
T004795,E02076,Python Analytics,2025-11-01,24,Blended,Completed,51,79,6063
T004796,E02076,Negotiation,2026-01-14,16,Blended,Incomplete,69,93,5079
T004797,E02076,Communication Skills,2025-01-27,8,Classroom,Incomplete,66,82,8947
T004798,E02076,Negotiation,2024-08-29,4,Classroom,Completed,72,77,2581
T004799,E02076,Project Management,2024-03-07,8,Classroom,Completed,43,61,14451
T004800,E02077,Data Privacy,2026-07-03,4,Classroom,Completed,72,94,9962
T004801,E02077,Communication Skills,2026-02-15,8,Online,Completed,54,76,10722
T004802,E02078,Cloud Fundamentals,2026-03-19,16,Blended,Completed,49,77,2289
T004803,E02080,Python Analytics,2026-03-03,16,Online,Incomplete,65,77,10692
T004804,E02080,Leadership Essentials,2025-08-20,2,Classroom,Completed,60,86,7190
T004805,E02080,Advanced Excel,2026-07-30,2,Blended,Completed,63,75,9306
T004806,E02081,Leadership Essentials,2025-02-06,2,Online,Completed,69,94,10977
T004807,E02081,Advanced Excel,2025-07-16,12,Classroom,Completed,63,70,10746
T004808,E02084,Leadership Essentials,2025-03-12,16,Online,Completed,58,80,14412
T004809,E02085,Data Privacy,2024-03-21,12,Online,Completed,78,100,11990
T004810,E02085,Power BI,2024-11-22,24,Online,Completed,60,88,1543
T004811,E02085,Leadership Essentials,2025-01-09,24,Classroom,Completed,56,72,14234
T004812,E02086,Negotiation,2026-07-24,24,Blended,Completed,63,85,3063
T004813,E02086,Leadership Essentials,2026-07-22,6,Classroom,Completed,68,80,7807
T004814,E02087,Negotiation,2024-10-12,12,Classroom,Completed,50,76,10659
T004815,E02088,Communication Skills,2025-10-26,4,Online,Completed,74,81,12373
T004816,E02090,GenAI for Business,2025-06-20,12,Blended,Completed,68,90,7867
T004817,E02090,Communication Skills,2026-05-15,2,Classroom,Completed,46,60,4058
T004818,E02090,Power BI,2025-09-30,24,Classroom,Completed,61,77,10608
T004819,E02091,GenAI for Business,2026-06-28,4,Blended,Completed,77,91,12730
T004820,E02092,Data Privacy,2026-08-10,4,Blended,Completed,77,98,12399
T004821,E02092,Data Privacy,2026-08-22,24,Classroom,Completed,46,56,14332
T004822,E02092,GenAI for Business,2026-08-30,4,Online,Completed,71,87,6231
T004823,E02093,Project Management,2025-03-09,12,Classroom,Completed,64,84,12364
T004824,E02093,Communication Skills,2026-01-19,24,Online,Completed,47,55,13840
T004825,E02093,Cloud Fundamentals,2025-10-01,8,Classroom,Completed,59,64,10210
T004826,E02093,GenAI for Business,2024-06-20,4,Blended,Completed,49,77,2791
T004827,E02093,Cloud Fundamentals,2024-01-07,12,Classroom,Completed,56,80,5458
T004828,E02094,Python Analytics,2026-06-16,12,Blended,Completed,76,84,1630
T004829,E02095,Data Privacy,2026-07-12,4,Blended,Completed,54,78,8988
T004830,E02095,GenAI for Business,2025-07-22,8,Classroom,Completed,65,71,12206
T004831,E02096,Python Analytics,2024-07-19,2,Online,Completed,48,65,10781
T004832,E02096,Negotiation,2024-07-30,2,Classroom,Completed,77,86,14706
T004833,E02096,Cloud Fundamentals,2025-03-22,16,Online,Completed,58,86,7697
T004834,E02098,Leadership Essentials,2024-11-08,24,Blended,Completed,59,71,8550
T004835,E02098,Negotiation,2024-01-22,24,Classroom,Completed,58,84,5831
T004836,E02098,GenAI for Business,2024-10-07,4,Blended,Completed,44,69,9707
T004837,E02098,Project Management,2025-10-14,4,Online,Completed,56,67,5121
T004838,E02098,GenAI for Business,2025-10-26,12,Blended,Incomplete,70,90,10736
T004839,E02101,GenAI for Business,2026-08-09,2,Blended,Completed,45,64,7650
T004840,E02101,Advanced Excel,2026-08-17,16,Online,Completed,53,62,5173
T004841,E02101,Cloud Fundamentals,2026-08-12,12,Online,Completed,74,85,10600
T004842,E02101,Advanced Excel,2026-08-26,24,Classroom,Completed,48,67,13479
T004843,E02102,Advanced Excel,2026-08-11,2,Blended,Completed,55,76,3495
T004844,E02102,Python Analytics,2025-12-19,8,Online,Completed,69,82,2973
T004845,E02103,Project Management,2024-05-12,12,Classroom,Completed,71,86,2813
T004846,E02104,Advanced Excel,2026-04-27,8,Blended,Completed,73,100,3418
T004847,E02104,Communication Skills,2025-06-20,12,Classroom,Completed,50,63,2189
T004848,E02104,Communication Skills,2025-09-18,12,Blended,Completed,60,65,10705
T004849,E02104,Python Analytics,2026-02-26,6,Blended,Completed,49,66,7849
T004850,E02104,Project Management,2026-04-02,6,Blended,Completed,59,66,2951
T004851,E02105,Data Privacy,2024-03-31,12,Online,Completed,67,72,8497
T004852,E02106,Advanced Excel,2025-02-12,8,Blended,Completed,49,75,11462
T004853,E02106,Project Management,2024-07-16,4,Classroom,Completed,64,79,9408
T004854,E02107,Data Privacy,2026-04-14,2,Online,Completed,46,69,9449
T004855,E02109,Cloud Fundamentals,2026-07-12,24,Blended,Completed,66,83,12410
T004856,E02111,Cloud Fundamentals,2024-12-06,6,Classroom,Completed,44,68,7870
T004857,E02112,Leadership Essentials,2025-06-16,24,Online,Completed,44,67,9183
T004858,E02112,Python Analytics,2025-09-21,4,Blended,Incomplete,58,66,13985
T004859,E02112,Python Analytics,2024-10-18,4,Blended,Completed,64,89,12687
T004860,E02112,Advanced Excel,2025-01-07,4,Blended,Completed,53,76,7885
T004861,E02113,Leadership Essentials,2024-07-05,2,Blended,Completed,70,95,8263
T004862,E02113,Negotiation,2024-01-19,4,Classroom,Completed,62,87,8341
T004863,E02113,Power BI,2024-07-24,16,Online,Completed,44,69,1985
T004864,E02113,GenAI for Business,2025-05-31,2,Online,Completed,77,93,14453
T004865,E02115,Advanced Excel,2025-11-30,4,Classroom,Completed,71,99,8002
T004866,E02115,Leadership Essentials,2024-04-03,4,Classroom,Completed,76,99,6436
T004867,E02115,Power BI,2025-02-02,4,Classroom,Completed,40,66,13243
T004868,E02115,Power BI,2024-05-11,2,Online,Completed,40,49,11903
T004869,E02119,Leadership Essentials,2025-11-15,6,Online,Completed,47,75,8114
T004870,E02120,Advanced Excel,2025-08-18,2,Blended,Completed,77,93,13008
T004871,E02121,Negotiation,2024-05-03,8,Classroom,Completed,57,85,8536
T004872,E02122,Data Privacy,2026-01-12,8,Blended,Completed,64,69,13984
T004873,E02122,Power BI,2024-08-25,6,Online,Completed,50,63,9450
T004874,E02122,Advanced Excel,2025-01-19,8,Classroom,Completed,52,69,8745
T004875,E02122,Data Privacy,2026-03-28,12,Classroom,Completed,49,67,11686
T004876,E02123,Power BI,2024-02-07,24,Classroom,Completed,70,98,13156
T004877,E02123,Communication Skills,2024-01-27,12,Blended,Completed,50,68,14141
T004878,E02123,Data Privacy,2024-01-06,8,Online,Completed,75,87,8544
T004879,E02124,Cloud Fundamentals,2025-06-02,6,Classroom,Completed,57,75,2396
T004880,E02124,Communication Skills,2025-10-13,16,Online,Completed,58,78,12457
T004881,E02126,Python Analytics,2025-10-17,24,Classroom,Completed,53,71,6536
T004882,E02126,Cloud Fundamentals,2025-03-08,16,Classroom,Completed,72,91,4966
T004883,E02126,Python Analytics,2025-10-14,8,Blended,Completed,46,54,4641
T004884,E02126,Advanced Excel,2025-05-05,16,Classroom,Completed,40,62,9085
T004885,E02127,Negotiation,2026-01-14,12,Online,Completed,57,76,8874
T004886,E02127,GenAI for Business,2025-12-25,8,Blended,Completed,65,90,4973
T004887,E02127,Advanced Excel,2025-09-15,16,Blended,Completed,41,63,7340
T004888,E02127,Python Analytics,2025-07-31,4,Classroom,Completed,63,76,6915
T004889,E02128,Python Analytics,2025-03-10,6,Blended,Incomplete,68,90,5255
T004890,E02128,GenAI for Business,2025-01-06,12,Classroom,Completed,48,54,3358
T004891,E02128,Negotiation,2025-01-31,24,Online,Completed,48,64,9938
T004892,E02128,Leadership Essentials,2026-07-18,16,Online,Completed,56,83,9073
T004893,E02128,Data Privacy,2026-07-14,16,Classroom,Completed,41,62,4416
T004894,E02129,GenAI for Business,2025-11-01,12,Classroom,Completed,61,72,3006
T004895,E02129,Communication Skills,2025-02-19,16,Classroom,Completed,72,87,10325
T004896,E02129,Python Analytics,2025-05-05,2,Online,Completed,48,68,11620
T004897,E02130,Cloud Fundamentals,2025-03-01,24,Online,Completed,50,63,9649
T004898,E02130,Cloud Fundamentals,2026-06-27,8,Classroom,Completed,46,73,5788
T004899,E02130,Data Privacy,2024-02-09,12,Blended,Completed,57,82,12542
T004900,E02130,Cloud Fundamentals,2025-12-17,2,Blended,Completed,63,84,14694
T004901,E02130,Cloud Fundamentals,2025-12-02,2,Online,Completed,74,83,10860
T004902,E02131,Advanced Excel,2025-11-13,12,Blended,Completed,57,67,14027
T004903,E02131,Data Privacy,2026-01-11,8,Classroom,Completed,57,72,3205
T004904,E02134,Leadership Essentials,2025-08-12,6,Classroom,Completed,51,59,13012
T004905,E02134,Python Analytics,2025-08-12,24,Blended,Completed,56,71,14806
T004906,E02136,Data Privacy,2024-01-23,4,Classroom,Completed,41,56,6180
T004907,E02136,Project Management,2024-06-24,24,Online,Completed,62,69,2935
T004908,E02137,GenAI for Business,2025-05-18,12,Online,Completed,51,61,8361
T004909,E02138,GenAI for Business,2024-09-04,16,Blended,Completed,77,100,9314
T004910,E02138,Advanced Excel,2025-10-10,4,Online,Completed,62,79,6000
T004911,E02138,GenAI for Business,2025-01-29,4,Classroom,Completed,70,80,11577
T004912,E02139,Data Privacy,2025-03-09,8,Online,Incomplete,49,75,5165
T004913,E02139,Negotiation,2024-12-05,6,Online,Incomplete,54,75,12760
T004914,E02140,Power BI,2025-05-10,6,Classroom,Completed,41,46,2259
T004915,E02140,Data Privacy,2026-07-10,6,Classroom,Completed,64,72,13467
T004916,E02140,Negotiation,2026-02-17,8,Blended,Completed,42,56,6141
T004917,E02140,Negotiation,2024-12-17,2,Blended,Completed,72,100,2594
T004918,E02141,Negotiation,2026-06-25,2,Classroom,Completed,55,72,2723
T004919,E02141,GenAI for Business,2024-09-07,2,Classroom,Completed,76,84,1809
T004920,E02141,Power BI,2025-06-13,4,Online,Completed,45,51,11641
T004921,E02141,Leadership Essentials,2026-05-09,12,Blended,Completed,65,79,7743
T004922,E02141,Data Privacy,2025-12-23,16,Classroom,Incomplete,54,75,10748
T004923,E02142,Power BI,2025-12-28,16,Blended,Completed,73,90,2596
T004924,E02142,Negotiation,2026-02-27,2,Blended,Completed,49,54,9448
T004925,E02142,Project Management,2024-03-18,6,Classroom,Completed,54,60,7909
T004926,E02142,Power BI,2026-07-14,4,Classroom,Completed,57,62,14517
T004927,E02143,Data Privacy,2025-12-12,16,Blended,Completed,43,66,11837
T004928,E02143,Negotiation,2025-08-07,2,Classroom,Completed,51,73,2530
T004929,E02144,Project Management,2024-03-27,16,Online,Completed,67,75,13942
T004930,E02144,Data Privacy,2025-02-20,8,Classroom,Completed,48,68,7921
T004931,E02144,Leadership Essentials,2025-12-13,16,Classroom,Completed,59,64,8318
T004932,E02144,Communication Skills,2025-03-04,24,Online,Completed,58,86,11269
T004933,E02144,Python Analytics,2024-03-28,6,Online,Completed,48,73,10703
T004934,E02145,Power BI,2026-02-09,2,Blended,Completed,64,72,10106
T004935,E02145,Project Management,2025-12-17,24,Classroom,Completed,60,85,13136
T004936,E02145,Communication Skills,2025-12-05,8,Online,Completed,69,95,11077
T004937,E02146,GenAI for Business,2025-01-31,8,Blended,Completed,66,84,14890
T004938,E02146,Project Management,2024-05-04,6,Online,Completed,54,63,3662
T004939,E02146,Cloud Fundamentals,2025-11-06,24,Blended,Completed,54,64,2328
T004940,E02147,Communication Skills,2026-02-11,24,Online,Completed,44,49,1946
T004941,E02147,Advanced Excel,2024-01-24,2,Online,Completed,72,81,8157
T004942,E02147,Project Management,2024-12-26,8,Online,Completed,49,67,2317
T004943,E02148,Power BI,2025-12-15,2,Classroom,Completed,73,88,12744
T004944,E02148,Negotiation,2024-08-08,16,Online,Completed,53,63,14318
T004945,E02149,Leadership Essentials,2024-06-24,24,Classroom,Completed,77,87,2966
T004946,E02149,GenAI for Business,2026-08-12,24,Online,Completed,67,83,7609
T004947,E02149,GenAI for Business,2024-09-26,12,Classroom,Completed,45,73,11314
T004948,E02150,Cloud Fundamentals,2026-06-09,24,Classroom,Completed,63,79,9607
T004949,E02150,GenAI for Business,2025-05-22,8,Blended,Completed,63,71,7796
T004950,E02150,Communication Skills,2025-04-06,4,Online,Completed,70,78,4595
T004951,E02151,GenAI for Business,2026-06-25,16,Online,Completed,72,77,3136
T004952,E02151,Power BI,2026-07-07,12,Classroom,Completed,59,87,8125
T004953,E02151,Python Analytics,2026-06-22,16,Classroom,Completed,45,61,12815
T004954,E02151,GenAI for Business,2026-07-30,24,Classroom,Completed,58,85,4616
T004955,E02152,Advanced Excel,2024-03-04,8,Classroom,Completed,76,92,9708
T004956,E02152,Power BI,2026-05-21,6,Online,Completed,54,75,11155
T004957,E02155,GenAI for Business,2025-07-20,16,Blended,Completed,66,79,13457
T004958,E02155,Negotiation,2026-06-08,16,Online,Completed,76,98,5009
T004959,E02157,Python Analytics,2025-02-06,2,Blended,Completed,72,93,10318
T004960,E02158,Project Management,2025-09-20,8,Classroom,Completed,61,66,9582
T004961,E02158,Power BI,2026-07-13,2,Classroom,Completed,51,61,3125
T004962,E02164,Python Analytics,2025-04-16,16,Classroom,Completed,42,70,1749
T004963,E02164,Leadership Essentials,2025-10-08,12,Online,Completed,47,65,13629
T004964,E02164,Python Analytics,2025-03-04,24,Classroom,Completed,57,75,7914
T004965,E02165,Communication Skills,2024-08-31,16,Online,Completed,42,60,6135
T004966,E02165,Python Analytics,2026-07-23,12,Classroom,Completed,53,59,2411
T004967,E02165,Power BI,2026-03-24,8,Blended,Completed,66,79,14716
T004968,E02165,Communication Skills,2025-08-15,4,Online,Completed,49,54,3536
T004969,E02165,Advanced Excel,2025-12-23,16,Blended,Completed,45,61,10199
T004970,E02166,Python Analytics,2026-02-04,24,Classroom,Completed,73,86,5192
T004971,E02168,Advanced Excel,2026-07-09,2,Online,Completed,43,53,12261
T004972,E02168,Advanced Excel,2026-05-13,6,Blended,Incomplete,60,82,12443
T004973,E02168,GenAI for Business,2026-07-27,8,Online,Completed,78,100,13539
T004974,E02169,Project Management,2025-09-25,24,Classroom,Completed,61,78,5352
T004975,E02169,Leadership Essentials,2025-03-24,6,Blended,Completed,47,71,11306
T004976,E02169,Communication Skills,2025-10-10,16,Classroom,Completed,63,84,8637
T004977,E02169,Leadership Essentials,2025-03-05,8,Classroom,Completed,69,82,8702
T004978,E02171,Negotiation,2025-01-20,16,Online,Completed,49,59,2127
T004979,E02171,GenAI for Business,2025-06-23,8,Blended,Completed,77,85,4552
T004980,E02173,Leadership Essentials,2025-06-10,16,Blended,Completed,76,84,10143
T004981,E02174,Python Analytics,2024-08-05,2,Online,Completed,61,79,2232
T004982,E02174,Power BI,2024-09-04,2,Blended,Completed,78,100,5768
T004983,E02174,Project Management,2025-05-15,4,Classroom,Completed,52,62,3327
T004984,E02177,Python Analytics,2024-01-20,12,Blended,Incomplete,67,92,3882
T004985,E02177,Project Management,2026-02-10,24,Online,Completed,57,83,2319
T004986,E02178,Data Privacy,2026-06-06,2,Online,Incomplete,52,79,5200
T004987,E02178,Leadership Essentials,2025-07-11,6,Blended,Completed,54,82,13939
T004988,E02178,Power BI,2024-02-29,24,Blended,Completed,40,62,12346
T004989,E02179,Python Analytics,2024-02-26,8,Classroom,Incomplete,57,70,14581
T004990,E02179,Python Analytics,2024-10-18,8,Blended,Completed,74,84,5632
T004991,E02179,Python Analytics,2026-02-08,16,Blended,Completed,58,80,4977
T004992,E02180,Advanced Excel,2025-11-20,6,Blended,Completed,60,84,11634
T004993,E02180,GenAI for Business,2025-11-15,12,Online,Completed,60,69,1588
T004994,E02180,Python Analytics,2026-05-18,2,Blended,Incomplete,66,79,12173
T004995,E02180,Advanced Excel,2026-03-28,16,Online,Incomplete,45,66,4758
T004996,E02180,Project Management,2026-01-04,8,Blended,Completed,71,91,10234
T004997,E02182,Project Management,2025-02-25,8,Online,Completed,69,79,9812
T004998,E02183,Python Analytics,2024-10-03,24,Blended,Completed,45,64,11368
T004999,E02184,Cloud Fundamentals,2026-06-27,24,Blended,Completed,77,90,6181
T005000,E02184,Data Privacy,2026-07-15,6,Classroom,Completed,70,93,13060
T005001,E02184,Communication Skills,2026-07-17,6,Online,Completed,58,75,3600
T005002,E02184,Leadership Essentials,2026-04-25,8,Online,Completed,70,94,1652
T005003,E02184,GenAI for Business,2026-06-09,8,Online,Completed,47,53,3610
T005004,E02185,Negotiation,2026-02-11,8,Online,Completed,41,64,6207
T005005,E02185,Advanced Excel,2024-11-11,8,Classroom,Completed,47,63,5072
T005006,E02187,Negotiation,2026-08-08,6,Blended,Completed,64,78,8157
T005007,E02187,Communication Skills,2026-05-06,8,Blended,Completed,78,84,5560
T005008,E02188,Negotiation,2026-07-07,4,Blended,Completed,48,67,12638
T005009,E02188,Communication Skills,2025-06-30,8,Classroom,Completed,41,53,14792
T005010,E02189,Advanced Excel,2026-03-13,2,Online,Completed,76,84,6041
T005011,E02191,Negotiation,2024-04-01,8,Classroom,Completed,68,95,8102
T005012,E02191,Negotiation,2024-07-21,6,Online,Completed,41,60,13771
T005013,E02191,Leadership Essentials,2024-09-02,12,Classroom,Completed,47,59,11654
T005014,E02191,Communication Skills,2024-01-15,6,Blended,Completed,48,66,8820
T005015,E02192,Cloud Fundamentals,2024-11-08,8,Classroom,Completed,49,72,2082
T005016,E02192,Power BI,2024-01-26,6,Online,Incomplete,50,66,5595
T005017,E02192,Python Analytics,2024-10-31,12,Classroom,Completed,67,75,10827
T005018,E02192,Negotiation,2025-01-14,8,Online,Completed,60,71,11637
T005019,E02192,Advanced Excel,2024-10-01,2,Blended,Incomplete,63,89,3215
T005020,E02193,Power BI,2025-09-19,2,Classroom,Completed,65,90,9301
T005021,E02193,Communication Skills,2025-03-12,16,Blended,Completed,52,58,4394
T005022,E02194,Power BI,2025-06-14,4,Classroom,Incomplete,46,64,1851
T005023,E02194,Advanced Excel,2025-10-05,4,Classroom,Completed,56,73,5578
T005024,E02194,Communication Skills,2024-04-26,8,Online,Completed,73,78,4655
T005025,E02195,Communication Skills,2025-02-13,2,Blended,Completed,63,71,11539
T005026,E02195,Negotiation,2025-09-08,8,Classroom,Completed,52,58,11149
T005027,E02195,GenAI for Business,2026-01-27,6,Blended,Incomplete,50,57,11260
T005028,E02198,Power BI,2025-10-12,16,Classroom,Completed,64,74,10419
T005029,E02198,Data Privacy,2026-05-24,16,Online,Completed,66,71,4039
T005030,E02198,Python Analytics,2026-05-28,12,Blended,Completed,76,100,7666
T005031,E02199,Negotiation,2025-10-13,8,Blended,Completed,52,59,2166
T005032,E02199,Cloud Fundamentals,2026-01-12,4,Blended,Completed,54,64,11126
T005033,E02199,Cloud Fundamentals,2025-09-27,4,Blended,Completed,74,100,6286
T005034,E02200,Project Management,2024-03-14,2,Blended,Completed,68,75,2945
T005035,E02203,Negotiation,2025-04-21,12,Blended,Completed,63,77,2654
T005036,E02203,Communication Skills,2026-07-08,24,Blended,Completed,77,92,2165
T005037,E02205,Leadership Essentials,2026-05-19,24,Classroom,Completed,61,89,9518
T005038,E02205,Cloud Fundamentals,2026-06-12,2,Online,Completed,41,61,2326
T005039,E02205,Data Privacy,2026-06-24,24,Classroom,Completed,42,57,7822
T005040,E02206,Cloud Fundamentals,2026-04-28,24,Classroom,Completed,55,68,3317
T005041,E02206,Power BI,2025-12-28,6,Blended,Completed,75,83,8645
T005042,E02206,Advanced Excel,2026-03-02,8,Blended,Completed,58,79,11830
T005043,E02206,Advanced Excel,2024-07-07,16,Online,Completed,68,76,9188
T005044,E02206,Data Privacy,2026-01-11,8,Blended,Completed,68,81,3184
T005045,E02207,Advanced Excel,2026-07-27,6,Classroom,Completed,53,69,1627
T005046,E02207,Cloud Fundamentals,2024-12-10,12,Online,Completed,78,100,8466
T005047,E02207,Python Analytics,2024-09-02,8,Online,Completed,43,65,10688
T005048,E02207,GenAI for Business,2026-01-03,16,Blended,Completed,42,58,11728
T005049,E02207,Project Management,2026-02-08,2,Classroom,Completed,63,78,14845
T005050,E02208,Power BI,2026-05-04,24,Blended,Completed,78,83,12562
T005051,E02209,Power BI,2026-03-28,16,Online,Completed,48,54,11953
T005052,E02209,Data Privacy,2024-02-29,4,Blended,Completed,50,68,5471
T005053,E02209,Project Management,2026-06-20,8,Blended,Completed,61,83,11386
T005054,E02209,Python Analytics,2026-05-03,24,Online,Completed,50,70,14353
T005055,E02210,Advanced Excel,2025-07-27,4,Blended,Incomplete,78,95,14333
T005056,E02210,Leadership Essentials,2025-01-17,24,Blended,Completed,76,88,2640
T005057,E02210,GenAI for Business,2025-06-24,8,Blended,Completed,52,69,11422
T005058,E02210,Project Management,2026-02-17,6,Classroom,Completed,76,91,13302
T005059,E02211,Power BI,2025-05-16,12,Classroom,Completed,69,93,9887
T005060,E02211,Python Analytics,2025-12-19,6,Classroom,Completed,40,55,4301
T005061,E02211,Cloud Fundamentals,2025-11-27,6,Online,Completed,50,70,14410
T005062,E02211,Data Privacy,2025-12-14,2,Blended,Completed,62,82,10205
T005063,E02211,Leadership Essentials,2025-11-03,16,Online,Completed,77,83,6855
T005064,E02212,Cloud Fundamentals,2026-06-08,4,Online,Incomplete,74,85,11618
T005065,E02213,Communication Skills,2025-02-27,12,Online,Completed,73,81,10659
T005066,E02213,Python Analytics,2025-06-07,6,Online,Completed,60,83,7024
T005067,E02213,Leadership Essentials,2024-06-19,8,Classroom,Completed,59,84,13339
T005068,E02214,Negotiation,2024-06-17,12,Classroom,Completed,77,84,6659
T005069,E02218,Python Analytics,2025-06-10,4,Blended,Completed,47,59,7054
T005070,E02218,Power BI,2026-01-25,2,Classroom,Completed,43,65,9232
T005071,E02218,Negotiation,2024-11-13,24,Blended,Completed,67,85,13824
T005072,E02218,Negotiation,2024-09-25,24,Blended,Completed,69,80,7317
T005073,E02218,Data Privacy,2024-03-07,4,Blended,Completed,67,83,5399
T005074,E02219,Project Management,2026-04-23,12,Online,Completed,58,80,13825
T005075,E02220,Negotiation,2025-04-11,16,Classroom,Completed,47,65,12760
T005076,E02220,Project Management,2024-03-18,8,Online,Incomplete,69,95,7454
T005077,E02220,Cloud Fundamentals,2024-01-10,12,Online,Completed,65,76,10175
T005078,E02220,Power BI,2024-08-24,2,Blended,Completed,73,88,12907
T005079,E02221,Communication Skills,2025-06-27,16,Classroom,Completed,53,66,2150
T005080,E02223,Power BI,2025-12-03,8,Classroom,Completed,72,78,13707
T005081,E02223,Power BI,2026-06-17,2,Blended,Completed,75,94,3596
T005082,E02223,Power BI,2026-02-14,8,Classroom,Completed,64,87,2973
T005083,E02223,Leadership Essentials,2026-06-28,2,Online,Completed,72,81,14226
T005084,E02224,Data Privacy,2025-11-30,12,Blended,Completed,64,87,14262
T005085,E02224,Leadership Essentials,2026-05-01,12,Online,Completed,74,94,4616
T005086,E02224,Leadership Essentials,2026-07-28,2,Online,Completed,45,56,10102
T005087,E02224,Communication Skills,2026-04-08,4,Classroom,Completed,67,88,9665
T005088,E02225,Power BI,2025-09-27,6,Blended,Completed,54,72,1613
T005089,E02225,Cloud Fundamentals,2025-12-15,6,Classroom,Completed,54,65,7363
T005090,E02225,Communication Skills,2024-08-01,6,Blended,Completed,44,63,5587
T005091,E02225,Python Analytics,2024-04-05,8,Online,Completed,65,88,11046
T005092,E02226,Advanced Excel,2025-06-15,8,Classroom,Completed,53,75,1944
T005093,E02226,Python Analytics,2025-08-26,6,Online,Completed,52,68,10078
T005094,E02226,Leadership Essentials,2024-11-13,8,Classroom,Completed,69,88,2854
T005095,E02228,Power BI,2026-05-02,6,Classroom,Completed,70,85,5967
T005096,E02229,Power BI,2025-03-28,2,Online,Completed,60,73,2776
T005097,E02229,GenAI for Business,2024-07-23,8,Online,Completed,46,67,7234
T005098,E02230,GenAI for Business,2026-01-30,6,Blended,Completed,77,97,5317
T005099,E02231,Data Privacy,2026-07-25,8,Blended,Incomplete,64,78,3006
T005100,E02231,Negotiation,2026-08-13,2,Blended,Completed,70,87,3449
T005101,E02231,Negotiation,2026-08-23,4,Blended,Completed,75,86,7577
T005102,E02231,Communication Skills,2026-07-25,4,Classroom,Completed,42,50,10349
T005103,E02231,Leadership Essentials,2026-08-21,2,Online,Completed,55,62,4185
T005104,E02232,Project Management,2026-05-16,16,Classroom,Completed,75,92,11334
T005105,E02232,Communication Skills,2025-12-16,24,Online,Completed,68,83,11471
T005106,E02232,Communication Skills,2025-11-22,24,Classroom,Completed,74,84,8368
T005107,E02232,GenAI for Business,2026-07-15,4,Classroom,Completed,77,86,12122
T005108,E02232,Power BI,2026-08-10,8,Online,Completed,65,85,12085
T005109,E02234,Negotiation,2024-07-26,12,Blended,Completed,48,54,5791
T005110,E02234,Communication Skills,2026-02-05,6,Blended,Completed,70,77,5836
T005111,E02234,Leadership Essentials,2024-05-13,12,Online,Completed,64,71,1856
T005112,E02234,Project Management,2025-11-15,6,Classroom,Completed,41,46,11679
T005113,E02235,Data Privacy,2025-11-26,8,Online,Incomplete,40,55,3871
T005114,E02235,Advanced Excel,2025-01-05,8,Blended,Completed,64,75,5741
T005115,E02235,Leadership Essentials,2026-05-04,12,Online,Completed,49,75,6369
T005116,E02235,Communication Skills,2025-04-29,16,Blended,Completed,54,65,14870
T005117,E02236,Negotiation,2025-10-15,12,Online,Completed,49,63,5547
T005118,E02236,Cloud Fundamentals,2025-04-07,16,Blended,Completed,53,69,10765
T005119,E02236,Communication Skills,2024-08-05,8,Blended,Completed,64,76,5907
T005120,E02236,Communication Skills,2024-11-07,6,Classroom,Completed,58,71,9238
T005121,E02237,Data Privacy,2025-03-12,4,Online,Completed,78,96,13041
T005122,E02237,GenAI for Business,2025-03-16,8,Blended,Completed,64,90,7615
T005123,E02237,Advanced Excel,2026-01-18,4,Online,Incomplete,71,76,2364
T005124,E02238,Cloud Fundamentals,2026-08-23,2,Classroom,Completed,77,95,8303
T005125,E02238,Project Management,2024-05-31,4,Online,Completed,47,56,4524
T005126,E02238,Communication Skills,2026-02-21,4,Classroom,Completed,76,88,7600
T005127,E02238,Data Privacy,2026-03-28,24,Online,Completed,44,62,10264
T005128,E02239,Advanced Excel,2025-09-06,24,Blended,Completed,74,82,11254
T005129,E02241,Project Management,2026-02-28,4,Blended,Completed,41,55,1749
T005130,E02242,Leadership Essentials,2025-07-07,8,Classroom,Completed,76,100,2487
T005131,E02242,Python Analytics,2025-01-21,6,Online,Incomplete,67,90,5695
T005132,E02244,GenAI for Business,2025-12-22,16,Classroom,Completed,42,49,10399
T005133,E02246,Advanced Excel,2025-03-31,4,Classroom,Completed,76,100,3621
T005134,E02246,Python Analytics,2025-12-15,8,Blended,Completed,52,57,7770
T005135,E02246,Python Analytics,2025-06-20,4,Online,Completed,42,68,10872
T005136,E02247,GenAI for Business,2024-01-25,6,Classroom,Completed,52,64,6788
T005137,E02247,Communication Skills,2024-03-03,8,Online,Completed,52,61,12102
T005138,E02247,Leadership Essentials,2024-01-26,6,Online,Completed,59,80,11054
T005139,E02248,Negotiation,2024-04-23,12,Classroom,Completed,59,81,13891
T005140,E02248,Project Management,2024-05-14,12,Online,Completed,40,55,14097
T005141,E02248,GenAI for Business,2024-01-27,2,Online,Completed,56,84,8378
T005142,E02248,Data Privacy,2024-01-13,4,Online,Completed,41,66,13667
T005143,E02249,Project Management,2025-08-16,4,Online,Completed,60,72,13310
T005144,E02249,GenAI for Business,2024-07-22,4,Online,Completed,76,98,13189
T005145,E02249,Python Analytics,2025-11-25,16,Classroom,Completed,74,79,6733
T005146,E02249,Data Privacy,2024-01-02,12,Online,Completed,44,72,13735
T005147,E02250,Power BI,2026-08-02,6,Online,Incomplete,74,82,10135
T005148,E02250,Power BI,2024-11-08,16,Classroom,Completed,50,75,3175
T005149,E02250,Power BI,2026-08-08,8,Classroom,Completed,67,77,11656
T005150,E02251,Cloud Fundamentals,2026-03-05,16,Classroom,Completed,60,81,10830
T005151,E02251,Leadership Essentials,2025-03-02,16,Classroom,Completed,53,74,3231
T005152,E02251,Advanced Excel,2025-03-23,6,Online,Completed,72,99,10618
T005153,E02251,Data Privacy,2025-08-23,8,Online,Completed,65,76,3582
T005154,E02251,Cloud Fundamentals,2024-04-24,8,Online,Incomplete,55,75,11883
T005155,E02253,Data Privacy,2025-11-14,8,Classroom,Completed,70,84,9522
T005156,E02253,Communication Skills,2024-11-02,24,Blended,Completed,76,93,10662
T005157,E02256,Negotiation,2025-11-20,16,Online,Completed,70,82,11976
T005158,E02256,Cloud Fundamentals,2026-06-01,12,Blended,Completed,72,96,3049
T005159,E02257,Project Management,2024-03-29,16,Blended,Completed,56,64,11630
T005160,E02257,Project Management,2026-02-23,16,Online,Completed,58,74,2836
T005161,E02257,Negotiation,2026-08-22,6,Blended,Completed,41,52,5648
T005162,E02257,Leadership Essentials,2026-06-17,4,Online,Completed,50,62,5472
T005163,E02258,Python Analytics,2025-06-19,12,Classroom,Completed,54,60,4609
T005164,E02258,Project Management,2025-04-18,4,Classroom,Completed,73,85,14915
T005165,E02258,Power BI,2024-04-01,16,Classroom,Incomplete,57,84,8914
T005166,E02259,Project Management,2024-01-14,16,Online,Completed,60,72,3424
T005167,E02260,Leadership Essentials,2024-11-19,12,Classroom,Completed,57,81,8994
T005168,E02260,Cloud Fundamentals,2024-01-22,24,Classroom,Completed,74,100,5541
T005169,E02260,Data Privacy,2024-03-03,2,Online,Completed,46,64,9524
T005170,E02260,Project Management,2024-10-23,6,Online,Completed,40,66,4878
T005171,E02261,Python Analytics,2025-12-16,16,Online,Completed,46,64,6901
T005172,E02261,Python Analytics,2025-11-08,2,Classroom,Completed,71,85,13926
T005173,E02261,Advanced Excel,2025-08-01,6,Blended,Completed,71,99,8129
T005174,E02261,Power BI,2024-10-22,12,Classroom,Completed,52,68,3875
T005175,E02262,Cloud Fundamentals,2025-08-12,16,Classroom,Completed,58,78,9901
T005176,E02262,Leadership Essentials,2026-06-23,16,Classroom,Completed,73,79,8758
T005177,E02263,Data Privacy,2025-01-18,4,Blended,Completed,76,86,9403
T005178,E02263,Leadership Essentials,2026-07-11,4,Classroom,Completed,78,96,8215
T005179,E02263,Negotiation,2026-07-25,6,Online,Completed,78,87,12907
T005180,E02264,Communication Skills,2024-03-15,16,Online,Completed,69,88,10989
T005181,E02264,Power BI,2025-01-12,16,Blended,Completed,48,60,14896
T005182,E02265,Python Analytics,2024-03-10,12,Online,Completed,51,58,6090
T005183,E02266,Project Management,2026-06-04,12,Online,Completed,58,65,6402
T005184,E02266,Power BI,2026-06-08,2,Blended,Completed,57,68,4376
T005185,E02266,Project Management,2026-06-24,24,Classroom,Completed,45,53,8841
T005186,E02266,Negotiation,2026-07-19,24,Blended,Completed,73,83,4193
T005187,E02267,Data Privacy,2026-02-26,4,Online,Completed,68,83,13364
T005188,E02267,Power BI,2026-08-16,2,Classroom,Completed,63,68,8102
T005189,E02267,Negotiation,2026-08-23,6,Online,Completed,73,91,1731
T005190,E02269,Data Privacy,2025-09-24,6,Classroom,Completed,53,78,7216
T005191,E02269,GenAI for Business,2026-02-22,8,Blended,Completed,48,69,4350
T005192,E02269,Negotiation,2025-06-25,16,Classroom,Completed,47,71,5805
T005193,E02269,Data Privacy,2025-11-03,8,Blended,Completed,54,77,3121
T005194,E02269,Power BI,2025-06-23,6,Blended,Completed,56,73,10184
T005195,E02270,Project Management,2024-11-11,2,Blended,Completed,53,63,13630
T005196,E02273,Advanced Excel,2026-08-04,24,Online,Completed,54,77,14378
T005197,E02273,Cloud Fundamentals,2026-08-07,4,Classroom,Completed,47,53,7285
T005198,E02273,Python Analytics,2026-08-21,24,Classroom,Completed,56,80,11563
T005199,E02274,Leadership Essentials,2026-06-06,12,Online,Completed,73,91,5344
T005200,E02274,Data Privacy,2026-03-22,16,Classroom,Completed,77,82,5197
T005201,E02274,Python Analytics,2026-06-06,24,Blended,Completed,73,79,11643
T005202,E02274,Power BI,2026-06-08,4,Blended,Completed,62,86,9275
T005203,E02274,Python Analytics,2026-06-17,12,Online,Completed,69,82,8799
T005204,E02275,Power BI,2025-04-01,2,Blended,Incomplete,63,73,2998
T005205,E02275,Advanced Excel,2024-06-20,16,Classroom,Completed,64,76,5986
T005206,E02275,Leadership Essentials,2026-03-05,2,Blended,Completed,73,82,4369
T005207,E02275,GenAI for Business,2025-03-31,6,Online,Incomplete,40,67,10308
T005208,E02275,Data Privacy,2024-10-31,24,Blended,Completed,56,77,2357
T005209,E02276,Negotiation,2024-11-09,16,Online,Completed,60,87,3961
T005210,E02276,GenAI for Business,2025-10-19,8,Blended,Incomplete,53,66,2558
T005211,E02277,Data Privacy,2025-11-28,6,Blended,Completed,65,89,1913
T005212,E02277,Power BI,2024-01-19,12,Classroom,Completed,67,76,6221
T005213,E02277,GenAI for Business,2026-04-05,6,Classroom,Completed,68,78,10335
T005214,E02277,GenAI for Business,2024-07-01,2,Classroom,Completed,41,66,5716
T005215,E02277,Data Privacy,2024-02-01,2,Online,Completed,74,79,10740
T005216,E02278,Power BI,2024-05-25,2,Online,Completed,76,96,2726
T005217,E02278,Python Analytics,2025-12-31,12,Blended,Completed,48,73,11346
T005218,E02278,Data Privacy,2025-07-29,6,Online,Completed,47,66,8288
T005219,E02279,Power BI,2024-02-04,24,Blended,Completed,68,83,9624
T005220,E02279,Leadership Essentials,2026-06-11,2,Classroom,Completed,50,71,7532
T005221,E02279,Project Management,2025-03-15,6,Online,Completed,42,61,12994
T005222,E02279,Power BI,2026-05-26,4,Online,Completed,74,95,14636
T005223,E02280,Cloud Fundamentals,2024-02-26,4,Classroom,Completed,78,90,8786
T005224,E02281,Cloud Fundamentals,2026-05-14,12,Classroom,Completed,40,65,11670
T005225,E02281,Advanced Excel,2026-03-07,24,Online,Incomplete,64,86,2379
T005226,E02282,Power BI,2024-10-30,24,Blended,Completed,44,50,4019
T005227,E02282,Communication Skills,2025-05-07,12,Blended,Completed,66,85,7987
T005228,E02282,Project Management,2026-07-08,2,Blended,Completed,61,76,5263
T005229,E02282,Data Privacy,2024-08-20,24,Blended,Incomplete,45,67,5460
T005230,E02282,Python Analytics,2025-09-22,12,Online,Completed,56,66,11173
T005231,E02284,Data Privacy,2026-03-13,2,Blended,Completed,71,91,3367
T005232,E02284,GenAI for Business,2025-08-16,24,Blended,Completed,54,82,11912
T005233,E02284,Python Analytics,2025-11-28,16,Blended,Completed,61,82,4014
T005234,E02285,Advanced Excel,2025-11-24,8,Classroom,Incomplete,45,57,10333
T005235,E02285,Leadership Essentials,2026-06-12,4,Blended,Completed,78,100,5489
T005236,E02286,GenAI for Business,2026-06-03,2,Online,Completed,61,78,8460
T005237,E02289,GenAI for Business,2025-02-05,24,Online,Completed,40,57,1657
T005238,E02289,Negotiation,2025-11-15,12,Online,Completed,44,55,9658
T005239,E02290,Negotiation,2025-11-19,2,Classroom,Completed,61,74,10299
T005240,E02290,GenAI for Business,2025-11-09,4,Classroom,Completed,74,100,8171
T005241,E02290,Leadership Essentials,2025-12-14,4,Blended,Completed,67,87,4590
T005242,E02290,Project Management,2026-03-13,4,Classroom,Completed,41,53,6668
T005243,E02291,Leadership Essentials,2024-12-06,6,Blended,Completed,48,65,13174
T005244,E02291,Python Analytics,2025-12-01,8,Blended,Incomplete,43,63,9805
T005245,E02293,Cloud Fundamentals,2024-01-23,12,Blended,Incomplete,59,65,2578
T005246,E02293,Data Privacy,2025-02-07,2,Online,Completed,40,57,11123
T005247,E02294,Communication Skills,2026-07-03,12,Blended,Completed,65,76,14168
T005248,E02294,Project Management,2025-12-14,8,Classroom,Completed,71,87,2267
T005249,E02294,Project Management,2024-09-13,4,Blended,Completed,60,79,9706
T005250,E02295,Python Analytics,2025-02-18,2,Classroom,Completed,56,74,11828
T005251,E02295,Cloud Fundamentals,2025-02-20,12,Blended,Completed,68,81,6402
T005252,E02295,Advanced Excel,2025-07-17,12,Online,Completed,45,66,10020
T005253,E02296,Communication Skills,2025-01-20,16,Online,Completed,76,91,7634
T005254,E02296,GenAI for Business,2026-06-24,2,Classroom,Completed,78,92,5887
T005255,E02296,Leadership Essentials,2025-01-17,12,Blended,Completed,49,77,13003
T005256,E02298,Cloud Fundamentals,2025-03-19,2,Online,Completed,41,57,5150
T005257,E02298,Leadership Essentials,2024-04-14,8,Online,Completed,77,89,3000
T005258,E02298,Communication Skills,2025-06-26,8,Blended,Completed,51,64,11177
T005259,E02299,Communication Skills,2025-12-18,4,Classroom,Incomplete,73,83,8871
T005260,E02299,GenAI for Business,2025-04-02,2,Online,Completed,54,74,14818
T005261,E02300,Python Analytics,2024-01-01,4,Online,Completed,41,65,2240
T005262,E02301,Data Privacy,2024-06-11,8,Online,Completed,57,76,12443
T005263,E02301,Advanced Excel,2026-08-28,16,Blended,Completed,51,74,12409
T005264,E02302,Cloud Fundamentals,2025-08-24,2,Classroom,Completed,46,58,13847
T005265,E02303,Power BI,2026-08-14,16,Classroom,Completed,55,61,11674
T005266,E02304,Negotiation,2024-10-01,6,Classroom,Incomplete,62,68,7183
T005267,E02304,Communication Skills,2026-06-23,12,Online,Completed,73,95,14205
T005268,E02305,Python Analytics,2025-11-27,12,Online,Completed,47,66,13918
T005269,E02305,Cloud Fundamentals,2026-01-16,16,Blended,Incomplete,66,72,11958
T005270,E02305,Negotiation,2025-03-20,4,Classroom,Completed,53,60,12479
T005271,E02305,Python Analytics,2025-10-03,8,Blended,Incomplete,42,59,12457
T005272,E02306,Communication Skills,2026-01-15,2,Classroom,Incomplete,42,47,4388
T005273,E02306,Power BI,2026-03-25,6,Blended,Incomplete,42,60,2883
T005274,E02306,Communication Skills,2024-09-26,2,Classroom,Completed,47,54,14323
T005275,E02306,Data Privacy,2024-12-27,8,Blended,Completed,42,70,3045
T005276,E02309,Negotiation,2024-11-23,6,Classroom,Completed,51,78,5494
T005277,E02311,Power BI,2025-11-03,16,Classroom,Completed,40,64,14110
T005278,E02312,Python Analytics,2024-06-22,16,Online,Completed,76,96,4198
T005279,E02312,Python Analytics,2025-10-14,16,Online,Incomplete,71,90,10007
T005280,E02313,Python Analytics,2026-08-10,8,Blended,Completed,51,58,12297
T005281,E02313,Data Privacy,2026-08-07,24,Blended,Completed,71,88,12889
T005282,E02313,Power BI,2026-08-12,12,Classroom,Completed,56,79,11764
T005283,E02315,Power BI,2026-01-06,16,Online,Completed,42,70,13998
T005284,E02315,Advanced Excel,2024-05-07,4,Blended,Incomplete,43,70,7979
T005285,E02315,Cloud Fundamentals,2025-06-14,8,Classroom,Completed,52,65,3252
T005286,E02315,Communication Skills,2024-02-05,4,Blended,Completed,44,64,7902
T005287,E02316,Python Analytics,2025-11-12,12,Blended,Completed,72,90,7087
T005288,E02316,Leadership Essentials,2025-02-06,12,Classroom,Completed,72,96,4860
T005289,E02316,Leadership Essentials,2025-09-25,8,Blended,Completed,62,69,12984
T005290,E02316,Negotiation,2026-08-05,4,Classroom,Completed,67,92,8516
T005291,E02316,Advanced Excel,2024-07-23,8,Online,Completed,68,82,13176
T005292,E02317,Cloud Fundamentals,2024-11-21,2,Classroom,Incomplete,50,60,11869
T005293,E02318,Python Analytics,2025-02-20,4,Classroom,Completed,66,86,13034
T005294,E02318,Python Analytics,2025-02-26,2,Blended,Completed,54,61,12331
T005295,E02319,Negotiation,2024-06-04,24,Blended,Completed,72,94,10572
T005296,E02319,Advanced Excel,2026-05-21,2,Online,Completed,53,74,3375
T005297,E02319,Leadership Essentials,2025-03-05,24,Online,Completed,43,59,9452
T005298,E02320,Python Analytics,2024-02-12,8,Blended,Incomplete,48,60,13723
T005299,E02321,Project Management,2025-06-17,12,Online,Completed,60,84,4463
T005300,E02321,Communication Skills,2025-05-04,16,Blended,Completed,48,57,2337
T005301,E02321,Communication Skills,2025-08-29,6,Blended,Completed,65,87,1991
T005302,E02322,Cloud Fundamentals,2024-10-10,24,Blended,Completed,48,64,2894
T005303,E02322,Python Analytics,2026-04-13,16,Blended,Completed,77,89,14709
T005304,E02323,Communication Skills,2025-12-20,24,Blended,Completed,74,95,4813
T005305,E02323,Data Privacy,2025-03-17,6,Blended,Completed,42,51,7875
T005306,E02323,Leadership Essentials,2025-08-24,2,Online,Completed,75,98,4585
T005307,E02323,Advanced Excel,2025-02-05,12,Online,Completed,55,83,11235
T005308,E02323,Power BI,2025-02-23,16,Classroom,Completed,59,83,4121
T005309,E02324,Communication Skills,2024-09-09,4,Blended,Completed,58,77,2291
T005310,E02325,GenAI for Business,2024-11-01,8,Online,Completed,53,71,4761
T005311,E02325,Power BI,2026-07-21,16,Online,Incomplete,66,90,3595
T005312,E02325,Data Privacy,2025-12-15,6,Blended,Completed,54,79,6305
T005313,E02325,Cloud Fundamentals,2024-01-12,6,Classroom,Completed,41,57,4834
T005314,E02327,Communication Skills,2026-05-01,16,Classroom,Completed,68,81,4999
T005315,E02327,Communication Skills,2024-10-07,2,Online,Completed,75,81,10575
T005316,E02327,Leadership Essentials,2025-09-29,24,Blended,Completed,71,99,1776
T005317,E02327,Power BI,2026-02-19,2,Online,Completed,57,80,3196
T005318,E02328,Power BI,2024-05-11,8,Online,Completed,71,77,6240
T005319,E02329,Project Management,2024-04-13,24,Blended,Completed,71,98,4447
T005320,E02329,Data Privacy,2025-06-03,24,Blended,Completed,78,87,8409
T005321,E02329,Cloud Fundamentals,2026-02-06,4,Blended,Completed,69,92,12586
T005322,E02330,Python Analytics,2024-05-26,2,Blended,Completed,47,65,7871
T005323,E02330,Data Privacy,2024-02-20,12,Classroom,Completed,52,78,4640
T005324,E02330,Leadership Essentials,2025-08-19,6,Online,Incomplete,61,83,14349
T005325,E02330,Communication Skills,2024-08-02,12,Online,Completed,78,86,14461
T005326,E02330,Advanced Excel,2026-01-30,6,Blended,Completed,55,75,13675
T005327,E02331,Data Privacy,2024-08-21,24,Blended,Incomplete,72,86,10733
T005328,E02331,Data Privacy,2024-03-05,16,Online,Completed,66,72,7178
T005329,E02332,Advanced Excel,2025-12-29,24,Blended,Completed,70,77,12454
T005330,E02333,Advanced Excel,2025-08-18,8,Blended,Completed,64,76,6654
T005331,E02333,Communication Skills,2025-10-13,24,Blended,Completed,40,53,8748
T005332,E02333,Communication Skills,2026-08-10,2,Blended,Completed,56,61,14953
T005333,E02333,Advanced Excel,2026-08-18,4,Blended,Completed,77,83,2680
T005334,E02333,Data Privacy,2026-03-30,2,Online,Completed,52,58,1609
T005335,E02334,Leadership Essentials,2025-03-02,4,Online,Completed,78,87,14046
T005336,E02334,Communication Skills,2025-02-12,2,Online,Completed,51,74,7644
T005337,E02334,Advanced Excel,2025-04-26,2,Blended,Completed,73,93,13234
T005338,E02334,Project Management,2026-06-17,12,Online,Completed,77,82,14420
T005339,E02334,Communication Skills,2024-10-29,16,Online,Completed,40,54,10268
T005340,E02335,Data Privacy,2026-07-08,4,Classroom,Completed,71,77,4165
T005341,E02335,Power BI,2025-10-11,4,Classroom,Completed,59,80,3464
T005342,E02335,Power BI,2024-10-25,12,Blended,Incomplete,70,75,7154
T005343,E02335,Power BI,2025-12-21,6,Classroom,Completed,43,71,10641
T005344,E02336,Cloud Fundamentals,2024-11-24,12,Online,Completed,76,99,7996
T005345,E02336,Cloud Fundamentals,2025-06-01,12,Blended,Completed,74,100,8108
T005346,E02337,Power BI,2026-08-31,8,Classroom,Completed,74,87,13594
T005347,E02337,Leadership Essentials,2024-11-12,8,Classroom,Completed,69,74,11922
T005348,E02338,Power BI,2024-03-05,24,Online,Completed,56,62,11112
T005349,E02338,Power BI,2025-06-01,8,Classroom,Completed,46,69,14068
T005350,E02339,Power BI,2024-07-02,12,Classroom,Completed,62,72,10908
T005351,E02339,Project Management,2025-11-02,12,Online,Completed,70,76,13963
T005352,E02339,Negotiation,2025-02-05,2,Blended,Completed,69,94,11507
T005353,E02341,Data Privacy,2025-07-29,12,Online,Completed,77,93,4830
T005354,E02341,Advanced Excel,2024-02-07,6,Online,Completed,41,50,6671
T005355,E02341,Communication Skills,2024-03-30,12,Classroom,Completed,77,100,6554
T005356,E02341,Project Management,2024-09-09,4,Blended,Completed,58,70,4506
T005357,E02344,Power BI,2025-05-05,8,Classroom,Completed,72,86,4235
T005358,E02344,GenAI for Business,2024-10-30,16,Online,Completed,59,85,3679
T005359,E02345,Project Management,2025-03-05,8,Blended,Completed,57,62,8259
T005360,E02345,Negotiation,2024-10-26,24,Classroom,Incomplete,42,70,7946
T005361,E02345,Cloud Fundamentals,2026-04-08,2,Online,Completed,54,80,2703
T005362,E02345,Python Analytics,2024-10-16,8,Classroom,Completed,72,97,1950
T005363,E02345,Advanced Excel,2024-12-29,12,Classroom,Completed,63,88,12313
T005364,E02346,Python Analytics,2025-09-17,4,Blended,Completed,73,94,6838
T005365,E02346,GenAI for Business,2026-04-18,4,Online,Incomplete,71,99,3049
T005366,E02346,Data Privacy,2025-09-03,24,Online,Completed,71,94,4113
T005367,E02346,Advanced Excel,2026-07-14,24,Blended,Incomplete,73,86,3301
T005368,E02346,Python Analytics,2025-07-05,24,Online,Completed,76,100,7501
T005369,E02348,GenAI for Business,2026-07-12,12,Online,Completed,47,69,5036
T005370,E02348,Python Analytics,2026-06-06,8,Online,Completed,69,90,4425
T005371,E02349,Cloud Fundamentals,2025-10-11,2,Blended,Completed,66,76,5030
T005372,E02349,Advanced Excel,2026-04-22,12,Online,Completed,47,57,13976
T005373,E02349,Python Analytics,2026-02-11,24,Classroom,Incomplete,73,79,6279
T005374,E02349,GenAI for Business,2025-06-09,2,Classroom,Completed,52,67,5615
T005375,E02350,Cloud Fundamentals,2024-08-30,12,Classroom,Completed,62,90,12486
T005376,E02350,Project Management,2025-01-23,12,Blended,Completed,50,73,5315
T005377,E02350,Leadership Essentials,2026-03-28,4,Classroom,Completed,76,88,8502
T005378,E02351,Advanced Excel,2026-04-03,24,Online,Completed,49,61,2230
T005379,E02351,GenAI for Business,2026-01-12,12,Classroom,Completed,63,80,4068
T005380,E02354,Cloud Fundamentals,2026-06-10,8,Online,Completed,47,57,6028
T005381,E02354,Negotiation,2025-05-13,12,Online,Incomplete,73,98,8528
T005382,E02355,Cloud Fundamentals,2024-01-03,8,Blended,Completed,52,72,7641
T005383,E02355,Negotiation,2024-04-23,4,Blended,Completed,72,98,13528
T005384,E02355,Cloud Fundamentals,2025-07-19,8,Online,Completed,43,66,9334
T005385,E02356,Leadership Essentials,2024-08-20,24,Blended,Completed,59,87,2259
T005386,E02356,GenAI for Business,2025-09-12,6,Online,Completed,77,99,2392
T005387,E02356,GenAI for Business,2024-04-21,16,Classroom,Completed,63,88,13484
T005388,E02356,Leadership Essentials,2024-02-10,6,Online,Completed,70,76,3983
T005389,E02356,Data Privacy,2025-11-11,16,Online,Completed,55,75,1593
T005390,E02357,Advanced Excel,2026-08-14,2,Classroom,Completed,66,93,3807
T005391,E02357,Negotiation,2024-07-11,12,Blended,Completed,63,83,8267
T005392,E02358,GenAI for Business,2026-01-28,2,Classroom,Completed,60,86,1693
T005393,E02358,Advanced Excel,2026-04-13,8,Classroom,Completed,75,95,10619
T005394,E02358,Project Management,2026-03-10,6,Online,Completed,71,98,13079
T005395,E02358,Negotiation,2026-06-22,8,Online,Completed,67,80,9238
T005396,E02358,Data Privacy,2026-03-26,16,Online,Completed,53,71,9250
T005397,E02359,Negotiation,2026-05-11,8,Blended,Completed,50,63,7622
T005398,E02359,Advanced Excel,2025-07-02,12,Classroom,Completed,50,59,3026
T005399,E02359,Power BI,2024-09-20,16,Blended,Completed,77,97,1595
T005400,E02359,Advanced Excel,2024-07-27,6,Blended,Completed,40,55,12404
T005401,E02361,Cloud Fundamentals,2025-04-10,16,Blended,Completed,72,90,2105
T005402,E02361,Cloud Fundamentals,2024-10-15,24,Blended,Completed,78,94,13978
T005403,E02363,Data Privacy,2024-09-20,4,Online,Completed,47,71,12830
T005404,E02364,Advanced Excel,2026-02-12,12,Online,Completed,48,56,7261
T005405,E02364,Communication Skills,2025-08-08,12,Online,Completed,74,100,4374
T005406,E02366,Power BI,2025-07-26,4,Blended,Completed,75,100,5257
T005407,E02366,Leadership Essentials,2024-09-08,6,Online,Completed,49,76,4274
T005408,E02366,GenAI for Business,2024-10-26,6,Online,Completed,65,77,14384
T005409,E02367,Data Privacy,2026-07-29,4,Online,Completed,51,71,3328
T005410,E02367,Python Analytics,2025-07-12,16,Online,Completed,52,66,12353
T005411,E02368,Communication Skills,2025-12-12,6,Classroom,Completed,62,86,10051
T005412,E02368,Advanced Excel,2024-12-11,8,Online,Completed,69,76,12187
T005413,E02368,Advanced Excel,2024-10-29,8,Blended,Completed,43,70,13287
T005414,E02368,Communication Skills,2024-03-28,12,Blended,Completed,77,92,1830
T005415,E02368,Data Privacy,2025-04-20,6,Online,Completed,65,85,2483
T005416,E02369,Python Analytics,2025-09-03,16,Online,Completed,50,77,7391
T005417,E02369,Advanced Excel,2025-09-07,24,Classroom,Incomplete,60,87,5133
T005418,E02369,Data Privacy,2026-06-15,2,Online,Completed,64,84,11138
T005419,E02370,Leadership Essentials,2026-05-20,12,Classroom,Incomplete,58,68,14759
T005420,E02370,Data Privacy,2024-06-08,16,Online,Incomplete,57,83,3026
T005421,E02370,Leadership Essentials,2025-09-04,12,Classroom,Incomplete,71,76,6818
T005422,E02370,Leadership Essentials,2024-07-11,6,Classroom,Completed,54,80,10163
T005423,E02371,Data Privacy,2025-12-19,12,Online,Completed,62,87,6449
T005424,E02371,Project Management,2026-02-13,2,Blended,Completed,63,91,9104
T005425,E02371,Cloud Fundamentals,2024-09-29,8,Blended,Completed,70,92,10328
T005426,E02373,Advanced Excel,2024-04-30,4,Classroom,Completed,58,78,10403
T005427,E02373,Leadership Essentials,2025-03-06,12,Online,Completed,58,64,4285
T005428,E02373,Data Privacy,2025-11-13,2,Blended,Incomplete,59,82,7815
T005429,E02374,Data Privacy,2025-03-18,24,Online,Completed,73,84,12928
T005430,E02374,Power BI,2025-09-11,2,Blended,Completed,55,82,12377
T005431,E02374,Communication Skills,2025-07-04,2,Online,Completed,73,88,4985
T005432,E02375,Advanced Excel,2026-07-08,2,Blended,Incomplete,63,90,5381
T005433,E02375,Advanced Excel,2026-08-15,2,Online,Completed,43,65,12873
T005434,E02375,GenAI for Business,2026-07-15,8,Blended,Completed,46,73,13536
T005435,E02376,Cloud Fundamentals,2024-01-25,4,Blended,Completed,48,70,10804
T005436,E02376,Cloud Fundamentals,2024-01-15,2,Online,Incomplete,46,51,5899
T005437,E02376,Data Privacy,2024-03-25,12,Classroom,Incomplete,60,80,13695
T005438,E02376,Python Analytics,2024-02-04,2,Blended,Completed,72,92,2010
T005439,E02377,Negotiation,2024-09-12,16,Classroom,Completed,50,68,8527
T005440,E02378,Advanced Excel,2025-05-04,8,Online,Completed,77,83,10437
T005441,E02378,Cloud Fundamentals,2026-01-17,6,Blended,Completed,64,82,9081
T005442,E02378,Communication Skills,2024-09-11,8,Online,Completed,71,79,5068
T005443,E02378,Leadership Essentials,2024-03-21,6,Classroom,Completed,58,65,12452
T005444,E02380,Communication Skills,2026-01-29,16,Blended,Completed,42,47,13532
T005445,E02380,GenAI for Business,2026-04-13,24,Online,Completed,43,53,3680
T005446,E02380,Data Privacy,2024-02-11,16,Blended,Completed,62,69,6872
T005447,E02380,Python Analytics,2024-06-26,24,Blended,Completed,67,83,1605
T005448,E02380,Cloud Fundamentals,2024-01-03,24,Blended,Completed,47,52,11665
T005449,E02381,Cloud Fundamentals,2024-01-15,6,Classroom,Completed,62,89,7501
T005450,E02381,Project Management,2024-06-07,2,Classroom,Completed,62,80,8757
T005451,E02381,Advanced Excel,2024-05-08,12,Blended,Completed,62,71,11297
T005452,E02383,Python Analytics,2025-03-06,24,Classroom,Completed,50,77,7074
T005453,E02383,Negotiation,2025-02-23,6,Blended,Completed,78,100,14450
T005454,E02383,Power BI,2024-06-06,16,Online,Completed,63,72,11321
T005455,E02384,Project Management,2026-06-29,16,Classroom,Completed,51,75,4189
T005456,E02384,Python Analytics,2026-04-15,2,Online,Completed,63,90,5866
T005457,E02384,Cloud Fundamentals,2026-07-28,8,Online,Completed,47,55,2623
T005458,E02384,Communication Skills,2025-12-22,2,Online,Completed,59,85,3071
T005459,E02387,Communication Skills,2026-06-20,8,Classroom,Completed,67,77,7734
T005460,E02387,Data Privacy,2025-01-09,6,Classroom,Completed,40,48,3239
T005461,E02387,Communication Skills,2025-12-19,2,Blended,Completed,54,68,4818
T005462,E02387,Python Analytics,2024-02-01,8,Blended,Completed,52,61,12326
T005463,E02387,Leadership Essentials,2026-01-04,24,Classroom,Completed,72,95,13868
T005464,E02388,Negotiation,2026-04-04,4,Blended,Completed,75,86,10507
T005465,E02389,Data Privacy,2025-12-26,16,Blended,Completed,70,94,4276
T005466,E02389,Cloud Fundamentals,2025-10-19,24,Classroom,Completed,76,87,11624
T005467,E02389,Project Management,2025-10-24,4,Classroom,Completed,58,68,8223
T005468,E02389,Project Management,2025-06-15,4,Blended,Completed,76,83,3248
T005469,E02389,Communication Skills,2025-05-24,16,Blended,Incomplete,69,86,9603
T005470,E02390,Communication Skills,2026-08-10,16,Classroom,Completed,53,75,8894
T005471,E02391,Data Privacy,2024-09-30,8,Classroom,Completed,72,90,1883
T005472,E02391,Cloud Fundamentals,2025-09-03,24,Blended,Completed,48,63,8284
T005473,E02391,Negotiation,2026-07-28,8,Blended,Incomplete,78,100,1561
T005474,E02391,Leadership Essentials,2026-05-01,24,Online,Completed,75,86,12653
T005475,E02391,Cloud Fundamentals,2026-01-16,6,Online,Completed,67,94,8721
T005476,E02392,GenAI for Business,2025-05-28,24,Online,Completed,40,60,10846
T005477,E02392,Advanced Excel,2024-04-27,2,Blended,Completed,49,56,13969
T005478,E02393,Python Analytics,2025-06-24,24,Blended,Completed,44,62,7077
T005479,E02393,Advanced Excel,2024-09-26,24,Blended,Completed,49,59,1760
T005480,E02393,Leadership Essentials,2024-03-11,12,Blended,Completed,61,85,12806
T005481,E02393,Data Privacy,2025-01-02,16,Blended,Completed,44,52,12454
T005482,E02396,Cloud Fundamentals,2026-03-28,24,Blended,Completed,56,81,3335
T005483,E02396,Leadership Essentials,2026-05-22,8,Classroom,Incomplete,70,87,9980
T005484,E02396,Communication Skills,2026-04-09,8,Online,Completed,55,75,7279
T005485,E02396,Power BI,2026-02-23,12,Classroom,Completed,68,75,11563
T005486,E02396,Project Management,2025-11-03,8,Classroom,Completed,40,62,4048
T005487,E02397,Data Privacy,2025-12-08,4,Blended,Completed,40,49,7900
T005488,E02398,Power BI,2026-07-12,6,Classroom,Completed,52,58,7028
T005489,E02398,Python Analytics,2026-05-01,16,Online,Completed,62,81,2308
T005490,E02399,Leadership Essentials,2025-03-13,8,Blended,Completed,78,100,10382
T005491,E02399,Communication Skills,2024-09-20,6,Classroom,Incomplete,71,84,2607
T005492,E02399,Advanced Excel,2024-03-05,2,Classroom,Completed,47,71,1836
T005493,E02399,Power BI,2025-12-31,16,Classroom,Completed,65,83,13829
T005494,E02400,Project Management,2025-12-18,6,Classroom,Completed,45,50,10416
T005495,E02400,Python Analytics,2025-03-08,12,Online,Completed,71,78,11576
T005496,E02400,Negotiation,2026-03-24,6,Classroom,Completed,55,61,10304
T005497,E02401,Python Analytics,2026-08-02,8,Online,Completed,75,100,8826
T005498,E02401,Power BI,2025-08-29,4,Online,Completed,48,76,7959
T005499,E02401,Advanced Excel,2024-05-03,12,Classroom,Completed,41,48,7688
T005500,E02401,Python Analytics,2024-03-25,4,Online,Completed,55,70,9090
T005501,E02402,Negotiation,2025-06-14,12,Blended,Completed,59,78,13656
T005502,E02404,Project Management,2026-02-06,24,Classroom,Completed,61,86,5676
T005503,E02405,GenAI for Business,2025-11-06,16,Online,Completed,72,93,1700
T005504,E02405,Negotiation,2025-02-27,2,Classroom,Completed,47,73,11627
T005505,E02405,Project Management,2024-09-08,6,Blended,Completed,48,55,14722
T005506,E02406,GenAI for Business,2024-11-13,4,Classroom,Completed,57,79,7807
T005507,E02407,Project Management,2026-08-05,8,Blended,Completed,68,81,10666
T005508,E02407,Advanced Excel,2024-07-23,12,Classroom,Completed,66,73,4922
T005509,E02407,Data Privacy,2024-08-01,16,Classroom,Completed,66,76,9006
T005510,E02407,Leadership Essentials,2025-12-08,6,Online,Completed,70,85,7838
T005511,E02408,Negotiation,2024-06-18,6,Blended,Completed,57,81,10608
T005512,E02408,Negotiation,2025-10-07,6,Classroom,Completed,72,80,2616
T005513,E02408,GenAI for Business,2025-09-07,16,Online,Completed,56,82,12750
T005514,E02409,Communication Skills,2025-04-29,8,Online,Completed,73,98,9722
T005515,E02409,GenAI for Business,2025-01-09,24,Classroom,Completed,40,53,6565
T005516,E02409,GenAI for Business,2025-06-04,12,Blended,Completed,54,60,3457
T005517,E02409,Data Privacy,2024-10-16,16,Online,Completed,62,76,13590
T005518,E02409,Advanced Excel,2026-07-09,12,Classroom,Completed,73,84,13487
T005519,E02411,Cloud Fundamentals,2024-01-02,24,Classroom,Completed,47,57,12767
T005520,E02411,GenAI for Business,2024-01-05,16,Classroom,Completed,52,74,5366
T005521,E02412,Communication Skills,2025-05-18,8,Online,Completed,40,60,5452
T005522,E02412,Data Privacy,2026-06-27,2,Online,Completed,68,79,6574
T005523,E02413,Cloud Fundamentals,2025-12-21,16,Blended,Completed,53,81,6107
T005524,E02413,Power BI,2025-10-14,8,Blended,Completed,71,80,11899
T005525,E02413,Leadership Essentials,2026-02-01,24,Blended,Completed,49,71,2451
T005526,E02413,Communication Skills,2026-02-21,24,Classroom,Completed,41,54,10335
T005527,E02414,Python Analytics,2025-09-22,16,Classroom,Completed,49,77,12880
T005528,E02414,Project Management,2026-06-09,6,Online,Completed,42,63,6160
T005529,E02414,GenAI for Business,2026-07-30,24,Classroom,Completed,47,66,1777
T005530,E02415,Python Analytics,2024-06-18,24,Classroom,Completed,68,77,10538
T005531,E02415,Python Analytics,2024-05-11,16,Blended,Completed,51,58,1679
T005532,E02416,Power BI,2024-02-09,12,Blended,Incomplete,66,86,6826
T005533,E02417,Power BI,2025-08-16,12,Online,Completed,76,98,12383
T005534,E02417,Data Privacy,2026-01-04,2,Classroom,Completed,67,77,2918
T005535,E02417,Communication Skills,2025-07-22,8,Classroom,Completed,55,60,6868
T005536,E02417,GenAI for Business,2025-12-03,2,Classroom,Completed,47,64,7011
T005537,E02417,Negotiation,2025-09-08,4,Online,Completed,48,72,2684
T005538,E02418,Leadership Essentials,2025-10-02,8,Online,Completed,72,77,9633
T005539,E02418,GenAI for Business,2024-12-07,16,Online,Completed,45,70,8893
T005540,E02418,Leadership Essentials,2026-07-30,6,Online,Completed,54,65,11352
T005541,E02418,Data Privacy,2024-10-17,16,Blended,Completed,68,87,2791
T005542,E02418,Python Analytics,2024-12-11,12,Classroom,Completed,45,71,2589
T005543,E02420,Power BI,2025-11-15,24,Classroom,Completed,70,83,9291
T005544,E02421,Cloud Fundamentals,2024-03-16,4,Classroom,Completed,76,100,3407
T005545,E02422,GenAI for Business,2025-10-27,6,Blended,Completed,76,90,4395
T005546,E02422,Power BI,2025-11-21,6,Blended,Completed,60,81,7329
T005547,E02422,Project Management,2025-12-14,2,Classroom,Completed,78,86,11505
T005548,E02422,Communication Skills,2025-10-07,6,Blended,Completed,62,76,12954
T005549,E02422,GenAI for Business,2025-10-24,12,Classroom,Completed,66,80,5119
T005550,E02424,Power BI,2025-07-26,12,Online,Completed,72,88,10808
T005551,E02424,Power BI,2025-08-27,2,Blended,Completed,62,73,11931
T005552,E02424,Communication Skills,2026-03-14,2,Classroom,Completed,49,55,11536
T005553,E02426,Cloud Fundamentals,2026-02-16,8,Blended,Completed,72,82,8107
T005554,E02426,Project Management,2025-12-29,2,Classroom,Completed,61,72,13594
T005555,E02426,Python Analytics,2026-01-15,16,Classroom,Completed,47,60,5761
T005556,E02426,Cloud Fundamentals,2025-12-19,2,Online,Completed,55,70,14550
T005557,E02426,Cloud Fundamentals,2025-10-29,12,Online,Completed,40,65,13421
T005558,E02427,Communication Skills,2024-07-16,2,Classroom,Completed,52,64,13798
T005559,E02427,Negotiation,2024-07-10,12,Blended,Completed,43,60,6608
T005560,E02427,Project Management,2024-02-24,2,Classroom,Completed,48,73,12337
T005561,E02427,GenAI for Business,2024-05-06,6,Online,Completed,74,96,4007
T005562,E02428,Cloud Fundamentals,2025-06-24,6,Blended,Completed,63,76,7784
T005563,E02428,GenAI for Business,2025-06-23,24,Classroom,Completed,76,98,1881
T005564,E02428,Power BI,2025-10-10,2,Online,Incomplete,77,88,9502
T005565,E02428,GenAI for Business,2024-11-09,8,Classroom,Completed,69,90,4972
T005566,E02428,Negotiation,2026-06-13,8,Blended,Completed,58,86,6210
T005567,E02429,Cloud Fundamentals,2025-10-02,16,Online,Completed,40,50,11739
T005568,E02429,Power BI,2026-03-06,12,Classroom,Completed,65,88,10651
T005569,E02429,Communication Skills,2025-07-07,12,Blended,Completed,67,77,2144
T005570,E02429,Project Management,2024-09-30,12,Blended,Completed,71,96,7334
T005571,E02430,Advanced Excel,2024-03-02,24,Online,Completed,67,75,13618
T005572,E02430,Communication Skills,2026-02-26,24,Blended,Incomplete,42,68,4905
T005573,E02430,Negotiation,2026-05-05,4,Blended,Incomplete,59,69,8179
T005574,E02430,Negotiation,2024-12-17,6,Classroom,Completed,42,48,4479
T005575,E02430,Communication Skills,2024-06-06,4,Classroom,Completed,58,66,5671
T005576,E02431,Project Management,2026-04-29,8,Blended,Completed,66,75,7545
T005577,E02431,GenAI for Business,2025-12-16,6,Online,Completed,76,93,8377
T005578,E02431,Advanced Excel,2026-04-17,6,Online,Incomplete,56,66,11243
T005579,E02431,Leadership Essentials,2026-07-21,12,Classroom,Completed,58,65,14245
T005580,E02432,Project Management,2026-08-08,8,Blended,Completed,68,89,3240
T005581,E02432,Cloud Fundamentals,2026-06-16,2,Online,Completed,44,52,1557
T005582,E02433,Communication Skills,2025-09-06,8,Online,Completed,54,64,6156
T005583,E02433,Negotiation,2025-09-20,8,Classroom,Incomplete,40,46,5349
T005584,E02433,Python Analytics,2025-07-04,24,Blended,Incomplete,46,58,8508
T005585,E02433,Project Management,2025-07-02,8,Online,Completed,65,90,12704
T005586,E02434,Communication Skills,2024-09-04,6,Online,Completed,50,78,2265
T005587,E02434,Advanced Excel,2025-11-10,16,Classroom,Completed,66,93,7901
T005588,E02435,Advanced Excel,2024-01-02,8,Blended,Incomplete,61,68,12420
T005589,E02435,GenAI for Business,2024-01-24,4,Classroom,Completed,59,67,7971
T005590,E02435,Data Privacy,2024-01-28,24,Online,Completed,65,91,7742
T005591,E02436,GenAI for Business,2024-08-12,24,Blended,Incomplete,72,86,6415
T005592,E02436,Python Analytics,2024-04-03,12,Online,Completed,56,67,2964
T005593,E02436,GenAI for Business,2025-11-11,12,Classroom,Completed,64,70,11607
T005594,E02436,Advanced Excel,2024-11-06,6,Classroom,Completed,64,73,11541
T005595,E02437,Power BI,2024-01-07,24,Blended,Completed,59,83,11287
T005596,E02437,Data Privacy,2026-05-23,8,Blended,Completed,62,71,4774
T005597,E02438,GenAI for Business,2026-07-22,24,Blended,Completed,72,97,14957
T005598,E02438,Power BI,2026-08-02,2,Classroom,Completed,67,76,14742
T005599,E02438,Cloud Fundamentals,2026-08-31,24,Classroom,Completed,41,51,2313
T005600,E02438,Cloud Fundamentals,2026-08-04,16,Online,Completed,60,66,3419
T005601,E02438,Advanced Excel,2026-08-03,12,Online,Incomplete,59,73,4863
T005602,E02441,GenAI for Business,2026-01-01,24,Blended,Incomplete,74,85,10069
T005603,E02442,Python Analytics,2024-10-11,16,Classroom,Completed,78,100,2002
T005604,E02442,Advanced Excel,2025-06-25,16,Blended,Completed,48,70,2444
T005605,E02443,Leadership Essentials,2025-02-10,12,Classroom,Completed,42,59,14162
T005606,E02443,Advanced Excel,2025-03-16,8,Online,Completed,67,81,1646
T005607,E02443,Power BI,2026-04-09,12,Online,Incomplete,40,50,3660
T005608,E02443,Cloud Fundamentals,2026-01-16,2,Classroom,Completed,75,84,1624
T005609,E02444,Leadership Essentials,2024-06-10,4,Online,Completed,50,69,9486
T005610,E02444,Power BI,2024-01-30,12,Online,Completed,77,90,13257
T005611,E02444,Project Management,2024-02-28,6,Online,Completed,54,67,8215
T005612,E02444,Project Management,2024-04-03,4,Classroom,Incomplete,76,87,1953
T005613,E02445,Data Privacy,2026-08-21,4,Online,Incomplete,76,100,7417
T005614,E02445,Cloud Fundamentals,2024-04-10,6,Online,Completed,77,95,2433
T005615,E02445,Power BI,2026-07-03,8,Blended,Completed,73,84,3887
T005616,E02446,Advanced Excel,2024-12-31,12,Blended,Completed,78,88,14489
T005617,E02446,Communication Skills,2025-09-08,2,Blended,Completed,72,82,6283
T005618,E02446,Advanced Excel,2025-04-14,6,Online,Completed,50,68,9535
T005619,E02446,Communication Skills,2026-04-13,4,Online,Completed,72,87,8489
T005620,E02446,Cloud Fundamentals,2026-03-17,4,Classroom,Completed,72,79,6121
T005621,E02447,Advanced Excel,2026-03-14,2,Blended,Completed,56,80,10044
T005622,E02447,GenAI for Business,2026-06-22,24,Blended,Completed,66,76,9219
T005623,E02447,Negotiation,2026-06-18,12,Blended,Completed,55,70,4145
T005624,E02447,Communication Skills,2026-04-28,4,Classroom,Completed,53,64,7057
T005625,E02448,Python Analytics,2025-02-09,4,Online,Completed,66,86,4844
T005626,E02448,Python Analytics,2026-04-18,6,Classroom,Completed,51,79,14525
T005627,E02448,Communication Skills,2026-04-04,6,Blended,Completed,76,83,14764
T005628,E02449,GenAI for Business,2024-10-30,24,Blended,Completed,53,73,2615
T005629,E02450,Leadership Essentials,2024-03-10,24,Classroom,Completed,60,87,14741
T005630,E02450,Data Privacy,2024-03-27,6,Classroom,Completed,44,50,8034
T005631,E02451,Power BI,2025-12-25,8,Blended,Completed,73,98,5044
T005632,E02453,Project Management,2025-12-31,4,Classroom,Completed,58,86,12420
T005633,E02453,Leadership Essentials,2024-06-18,24,Online,Completed,59,84,7011
T005634,E02455,Python Analytics,2024-10-12,16,Classroom,Completed,54,75,4379
T005635,E02455,Cloud Fundamentals,2025-10-06,6,Blended,Completed,45,52,14536
T005636,E02455,Power BI,2024-05-24,12,Online,Completed,77,100,12889
T005637,E02455,Advanced Excel,2026-03-21,24,Online,Completed,60,75,9846
T005638,E02455,Data Privacy,2024-08-15,8,Blended,Completed,40,67,9979
T005639,E02456,Data Privacy,2026-04-21,8,Classroom,Completed,68,75,1859
T005640,E02456,Project Management,2025-12-21,16,Classroom,Completed,40,55,7322
T005641,E02456,Negotiation,2025-05-23,2,Blended,Completed,61,87,8137
T005642,E02458,Cloud Fundamentals,2025-05-22,6,Blended,Completed,53,69,6607
T005643,E02458,Advanced Excel,2024-06-24,12,Blended,Completed,44,58,4917
T005644,E02459,Communication Skills,2024-04-26,24,Classroom,Completed,59,79,6819
T005645,E02459,Python Analytics,2024-02-29,12,Classroom,Completed,55,71,13120
T005646,E02459,Leadership Essentials,2024-02-12,2,Online,Completed,71,93,13076
T005647,E02459,Communication Skills,2024-03-01,12,Classroom,Completed,64,84,2145
T005648,E02460,Cloud Fundamentals,2025-10-22,6,Blended,Completed,58,84,7018
T005649,E02460,Communication Skills,2026-04-10,2,Online,Completed,75,97,4641
T005650,E02460,Cloud Fundamentals,2024-02-01,2,Classroom,Completed,68,77,13161
T005651,E02460,Power BI,2026-04-14,24,Classroom,Completed,43,71,12596
T005652,E02461,Negotiation,2026-01-18,8,Online,Completed,63,71,8252
T005653,E02461,Leadership Essentials,2026-07-06,16,Classroom,Completed,71,96,9988
T005654,E02461,Communication Skills,2026-08-24,4,Online,Completed,65,91,3268
T005655,E02461,Advanced Excel,2026-07-23,12,Online,Completed,65,85,5396
T005656,E02464,Project Management,2025-01-13,16,Classroom,Completed,63,88,10721
T005657,E02464,Leadership Essentials,2024-04-21,6,Blended,Completed,47,75,11858
T005658,E02465,Communication Skills,2026-03-10,24,Blended,Completed,72,90,7840
T005659,E02465,Communication Skills,2025-09-14,4,Online,Completed,43,68,8579
T005660,E02467,Advanced Excel,2025-11-06,24,Online,Completed,64,74,11303
T005661,E02468,Negotiation,2025-05-21,12,Classroom,Completed,71,85,8348
T005662,E02469,Cloud Fundamentals,2025-12-04,12,Online,Completed,73,90,2555
T005663,E02469,Python Analytics,2025-07-21,8,Classroom,Completed,74,96,11951
T005664,E02469,Advanced Excel,2026-01-07,24,Blended,Completed,64,77,7350
T005665,E02469,Communication Skills,2025-11-30,6,Blended,Completed,51,72,11466
T005666,E02469,GenAI for Business,2026-03-14,2,Classroom,Completed,49,62,13423
T005667,E02470,GenAI for Business,2024-02-26,6,Classroom,Completed,59,82,12772
T005668,E02470,Cloud Fundamentals,2024-03-04,8,Online,Completed,52,64,1593
T005669,E02471,Project Management,2024-02-16,4,Online,Completed,46,58,5357
T005670,E02471,Project Management,2025-01-12,12,Blended,Incomplete,42,57,8581
T005671,E02471,Project Management,2025-04-07,12,Online,Incomplete,43,67,6019
T005672,E02471,Data Privacy,2026-01-14,16,Online,Completed,78,96,6099
T005673,E02473,Leadership Essentials,2025-05-09,2,Blended,Completed,51,61,5953
T005674,E02473,Data Privacy,2024-08-09,6,Classroom,Completed,76,92,10332
T005675,E02473,Advanced Excel,2024-06-30,24,Blended,Completed,54,70,14761
T005676,E02473,Python Analytics,2024-08-31,8,Classroom,Completed,77,100,6401
T005677,E02474,Project Management,2025-02-07,2,Blended,Completed,51,75,11016
T005678,E02474,Power BI,2024-09-27,2,Classroom,Completed,73,83,14857
T005679,E02475,Leadership Essentials,2026-03-18,2,Blended,Completed,66,81,2605
T005680,E02475,Cloud Fundamentals,2024-09-26,24,Classroom,Incomplete,61,87,2522
T005681,E02475,Power BI,2024-01-04,2,Classroom,Completed,52,69,6476
T005682,E02475,Advanced Excel,2025-10-07,6,Classroom,Completed,67,84,6881
T005683,E02476,Communication Skills,2026-08-05,8,Classroom,Completed,71,78,13555
T005684,E02476,Power BI,2024-11-04,4,Blended,Completed,40,68,4341
T005685,E02476,Leadership Essentials,2026-06-09,24,Online,Completed,42,50,9646
T005686,E02476,Project Management,2025-06-03,6,Blended,Completed,40,61,4267
T005687,E02477,Project Management,2026-08-23,2,Blended,Completed,60,78,12522
T005688,E02478,Negotiation,2026-03-04,16,Online,Completed,40,51,14409
T005689,E02478,GenAI for Business,2025-12-29,4,Online,Completed,76,93,14861
T005690,E02478,Negotiation,2025-10-26,4,Classroom,Completed,76,100,8384
T005691,E02478,Data Privacy,2025-12-28,4,Online,Completed,65,74,6773
T005692,E02479,GenAI for Business,2026-03-03,4,Classroom,Completed,65,73,9894
T005693,E02479,Communication Skills,2026-05-05,24,Online,Completed,68,76,2537
T005694,E02479,Advanced Excel,2026-03-18,24,Classroom,Incomplete,71,95,6123
T005695,E02480,GenAI for Business,2025-01-17,24,Blended,Completed,53,81,7759
T005696,E02480,Negotiation,2024-06-22,4,Classroom,Completed,66,93,7883
T005697,E02481,Advanced Excel,2026-08-23,4,Classroom,Completed,52,70,5249
T005698,E02481,Data Privacy,2025-06-08,4,Online,Completed,54,60,4635
T005699,E02481,GenAI for Business,2025-12-24,6,Blended,Completed,60,87,5783
T005700,E02481,Advanced Excel,2025-09-14,24,Blended,Completed,43,59,3234
T005701,E02482,Project Management,2026-01-05,2,Blended,Completed,54,61,7036
T005702,E02482,Python Analytics,2026-04-29,16,Classroom,Completed,75,100,6412
T005703,E02482,GenAI for Business,2025-03-25,6,Classroom,Completed,70,85,9975
T005704,E02483,Data Privacy,2025-09-09,4,Blended,Completed,50,70,4013
T005705,E02483,Communication Skills,2026-05-02,6,Online,Completed,49,61,1789
T005706,E02484,Leadership Essentials,2024-12-05,6,Online,Completed,65,81,14432
T005707,E02484,Cloud Fundamentals,2026-02-25,16,Blended,Completed,52,71,6585
T005708,E02484,Negotiation,2025-11-21,16,Online,Completed,68,76,11917
T005709,E02486,Data Privacy,2026-06-13,12,Online,Completed,66,83,13057
T005710,E02486,Negotiation,2025-07-11,24,Online,Completed,73,78,6633
T005711,E02486,Communication Skills,2026-03-10,4,Blended,Completed,54,65,12919
T005712,E02486,Project Management,2026-03-14,2,Blended,Completed,57,73,3995
T005713,E02486,Cloud Fundamentals,2026-01-19,8,Online,Completed,52,65,12058
T005714,E02487,Cloud Fundamentals,2025-08-25,4,Blended,Completed,46,69,13358
T005715,E02487,GenAI for Business,2026-01-05,24,Classroom,Completed,40,62,11328
T005716,E02487,Negotiation,2025-02-23,12,Blended,Completed,53,81,5160
T005717,E02488,Python Analytics,2025-06-04,6,Online,Completed,76,81,13888
T005718,E02488,Advanced Excel,2025-01-29,24,Blended,Completed,48,73,11946
T005719,E02488,Communication Skills,2024-10-20,8,Blended,Completed,66,76,7546
T005720,E02489,Communication Skills,2025-03-29,8,Classroom,Completed,42,69,9083
T005721,E02490,Cloud Fundamentals,2025-12-09,16,Online,Completed,72,99,4403
T005722,E02491,Leadership Essentials,2025-10-11,4,Blended,Incomplete,41,54,8476
T005723,E02492,Communication Skills,2026-08-17,8,Blended,Completed,67,83,7934
T005724,E02493,Advanced Excel,2026-07-16,16,Blended,Completed,69,88,11029
T005725,E02493,Power BI,2024-04-09,2,Classroom,Completed,77,88,9280
T005726,E02493,Cloud Fundamentals,2024-01-11,24,Online,Completed,53,67,5375
T005727,E02493,Communication Skills,2025-01-17,8,Blended,Completed,59,87,13037
T005728,E02494,Cloud Fundamentals,2026-01-25,24,Online,Completed,53,77,5704
T005729,E02495,Data Privacy,2025-07-05,6,Blended,Completed,63,78,4606
T005730,E02495,Power BI,2025-04-22,8,Classroom,Completed,60,70,6818
T005731,E02496,Data Privacy,2024-09-11,12,Online,Completed,53,61,13069
T005732,E02497,Leadership Essentials,2025-06-27,16,Classroom,Completed,54,82,6497
T005733,E02497,Communication Skills,2026-05-29,2,Online,Completed,72,90,12101
T005734,E02497,Leadership Essentials,2025-04-28,24,Classroom,Completed,74,98,8241
T005735,E02498,Power BI,2025-11-15,4,Blended,Completed,49,55,1790
T005736,E02498,Leadership Essentials,2026-04-01,8,Online,Completed,74,83,4612
T005737,E02498,Leadership Essentials,2025-05-05,12,Blended,Completed,62,76,4366
T005738,E02498,Communication Skills,2026-07-21,6,Classroom,Completed,46,62,3514
T005739,E02499,Power BI,2026-06-19,16,Online,Completed,69,82,7743
T005740,E02500,Negotiation,2026-01-02,4,Classroom,Completed,42,70,4460
T005741,E02500,Project Management,2026-08-02,16,Classroom,Completed,56,84,12004
T005742,E02500,Project Management,2025-12-19,8,Classroom,Completed,54,68,13949
T005743,E02501,Leadership Essentials,2025-04-02,24,Classroom,Incomplete,60,85,12232
T005744,E02501,Power BI,2024-11-15,6,Blended,Completed,48,64,11937
T005745,E02501,Data Privacy,2024-08-18,16,Classroom,Completed,73,90,11690
T005746,E02501,Data Privacy,2026-01-21,24,Blended,Completed,53,73,13679
T005747,E02502,Python Analytics,2024-03-10,24,Classroom,Completed,48,53,10216
T005748,E02502,Leadership Essentials,2024-05-16,24,Blended,Completed,76,91,2611
T005749,E02503,Project Management,2024-01-17,16,Blended,Completed,44,56,14764
T005750,E02503,Leadership Essentials,2024-11-15,8,Classroom,Completed,46,55,1799
T005751,E02503,Python Analytics,2024-09-21,16,Online,Completed,76,99,14599
T005752,E02503,Power BI,2024-07-25,4,Blended,Completed,67,87,10480
T005753,E02503,Project Management,2026-02-07,12,Online,Completed,49,62,8282
T005754,E02505,Power BI,2025-01-06,2,Online,Completed,47,69,12433
T005755,E02506,Power BI,2026-04-21,2,Online,Completed,46,72,7023
T005756,E02507,Leadership Essentials,2026-02-14,12,Online,Completed,75,100,5851
T005757,E02508,GenAI for Business,2024-03-28,2,Blended,Completed,47,61,7498
T005758,E02508,Advanced Excel,2024-08-28,6,Blended,Completed,68,91,6456
T005759,E02509,GenAI for Business,2025-10-26,8,Blended,Completed,60,74,13074
T005760,E02509,GenAI for Business,2024-02-17,12,Classroom,Completed,64,86,12922
T005761,E02509,Python Analytics,2024-02-02,8,Online,Completed,63,75,8178
T005762,E02509,Power BI,2026-07-30,16,Online,Incomplete,44,72,10458
T005763,E02509,Project Management,2026-08-11,4,Online,Completed,46,69,10982
T005764,E02510,Leadership Essentials,2024-08-06,16,Online,Completed,49,77,8605
T005765,E02510,Data Privacy,2024-08-01,6,Blended,Completed,76,90,4148
T005766,E02511,GenAI for Business,2024-03-07,2,Classroom,Completed,52,68,7018
T005767,E02513,Project Management,2025-10-22,2,Blended,Completed,46,63,8048
T005768,E02513,Communication Skills,2026-06-28,12,Classroom,Completed,40,66,1814
T005769,E02514,Leadership Essentials,2024-12-12,24,Online,Completed,55,76,2137
T005770,E02514,Advanced Excel,2024-10-28,24,Online,Completed,56,73,7661
T005771,E02514,Cloud Fundamentals,2024-09-16,8,Online,Incomplete,75,100,14675
T005772,E02515,Project Management,2024-09-16,6,Online,Completed,71,89,3102
T005773,E02515,Advanced Excel,2024-04-27,24,Online,Completed,66,89,7496
T005774,E02515,Negotiation,2024-08-19,12,Classroom,Incomplete,43,58,2655
T005775,E02516,Communication Skills,2025-02-24,24,Online,Completed,46,65,5313
T005776,E02516,Power BI,2024-03-01,24,Classroom,Incomplete,60,76,8134
T005777,E02517,Communication Skills,2025-07-07,16,Blended,Completed,49,75,2256
T005778,E02517,GenAI for Business,2025-04-06,6,Blended,Completed,74,89,10993
T005779,E02518,Python Analytics,2025-05-31,16,Blended,Completed,53,59,9563
T005780,E02518,Power BI,2025-05-06,8,Online,Incomplete,40,54,13760
T005781,E02518,Communication Skills,2024-05-20,2,Classroom,Completed,70,83,13915
T005782,E02518,Negotiation,2026-04-16,4,Classroom,Incomplete,41,66,2993
T005783,E02518,Leadership Essentials,2024-03-04,16,Online,Completed,68,76,9569
T005784,E02520,Advanced Excel,2025-03-28,4,Blended,Completed,65,93,9902
T005785,E02522,Advanced Excel,2025-08-01,16,Blended,Completed,59,71,8631
T005786,E02522,Power BI,2024-02-10,6,Online,Completed,65,91,2858
T005787,E02522,Communication Skills,2024-12-26,8,Online,Completed,40,58,9855
T005788,E02522,Data Privacy,2025-07-30,12,Classroom,Completed,51,75,14457
T005789,E02522,Project Management,2026-01-01,24,Online,Incomplete,40,58,9336
T005790,E02523,GenAI for Business,2024-07-23,12,Blended,Completed,73,93,9884
T005791,E02523,Cloud Fundamentals,2025-02-13,24,Classroom,Completed,58,73,14483
T005792,E02524,Power BI,2026-04-06,12,Blended,Completed,66,78,7677
T005793,E02525,Project Management,2025-09-21,16,Online,Completed,74,89,4114
T005794,E02525,Project Management,2024-03-09,2,Classroom,Completed,74,100,14417
T005795,E02525,Cloud Fundamentals,2026-01-25,8,Online,Completed,66,72,11807
T005796,E02525,Data Privacy,2024-07-11,6,Classroom,Completed,46,53,6195
T005797,E02528,Advanced Excel,2026-03-16,24,Blended,Completed,60,76,3622
T005798,E02528,Cloud Fundamentals,2026-08-10,2,Online,Completed,44,67,14765
T005799,E02528,Leadership Essentials,2025-07-18,4,Blended,Incomplete,66,82,14772
T005800,E02528,Negotiation,2025-09-15,24,Classroom,Completed,61,82,10209
T005801,E02528,Project Management,2026-01-30,24,Classroom,Completed,55,67,13720
T005802,E02529,Data Privacy,2024-05-20,8,Classroom,Completed,73,86,12338
T005803,E02529,Advanced Excel,2025-01-19,8,Online,Completed,43,62,8344
T005804,E02529,Cloud Fundamentals,2025-02-07,2,Blended,Completed,55,71,13342
T005805,E02529,GenAI for Business,2024-09-17,8,Online,Completed,70,88,6881
T005806,E02529,Python Analytics,2024-09-10,16,Blended,Completed,50,56,9243
T005807,E02531,Project Management,2026-05-07,16,Classroom,Completed,42,66,12755
T005808,E02531,Advanced Excel,2024-11-29,2,Classroom,Completed,50,64,8524
T005809,E02533,Communication Skills,2024-09-27,16,Blended,Completed,54,75,14794
T005810,E02533,Leadership Essentials,2025-08-31,16,Classroom,Completed,45,54,2875
T005811,E02533,Power BI,2024-09-11,2,Online,Completed,54,59,4830
T005812,E02535,Leadership Essentials,2025-11-15,2,Online,Incomplete,42,49,7303
T005813,E02536,Cloud Fundamentals,2025-07-30,12,Online,Completed,61,87,11241
T005814,E02537,Python Analytics,2024-03-18,4,Classroom,Completed,73,78,13560
T005815,E02537,Advanced Excel,2024-03-24,24,Blended,Completed,46,52,6506
T005816,E02537,Cloud Fundamentals,2024-06-16,2,Online,Completed,46,65,8764
T005817,E02538,Project Management,2025-07-11,12,Classroom,Completed,70,79,3090
T005818,E02539,Leadership Essentials,2026-06-14,2,Online,Completed,58,69,5849
T005819,E02539,Python Analytics,2026-05-23,6,Blended,Completed,49,76,12832
T005820,E02539,Cloud Fundamentals,2026-01-01,4,Blended,Completed,45,59,12113
T005821,E02539,Python Analytics,2026-01-07,4,Classroom,Completed,65,85,12288
T005822,E02540,Negotiation,2026-01-23,4,Blended,Completed,66,77,8861
T005823,E02540,Communication Skills,2026-04-20,2,Classroom,Completed,75,91,7169
T005824,E02543,Data Privacy,2024-11-04,24,Online,Completed,76,100,3306
T005825,E02543,Data Privacy,2024-12-17,8,Online,Completed,40,54,9251
T005826,E02543,Data Privacy,2026-03-04,2,Blended,Completed,42,69,4528
T005827,E02544,Communication Skills,2024-09-16,8,Online,Completed,72,95,1856
T005828,E02544,Communication Skills,2024-09-05,24,Classroom,Completed,49,57,6484
T005829,E02544,Cloud Fundamentals,2026-07-24,2,Blended,Completed,47,66,9986
T005830,E02544,Advanced Excel,2026-08-01,24,Online,Completed,40,48,5851
T005831,E02544,Leadership Essentials,2024-07-19,4,Blended,Completed,69,90,14216
T005832,E02546,Cloud Fundamentals,2025-12-06,12,Blended,Incomplete,65,84,7253
T005833,E02546,Project Management,2025-08-04,16,Classroom,Incomplete,78,92,10203
T005834,E02546,Power BI,2025-10-06,12,Blended,Completed,60,74,13615
T005835,E02546,Data Privacy,2026-05-26,24,Classroom,Completed,76,99,6610
T005836,E02546,GenAI for Business,2025-07-20,16,Classroom,Incomplete,60,68,13887
T005837,E02547,Leadership Essentials,2025-03-13,16,Classroom,Completed,71,98,1973
T005838,E02548,Negotiation,2025-04-12,2,Online,Completed,49,60,6209
T005839,E02548,Leadership Essentials,2025-07-21,16,Classroom,Completed,54,65,7077
T005840,E02548,Negotiation,2026-03-08,12,Blended,Completed,55,70,12913
T005841,E02548,Data Privacy,2025-08-04,8,Online,Completed,70,84,10098
T005842,E02549,Leadership Essentials,2026-03-04,2,Blended,Completed,65,70,11203
T005843,E02550,Power BI,2024-04-12,6,Online,Completed,42,63,13091
T005844,E02550,Project Management,2024-10-08,24,Online,Completed,63,90,4354
T005845,E02553,Leadership Essentials,2025-09-14,6,Classroom,Completed,67,75,4272
T005846,E02553,Leadership Essentials,2024-02-02,6,Classroom,Incomplete,56,78,14130
T005847,E02553,Communication Skills,2024-10-13,12,Classroom,Completed,40,56,3062
T005848,E02554,Project Management,2024-01-13,8,Blended,Completed,54,78,13263
T005849,E02554,Leadership Essentials,2024-01-24,2,Classroom,Completed,74,82,8374
T005850,E02556,Cloud Fundamentals,2024-10-10,2,Online,Completed,41,47,2376
T005851,E02556,Negotiation,2025-07-29,8,Classroom,Completed,66,91,6980
T005852,E02556,Communication Skills,2026-04-05,4,Classroom,Completed,52,71,2373
T005853,E02557,Data Privacy,2026-03-03,12,Online,Completed,51,64,12542
T005854,E02557,Communication Skills,2026-03-25,24,Blended,Completed,61,66,5198
T005855,E02557,Power BI,2026-08-11,4,Classroom,Completed,74,92,12301
T005856,E02557,Leadership Essentials,2026-08-29,16,Blended,Completed,66,73,6523
T005857,E02558,Advanced Excel,2024-08-12,2,Blended,Completed,65,92,4144
T005858,E02558,Data Privacy,2024-05-28,6,Online,Completed,67,78,1600
T005859,E02559,Leadership Essentials,2026-03-07,6,Blended,Completed,51,59,5159
T005860,E02559,Python Analytics,2025-01-24,16,Classroom,Completed,64,87,2492
T005861,E02562,Cloud Fundamentals,2024-01-02,8,Classroom,Completed,52,61,14664
T005862,E02563,Power BI,2025-07-14,16,Classroom,Completed,78,88,7111
T005863,E02564,Project Management,2024-02-11,4,Classroom,Completed,52,72,7282
T005864,E02565,Power BI,2025-02-17,12,Classroom,Completed,72,81,6371
T005865,E02565,Leadership Essentials,2024-01-15,8,Online,Completed,70,94,5614
T005866,E02567,Leadership Essentials,2026-04-05,8,Online,Completed,40,58,11401
T005867,E02568,Python Analytics,2025-03-04,8,Blended,Completed,66,89,4494
T005868,E02568,Advanced Excel,2024-10-27,16,Online,Completed,45,54,7367
T005869,E02568,Advanced Excel,2025-08-12,12,Classroom,Completed,77,82,8868
T005870,E02568,GenAI for Business,2025-11-25,8,Online,Completed,77,91,4420
T005871,E02569,Data Privacy,2026-06-15,8,Classroom,Completed,57,63,9089
T005872,E02569,Cloud Fundamentals,2025-04-25,8,Classroom,Completed,60,71,7452
T005873,E02569,GenAI for Business,2025-08-18,16,Blended,Completed,70,83,13186
T005874,E02570,Cloud Fundamentals,2026-04-25,24,Online,Incomplete,50,76,11538
T005875,E02570,Leadership Essentials,2025-09-16,12,Blended,Completed,63,76,12559
T005876,E02571,Power BI,2026-04-07,6,Online,Completed,65,72,9054
T005877,E02572,Project Management,2024-03-06,4,Classroom,Completed,56,78,10298
T005878,E02572,Project Management,2025-05-06,16,Online,Completed,70,96,6498
T005879,E02572,Python Analytics,2026-01-18,2,Blended,Completed,78,83,10982
T005880,E02572,GenAI for Business,2025-09-22,4,Online,Completed,67,73,12163
T005881,E02573,Communication Skills,2024-05-16,16,Online,Completed,56,66,14791
T005882,E02573,Cloud Fundamentals,2024-09-27,8,Online,Completed,49,60,4108
T005883,E02574,Cloud Fundamentals,2025-11-12,4,Online,Completed,56,68,4101
T005884,E02574,GenAI for Business,2025-11-24,8,Blended,Completed,66,93,8679
T005885,E02576,Python Analytics,2026-02-12,16,Blended,Completed,59,72,2684
T005886,E02576,Cloud Fundamentals,2026-07-05,24,Blended,Completed,55,80,8402
T005887,E02577,Negotiation,2026-03-19,12,Blended,Completed,54,76,2948
T005888,E02577,Project Management,2026-08-09,4,Blended,Completed,74,90,14669
T005889,E02577,Communication Skills,2025-12-30,4,Online,Completed,62,72,14652
T005890,E02578,GenAI for Business,2025-01-23,6,Classroom,Completed,67,90,6803
T005891,E02578,GenAI for Business,2026-02-13,4,Classroom,Completed,76,93,4135
T005892,E02579,Python Analytics,2025-01-15,6,Classroom,Completed,63,69,6277
T005893,E02579,Power BI,2024-08-03,24,Online,Completed,75,100,6548
T005894,E02579,Power BI,2025-10-28,2,Online,Completed,48,75,4940
T005895,E02579,Advanced Excel,2025-03-04,2,Online,Completed,64,73,4221
T005896,E02579,Advanced Excel,2024-10-09,4,Blended,Completed,45,67,7206
T005897,E02580,Advanced Excel,2026-08-25,4,Blended,Completed,53,76,1926
T005898,E02580,Cloud Fundamentals,2026-08-14,8,Blended,Completed,74,88,5886
T005899,E02580,Cloud Fundamentals,2026-07-31,4,Classroom,Completed,71,94,2652
T005900,E02580,Advanced Excel,2026-08-08,16,Blended,Completed,56,78,4724
T005901,E02581,Communication Skills,2025-04-13,12,Blended,Completed,65,91,11727
T005902,E02581,Project Management,2024-12-19,24,Blended,Incomplete,73,86,14169
T005903,E02581,Leadership Essentials,2025-10-28,12,Blended,Completed,62,86,6976
T005904,E02581,GenAI for Business,2025-06-20,6,Classroom,Completed,56,67,7867
T005905,E02581,GenAI for Business,2024-09-28,8,Classroom,Completed,71,85,14574
T005906,E02582,Negotiation,2024-01-07,16,Blended,Completed,57,85,14200
T005907,E02583,Python Analytics,2025-09-29,8,Classroom,Incomplete,54,63,11875
T005908,E02583,Leadership Essentials,2024-08-01,12,Classroom,Completed,71,95,1792
T005909,E02584,Communication Skills,2025-11-21,12,Classroom,Completed,52,78,12738
T005910,E02584,Python Analytics,2025-03-15,8,Classroom,Completed,44,63,13985
T005911,E02584,Data Privacy,2025-06-05,6,Online,Completed,55,82,13404
T005912,E02585,Data Privacy,2024-04-30,6,Blended,Completed,54,66,4635
T005913,E02585,Cloud Fundamentals,2026-07-01,6,Classroom,Completed,62,79,13556
T005914,E02585,GenAI for Business,2026-04-09,8,Classroom,Incomplete,77,92,10280
T005915,E02585,Project Management,2025-05-11,8,Blended,Completed,56,77,12608
T005916,E02587,Communication Skills,2025-03-11,6,Classroom,Completed,78,100,4443
T005917,E02587,Negotiation,2024-08-20,4,Blended,Completed,67,93,1710
T005918,E02588,Python Analytics,2025-11-09,16,Blended,Completed,67,72,11087
T005919,E02588,GenAI for Business,2025-06-20,12,Online,Completed,77,90,14922
T005920,E02588,Power BI,2024-12-15,8,Classroom,Completed,73,88,11986
T005921,E02589,Negotiation,2024-02-08,12,Classroom,Incomplete,49,56,9318
T005922,E02589,Advanced Excel,2024-05-03,24,Blended,Completed,71,95,14725
T005923,E02589,Leadership Essentials,2024-05-25,24,Blended,Completed,67,73,4373
T005924,E02590,Communication Skills,2025-05-25,16,Classroom,Completed,46,61,1848
T005925,E02590,Negotiation,2025-10-11,24,Online,Completed,73,79,13836
T005926,E02590,Leadership Essentials,2025-10-26,16,Online,Completed,70,85,12593
T005927,E02590,Power BI,2026-05-18,2,Blended,Completed,52,58,6237
T005928,E02591,Data Privacy,2024-05-17,8,Blended,Completed,42,47,13405
T005929,E02591,Negotiation,2025-08-17,12,Classroom,Completed,71,99,14914
T005930,E02591,Power BI,2024-10-01,24,Blended,Completed,59,86,9510
T005931,E02592,Leadership Essentials,2025-07-11,6,Online,Completed,75,99,12255
T005932,E02593,Advanced Excel,2026-07-21,8,Classroom,Completed,65,84,14185
T005933,E02593,Leadership Essentials,2024-08-26,24,Classroom,Completed,56,62,13093
T005934,E02593,Negotiation,2024-11-17,16,Blended,Completed,56,66,11272
T005935,E02593,GenAI for Business,2025-01-12,4,Classroom,Completed,60,77,3971
T005936,E02594,Advanced Excel,2025-03-03,16,Classroom,Completed,41,49,1578
T005937,E02595,Advanced Excel,2026-02-07,8,Online,Incomplete,43,68,11060
T005938,E02595,Communication Skills,2024-08-18,8,Blended,Completed,69,89,7439
T005939,E02596,Data Privacy,2026-05-22,16,Blended,Completed,49,69,11369
T005940,E02596,Project Management,2026-05-19,4,Classroom,Completed,73,92,4628
T005941,E02596,Power BI,2025-07-07,4,Online,Completed,66,93,8780
T005942,E02596,Communication Skills,2026-08-08,4,Classroom,Completed,43,54,12486
T005943,E02596,Negotiation,2024-12-09,16,Classroom,Completed,51,79,9511
T005944,E02597,Leadership Essentials,2026-08-01,24,Classroom,Completed,69,74,5994
T005945,E02597,Advanced Excel,2026-08-30,12,Blended,Completed,73,87,6571
T005946,E02597,Negotiation,2026-07-28,2,Blended,Completed,69,95,8261
T005947,E02597,Negotiation,2026-08-23,4,Classroom,Completed,40,46,8544
T005948,E02598,Negotiation,2025-11-23,24,Blended,Completed,67,93,7642
T005949,E02598,Project Management,2025-01-22,8,Classroom,Incomplete,54,71,3529
T005950,E02598,Communication Skills,2026-02-17,16,Classroom,Completed,70,91,10013
T005951,E02598,GenAI for Business,2025-11-27,16,Classroom,Completed,55,62,7879
T005952,E02598,Data Privacy,2025-06-21,6,Online,Completed,68,96,11459
T005953,E02599,Data Privacy,2025-07-19,4,Classroom,Completed,69,85,4726
T005954,E02599,Cloud Fundamentals,2025-12-12,24,Online,Completed,75,100,6464
T005955,E02599,Power BI,2024-07-17,4,Online,Completed,53,70,13948
T005956,E02599,Cloud Fundamentals,2024-06-28,6,Online,Completed,51,66,9449
T005957,E02599,Leadership Essentials,2026-01-12,2,Classroom,Completed,73,88,7169
T005958,E02600,Project Management,2025-10-01,24,Classroom,Completed,64,81,9125
T005959,E02600,Project Management,2025-03-23,2,Blended,Completed,74,86,13755
T005960,E02600,Cloud Fundamentals,2025-03-18,4,Online,Completed,68,89,7262
T005961,E02600,Negotiation,2024-12-15,6,Online,Completed,67,84,6141
T005962,E02600,Negotiation,2025-09-04,16,Classroom,Completed,42,48,7709
T005963,E02601,Advanced Excel,2024-10-23,12,Classroom,Completed,64,88,1814
T005964,E02602,Project Management,2025-10-21,8,Classroom,Completed,63,81,4244
T005965,E02602,GenAI for Business,2024-09-14,8,Classroom,Completed,52,63,4842
T005966,E02603,Data Privacy,2024-03-24,16,Blended,Completed,78,92,6301
T005967,E02603,Leadership Essentials,2025-02-26,2,Online,Completed,71,97,5227
T005968,E02603,Negotiation,2024-09-27,12,Online,Completed,40,50,2152
T005969,E02603,Advanced Excel,2025-05-27,24,Online,Completed,72,85,13569
T005970,E02604,Data Privacy,2024-10-16,4,Classroom,Incomplete,72,97,4576
T005971,E02604,Cloud Fundamentals,2026-05-29,6,Online,Completed,59,70,9303
T005972,E02604,Leadership Essentials,2026-08-15,12,Classroom,Completed,45,71,8645
T005973,E02604,Advanced Excel,2026-04-06,6,Classroom,Completed,61,86,4975
T005974,E02604,Python Analytics,2025-04-29,24,Classroom,Completed,75,89,4339
T005975,E02607,Power BI,2024-01-25,16,Online,Completed,77,87,11721
T005976,E02607,Advanced Excel,2024-03-27,24,Blended,Completed,60,76,3072
T005977,E02607,Communication Skills,2024-07-19,2,Blended,Incomplete,66,93,5221
T005978,E02607,Negotiation,2025-08-26,12,Classroom,Completed,53,80,9888
T005979,E02607,Leadership Essentials,2025-07-22,2,Blended,Completed,70,75,8952
T005980,E02608,Leadership Essentials,2025-10-27,8,Classroom,Completed,72,82,5285
T005981,E02608,Communication Skills,2024-08-09,12,Online,Completed,69,77,2656
T005982,E02608,Project Management,2026-07-04,2,Online,Completed,51,57,7360
T005983,E02608,Leadership Essentials,2025-03-17,4,Online,Incomplete,43,56,6383
T005984,E02608,Project Management,2024-08-07,24,Classroom,Completed,75,86,4665
T005985,E02609,Power BI,2024-11-28,24,Blended,Completed,55,76,8002
T005986,E02609,Negotiation,2024-05-26,4,Blended,Completed,66,74,13612
T005987,E02609,Cloud Fundamentals,2025-09-11,2,Online,Completed,47,57,4645
T005988,E02609,Advanced Excel,2025-03-14,4,Online,Completed,69,93,4588
T005989,E02610,Python Analytics,2026-01-28,8,Classroom,Completed,78,88,9254
T005990,E02610,GenAI for Business,2026-01-22,8,Online,Completed,67,78,11584
T005991,E02612,Leadership Essentials,2026-04-16,12,Blended,Completed,75,84,10506
T005992,E02612,Advanced Excel,2025-02-14,8,Online,Completed,63,70,2724
T005993,E02613,Negotiation,2025-09-13,12,Blended,Completed,44,59,3199
T005994,E02614,Advanced Excel,2026-07-16,12,Online,Completed,58,70,9882
T005995,E02614,Advanced Excel,2026-08-08,4,Classroom,Completed,44,66,10048
T005996,E02614,Leadership Essentials,2026-06-02,12,Online,Completed,43,70,6011
T005997,E02614,Project Management,2026-06-23,8,Classroom,Completed,75,94,11242
T005998,E02615,GenAI for Business,2025-03-23,12,Blended,Completed,43,63,12977
T005999,E02615,Communication Skills,2025-12-12,8,Classroom,Completed,78,91,3119
T006000,E02615,Power BI,2025-06-27,8,Blended,Completed,74,97,9439
T006001,E02615,Communication Skills,2024-05-31,2,Classroom,Completed,71,77,3731
T006002,E02615,Negotiation,2024-02-07,8,Blended,Incomplete,46,67,5436
T006003,E02616,Communication Skills,2025-12-29,12,Classroom,Completed,72,94,14529
T006004,E02616,Communication Skills,2026-05-03,2,Blended,Completed,49,59,12275
T006005,E02622,Project Management,2024-04-17,6,Classroom,Incomplete,49,70,11192
T006006,E02622,Power BI,2026-02-01,24,Blended,Incomplete,42,52,11650
T006007,E02624,Cloud Fundamentals,2025-02-11,24,Blended,Completed,41,49,5440
T006008,E02624,Leadership Essentials,2024-12-12,4,Online,Completed,57,66,9443
T006009,E02624,Leadership Essentials,2026-08-27,2,Blended,Completed,45,61,6783
T006010,E02624,Negotiation,2025-12-08,8,Classroom,Completed,60,70,14521
T006011,E02624,Negotiation,2024-02-07,16,Online,Completed,71,80,14287
T006012,E02625,Leadership Essentials,2025-10-09,12,Blended,Completed,69,86,11918
T006013,E02625,Data Privacy,2025-11-07,2,Classroom,Completed,78,86,12085
T006014,E02626,Leadership Essentials,2026-08-21,8,Online,Completed,73,96,14071
T006015,E02626,Negotiation,2024-11-12,8,Classroom,Incomplete,42,65,13335
T006016,E02626,Cloud Fundamentals,2025-12-29,16,Online,Completed,57,75,7814
T006017,E02626,Cloud Fundamentals,2026-04-23,2,Blended,Completed,55,74,6012
T006018,E02627,GenAI for Business,2026-08-16,6,Online,Completed,48,68,2941
T006019,E02627,Power BI,2026-08-13,12,Blended,Completed,46,53,2458
T006020,E02627,Advanced Excel,2026-08-30,4,Blended,Completed,59,71,8766
T006021,E02627,Project Management,2026-08-26,16,Classroom,Completed,73,88,9204
T006022,E02627,Python Analytics,2026-08-31,6,Blended,Completed,43,49,8322
T006023,E02629,Leadership Essentials,2026-02-13,24,Blended,Completed,58,75,12940
T006024,E02629,Communication Skills,2025-05-30,16,Classroom,Completed,53,78,2943
T006025,E02629,Python Analytics,2026-04-03,8,Classroom,Completed,64,83,7197
T006026,E02633,Data Privacy,2024-02-18,12,Blended,Completed,57,77,4496
T006027,E02633,Project Management,2024-08-14,24,Classroom,Completed,56,72,4922
T006028,E02633,GenAI for Business,2025-11-01,24,Blended,Completed,76,84,8897
T006029,E02633,Data Privacy,2024-03-12,16,Online,Completed,69,97,12705
T006030,E02633,Advanced Excel,2024-08-12,24,Blended,Incomplete,60,85,6861
T006031,E02634,Project Management,2024-06-16,6,Blended,Completed,70,89,4963
T006032,E02635,GenAI for Business,2026-02-22,16,Classroom,Completed,59,84,6722
T006033,E02635,Data Privacy,2025-08-20,16,Online,Completed,46,62,13905
T006034,E02635,Negotiation,2024-10-03,16,Online,Completed,59,70,5624
T006035,E02635,Communication Skills,2026-03-23,12,Blended,Completed,65,82,13750
T006036,E02635,Communication Skills,2026-06-14,4,Blended,Completed,67,88,5663
T006037,E02636,Advanced Excel,2025-12-02,6,Online,Completed,51,73,8415
T006038,E02636,Power BI,2024-11-24,16,Blended,Completed,59,86,12864
T006039,E02636,Cloud Fundamentals,2024-01-01,12,Classroom,Completed,75,82,13090
T006040,E02637,Power BI,2025-07-08,8,Online,Completed,41,53,2773
T006041,E02637,Data Privacy,2026-06-28,6,Online,Completed,59,68,11329
T006042,E02637,Power BI,2024-03-11,12,Online,Completed,76,87,12814
T006043,E02638,Data Privacy,2025-10-04,2,Online,Completed,75,99,5240
T006044,E02638,Power BI,2024-03-06,2,Blended,Completed,47,59,13705
T006045,E02638,Python Analytics,2024-05-05,4,Classroom,Completed,70,95,2867
T006046,E02639,Communication Skills,2024-07-10,6,Blended,Completed,65,83,6427
T006047,E02639,GenAI for Business,2025-07-06,2,Blended,Completed,78,92,3112
T006048,E02639,Project Management,2026-08-22,4,Blended,Completed,61,77,6893
T006049,E02640,Advanced Excel,2024-10-24,2,Online,Completed,58,86,10639
T006050,E02642,Project Management,2026-01-14,4,Online,Completed,65,81,3460
T006051,E02643,Power BI,2025-12-04,16,Classroom,Completed,77,100,4354
T006052,E02643,Negotiation,2025-11-03,4,Blended,Completed,48,67,12877
T006053,E02643,Project Management,2026-04-27,16,Classroom,Incomplete,41,65,6926
T006054,E02643,Project Management,2026-07-25,12,Online,Completed,72,90,10083
T006055,E02643,Advanced Excel,2026-07-07,24,Blended,Incomplete,65,78,3909
T006056,E02646,Communication Skills,2026-08-17,8,Blended,Completed,77,83,2408
T006057,E02646,GenAI for Business,2025-06-16,2,Blended,Completed,66,93,14985
T006058,E02646,Project Management,2026-08-13,2,Classroom,Completed,61,73,1933
T006059,E02647,Python Analytics,2024-05-12,12,Blended,Completed,72,86,4230
T006060,E02647,Power BI,2024-10-29,24,Classroom,Completed,76,92,5086
T006061,E02647,Negotiation,2026-07-06,16,Online,Completed,64,77,5867
T006062,E02647,GenAI for Business,2024-11-06,8,Online,Completed,55,81,14884
T006063,E02648,Cloud Fundamentals,2026-04-19,12,Classroom,Incomplete,76,82,10587
T006064,E02648,Leadership Essentials,2026-04-12,16,Classroom,Completed,58,76,9410
T006065,E02648,Cloud Fundamentals,2026-02-17,6,Blended,Completed,40,52,11885
T006066,E02648,Cloud Fundamentals,2026-06-01,2,Classroom,Completed,67,90,9865
T006067,E02648,Cloud Fundamentals,2026-05-16,4,Online,Completed,66,77,7285
T006068,E02649,Python Analytics,2026-03-26,8,Classroom,Completed,42,68,9043
T006069,E02649,Cloud Fundamentals,2026-01-04,24,Blended,Completed,57,69,11418
T006070,E02649,Project Management,2026-07-31,4,Online,Incomplete,55,81,8977
T006071,E02650,Project Management,2026-07-19,2,Online,Completed,46,54,2732
T006072,E02651,Leadership Essentials,2026-04-03,6,Blended,Completed,60,71,14839
T006073,E02651,Python Analytics,2026-04-18,8,Classroom,Completed,61,74,3309
T006074,E02651,Python Analytics,2024-03-25,24,Classroom,Completed,61,78,6114
T006075,E02651,Leadership Essentials,2025-07-21,24,Online,Completed,70,82,8801
T006076,E02652,Leadership Essentials,2025-05-03,16,Classroom,Completed,58,86,13462
T006077,E02652,Python Analytics,2025-05-03,12,Classroom,Completed,45,62,7213
T006078,E02652,Project Management,2026-05-03,16,Classroom,Completed,75,93,13377
T006079,E02652,Project Management,2025-07-01,8,Classroom,Completed,63,86,6793
T006080,E02652,Communication Skills,2026-04-11,16,Blended,Completed,49,63,8987
T006081,E02653,Project Management,2024-04-06,6,Classroom,Completed,56,74,6033
T006082,E02653,Data Privacy,2024-03-13,12,Online,Incomplete,49,73,3176
T006083,E02653,GenAI for Business,2026-03-26,8,Online,Completed,59,80,5683
T006084,E02653,GenAI for Business,2024-05-09,8,Online,Incomplete,56,61,7242
T006085,E02654,Advanced Excel,2026-03-16,8,Blended,Completed,40,56,10825
T006086,E02654,GenAI for Business,2025-05-06,12,Online,Completed,56,84,6529
T006087,E02654,Negotiation,2026-04-01,2,Classroom,Completed,62,79,14507
T006088,E02654,Python Analytics,2024-12-05,2,Classroom,Completed,43,70,9411
T006089,E02654,Leadership Essentials,2024-07-24,12,Classroom,Completed,41,63,9515
T006090,E02655,Data Privacy,2024-08-07,4,Classroom,Completed,62,85,12684
T006091,E02655,Python Analytics,2024-08-08,6,Classroom,Incomplete,53,58,2681
T006092,E02655,Power BI,2024-06-10,6,Classroom,Completed,70,94,4297
T006093,E02655,Project Management,2024-02-10,4,Blended,Completed,41,48,3361
T006094,E02656,Data Privacy,2024-07-06,4,Blended,Completed,49,77,1588
T006095,E02657,Data Privacy,2025-12-08,16,Blended,Completed,58,71,12259
T006096,E02657,Negotiation,2026-07-25,4,Online,Completed,73,100,7731
T006097,E02658,Data Privacy,2024-03-02,24,Classroom,Completed,65,83,2279
T006098,E02658,GenAI for Business,2026-04-02,6,Blended,Completed,76,88,14375
T006099,E02658,Cloud Fundamentals,2025-10-14,4,Classroom,Completed,41,60,5886
T006100,E02658,Python Analytics,2024-03-23,6,Blended,Completed,72,83,10611
T006101,E02658,Power BI,2025-09-30,6,Blended,Completed,63,84,6916
T006102,E02659,Power BI,2025-12-16,8,Online,Completed,58,70,3252
T006103,E02659,Project Management,2025-08-23,24,Online,Completed,55,64,3830
T006104,E02660,GenAI for Business,2026-01-21,2,Online,Completed,76,84,14142
T006105,E02660,Advanced Excel,2025-09-20,4,Classroom,Completed,63,75,5679
T006106,E02660,Advanced Excel,2026-02-17,16,Blended,Completed,62,81,14495
T006107,E02660,Python Analytics,2025-09-05,24,Online,Completed,66,77,11222
T006108,E02660,Cloud Fundamentals,2026-02-10,2,Online,Completed,72,97,9936
T006109,E02662,Cloud Fundamentals,2025-06-25,24,Blended,Completed,77,98,8628
T006110,E02662,Leadership Essentials,2024-08-29,2,Blended,Completed,49,69,8053
T006111,E02662,Advanced Excel,2025-11-18,2,Online,Completed,42,56,8872
T006112,E02662,Power BI,2024-06-28,8,Classroom,Completed,75,81,2865
T006113,E02662,Project Management,2025-01-22,4,Blended,Completed,42,47,13806
T006114,E02664,Project Management,2024-09-17,12,Blended,Incomplete,62,69,12863
T006115,E02664,Negotiation,2026-03-14,2,Classroom,Completed,40,47,5166
T006116,E02665,Project Management,2026-04-28,16,Online,Completed,48,76,13865
T006117,E02666,GenAI for Business,2024-10-24,12,Blended,Completed,50,56,10494
T006118,E02666,Power BI,2025-04-03,8,Online,Incomplete,67,82,4387
T006119,E02666,Project Management,2024-02-18,4,Online,Completed,70,84,2139
T006120,E02666,Advanced Excel,2025-06-30,16,Online,Completed,59,68,12882
T006121,E02666,GenAI for Business,2025-05-05,6,Classroom,Completed,49,58,5103
T006122,E02667,Leadership Essentials,2025-06-01,16,Online,Completed,51,77,14128
T006123,E02667,Negotiation,2026-01-18,16,Blended,Completed,69,88,13623
T006124,E02667,Data Privacy,2025-11-24,24,Online,Completed,55,70,2126
T006125,E02667,Data Privacy,2025-12-29,16,Classroom,Completed,53,78,13406
T006126,E02668,Cloud Fundamentals,2024-08-27,6,Classroom,Completed,75,92,8740
T006127,E02668,Project Management,2025-01-23,6,Classroom,Completed,68,80,2770
T006128,E02668,Leadership Essentials,2025-10-15,4,Online,Completed,77,100,4327
T006129,E02671,Leadership Essentials,2026-04-16,6,Blended,Completed,53,70,9364
T006130,E02671,Negotiation,2025-08-19,2,Blended,Completed,64,74,12486
T006131,E02671,GenAI for Business,2024-02-08,2,Online,Completed,51,75,11846
T006132,E02671,Project Management,2024-10-20,24,Online,Completed,41,52,5544
T006133,E02672,Leadership Essentials,2024-03-07,4,Classroom,Completed,48,66,13605
T006134,E02672,Negotiation,2024-09-02,16,Online,Incomplete,46,66,14835
T006135,E02672,Python Analytics,2024-06-25,12,Classroom,Incomplete,53,73,3702
T006136,E02672,Python Analytics,2024-02-14,16,Classroom,Completed,54,71,11001
T006137,E02673,Negotiation,2025-04-17,12,Classroom,Completed,52,65,3797
T006138,E02673,Communication Skills,2024-07-07,16,Classroom,Completed,65,88,8100
T006139,E02673,GenAI for Business,2024-01-25,16,Classroom,Completed,46,67,8269
T006140,E02673,Project Management,2026-06-24,2,Classroom,Completed,50,69,10411
T006141,E02673,Data Privacy,2026-07-17,16,Blended,Incomplete,50,78,11665
T006142,E02674,Power BI,2025-08-06,8,Classroom,Completed,62,89,6409
T006143,E02674,Python Analytics,2024-05-26,8,Online,Completed,46,66,9324
T006144,E02674,Leadership Essentials,2025-06-04,8,Online,Completed,76,95,7981
T006145,E02674,Advanced Excel,2026-02-01,16,Online,Completed,49,71,12209
T006146,E02675,Advanced Excel,2026-03-15,4,Online,Completed,54,76,4342
T006147,E02675,Power BI,2026-07-26,24,Classroom,Completed,60,69,14542
T006148,E02675,Python Analytics,2025-11-05,4,Online,Completed,55,60,8982
T006149,E02675,GenAI for Business,2026-03-18,4,Blended,Completed,78,100,13565
T006150,E02675,Data Privacy,2025-10-27,16,Classroom,Incomplete,61,71,9168
T006151,E02676,Negotiation,2025-11-24,12,Classroom,Completed,52,76,12157
T006152,E02676,Negotiation,2025-11-15,2,Classroom,Completed,41,47,2109
T006153,E02677,Negotiation,2024-09-26,16,Online,Completed,54,68,8327
T006154,E02677,Data Privacy,2024-06-05,12,Classroom,Completed,50,62,5894
T006155,E02677,Python Analytics,2024-07-07,12,Blended,Completed,40,66,12313
T006156,E02677,GenAI for Business,2024-05-30,6,Classroom,Completed,41,47,4364
T006157,E02677,Communication Skills,2024-03-06,6,Classroom,Completed,66,81,1838
T006158,E02678,GenAI for Business,2026-05-12,6,Classroom,Completed,48,65,13869
T006159,E02679,Python Analytics,2025-04-18,12,Classroom,Completed,73,82,2590
T006160,E02679,Data Privacy,2024-06-25,6,Online,Completed,66,92,10589
T006161,E02679,Advanced Excel,2024-10-12,16,Online,Completed,63,73,5286
T006162,E02680,Power BI,2024-08-30,8,Online,Completed,71,91,9892
T006163,E02680,Leadership Essentials,2026-04-30,12,Classroom,Completed,40,68,9582
T006164,E02680,Python Analytics,2026-07-18,2,Blended,Completed,63,72,11903
T006165,E02680,Negotiation,2025-06-10,4,Blended,Completed,71,87,6804
T006166,E02681,Data Privacy,2026-07-02,6,Blended,Completed,61,82,2977
T006167,E02681,GenAI for Business,2026-07-05,2,Online,Completed,45,68,2217
T006168,E02682,Power BI,2025-04-20,6,Online,Completed,60,88,6735
T006169,E02682,Communication Skills,2025-07-26,2,Classroom,Incomplete,71,84,9944
T006170,E02682,Cloud Fundamentals,2025-07-28,6,Classroom,Completed,65,73,8141
T006171,E02682,Communication Skills,2024-10-20,2,Classroom,Completed,56,69,7961
T006172,E02682,Negotiation,2025-09-14,2,Online,Completed,59,74,12402
T006173,E02683,Power BI,2026-07-28,2,Classroom,Completed,71,96,8269
T006174,E02683,Cloud Fundamentals,2026-08-26,4,Classroom,Completed,49,63,3083
T006175,E02683,Project Management,2026-07-13,16,Classroom,Completed,65,85,3341
T006176,E02683,Advanced Excel,2026-08-01,24,Classroom,Completed,68,83,12369
T006177,E02683,Advanced Excel,2026-07-30,6,Online,Completed,46,52,5039
T006178,E02684,Communication Skills,2025-02-27,8,Online,Completed,77,92,6259
T006179,E02684,Advanced Excel,2025-03-09,16,Classroom,Completed,74,96,9570
T006180,E02684,Communication Skills,2024-02-10,2,Blended,Completed,74,87,5088
T006181,E02684,GenAI for Business,2025-07-05,24,Online,Completed,44,70,10479
T006182,E02685,Power BI,2025-07-12,6,Blended,Completed,71,99,9276
T006183,E02685,GenAI for Business,2025-04-03,2,Online,Completed,70,85,11361
T006184,E02685,Advanced Excel,2025-01-12,16,Blended,Completed,76,88,7568
T006185,E02685,GenAI for Business,2025-03-20,8,Blended,Incomplete,62,70,12972
T006186,E02685,Leadership Essentials,2025-09-08,16,Classroom,Completed,46,71,14482
T006187,E02686,Cloud Fundamentals,2024-08-27,6,Classroom,Completed,72,99,13607
T006188,E02686,GenAI for Business,2026-02-19,12,Online,Completed,52,73,11819
T006189,E02686,Advanced Excel,2025-12-01,12,Classroom,Completed,61,82,5396
T006190,E02686,GenAI for Business,2024-09-29,2,Blended,Completed,42,67,1588
T006191,E02686,Project Management,2025-02-25,16,Classroom,Completed,74,98,12863
T006192,E02688,GenAI for Business,2024-08-21,4,Online,Completed,60,82,12313
T006193,E02689,Python Analytics,2024-05-22,24,Online,Completed,51,76,13825
T006194,E02689,Project Management,2024-05-16,12,Blended,Completed,55,68,9249
T006195,E02689,Project Management,2025-12-02,2,Classroom,Completed,56,66,12228
T006196,E02690,Data Privacy,2024-07-27,8,Online,Completed,68,89,10625
T006197,E02690,Project Management,2025-04-09,12,Online,Completed,51,68,4987
T006198,E02690,Power BI,2025-05-21,12,Blended,Completed,40,65,6666
T006199,E02690,Power BI,2024-11-25,4,Blended,Completed,46,69,7179
T006200,E02691,Advanced Excel,2026-06-07,4,Blended,Completed,70,95,8389
T006201,E02691,Project Management,2025-11-09,16,Classroom,Completed,63,71,14023
T006202,E02691,Python Analytics,2026-03-09,16,Classroom,Completed,55,69,5869
T006203,E02692,Project Management,2024-09-01,16,Blended,Completed,64,90,3233
T006204,E02692,Negotiation,2024-09-28,24,Blended,Completed,60,88,6080
T006205,E02692,Leadership Essentials,2024-05-26,6,Classroom,Completed,55,72,5124
T006206,E02692,Cloud Fundamentals,2026-02-06,12,Blended,Completed,40,67,14162
T006207,E02696,Python Analytics,2025-08-07,12,Blended,Completed,75,100,13871
T006208,E02696,Python Analytics,2026-08-08,4,Blended,Completed,61,88,12920
T006209,E02696,Negotiation,2026-01-21,2,Classroom,Completed,60,88,4226
T006210,E02696,Advanced Excel,2025-10-23,6,Classroom,Incomplete,51,77,13791
T006211,E02696,Advanced Excel,2025-02-15,6,Classroom,Completed,53,81,8474
T006212,E02697,Data Privacy,2026-05-07,24,Blended,Completed,74,95,7849
T006213,E02697,Leadership Essentials,2024-12-08,12,Blended,Completed,73,90,12335
T006214,E02698,Power BI,2025-02-06,4,Blended,Completed,52,68,10315
T006215,E02698,Python Analytics,2026-03-21,6,Online,Completed,53,71,4629
T006216,E02698,Advanced Excel,2024-08-18,2,Classroom,Completed,75,84,2631
T006217,E02699,Data Privacy,2025-08-29,6,Blended,Completed,72,97,3127
T006218,E02699,Advanced Excel,2025-07-31,16,Blended,Completed,55,74,3906
T006219,E02699,Project Management,2025-06-13,2,Online,Incomplete,62,71,7302
T006220,E02699,Communication Skills,2025-06-23,8,Classroom,Completed,78,90,14794
T006221,E02699,Communication Skills,2025-05-08,12,Classroom,Completed,60,81,12299
T006222,E02700,Project Management,2024-09-25,8,Blended,Completed,43,56,5690
T006223,E02700,Data Privacy,2025-01-03,2,Classroom,Completed,77,93,2439
T006224,E02700,Python Analytics,2026-03-16,16,Classroom,Completed,68,80,6229
T006225,E02700,GenAI for Business,2024-07-23,6,Blended,Completed,77,96,10563
T006226,E02701,Power BI,2025-12-18,2,Classroom,Completed,46,64,5063
T006227,E02702,GenAI for Business,2026-03-04,8,Classroom,Completed,77,83,7917
T006228,E02702,Project Management,2026-01-01,16,Blended,Completed,71,93,2286
T006229,E02702,Communication Skills,2026-06-17,6,Online,Completed,55,71,10614
T006230,E02702,GenAI for Business,2025-07-27,6,Blended,Completed,66,90,3415
T006231,E02702,Communication Skills,2026-02-24,24,Classroom,Completed,63,89,8913
T006232,E02703,Advanced Excel,2024-06-07,16,Classroom,Completed,62,73,2838
T006233,E02704,Project Management,2026-08-05,4,Online,Completed,60,80,3136
T006234,E02704,Cloud Fundamentals,2025-10-23,8,Blended,Completed,43,61,14834
T006235,E02705,Negotiation,2024-12-12,2,Classroom,Completed,73,100,5984
T006236,E02705,Leadership Essentials,2024-08-23,24,Classroom,Completed,55,70,14746
T006237,E02705,GenAI for Business,2024-11-16,12,Blended,Completed,64,92,11198
T006238,E02706,GenAI for Business,2025-05-15,6,Blended,Completed,40,52,8219
T006239,E02707,Python Analytics,2024-08-14,16,Blended,Completed,56,84,2920
T006240,E02707,Project Management,2024-10-13,2,Online,Incomplete,71,91,14681
T006241,E02708,Communication Skills,2025-05-05,16,Blended,Completed,56,78,4496
T006242,E02708,Power BI,2025-10-16,2,Blended,Completed,56,78,6921
T006243,E02708,Data Privacy,2025-12-21,4,Online,Completed,72,93,6711
T006244,E02708,Advanced Excel,2026-08-23,12,Classroom,Completed,40,46,14566
T006245,E02709,Communication Skills,2024-12-14,2,Blended,Completed,47,65,8814
T006246,E02709,Python Analytics,2026-06-02,6,Blended,Completed,61,75,8624
T006247,E02709,Project Management,2026-03-16,16,Blended,Completed,53,74,8266
T006248,E02711,GenAI for Business,2026-04-04,16,Classroom,Completed,72,97,1596
T006249,E02711,Leadership Essentials,2026-03-06,24,Classroom,Completed,42,52,3715
T006250,E02712,Project Management,2024-08-09,16,Online,Incomplete,72,78,6945
T006251,E02712,Project Management,2025-05-27,8,Blended,Completed,74,92,3553
T006252,E02713,Project Management,2024-05-06,16,Online,Completed,68,96,13125
T006253,E02713,Project Management,2025-12-02,8,Online,Completed,50,63,4700
T006254,E02714,Power BI,2024-12-21,12,Online,Completed,63,71,10212
T006255,E02715,Cloud Fundamentals,2024-02-14,24,Blended,Incomplete,68,88,1582
T006256,E02715,Leadership Essentials,2025-07-11,6,Classroom,Completed,77,89,6764
T006257,E02715,Data Privacy,2025-06-15,6,Blended,Completed,76,86,2247
T006258,E02715,Data Privacy,2026-05-30,4,Blended,Completed,54,64,8294
T006259,E02715,Cloud Fundamentals,2024-02-24,24,Classroom,Completed,64,90,11806
T006260,E02717,Leadership Essentials,2026-08-03,2,Classroom,Completed,53,61,7076
T006261,E02717,Cloud Fundamentals,2026-08-12,24,Online,Completed,47,57,3378
T006262,E02717,Leadership Essentials,2026-08-06,24,Blended,Completed,55,74,11438
T006263,E02718,Leadership Essentials,2026-06-15,2,Classroom,Completed,65,73,4891
T006264,E02718,Communication Skills,2024-12-19,12,Classroom,Completed,67,87,14642
T006265,E02718,Python Analytics,2026-03-14,4,Online,Completed,68,83,5169
T006266,E02718,Advanced Excel,2025-01-27,24,Classroom,Completed,46,70,14102
T006267,E02719,Cloud Fundamentals,2024-10-14,6,Blended,Completed,72,78,4415
T006268,E02719,Leadership Essentials,2025-09-25,8,Blended,Completed,68,92,5011
T006269,E02720,Python Analytics,2024-01-03,6,Blended,Completed,42,58,9713
T006270,E02720,Power BI,2025-09-14,2,Online,Completed,75,89,9068
T006271,E02720,GenAI for Business,2024-06-08,8,Online,Incomplete,51,58,7323
T006272,E02720,Python Analytics,2025-06-13,2,Blended,Completed,74,100,9797
T006273,E02720,Leadership Essentials,2025-05-30,12,Blended,Completed,48,67,9257
T006274,E02722,Python Analytics,2025-04-05,6,Online,Completed,47,61,11054
T006275,E02722,Communication Skills,2025-09-15,8,Online,Incomplete,41,63,6328
T006276,E02723,Negotiation,2024-09-28,16,Blended,Completed,69,78,7505
T006277,E02723,Python Analytics,2025-02-17,16,Blended,Completed,57,62,4418
T006278,E02723,Power BI,2024-04-09,8,Online,Completed,45,71,8167
T006279,E02723,Advanced Excel,2025-12-16,4,Online,Completed,77,96,14564
T006280,E02724,Communication Skills,2024-06-16,8,Blended,Completed,69,76,4945
T006281,E02724,Python Analytics,2024-05-10,2,Classroom,Completed,41,67,13052
T006282,E02725,GenAI for Business,2024-07-30,8,Classroom,Completed,57,80,3019
T006283,E02725,GenAI for Business,2025-04-05,16,Online,Completed,65,80,9462
T006284,E02725,Data Privacy,2026-03-29,2,Blended,Completed,61,71,14935
T006285,E02726,Power BI,2024-08-09,4,Classroom,Incomplete,72,92,5679
T006286,E02728,GenAI for Business,2025-07-17,24,Blended,Completed,63,70,5746
T006287,E02728,Python Analytics,2025-09-02,24,Online,Completed,60,72,9677
T006288,E02728,Project Management,2024-01-07,24,Classroom,Completed,50,74,4870
T006289,E02728,Power BI,2024-05-31,24,Online,Completed,42,49,11732
T006290,E02729,Negotiation,2025-08-10,2,Classroom,Completed,41,61,11780
T006291,E02729,Negotiation,2024-12-12,8,Blended,Completed,54,71,14078
T006292,E02729,Negotiation,2024-05-18,4,Blended,Completed,41,66,2663
T006293,E02729,Power BI,2025-05-10,16,Online,Completed,75,89,10850
T006294,E02729,Communication Skills,2026-04-14,2,Classroom,Completed,59,71,3053
T006295,E02730,Negotiation,2025-03-05,16,Online,Completed,40,58,2596
T006296,E02730,Leadership Essentials,2025-03-11,6,Blended,Completed,42,54,5158
T006297,E02730,Project Management,2024-02-17,2,Online,Completed,72,94,2296
T006298,E02732,Advanced Excel,2026-03-21,16,Online,Completed,53,75,9864
T006299,E02733,Power BI,2026-08-31,8,Blended,Completed,60,87,4435
T006300,E02733,GenAI for Business,2026-08-29,24,Online,Completed,48,53,5971
T006301,E02734,Negotiation,2026-08-16,8,Classroom,Completed,66,87,3828
T006302,E02734,Communication Skills,2026-07-16,12,Online,Completed,52,76,6767
T006303,E02735,Project Management,2024-07-15,8,Classroom,Completed,76,82,6380
T006304,E02735,GenAI for Business,2024-03-01,8,Classroom,Completed,59,77,4842
T006305,E02735,Power BI,2024-01-07,4,Online,Completed,67,94,12551
T006306,E02735,Project Management,2026-05-07,2,Online,Completed,66,80,8087
T006307,E02736,Communication Skills,2026-05-08,24,Blended,Completed,62,82,14467
T006308,E02736,Project Management,2024-04-16,6,Online,Completed,70,98,14637
T006309,E02736,Advanced Excel,2024-07-23,12,Online,Completed,75,88,5071
T006310,E02736,Advanced Excel,2025-07-29,2,Classroom,Completed,69,97,4644
T006311,E02738,Python Analytics,2026-03-08,8,Blended,Completed,45,56,9103
T006312,E02738,Advanced Excel,2025-08-05,12,Blended,Incomplete,56,64,7027
T006313,E02738,Negotiation,2026-02-05,16,Blended,Completed,73,81,3823
T006314,E02738,Cloud Fundamentals,2025-09-26,4,Classroom,Completed,70,89,11413
T006315,E02738,Advanced Excel,2026-08-15,12,Blended,Incomplete,45,56,2188
T006316,E02739,Leadership Essentials,2024-07-09,12,Online,Completed,62,86,6146
T006317,E02739,Cloud Fundamentals,2024-12-01,4,Online,Completed,54,78,4310
T006318,E02739,Power BI,2024-02-06,8,Online,Completed,51,63,5405
T006319,E02739,Leadership Essentials,2024-03-25,24,Blended,Completed,59,64,11872
T006320,E02740,Project Management,2025-02-20,6,Classroom,Completed,76,93,11768
T006321,E02740,Data Privacy,2026-05-26,12,Blended,Completed,65,85,7856
T006322,E02741,Data Privacy,2026-01-20,2,Blended,Completed,71,97,12456
T006323,E02741,Cloud Fundamentals,2026-07-22,16,Blended,Completed,43,63,2680
T006324,E02741,Advanced Excel,2025-11-05,6,Classroom,Completed,71,87,14487
T006325,E02742,Power BI,2024-05-12,4,Online,Incomplete,53,81,5160
T006326,E02742,Python Analytics,2024-08-04,8,Online,Completed,76,88,1766
T006327,E02742,Project Management,2024-12-21,12,Blended,Completed,71,90,11679
T006328,E02742,Advanced Excel,2025-05-08,24,Classroom,Completed,69,87,1978
T006329,E02743,Communication Skills,2024-05-31,4,Online,Incomplete,60,74,6735
T006330,E02743,Project Management,2024-06-16,12,Blended,Completed,73,78,2779
T006331,E02743,Negotiation,2025-06-05,8,Classroom,Completed,74,85,9193
T006332,E02743,Cloud Fundamentals,2025-02-08,12,Online,Completed,62,81,14182
T006333,E02744,Python Analytics,2025-05-02,12,Blended,Completed,42,63,14470
T006334,E02744,Project Management,2025-10-15,6,Online,Completed,71,97,9270
T006335,E02744,Power BI,2025-09-24,12,Classroom,Completed,75,84,14620
T006336,E02745,Leadership Essentials,2024-04-02,24,Blended,Completed,56,77,9490
T006337,E02745,Data Privacy,2025-06-05,16,Blended,Completed,56,80,4935
T006338,E02745,Cloud Fundamentals,2024-08-03,2,Classroom,Completed,69,76,1673
T006339,E02745,Data Privacy,2025-10-10,16,Online,Incomplete,65,93,3587
T006340,E02745,Advanced Excel,2025-04-21,12,Blended,Completed,41,50,9624
T006341,E02746,Communication Skills,2024-05-28,12,Online,Completed,66,82,3144
T006342,E02746,Power BI,2026-07-06,4,Blended,Completed,68,77,13450
T006343,E02746,Advanced Excel,2026-08-27,8,Online,Incomplete,60,71,7872
T006344,E02746,Power BI,2025-03-16,6,Online,Completed,69,86,3282
T006345,E02746,Communication Skills,2025-10-16,2,Online,Completed,72,84,10816
T006346,E02747,Data Privacy,2025-01-09,12,Blended,Completed,43,67,10497
T006347,E02747,Negotiation,2026-07-22,16,Classroom,Completed,57,79,9294
T006348,E02747,Negotiation,2025-08-29,2,Classroom,Completed,61,74,14870
T006349,E02747,Negotiation,2024-06-13,24,Online,Incomplete,64,88,3733
T006350,E02747,Advanced Excel,2024-08-02,12,Online,Completed,66,86,8501
T006351,E02748,Negotiation,2024-01-31,12,Online,Completed,61,72,14257
T006352,E02748,Project Management,2025-06-06,12,Blended,Completed,66,84,14984
T006353,E02748,GenAI for Business,2026-01-02,6,Classroom,Completed,48,74,13068
T006354,E02751,Advanced Excel,2026-02-04,2,Classroom,Completed,58,78,12967
T006355,E02751,GenAI for Business,2025-09-10,4,Blended,Completed,52,58,8214
T006356,E02751,Python Analytics,2025-12-14,4,Classroom,Incomplete,44,55,9813
T006357,E02751,Leadership Essentials,2024-09-25,2,Blended,Completed,43,52,5404
T006358,E02752,Advanced Excel,2025-08-25,2,Blended,Completed,78,100,5678
T006359,E02752,Power BI,2026-05-08,2,Blended,Completed,76,100,6831
T006360,E02752,Communication Skills,2026-07-24,24,Blended,Incomplete,49,63,4785
T006361,E02752,Project Management,2026-08-12,24,Classroom,Completed,73,79,14122
T006362,E02752,Negotiation,2025-11-26,6,Online,Completed,75,81,11578
T006363,E02754,Project Management,2026-07-04,8,Online,Completed,76,87,1984
T006364,E02755,GenAI for Business,2024-12-07,6,Blended,Completed,48,61,8206
T006365,E02755,Cloud Fundamentals,2025-09-10,16,Online,Completed,71,80,11913
T006366,E02756,Python Analytics,2024-07-02,6,Classroom,Completed,71,93,4819
T006367,E02756,GenAI for Business,2025-08-07,2,Online,Completed,62,71,2980
T006368,E02756,Cloud Fundamentals,2024-12-09,4,Classroom,Completed,47,55,1826
T006369,E02757,Data Privacy,2026-06-19,2,Classroom,Completed,75,83,5542
T006370,E02758,Advanced Excel,2024-08-22,2,Online,Completed,74,84,8187
T006371,E02758,Data Privacy,2025-12-25,12,Classroom,Completed,46,74,9043
T006372,E02759,Python Analytics,2024-01-27,6,Online,Completed,71,88,10352
T006373,E02759,Project Management,2024-02-15,2,Online,Completed,52,66,5588
T006374,E02760,Power BI,2025-05-26,2,Classroom,Completed,73,94,12119
T006375,E02760,GenAI for Business,2025-01-05,4,Online,Incomplete,65,71,4242
T006376,E02760,Data Privacy,2026-06-25,6,Blended,Completed,42,62,13640
T006377,E02761,Cloud Fundamentals,2026-08-31,12,Classroom,Completed,61,89,4989
T006378,E02761,Advanced Excel,2026-08-22,12,Blended,Completed,50,65,3163
T006379,E02762,Project Management,2024-06-11,2,Blended,Completed,46,55,1989
T006380,E02763,Python Analytics,2024-02-17,2,Blended,Completed,53,69,2498
T006381,E02764,Communication Skills,2026-07-04,8,Online,Completed,57,66,6024
T006382,E02764,Cloud Fundamentals,2024-06-18,12,Online,Completed,70,77,13286
T006383,E02764,Project Management,2026-01-29,24,Classroom,Incomplete,69,79,12932
T006384,E02764,GenAI for Business,2026-03-18,24,Online,Completed,68,75,12865
T006385,E02764,Negotiation,2025-11-27,24,Blended,Completed,62,83,6619
T006386,E02766,Advanced Excel,2026-05-09,4,Blended,Completed,46,62,2241
T006387,E02767,Communication Skills,2024-06-14,6,Classroom,Completed,66,82,5170
T006388,E02767,Negotiation,2024-02-26,12,Online,Incomplete,46,55,12040
T006389,E02769,Data Privacy,2024-03-21,6,Online,Completed,76,92,3630
T006390,E02770,Cloud Fundamentals,2026-01-07,8,Blended,Completed,45,64,14893
T006391,E02771,GenAI for Business,2024-12-23,2,Blended,Completed,46,60,3527
T006392,E02771,Communication Skills,2026-07-28,2,Blended,Completed,64,76,14671
T006393,E02771,Leadership Essentials,2025-07-22,4,Online,Completed,75,84,8157
T006394,E02771,Cloud Fundamentals,2026-03-26,6,Blended,Completed,49,69,4751
T006395,E02771,Power BI,2024-11-30,16,Blended,Completed,57,66,11834
T006396,E02772,Python Analytics,2026-01-30,6,Classroom,Completed,47,52,12267
T006397,E02772,Power BI,2026-01-07,2,Blended,Completed,66,83,10599
T006398,E02772,Leadership Essentials,2025-05-31,2,Blended,Completed,42,57,8853
T006399,E02772,Communication Skills,2026-02-17,6,Online,Completed,72,88,2790
T006400,E02773,Communication Skills,2026-03-18,6,Blended,Completed,41,57,6967
T006401,E02773,GenAI for Business,2026-07-03,4,Blended,Completed,47,66,10087
T006402,E02775,GenAI for Business,2026-06-28,24,Online,Completed,48,63,2047
T006403,E02775,Data Privacy,2026-05-14,24,Classroom,Completed,50,74,8205
T006404,E02776,GenAI for Business,2024-11-25,12,Online,Completed,69,96,3935
T006405,E02777,Negotiation,2025-12-22,16,Blended,Completed,59,71,10386
T006406,E02777,Negotiation,2025-09-28,24,Blended,Completed,76,82,14423
T006407,E02777,GenAI for Business,2024-10-08,12,Classroom,Completed,70,76,10473
T006408,E02778,Project Management,2024-10-09,12,Classroom,Completed,73,100,14250
T006409,E02778,Data Privacy,2025-05-22,6,Online,Completed,41,49,3818
T006410,E02778,Communication Skills,2024-10-30,4,Blended,Completed,44,58,12032
T006411,E02778,Project Management,2025-10-19,8,Online,Completed,43,71,2256
T006412,E02778,Project Management,2026-06-13,2,Classroom,Completed,70,90,10993
T006413,E02779,Negotiation,2025-03-18,2,Classroom,Completed,62,71,8908
T006414,E02779,Cloud Fundamentals,2025-01-29,16,Online,Completed,70,79,5559
T006415,E02782,Cloud Fundamentals,2025-05-24,6,Blended,Completed,46,59,5585
T006416,E02782,Cloud Fundamentals,2024-01-07,4,Online,Completed,52,62,1682
T006417,E02783,Communication Skills,2026-08-18,8,Blended,Completed,66,91,2933
T006418,E02783,Communication Skills,2026-08-23,24,Classroom,Incomplete,50,64,10090
T006419,E02783,Project Management,2026-08-15,6,Online,Completed,70,96,10083
T006420,E02783,Python Analytics,2026-08-16,4,Online,Completed,41,67,2979
T006421,E02784,Python Analytics,2026-08-08,12,Blended,Completed,46,60,11453
T006422,E02784,Python Analytics,2026-03-03,16,Blended,Incomplete,67,92,10175
T006423,E02784,Negotiation,2025-05-04,6,Online,Completed,50,64,12703
T006424,E02784,Project Management,2025-02-22,6,Online,Completed,50,74,5375
T006425,E02785,Advanced Excel,2025-04-03,24,Blended,Incomplete,45,70,7425
T006426,E02785,GenAI for Business,2026-04-14,12,Online,Completed,72,92,12450
T006427,E02785,Leadership Essentials,2025-07-16,12,Online,Completed,43,49,2992
T006428,E02785,Data Privacy,2026-01-20,16,Blended,Completed,76,96,14416
T006429,E02785,GenAI for Business,2026-02-07,24,Online,Completed,41,60,4786
T006430,E02787,Cloud Fundamentals,2026-03-14,4,Classroom,Completed,70,78,9454
T006431,E02787,Cloud Fundamentals,2026-06-02,16,Classroom,Completed,52,63,5992
T006432,E02787,Communication Skills,2025-04-13,2,Blended,Completed,65,73,14520
T006433,E02787,Leadership Essentials,2026-01-10,24,Classroom,Completed,50,78,14183
T006434,E02788,Leadership Essentials,2026-06-18,24,Classroom,Completed,68,84,5046
T006435,E02788,Leadership Essentials,2026-08-27,6,Online,Completed,78,100,2571
T006436,E02788,Power BI,2026-08-31,24,Online,Completed,71,99,14697
T006437,E02788,Advanced Excel,2026-06-30,12,Online,Completed,45,58,2733
T006438,E02788,Power BI,2026-07-11,4,Online,Completed,75,88,2160
T006439,E02790,Cloud Fundamentals,2024-02-13,24,Online,Completed,53,72,10157
T006440,E02790,Cloud Fundamentals,2024-04-10,24,Blended,Completed,71,83,4511
T006441,E02790,GenAI for Business,2024-03-17,12,Classroom,Completed,44,58,9305
T006442,E02791,Advanced Excel,2026-02-26,16,Online,Completed,69,80,3493
T006443,E02791,Advanced Excel,2025-01-12,16,Classroom,Completed,46,59,5358
T006444,E02792,Advanced Excel,2024-02-05,6,Online,Completed,48,53,3626
T006445,E02792,Python Analytics,2026-04-21,6,Online,Incomplete,42,48,12846
T006446,E02792,GenAI for Business,2024-08-06,4,Classroom,Completed,57,80,12060
T006447,E02792,Negotiation,2025-11-04,6,Blended,Completed,40,64,5451
T006448,E02793,Leadership Essentials,2025-05-22,12,Classroom,Completed,73,96,6796
T006449,E02793,Python Analytics,2024-05-05,8,Blended,Completed,66,83,10035
T006450,E02793,Project Management,2024-02-24,24,Blended,Completed,60,71,1865
T006451,E02793,GenAI for Business,2026-01-12,24,Classroom,Completed,47,64,9384
T006452,E02795,Communication Skills,2025-11-28,24,Classroom,Completed,50,75,2547
T006453,E02795,Advanced Excel,2024-03-29,6,Classroom,Completed,56,65,8140
T006454,E02795,Python Analytics,2025-08-20,12,Blended,Incomplete,59,68,11749
T006455,E02796,Advanced Excel,2025-07-18,24,Blended,Completed,66,90,8643
T006456,E02796,Negotiation,2024-03-28,16,Blended,Completed,52,61,6307
T006457,E02796,GenAI for Business,2025-02-22,4,Classroom,Completed,61,68,11768
T006458,E02797,Python Analytics,2026-01-27,12,Classroom,Completed,58,66,1808
T006459,E02797,Negotiation,2026-01-20,2,Classroom,Completed,50,64,4468
T006460,E02797,Power BI,2025-11-08,6,Online,Completed,57,65,4634
T006461,E02797,Cloud Fundamentals,2025-02-27,6,Online,Incomplete,59,85,5816
T006462,E02798,Cloud Fundamentals,2024-01-15,16,Classroom,Completed,42,50,10235
T006463,E02799,Project Management,2026-03-28,6,Blended,Completed,42,54,7971
T006464,E02799,GenAI for Business,2026-04-20,6,Blended,Completed,54,73,6193
T006465,E02799,Leadership Essentials,2024-07-22,4,Classroom,Completed,61,67,3837
T006466,E02800,Negotiation,2025-04-19,8,Blended,Completed,75,91,12016
T006467,E02800,Advanced Excel,2025-12-22,6,Blended,Completed,66,86,11200
T006468,E02801,Project Management,2025-09-22,4,Online,Completed,63,88,9921
T006469,E02801,Project Management,2025-11-17,12,Blended,Completed,64,80,9706
T006470,E02802,Python Analytics,2026-07-17,8,Online,Completed,59,71,2339
T006471,E02802,Leadership Essentials,2026-01-13,24,Blended,Completed,70,87,4016
T006472,E02802,Project Management,2025-03-22,8,Classroom,Completed,42,62,10987
T006473,E02802,Python Analytics,2025-04-11,2,Online,Completed,52,67,12477
T006474,E02804,Advanced Excel,2025-07-26,12,Online,Completed,74,80,7497
T006475,E02804,Advanced Excel,2025-09-16,2,Blended,Completed,71,83,10336
T006476,E02805,Power BI,2024-01-24,2,Online,Completed,77,82,12067
T006477,E02805,Negotiation,2024-04-18,8,Online,Completed,55,83,12338
T006478,E02805,Power BI,2024-08-10,12,Blended,Completed,58,76,14126
T006479,E02806,Python Analytics,2024-11-24,2,Classroom,Completed,57,71,7104
T006480,E02806,Project Management,2026-06-25,6,Online,Completed,72,100,10194
T006481,E02806,Communication Skills,2024-08-31,16,Classroom,Completed,60,79,10711
T006482,E02807,Communication Skills,2024-10-21,24,Blended,Incomplete,43,62,13465
T006483,E02807,Advanced Excel,2024-11-07,12,Blended,Incomplete,68,89,5686
T006484,E02807,GenAI for Business,2024-09-30,16,Classroom,Completed,42,63,2785
T006485,E02808,Python Analytics,2024-03-08,24,Classroom,Completed,63,85,10977
T006486,E02809,Leadership Essentials,2025-01-02,16,Online,Completed,75,96,3658
T006487,E02811,GenAI for Business,2026-07-13,24,Online,Completed,50,64,2652
T006488,E02811,Negotiation,2024-05-06,24,Online,Completed,59,64,13464
T006489,E02811,Data Privacy,2024-03-31,2,Blended,Completed,66,82,10151
T006490,E02811,Communication Skills,2024-11-30,16,Classroom,Completed,54,66,5239
T006491,E02812,Advanced Excel,2024-05-05,2,Classroom,Completed,68,75,10249
T006492,E02812,Communication Skills,2024-10-31,12,Blended,Completed,53,61,11874
T006493,E02813,Project Management,2025-05-09,16,Blended,Completed,69,84,11429
T006494,E02813,Project Management,2025-02-06,2,Online,Completed,62,70,6292
T006495,E02813,Python Analytics,2025-04-17,12,Classroom,Incomplete,66,93,7161
T006496,E02813,Advanced Excel,2025-03-17,6,Blended,Completed,40,68,14385
T006497,E02815,Communication Skills,2026-02-28,24,Classroom,Completed,77,95,7680
T006498,E02815,Python Analytics,2026-02-14,24,Online,Completed,45,57,11595
T006499,E02816,Data Privacy,2025-03-09,6,Online,Completed,40,67,1738
T006500,E02816,Python Analytics,2024-04-09,2,Blended,Completed,55,75,9396
T006501,E02816,Data Privacy,2024-05-21,24,Blended,Completed,71,86,3203
T006502,E02817,Communication Skills,2026-03-26,12,Blended,Completed,46,70,12969
T006503,E02817,Power BI,2025-07-13,8,Classroom,Completed,55,74,9827
T006504,E02817,Project Management,2025-06-29,16,Classroom,Completed,49,64,14277
T006505,E02817,Advanced Excel,2024-01-30,24,Blended,Completed,53,69,12907
T006506,E02817,Python Analytics,2026-04-03,2,Classroom,Completed,52,73,9677
T006507,E02818,Negotiation,2026-06-15,16,Online,Completed,57,79,5138
T006508,E02818,Negotiation,2026-08-02,2,Online,Completed,49,62,2480
T006509,E02819,Advanced Excel,2025-01-05,2,Blended,Completed,65,70,7152
T006510,E02819,Project Management,2025-09-30,24,Blended,Completed,47,67,4464
T006511,E02819,Cloud Fundamentals,2025-04-13,4,Blended,Completed,51,56,9729
T006512,E02820,Negotiation,2025-01-06,6,Blended,Completed,43,71,5811
T006513,E02820,Leadership Essentials,2024-11-30,16,Classroom,Completed,76,100,1728
T006514,E02820,Project Management,2025-02-25,2,Classroom,Incomplete,41,48,10568
T006515,E02820,Python Analytics,2025-07-14,24,Online,Completed,66,92,11520
T006516,E02821,Advanced Excel,2025-01-14,8,Blended,Completed,65,73,9968
T006517,E02822,Data Privacy,2025-04-12,4,Blended,Completed,65,93,9766
T006518,E02822,Cloud Fundamentals,2025-04-20,4,Classroom,Completed,56,70,9746
T006519,E02822,Advanced Excel,2024-12-15,4,Blended,Completed,52,65,10790
T006520,E02822,Project Management,2025-02-08,4,Blended,Incomplete,62,73,2184
T006521,E02824,Advanced Excel,2025-07-11,16,Blended,Completed,56,77,6411
T006522,E02826,GenAI for Business,2024-01-20,16,Online,Completed,75,92,3763
T006523,E02826,Negotiation,2024-09-04,16,Classroom,Completed,56,73,12084
T006524,E02826,Leadership Essentials,2024-12-25,12,Blended,Completed,51,60,6948
T006525,E02827,Advanced Excel,2024-01-01,24,Classroom,Incomplete,42,66,4496
T006526,E02827,Cloud Fundamentals,2026-08-07,16,Blended,Completed,70,84,14766
T006527,E02827,Advanced Excel,2024-09-30,4,Blended,Completed,64,83,13927
T006528,E02827,Project Management,2024-02-18,8,Classroom,Incomplete,77,100,7513
T006529,E02828,Communication Skills,2024-07-07,4,Online,Completed,75,100,5029
T006530,E02830,GenAI for Business,2026-08-21,12,Classroom,Completed,42,57,2224
T006531,E02830,Data Privacy,2026-08-21,6,Online,Completed,73,87,14596
T006532,E02830,Project Management,2026-08-16,12,Online,Completed,52,66,4527
T006533,E02830,Negotiation,2026-08-11,24,Blended,Incomplete,45,50,10380
T006534,E02830,Cloud Fundamentals,2026-08-27,6,Blended,Completed,74,98,13554
T006535,E02832,Communication Skills,2026-02-26,6,Blended,Completed,55,71,4120
T006536,E02832,Advanced Excel,2024-11-25,16,Online,Completed,78,95,3169
T006537,E02832,Power BI,2026-07-21,12,Online,Completed,63,82,7872
T006538,E02833,Cloud Fundamentals,2026-07-13,24,Online,Completed,45,54,5079
T006539,E02834,Negotiation,2024-07-28,8,Blended,Completed,66,92,11757
T006540,E02834,GenAI for Business,2025-06-08,4,Blended,Completed,72,86,12091
T006541,E02834,Communication Skills,2025-01-02,16,Classroom,Completed,69,77,5748
T006542,E02834,Leadership Essentials,2026-05-23,16,Blended,Completed,67,78,13452
T006543,E02835,Advanced Excel,2026-08-13,16,Blended,Completed,71,81,7201
T006544,E02836,GenAI for Business,2025-10-30,6,Online,Completed,72,86,12401
T006545,E02836,Data Privacy,2025-08-26,4,Blended,Completed,68,84,7542
T006546,E02836,Communication Skills,2024-06-18,8,Classroom,Completed,57,77,14899
T006547,E02836,Communication Skills,2025-11-06,6,Classroom,Completed,57,85,13653
T006548,E02836,Power BI,2024-04-08,8,Blended,Completed,68,80,1525
T006549,E02837,Advanced Excel,2024-07-25,12,Online,Completed,55,80,13357
T006550,E02837,Negotiation,2025-01-05,6,Classroom,Completed,59,81,13421
T006551,E02838,Data Privacy,2026-03-17,12,Blended,Completed,57,82,2640
T006552,E02838,Python Analytics,2024-01-16,6,Blended,Completed,69,89,14283
T006553,E02838,Negotiation,2026-04-26,6,Online,Completed,49,62,14685
T006554,E02838,Power BI,2026-05-01,12,Blended,Completed,66,89,3338
T006555,E02840,Communication Skills,2024-10-24,2,Blended,Completed,48,61,4842
T006556,E02840,Communication Skills,2024-06-03,4,Blended,Completed,72,82,4411
T006557,E02841,Power BI,2026-01-28,6,Blended,Completed,69,75,8575
T006558,E02841,Advanced Excel,2024-12-06,8,Online,Completed,51,72,12386
T006559,E02841,Power BI,2024-04-10,8,Classroom,Completed,61,78,13834
T006560,E02841,Negotiation,2026-07-02,24,Classroom,Completed,44,67,3211
T006561,E02842,Project Management,2025-06-05,6,Classroom,Completed,52,65,4580
T006562,E02843,Negotiation,2025-08-30,24,Blended,Completed,68,82,14194
T006563,E02843,Negotiation,2025-06-22,4,Blended,Completed,55,63,10474
T006564,E02843,Leadership Essentials,2025-09-15,2,Classroom,Completed,68,91,10475
T006565,E02843,Negotiation,2024-11-20,24,Online,Completed,73,93,12316
T006566,E02844,Project Management,2024-12-13,2,Online,Completed,60,81,1859
T006567,E02845,GenAI for Business,2026-05-15,6,Blended,Completed,47,70,13236
T006568,E02849,Advanced Excel,2024-10-21,6,Classroom,Completed,53,79,6663
T006569,E02849,Cloud Fundamentals,2024-10-17,24,Classroom,Completed,43,53,7884
T006570,E02849,Communication Skills,2026-05-31,24,Classroom,Completed,60,81,12934
T006571,E02849,Project Management,2025-10-03,8,Blended,Completed,59,78,1547
T006572,E02849,Cloud Fundamentals,2025-08-16,24,Classroom,Completed,59,70,7356
T006573,E02850,Data Privacy,2025-06-17,4,Online,Completed,44,59,10841
T006574,E02850,Communication Skills,2026-05-06,8,Blended,Completed,42,51,4220
T006575,E02850,Project Management,2025-08-17,8,Blended,Completed,56,83,9254
T006576,E02850,Data Privacy,2025-11-09,16,Online,Completed,77,85,11786
T006577,E02850,Python Analytics,2026-02-02,12,Classroom,Completed,50,60,13884
T006578,E02851,Leadership Essentials,2024-06-21,4,Online,Completed,66,76,13038
T006579,E02852,GenAI for Business,2024-07-29,8,Online,Completed,70,83,1752
T006580,E02852,GenAI for Business,2025-09-25,4,Classroom,Incomplete,44,68,2667
T006581,E02853,Advanced Excel,2025-08-19,16,Online,Completed,65,81,14896
T006582,E02853,Python Analytics,2026-06-24,4,Online,Completed,44,53,7144
T006583,E02853,Python Analytics,2026-02-26,24,Blended,Completed,69,79,5417
T006584,E02853,Communication Skills,2025-11-02,6,Blended,Completed,51,66,8873
T006585,E02853,Power BI,2026-07-28,24,Classroom,Completed,51,62,2745
T006586,E02854,Python Analytics,2026-07-09,16,Blended,Completed,62,72,12797
T006587,E02855,Power BI,2026-07-03,8,Classroom,Completed,78,92,13524
T006588,E02856,Python Analytics,2025-11-08,6,Blended,Completed,51,59,2224
T006589,E02856,Project Management,2025-10-17,2,Blended,Completed,71,80,4274
T006590,E02857,Project Management,2026-07-27,16,Blended,Completed,66,89,11608
T006591,E02857,Leadership Essentials,2026-07-25,4,Blended,Completed,51,78,9660
T006592,E02857,Data Privacy,2026-08-02,6,Blended,Completed,46,54,13174
T006593,E02857,Project Management,2026-08-13,12,Online,Completed,52,59,7575
T006594,E02857,Power BI,2026-08-17,4,Classroom,Completed,44,55,10092
T006595,E02859,Communication Skills,2024-07-28,6,Online,Incomplete,70,77,9033
T006596,E02859,Communication Skills,2026-04-12,12,Classroom,Completed,55,66,1897
T006597,E02859,Cloud Fundamentals,2024-12-24,8,Online,Completed,47,52,12491
T006598,E02859,Power BI,2024-09-16,16,Online,Completed,61,73,13309
T006599,E02859,GenAI for Business,2025-10-09,2,Online,Completed,56,68,7565
T006600,E02860,Project Management,2025-10-28,6,Blended,Completed,72,85,10716
T006601,E02860,Negotiation,2026-04-10,6,Blended,Completed,43,61,14879
T006602,E02860,Negotiation,2024-03-18,4,Online,Completed,48,70,4773
T006603,E02860,Power BI,2024-03-04,24,Classroom,Completed,77,94,4796
T006604,E02860,Project Management,2026-02-12,16,Blended,Incomplete,62,86,9513
T006605,E02861,GenAI for Business,2024-03-21,8,Classroom,Completed,45,72,10453
T006606,E02861,Negotiation,2025-03-11,2,Online,Completed,68,84,9555
T006607,E02861,Negotiation,2025-02-02,4,Online,Completed,58,86,1858
T006608,E02861,GenAI for Business,2026-03-26,16,Classroom,Completed,52,57,7980
T006609,E02861,Cloud Fundamentals,2025-05-15,4,Blended,Completed,75,85,3687
T006610,E02862,Communication Skills,2025-08-02,6,Classroom,Completed,47,71,2670
T006611,E02862,Power BI,2024-09-29,6,Blended,Completed,61,76,13669
T006612,E02862,Negotiation,2026-02-08,12,Online,Completed,64,74,2323
T006613,E02862,Advanced Excel,2026-08-01,6,Classroom,Completed,76,96,4130
T006614,E02863,Negotiation,2026-01-25,4,Online,Completed,58,73,13940
T006615,E02863,Leadership Essentials,2024-07-25,2,Blended,Completed,42,53,4825
T006616,E02863,Cloud Fundamentals,2025-07-19,4,Blended,Completed,59,79,8439
T006617,E02863,GenAI for Business,2024-06-20,6,Classroom,Completed,68,92,10975
T006618,E02863,Data Privacy,2024-08-13,8,Classroom,Completed,49,75,11306
T006619,E02864,Negotiation,2025-05-17,4,Online,Completed,43,63,9839
T006620,E02864,Cloud Fundamentals,2025-08-27,8,Blended,Incomplete,53,75,8073
T006621,E02864,Data Privacy,2025-07-17,2,Classroom,Completed,71,93,14153
T006622,E02865,Project Management,2026-03-30,8,Online,Completed,44,64,12688
T006623,E02865,Cloud Fundamentals,2024-11-25,12,Blended,Completed,77,89,2564
T006624,E02865,Cloud Fundamentals,2026-03-28,6,Online,Completed,74,82,11973
T006625,E02865,Data Privacy,2025-01-22,4,Online,Completed,65,71,1745
T006626,E02866,Advanced Excel,2024-05-08,8,Blended,Completed,61,82,4559
T006627,E02866,Python Analytics,2025-03-20,16,Online,Completed,71,89,8795
T006628,E02870,GenAI for Business,2024-03-24,16,Classroom,Completed,77,92,13745
T006629,E02871,Leadership Essentials,2024-12-06,16,Classroom,Completed,57,74,2215
T006630,E02871,Communication Skills,2024-11-30,12,Classroom,Completed,42,65,5152
T006631,E02871,Power BI,2025-05-04,2,Classroom,Completed,47,52,9106
T006632,E02871,Data Privacy,2026-03-14,4,Classroom,Completed,70,81,10743
T006633,E02871,Power BI,2024-10-01,12,Blended,Completed,66,86,13045
T006634,E02873,Negotiation,2026-07-03,4,Online,Completed,42,61,2894
T006635,E02873,Cloud Fundamentals,2024-04-10,16,Blended,Completed,75,95,9166
T006636,E02875,Negotiation,2026-01-15,16,Online,Completed,43,61,5345
T006637,E02875,GenAI for Business,2026-04-15,24,Online,Completed,42,58,4619
T006638,E02877,Communication Skills,2026-04-29,24,Online,Incomplete,70,83,3813
T006639,E02877,Project Management,2026-05-30,2,Blended,Completed,52,78,12298
T006640,E02877,Power BI,2026-06-11,2,Blended,Completed,78,89,12464
T006641,E02877,Negotiation,2026-06-13,8,Blended,Completed,71,88,4312
T006642,E02877,Project Management,2026-06-14,16,Blended,Completed,57,69,4815
T006643,E02878,Negotiation,2026-01-23,16,Blended,Incomplete,42,55,14480
T006644,E02878,Leadership Essentials,2026-08-02,8,Blended,Completed,43,51,7080
T006645,E02879,Negotiation,2026-06-11,16,Online,Completed,52,75,8981
T006646,E02879,Communication Skills,2024-06-22,8,Online,Completed,65,81,3242
T006647,E02879,Power BI,2024-03-16,2,Online,Completed,62,86,11912
T006648,E02882,Leadership Essentials,2024-12-07,4,Classroom,Completed,55,79,4215
T006649,E02882,Leadership Essentials,2025-02-17,16,Blended,Completed,64,81,10462
T006650,E02883,Leadership Essentials,2026-05-13,6,Online,Completed,42,70,2908
T006651,E02883,Power BI,2026-02-08,2,Classroom,Completed,44,57,9251
T006652,E02885,Negotiation,2026-03-29,12,Online,Completed,68,79,10581
T006653,E02885,Data Privacy,2025-02-25,2,Classroom,Completed,69,95,10082
T006654,E02885,Python Analytics,2024-10-21,4,Classroom,Completed,75,95,7471
T006655,E02885,Data Privacy,2025-09-16,12,Online,Incomplete,65,90,11067
T006656,E02885,Advanced Excel,2025-10-21,24,Online,Completed,40,60,10406
T006657,E02886,Cloud Fundamentals,2025-10-02,24,Blended,Completed,76,84,2820
T006658,E02886,Power BI,2026-06-20,8,Blended,Completed,77,87,6840
T006659,E02886,Negotiation,2026-06-29,24,Classroom,Completed,67,87,12011
T006660,E02886,GenAI for Business,2025-07-01,16,Online,Completed,43,52,6331
T006661,E02886,Cloud Fundamentals,2025-03-14,24,Classroom,Completed,63,82,12758
T006662,E02887,Communication Skills,2026-01-29,12,Blended,Completed,65,85,14676
T006663,E02887,Project Management,2024-12-27,16,Classroom,Completed,77,87,7631
T006664,E02888,Leadership Essentials,2024-06-08,4,Online,Completed,47,53,10985
T006665,E02888,Communication Skills,2024-03-13,8,Blended,Completed,73,97,3530
T006666,E02888,Cloud Fundamentals,2024-09-02,16,Blended,Completed,51,64,1782
T006667,E02889,Power BI,2026-02-16,6,Classroom,Completed,57,72,9138
T006668,E02889,Project Management,2024-08-14,2,Classroom,Completed,52,74,9069
T006669,E02889,Advanced Excel,2025-10-10,4,Online,Completed,72,93,6464
T006670,E02890,Data Privacy,2024-11-14,4,Classroom,Completed,48,67,13805
T006671,E02892,Communication Skills,2025-07-28,4,Online,Completed,44,50,14787
T006672,E02892,Cloud Fundamentals,2026-02-14,16,Online,Completed,50,65,11024
T006673,E02893,Communication Skills,2026-02-19,24,Blended,Completed,42,54,2856
T006674,E02894,Communication Skills,2026-07-27,8,Online,Completed,48,64,11018
T006675,E02894,Power BI,2026-07-14,24,Online,Completed,47,64,2182
T006676,E02894,Cloud Fundamentals,2026-07-29,12,Classroom,Completed,66,83,10152
T006677,E02895,Cloud Fundamentals,2025-06-06,12,Classroom,Completed,45,52,1721
T006678,E02895,GenAI for Business,2025-06-02,12,Classroom,Completed,40,60,12366
T006679,E02895,Advanced Excel,2024-09-16,6,Online,Completed,48,64,8491
T006680,E02896,Cloud Fundamentals,2026-04-24,24,Online,Completed,54,73,8162
T006681,E02896,Cloud Fundamentals,2024-05-06,2,Classroom,Completed,47,65,14160
T006682,E02896,Data Privacy,2024-07-30,12,Blended,Completed,51,56,7630
T006683,E02896,GenAI for Business,2026-03-14,24,Blended,Incomplete,70,88,1828
T006684,E02896,Communication Skills,2024-11-01,24,Classroom,Completed,67,92,13056
T006685,E02897,Data Privacy,2025-04-20,24,Blended,Completed,55,63,1952
T006686,E02897,Advanced Excel,2026-03-21,16,Online,Completed,53,62,14059
T006687,E02897,Leadership Essentials,2024-01-04,4,Online,Completed,62,78,7899
T006688,E02897,Python Analytics,2025-05-19,24,Classroom,Completed,51,63,13691
T006689,E02898,Power BI,2025-04-12,4,Classroom,Completed,66,86,6906
T006690,E02898,Project Management,2025-07-04,12,Online,Completed,78,100,3991
T006691,E02898,Project Management,2024-02-04,6,Classroom,Completed,67,80,10437
T006692,E02898,Power BI,2024-06-20,8,Online,Completed,48,59,2071
T006693,E02899,Python Analytics,2024-06-04,6,Online,Completed,64,74,6631
T006694,E02899,Power BI,2024-08-06,16,Online,Completed,51,75,13766
T006695,E02899,Python Analytics,2024-06-16,4,Online,Completed,52,79,14816
T006696,E02899,GenAI for Business,2024-07-27,2,Blended,Completed,65,91,5417
T006697,E02900,Communication Skills,2024-12-24,12,Blended,Completed,69,74,8265
T006698,E02900,Power BI,2024-06-16,2,Blended,Completed,67,78,8178
T006699,E02901,Project Management,2026-05-11,12,Blended,Completed,64,83,5265
T006700,E02901,Data Privacy,2025-06-08,6,Classroom,Completed,73,100,6024
T006701,E02902,Power BI,2024-04-17,12,Blended,Completed,64,89,4079
T006702,E02903,Power BI,2026-07-12,8,Blended,Completed,59,71,12794
T006703,E02903,Power BI,2024-07-05,2,Blended,Completed,40,53,6267
T006704,E02904,Advanced Excel,2025-06-08,16,Classroom,Completed,73,79,7050
T006705,E02904,Negotiation,2025-04-22,12,Online,Completed,43,63,3878
T006706,E02904,GenAI for Business,2025-04-04,4,Blended,Completed,69,92,13059
T006707,E02904,Cloud Fundamentals,2026-07-01,2,Classroom,Completed,72,81,8159
T006708,E02905,GenAI for Business,2026-03-11,12,Blended,Completed,47,53,11072
T006709,E02905,GenAI for Business,2025-09-04,16,Classroom,Completed,62,84,12383
T006710,E02905,Python Analytics,2026-08-21,4,Classroom,Completed,72,83,11890
T006711,E02905,Data Privacy,2025-07-10,6,Online,Completed,41,59,1775
T006712,E02905,GenAI for Business,2026-03-27,24,Blended,Completed,73,95,7105
T006713,E02906,Advanced Excel,2024-03-31,24,Blended,Completed,67,86,4281
T006714,E02906,Communication Skills,2025-04-20,24,Blended,Completed,46,58,5752
T006715,E02906,Leadership Essentials,2025-02-19,4,Classroom,Completed,53,61,10068
T006716,E02906,Power BI,2024-10-17,16,Blended,Completed,67,87,6113
T006717,E02906,Communication Skills,2024-11-13,6,Online,Completed,74,83,4147
T006718,E02907,Data Privacy,2024-09-19,16,Blended,Completed,49,69,9783
T006719,E02907,Python Analytics,2025-05-29,16,Online,Completed,74,87,7622
T006720,E02908,Advanced Excel,2025-01-29,24,Classroom,Completed,61,69,3529
T006721,E02908,Communication Skills,2025-05-04,4,Blended,Completed,77,100,8952
T006722,E02911,Cloud Fundamentals,2025-10-19,16,Classroom,Incomplete,48,53,4569
T006723,E02911,Negotiation,2026-01-12,6,Blended,Completed,70,90,2876
T006724,E02912,Data Privacy,2026-03-21,24,Online,Incomplete,78,100,10702
T006725,E02912,Communication Skills,2026-02-08,2,Classroom,Completed,64,85,4778
T006726,E02913,Power BI,2025-02-11,6,Blended,Completed,72,77,13366
T006727,E02913,GenAI for Business,2025-02-09,12,Blended,Completed,67,84,11287
T006728,E02913,Power BI,2025-01-03,16,Online,Completed,42,60,6732
T006729,E02913,Cloud Fundamentals,2025-04-11,24,Classroom,Completed,66,79,10914
T006730,E02914,Cloud Fundamentals,2026-07-30,12,Online,Completed,67,86,1624
T006731,E02915,Project Management,2024-10-29,6,Online,Completed,41,59,3147
T006732,E02915,Communication Skills,2026-02-20,24,Online,Completed,69,88,3163
T006733,E02916,Advanced Excel,2024-10-30,16,Classroom,Completed,52,70,13663
T006734,E02916,Python Analytics,2025-11-14,24,Blended,Completed,64,82,4126
T006735,E02916,Data Privacy,2026-05-24,2,Classroom,Completed,41,63,1948
T006736,E02917,Data Privacy,2026-02-12,12,Blended,Completed,57,85,13276
T006737,E02917,GenAI for Business,2025-01-31,12,Classroom,Incomplete,45,64,2989
T006738,E02920,Project Management,2026-07-14,12,Online,Completed,44,66,10821
T006739,E02920,Cloud Fundamentals,2026-03-21,6,Classroom,Incomplete,76,100,5821
T006740,E02920,Leadership Essentials,2026-02-12,16,Online,Incomplete,43,49,12510
T006741,E02920,Advanced Excel,2026-02-03,8,Blended,Completed,69,94,2057
T006742,E02922,Communication Skills,2026-01-21,8,Blended,Incomplete,67,81,3604
T006743,E02922,Advanced Excel,2025-09-15,8,Blended,Completed,58,68,11922
T006744,E02922,GenAI for Business,2026-05-14,6,Online,Completed,49,77,9735
T006745,E02922,Advanced Excel,2024-08-26,8,Classroom,Completed,44,56,14755
T006746,E02923,Data Privacy,2026-05-13,8,Online,Completed,64,82,10877
T006747,E02923,Advanced Excel,2026-03-31,24,Classroom,Completed,48,72,5684
T006748,E02923,GenAI for Business,2025-05-12,8,Classroom,Completed,71,88,10170
T006749,E02923,Cloud Fundamentals,2026-01-27,4,Online,Completed,40,45,12196
T006750,E02923,Python Analytics,2026-02-13,24,Classroom,Completed,61,75,6078
T006751,E02924,Power BI,2024-08-12,4,Online,Completed,52,71,9484
T006752,E02924,Communication Skills,2026-07-07,4,Online,Completed,61,88,9004
T006753,E02925,Communication Skills,2025-08-27,8,Blended,Incomplete,62,89,13882
T006754,E02925,Power BI,2024-03-01,6,Classroom,Completed,71,77,12953
T006755,E02925,Project Management,2025-06-12,24,Online,Incomplete,65,82,9440
T006756,E02926,Communication Skills,2024-05-25,8,Blended,Completed,78,94,3158
T006757,E02926,Leadership Essentials,2025-02-07,6,Blended,Completed,53,71,13432
T006758,E02926,Negotiation,2026-04-17,24,Classroom,Completed,49,76,7512
T006759,E02928,Communication Skills,2025-03-11,12,Online,Completed,74,97,4302
T006760,E02929,Power BI,2026-08-09,6,Classroom,Completed,70,93,13525
T006761,E02929,Advanced Excel,2026-02-01,2,Online,Completed,67,93,9335
T006762,E02930,Cloud Fundamentals,2024-09-08,16,Blended,Completed,63,81,8314
T006763,E02932,Power BI,2026-04-29,8,Classroom,Completed,50,60,6504
T006764,E02932,Data Privacy,2026-08-26,2,Classroom,Completed,63,78,6633
T006765,E02932,Power BI,2026-05-11,2,Blended,Completed,52,71,14714
T006766,E02932,Project Management,2026-03-26,6,Classroom,Completed,45,56,4129
T006767,E02932,Advanced Excel,2025-09-19,12,Online,Incomplete,53,71,2741
T006768,E02933,Negotiation,2025-06-20,4,Blended,Completed,44,65,5939
T006769,E02933,Cloud Fundamentals,2026-01-18,8,Online,Completed,67,74,11625
T006770,E02933,Power BI,2024-03-10,2,Online,Completed,63,88,1840
T006771,E02933,Communication Skills,2026-06-07,8,Classroom,Completed,43,49,6188
T006772,E02933,Project Management,2025-10-19,24,Blended,Completed,74,95,12127
T006773,E02934,GenAI for Business,2026-07-11,24,Classroom,Completed,71,77,3328
T006774,E02934,GenAI for Business,2024-09-08,2,Online,Incomplete,73,96,5940
T006775,E02934,Leadership Essentials,2025-06-04,16,Blended,Completed,72,97,6835
T006776,E02934,Leadership Essentials,2025-09-14,8,Online,Completed,43,54,3707
T006777,E02934,Negotiation,2025-07-06,6,Blended,Completed,63,84,2564
T006778,E02935,Python Analytics,2024-02-28,6,Blended,Completed,44,55,14312
T006779,E02935,Project Management,2024-05-30,2,Online,Completed,71,86,10673
T006780,E02936,Cloud Fundamentals,2025-07-18,24,Blended,Completed,77,100,5780
T006781,E02936,GenAI for Business,2026-07-04,16,Blended,Completed,68,74,1683
T006782,E02937,Negotiation,2026-02-05,8,Online,Completed,56,75,10733
T006783,E02937,Communication Skills,2024-01-31,6,Online,Completed,50,75,10533
T006784,E02938,Python Analytics,2024-03-08,6,Blended,Completed,70,79,6909
T006785,E02938,Project Management,2026-03-30,24,Online,Completed,55,75,14235
T006786,E02938,Cloud Fundamentals,2024-02-17,2,Online,Completed,49,57,14172
T006787,E02938,Power BI,2026-05-02,16,Blended,Completed,50,64,7528
T006788,E02938,Python Analytics,2024-09-08,16,Online,Completed,74,84,12667
T006789,E02939,Leadership Essentials,2026-04-28,2,Online,Completed,51,63,11864
T006790,E02940,Leadership Essentials,2025-07-04,12,Classroom,Completed,78,94,8912
T006791,E02940,Cloud Fundamentals,2026-08-13,16,Blended,Completed,68,87,8080
T006792,E02940,Negotiation,2025-10-14,16,Online,Completed,69,75,13130
T006793,E02940,Project Management,2024-03-09,8,Online,Incomplete,55,82,7351
T006794,E02941,Communication Skills,2024-11-03,4,Classroom,Completed,66,71,1560
T006795,E02941,Negotiation,2024-04-01,2,Online,Incomplete,77,100,10847
T006796,E02941,Leadership Essentials,2026-06-20,6,Classroom,Incomplete,69,79,2211
T006797,E02941,Power BI,2024-04-26,8,Blended,Completed,54,74,8088
T006798,E02941,Project Management,2026-08-17,2,Online,Completed,78,85,10388
T006799,E02942,Power BI,2025-09-07,8,Blended,Completed,59,66,13245
T006800,E02942,Negotiation,2026-03-24,2,Classroom,Completed,58,81,11336
T006801,E02943,Negotiation,2026-04-20,2,Blended,Completed,45,73,6578
T006802,E02943,Cloud Fundamentals,2026-08-28,24,Blended,Completed,76,81,6616
T006803,E02943,Data Privacy,2024-03-06,12,Classroom,Completed,76,92,6119
T006804,E02943,Leadership Essentials,2025-04-16,6,Blended,Completed,54,71,13789
T006805,E02943,Project Management,2024-12-05,4,Online,Completed,51,71,10045
T006806,E02944,Communication Skills,2024-07-19,12,Blended,Completed,47,52,2759
T006807,E02946,Leadership Essentials,2024-03-20,2,Blended,Completed,65,76,7921
T006808,E02946,Communication Skills,2026-04-13,2,Classroom,Completed,50,72,5099
T006809,E02946,Python Analytics,2025-02-01,12,Classroom,Completed,68,92,13843
T006810,E02949,Negotiation,2026-08-12,6,Online,Completed,49,69,5539
T006811,E02949,Cloud Fundamentals,2026-08-31,6,Online,Completed,57,66,2992
T006812,E02949,Power BI,2026-01-29,8,Blended,Completed,78,88,1712
T006813,E02951,Leadership Essentials,2024-08-11,2,Online,Completed,49,57,13794
T006814,E02951,Data Privacy,2024-11-25,24,Blended,Completed,58,83,9646
T006815,E02951,Power BI,2026-07-10,24,Online,Completed,58,83,4653
T006816,E02951,GenAI for Business,2024-10-18,16,Online,Completed,48,58,13880
T006817,E02951,Leadership Essentials,2024-04-30,16,Blended,Completed,69,92,11623
T006818,E02954,Project Management,2024-08-13,4,Blended,Completed,72,92,6467
T006819,E02954,GenAI for Business,2026-03-31,6,Online,Completed,41,57,6669
T006820,E02954,Power BI,2024-03-17,6,Classroom,Completed,66,87,5616
T006821,E02954,Python Analytics,2026-05-12,4,Classroom,Completed,51,65,12728
T006822,E02954,GenAI for Business,2025-06-13,8,Blended,Incomplete,60,84,12465
T006823,E02956,Cloud Fundamentals,2026-03-14,12,Blended,Completed,54,60,13393
T006824,E02956,Data Privacy,2026-03-14,16,Blended,Completed,60,68,13573
T006825,E02956,Power BI,2026-02-28,8,Online,Completed,58,66,12997
T006826,E02956,Advanced Excel,2026-01-19,16,Online,Completed,62,86,2478
T006827,E02956,Advanced Excel,2026-03-12,2,Online,Completed,43,51,5503
T006828,E02957,GenAI for Business,2025-09-16,2,Classroom,Completed,42,69,4464
T006829,E02957,Project Management,2026-03-13,16,Blended,Completed,53,81,14704
T006830,E02957,Python Analytics,2026-05-19,24,Blended,Completed,76,87,2515
T006831,E02958,Negotiation,2026-06-06,2,Classroom,Completed,54,61,5097
T006832,E02958,GenAI for Business,2026-05-18,6,Blended,Completed,41,47,2795
T006833,E02958,Leadership Essentials,2024-10-02,12,Classroom,Completed,51,64,13098
T006834,E02958,Data Privacy,2025-02-11,4,Classroom,Completed,75,97,6487
T006835,E02958,Python Analytics,2025-06-15,2,Online,Completed,60,72,3136
T006836,E02962,GenAI for Business,2025-04-28,12,Classroom,Completed,51,79,10344
T006837,E02962,Python Analytics,2024-03-31,12,Classroom,Completed,58,66,4197
T006838,E02962,Negotiation,2024-02-21,2,Online,Completed,76,95,13388
T006839,E02962,Leadership Essentials,2025-08-01,24,Classroom,Completed,44,57,2375
T006840,E02963,Power BI,2024-08-14,4,Online,Completed,55,61,8985
T006841,E02963,Project Management,2025-07-25,24,Online,Completed,53,72,4490
T006842,E02964,Power BI,2026-08-22,12,Online,Completed,42,62,10712
T006843,E02964,Advanced Excel,2026-08-22,16,Blended,Completed,61,89,1647
T006844,E02964,GenAI for Business,2026-08-26,12,Online,Completed,60,75,2184
T006845,E02964,Project Management,2026-08-22,4,Blended,Completed,58,78,11271
T006846,E02964,Python Analytics,2026-08-28,12,Online,Completed,64,82,12177
T006847,E02965,Negotiation,2024-06-01,2,Online,Completed,51,74,7866
T006848,E02965,Data Privacy,2025-03-06,4,Online,Completed,67,89,5871
T006849,E02966,Data Privacy,2026-05-08,2,Blended,Completed,44,66,3123
T006850,E02966,Data Privacy,2024-07-05,12,Blended,Completed,66,77,10325
T006851,E02966,Negotiation,2025-08-26,12,Blended,Completed,67,75,12466
T006852,E02966,Leadership Essentials,2024-02-14,4,Blended,Completed,59,66,8167
T006853,E02968,Python Analytics,2026-06-22,8,Blended,Completed,47,62,1790
T006854,E02968,Python Analytics,2026-03-10,2,Blended,Completed,56,82,12958
T006855,E02968,Project Management,2025-04-01,2,Classroom,Incomplete,43,65,8218
T006856,E02968,Python Analytics,2026-06-08,6,Blended,Completed,49,59,13946
T006857,E02970,Project Management,2025-04-18,8,Online,Completed,69,80,8850
T006858,E02970,Power BI,2026-04-29,16,Blended,Incomplete,47,70,2990
T006859,E02970,Cloud Fundamentals,2026-02-23,6,Classroom,Completed,71,82,14071
T006860,E02970,Communication Skills,2026-02-09,6,Online,Completed,76,97,14064
T006861,E02970,Advanced Excel,2025-05-01,2,Blended,Completed,76,90,12737
T006862,E02972,Leadership Essentials,2024-04-11,8,Online,Completed,51,72,9680
T006863,E02972,Leadership Essentials,2025-01-10,16,Blended,Completed,44,69,9036
T006864,E02972,Advanced Excel,2024-02-29,4,Online,Completed,67,74,9586
T006865,E02972,GenAI for Business,2024-12-16,6,Online,Completed,59,64,5603
T006866,E02972,GenAI for Business,2024-05-05,6,Blended,Completed,68,73,13708
T006867,E02974,GenAI for Business,2025-02-08,16,Online,Completed,78,100,12905
T006868,E02976,Communication Skills,2024-08-11,24,Blended,Incomplete,51,70,9099
T006869,E02976,Cloud Fundamentals,2026-04-04,6,Blended,Completed,50,62,5329
T006870,E02976,Project Management,2025-03-11,24,Blended,Completed,57,82,1677
T006871,E02981,Power BI,2024-10-26,16,Classroom,Completed,77,100,2962
T006872,E02981,Leadership Essentials,2025-01-02,2,Classroom,Completed,53,68,10680
T006873,E02981,Communication Skills,2024-11-25,24,Blended,Completed,73,97,12983
T006874,E02981,Leadership Essentials,2024-05-28,24,Blended,Completed,59,82,4162
T006875,E02983,Leadership Essentials,2025-02-19,2,Online,Completed,65,78,13610
T006876,E02983,GenAI for Business,2025-10-01,2,Classroom,Completed,50,59,7005
T006877,E02983,Leadership Essentials,2025-08-27,6,Classroom,Completed,64,79,6810
T006878,E02983,Negotiation,2024-05-26,16,Online,Completed,58,73,3055
T006879,E02983,Data Privacy,2026-03-03,2,Classroom,Completed,46,74,6418
T006880,E02984,Python Analytics,2026-03-20,6,Classroom,Completed,61,80,4748
T006881,E02984,Negotiation,2024-12-22,6,Classroom,Completed,47,54,4112
T006882,E02984,Data Privacy,2024-06-10,12,Blended,Completed,59,81,7862
T006883,E02985,Negotiation,2024-03-04,4,Classroom,Completed,62,86,9373
T006884,E02985,GenAI for Business,2024-06-21,24,Online,Completed,57,74,10092
T006885,E02985,Data Privacy,2026-05-03,12,Online,Completed,40,45,5580
T006886,E02985,GenAI for Business,2025-06-08,12,Online,Completed,74,87,13277
T006887,E02985,Project Management,2024-08-16,4,Classroom,Incomplete,69,96,11556
T006888,E02987,Advanced Excel,2026-08-18,12,Classroom,Completed,50,58,9136
T006889,E02988,GenAI for Business,2025-12-14,2,Blended,Completed,70,91,8946
T006890,E02988,Communication Skills,2025-09-08,4,Online,Completed,75,100,2704
T006891,E02988,Negotiation,2026-08-16,2,Blended,Completed,55,72,1743
T006892,E02992,Communication Skills,2026-08-31,24,Online,Completed,77,98,10837
T006893,E02992,Advanced Excel,2026-08-30,2,Blended,Incomplete,63,73,5722
T006894,E02992,Data Privacy,2026-08-31,4,Classroom,Completed,72,80,9509
T006895,E02992,Negotiation,2026-08-28,2,Classroom,Completed,72,84,9479
T006896,E02993,Leadership Essentials,2024-10-03,24,Classroom,Incomplete,57,67,14340
T006897,E02993,Power BI,2024-01-01,2,Online,Completed,70,85,8558
T006898,E02994,Python Analytics,2025-01-14,6,Blended,Completed,62,70,12600
T006899,E02994,Data Privacy,2026-04-20,12,Blended,Completed,68,91,6346
T006900,E02994,GenAI for Business,2025-05-30,2,Blended,Completed,46,65,12262
T006901,E02994,Power BI,2026-02-01,16,Classroom,Completed,55,77,10644
T006902,E02994,Negotiation,2025-05-14,12,Classroom,Completed,45,52,6486
T006903,E02995,Advanced Excel,2025-07-03,6,Online,Completed,65,77,2879
T006904,E02995,Data Privacy,2026-08-16,2,Online,Completed,66,79,11565
T006905,E02995,Project Management,2026-01-07,16,Online,Completed,48,54,6841
T006906,E02995,Power BI,2025-09-14,16,Classroom,Incomplete,46,60,8306
T006907,E02995,GenAI for Business,2026-03-14,16,Classroom,Completed,69,89,2125
T006908,E02996,GenAI for Business,2025-04-30,8,Blended,Completed,68,95,4981
T006909,E02996,Power BI,2025-11-11,12,Classroom,Completed,65,80,4189
T006910,E02996,Advanced Excel,2026-03-27,6,Classroom,Incomplete,57,67,11626
T006911,E02998,Cloud Fundamentals,2026-05-26,16,Classroom,Completed,77,83,7955
T006912,E02998,Negotiation,2026-07-17,12,Blended,Completed,73,96,7804
T006913,E02998,Negotiation,2025-12-15,12,Classroom,Completed,50,78,11042
T006914,E02998,Leadership Essentials,2026-03-31,6,Online,Completed,69,90,11057
T006915,E02998,Python Analytics,2025-12-15,8,Online,Completed,69,77,4589
T006916,E02999,Data Privacy,2025-08-12,6,Classroom,Completed,63,91,1580
T006917,E02999,Data Privacy,2024-12-19,12,Blended,Completed,52,58,11310
T006918,E02999,Power BI,2024-12-20,24,Online,Incomplete,53,71,4912
T006919,E02999,Leadership Essentials,2024-04-08,2,Classroom,Completed,45,69,2077
T006920,E03000,Cloud Fundamentals,2026-08-12,24,Classroom,Completed,64,83,6482
T006921,E03000,Project Management,2026-08-19,2,Blended,Incomplete,58,67,3978
T006922,E03000,Negotiation,2026-08-04,24,Classroom,Completed,72,100,12355
T006923,E03000,Cloud Fundamentals,2026-08-19,2,Classroom,Completed,50,63,4838
T006924,E03000,Cloud Fundamentals,2026-08-02,24,Online,Completed,78,92,10081
T006925,E03001,GenAI for Business,2026-05-31,6,Blended,Completed,53,79,4897
T006926,E03001,Python Analytics,2026-05-30,6,Blended,Completed,67,74,14600
T006927,E03001,Project Management,2024-12-30,2,Blended,Incomplete,55,70,5043
T006928,E03001,Project Management,2024-02-06,16,Online,Completed,77,89,5826
T006929,E03001,Project Management,2024-02-01,4,Classroom,Completed,53,61,10484
T006930,E03002,Communication Skills,2025-06-07,12,Blended,Incomplete,41,50,10373
T006931,E03002,Python Analytics,2025-07-27,12,Online,Completed,75,86,5526
T006932,E03003,Cloud Fundamentals,2024-09-03,24,Online,Completed,43,60,6014
T006933,E03003,Power BI,2025-06-26,4,Online,Completed,61,76,6034
T006934,E03003,Cloud Fundamentals,2026-03-08,12,Online,Completed,76,96,8721
T006935,E03005,Leadership Essentials,2025-01-15,2,Online,Completed,58,66,12050
T006936,E03005,Project Management,2025-01-18,4,Online,Completed,55,71,2308
T006937,E03005,Project Management,2025-08-07,16,Blended,Completed,40,63,2275
T006938,E03005,Data Privacy,2024-05-26,12,Classroom,Completed,77,83,2005
T006939,E03005,Power BI,2026-02-10,24,Classroom,Completed,51,71,6673
T006940,E03006,Advanced Excel,2025-12-11,12,Online,Completed,67,72,9874
T006941,E03006,Communication Skills,2026-08-18,12,Classroom,Completed,59,77,2929
T006942,E03006,Cloud Fundamentals,2026-07-15,16,Classroom,Completed,61,68,13103
T006943,E03006,GenAI for Business,2025-10-08,8,Classroom,Incomplete,71,87,5375
T006944,E03007,Communication Skills,2026-05-13,24,Blended,Completed,45,62,13583
T006945,E03007,Data Privacy,2025-07-21,24,Blended,Completed,49,72,3323
T006946,E03007,Advanced Excel,2025-03-16,24,Blended,Completed,45,63,5207
T006947,E03007,Negotiation,2025-07-19,4,Online,Completed,72,98,14648
T006948,E03008,Data Privacy,2024-05-27,4,Online,Completed,60,69,5255
T006949,E03009,Python Analytics,2025-05-25,12,Classroom,Completed,66,77,1504
T006950,E03009,Project Management,2024-08-31,2,Online,Completed,69,77,8500
T006951,E03010,Power BI,2024-07-03,4,Blended,Completed,51,65,1600
T006952,E03010,Communication Skills,2024-10-08,4,Blended,Completed,70,96,14563
T006953,E03011,Negotiation,2024-10-01,8,Online,Completed,51,65,14398
T006954,E03011,Cloud Fundamentals,2024-02-03,24,Online,Completed,74,99,3602
T006955,E03011,Power BI,2024-07-25,2,Online,Completed,42,51,13686
T006956,E03012,Negotiation,2025-11-08,8,Blended,Completed,49,76,4852
T006957,E03013,Communication Skills,2024-05-20,12,Blended,Completed,45,52,9908
T006958,E03015,Data Privacy,2026-06-21,24,Blended,Completed,62,87,13352
T006959,E03015,Power BI,2024-12-09,16,Classroom,Completed,52,70,12604
T006960,E03015,Advanced Excel,2024-06-13,4,Blended,Completed,42,60,14775
T006961,E03015,Advanced Excel,2025-09-27,2,Blended,Incomplete,63,70,8549
T006962,E03016,Python Analytics,2026-05-01,12,Blended,Completed,71,95,2009
T006963,E03016,GenAI for Business,2026-01-23,2,Classroom,Completed,40,55,8961
T006964,E03016,GenAI for Business,2026-06-23,8,Classroom,Completed,64,83,4704
T006965,E03016,Cloud Fundamentals,2026-05-28,12,Classroom,Completed,59,82,10053
T006966,E03016,Leadership Essentials,2026-07-20,12,Online,Completed,43,67,10876
T006967,E03018,Negotiation,2025-09-21,2,Online,Completed,44,52,8391
T006968,E03019,Data Privacy,2025-12-27,2,Blended,Completed,66,75,3211
T006969,E03019,Project Management,2025-12-18,12,Classroom,Completed,64,83,10580
T006970,E03019,Data Privacy,2024-09-26,4,Blended,Completed,58,83,14591
T006971,E03021,Negotiation,2024-10-15,24,Online,Completed,43,60,11793
T006972,E03023,GenAI for Business,2024-04-02,4,Blended,Completed,77,93,6080
T006973,E03023,Python Analytics,2026-03-21,12,Classroom,Completed,67,75,3679
T006974,E03024,Python Analytics,2026-07-17,12,Blended,Completed,63,70,8210
T006975,E03024,Advanced Excel,2026-06-02,4,Blended,Completed,77,87,5274
T006976,E03024,Data Privacy,2026-04-04,8,Classroom,Completed,41,68,5859
T006977,E03024,Leadership Essentials,2026-08-16,16,Blended,Incomplete,55,71,12843
T006978,E03024,Cloud Fundamentals,2026-06-14,16,Classroom,Completed,64,79,6637
T006979,E03025,Python Analytics,2026-07-15,24,Classroom,Completed,63,73,13453
T006980,E03025,Data Privacy,2025-07-11,24,Online,Completed,49,70,6827
T006981,E03025,GenAI for Business,2026-03-05,2,Classroom,Completed,59,67,9664
T006982,E03026,Leadership Essentials,2024-03-14,16,Online,Incomplete,53,72,12730
T006983,E03026,Advanced Excel,2024-02-19,12,Blended,Completed,42,47,12514
T006984,E03026,Data Privacy,2026-08-23,12,Classroom,Completed,46,73,11231
T006985,E03027,Communication Skills,2026-06-20,8,Online,Completed,66,77,2475
T006986,E03027,Communication Skills,2026-04-26,4,Classroom,Completed,59,84,12880
T006987,E03027,Advanced Excel,2026-06-13,6,Online,Completed,73,98,14044
T006988,E03028,Power BI,2025-02-13,6,Classroom,Completed,75,85,2456
T006989,E03028,Leadership Essentials,2026-03-06,24,Classroom,Completed,76,83,6153
T006990,E03028,Communication Skills,2025-04-27,4,Blended,Completed,53,59,14415
T006991,E03029,Advanced Excel,2024-01-27,6,Blended,Completed,63,78,4345
T006992,E03029,Advanced Excel,2025-10-06,24,Online,Completed,50,62,5751
T006993,E03030,Cloud Fundamentals,2026-06-20,4,Online,Completed,76,97,4569
T006994,E03030,Project Management,2026-06-19,12,Online,Completed,67,73,11961
T006995,E03033,Cloud Fundamentals,2024-03-25,24,Classroom,Incomplete,54,82,4760
T006996,E03035,Leadership Essentials,2026-07-24,16,Online,Completed,50,57,8657
T006997,E03035,Python Analytics,2026-08-21,2,Online,Completed,78,87,3671
T006998,E03036,Cloud Fundamentals,2026-08-23,12,Online,Completed,52,77,11355
T006999,E03036,Python Analytics,2026-08-26,24,Classroom,Completed,55,77,5972
T007000,E03036,Python Analytics,2026-08-29,8,Classroom,Completed,67,92,4643
T007001,E03036,Data Privacy,2026-08-19,8,Classroom,Completed,50,59,13753
T007002,E03038,Cloud Fundamentals,2025-03-22,4,Online,Completed,63,86,4713
T007003,E03038,Leadership Essentials,2024-09-05,4,Classroom,Completed,60,88,8891
T007004,E03038,Negotiation,2026-07-03,24,Blended,Completed,57,73,14954
T007005,E03038,Negotiation,2024-09-02,2,Classroom,Completed,45,67,12760
T007006,E03038,GenAI for Business,2024-06-03,12,Online,Completed,72,85,4779
T007007,E03039,Leadership Essentials,2026-05-22,8,Classroom,Completed,67,84,6372
T007008,E03039,Negotiation,2026-04-11,24,Classroom,Completed,45,51,2915
T007009,E03039,Project Management,2026-03-28,8,Blended,Completed,66,78,4069
T007010,E03039,Leadership Essentials,2026-07-02,6,Blended,Completed,75,98,14633
T007011,E03039,Data Privacy,2026-08-23,6,Classroom,Completed,44,65,4042
T007012,E03040,Cloud Fundamentals,2024-11-06,8,Online,Completed,61,81,2745
T007013,E03040,Project Management,2026-04-22,8,Online,Completed,64,90,9051
T007014,E03040,Leadership Essentials,2026-06-24,16,Online,Completed,65,70,13841
T007015,E03043,Python Analytics,2025-03-10,8,Blended,Completed,70,87,4688
T007016,E03043,Project Management,2026-07-19,2,Online,Completed,69,82,1856
T007017,E03044,Project Management,2025-07-11,16,Classroom,Completed,73,87,4382
T007018,E03044,GenAI for Business,2026-03-17,16,Online,Completed,53,68,6997
T007019,E03044,Negotiation,2025-10-31,16,Blended,Completed,62,74,3434
T007020,E03044,Data Privacy,2025-11-15,8,Blended,Completed,42,69,9964
T007021,E03044,Leadership Essentials,2024-05-15,2,Blended,Completed,47,65,7382
T007022,E03045,Leadership Essentials,2024-01-13,2,Classroom,Completed,64,82,14904
T007023,E03045,Communication Skills,2024-03-06,6,Classroom,Completed,56,79,2084
T007024,E03045,Cloud Fundamentals,2024-02-23,16,Blended,Completed,61,84,5030
T007025,E03045,GenAI for Business,2024-03-28,2,Blended,Completed,63,68,5272
T007026,E03045,Communication Skills,2024-01-17,6,Blended,Incomplete,44,65,11469
T007027,E03046,Python Analytics,2025-10-11,12,Online,Completed,66,84,9484
T007028,E03046,Data Privacy,2025-10-30,6,Classroom,Completed,62,85,6393
T007029,E03046,Cloud Fundamentals,2026-07-06,24,Classroom,Completed,47,64,3581
T007030,E03046,Power BI,2024-12-01,6,Blended,Completed,43,57,9544
T007031,E03048,Advanced Excel,2026-01-08,8,Online,Completed,78,90,3586
T007032,E03049,GenAI for Business,2024-02-17,6,Blended,Completed,55,61,4996
T007033,E03049,Python Analytics,2024-02-23,2,Blended,Completed,59,74,7519
T007034,E03049,Data Privacy,2024-02-28,4,Blended,Incomplete,50,75,9924
T007035,E03049,Data Privacy,2024-04-11,24,Classroom,Completed,69,87,5513
T007036,E03050,GenAI for Business,2026-04-09,24,Online,Completed,63,78,6729
T007037,E03050,Communication Skills,2025-05-04,16,Classroom,Completed,50,78,14036
T007038,E03050,GenAI for Business,2026-08-04,16,Blended,Completed,41,51,5168
T007039,E03051,Cloud Fundamentals,2025-09-03,24,Classroom,Completed,48,70,6639
T007040,E03051,GenAI for Business,2026-08-15,8,Classroom,Completed,48,54,7970
T007041,E03051,Data Privacy,2024-12-24,6,Online,Completed,74,99,6999
T007042,E03051,Project Management,2026-06-28,16,Blended,Completed,40,58,11731
T007043,E03051,Advanced Excel,2024-09-26,8,Classroom,Completed,78,99,13914
T007044,E03053,Cloud Fundamentals,2025-08-31,4,Online,Completed,58,64,11863
T007045,E03053,Negotiation,2024-10-11,24,Blended,Completed,51,58,3274
T007046,E03054,GenAI for Business,2025-01-17,4,Classroom,Completed,54,66,13171
T007047,E03055,Negotiation,2025-11-03,4,Online,Completed,59,68,8944
T007048,E03055,Cloud Fundamentals,2025-02-23,12,Online,Completed,54,59,2313
T007049,E03057,Python Analytics,2025-07-11,6,Online,Completed,76,98,14542
T007050,E03057,Power BI,2024-08-11,24,Classroom,Completed,69,91,10818
T007051,E03057,Leadership Essentials,2024-09-21,16,Blended,Completed,57,62,8831
T007052,E03057,Cloud Fundamentals,2026-08-16,4,Blended,Incomplete,62,86,11494
T007053,E03057,Data Privacy,2024-09-23,24,Classroom,Completed,53,76,1606
T007054,E03058,Data Privacy,2024-07-18,24,Classroom,Completed,72,81,9727
T007055,E03058,GenAI for Business,2026-08-20,6,Online,Completed,72,93,5023
T007056,E03058,Project Management,2026-06-30,2,Classroom,Completed,54,77,11690
T007057,E03058,Power BI,2026-07-17,4,Online,Completed,52,75,7813
T007058,E03058,Data Privacy,2026-01-26,4,Blended,Completed,64,71,6044
T007059,E03060,Advanced Excel,2025-11-21,8,Blended,Completed,64,79,14135
T007060,E03060,Negotiation,2025-02-02,6,Blended,Completed,67,93,3435
T007061,E03060,Communication Skills,2024-01-17,12,Blended,Completed,68,93,10100
T007062,E03062,GenAI for Business,2024-02-01,12,Classroom,Completed,54,78,11910
T007063,E03062,Cloud Fundamentals,2024-11-10,24,Classroom,Completed,52,75,3986
T007064,E03063,Leadership Essentials,2025-08-22,8,Blended,Completed,68,79,9668
T007065,E03063,Leadership Essentials,2024-01-27,8,Blended,Completed,66,93,13990
T007066,E03064,Cloud Fundamentals,2024-08-08,16,Blended,Completed,49,59,7012
T007067,E03064,Python Analytics,2026-01-17,2,Blended,Completed,56,66,11126
T007068,E03064,Python Analytics,2025-01-15,24,Classroom,Completed,63,78,3728
T007069,E03064,Python Analytics,2025-04-16,4,Blended,Incomplete,43,52,9071
T007070,E03064,Leadership Essentials,2024-02-29,12,Online,Completed,77,96,9999
T007071,E03065,Python Analytics,2024-06-26,6,Online,Completed,42,59,2915
T007072,E03065,Communication Skills,2024-10-01,2,Blended,Completed,66,94,6668
T007073,E03067,Data Privacy,2024-11-26,6,Blended,Completed,42,60,13656
T007074,E03068,Communication Skills,2025-09-28,16,Classroom,Incomplete,64,79,13821
T007075,E03068,Communication Skills,2025-01-19,2,Online,Completed,75,83,7382
T007076,E03069,Communication Skills,2024-07-17,24,Online,Completed,76,88,11642
T007077,E03069,Cloud Fundamentals,2026-07-26,24,Blended,Completed,69,74,6705
T007078,E03069,Negotiation,2025-07-22,2,Online,Completed,77,84,7980
T007079,E03069,Data Privacy,2025-12-18,16,Classroom,Completed,42,68,8319
T007080,E03069,Python Analytics,2024-11-02,6,Classroom,Completed,51,69,3598
T007081,E03070,Communication Skills,2026-03-12,2,Blended,Incomplete,56,84,10424
T007082,E03070,Project Management,2026-05-18,24,Classroom,Completed,50,69,14874
T007083,E03070,Power BI,2024-04-12,8,Online,Completed,77,91,3099
T007084,E03070,Project Management,2024-10-01,24,Online,Completed,67,78,11510
T007085,E03070,Power BI,2024-10-07,4,Online,Completed,44,54,10134
T007086,E03071,Cloud Fundamentals,2026-01-07,12,Blended,Completed,41,47,5391
T007087,E03071,Power BI,2025-05-15,8,Classroom,Completed,57,70,2893
T007088,E03071,Power BI,2025-05-24,2,Classroom,Completed,51,61,2250
T007089,E03072,Data Privacy,2025-11-26,16,Blended,Completed,74,83,6442
T007090,E03072,Communication Skills,2026-03-15,8,Blended,Completed,45,68,5979
T007091,E03072,Leadership Essentials,2024-11-17,12,Online,Completed,53,62,11403
T007092,E03072,Project Management,2024-11-19,6,Online,Completed,46,55,12118
T007093,E03073,Data Privacy,2025-11-10,2,Online,Completed,42,63,4169
T007094,E03073,Project Management,2026-01-29,16,Classroom,Completed,40,52,7334
T007095,E03074,Cloud Fundamentals,2026-04-04,8,Online,Completed,50,75,10690
T007096,E03075,Advanced Excel,2026-07-04,2,Online,Incomplete,67,74,2820
T007097,E03075,Power BI,2026-08-12,12,Classroom,Incomplete,77,94,8540
T007098,E03076,Power BI,2025-05-16,8,Online,Completed,53,79,9017
T007099,E03076,Project Management,2025-08-31,16,Blended,Completed,46,52,3989
T007100,E03076,Project Management,2026-01-31,4,Online,Completed,46,66,12048
T007101,E03077,Power BI,2026-08-12,12,Online,Completed,43,66,5725
T007102,E03077,Data Privacy,2024-03-24,2,Blended,Completed,67,92,4560
T007103,E03079,Advanced Excel,2026-07-02,2,Classroom,Incomplete,66,85,3155
T007104,E03079,Project Management,2025-12-25,12,Online,Completed,49,58,2156
T007105,E03079,Cloud Fundamentals,2025-12-08,12,Blended,Completed,71,96,1801
T007106,E03079,Leadership Essentials,2025-02-06,16,Classroom,Completed,55,83,12747
T007107,E03080,Python Analytics,2026-08-26,8,Classroom,Completed,76,82,1537
T007108,E03080,Leadership Essentials,2024-11-06,16,Classroom,Completed,71,78,9033
T007109,E03080,Advanced Excel,2024-10-09,2,Classroom,Completed,65,86,6516
T007110,E03080,Power BI,2025-06-14,4,Online,Completed,42,55,13562
T007111,E03080,GenAI for Business,2025-05-20,4,Online,Incomplete,48,64,1573
T007112,E03082,Negotiation,2026-02-15,2,Blended,Completed,63,79,6938
T007113,E03082,Leadership Essentials,2024-12-15,8,Online,Completed,75,100,1907
T007114,E03083,Leadership Essentials,2026-05-10,6,Blended,Completed,64,79,14266
T007115,E03083,Advanced Excel,2025-03-15,4,Online,Incomplete,77,82,7227
T007116,E03083,Cloud Fundamentals,2026-05-28,12,Classroom,Completed,57,75,9869
T007117,E03083,Data Privacy,2024-06-09,16,Classroom,Completed,71,82,5444
T007118,E03083,Advanced Excel,2026-03-07,2,Classroom,Incomplete,42,53,8261
T007119,E03084,Data Privacy,2026-08-14,6,Classroom,Completed,58,78,5619
T007120,E03086,Power BI,2024-07-21,6,Classroom,Completed,50,70,11591
T007121,E03087,GenAI for Business,2024-05-05,4,Online,Completed,50,66,2102
T007122,E03089,Advanced Excel,2025-02-11,24,Blended,Completed,74,86,3829
T007123,E03089,Leadership Essentials,2024-07-31,4,Classroom,Completed,61,73,3449
T007124,E03089,GenAI for Business,2025-07-01,16,Online,Completed,53,72,10499
T007125,E03089,Negotiation,2026-07-02,8,Classroom,Completed,68,77,10037
T007126,E03089,Advanced Excel,2024-05-02,8,Online,Completed,62,83,10901
T007127,E03090,Project Management,2024-04-14,8,Online,Completed,48,60,5270
T007128,E03090,Leadership Essentials,2026-05-31,24,Classroom,Completed,47,72,8940
T007129,E03090,Data Privacy,2024-12-02,6,Blended,Completed,50,69,11171
T007130,E03090,GenAI for Business,2024-01-06,12,Blended,Completed,41,69,10189
T007131,E03092,Data Privacy,2026-04-05,8,Classroom,Completed,56,76,10110
T007132,E03092,Project Management,2026-07-14,12,Blended,Completed,49,74,2172
T007133,E03093,Negotiation,2026-04-28,6,Online,Completed,72,95,11644
T007134,E03093,Power BI,2024-03-01,4,Online,Completed,53,74,10977
T007135,E03093,Leadership Essentials,2025-01-26,4,Online,Completed,45,71,10601
T007136,E03093,Cloud Fundamentals,2026-04-29,6,Online,Completed,61,86,10715
T007137,E03093,Python Analytics,2026-06-09,6,Classroom,Completed,68,92,3123
T007138,E03094,Python Analytics,2026-06-24,16,Online,Completed,43,62,14016
T007139,E03094,Project Management,2026-06-09,6,Online,Completed,43,70,9048
T007140,E03094,Leadership Essentials,2024-12-11,24,Blended,Incomplete,67,86,12975
T007141,E03095,Negotiation,2025-06-13,4,Online,Completed,48,73,8303
T007142,E03095,Leadership Essentials,2024-04-20,2,Classroom,Completed,59,78,2407
T007143,E03096,Leadership Essentials,2024-02-19,2,Online,Completed,58,71,12011
T007144,E03096,Power BI,2025-05-28,6,Classroom,Completed,45,60,11276
T007145,E03096,Python Analytics,2026-07-10,16,Online,Completed,50,68,13771
T007146,E03097,Power BI,2026-06-28,2,Online,Incomplete,63,75,5051
T007147,E03098,Advanced Excel,2026-07-23,24,Blended,Incomplete,58,74,6778
T007148,E03098,Advanced Excel,2026-08-03,24,Blended,Completed,72,93,7990
T007149,E03099,Project Management,2025-12-02,24,Online,Incomplete,78,92,13133
T007150,E03099,Negotiation,2026-06-20,2,Blended,Completed,72,80,12677
T007151,E03099,Python Analytics,2026-02-28,16,Classroom,Completed,76,99,11661
T007152,E03100,Power BI,2025-10-20,16,Online,Completed,67,90,11473
T007153,E03102,Python Analytics,2025-08-12,6,Online,Completed,62,77,8422
T007154,E03103,Negotiation,2026-04-27,6,Online,Completed,59,77,7530
T007155,E03103,Project Management,2026-06-07,12,Online,Completed,47,64,14953
T007156,E03103,Leadership Essentials,2025-12-13,4,Online,Completed,57,73,9714
T007157,E03103,GenAI for Business,2025-07-27,24,Online,Completed,48,72,3645
T007158,E03104,Negotiation,2025-11-07,6,Blended,Completed,40,51,4854
T007159,E03104,Negotiation,2024-08-12,12,Online,Completed,58,74,10821
T007160,E03104,Advanced Excel,2026-06-02,16,Blended,Completed,76,87,8811
T007161,E03104,Project Management,2025-02-18,6,Blended,Completed,72,100,12567
T007162,E03104,Advanced Excel,2024-06-30,24,Classroom,Completed,73,83,12462
T007163,E03105,Project Management,2024-10-29,16,Blended,Completed,72,83,2514
T007164,E03105,Communication Skills,2026-06-06,24,Classroom,Completed,49,63,5933
T007165,E03105,Power BI,2025-05-11,8,Online,Completed,75,91,14043
T007166,E03105,Cloud Fundamentals,2025-06-02,8,Online,Completed,56,73,6451
T007167,E03106,Leadership Essentials,2026-08-07,2,Classroom,Completed,70,83,13296
T007168,E03106,Project Management,2026-03-02,2,Classroom,Incomplete,56,67,9415
T007169,E03106,Python Analytics,2026-03-02,24,Online,Completed,76,95,12009
T007170,E03106,Leadership Essentials,2025-08-09,24,Online,Completed,65,88,5595
T007171,E03106,Communication Skills,2026-01-18,24,Classroom,Completed,44,65,5987
T007172,E03108,Power BI,2024-02-25,8,Blended,Completed,40,67,3162
T007173,E03108,Data Privacy,2026-03-22,6,Classroom,Completed,45,52,4848
T007174,E03108,GenAI for Business,2025-05-13,12,Online,Completed,44,72,13497
T007175,E03109,Data Privacy,2026-05-04,24,Classroom,Completed,43,48,13706
T007176,E03109,GenAI for Business,2026-08-21,8,Classroom,Completed,60,80,7025
T007177,E03109,Communication Skills,2026-08-14,12,Online,Completed,61,70,14364
T007178,E03109,Advanced Excel,2026-03-01,16,Blended,Completed,45,63,2759
T007179,E03110,Project Management,2025-02-15,2,Classroom,Completed,77,89,2907
T007180,E03113,Negotiation,2024-01-09,16,Online,Completed,66,90,13301
T007181,E03113,Power BI,2025-10-15,6,Online,Completed,56,72,9801
T007182,E03114,Leadership Essentials,2026-08-06,2,Blended,Completed,44,65,13630
T007183,E03115,Data Privacy,2026-08-30,12,Online,Completed,60,84,7841
T007184,E03117,Cloud Fundamentals,2026-08-18,2,Blended,Completed,56,79,14823
T007185,E03117,Communication Skills,2026-04-21,16,Blended,Completed,77,88,12564
T007186,E03117,Data Privacy,2026-04-06,12,Classroom,Completed,40,56,14571
T007187,E03117,Power BI,2026-03-01,12,Online,Completed,56,71,11744
T007188,E03118,Advanced Excel,2024-07-28,12,Classroom,Completed,77,96,3105
T007189,E03118,Communication Skills,2024-12-04,24,Online,Completed,54,60,13367
T007190,E03118,Cloud Fundamentals,2025-04-17,8,Online,Completed,46,70,13857
T007191,E03118,Advanced Excel,2026-03-18,2,Blended,Completed,43,66,14043
T007192,E03118,GenAI for Business,2024-08-11,16,Blended,Completed,58,66,1759
T007193,E03119,Leadership Essentials,2026-08-31,24,Blended,Completed,50,57,11573
T007194,E03119,Python Analytics,2026-08-30,6,Blended,Completed,77,100,14445
T007195,E03119,Power BI,2026-08-28,4,Blended,Completed,76,95,4989
T007196,E03120,Negotiation,2025-11-06,8,Blended,Completed,57,68,7677
T007197,E03120,Python Analytics,2025-01-14,4,Blended,Completed,78,87,4084
T007198,E03120,GenAI for Business,2025-08-20,8,Online,Completed,75,100,4892
T007199,E03120,Data Privacy,2025-05-13,16,Online,Completed,61,86,4155
T007200,E03121,GenAI for Business,2025-08-14,12,Blended,Completed,78,100,4961
T007201,E03121,GenAI for Business,2025-12-02,24,Online,Completed,78,87,12051
T007202,E03121,Advanced Excel,2024-06-21,2,Classroom,Completed,46,55,12839
T007203,E03121,GenAI for Business,2025-01-02,6,Online,Completed,53,61,9743
T007204,E03122,Communication Skills,2025-03-30,4,Blended,Completed,49,54,2246
T007205,E03123,Python Analytics,2026-07-24,12,Classroom,Completed,76,91,10291
T007206,E03124,Python Analytics,2024-04-11,6,Online,Completed,56,68,5202
T007207,E03124,Leadership Essentials,2025-03-31,16,Classroom,Completed,70,92,9588
T007208,E03124,Project Management,2024-11-29,16,Classroom,Completed,57,84,6432
T007209,E03126,GenAI for Business,2026-07-26,4,Online,Completed,61,71,3932
T007210,E03127,Data Privacy,2025-12-17,12,Blended,Completed,49,68,8154
T007211,E03127,Advanced Excel,2025-02-16,24,Blended,Completed,65,83,12126
T007212,E03127,Python Analytics,2024-12-04,16,Online,Completed,45,68,2666
T007213,E03127,Python Analytics,2025-10-16,16,Blended,Completed,65,80,7445
T007214,E03127,Data Privacy,2026-07-29,16,Blended,Incomplete,59,82,13400
T007215,E03128,Advanced Excel,2025-06-10,16,Classroom,Completed,73,86,13693
T007216,E03128,Cloud Fundamentals,2025-03-20,2,Classroom,Incomplete,64,82,2111
T007217,E03128,Advanced Excel,2025-09-01,24,Online,Completed,73,86,12522
T007218,E03129,Data Privacy,2025-04-27,4,Online,Completed,44,71,13828
T007219,E03129,Cloud Fundamentals,2025-06-24,6,Blended,Completed,78,84,6238
T007220,E03133,Communication Skills,2026-03-05,24,Online,Completed,53,80,9448
T007221,E03133,Leadership Essentials,2024-02-26,24,Blended,Completed,41,69,14544
T007222,E03133,Data Privacy,2026-05-05,6,Blended,Completed,69,81,9809
T007223,E03133,Negotiation,2024-07-23,24,Classroom,Completed,69,83,2247
T007224,E03135,Advanced Excel,2025-05-16,4,Blended,Completed,75,86,3536
T007225,E03135,Communication Skills,2026-01-24,6,Online,Completed,74,79,4831
T007226,E03136,Leadership Essentials,2024-05-12,24,Blended,Completed,53,73,3613
T007227,E03137,GenAI for Business,2026-07-25,12,Blended,Completed,68,73,8318
T007228,E03137,Cloud Fundamentals,2026-08-25,24,Online,Completed,42,52,9665
T007229,E03138,Leadership Essentials,2025-11-06,16,Blended,Completed,53,68,2362
T007230,E03138,GenAI for Business,2024-03-26,2,Classroom,Completed,48,54,14874
T007231,E03138,Negotiation,2024-06-23,24,Classroom,Completed,51,66,8218
T007232,E03139,GenAI for Business,2024-07-01,2,Blended,Completed,78,100,4749
T007233,E03139,Power BI,2024-04-15,16,Online,Completed,55,79,11590
T007234,E03139,Communication Skills,2024-03-20,16,Classroom,Completed,53,60,5827
T007235,E03139,Advanced Excel,2024-04-11,12,Blended,Completed,73,95,8793
T007236,E03139,Cloud Fundamentals,2026-05-17,16,Online,Completed,65,87,9615
T007237,E03140,GenAI for Business,2025-02-16,6,Classroom,Completed,48,60,7155
T007238,E03140,Advanced Excel,2025-10-26,4,Blended,Incomplete,65,79,7329
T007239,E03140,Communication Skills,2025-07-21,16,Classroom,Completed,44,72,8702
T007240,E03140,Power BI,2026-03-20,16,Classroom,Completed,56,72,6296
T007241,E03140,Advanced Excel,2024-02-18,4,Classroom,Completed,66,88,7440
T007242,E03141,Communication Skills,2026-04-15,24,Classroom,Completed,41,47,11260
T007243,E03141,Data Privacy,2025-12-14,4,Online,Completed,44,72,13730
T007244,E03141,Cloud Fundamentals,2025-12-21,24,Online,Completed,62,75,6950
T007245,E03142,Power BI,2026-08-11,24,Online,Completed,52,71,5846
T007246,E03143,Data Privacy,2024-04-06,2,Classroom,Completed,45,71,7653
T007247,E03143,Python Analytics,2024-06-28,6,Blended,Completed,60,78,5086
T007248,E03143,Project Management,2024-02-05,16,Classroom,Completed,59,67,13453
T007249,E03144,Communication Skills,2024-10-08,8,Classroom,Completed,62,82,13036
T007250,E03144,Leadership Essentials,2025-02-17,8,Online,Completed,44,51,4893
T007251,E03144,Python Analytics,2025-12-16,24,Classroom,Completed,41,60,11782
T007252,E03145,Leadership Essentials,2024-12-14,4,Blended,Completed,72,98,7292
T007253,E03145,Project Management,2026-04-19,24,Blended,Completed,50,74,6644
T007254,E03146,Negotiation,2025-09-22,16,Classroom,Completed,58,78,10942
T007255,E03146,Power BI,2024-11-03,16,Online,Completed,58,64,12097
T007256,E03146,GenAI for Business,2024-04-20,16,Classroom,Completed,63,83,10731
T007257,E03146,Data Privacy,2025-08-05,12,Blended,Completed,64,74,11414
T007258,E03146,Communication Skills,2024-04-01,8,Online,Completed,68,84,11734
T007259,E03147,Leadership Essentials,2024-03-20,12,Online,Completed,53,71,11235
T007260,E03149,Python Analytics,2024-06-26,8,Blended,Completed,56,68,5676
T007261,E03149,Negotiation,2024-07-03,24,Blended,Completed,54,74,4246
T007262,E03149,Project Management,2024-03-21,6,Blended,Completed,54,68,3213
T007263,E03150,Negotiation,2025-08-10,8,Classroom,Completed,78,90,13982
T007264,E03153,Communication Skills,2024-11-27,24,Classroom,Completed,68,74,13660
T007265,E03153,Advanced Excel,2024-03-07,12,Blended,Completed,63,74,12377
T007266,E03153,Project Management,2024-10-25,12,Online,Completed,56,83,8610
T007267,E03154,Negotiation,2025-08-21,12,Classroom,Completed,51,67,5517
T007268,E03154,GenAI for Business,2025-10-03,4,Online,Completed,63,87,11868
T007269,E03154,Project Management,2025-11-28,4,Online,Completed,71,99,4644
T007270,E03156,Data Privacy,2025-07-26,24,Online,Completed,48,61,11082
T007271,E03157,Project Management,2024-06-06,8,Online,Completed,58,73,11392
T007272,E03159,Power BI,2025-08-26,2,Classroom,Completed,41,57,9240
T007273,E03159,Negotiation,2024-08-12,4,Classroom,Completed,44,49,12139
T007274,E03159,GenAI for Business,2024-10-21,12,Blended,Completed,43,58,10033
T007275,E03159,Data Privacy,2025-07-04,24,Classroom,Completed,40,52,7160
T007276,E03159,Communication Skills,2024-08-03,4,Online,Completed,63,79,3300
T007277,E03161,Advanced Excel,2026-02-22,16,Online,Completed,61,71,3855
T007278,E03161,Negotiation,2025-10-24,24,Blended,Completed,77,94,2221
T007279,E03161,Python Analytics,2024-01-10,4,Blended,Completed,78,93,12069
T007280,E03161,Leadership Essentials,2024-03-13,12,Blended,Completed,53,61,13393
T007281,E03162,Negotiation,2026-05-11,12,Blended,Completed,72,91,8680
T007282,E03162,Leadership Essentials,2025-01-20,24,Blended,Completed,49,69,14177
T007283,E03162,Project Management,2026-03-14,24,Blended,Completed,58,74,4913
T007284,E03162,Negotiation,2025-03-13,8,Blended,Completed,56,61,7070
T007285,E03162,Leadership Essentials,2026-05-05,6,Blended,Completed,74,90,2048
T007286,E03163,Project Management,2025-08-25,24,Online,Completed,72,83,3368
T007287,E03163,Cloud Fundamentals,2026-03-01,6,Classroom,Completed,78,85,8960
T007288,E03164,Negotiation,2024-05-23,16,Classroom,Completed,54,63,13786
T007289,E03165,Project Management,2024-12-05,16,Online,Completed,63,87,13266
T007290,E03166,Power BI,2025-10-10,8,Classroom,Completed,43,66,5225
T007291,E03166,Communication Skills,2024-08-11,24,Classroom,Completed,76,100,13973
T007292,E03166,Project Management,2025-04-12,6,Online,Completed,41,66,10144
T007293,E03166,Cloud Fundamentals,2024-10-12,2,Blended,Completed,44,60,12352
T007294,E03168,Data Privacy,2026-05-26,2,Blended,Completed,75,80,9025
T007295,E03168,Communication Skills,2025-08-18,8,Blended,Completed,63,80,5795
T007296,E03168,Cloud Fundamentals,2024-05-04,12,Blended,Completed,70,77,8071
T007297,E03168,Data Privacy,2025-09-10,8,Blended,Completed,40,47,5369
T007298,E03168,Leadership Essentials,2025-04-02,6,Blended,Completed,41,61,4082
T007299,E03169,Negotiation,2024-01-28,12,Classroom,Completed,45,73,12136
T007300,E03169,Communication Skills,2026-06-19,4,Classroom,Completed,72,78,7860
T007301,E03169,Python Analytics,2025-11-23,24,Classroom,Completed,76,100,10245
T007302,E03169,Cloud Fundamentals,2026-08-31,8,Classroom,Completed,49,63,12612
T007303,E03170,Python Analytics,2024-09-13,16,Classroom,Incomplete,66,89,5054
T007304,E03170,Project Management,2024-08-09,6,Online,Completed,59,82,3898
T007305,E03170,Python Analytics,2024-02-16,12,Classroom,Completed,78,88,14268
T007306,E03170,Advanced Excel,2025-05-25,4,Classroom,Completed,75,95,12648
T007307,E03173,Leadership Essentials,2026-07-20,6,Classroom,Completed,65,79,3597
T007308,E03173,Project Management,2026-06-03,8,Online,Completed,44,64,12727
T007309,E03174,Data Privacy,2026-01-24,24,Classroom,Completed,42,57,12863
T007310,E03174,Leadership Essentials,2025-11-29,24,Blended,Completed,59,70,6577
T007311,E03175,Power BI,2026-06-16,6,Online,Completed,65,70,3659
T007312,E03175,Advanced Excel,2026-08-02,2,Blended,Completed,52,59,13694
T007313,E03175,GenAI for Business,2025-03-26,8,Classroom,Completed,58,80,2006
T007314,E03175,Python Analytics,2026-03-08,12,Online,Completed,44,52,10408
T007315,E03177,Cloud Fundamentals,2025-12-21,8,Online,Completed,45,57,4076
T007316,E03177,Python Analytics,2024-08-22,16,Online,Completed,51,61,12279
T007317,E03177,Cloud Fundamentals,2026-06-24,24,Blended,Completed,75,88,7781
T007318,E03178,Negotiation,2024-05-08,4,Blended,Completed,72,96,10004
T007319,E03178,Project Management,2025-06-18,24,Blended,Completed,63,91,2272
T007320,E03181,Negotiation,2025-05-03,12,Classroom,Completed,58,79,4804
T007321,E03181,Data Privacy,2024-08-18,6,Blended,Completed,66,89,8295
T007322,E03182,Advanced Excel,2026-03-23,16,Online,Completed,48,65,7672
T007323,E03183,Data Privacy,2025-06-13,4,Blended,Completed,46,61,10839
T007324,E03186,Leadership Essentials,2026-05-24,8,Blended,Completed,77,87,8797
T007325,E03186,Project Management,2024-02-25,12,Online,Completed,40,45,3580
T007326,E03186,Power BI,2025-04-05,6,Blended,Completed,44,56,6842
T007327,E03186,Project Management,2025-03-17,12,Blended,Completed,70,81,5910
T007328,E03187,Project Management,2025-04-05,16,Classroom,Incomplete,58,80,14860
T007329,E03187,Negotiation,2024-12-15,16,Online,Completed,59,73,4433
T007330,E03187,Leadership Essentials,2024-08-06,4,Online,Incomplete,53,67,5953
T007331,E03188,Leadership Essentials,2026-03-01,16,Online,Completed,47,59,12135
T007332,E03189,Python Analytics,2026-01-25,2,Online,Completed,59,72,2126
T007333,E03190,Communication Skills,2024-10-15,2,Blended,Completed,59,69,3655
T007334,E03190,Advanced Excel,2024-06-22,16,Classroom,Incomplete,51,73,4219
T007335,E03190,Negotiation,2024-05-20,2,Blended,Completed,58,69,7825
T007336,E03190,Cloud Fundamentals,2024-04-27,24,Online,Completed,63,68,14048
T007337,E03193,GenAI for Business,2026-01-21,12,Classroom,Completed,66,72,9605
T007338,E03193,Cloud Fundamentals,2025-02-15,12,Blended,Incomplete,60,80,3203
T007339,E03193,Cloud Fundamentals,2026-07-14,6,Classroom,Completed,62,90,12317
T007340,E03193,Data Privacy,2024-02-25,2,Classroom,Completed,64,89,12484
T007341,E03193,Project Management,2026-08-30,12,Blended,Completed,48,63,10949
T007342,E03194,Advanced Excel,2026-07-30,4,Blended,Completed,65,88,14547
T007343,E03194,Negotiation,2025-07-08,6,Classroom,Completed,49,61,7524
T007344,E03197,Leadership Essentials,2025-07-07,2,Classroom,Completed,68,77,12548
T007345,E03197,Data Privacy,2025-09-01,16,Blended,Completed,55,62,12970
T007346,E03197,Cloud Fundamentals,2025-06-18,2,Online,Completed,56,66,6659
T007347,E03197,Data Privacy,2024-12-20,16,Online,Completed,50,64,12970
T007348,E03199,Python Analytics,2025-07-04,16,Classroom,Completed,53,63,5684
T007349,E03199,GenAI for Business,2024-02-26,24,Blended,Completed,51,67,3142
T007350,E03199,Negotiation,2025-08-30,2,Classroom,Completed,78,85,12133
T007351,E03199,Communication Skills,2025-06-21,6,Blended,Completed,49,69,4512
T007352,E03199,Power BI,2025-05-24,12,Classroom,Completed,65,72,6260
T007353,E03200,Python Analytics,2025-01-18,4,Blended,Incomplete,59,70,3151
T007354,E03200,Python Analytics,2024-09-22,4,Classroom,Completed,43,54,14767
T007355,E03201,Communication Skills,2026-04-25,4,Blended,Completed,47,69,9047
T007356,E03201,Communication Skills,2026-06-29,4,Online,Incomplete,72,88,14509
T007357,E03201,Data Privacy,2025-12-12,12,Online,Incomplete,46,74,12135
T007358,E03202,Power BI,2024-04-23,12,Classroom,Completed,43,71,9698
T007359,E03203,Negotiation,2025-09-01,24,Online,Completed,45,58,11653
T007360,E03203,Data Privacy,2024-11-20,4,Blended,Completed,78,84,3940
T007361,E03203,Project Management,2025-11-24,12,Blended,Completed,40,63,14198
T007362,E03203,Leadership Essentials,2025-12-27,24,Blended,Completed,58,85,4275
T007363,E03203,Cloud Fundamentals,2025-05-03,2,Online,Completed,60,71,5486
T007364,E03204,Leadership Essentials,2025-12-17,2,Classroom,Completed,71,87,10410
T007365,E03204,Cloud Fundamentals,2025-01-30,6,Online,Completed,62,82,14741
T007366,E03205,Project Management,2025-10-07,16,Classroom,Completed,43,61,13703
T007367,E03206,Python Analytics,2026-08-02,8,Classroom,Completed,50,76,13671
T007368,E03207,Data Privacy,2026-07-14,2,Blended,Completed,65,73,12096
T007369,E03208,Communication Skills,2024-12-09,24,Blended,Completed,54,69,6923
T007370,E03208,Project Management,2026-01-19,4,Online,Completed,68,88,4939
T007371,E03209,Cloud Fundamentals,2025-05-14,12,Classroom,Incomplete,71,93,9413
T007372,E03209,Cloud Fundamentals,2024-01-08,16,Classroom,Completed,63,84,5542
T007373,E03209,Leadership Essentials,2024-12-21,4,Blended,Completed,42,47,3536
T007374,E03209,Communication Skills,2024-08-13,2,Online,Completed,53,64,11296
T007375,E03210,Power BI,2024-09-16,8,Blended,Completed,50,70,3509
T007376,E03210,Python Analytics,2025-08-09,4,Blended,Incomplete,63,89,11093
T007377,E03210,Communication Skills,2024-07-25,2,Classroom,Completed,40,56,8548
T007378,E03210,Cloud Fundamentals,2026-07-14,2,Blended,Completed,44,54,5357
T007379,E03210,Negotiation,2026-07-20,24,Blended,Completed,49,56,11602
T007380,E03211,Cloud Fundamentals,2025-12-07,24,Blended,Completed,78,100,11795
T007381,E03211,Leadership Essentials,2025-07-17,4,Online,Completed,40,62,10423
T007382,E03213,Python Analytics,2024-12-08,8,Online,Completed,55,80,3850
T007383,E03213,Power BI,2026-05-10,6,Classroom,Completed,54,63,13980
T007384,E03213,Advanced Excel,2025-04-21,16,Blended,Completed,53,66,13772
T007385,E03213,Project Management,2024-10-22,2,Online,Completed,66,92,10263
T007386,E03214,Communication Skills,2024-03-06,6,Blended,Completed,44,53,9185
T007387,E03214,Advanced Excel,2024-11-01,8,Classroom,Completed,50,72,10357
T007388,E03218,GenAI for Business,2025-02-25,12,Online,Completed,44,69,9044
T007389,E03218,Power BI,2024-03-11,16,Online,Completed,54,69,12605
T007390,E03218,Cloud Fundamentals,2024-10-30,24,Classroom,Completed,70,93,7925
T007391,E03218,Cloud Fundamentals,2025-10-31,12,Online,Completed,72,96,8362
T007392,E03219,Leadership Essentials,2025-08-02,12,Blended,Completed,74,97,11945
T007393,E03219,Communication Skills,2025-09-15,4,Classroom,Completed,43,48,2236
T007394,E03219,Communication Skills,2026-03-02,12,Classroom,Completed,60,78,4238
T007395,E03219,Leadership Essentials,2025-05-19,8,Blended,Completed,44,61,8566
T007396,E03221,Project Management,2026-06-10,2,Blended,Completed,66,74,10630
T007397,E03221,Data Privacy,2026-04-16,4,Blended,Completed,71,91,5131
T007398,E03221,Advanced Excel,2026-05-21,6,Blended,Completed,63,83,13440
T007399,E03222,Advanced Excel,2026-06-11,2,Classroom,Completed,64,74,7093
T007400,E03222,Project Management,2026-07-03,8,Blended,Completed,63,68,3375
T007401,E03222,Python Analytics,2026-04-22,24,Online,Completed,65,70,10945
T007402,E03223,Power BI,2026-06-01,12,Online,Completed,41,54,13587
T007403,E03224,Advanced Excel,2026-02-02,4,Classroom,Completed,41,61,9934
T007404,E03224,Communication Skills,2025-08-26,4,Blended,Completed,52,60,14376
T007405,E03224,Communication Skills,2025-03-15,8,Classroom,Completed,59,74,5035
T007406,E03224,Negotiation,2025-07-13,4,Online,Completed,56,68,8607
T007407,E03225,Power BI,2024-11-15,12,Classroom,Completed,74,100,8209
T007408,E03226,Power BI,2026-03-09,16,Blended,Completed,61,66,9631
T007409,E03226,Communication Skills,2024-10-05,6,Blended,Completed,64,73,7076
T007410,E03226,Project Management,2025-03-19,4,Classroom,Completed,70,98,1519
T007411,E03226,Advanced Excel,2025-04-22,16,Blended,Incomplete,57,64,7279
T007412,E03227,Power BI,2025-10-20,6,Blended,Completed,73,79,9967
T007413,E03227,GenAI for Business,2026-05-27,12,Blended,Completed,46,60,1994
T007414,E03229,Leadership Essentials,2025-04-18,12,Blended,Completed,48,76,8618
T007415,E03229,Advanced Excel,2025-09-01,24,Classroom,Completed,61,74,11322
T007416,E03230,Advanced Excel,2025-08-25,6,Online,Completed,73,94,11141
T007417,E03230,Python Analytics,2026-06-04,24,Online,Completed,74,87,8722
T007418,E03230,Cloud Fundamentals,2025-09-06,12,Blended,Completed,57,80,7629
T007419,E03231,Power BI,2026-05-01,12,Blended,Completed,51,68,4540
T007420,E03231,GenAI for Business,2026-08-09,24,Classroom,Completed,44,64,4973
T007421,E03231,Communication Skills,2026-04-23,24,Online,Completed,65,79,4857
T007422,E03231,Cloud Fundamentals,2025-08-28,8,Online,Completed,40,55,1913
T007423,E03231,Python Analytics,2026-03-02,12,Blended,Completed,65,92,11012
T007424,E03232,Data Privacy,2025-03-28,12,Online,Completed,70,82,10764
T007425,E03232,Data Privacy,2025-11-03,16,Blended,Completed,47,71,14841
T007426,E03232,Negotiation,2026-05-31,4,Online,Completed,41,57,13682
T007427,E03232,Python Analytics,2024-01-15,4,Online,Completed,48,54,14354
T007428,E03232,Advanced Excel,2024-10-02,16,Classroom,Completed,45,56,13379
T007429,E03233,Leadership Essentials,2025-04-14,6,Classroom,Completed,47,52,2039
T007430,E03233,Python Analytics,2024-01-26,4,Online,Completed,44,57,2479
T007431,E03233,GenAI for Business,2026-04-08,4,Online,Completed,43,66,12222
T007432,E03233,GenAI for Business,2024-11-09,16,Blended,Completed,63,82,10325
T007433,E03233,Negotiation,2026-07-02,24,Classroom,Completed,40,64,13365
T007434,E03234,Advanced Excel,2024-01-10,4,Classroom,Completed,63,77,12147
T007435,E03235,Power BI,2024-01-22,8,Classroom,Incomplete,59,80,13470
T007436,E03235,Negotiation,2024-02-21,24,Classroom,Completed,41,47,14390
T007437,E03235,Negotiation,2024-03-23,2,Classroom,Completed,45,53,3265
T007438,E03236,Project Management,2026-05-01,8,Blended,Completed,59,66,6979
T007439,E03236,Negotiation,2024-12-29,24,Classroom,Completed,72,91,2526
T007440,E03236,Power BI,2025-07-31,12,Blended,Completed,65,81,4012
T007441,E03236,Project Management,2026-04-02,8,Blended,Completed,53,63,12530
T007442,E03237,Leadership Essentials,2025-07-26,4,Classroom,Completed,70,94,3675
T007443,E03237,Python Analytics,2024-06-10,24,Online,Completed,40,47,14068
T007444,E03237,Advanced Excel,2024-12-17,6,Online,Completed,56,77,12239
T007445,E03237,Communication Skills,2026-01-25,8,Online,Completed,76,87,8814
T007446,E03237,Advanced Excel,2025-11-09,24,Classroom,Completed,45,53,5225
T007447,E03238,Python Analytics,2026-05-13,6,Blended,Completed,65,83,7228
T007448,E03238,Leadership Essentials,2026-07-23,24,Online,Completed,44,64,11660
T007449,E03238,Negotiation,2024-01-14,12,Online,Completed,74,96,12784
T007450,E03238,Data Privacy,2024-06-01,4,Classroom,Incomplete,63,84,4479
T007451,E03238,Python Analytics,2025-06-03,4,Online,Completed,56,84,2113
T007452,E03241,GenAI for Business,2025-07-31,12,Blended,Completed,62,87,13752
T007453,E03241,Cloud Fundamentals,2025-07-07,16,Blended,Completed,74,93,7094
T007454,E03241,Power BI,2025-02-27,2,Blended,Completed,42,52,14975
T007455,E03241,Project Management,2025-09-05,12,Online,Incomplete,47,65,14053
T007456,E03242,Cloud Fundamentals,2024-09-29,8,Online,Completed,47,70,10444
T007457,E03242,Data Privacy,2024-06-24,2,Online,Incomplete,73,95,8319
T007458,E03243,Negotiation,2025-08-01,12,Classroom,Completed,68,90,2216
T007459,E03244,Data Privacy,2026-07-24,8,Classroom,Completed,47,75,12893
T007460,E03245,Leadership Essentials,2024-01-25,4,Blended,Completed,60,85,14121
T007461,E03245,Project Management,2024-06-24,16,Classroom,Completed,62,80,12349
T007462,E03245,Communication Skills,2024-02-15,16,Classroom,Completed,62,80,4671
T007463,E03247,Cloud Fundamentals,2025-12-18,16,Classroom,Completed,47,61,8500
T007464,E03249,Python Analytics,2026-04-26,8,Blended,Completed,45,56,8226
T007465,E03249,Communication Skills,2026-06-13,6,Classroom,Completed,55,76,12959
T007466,E03249,Power BI,2026-01-01,6,Classroom,Completed,54,64,14176
T007467,E03251,Project Management,2026-01-12,4,Online,Completed,49,73,7847
T007468,E03251,Python Analytics,2025-10-25,8,Classroom,Completed,59,87,4170
T007469,E03253,Leadership Essentials,2025-10-08,4,Classroom,Completed,64,76,11093
T007470,E03254,Advanced Excel,2026-08-19,2,Classroom,Completed,44,65,7082
T007471,E03254,Python Analytics,2024-10-02,12,Classroom,Completed,54,82,4318
T007472,E03254,Data Privacy,2024-09-12,6,Classroom,Incomplete,49,61,11899
T007473,E03255,Project Management,2024-03-12,16,Online,Completed,60,85,6977
T007474,E03255,Negotiation,2025-01-16,2,Classroom,Completed,52,75,13162
T007475,E03257,Leadership Essentials,2025-11-10,16,Blended,Completed,50,69,10320
T007476,E03257,GenAI for Business,2024-10-18,24,Classroom,Completed,50,63,9781
T007477,E03257,Leadership Essentials,2025-08-21,6,Classroom,Completed,59,70,2071
T007478,E03257,Advanced Excel,2024-10-11,6,Online,Completed,75,100,9228
T007479,E03258,Cloud Fundamentals,2024-01-22,16,Blended,Incomplete,70,82,6597
T007480,E03259,Communication Skills,2025-04-12,24,Online,Completed,40,48,10573
T007481,E03259,Leadership Essentials,2024-03-13,12,Blended,Completed,68,95,11445
T007482,E03259,Cloud Fundamentals,2024-12-06,12,Online,Completed,66,77,7399
T007483,E03261,GenAI for Business,2025-07-18,24,Classroom,Completed,48,63,6903
T007484,E03261,Leadership Essentials,2024-08-25,16,Classroom,Completed,54,73,10504
T007485,E03261,Leadership Essentials,2024-12-27,4,Classroom,Completed,62,79,3939
T007486,E03261,Cloud Fundamentals,2025-08-19,8,Classroom,Completed,77,100,3461
T007487,E03262,Leadership Essentials,2024-07-17,6,Online,Completed,76,84,6089
T007488,E03262,Data Privacy,2024-10-03,16,Classroom,Completed,48,69,5799
T007489,E03263,GenAI for Business,2024-05-02,6,Blended,Completed,59,68,3355
T007490,E03264,Python Analytics,2026-04-24,6,Online,Completed,73,89,2760
T007491,E03264,Cloud Fundamentals,2026-03-21,24,Online,Completed,54,79,12060
T007492,E03264,Advanced Excel,2026-01-05,8,Online,Completed,77,99,14593
T007493,E03264,Advanced Excel,2026-03-04,2,Blended,Completed,61,77,1968
T007494,E03264,Advanced Excel,2026-07-28,6,Blended,Completed,78,89,7333
T007495,E03265,Power BI,2025-10-07,4,Classroom,Completed,65,77,13766
T007496,E03265,Python Analytics,2025-07-05,8,Blended,Completed,64,83,14481
T007497,E03266,Power BI,2026-07-29,8,Blended,Incomplete,77,100,12614
T007498,E03266,Power BI,2026-07-29,4,Blended,Completed,40,50,12795
T007499,E03266,Python Analytics,2024-04-22,2,Classroom,Completed,62,86,12268
T007500,E03266,Negotiation,2024-01-30,6,Classroom,Incomplete,76,97,11533
T007501,E03267,Negotiation,2025-09-25,16,Online,Completed,61,66,13020
T007502,E03267,Negotiation,2025-01-20,2,Blended,Completed,43,55,1586
T007503,E03268,Project Management,2025-10-25,12,Classroom,Completed,78,91,14544
T007504,E03268,GenAI for Business,2025-10-03,6,Blended,Completed,64,89,14993
T007505,E03269,Communication Skills,2026-08-19,4,Blended,Completed,61,70,2838
T007506,E03269,Python Analytics,2026-04-09,6,Blended,Completed,75,90,5853
T007507,E03269,GenAI for Business,2026-08-07,2,Online,Completed,77,94,10335
T007508,E03269,Cloud Fundamentals,2026-07-27,2,Online,Incomplete,42,55,8097
T007509,E03270,Communication Skills,2024-08-12,2,Blended,Completed,43,64,6859
T007510,E03270,Cloud Fundamentals,2024-12-24,4,Classroom,Completed,46,51,3973
T007511,E03270,Leadership Essentials,2024-03-10,12,Blended,Completed,59,66,8349
T007512,E03270,Leadership Essentials,2024-11-22,2,Blended,Completed,46,55,13539
T007513,E03270,Communication Skills,2024-12-06,12,Online,Completed,43,69,13985
T007514,E03271,Communication Skills,2024-05-12,4,Classroom,Completed,61,82,14953
T007515,E03272,Leadership Essentials,2026-06-25,16,Online,Completed,55,82,11780
T007516,E03273,Communication Skills,2026-03-23,8,Online,Completed,70,81,2274
T007517,E03273,Negotiation,2026-03-05,2,Online,Incomplete,47,59,12849
T007518,E03273,Advanced Excel,2025-04-25,4,Online,Completed,47,56,9280
T007519,E03273,GenAI for Business,2024-06-14,6,Blended,Completed,62,69,3735
T007520,E03274,GenAI for Business,2025-08-20,4,Classroom,Completed,45,65,13647
T007521,E03274,Negotiation,2025-11-18,2,Blended,Completed,70,83,2707
T007522,E03275,Data Privacy,2025-10-11,6,Blended,Completed,63,75,8527
T007523,E03275,Negotiation,2025-06-15,24,Online,Completed,71,94,6964
T007524,E03275,Cloud Fundamentals,2025-09-24,16,Blended,Completed,52,73,11304
T007525,E03275,Cloud Fundamentals,2025-02-17,16,Blended,Completed,78,100,11689
T007526,E03276,Negotiation,2024-08-31,24,Online,Completed,40,61,6384
T007527,E03276,Leadership Essentials,2024-05-17,6,Online,Completed,40,63,5220
T007528,E03276,Advanced Excel,2025-11-22,8,Online,Completed,52,74,3414
T007529,E03277,Power BI,2024-10-14,12,Blended,Completed,53,77,11408
T007530,E03277,GenAI for Business,2026-07-09,12,Online,Completed,74,92,13525
T007531,E03277,Negotiation,2025-01-25,12,Classroom,Completed,48,67,10531
T007532,E03277,Leadership Essentials,2026-07-23,16,Blended,Completed,51,63,2876
T007533,E03277,Data Privacy,2024-07-09,12,Blended,Completed,54,78,3025
T007534,E03278,Power BI,2025-11-02,8,Blended,Incomplete,53,60,3155
T007535,E03278,Communication Skills,2024-03-05,12,Online,Completed,50,58,7381
T007536,E03278,Python Analytics,2024-05-28,8,Blended,Completed,40,60,2310
T007537,E03279,GenAI for Business,2025-02-06,24,Blended,Completed,77,97,13736
T007538,E03279,Power BI,2024-07-30,16,Blended,Completed,71,80,2807
T007539,E03279,Advanced Excel,2024-05-19,2,Blended,Completed,58,69,6764
T007540,E03279,Python Analytics,2024-04-27,6,Classroom,Incomplete,43,69,4312
T007541,E03279,Power BI,2024-07-19,16,Blended,Completed,72,85,14401
T007542,E03280,Negotiation,2024-07-13,2,Classroom,Completed,76,90,7407
T007543,E03280,Project Management,2024-03-10,6,Blended,Completed,44,59,4889
T007544,E03280,Power BI,2024-12-30,16,Blended,Completed,78,99,1627
T007545,E03280,Advanced Excel,2024-04-18,2,Blended,Completed,58,73,9170
T007546,E03280,Project Management,2025-09-26,24,Online,Completed,59,85,8427
T007547,E03281,Python Analytics,2026-06-03,8,Classroom,Completed,73,79,4565
T007548,E03281,Leadership Essentials,2026-05-31,12,Online,Completed,64,74,2368
T007549,E03281,Cloud Fundamentals,2026-01-22,2,Classroom,Completed,41,47,12391
T007550,E03281,Advanced Excel,2026-03-15,16,Online,Completed,63,68,3764
T007551,E03281,Project Management,2025-10-22,12,Blended,Completed,74,99,6345
T007552,E03283,Python Analytics,2026-05-23,8,Blended,Completed,65,81,14854
T007553,E03284,Leadership Essentials,2026-08-13,4,Online,Completed,71,82,4376
T007554,E03284,Project Management,2026-06-02,6,Classroom,Completed,55,68,8487
T007555,E03284,Data Privacy,2026-07-17,8,Blended,Completed,55,66,2180
T007556,E03284,Project Management,2026-08-18,6,Classroom,Incomplete,45,68,2744
T007557,E03284,Project Management,2026-08-30,16,Blended,Completed,70,87,13073
T007558,E03286,Power BI,2025-07-22,24,Online,Completed,44,63,14882
T007559,E03286,Data Privacy,2025-11-13,6,Blended,Completed,72,99,10815
T007560,E03286,Negotiation,2026-06-21,16,Blended,Completed,60,65,3736
T007561,E03287,Project Management,2024-12-24,24,Classroom,Completed,62,75,4922
T007562,E03287,Cloud Fundamentals,2024-08-11,2,Blended,Completed,53,78,8569
T007563,E03287,Power BI,2024-07-11,16,Classroom,Completed,57,63,9484
T007564,E03288,Advanced Excel,2026-06-20,2,Classroom,Completed,61,75,5094
T007565,E03288,Python Analytics,2026-05-22,24,Blended,Completed,72,85,6742
T007566,E03289,GenAI for Business,2026-02-08,6,Classroom,Completed,73,94,2418
T007567,E03289,Communication Skills,2025-07-24,6,Online,Completed,52,66,6102
T007568,E03289,Leadership Essentials,2025-08-25,2,Blended,Completed,78,100,7024
T007569,E03289,Project Management,2026-04-16,2,Online,Completed,50,60,2337
T007570,E03290,Negotiation,2024-11-19,8,Classroom,Completed,52,59,12290
T007571,E03290,Advanced Excel,2025-01-03,4,Blended,Completed,74,93,7958
T007572,E03290,Cloud Fundamentals,2026-05-25,16,Classroom,Completed,43,53,5494
T007573,E03291,Cloud Fundamentals,2025-11-29,12,Classroom,Completed,60,74,10791
T007574,E03291,GenAI for Business,2025-05-06,8,Online,Completed,66,90,1852
T007575,E03291,Communication Skills,2026-08-14,8,Blended,Completed,66,75,5992
T007576,E03291,GenAI for Business,2026-03-28,8,Classroom,Completed,70,92,2933
T007577,E03291,Project Management,2025-10-11,6,Blended,Completed,71,93,2741
T007578,E03292,Communication Skills,2025-05-02,6,Online,Completed,77,90,9377
T007579,E03293,Cloud Fundamentals,2026-08-16,12,Online,Completed,58,65,5582
T007580,E03293,Advanced Excel,2026-08-17,4,Blended,Completed,61,74,7322
T007581,E03293,Advanced Excel,2026-08-09,6,Blended,Completed,74,86,8756
T007582,E03293,GenAI for Business,2026-07-08,6,Online,Completed,62,68,9825
T007583,E03293,Leadership Essentials,2026-07-19,12,Online,Completed,60,66,7056
T007584,E03294,Python Analytics,2024-03-24,16,Classroom,Completed,46,70,14084
T007585,E03294,Project Management,2024-10-01,16,Online,Completed,51,68,11656
T007586,E03294,Negotiation,2026-05-04,16,Online,Completed,43,48,4573
T007587,E03297,Leadership Essentials,2026-08-30,6,Online,Completed,69,82,7682
T007588,E03297,Data Privacy,2025-05-16,24,Online,Completed,61,84,3931
T007589,E03297,Cloud Fundamentals,2026-01-11,6,Blended,Completed,43,54,14394
T007590,E03297,Cloud Fundamentals,2024-05-25,6,Online,Completed,57,66,12703
T007591,E03298,Power BI,2025-10-02,16,Blended,Completed,43,58,13100
T007592,E03299,Power BI,2026-07-08,16,Blended,Completed,69,78,3725
T007593,E03299,Negotiation,2026-07-17,2,Blended,Completed,70,85,12463
T007594,E03299,Advanced Excel,2026-06-25,8,Blended,Completed,53,77,3389
T007595,E03299,Cloud Fundamentals,2026-08-27,8,Blended,Completed,52,57,2831
T007596,E03303,Advanced Excel,2024-07-13,24,Online,Completed,63,76,6032
T007597,E03303,Cloud Fundamentals,2025-10-05,24,Blended,Completed,44,66,14953
T007598,E03303,Negotiation,2024-12-31,16,Classroom,Completed,64,71,12473
T007599,E03303,Advanced Excel,2025-08-20,16,Classroom,Completed,74,83,1874
T007600,E03304,Leadership Essentials,2024-10-05,24,Classroom,Completed,67,93,13431
T007601,E03304,Data Privacy,2024-01-15,16,Classroom,Completed,69,89,9485
T007602,E03304,Leadership Essentials,2024-11-04,12,Online,Completed,46,51,11793
T007603,E03304,Cloud Fundamentals,2025-08-07,6,Online,Completed,57,79,12843
T007604,E03304,Power BI,2024-08-22,4,Online,Completed,48,76,13235
T007605,E03305,Data Privacy,2025-09-27,24,Online,Completed,66,93,8457
T007606,E03305,GenAI for Business,2024-01-22,4,Online,Completed,55,77,2775
T007607,E03305,Power BI,2024-06-15,6,Online,Completed,41,64,7894
T007608,E03305,Cloud Fundamentals,2026-03-06,6,Blended,Completed,67,82,11798
T007609,E03305,Data Privacy,2025-03-15,16,Classroom,Incomplete,49,72,2755
T007610,E03306,Data Privacy,2025-03-27,2,Online,Completed,45,55,3517
T007611,E03306,Python Analytics,2025-08-09,6,Online,Completed,56,76,13642
T007612,E03306,Project Management,2025-09-10,4,Online,Completed,76,81,14986
T007613,E03306,Project Management,2024-06-09,16,Classroom,Completed,46,57,2444
T007614,E03308,Negotiation,2025-04-06,12,Blended,Completed,64,79,6827
T007615,E03308,Python Analytics,2026-08-29,2,Blended,Completed,45,73,3150
T007616,E03308,GenAI for Business,2025-08-21,6,Online,Completed,68,96,14156
T007617,E03308,Communication Skills,2024-03-29,6,Blended,Completed,53,73,8804
T007618,E03308,Python Analytics,2025-11-13,16,Blended,Completed,68,93,6663
T007619,E03310,Leadership Essentials,2024-01-29,8,Classroom,Completed,43,56,10878
T007620,E03311,Data Privacy,2025-01-05,8,Online,Completed,64,91,10793
T007621,E03311,Negotiation,2025-09-22,24,Blended,Completed,74,88,10350
T007622,E03311,Leadership Essentials,2024-08-15,2,Online,Completed,74,90,7041
T007623,E03311,Communication Skills,2024-07-19,6,Blended,Completed,55,74,8626
T007624,E03312,Data Privacy,2026-06-13,4,Blended,Completed,45,51,14725
T007625,E03312,GenAI for Business,2025-09-10,6,Online,Completed,56,81,5016
T007626,E03312,Cloud Fundamentals,2025-10-13,12,Classroom,Completed,70,98,9243
T007627,E03312,Cloud Fundamentals,2025-12-28,12,Classroom,Completed,53,61,6015
T007628,E03312,Project Management,2025-12-03,8,Blended,Completed,69,84,13596
T007629,E03313,Negotiation,2025-09-20,16,Blended,Completed,53,66,2090
T007630,E03313,Communication Skills,2026-08-28,12,Blended,Completed,61,82,13796
T007631,E03313,GenAI for Business,2026-01-15,8,Blended,Completed,42,48,9996
T007632,E03313,Project Management,2025-03-06,6,Blended,Completed,78,87,12277
T007633,E03313,GenAI for Business,2026-02-23,8,Classroom,Completed,70,81,14862
T007634,E03315,Python Analytics,2026-04-23,8,Classroom,Completed,45,58,3752
T007635,E03315,Leadership Essentials,2024-04-18,8,Blended,Incomplete,73,100,4100
T007636,E03315,Negotiation,2025-02-26,4,Blended,Completed,76,98,7259
T007637,E03315,Negotiation,2024-10-24,6,Blended,Completed,66,88,7592
T007638,E03316,Python Analytics,2024-01-17,24,Classroom,Completed,51,64,10086
T007639,E03316,Project Management,2026-03-25,4,Classroom,Completed,70,83,1532
T007640,E03316,Cloud Fundamentals,2025-08-29,6,Classroom,Completed,76,83,12033
T007641,E03316,Communication Skills,2025-09-01,2,Classroom,Completed,42,63,9218
T007642,E03317,GenAI for Business,2026-08-24,12,Classroom,Completed,45,54,7243
T007643,E03317,Project Management,2025-11-01,12,Blended,Completed,49,55,13210
T007644,E03319,GenAI for Business,2025-04-24,16,Classroom,Completed,45,73,8158
T007645,E03320,Project Management,2026-05-20,6,Classroom,Completed,71,93,2528
T007646,E03320,Leadership Essentials,2024-09-01,12,Blended,Completed,56,65,1710
T007647,E03320,Negotiation,2025-02-15,12,Blended,Completed,76,93,1609
T007648,E03320,Advanced Excel,2024-06-13,24,Online,Completed,65,83,3043
T007649,E03320,Negotiation,2025-10-17,6,Online,Completed,49,64,10741
T007650,E03322,Data Privacy,2024-12-20,2,Online,Completed,59,83,7494
T007651,E03322,Python Analytics,2025-02-16,16,Online,Incomplete,51,77,13424
T007652,E03322,Leadership Essentials,2026-05-06,4,Blended,Completed,43,52,12694
T007653,E03322,Data Privacy,2025-02-16,4,Classroom,Completed,57,66,3310
T007654,E03322,Data Privacy,2025-02-21,8,Online,Completed,77,100,8754
T007655,E03325,Project Management,2024-11-07,2,Online,Completed,56,84,4234
T007656,E03325,GenAI for Business,2024-04-28,6,Blended,Incomplete,47,65,8820
T007657,E03325,Leadership Essentials,2024-12-30,16,Classroom,Completed,59,66,14980
T007658,E03325,Communication Skills,2024-04-08,8,Online,Completed,61,76,11803
T007659,E03325,Negotiation,2025-09-07,6,Blended,Completed,41,59,14148
T007660,E03326,Cloud Fundamentals,2024-02-04,8,Classroom,Completed,50,76,14663
T007661,E03328,Python Analytics,2025-01-27,24,Classroom,Incomplete,43,54,12717
T007662,E03329,GenAI for Business,2024-07-17,16,Classroom,Completed,46,53,5834
T007663,E03329,Project Management,2025-11-09,4,Blended,Completed,68,76,2786
T007664,E03329,Negotiation,2026-02-12,6,Blended,Completed,60,76,9379
T007665,E03330,Negotiation,2024-07-09,6,Online,Completed,65,91,14806
T007666,E03330,Power BI,2024-11-24,6,Blended,Completed,45,54,6002
T007667,E03330,GenAI for Business,2024-03-29,6,Blended,Completed,44,49,3421
T007668,E03331,Power BI,2024-05-04,12,Classroom,Completed,76,94,3715
T007669,E03331,Advanced Excel,2026-02-18,12,Online,Completed,75,84,6200
T007670,E03332,Data Privacy,2025-02-20,24,Online,Completed,51,69,10864
T007671,E03332,Data Privacy,2025-06-23,2,Blended,Completed,43,62,7996
T007672,E03334,Advanced Excel,2026-06-06,16,Blended,Completed,42,58,11107
T007673,E03334,Leadership Essentials,2026-07-24,8,Online,Completed,42,62,3786
T007674,E03335,Leadership Essentials,2025-10-03,4,Blended,Completed,65,90,4766
T007675,E03335,GenAI for Business,2024-05-10,6,Blended,Completed,58,73,7409
T007676,E03335,Data Privacy,2025-01-26,6,Blended,Completed,43,53,1701
T007677,E03335,Cloud Fundamentals,2025-10-09,24,Online,Incomplete,68,95,12434
T007678,E03335,GenAI for Business,2025-10-04,2,Online,Completed,60,80,4531
T007679,E03336,Cloud Fundamentals,2026-06-25,24,Blended,Completed,76,83,8868
T007680,E03339,Leadership Essentials,2024-12-26,2,Online,Completed,68,89,11419
T007681,E03339,Python Analytics,2025-02-25,16,Blended,Completed,45,53,5450
T007682,E03339,GenAI for Business,2024-10-23,12,Classroom,Completed,69,92,13948
T007683,E03339,Advanced Excel,2026-06-13,4,Classroom,Completed,76,86,4339
T007684,E03339,Python Analytics,2025-12-06,16,Classroom,Completed,47,54,2479
T007685,E03342,Advanced Excel,2025-06-21,2,Classroom,Incomplete,56,68,14977
T007686,E03342,Cloud Fundamentals,2025-02-19,12,Online,Completed,75,89,8602
T007687,E03342,Leadership Essentials,2025-07-13,24,Classroom,Completed,72,91,5415
T007688,E03343,Data Privacy,2025-12-02,6,Online,Incomplete,47,65,8817
T007689,E03345,Python Analytics,2026-06-30,4,Online,Completed,58,75,11547
T007690,E03346,Cloud Fundamentals,2024-04-01,2,Online,Incomplete,63,77,5039
T007691,E03347,Project Management,2025-09-21,6,Classroom,Completed,58,71,2568
T007692,E03347,Project Management,2024-07-01,4,Blended,Completed,62,67,2347
T007693,E03347,Power BI,2024-07-25,6,Blended,Completed,70,91,3251
T007694,E03348,Communication Skills,2026-07-14,16,Blended,Completed,69,85,10307
T007695,E03348,Power BI,2025-11-19,16,Blended,Completed,60,71,1972
T007696,E03348,Advanced Excel,2025-10-02,4,Blended,Completed,70,83,4831
T007697,E03348,Advanced Excel,2026-08-07,12,Online,Incomplete,64,73,11820
T007698,E03349,Communication Skills,2025-10-13,24,Classroom,Completed,61,69,3084
T007699,E03349,Advanced Excel,2026-06-05,4,Blended,Incomplete,58,68,9336
T007700,E03349,Communication Skills,2025-11-06,24,Online,Incomplete,55,78,9378
T007701,E03349,Negotiation,2026-06-20,16,Online,Completed,62,85,13968
T007702,E03349,Project Management,2025-09-13,2,Online,Completed,56,74,9021
T007703,E03350,Cloud Fundamentals,2026-08-20,24,Online,Completed,77,93,7760
T007704,E03351,Python Analytics,2026-04-22,8,Classroom,Completed,68,85,12292
T007705,E03351,Communication Skills,2026-03-30,16,Classroom,Completed,66,82,6579
T007706,E03351,Project Management,2024-05-16,24,Blended,Completed,47,60,8194
T007707,E03351,Communication Skills,2024-01-16,24,Classroom,Completed,62,83,1970
T007708,E03354,Python Analytics,2025-02-10,8,Blended,Completed,49,60,6214
T007709,E03354,Data Privacy,2024-03-31,24,Blended,Completed,62,74,6820
T007710,E03354,Data Privacy,2026-05-07,8,Blended,Completed,78,100,4898
T007711,E03355,Negotiation,2026-03-02,24,Blended,Completed,73,99,13824
T007712,E03359,Project Management,2024-05-30,12,Classroom,Completed,62,69,6709
T007713,E03359,Python Analytics,2024-03-24,6,Blended,Completed,75,100,1692
T007714,E03359,Project Management,2025-05-22,8,Classroom,Completed,52,72,7995
T007715,E03359,Advanced Excel,2026-07-22,2,Online,Completed,68,93,7258
T007716,E03359,Project Management,2024-01-10,24,Blended,Completed,66,84,14869
T007717,E03360,Project Management,2025-10-13,12,Online,Completed,41,53,14440
T007718,E03360,Project Management,2025-06-13,8,Blended,Completed,41,48,10221
T007719,E03360,Leadership Essentials,2025-01-25,12,Classroom,Completed,58,71,13382
T007720,E03360,Python Analytics,2026-01-13,6,Blended,Completed,44,67,14112
T007721,E03361,Python Analytics,2024-08-23,8,Classroom,Completed,55,81,11033
T007722,E03362,Negotiation,2025-07-01,6,Classroom,Incomplete,41,58,8370
T007723,E03364,GenAI for Business,2026-05-05,16,Online,Completed,55,83,7206
T007724,E03364,Data Privacy,2026-04-20,16,Blended,Completed,65,88,11801
T007725,E03366,Cloud Fundamentals,2025-11-17,6,Classroom,Completed,43,52,13789
T007726,E03366,Negotiation,2025-10-16,8,Classroom,Completed,78,100,6695
T007727,E03367,Project Management,2025-10-23,12,Online,Completed,66,80,14682
T007728,E03367,Communication Skills,2026-05-14,2,Classroom,Completed,67,90,2905
T007729,E03368,Leadership Essentials,2026-08-12,6,Classroom,Completed,63,81,6965
T007730,E03368,Leadership Essentials,2026-08-24,24,Online,Completed,61,71,12850
T007731,E03368,Advanced Excel,2026-07-03,4,Classroom,Completed,57,71,5931
T007732,E03368,Power BI,2026-08-03,6,Online,Completed,45,55,2225
T007733,E03370,Advanced Excel,2025-12-01,12,Classroom,Completed,52,64,9212
T007734,E03370,Data Privacy,2025-08-18,2,Blended,Completed,45,73,3897
T007735,E03372,Cloud Fundamentals,2026-04-28,16,Classroom,Completed,77,87,11406
T007736,E03372,GenAI for Business,2026-03-07,8,Blended,Completed,60,76,5025
T007737,E03372,Advanced Excel,2026-08-04,6,Classroom,Completed,47,65,4485
T007738,E03372,Cloud Fundamentals,2024-12-26,2,Classroom,Completed,75,100,10959
T007739,E03373,GenAI for Business,2024-10-25,12,Classroom,Completed,69,77,14406
T007740,E03373,Advanced Excel,2025-03-17,4,Classroom,Completed,58,79,4127
T007741,E03373,Cloud Fundamentals,2024-07-02,2,Classroom,Completed,46,52,5735
T007742,E03373,GenAI for Business,2026-08-14,12,Online,Completed,54,74,14702
T007743,E03374,Cloud Fundamentals,2025-04-04,24,Online,Completed,56,81,13985
T007744,E03374,Python Analytics,2024-10-21,8,Classroom,Completed,69,84,9830
T007745,E03374,Leadership Essentials,2025-07-26,4,Classroom,Completed,52,64,13734
T007746,E03374,Project Management,2026-02-07,4,Online,Completed,66,79,13053
T007747,E03375,Communication Skills,2025-11-15,6,Classroom,Completed,60,76,13558
T007748,E03376,Cloud Fundamentals,2025-08-19,2,Blended,Completed,61,73,12602
T007749,E03376,Power BI,2025-03-13,24,Online,Completed,61,76,7241
T007750,E03376,Power BI,2024-05-12,2,Blended,Completed,43,66,12167
T007751,E03377,Communication Skills,2025-02-18,4,Blended,Completed,57,77,9732
T007752,E03377,Communication Skills,2024-11-02,4,Classroom,Completed,43,70,8058
T007753,E03377,Project Management,2025-04-07,8,Online,Incomplete,60,76,7410
T007754,E03379,Advanced Excel,2025-12-04,12,Classroom,Completed,58,72,6487
T007755,E03379,Power BI,2025-01-07,12,Online,Incomplete,72,87,4723
T007756,E03381,Advanced Excel,2024-05-30,24,Classroom,Completed,40,57,5760
T007757,E03381,Advanced Excel,2024-10-15,16,Online,Completed,47,67,7310
T007758,E03383,Cloud Fundamentals,2025-03-02,4,Online,Completed,63,85,13784
T007759,E03383,Cloud Fundamentals,2025-12-18,24,Blended,Completed,72,84,12729
T007760,E03383,Python Analytics,2024-04-25,12,Classroom,Completed,65,84,9301
T007761,E03383,Advanced Excel,2025-06-26,8,Online,Completed,51,59,10641
T007762,E03383,Power BI,2025-05-14,6,Classroom,Completed,67,73,3050
T007763,E03385,Data Privacy,2024-02-21,8,Blended,Completed,41,56,14570
T007764,E03385,Power BI,2024-04-07,8,Classroom,Completed,45,52,14200
T007765,E03385,Advanced Excel,2024-08-11,16,Blended,Completed,53,75,3523
T007766,E03386,Leadership Essentials,2026-02-11,8,Online,Completed,68,91,11643
T007767,E03386,Advanced Excel,2026-04-06,4,Classroom,Completed,49,73,4271
T007768,E03386,Negotiation,2026-06-19,4,Classroom,Completed,74,83,13908
T007769,E03386,Project Management,2026-08-07,12,Classroom,Completed,54,74,3412
T007770,E03387,Data Privacy,2025-06-09,24,Classroom,Completed,69,84,3009
T007771,E03387,Communication Skills,2025-07-05,24,Blended,Completed,46,55,11033
T007772,E03387,GenAI for Business,2025-12-05,12,Blended,Completed,77,100,3512
T007773,E03388,Cloud Fundamentals,2025-01-16,16,Classroom,Completed,57,66,6819
T007774,E03388,Negotiation,2026-01-17,6,Classroom,Completed,51,67,9719
T007775,E03388,Python Analytics,2025-08-18,6,Blended,Completed,73,92,14110
T007776,E03390,GenAI for Business,2024-04-19,2,Online,Incomplete,73,89,3717
T007777,E03390,Data Privacy,2025-08-31,12,Blended,Completed,74,88,6492
T007778,E03391,GenAI for Business,2025-04-27,4,Blended,Incomplete,60,84,2397
T007779,E03393,Leadership Essentials,2024-12-28,4,Online,Completed,53,70,8798
T007780,E03393,Advanced Excel,2025-06-05,6,Classroom,Incomplete,64,87,5369
T007781,E03393,Power BI,2026-03-05,12,Online,Completed,46,57,9300
T007782,E03393,Project Management,2024-02-02,4,Classroom,Completed,78,99,8897
T007783,E03393,GenAI for Business,2026-08-15,16,Blended,Completed,66,79,11042
T007784,E03394,Python Analytics,2025-08-20,12,Classroom,Incomplete,44,66,6276
T007785,E03394,Power BI,2025-01-27,8,Online,Completed,66,92,4691
T007786,E03395,Project Management,2024-01-02,8,Classroom,Completed,44,51,1577
T007787,E03395,Leadership Essentials,2026-06-03,4,Blended,Completed,49,70,10471
T007788,E03395,Leadership Essentials,2026-03-28,4,Online,Completed,50,61,5476
T007789,E03395,Advanced Excel,2025-11-10,8,Blended,Completed,63,71,5511
T007790,E03396,Python Analytics,2026-07-14,24,Blended,Completed,51,76,8902
T007791,E03396,Project Management,2026-01-03,16,Online,Completed,63,84,6204
T007792,E03398,Power BI,2025-09-27,12,Blended,Completed,42,63,5061
T007793,E03398,Power BI,2025-11-02,6,Blended,Completed,67,83,10400
T007794,E03399,Project Management,2025-08-20,24,Blended,Completed,62,78,14993
T007795,E03399,Power BI,2025-03-25,12,Classroom,Completed,77,85,7103
T007796,E03399,Python Analytics,2025-11-08,6,Blended,Completed,62,74,12423
T007797,E03399,Communication Skills,2026-03-26,4,Blended,Completed,73,85,14932
T007798,E03400,Cloud Fundamentals,2025-01-30,8,Blended,Completed,43,48,3399
T007799,E03400,Power BI,2025-04-17,12,Online,Completed,52,57,3260
T007800,E03401,Data Privacy,2025-12-30,2,Blended,Completed,42,57,9277
T007801,E03401,Cloud Fundamentals,2025-07-15,6,Online,Completed,49,54,8078
T007802,E03401,Power BI,2024-06-22,8,Blended,Completed,70,84,10596
T007803,E03402,Project Management,2025-12-05,12,Classroom,Completed,53,67,1553
T007804,E03402,Communication Skills,2024-10-08,12,Blended,Completed,65,74,12921
T007805,E03403,Communication Skills,2026-03-10,24,Classroom,Completed,44,68,13973
T007806,E03405,Data Privacy,2025-10-10,6,Online,Completed,59,70,5128
T007807,E03405,Leadership Essentials,2024-10-03,24,Classroom,Completed,52,77,8732
T007808,E03406,GenAI for Business,2024-10-08,24,Blended,Completed,51,66,8393
T007809,E03407,Negotiation,2024-01-05,16,Classroom,Completed,46,64,7017
T007810,E03409,Cloud Fundamentals,2026-05-30,6,Online,Completed,42,57,8219
T007811,E03409,Advanced Excel,2025-10-03,24,Classroom,Completed,49,76,8573
T007812,E03409,Cloud Fundamentals,2025-06-27,8,Blended,Completed,71,87,1936
T007813,E03410,Leadership Essentials,2026-06-17,4,Blended,Completed,50,64,1528
T007814,E03410,Data Privacy,2026-07-29,8,Blended,Completed,76,84,13575
T007815,E03410,Leadership Essentials,2024-07-02,2,Online,Completed,47,57,9547
T007816,E03410,Communication Skills,2024-10-13,2,Blended,Completed,68,81,4235
T007817,E03411,Negotiation,2025-02-06,24,Online,Completed,44,56,11020
T007818,E03411,Data Privacy,2024-05-28,4,Online,Completed,63,83,11387
T007819,E03412,Communication Skills,2024-05-01,24,Classroom,Completed,66,77,13949
T007820,E03412,Python Analytics,2024-12-26,12,Classroom,Completed,46,72,9389
T007821,E03412,Cloud Fundamentals,2024-12-12,6,Online,Completed,72,97,4365
T007822,E03412,Cloud Fundamentals,2024-10-11,6,Blended,Completed,69,92,6044
T007823,E03413,Python Analytics,2025-02-08,12,Online,Completed,46,58,3195
T007824,E03413,Negotiation,2026-07-09,2,Online,Completed,67,94,5206
T007825,E03413,GenAI for Business,2025-04-07,4,Online,Completed,47,65,10743
T007826,E03413,GenAI for Business,2025-07-06,16,Classroom,Completed,54,63,5363
T007827,E03417,GenAI for Business,2024-05-22,16,Classroom,Completed,55,61,4223
T007828,E03419,Negotiation,2026-07-18,12,Blended,Completed,69,92,12788
T007829,E03419,Communication Skills,2026-01-17,16,Online,Completed,52,68,13986
T007830,E03419,Cloud Fundamentals,2026-07-30,6,Classroom,Completed,41,52,9728
T007831,E03419,Python Analytics,2025-08-23,8,Online,Completed,73,95,7924
T007832,E03420,Leadership Essentials,2024-01-30,24,Online,Incomplete,53,67,7481
T007833,E03421,GenAI for Business,2024-12-15,8,Online,Completed,62,76,8954
T007834,E03421,Project Management,2025-11-08,8,Blended,Completed,65,89,14409
T007835,E03421,Project Management,2025-10-01,8,Online,Completed,41,58,6762
T007836,E03421,Advanced Excel,2024-04-03,8,Online,Incomplete,75,95,9593
T007837,E03421,Leadership Essentials,2025-02-26,4,Classroom,Completed,69,77,10689
T007838,E03422,Cloud Fundamentals,2026-06-08,24,Classroom,Completed,51,65,4748
T007839,E03423,Data Privacy,2024-06-18,24,Online,Completed,59,72,10244
T007840,E03423,Power BI,2025-04-07,4,Classroom,Completed,42,50,7085
T007841,E03423,Advanced Excel,2026-04-08,6,Online,Completed,57,75,9264
T007842,E03425,Data Privacy,2024-09-18,2,Blended,Completed,48,66,9472
T007843,E03425,Cloud Fundamentals,2026-04-25,2,Online,Completed,58,78,8293
T007844,E03425,Power BI,2024-08-19,6,Classroom,Completed,42,48,5926
T007845,E03426,Power BI,2026-04-22,8,Classroom,Completed,78,99,9799
T007846,E03426,GenAI for Business,2025-09-13,16,Online,Completed,62,89,7674
T007847,E03426,Leadership Essentials,2025-11-22,12,Blended,Completed,60,72,12586
T007848,E03426,Data Privacy,2024-02-18,2,Classroom,Incomplete,64,79,3367
T007849,E03426,Communication Skills,2025-08-09,12,Classroom,Completed,63,78,11559
T007850,E03427,Python Analytics,2025-09-10,6,Online,Completed,48,55,11047
T007851,E03427,Data Privacy,2024-04-18,6,Online,Completed,56,74,8212
T007852,E03427,Advanced Excel,2024-02-03,24,Blended,Completed,51,69,14517
T007853,E03428,Cloud Fundamentals,2026-08-22,2,Blended,Completed,77,84,14973
T007854,E03428,Data Privacy,2026-08-18,2,Blended,Completed,54,65,6231
T007855,E03429,Data Privacy,2025-12-18,2,Classroom,Completed,72,81,7618
T007856,E03429,Negotiation,2024-12-08,6,Blended,Completed,73,88,13272
T007857,E03430,Leadership Essentials,2024-10-28,2,Blended,Completed,75,93,9120
T007858,E03430,GenAI for Business,2025-03-02,4,Classroom,Completed,42,50,13894
T007859,E03431,Communication Skills,2024-11-21,12,Blended,Completed,60,76,2349
T007860,E03431,Leadership Essentials,2024-06-17,24,Online,Completed,77,100,4963
T007861,E03431,GenAI for Business,2024-12-20,24,Blended,Completed,53,74,5985
T007862,E03431,GenAI for Business,2025-04-22,2,Online,Completed,52,57,2863
T007863,E03431,Project Management,2025-07-13,16,Blended,Completed,71,76,5919
T007864,E03432,Cloud Fundamentals,2024-10-16,16,Classroom,Completed,41,49,10403
T007865,E03432,GenAI for Business,2026-06-26,2,Classroom,Completed,65,73,8414
T007866,E03432,Project Management,2024-12-08,4,Classroom,Completed,70,96,4021
T007867,E03432,Cloud Fundamentals,2026-08-26,6,Classroom,Completed,75,88,4244
T007868,E03433,Data Privacy,2025-06-02,2,Blended,Completed,55,78,5745
T007869,E03433,Advanced Excel,2024-11-26,2,Classroom,Completed,40,47,3971
T007870,E03433,Python Analytics,2025-11-06,24,Blended,Completed,75,80,8514
T007871,E03434,Leadership Essentials,2025-07-04,4,Classroom,Completed,73,86,14825
T007872,E03436,Cloud Fundamentals,2024-08-13,16,Classroom,Completed,64,89,14604
T007873,E03436,Advanced Excel,2025-01-18,2,Online,Completed,65,79,6201
T007874,E03436,Cloud Fundamentals,2026-08-05,16,Blended,Incomplete,43,60,3912
T007875,E03436,GenAI for Business,2025-05-03,4,Blended,Completed,51,72,7563
T007876,E03436,Advanced Excel,2025-10-27,2,Online,Completed,78,100,6817
T007877,E03437,Cloud Fundamentals,2026-03-26,8,Classroom,Completed,74,83,2677
T007878,E03437,Project Management,2026-04-06,24,Online,Completed,62,88,7517
T007879,E03440,Python Analytics,2024-07-19,24,Classroom,Completed,43,50,1592
T007880,E03440,Communication Skills,2024-02-07,4,Classroom,Completed,52,57,5665
T007881,E03441,Negotiation,2025-01-31,2,Classroom,Completed,51,78,4996
T007882,E03441,Project Management,2025-01-05,6,Classroom,Completed,74,82,14326
T007883,E03441,Project Management,2024-11-14,16,Classroom,Completed,71,80,11414
T007884,E03441,Data Privacy,2024-05-30,4,Classroom,Completed,71,96,7763
T007885,E03442,Python Analytics,2024-03-18,2,Blended,Completed,65,76,5140
T007886,E03442,Cloud Fundamentals,2026-07-16,4,Online,Completed,65,90,11903
T007887,E03442,GenAI for Business,2024-12-03,4,Classroom,Completed,46,71,11584
T007888,E03442,Communication Skills,2025-07-17,12,Classroom,Incomplete,71,97,2050
T007889,E03443,Advanced Excel,2024-05-02,8,Online,Completed,47,55,11093
T007890,E03444,Data Privacy,2026-07-26,8,Classroom,Completed,68,86,2228
T007891,E03444,Data Privacy,2025-01-10,12,Blended,Completed,57,73,10153
T007892,E03445,Leadership Essentials,2024-03-05,24,Online,Completed,48,59,4208
T007893,E03446,Project Management,2026-07-10,2,Online,Completed,40,53,6229
T007894,E03446,Cloud Fundamentals,2025-01-23,2,Classroom,Completed,61,77,3327
T007895,E03446,Power BI,2026-02-23,4,Online,Completed,40,51,9043
T007896,E03446,Power BI,2024-07-13,12,Online,Completed,70,88,9134
T007897,E03447,Communication Skills,2025-06-05,6,Online,Completed,63,88,11237
T007898,E03447,GenAI for Business,2024-07-05,6,Online,Completed,41,56,3775
T007899,E03448,Communication Skills,2026-01-21,2,Online,Completed,54,80,1671
T007900,E03449,Negotiation,2025-11-24,8,Online,Completed,53,66,8753
T007901,E03449,Communication Skills,2026-05-18,8,Blended,Incomplete,61,74,13981
T007902,E03449,Negotiation,2026-05-12,8,Online,Completed,65,75,11055
T007903,E03449,Leadership Essentials,2024-09-19,6,Classroom,Completed,64,89,12208
T007904,E03449,Leadership Essentials,2024-06-07,12,Classroom,Completed,44,71,11460
T007905,E03451,Leadership Essentials,2025-02-17,2,Classroom,Completed,67,77,5978
T007906,E03451,Project Management,2024-04-04,12,Classroom,Completed,74,99,3017
T007907,E03452,Negotiation,2026-01-26,4,Online,Completed,55,78,9226
T007908,E03452,Project Management,2026-03-05,8,Online,Completed,61,70,10592
T007909,E03452,Negotiation,2025-06-02,8,Classroom,Completed,74,92,6523
T007910,E03454,Communication Skills,2026-03-23,16,Classroom,Completed,51,61,6443
T007911,E03454,Python Analytics,2024-11-12,2,Online,Completed,50,76,6773
T007912,E03454,Communication Skills,2026-02-08,8,Blended,Completed,46,56,9818
T007913,E03454,Python Analytics,2025-12-09,8,Classroom,Completed,69,78,7639
T007914,E03454,Communication Skills,2024-09-29,4,Blended,Completed,52,75,10961
T007915,E03455,Cloud Fundamentals,2025-09-16,16,Blended,Completed,62,88,5096
T007916,E03455,Project Management,2025-05-28,16,Online,Completed,73,78,3095
T007917,E03455,GenAI for Business,2025-09-16,12,Classroom,Completed,49,66,12496
T007918,E03455,Project Management,2024-12-19,12,Classroom,Completed,58,79,8095
T007919,E03455,GenAI for Business,2025-10-03,12,Online,Completed,57,85,10902
T007920,E03456,GenAI for Business,2024-02-13,8,Classroom,Incomplete,73,96,14390
T007921,E03456,Data Privacy,2024-06-14,8,Blended,Completed,69,93,1540
T007922,E03456,Communication Skills,2024-02-25,6,Classroom,Incomplete,51,68,2943
T007923,E03456,Advanced Excel,2024-04-22,24,Online,Completed,42,56,10989
T007924,E03457,Advanced Excel,2024-05-10,2,Online,Completed,77,87,7936
T007925,E03459,GenAI for Business,2026-05-26,12,Classroom,Completed,46,62,2542
T007926,E03459,Cloud Fundamentals,2026-07-02,12,Classroom,Completed,66,82,14226
T007927,E03459,Project Management,2026-05-31,6,Blended,Completed,44,52,12508
T007928,E03459,Advanced Excel,2026-04-10,16,Blended,Completed,47,65,12143
T007929,E03459,Python Analytics,2026-06-13,8,Online,Completed,58,65,12180
T007930,E03460,Data Privacy,2026-02-06,16,Blended,Completed,68,87,9166
T007931,E03460,Cloud Fundamentals,2025-05-01,6,Blended,Completed,76,97,3473
T007932,E03461,Leadership Essentials,2025-12-28,16,Blended,Completed,46,57,11393
T007933,E03462,Negotiation,2026-05-18,8,Blended,Completed,67,89,13107
T007934,E03462,Cloud Fundamentals,2025-10-09,4,Blended,Completed,55,71,4637
T007935,E03462,GenAI for Business,2025-04-14,24,Blended,Completed,63,74,14700
T007936,E03464,Negotiation,2025-05-16,16,Classroom,Incomplete,64,79,4109
T007937,E03464,Project Management,2025-04-24,2,Blended,Completed,61,72,2434
T007938,E03465,Cloud Fundamentals,2025-12-20,16,Online,Completed,75,100,11009
T007939,E03465,Cloud Fundamentals,2025-06-10,16,Classroom,Completed,65,76,14487
T007940,E03465,Negotiation,2026-05-31,12,Blended,Completed,77,98,8873
T007941,E03465,Data Privacy,2026-01-03,2,Blended,Completed,40,50,13163
T007942,E03466,Negotiation,2024-10-24,12,Classroom,Completed,78,93,6290
T007943,E03466,Project Management,2024-07-31,12,Online,Completed,50,77,7807
T007944,E03467,Python Analytics,2026-01-01,8,Blended,Incomplete,71,80,13264
T007945,E03467,Python Analytics,2025-12-06,6,Classroom,Incomplete,72,100,4419
T007946,E03467,Data Privacy,2026-04-12,8,Online,Completed,40,54,10249
T007947,E03467,Python Analytics,2026-05-28,4,Classroom,Completed,57,66,2008
T007948,E03467,Power BI,2025-10-03,6,Blended,Incomplete,74,100,12984
T007949,E03468,Leadership Essentials,2026-02-01,12,Online,Completed,77,85,10587
T007950,E03468,Data Privacy,2024-11-29,8,Classroom,Completed,65,77,5838
T007951,E03469,Data Privacy,2025-02-22,8,Online,Completed,67,89,5647
T007952,E03469,Data Privacy,2026-07-10,8,Classroom,Completed,67,94,3172
T007953,E03469,GenAI for Business,2024-03-06,2,Classroom,Completed,70,95,11035
T007954,E03469,Python Analytics,2026-01-08,12,Classroom,Completed,50,61,8376
T007955,E03469,GenAI for Business,2025-01-24,2,Online,Completed,54,69,5861
T007956,E03470,Power BI,2025-08-23,12,Online,Completed,77,95,4841
T007957,E03470,Python Analytics,2026-01-09,16,Online,Completed,72,93,1898
T007958,E03470,Cloud Fundamentals,2025-11-26,4,Classroom,Completed,59,80,4373
T007959,E03470,Python Analytics,2025-07-06,4,Classroom,Completed,58,63,3857
T007960,E03470,Power BI,2026-07-30,12,Blended,Completed,44,69,9117
T007961,E03471,Cloud Fundamentals,2025-04-23,4,Online,Completed,44,66,4775
T007962,E03471,Leadership Essentials,2025-12-19,16,Blended,Completed,65,93,14920
T007963,E03471,Communication Skills,2025-08-04,12,Online,Completed,60,66,13279
T007964,E03472,Power BI,2025-06-29,8,Online,Completed,57,84,7638
T007965,E03472,GenAI for Business,2026-06-30,16,Online,Completed,52,78,13740
T007966,E03472,Power BI,2026-07-30,24,Online,Completed,74,97,1745
T007967,E03472,Data Privacy,2024-02-06,16,Classroom,Completed,46,71,12566
T007968,E03472,Communication Skills,2026-07-29,2,Classroom,Completed,71,94,5381
T007969,E03473,Python Analytics,2024-11-21,8,Blended,Completed,43,48,7812
T007970,E03473,Cloud Fundamentals,2024-04-19,4,Online,Completed,41,51,3135
T007971,E03473,Project Management,2024-11-04,16,Blended,Incomplete,71,97,11095
T007972,E03474,Cloud Fundamentals,2025-07-06,6,Blended,Completed,58,69,6595
T007973,E03474,Cloud Fundamentals,2024-01-30,6,Classroom,Completed,77,95,2431
T007974,E03474,Project Management,2024-01-09,2,Classroom,Completed,61,82,12617
T007975,E03474,Project Management,2025-08-31,8,Classroom,Completed,53,74,12627
T007976,E03474,Negotiation,2025-12-16,4,Classroom,Completed,73,83,4023
T007977,E03475,Project Management,2024-02-12,16,Blended,Completed,78,100,11748
T007978,E03475,Leadership Essentials,2026-03-17,12,Classroom,Completed,65,87,3273
T007979,E03475,Communication Skills,2026-03-28,12,Classroom,Completed,64,88,7329
T007980,E03475,Data Privacy,2024-05-20,6,Blended,Completed,78,98,5699
T007981,E03476,Leadership Essentials,2025-12-24,4,Online,Completed,55,66,1871
T007982,E03476,GenAI for Business,2026-01-22,4,Online,Completed,74,100,9202
T007983,E03476,Negotiation,2026-02-23,4,Classroom,Completed,68,77,7618
T007984,E03477,Advanced Excel,2024-09-01,6,Online,Completed,74,86,7865
T007985,E03478,Power BI,2024-05-11,4,Blended,Completed,47,62,14073
T007986,E03478,Cloud Fundamentals,2026-07-10,2,Online,Completed,45,58,9071
T007987,E03478,Negotiation,2024-12-29,16,Classroom,Incomplete,74,97,6848
T007988,E03480,Cloud Fundamentals,2026-08-01,8,Blended,Completed,62,71,3173
T007989,E03480,Communication Skills,2026-08-26,12,Blended,Completed,66,94,4326
T007990,E03480,Negotiation,2026-08-04,16,Online,Completed,40,55,11939
T007991,E03482,Project Management,2025-04-15,12,Blended,Completed,68,82,3672
T007992,E03483,Python Analytics,2025-12-08,4,Online,Completed,58,78,9307
T007993,E03483,Cloud Fundamentals,2024-01-16,2,Online,Completed,46,53,12824
T007994,E03484,Communication Skills,2026-01-13,8,Online,Completed,59,68,13724
T007995,E03484,Data Privacy,2024-04-21,2,Classroom,Completed,65,80,3030
T007996,E03484,Communication Skills,2025-11-09,24,Classroom,Completed,76,83,7654
T007997,E03485,Advanced Excel,2024-07-16,4,Classroom,Completed,75,83,14471
T007998,E03485,Project Management,2025-03-05,4,Online,Completed,69,91,2148
T007999,E03485,Leadership Essentials,2024-05-15,16,Blended,Completed,65,74,1529
T008000,E03486,GenAI for Business,2024-12-11,2,Blended,Completed,70,84,7831
T008001,E03488,Leadership Essentials,2026-06-23,2,Blended,Completed,63,83,7905
T008002,E03488,Python Analytics,2025-08-31,16,Online,Completed,42,70,9818
T008003,E03488,Advanced Excel,2024-01-06,24,Classroom,Completed,59,66,14467
T008004,E03490,Cloud Fundamentals,2024-07-26,8,Blended,Completed,65,89,8677
T008005,E03490,Project Management,2024-05-04,6,Blended,Completed,42,52,1522
T008006,E03491,Advanced Excel,2025-09-10,2,Blended,Completed,45,61,5645
T008007,E03491,GenAI for Business,2024-06-06,2,Online,Completed,47,63,3939
T008008,E03491,Leadership Essentials,2024-09-03,12,Classroom,Completed,40,54,3399
T008009,E03492,Advanced Excel,2024-08-30,2,Classroom,Incomplete,60,78,11356
T008010,E03493,Python Analytics,2024-09-25,24,Blended,Completed,60,82,6429
T008011,E03493,GenAI for Business,2025-11-29,12,Blended,Completed,52,65,12615
T008012,E03493,Python Analytics,2025-02-13,2,Online,Completed,76,100,7175
T008013,E03493,Leadership Essentials,2025-05-13,12,Blended,Completed,73,90,14952
T008014,E03494,Cloud Fundamentals,2024-11-12,4,Online,Completed,48,54,10106
T008015,E03494,GenAI for Business,2025-02-08,12,Online,Completed,47,71,8742
T008016,E03494,GenAI for Business,2024-10-18,24,Online,Completed,65,90,10615
T008017,E03495,Advanced Excel,2025-05-29,6,Classroom,Completed,62,75,11114
T008018,E03495,Negotiation,2026-08-04,8,Classroom,Completed,47,73,11225
T008019,E03495,GenAI for Business,2025-12-03,24,Online,Incomplete,56,75,7229
T008020,E03496,Project Management,2025-06-09,4,Online,Completed,53,67,10123
T008021,E03497,Data Privacy,2026-02-09,12,Blended,Incomplete,74,86,14915
T008022,E03497,Cloud Fundamentals,2025-11-23,6,Classroom,Completed,65,91,2401
T008023,E03497,Power BI,2026-05-07,24,Classroom,Completed,73,96,5245
T008024,E03497,Leadership Essentials,2026-06-23,2,Blended,Completed,43,62,9586
T008025,E03498,Python Analytics,2024-03-19,8,Classroom,Completed,55,73,8483
T008026,E03500,Python Analytics,2026-03-15,16,Online,Completed,74,87,12565
T008027,E03500,Power BI,2026-03-14,16,Blended,Completed,75,95,13747
T008028,E03501,Project Management,2025-02-17,2,Classroom,Completed,74,100,13571
T008029,E03501,Negotiation,2024-05-27,16,Blended,Completed,43,70,11871
T008030,E03502,Cloud Fundamentals,2025-06-26,8,Classroom,Completed,67,85,8081
T008031,E03503,GenAI for Business,2024-06-07,24,Blended,Completed,71,93,11729
T008032,E03503,Cloud Fundamentals,2024-08-19,8,Blended,Completed,78,89,10190
T008033,E03504,Python Analytics,2025-04-18,16,Blended,Completed,46,74,1925
T008034,E03504,Leadership Essentials,2026-07-20,16,Classroom,Completed,49,65,1685
T008035,E03505,Cloud Fundamentals,2025-09-08,6,Blended,Completed,57,70,8353
T008036,E03505,Project Management,2025-10-01,2,Online,Completed,51,59,14956
T008037,E03505,Project Management,2026-05-24,8,Online,Completed,42,61,9539
T008038,E03505,Communication Skills,2024-07-01,4,Online,Completed,46,64,13612
T008039,E03505,Leadership Essentials,2025-11-24,12,Online,Completed,75,92,11073
T008040,E03506,Power BI,2024-02-16,4,Classroom,Completed,54,72,3354
T008041,E03506,Advanced Excel,2025-01-17,16,Blended,Completed,53,76,6372
T008042,E03506,Python Analytics,2025-10-13,8,Classroom,Completed,52,71,13385
T008043,E03506,Leadership Essentials,2025-06-16,6,Online,Completed,41,56,10961
T008044,E03506,Advanced Excel,2024-11-25,16,Blended,Completed,70,98,12369
T008045,E03507,Advanced Excel,2026-05-01,8,Online,Incomplete,43,65,9457
T008046,E03507,Communication Skills,2026-07-01,2,Online,Completed,57,78,5609
T008047,E03507,Advanced Excel,2025-02-27,4,Classroom,Completed,65,74,9214
T008048,E03507,Leadership Essentials,2026-02-27,8,Classroom,Completed,69,75,9056
T008049,E03507,GenAI for Business,2025-10-22,16,Blended,Incomplete,41,56,13626
T008050,E03509,Negotiation,2024-04-23,2,Blended,Completed,53,73,8729
T008051,E03509,Leadership Essentials,2024-11-10,24,Classroom,Completed,47,72,8994
T008052,E03509,Advanced Excel,2025-02-08,24,Online,Completed,64,72,13944
T008053,E03509,GenAI for Business,2024-02-17,8,Blended,Completed,65,81,4174
T008054,E03510,Power BI,2025-07-14,6,Classroom,Completed,55,73,1893
T008055,E03510,Advanced Excel,2025-07-31,8,Blended,Completed,59,75,5193
T008056,E03510,Cloud Fundamentals,2025-05-12,4,Online,Completed,42,61,3546
T008057,E03511,Leadership Essentials,2024-06-25,2,Blended,Completed,68,93,5896
T008058,E03511,GenAI for Business,2025-01-08,24,Classroom,Completed,59,86,5167
T008059,E03511,Cloud Fundamentals,2024-11-26,24,Online,Completed,46,51,8385
T008060,E03513,Data Privacy,2025-09-05,4,Classroom,Completed,40,68,2775
T008061,E03513,Power BI,2025-04-10,12,Classroom,Completed,60,73,13893
T008062,E03513,Cloud Fundamentals,2025-06-11,24,Classroom,Completed,72,80,12355
T008063,E03514,Communication Skills,2026-07-05,24,Classroom,Completed,72,87,5981
T008064,E03515,Project Management,2024-02-12,8,Classroom,Completed,52,70,11936
T008065,E03515,Cloud Fundamentals,2026-04-07,12,Online,Completed,44,51,14599
T008066,E03515,Python Analytics,2025-10-22,16,Classroom,Completed,67,72,7800
T008067,E03516,Leadership Essentials,2026-08-21,6,Blended,Completed,66,92,3296
T008068,E03516,Negotiation,2026-08-21,16,Online,Completed,50,63,9923
T008069,E03517,Python Analytics,2025-09-15,6,Blended,Completed,76,87,6300
T008070,E03517,GenAI for Business,2025-08-19,24,Blended,Completed,47,64,11896
T008071,E03517,Communication Skills,2026-07-04,2,Online,Incomplete,64,81,12740
T008072,E03517,Advanced Excel,2026-07-24,24,Blended,Completed,60,80,8393
T008073,E03518,Python Analytics,2026-01-21,4,Blended,Completed,62,90,10289
T008074,E03518,Cloud Fundamentals,2024-03-17,4,Online,Completed,53,79,2458
T008075,E03519,Negotiation,2024-06-15,12,Online,Completed,51,69,7879
T008076,E03519,Communication Skills,2025-06-12,12,Blended,Completed,50,72,8891
T008077,E03519,Project Management,2024-03-09,8,Blended,Incomplete,62,88,12376
T008078,E03519,Power BI,2025-09-29,12,Online,Completed,69,76,5449
T008079,E03519,Communication Skills,2024-04-05,2,Blended,Completed,58,72,4514
T008080,E03520,Data Privacy,2024-05-04,8,Blended,Completed,51,77,6317
T008081,E03520,Data Privacy,2026-03-13,8,Online,Completed,50,64,7878
T008082,E03520,GenAI for Business,2024-07-22,8,Online,Completed,47,60,5186
T008083,E03520,Leadership Essentials,2024-08-08,2,Classroom,Completed,70,80,2602
T008084,E03521,GenAI for Business,2025-02-09,6,Online,Completed,68,95,7171
T008085,E03521,Power BI,2025-02-27,6,Classroom,Completed,50,72,8241
T008086,E03521,Cloud Fundamentals,2024-09-18,12,Classroom,Incomplete,47,75,7678
T008087,E03521,GenAI for Business,2025-06-21,6,Classroom,Completed,46,64,10274
T008088,E03521,GenAI for Business,2025-06-25,12,Blended,Completed,50,76,13525
T008089,E03522,Cloud Fundamentals,2026-07-22,4,Online,Completed,60,71,4220
T008090,E03523,Data Privacy,2024-03-11,6,Blended,Completed,59,77,8099
T008091,E03523,Cloud Fundamentals,2025-07-11,16,Classroom,Completed,51,75,10996
T008092,E03523,Project Management,2025-10-07,24,Blended,Completed,64,91,8177
T008093,E03524,Power BI,2024-06-08,6,Online,Completed,64,76,8558
T008094,E03524,Communication Skills,2025-01-22,12,Blended,Completed,46,52,3532
T008095,E03524,Python Analytics,2024-07-01,4,Classroom,Completed,47,66,9149
T008096,E03524,Project Management,2025-12-17,8,Classroom,Completed,68,73,6106
T008097,E03525,Project Management,2024-02-12,16,Online,Completed,77,100,11708
T008098,E03525,Python Analytics,2024-09-11,2,Blended,Completed,66,77,6674
T008099,E03525,Data Privacy,2024-02-07,12,Blended,Completed,65,93,9413
T008100,E03526,Python Analytics,2026-01-13,8,Online,Completed,76,92,1836
T008101,E03526,Power BI,2024-02-19,6,Classroom,Completed,48,54,4779
T008102,E03527,Communication Skills,2026-06-18,2,Blended,Completed,47,63,13706
T008103,E03529,Power BI,2024-01-07,24,Classroom,Completed,46,57,7933
T008104,E03529,Data Privacy,2024-07-19,8,Blended,Completed,65,77,14029
T008105,E03529,Python Analytics,2025-08-19,4,Online,Completed,73,90,10922
T008106,E03529,Advanced Excel,2024-03-10,8,Blended,Completed,77,82,11066
T008107,E03529,Python Analytics,2026-05-23,2,Blended,Completed,53,71,2654
T008108,E03530,Data Privacy,2024-02-14,24,Classroom,Completed,60,72,6687
T008109,E03530,Leadership Essentials,2026-02-13,8,Online,Completed,61,78,5476
T008110,E03530,Cloud Fundamentals,2025-03-11,2,Online,Completed,71,76,13684
T008111,E03530,Communication Skills,2025-07-03,24,Classroom,Completed,70,88,3428
T008112,E03531,Negotiation,2026-05-31,24,Online,Completed,42,57,11382
T008113,E03531,Cloud Fundamentals,2024-05-31,4,Online,Completed,63,73,3757
T008114,E03531,Cloud Fundamentals,2024-07-28,4,Blended,Completed,75,82,10922
T008115,E03531,Advanced Excel,2025-07-14,4,Online,Completed,50,62,13100
T008116,E03531,Advanced Excel,2024-11-16,6,Online,Completed,63,72,12083
T008117,E03532,Power BI,2025-10-02,24,Blended,Completed,71,78,2212
T008118,E03532,GenAI for Business,2024-11-11,16,Online,Incomplete,67,77,13623
T008119,E03532,Negotiation,2024-11-27,8,Blended,Completed,64,75,6349
T008120,E03532,Project Management,2026-08-03,24,Classroom,Completed,69,82,3880
T008121,E03533,Power BI,2026-04-27,24,Online,Completed,55,77,9235
T008122,E03533,Project Management,2024-10-01,24,Online,Completed,42,48,6500
T008123,E03535,Leadership Essentials,2025-07-07,2,Classroom,Completed,40,46,5623
T008124,E03535,Cloud Fundamentals,2026-07-16,4,Blended,Completed,52,74,11766
T008125,E03535,Power BI,2026-05-04,24,Blended,Completed,45,57,9191
T008126,E03536,Communication Skills,2026-08-31,8,Blended,Completed,48,69,6155
T008127,E03536,Power BI,2026-08-30,24,Blended,Completed,43,60,2753
T008128,E03537,Advanced Excel,2024-04-07,12,Classroom,Completed,59,82,10434
T008129,E03537,Project Management,2024-09-12,6,Classroom,Completed,57,79,3272
T008130,E03537,GenAI for Business,2026-04-15,2,Classroom,Completed,50,57,13120
T008131,E03537,Communication Skills,2026-08-07,16,Classroom,Completed,43,61,10967
T008132,E03539,Communication Skills,2024-01-26,2,Blended,Completed,48,70,2574
T008133,E03539,Communication Skills,2024-02-04,24,Blended,Completed,63,84,13846
T008134,E03539,Python Analytics,2024-05-28,8,Online,Completed,65,86,14050
T008135,E03539,Communication Skills,2024-02-23,24,Blended,Completed,77,94,3098
T008136,E03543,Data Privacy,2025-03-01,8,Blended,Completed,61,67,1941
T008137,E03543,Communication Skills,2026-05-07,12,Online,Completed,70,89,11953
T008138,E03543,GenAI for Business,2024-12-06,6,Classroom,Completed,61,68,13623
T008139,E03543,Data Privacy,2025-04-07,12,Blended,Completed,70,91,3035
T008140,E03543,Cloud Fundamentals,2024-09-28,12,Blended,Completed,58,83,5439
T008141,E03544,Communication Skills,2024-07-16,12,Classroom,Completed,55,83,3569
T008142,E03544,GenAI for Business,2024-11-24,8,Classroom,Incomplete,74,86,9426
T008143,E03544,Project Management,2024-11-26,12,Online,Completed,64,74,4623
T008144,E03544,Negotiation,2025-04-03,6,Blended,Completed,75,81,13953
T008145,E03544,Python Analytics,2026-08-05,6,Classroom,Completed,68,75,14086
T008146,E03545,Communication Skills,2026-01-29,2,Online,Completed,75,80,14581
T008147,E03545,Leadership Essentials,2024-12-23,24,Classroom,Completed,72,100,10997
T008148,E03545,Leadership Essentials,2026-03-19,6,Classroom,Completed,55,83,5174
T008149,E03545,Leadership Essentials,2026-03-29,4,Blended,Completed,50,67,14712
T008150,E03545,Power BI,2024-04-06,8,Blended,Completed,56,75,14051
T008151,E03546,GenAI for Business,2026-05-05,2,Blended,Incomplete,72,79,6246
T008152,E03546,Cloud Fundamentals,2026-08-10,24,Online,Completed,77,93,7977
T008153,E03546,Advanced Excel,2026-04-14,2,Online,Completed,59,79,4879
T008154,E03548,Communication Skills,2024-03-11,24,Classroom,Completed,63,82,1891
T008155,E03548,Leadership Essentials,2024-12-28,2,Classroom,Completed,55,79,10300
T008156,E03548,Cloud Fundamentals,2026-01-04,8,Classroom,Completed,72,93,3697
T008157,E03550,Power BI,2026-03-27,24,Online,Completed,53,81,13670
T008158,E03550,Leadership Essentials,2025-04-03,24,Blended,Incomplete,46,59,7415
T008159,E03550,Negotiation,2025-01-04,16,Online,Incomplete,52,63,5710
T008160,E03550,GenAI for Business,2024-12-21,16,Classroom,Completed,53,68,9067
T008161,E03550,Project Management,2026-04-30,16,Classroom,Completed,60,81,14182
T008162,E03552,Project Management,2025-06-25,16,Classroom,Completed,71,78,11746
T008163,E03552,Power BI,2025-05-19,4,Online,Completed,76,97,8652
T008164,E03552,Cloud Fundamentals,2025-04-29,12,Blended,Completed,56,63,8632
T008165,E03552,Cloud Fundamentals,2024-03-14,4,Classroom,Completed,51,74,2135
T008166,E03552,GenAI for Business,2026-04-04,24,Online,Completed,54,73,2310
T008167,E03553,Cloud Fundamentals,2025-04-29,8,Blended,Completed,45,59,9026
T008168,E03553,Negotiation,2026-01-07,6,Online,Completed,54,66,14866
T008169,E03553,Communication Skills,2026-04-13,2,Classroom,Completed,68,78,5809
T008170,E03553,Project Management,2024-04-23,16,Classroom,Completed,46,71,11567
T008171,E03553,Communication Skills,2026-08-29,2,Blended,Completed,43,49,8909
T008172,E03554,Cloud Fundamentals,2024-09-25,2,Online,Completed,78,99,8493
T008173,E03554,Power BI,2025-01-07,12,Online,Completed,58,79,2823
T008174,E03555,Python Analytics,2025-11-02,12,Online,Completed,49,60,7199
T008175,E03555,Cloud Fundamentals,2026-04-29,8,Online,Completed,44,72,5560
T008176,E03556,Power BI,2025-09-26,24,Online,Completed,60,76,5254
T008177,E03556,Data Privacy,2026-05-22,6,Classroom,Completed,59,79,12877
T008178,E03556,GenAI for Business,2024-12-16,2,Blended,Completed,51,69,10386
T008179,E03557,Leadership Essentials,2026-01-06,8,Blended,Completed,47,75,13677
T008180,E03557,Python Analytics,2024-04-23,16,Online,Completed,64,78,11183
T008181,E03557,Python Analytics,2025-09-14,2,Blended,Completed,71,95,5961
T008182,E03557,Advanced Excel,2024-02-09,16,Blended,Completed,68,79,7177
T008183,E03557,Data Privacy,2025-06-06,2,Blended,Completed,60,77,13520
T008184,E03558,Power BI,2026-04-16,2,Classroom,Completed,65,78,2890
T008185,E03558,Negotiation,2025-05-29,6,Classroom,Completed,40,46,11068
T008186,E03558,Project Management,2025-03-17,16,Blended,Completed,58,71,11731
T008187,E03558,Cloud Fundamentals,2024-09-17,12,Online,Completed,76,87,5409
T008188,E03558,Python Analytics,2024-05-05,24,Blended,Completed,56,68,12197
T008189,E03559,Python Analytics,2025-08-06,6,Blended,Completed,75,100,9879
T008190,E03560,Leadership Essentials,2025-08-31,4,Classroom,Completed,49,76,7749
T008191,E03560,Communication Skills,2025-02-24,12,Classroom,Completed,44,55,12881
T008192,E03560,Data Privacy,2024-08-01,8,Blended,Completed,64,78,2302
T008193,E03561,Communication Skills,2024-09-06,6,Online,Completed,45,63,8379
T008194,E03561,Power BI,2025-08-20,12,Online,Completed,70,95,11556
T008195,E03561,Project Management,2024-09-29,16,Blended,Completed,48,59,8623
T008196,E03561,Python Analytics,2025-12-22,2,Blended,Completed,76,93,11202
T008197,E03562,Data Privacy,2025-02-12,12,Blended,Completed,66,77,13361
T008198,E03562,GenAI for Business,2026-05-10,8,Online,Completed,53,65,7416
T008199,E03562,Cloud Fundamentals,2026-07-04,24,Blended,Completed,72,100,4579
T008200,E03562,Data Privacy,2026-06-03,6,Classroom,Completed,40,57,10270
T008201,E03562,GenAI for Business,2025-05-24,2,Online,Completed,63,79,9947
T008202,E03564,Advanced Excel,2025-10-18,2,Classroom,Incomplete,46,65,1624
T008203,E03564,Data Privacy,2025-09-17,8,Classroom,Completed,53,70,4678
T008204,E03564,Communication Skills,2025-12-23,24,Classroom,Completed,75,89,10460
T008205,E03565,Negotiation,2025-01-13,12,Online,Incomplete,76,93,11617
T008206,E03565,GenAI for Business,2024-08-24,8,Classroom,Completed,62,83,9381
T008207,E03565,Python Analytics,2024-10-12,2,Blended,Completed,49,64,7853
T008208,E03565,Negotiation,2024-12-18,24,Online,Completed,52,60,6624
T008209,E03566,Data Privacy,2025-12-05,4,Classroom,Completed,63,69,14048
T008210,E03568,Communication Skills,2024-08-15,24,Online,Completed,43,54,3132
T008211,E03568,Leadership Essentials,2024-09-13,8,Classroom,Completed,61,89,14223
T008212,E03568,Cloud Fundamentals,2024-07-14,6,Classroom,Completed,76,88,4959
T008213,E03570,Data Privacy,2025-03-27,2,Blended,Completed,44,64,10104
T008214,E03570,GenAI for Business,2025-09-17,12,Blended,Completed,64,86,8722
T008215,E03570,Python Analytics,2026-07-16,16,Online,Completed,41,67,14456
T008216,E03572,Data Privacy,2026-06-24,2,Online,Completed,74,99,9384
T008217,E03572,Power BI,2026-06-22,12,Online,Completed,73,91,4274
T008218,E03572,Cloud Fundamentals,2024-02-08,6,Blended,Incomplete,69,89,10036
T008219,E03572,Project Management,2025-08-09,8,Blended,Completed,74,81,6668
T008220,E03572,Communication Skills,2026-08-08,24,Classroom,Completed,63,80,10079
T008221,E03574,GenAI for Business,2025-01-02,2,Online,Completed,54,60,12405
T008222,E03574,Negotiation,2024-12-14,12,Classroom,Completed,51,66,12187
T008223,E03574,Python Analytics,2024-12-19,24,Classroom,Completed,53,65,8061
T008224,E03574,Power BI,2025-03-19,6,Classroom,Completed,66,91,5084
T008225,E03575,Cloud Fundamentals,2024-08-02,4,Blended,Completed,71,95,3050
T008226,E03576,GenAI for Business,2024-11-07,12,Blended,Completed,42,64,5830
T008227,E03577,Project Management,2025-12-26,16,Blended,Completed,77,88,1936
T008228,E03577,Power BI,2025-09-23,12,Blended,Completed,50,68,2539
T008229,E03578,GenAI for Business,2024-04-05,4,Blended,Completed,74,93,14839
T008230,E03578,Communication Skills,2024-03-18,6,Online,Completed,72,93,7829
T008231,E03578,Project Management,2025-12-02,8,Classroom,Completed,76,86,10573
T008232,E03579,Power BI,2025-06-14,16,Online,Completed,67,79,13775
T008233,E03579,GenAI for Business,2026-03-08,2,Blended,Completed,74,89,13019
T008234,E03579,Leadership Essentials,2026-02-17,6,Blended,Completed,73,99,6491
T008235,E03579,Data Privacy,2025-07-26,8,Online,Completed,48,57,5327
T008236,E03579,Project Management,2025-11-03,16,Blended,Completed,43,51,4784
T008237,E03583,Power BI,2026-08-01,12,Online,Completed,72,95,7563
T008238,E03583,Cloud Fundamentals,2026-07-06,24,Blended,Completed,63,74,5415
T008239,E03583,Leadership Essentials,2026-05-23,4,Online,Completed,69,75,11272
T008240,E03583,Project Management,2026-03-27,8,Blended,Completed,78,86,13263
T008241,E03583,Negotiation,2026-04-08,8,Online,Completed,58,64,8523
T008242,E03584,Communication Skills,2026-05-14,12,Classroom,Completed,52,61,5149
T008243,E03584,Negotiation,2025-11-06,4,Classroom,Completed,49,60,9511
T008244,E03585,Advanced Excel,2024-12-24,16,Online,Completed,47,61,5320
T008245,E03585,Project Management,2026-02-22,6,Blended,Completed,43,65,12617
T008246,E03587,Python Analytics,2026-05-05,2,Online,Completed,74,92,7562
T008247,E03587,Project Management,2025-06-19,12,Blended,Completed,78,89,14101
T008248,E03587,Project Management,2026-03-06,12,Classroom,Completed,50,73,8159
T008249,E03587,Python Analytics,2025-06-04,4,Blended,Completed,56,84,4954
T008250,E03588,Leadership Essentials,2024-04-18,6,Online,Completed,61,74,6208
T008251,E03588,GenAI for Business,2026-08-24,24,Online,Completed,71,78,12358
T008252,E03588,Negotiation,2025-04-30,2,Online,Completed,45,52,5301
T008253,E03588,Leadership Essentials,2024-09-23,12,Classroom,Completed,64,87,5984
T008254,E03589,Cloud Fundamentals,2025-07-28,2,Online,Completed,49,60,14773
T008255,E03589,Cloud Fundamentals,2025-06-01,6,Blended,Completed,55,62,6942
T008256,E03589,Data Privacy,2026-06-08,8,Online,Completed,66,92,11620
T008257,E03589,Project Management,2026-01-17,2,Blended,Completed,40,47,11834
T008258,E03589,Python Analytics,2024-03-03,4,Online,Completed,52,70,2241
T008259,E03590,Leadership Essentials,2025-06-18,8,Classroom,Completed,75,81,4311
T008260,E03591,Leadership Essentials,2024-01-01,16,Online,Completed,40,57,14932
T008261,E03591,Data Privacy,2026-06-24,2,Blended,Completed,49,58,9274
T008262,E03592,Advanced Excel,2024-09-08,12,Classroom,Completed,52,57,6330
T008263,E03595,Project Management,2025-08-08,2,Blended,Completed,65,70,14602
T008264,E03595,Advanced Excel,2025-10-14,6,Online,Completed,42,63,10850
T008265,E03597,Negotiation,2025-07-08,2,Classroom,Completed,54,60,3133
T008266,E03597,Advanced Excel,2024-06-11,24,Blended,Completed,70,79,5970
T008267,E03597,Leadership Essentials,2026-03-30,8,Classroom,Completed,73,84,7626
T008268,E03597,Advanced Excel,2025-08-31,2,Classroom,Completed,71,93,6542
T008269,E03597,Leadership Essentials,2025-11-29,2,Online,Completed,62,76,5263
T008270,E03598,Communication Skills,2025-04-19,6,Online,Completed,52,76,2348
T008271,E03598,Advanced Excel,2025-12-02,8,Blended,Completed,60,75,13952
T008272,E03598,Communication Skills,2026-05-13,2,Blended,Completed,66,94,7945
T008273,E03598,Project Management,2024-11-28,12,Online,Incomplete,71,84,11238
T008274,E03598,Negotiation,2026-08-20,8,Online,Completed,40,48,4767
T008275,E03599,Communication Skills,2024-09-17,24,Online,Completed,63,85,14342
T008276,E03599,Communication Skills,2024-08-15,12,Online,Completed,46,58,12856
T008277,E03599,Project Management,2024-03-11,24,Online,Completed,63,90,4048
T008278,E03599,Communication Skills,2026-06-22,12,Classroom,Completed,51,58,4803
T008279,E03599,Communication Skills,2026-07-03,16,Classroom,Completed,75,80,8948
T008280,E03600,Project Management,2024-04-25,6,Classroom,Completed,64,85,13605
T008281,E03600,GenAI for Business,2024-03-10,8,Blended,Completed,60,65,9276
T008282,E03600,Python Analytics,2024-04-07,24,Classroom,Completed,51,78,6219
T008283,E03600,Power BI,2024-04-26,8,Online,Completed,61,71,12240
T008284,E03600,Negotiation,2024-04-13,16,Classroom,Completed,62,68,12013
T008285,E03601,Advanced Excel,2026-08-11,24,Blended,Completed,73,83,3090
T008286,E03601,Advanced Excel,2025-12-12,6,Blended,Completed,64,76,3159
T008287,E03601,Data Privacy,2026-04-23,24,Online,Completed,67,89,6037
T008288,E03601,Cloud Fundamentals,2026-04-04,24,Classroom,Completed,50,76,5257
T008289,E03602,Project Management,2024-10-04,4,Online,Completed,44,51,4000
T008290,E03602,Cloud Fundamentals,2024-09-09,24,Online,Completed,64,81,6242
T008291,E03603,Project Management,2025-01-22,12,Blended,Completed,62,89,6944
T008292,E03603,Negotiation,2026-03-07,6,Classroom,Completed,43,61,4243
T008293,E03605,Negotiation,2026-06-21,8,Online,Completed,57,64,5218
T008294,E03608,Power BI,2025-12-06,8,Blended,Completed,75,87,3389
T008295,E03608,Python Analytics,2026-06-08,4,Blended,Completed,58,76,3311
T008296,E03608,Communication Skills,2024-09-27,4,Blended,Completed,67,95,14846
T008297,E03608,GenAI for Business,2026-07-15,2,Online,Completed,57,67,10091
T008298,E03609,Leadership Essentials,2024-06-04,16,Online,Completed,41,56,11554
T008299,E03609,Data Privacy,2024-05-18,8,Online,Completed,49,69,13148
T008300,E03609,Advanced Excel,2025-12-01,12,Online,Completed,45,67,11834
T008301,E03609,Power BI,2024-10-17,8,Blended,Completed,55,69,9016
T008302,E03611,GenAI for Business,2025-02-25,16,Online,Completed,68,75,6777
T008303,E03611,GenAI for Business,2024-11-28,12,Online,Completed,65,92,9537
T008304,E03611,GenAI for Business,2024-08-07,2,Blended,Completed,78,100,2953
T008305,E03611,Data Privacy,2024-03-24,12,Classroom,Completed,55,75,9711
T008306,E03612,Python Analytics,2024-02-04,16,Blended,Incomplete,48,56,7147
T008307,E03612,Project Management,2025-08-05,2,Blended,Completed,53,79,13893
T008308,E03613,Python Analytics,2024-01-14,16,Online,Completed,55,73,14537
T008309,E03614,Python Analytics,2026-01-27,8,Blended,Completed,62,72,4816
T008310,E03614,Negotiation,2025-07-23,6,Blended,Completed,68,82,13806
T008311,E03614,Negotiation,2024-08-24,16,Blended,Completed,71,82,10655
T008312,E03615,Cloud Fundamentals,2024-09-19,8,Online,Completed,66,76,4197
T008313,E03616,Advanced Excel,2024-03-15,8,Blended,Completed,78,86,5297
T008314,E03616,Leadership Essentials,2026-07-13,24,Blended,Completed,59,73,3523
T008315,E03616,Communication Skills,2024-08-08,24,Blended,Completed,51,72,11576
T008316,E03617,Negotiation,2026-03-23,2,Blended,Completed,64,73,4057
T008317,E03617,Negotiation,2026-01-27,12,Classroom,Completed,68,81,6630
T008318,E03617,Data Privacy,2026-07-18,2,Classroom,Completed,60,80,2470
T008319,E03617,Project Management,2026-05-19,24,Blended,Completed,52,77,5561
T008320,E03618,Negotiation,2024-01-04,8,Blended,Completed,77,86,5736
T008321,E03618,GenAI for Business,2024-04-12,16,Classroom,Completed,48,74,13016
T008322,E03618,GenAI for Business,2024-02-23,24,Classroom,Incomplete,59,84,6033
T008323,E03619,Power BI,2024-03-23,12,Classroom,Completed,53,76,8034
T008324,E03619,Power BI,2026-08-24,16,Classroom,Incomplete,47,52,9530
T008325,E03619,Project Management,2026-05-28,12,Blended,Completed,77,94,2790
T008326,E03619,Negotiation,2024-03-01,2,Blended,Completed,60,70,9655
T008327,E03620,Project Management,2026-03-31,24,Online,Completed,42,53,7599
T008328,E03622,Communication Skills,2025-01-07,6,Online,Completed,65,72,3876
T008329,E03622,Data Privacy,2025-07-19,12,Classroom,Completed,62,81,3795
T008330,E03624,Data Privacy,2025-11-02,4,Online,Completed,55,70,6404
T008331,E03625,Power BI,2025-08-27,4,Online,Completed,46,73,3924
T008332,E03625,Project Management,2026-08-28,4,Blended,Completed,73,86,8046
T008333,E03625,GenAI for Business,2026-08-22,8,Blended,Completed,67,74,5564
T008334,E03625,Negotiation,2024-12-07,6,Online,Completed,69,88,6609
T008335,E03626,Data Privacy,2026-02-15,6,Classroom,Completed,70,83,5225
T008336,E03626,Advanced Excel,2026-07-09,16,Classroom,Completed,58,64,10815
T008337,E03627,Project Management,2026-03-07,4,Online,Incomplete,71,82,7744
T008338,E03627,Data Privacy,2026-02-09,12,Online,Completed,56,77,10767
T008339,E03628,Negotiation,2024-02-12,8,Classroom,Completed,41,48,7608
T008340,E03628,Data Privacy,2025-12-04,8,Blended,Completed,78,83,8321
T008341,E03628,Python Analytics,2024-08-28,8,Online,Incomplete,50,60,9366
T008342,E03628,Power BI,2024-01-30,4,Online,Completed,76,100,5640
T008343,E03628,GenAI for Business,2025-04-16,8,Classroom,Completed,64,82,8493
T008344,E03629,Python Analytics,2026-07-21,4,Classroom,Completed,66,89,1620
T008345,E03629,Project Management,2026-05-16,12,Classroom,Completed,70,95,6712
T008346,E03629,Negotiation,2025-12-22,24,Blended,Completed,64,79,11754
T008347,E03629,Negotiation,2026-07-29,12,Blended,Completed,46,61,9211
T008348,E03630,Negotiation,2024-04-22,6,Blended,Completed,62,69,4473
T008349,E03630,Power BI,2025-09-13,24,Classroom,Completed,73,89,5898
T008350,E03632,Cloud Fundamentals,2025-06-04,8,Online,Completed,57,85,12311
T008351,E03633,GenAI for Business,2025-05-06,4,Online,Incomplete,41,63,5606
T008352,E03633,Communication Skills,2024-10-28,16,Blended,Completed,74,84,9373
T008353,E03633,Cloud Fundamentals,2026-01-11,2,Blended,Completed,54,64,2404
T008354,E03633,Data Privacy,2024-08-09,8,Online,Completed,65,85,11760
T008355,E03633,Project Management,2026-06-22,2,Blended,Completed,43,64,5302
T008356,E03635,GenAI for Business,2025-02-06,4,Blended,Completed,57,83,5668
T008357,E03635,GenAI for Business,2024-01-06,16,Classroom,Incomplete,62,70,9345
T008358,E03635,Negotiation,2025-01-31,8,Blended,Completed,68,74,8069
T008359,E03635,Data Privacy,2025-01-16,6,Online,Completed,45,72,11468
T008360,E03636,Communication Skills,2026-05-14,12,Blended,Completed,46,65,9251
T008361,E03637,Python Analytics,2025-11-08,16,Online,Completed,44,62,11167
T008362,E03637,Project Management,2024-06-16,16,Classroom,Completed,48,57,8833
T008363,E03640,Data Privacy,2024-07-12,6,Blended,Completed,71,78,4567
T008364,E03640,Leadership Essentials,2025-05-27,12,Classroom,Incomplete,72,94,3878
T008365,E03640,GenAI for Business,2025-09-02,8,Online,Completed,77,96,11263
T008366,E03640,Power BI,2025-12-22,16,Blended,Completed,77,92,9006
T008367,E03641,Communication Skills,2024-02-02,4,Blended,Completed,58,64,9706
T008368,E03642,Negotiation,2024-07-23,6,Online,Completed,76,100,9551
T008369,E03642,Leadership Essentials,2024-03-03,6,Classroom,Completed,42,59,4093
T008370,E03642,Leadership Essentials,2025-04-09,2,Blended,Completed,43,68,13369
T008371,E03642,Negotiation,2024-11-30,4,Online,Completed,48,59,9986
T008372,E03643,Negotiation,2026-03-09,2,Blended,Completed,43,65,14716
T008373,E03643,Cloud Fundamentals,2024-04-27,12,Online,Completed,46,58,12952
T008374,E03643,Cloud Fundamentals,2024-08-22,2,Blended,Completed,50,71,13863
T008375,E03643,Project Management,2024-01-23,6,Blended,Completed,53,60,3126
T008376,E03649,Power BI,2024-08-22,12,Classroom,Completed,54,78,14249
T008377,E03649,Cloud Fundamentals,2024-01-24,12,Online,Completed,77,86,4782
T008378,E03650,Python Analytics,2025-02-18,24,Blended,Completed,51,69,8601
T008379,E03650,Cloud Fundamentals,2025-10-22,24,Online,Incomplete,61,79,11186
T008380,E03650,Power BI,2024-03-29,6,Online,Completed,49,64,13652
T008381,E03650,Data Privacy,2025-02-16,6,Online,Completed,71,80,6657
T008382,E03651,Power BI,2024-01-26,2,Blended,Completed,59,74,8244
T008383,E03651,GenAI for Business,2026-08-20,24,Classroom,Completed,54,80,5122
T008384,E03652,Advanced Excel,2025-05-01,8,Blended,Completed,60,71,3201
T008385,E03652,Power BI,2025-11-01,12,Online,Incomplete,53,76,9662
T008386,E03652,Project Management,2025-06-12,24,Blended,Completed,41,51,12910
T008387,E03652,GenAI for Business,2024-09-24,12,Online,Completed,73,98,10040
T008388,E03652,Negotiation,2024-06-11,24,Online,Completed,42,58,4373
T008389,E03653,Cloud Fundamentals,2025-07-17,24,Classroom,Completed,56,78,2288
T008390,E03653,Power BI,2025-08-02,4,Blended,Completed,74,80,1650
T008391,E03653,Communication Skills,2026-01-17,24,Blended,Incomplete,61,74,2054
T008392,E03653,Advanced Excel,2025-11-01,2,Classroom,Completed,77,94,11560
T008393,E03653,Data Privacy,2026-06-26,12,Online,Completed,45,56,11867
T008394,E03655,Project Management,2025-04-13,12,Blended,Completed,74,86,13543
T008395,E03655,Negotiation,2025-07-27,4,Classroom,Completed,65,92,8404
T008396,E03655,Project Management,2025-12-17,24,Blended,Completed,64,74,10449
T008397,E03656,GenAI for Business,2024-01-12,16,Online,Completed,51,71,6362
T008398,E03656,Project Management,2025-05-09,4,Classroom,Completed,59,84,12617
T008399,E03656,Project Management,2024-09-27,24,Online,Completed,69,94,1585
T008400,E03656,Communication Skills,2025-05-08,8,Online,Completed,50,58,6213
T008401,E03657,GenAI for Business,2024-09-27,8,Classroom,Completed,77,94,6101
T008402,E03657,Python Analytics,2024-01-17,12,Classroom,Completed,70,92,6906
T008403,E03657,Communication Skills,2024-09-28,6,Online,Completed,52,73,8160
T008404,E03657,Data Privacy,2024-02-13,12,Blended,Completed,74,99,11789
T008405,E03657,Power BI,2024-09-01,6,Online,Completed,66,94,3196
T008406,E03659,Leadership Essentials,2026-02-28,12,Blended,Completed,70,75,10329
T008407,E03659,GenAI for Business,2026-04-30,2,Classroom,Completed,40,68,7904
T008408,E03659,GenAI for Business,2025-10-27,6,Classroom,Completed,68,85,6344
T008409,E03659,Power BI,2024-12-24,12,Blended,Completed,67,93,12133
T008410,E03659,Power BI,2025-07-21,4,Online,Completed,58,76,1518
T008411,E03660,Python Analytics,2024-02-09,6,Online,Completed,53,76,5854
T008412,E03660,Negotiation,2024-07-29,16,Online,Completed,69,81,8115
T008413,E03660,Project Management,2024-04-26,2,Classroom,Completed,49,73,8810
T008414,E03660,Advanced Excel,2024-08-22,16,Classroom,Completed,46,59,9021
T008415,E03661,Advanced Excel,2025-06-15,12,Classroom,Completed,40,46,3984
T008416,E03661,Leadership Essentials,2025-12-04,8,Online,Completed,40,58,14072
T008417,E03661,GenAI for Business,2026-05-02,6,Online,Completed,77,100,12056
T008418,E03661,Power BI,2026-07-05,2,Blended,Completed,48,56,6571
T008419,E03663,Leadership Essentials,2026-05-17,2,Blended,Completed,74,99,11840
T008420,E03663,Power BI,2026-08-20,4,Classroom,Completed,49,73,6530
T008421,E03663,Python Analytics,2026-06-06,2,Classroom,Incomplete,73,95,9249
T008422,E03664,Advanced Excel,2024-01-24,8,Online,Incomplete,62,82,9547
T008423,E03664,Project Management,2025-11-16,4,Online,Completed,44,67,13465
T008424,E03664,GenAI for Business,2024-09-16,16,Blended,Completed,63,72,9524
T008425,E03664,Power BI,2025-05-03,2,Online,Completed,60,85,6102
T008426,E03664,Advanced Excel,2024-07-07,8,Blended,Completed,69,93,13510
T008427,E03665,Python Analytics,2026-08-10,8,Online,Completed,75,83,12978
T008428,E03665,Cloud Fundamentals,2025-12-18,24,Online,Incomplete,57,65,13427
T008429,E03665,Data Privacy,2024-11-16,8,Online,Completed,56,75,14635
T008430,E03665,Power BI,2024-06-19,12,Blended,Completed,45,62,13257
T008431,E03665,Data Privacy,2025-04-13,6,Classroom,Completed,71,78,6348
T008432,E03666,Communication Skills,2025-01-10,16,Blended,Completed,47,72,12803
T008433,E03666,GenAI for Business,2025-12-13,6,Classroom,Completed,67,86,9150
T008434,E03666,GenAI for Business,2024-07-06,12,Blended,Incomplete,55,66,12929
T008435,E03666,Cloud Fundamentals,2026-04-14,4,Classroom,Completed,43,67,5891
T008436,E03667,Negotiation,2026-08-23,4,Classroom,Completed,54,60,5797
T008437,E03669,Project Management,2025-12-31,6,Blended,Completed,48,55,3138
T008438,E03669,Power BI,2026-07-15,2,Online,Incomplete,63,77,3885
T008439,E03669,Communication Skills,2025-08-05,24,Blended,Completed,43,49,4992
T008440,E03669,Project Management,2024-01-11,24,Classroom,Completed,64,92,5105
T008441,E03669,Cloud Fundamentals,2026-03-07,24,Online,Completed,63,73,11423
T008442,E03670,GenAI for Business,2026-07-17,24,Classroom,Completed,63,88,2887
T008443,E03670,Data Privacy,2025-11-14,2,Blended,Completed,70,95,11724
T008444,E03670,Negotiation,2024-06-20,12,Blended,Incomplete,55,76,4727
T008445,E03671,Negotiation,2026-08-23,12,Online,Incomplete,76,82,2676
T008446,E03671,Project Management,2025-10-27,16,Classroom,Completed,77,93,2209
T008447,E03672,Communication Skills,2024-02-16,24,Blended,Completed,63,90,5866
T008448,E03672,Advanced Excel,2024-09-11,8,Online,Completed,58,70,7116
T008449,E03673,Cloud Fundamentals,2026-03-30,4,Blended,Completed,51,68,12140
T008450,E03673,Data Privacy,2026-04-24,6,Classroom,Completed,65,78,2217
T008451,E03674,Data Privacy,2024-01-03,16,Online,Completed,50,58,8351
T008452,E03674,Project Management,2025-05-07,6,Online,Completed,59,86,3897
T008453,E03674,Project Management,2024-08-28,2,Online,Completed,78,92,13033
T008454,E03675,Power BI,2026-08-04,24,Online,Completed,49,68,8190
T008455,E03675,Communication Skills,2026-08-18,4,Blended,Completed,58,80,10205
T008456,E03676,Project Management,2025-05-26,24,Online,Completed,47,55,9128
T008457,E03677,GenAI for Business,2026-08-16,2,Classroom,Completed,44,54,4648
T008458,E03677,Data Privacy,2026-07-04,2,Blended,Completed,47,72,10722
T008459,E03677,Leadership Essentials,2026-07-08,16,Online,Completed,52,78,6533
T008460,E03677,Leadership Essentials,2026-08-05,24,Online,Completed,60,67,2565
T008461,E03677,Data Privacy,2026-07-22,8,Classroom,Completed,78,85,8459
T008462,E03680,Data Privacy,2024-04-20,4,Blended,Completed,42,58,13796
T008463,E03680,Negotiation,2024-03-16,4,Classroom,Incomplete,55,79,14872
T008464,E03680,Negotiation,2024-02-10,8,Classroom,Completed,75,87,12053
T008465,E03680,Power BI,2024-04-08,8,Online,Completed,63,71,14363
T008466,E03681,Power BI,2026-02-28,24,Blended,Completed,45,59,13029
T008467,E03681,Negotiation,2026-05-19,16,Blended,Completed,64,85,9255
T008468,E03681,Project Management,2026-02-24,6,Online,Completed,77,100,3407
T008469,E03681,Leadership Essentials,2025-10-31,4,Online,Completed,66,73,1543
T008470,E03681,Project Management,2025-09-11,2,Classroom,Completed,66,83,10881
T008471,E03682,Communication Skills,2024-04-06,8,Blended,Completed,69,83,2503
T008472,E03682,Power BI,2026-07-03,24,Classroom,Completed,42,65,7236
T008473,E03682,Project Management,2026-01-06,16,Online,Completed,72,90,3835
T008474,E03682,Power BI,2025-12-07,4,Blended,Incomplete,47,64,11101
T008475,E03682,Advanced Excel,2025-03-11,4,Blended,Completed,76,95,5926
T008476,E03683,Leadership Essentials,2026-05-04,16,Classroom,Completed,46,72,12567
T008477,E03683,Cloud Fundamentals,2025-07-06,6,Blended,Completed,46,54,4789
T008478,E03683,Cloud Fundamentals,2024-10-19,16,Classroom,Completed,68,77,10451
T008479,E03685,GenAI for Business,2026-07-16,24,Classroom,Completed,41,52,14467
T008480,E03686,Power BI,2025-10-23,24,Blended,Completed,57,73,10102
T008481,E03686,Cloud Fundamentals,2025-11-05,24,Classroom,Completed,60,79,6560
T008482,E03686,Leadership Essentials,2026-04-21,16,Online,Completed,77,98,3402
T008483,E03689,Power BI,2026-05-10,12,Blended,Completed,72,84,2112
T008484,E03690,Project Management,2026-06-13,12,Online,Incomplete,60,83,9028
T008485,E03691,Cloud Fundamentals,2025-01-23,16,Blended,Completed,74,93,14617
T008486,E03691,Leadership Essentials,2025-03-05,12,Blended,Completed,50,65,4958
T008487,E03691,Project Management,2026-08-20,6,Online,Completed,77,84,7255
T008488,E03691,Leadership Essentials,2025-02-23,4,Blended,Completed,57,72,3164
T008489,E03692,Cloud Fundamentals,2026-07-01,6,Blended,Completed,57,85,9290
T008490,E03692,Communication Skills,2026-06-17,8,Blended,Incomplete,75,92,11233
T008491,E03692,Negotiation,2025-06-13,2,Online,Completed,60,82,12662
T008492,E03694,Project Management,2024-11-05,2,Blended,Completed,41,69,6121
T008493,E03695,Python Analytics,2026-06-23,16,Blended,Completed,60,80,12242
T008494,E03695,Communication Skills,2026-04-26,12,Classroom,Completed,65,92,8362
T008495,E03695,Data Privacy,2026-07-04,4,Blended,Completed,61,81,3553
T008496,E03695,Python Analytics,2026-05-31,12,Online,Completed,73,81,7585
T008497,E03695,Data Privacy,2026-06-17,16,Online,Completed,77,82,13451
T008498,E03696,Power BI,2025-08-29,16,Blended,Completed,69,95,9066
T008499,E03696,Leadership Essentials,2024-04-22,24,Online,Completed,58,78,10555
T008500,E03696,Advanced Excel,2025-02-11,16,Online,Completed,57,68,10233
T008501,E03697,GenAI for Business,2026-04-18,24,Blended,Completed,59,86,4204
T008502,E03698,Communication Skills,2026-08-24,12,Online,Completed,55,72,12054
T008503,E03698,Advanced Excel,2025-05-17,2,Blended,Completed,63,76,6736
T008504,E03698,Leadership Essentials,2026-04-21,4,Online,Completed,72,82,5275
T008505,E03698,Project Management,2025-08-06,24,Online,Completed,58,76,5817
T008506,E03699,GenAI for Business,2024-08-26,8,Blended,Completed,48,63,5645
T008507,E03699,Python Analytics,2025-08-02,8,Blended,Completed,69,78,6385
T008508,E03699,Python Analytics,2025-12-09,6,Classroom,Completed,44,55,7967
T008509,E03701,Advanced Excel,2025-03-15,2,Online,Completed,71,83,2797
T008510,E03702,Communication Skills,2025-09-06,8,Classroom,Completed,55,61,3739
T008511,E03702,Cloud Fundamentals,2026-03-26,4,Blended,Completed,56,79,14461
T008512,E03702,Leadership Essentials,2026-07-21,24,Online,Completed,61,82,8451
T008513,E03703,Power BI,2026-02-25,6,Online,Completed,52,74,13935
T008514,E03703,Project Management,2026-04-10,24,Blended,Completed,40,58,11054
T008515,E03703,GenAI for Business,2026-08-31,24,Online,Incomplete,41,68,4561
T008516,E03703,Cloud Fundamentals,2026-03-24,2,Classroom,Completed,72,78,7035
T008517,E03703,Leadership Essentials,2025-10-11,16,Blended,Completed,55,75,12013
T008518,E03705,Negotiation,2026-08-13,12,Blended,Completed,46,58,10440
T008519,E03705,Negotiation,2024-10-29,16,Classroom,Completed,40,53,13257
T008520,E03705,Communication Skills,2025-01-08,6,Classroom,Completed,65,87,4908
T008521,E03705,Leadership Essentials,2025-01-14,4,Blended,Completed,63,90,8776
T008522,E03708,Communication Skills,2025-08-21,24,Blended,Completed,48,55,8404
T008523,E03708,Python Analytics,2025-05-03,16,Classroom,Completed,63,80,13049
T008524,E03710,Negotiation,2026-06-02,4,Blended,Completed,67,95,5465
T008525,E03710,Power BI,2026-07-01,12,Online,Completed,65,76,13436
T008526,E03710,Power BI,2026-01-03,8,Blended,Completed,41,60,8442
T008527,E03711,Data Privacy,2024-04-18,4,Online,Completed,73,95,12792
T008528,E03711,Advanced Excel,2024-02-19,2,Online,Incomplete,44,60,8298
T008529,E03711,GenAI for Business,2024-03-28,4,Classroom,Completed,54,80,13316
T008530,E03712,Project Management,2026-04-15,6,Online,Completed,57,81,11004
T008531,E03712,GenAI for Business,2026-07-20,12,Blended,Completed,52,79,3113
T008532,E03712,GenAI for Business,2026-06-02,24,Blended,Completed,45,53,2031
T008533,E03712,Python Analytics,2026-06-30,8,Classroom,Completed,60,76,6064
T008534,E03714,Negotiation,2024-01-15,12,Classroom,Completed,51,67,8910
T008535,E03714,Power BI,2026-02-12,4,Blended,Completed,78,96,14644
T008536,E03714,GenAI for Business,2025-07-07,24,Online,Completed,43,53,4920
T008537,E03714,Project Management,2024-08-07,24,Online,Completed,65,70,5759
T008538,E03714,Power BI,2024-04-16,24,Classroom,Completed,65,81,8718
T008539,E03716,Negotiation,2025-07-05,24,Classroom,Completed,54,60,10595
T008540,E03716,Negotiation,2024-02-29,12,Online,Completed,73,88,9010
T008541,E03716,Communication Skills,2025-12-08,4,Classroom,Completed,60,71,14769
T008542,E03716,Python Analytics,2025-07-21,2,Classroom,Completed,45,61,13279
T008543,E03716,Power BI,2026-01-31,16,Online,Completed,54,65,12090
T008544,E03718,Project Management,2026-05-15,16,Classroom,Completed,40,46,10545
T008545,E03720,Data Privacy,2026-01-12,12,Online,Completed,73,95,13261
T008546,E03720,GenAI for Business,2025-12-14,24,Blended,Completed,71,87,12753
T008547,E03720,Advanced Excel,2026-01-31,24,Online,Completed,55,61,10767
T008548,E03720,GenAI for Business,2026-02-04,12,Blended,Completed,68,96,6501
T008549,E03721,Data Privacy,2026-07-18,6,Blended,Completed,61,71,13036
T008550,E03723,Python Analytics,2026-03-15,8,Blended,Completed,61,72,11094
T008551,E03725,Advanced Excel,2025-06-30,24,Blended,Completed,66,79,4141
T008552,E03725,Communication Skills,2025-06-26,12,Classroom,Completed,48,65,7514
T008553,E03725,Negotiation,2025-01-05,16,Classroom,Completed,40,47,7578
T008554,E03725,Negotiation,2024-09-12,16,Blended,Incomplete,61,72,12623
T008555,E03728,Data Privacy,2025-12-29,8,Blended,Completed,76,82,14670
T008556,E03729,GenAI for Business,2025-06-02,2,Online,Completed,65,71,10403
T008557,E03729,Data Privacy,2025-12-02,8,Blended,Completed,77,85,5498
T008558,E03729,Project Management,2025-06-17,24,Classroom,Completed,74,98,3229
T008559,E03729,Python Analytics,2025-08-16,24,Online,Completed,58,69,10155
T008560,E03730,Project Management,2025-11-12,6,Classroom,Completed,42,47,10083
T008561,E03730,Data Privacy,2026-04-12,4,Online,Completed,78,100,10544
T008562,E03730,Communication Skills,2026-05-14,4,Online,Completed,67,94,8970
T008563,E03730,Data Privacy,2026-04-28,8,Online,Completed,65,91,8911
T008564,E03731,Data Privacy,2025-08-29,16,Online,Completed,46,55,12066
T008565,E03731,GenAI for Business,2025-06-07,4,Online,Completed,70,85,1805
T008566,E03731,Leadership Essentials,2026-05-25,4,Blended,Completed,47,55,1901
T008567,E03732,Python Analytics,2026-01-23,16,Blended,Completed,48,63,2193
T008568,E03732,GenAI for Business,2026-01-18,16,Classroom,Incomplete,58,68,3684
T008569,E03732,Data Privacy,2025-01-18,12,Online,Completed,44,49,5564
T008570,E03732,Advanced Excel,2024-01-14,12,Online,Completed,66,72,12240
T008571,E03732,Data Privacy,2025-02-06,2,Online,Completed,59,86,7755
T008572,E03733,Project Management,2024-04-23,12,Online,Completed,40,62,10562
T008573,E03733,Leadership Essentials,2024-09-05,12,Online,Completed,41,50,3816
T008574,E03733,Python Analytics,2024-09-23,4,Classroom,Completed,57,78,6351
T008575,E03733,Cloud Fundamentals,2024-01-03,2,Classroom,Completed,53,81,8142
T008576,E03733,Leadership Essentials,2024-04-25,24,Classroom,Incomplete,58,68,8869
T008577,E03734,Leadership Essentials,2024-02-04,24,Blended,Completed,63,87,13586
T008578,E03734,Data Privacy,2025-04-15,8,Online,Completed,49,72,11103
T008579,E03734,Data Privacy,2025-11-24,16,Online,Completed,47,52,2814
T008580,E03735,Negotiation,2024-04-07,6,Blended,Completed,44,72,13982
T008581,E03735,Cloud Fundamentals,2024-07-17,8,Online,Completed,71,80,9727
T008582,E03735,Negotiation,2024-05-22,6,Online,Completed,68,85,2734
T008583,E03735,Leadership Essentials,2026-02-16,16,Classroom,Completed,78,95,13436
T008584,E03736,Python Analytics,2024-12-09,16,Blended,Completed,45,59,9039
T008585,E03736,Negotiation,2024-07-23,12,Blended,Completed,75,92,9674
T008586,E03736,Data Privacy,2025-12-17,24,Blended,Completed,63,75,10518
T008587,E03737,Data Privacy,2025-04-17,24,Online,Completed,56,79,14093
T008588,E03737,Advanced Excel,2025-01-30,8,Classroom,Completed,77,83,11413
T008589,E03737,GenAI for Business,2025-07-22,8,Blended,Completed,63,78,3935
T008590,E03737,Cloud Fundamentals,2025-03-31,2,Classroom,Completed,43,56,13864
T008591,E03738,Project Management,2025-02-05,6,Classroom,Completed,71,85,5502
T008592,E03738,Negotiation,2026-06-01,8,Blended,Completed,65,80,8276
T008593,E03738,Communication Skills,2024-07-05,8,Classroom,Completed,69,78,13579
T008594,E03738,Python Analytics,2026-04-19,16,Classroom,Completed,62,77,8952
T008595,E03739,Communication Skills,2026-03-12,16,Online,Completed,48,71,6709
T008596,E03739,Cloud Fundamentals,2026-01-16,4,Blended,Completed,56,80,7272
T008597,E03740,Negotiation,2024-09-21,2,Online,Completed,70,92,10820
T008598,E03740,Power BI,2026-03-05,12,Online,Incomplete,66,78,5155
T008599,E03741,Python Analytics,2026-08-16,8,Classroom,Completed,40,58,3163
T008600,E03741,Communication Skills,2024-05-23,12,Classroom,Completed,43,61,13551
T008601,E03742,Leadership Essentials,2024-02-08,12,Online,Completed,70,87,9287
T008602,E03742,Python Analytics,2024-06-27,16,Blended,Incomplete,45,65,6899
T008603,E03742,Negotiation,2024-12-04,8,Online,Completed,54,63,7846
T008604,E03742,GenAI for Business,2024-11-26,12,Blended,Completed,74,95,4927
T008605,E03743,Data Privacy,2024-09-30,6,Classroom,Completed,58,77,8668
T008606,E03743,Data Privacy,2025-07-03,2,Blended,Completed,71,79,1570
T008607,E03743,GenAI for Business,2024-10-09,2,Online,Completed,67,75,13322
T008608,E03743,Communication Skills,2025-07-16,16,Classroom,Completed,78,98,8227
T008609,E03744,Advanced Excel,2026-03-07,6,Online,Incomplete,44,53,6483
T008610,E03746,Negotiation,2025-04-08,2,Blended,Completed,58,63,5031
T008611,E03746,Power BI,2024-08-30,2,Blended,Completed,77,89,11734
T008612,E03746,GenAI for Business,2025-08-30,4,Online,Completed,54,66,4321
T008613,E03746,Negotiation,2026-03-23,12,Blended,Completed,50,61,2250
T008614,E03747,Data Privacy,2025-03-29,24,Online,Completed,74,79,6394
T008615,E03747,Project Management,2024-12-17,4,Online,Completed,63,86,11821
T008616,E03748,Cloud Fundamentals,2024-04-29,2,Online,Completed,57,79,3760
T008617,E03748,Communication Skills,2024-11-05,16,Classroom,Completed,74,88,1562
T008618,E03748,Communication Skills,2026-04-23,12,Online,Completed,66,71,14469
T008619,E03749,Power BI,2025-09-07,6,Blended,Completed,56,62,3218
T008620,E03750,Advanced Excel,2024-03-26,16,Online,Completed,73,99,14038
T008621,E03750,Project Management,2025-08-18,2,Blended,Completed,56,81,7594
T008622,E03750,Project Management,2024-05-23,16,Online,Completed,53,58,12292
T008623,E03751,Communication Skills,2026-02-22,2,Blended,Completed,46,58,5614
T008624,E03751,Cloud Fundamentals,2026-01-16,24,Blended,Completed,44,59,7207
T008625,E03751,Power BI,2024-04-20,4,Online,Completed,72,96,9276
T008626,E03753,Data Privacy,2024-10-22,16,Online,Incomplete,40,55,10588
T008627,E03753,Cloud Fundamentals,2025-05-16,16,Online,Completed,48,59,10471
T008628,E03754,Communication Skills,2026-02-03,24,Classroom,Completed,64,71,2993
T008629,E03754,Advanced Excel,2024-11-08,4,Online,Completed,61,69,1981
T008630,E03755,Cloud Fundamentals,2025-06-14,4,Online,Completed,53,58,8289
T008631,E03755,Python Analytics,2024-05-26,4,Classroom,Completed,76,100,4054
T008632,E03756,Negotiation,2026-07-11,6,Online,Completed,77,88,5101
T008633,E03756,Data Privacy,2026-08-22,16,Blended,Completed,69,83,1714
T008634,E03756,GenAI for Business,2026-07-13,16,Online,Incomplete,50,64,1856
T008635,E03756,Communication Skills,2026-08-18,2,Blended,Completed,69,94,13230
T008636,E03756,Advanced Excel,2026-08-13,6,Blended,Completed,41,58,3534
T008637,E03757,Project Management,2026-03-31,4,Classroom,Completed,40,54,9745
T008638,E03757,Cloud Fundamentals,2024-01-25,2,Online,Completed,60,66,13754
T008639,E03757,Negotiation,2025-09-23,6,Blended,Completed,74,100,7487
T008640,E03757,Communication Skills,2025-01-29,4,Blended,Completed,46,59,14441
T008641,E03757,Python Analytics,2024-06-21,16,Classroom,Completed,40,68,4357
T008642,E03758,Cloud Fundamentals,2026-06-04,8,Online,Completed,52,63,3092
T008643,E03760,Leadership Essentials,2025-01-13,6,Classroom,Completed,46,62,4655
T008644,E03760,Power BI,2025-03-29,12,Classroom,Completed,71,88,4456
T008645,E03760,GenAI for Business,2025-12-09,24,Blended,Completed,77,95,7556
T008646,E03761,Leadership Essentials,2024-10-08,8,Online,Completed,68,88,14837
T008647,E03761,Leadership Essentials,2026-07-20,16,Blended,Completed,64,74,8259
T008648,E03762,Advanced Excel,2025-10-22,6,Classroom,Completed,44,58,11397
T008649,E03762,Advanced Excel,2026-01-26,12,Classroom,Completed,56,69,1636
T008650,E03762,Cloud Fundamentals,2025-09-12,4,Blended,Completed,44,52,5846
T008651,E03763,GenAI for Business,2024-05-07,8,Blended,Completed,47,60,13192
T008652,E03763,Python Analytics,2025-11-19,2,Blended,Incomplete,57,68,5766
T008653,E03763,Advanced Excel,2025-09-07,8,Blended,Incomplete,40,48,5290
T008654,E03763,Leadership Essentials,2024-12-13,16,Blended,Completed,76,100,12914
T008655,E03763,GenAI for Business,2026-05-15,6,Classroom,Completed,40,46,13890
T008656,E03764,Data Privacy,2024-01-20,8,Online,Completed,70,88,8808
T008657,E03764,GenAI for Business,2025-10-18,4,Blended,Completed,60,76,11648
T008658,E03764,Leadership Essentials,2024-08-14,6,Blended,Completed,72,77,14104
T008659,E03764,Python Analytics,2025-12-04,4,Classroom,Completed,77,100,3722
T008660,E03764,Python Analytics,2024-02-02,16,Online,Completed,43,60,10549
T008661,E03766,Cloud Fundamentals,2024-01-11,8,Classroom,Completed,56,78,5054
T008662,E03767,Power BI,2026-05-11,6,Blended,Completed,44,49,11859
T008663,E03767,Data Privacy,2026-07-10,8,Blended,Completed,50,72,13697
T008664,E03767,GenAI for Business,2026-04-20,2,Classroom,Completed,75,99,2255
T008665,E03767,Data Privacy,2026-08-06,2,Blended,Completed,74,79,13954
T008666,E03769,Advanced Excel,2024-05-02,12,Online,Completed,59,69,9934
T008667,E03770,Python Analytics,2026-04-11,16,Online,Completed,68,93,11476
T008668,E03771,Advanced Excel,2025-09-06,16,Online,Completed,49,56,6196
T008669,E03771,Data Privacy,2024-09-17,4,Online,Completed,46,66,9918
T008670,E03771,Data Privacy,2026-07-01,4,Blended,Incomplete,50,68,9471
T008671,E03771,Data Privacy,2025-12-13,8,Blended,Completed,46,69,7959
T008672,E03771,Python Analytics,2025-04-10,16,Classroom,Completed,40,62,4365
T008673,E03773,Power BI,2026-01-30,2,Blended,Completed,55,80,9597
T008674,E03773,Advanced Excel,2025-07-17,12,Blended,Completed,69,93,2266
T008675,E03773,Power BI,2025-03-24,16,Classroom,Completed,60,78,11480
T008676,E03777,Advanced Excel,2026-08-05,2,Online,Completed,55,73,10558
T008677,E03778,Leadership Essentials,2024-02-13,6,Classroom,Completed,61,72,6485
T008678,E03778,Data Privacy,2025-10-07,4,Blended,Completed,41,49,11724
T008679,E03778,Communication Skills,2024-05-15,4,Classroom,Completed,42,59,6532
T008680,E03779,Python Analytics,2026-07-30,2,Online,Completed,73,83,6927
T008681,E03779,Communication Skills,2026-01-09,4,Blended,Completed,68,82,8000
T008682,E03779,GenAI for Business,2025-12-21,16,Online,Completed,61,71,9902
T008683,E03780,GenAI for Business,2026-03-28,6,Online,Completed,58,67,12083
T008684,E03780,Negotiation,2026-03-11,8,Classroom,Completed,42,54,12381
T008685,E03780,Negotiation,2026-05-21,2,Classroom,Completed,63,86,6322
T008686,E03781,Advanced Excel,2025-01-30,12,Classroom,Completed,63,72,11746
T008687,E03781,Project Management,2026-01-23,4,Online,Completed,43,70,10327
T008688,E03781,Power BI,2025-06-27,16,Classroom,Completed,69,77,3916
T008689,E03781,Data Privacy,2026-02-05,16,Blended,Completed,78,100,7561
T008690,E03782,Data Privacy,2024-06-22,6,Blended,Completed,63,91,12216
T008691,E03782,GenAI for Business,2024-01-31,4,Classroom,Completed,57,84,9610
T008692,E03782,Leadership Essentials,2026-06-19,2,Blended,Completed,77,94,8620
T008693,E03782,Project Management,2026-08-03,16,Classroom,Completed,54,71,8691
T008694,E03782,Cloud Fundamentals,2024-08-23,12,Blended,Completed,57,84,11415
T008695,E03783,GenAI for Business,2024-02-02,12,Classroom,Completed,74,92,4309
T008696,E03783,Data Privacy,2026-07-06,2,Blended,Completed,55,76,14094
T008697,E03784,Power BI,2026-06-07,16,Classroom,Completed,63,78,9107
T008698,E03784,Project Management,2024-11-01,8,Online,Completed,53,68,12924
T008699,E03784,Communication Skills,2026-01-16,16,Blended,Completed,60,86,13851
T008700,E03784,Power BI,2025-05-28,24,Online,Completed,63,87,14192
T008701,E03785,Negotiation,2024-06-30,2,Classroom,Completed,56,72,3223
T008702,E03785,Data Privacy,2024-04-08,24,Online,Completed,70,98,2590
T008703,E03785,Project Management,2024-07-19,24,Blended,Completed,74,80,14403
T008704,E03785,Data Privacy,2025-12-20,16,Classroom,Completed,41,66,2801
T008705,E03785,Data Privacy,2026-04-15,24,Blended,Completed,71,81,2962
T008706,E03786,Negotiation,2025-12-24,2,Blended,Completed,69,79,8870
T008707,E03787,Python Analytics,2026-04-28,6,Blended,Completed,60,78,12132
T008708,E03787,Advanced Excel,2024-03-09,6,Classroom,Completed,73,91,7289
T008709,E03787,Advanced Excel,2024-03-24,12,Blended,Completed,78,86,5936
T008710,E03787,Cloud Fundamentals,2025-02-20,8,Online,Completed,50,63,7774
T008711,E03788,Power BI,2026-04-23,6,Online,Completed,54,68,9145
T008712,E03788,Cloud Fundamentals,2025-04-15,8,Online,Completed,57,66,3848
T008713,E03788,Python Analytics,2025-10-25,8,Classroom,Completed,46,68,13951
T008714,E03788,Data Privacy,2026-04-14,16,Blended,Completed,46,74,3860
T008715,E03788,Communication Skills,2025-01-20,24,Online,Completed,54,68,9389
T008716,E03789,Communication Skills,2026-06-24,8,Classroom,Completed,42,51,6707
T008717,E03789,Cloud Fundamentals,2026-02-17,24,Classroom,Completed,46,64,8742
T008718,E03790,Project Management,2026-07-08,4,Classroom,Completed,42,58,1527
T008719,E03790,Project Management,2025-07-28,12,Online,Completed,50,64,13934
T008720,E03790,Cloud Fundamentals,2026-08-03,16,Online,Completed,45,62,14410
T008721,E03790,Python Analytics,2025-02-20,24,Blended,Completed,75,100,10127
T008722,E03790,Communication Skills,2025-03-14,8,Classroom,Completed,54,75,8007
T008723,E03792,Data Privacy,2026-01-09,16,Online,Completed,66,81,12933
T008724,E03792,Data Privacy,2024-11-28,4,Classroom,Completed,41,63,6984
T008725,E03792,Communication Skills,2025-03-11,8,Classroom,Completed,57,81,14190
T008726,E03792,Power BI,2024-06-17,6,Online,Completed,65,73,5710
T008727,E03792,Project Management,2025-03-22,16,Blended,Completed,70,84,5044
T008728,E03793,Cloud Fundamentals,2025-11-29,16,Classroom,Completed,69,79,5044
T008729,E03793,Cloud Fundamentals,2025-03-21,8,Classroom,Completed,53,61,5906
T008730,E03793,Leadership Essentials,2025-09-15,4,Online,Completed,50,59,8461
T008731,E03793,GenAI for Business,2026-06-01,8,Blended,Completed,76,100,5610
T008732,E03793,Negotiation,2026-05-30,8,Blended,Completed,66,74,11394
T008733,E03794,Project Management,2024-03-22,2,Classroom,Completed,63,78,2302
T008734,E03794,Power BI,2025-04-20,4,Online,Completed,76,89,5043
T008735,E03794,Cloud Fundamentals,2025-04-27,4,Blended,Completed,47,74,11732
T008736,E03796,Negotiation,2025-11-06,16,Blended,Completed,52,60,13697
T008737,E03796,Project Management,2025-10-05,2,Blended,Completed,56,76,14680
T008738,E03796,Negotiation,2024-02-28,16,Online,Completed,69,91,8995
T008739,E03797,Advanced Excel,2024-01-22,2,Online,Completed,58,68,2619
T008740,E03797,Leadership Essentials,2026-08-16,12,Online,Completed,56,66,5772
T008741,E03799,Python Analytics,2026-02-08,12,Online,Completed,57,81,3669
T008742,E03799,Data Privacy,2026-02-25,4,Online,Completed,75,81,2078
T008743,E03799,Advanced Excel,2026-08-03,6,Classroom,Completed,75,95,12621
T008744,E03799,Data Privacy,2026-08-30,8,Classroom,Completed,48,69,11412
T008745,E03800,Leadership Essentials,2024-11-04,16,Online,Completed,66,93,2154
T008746,E03800,Data Privacy,2026-08-09,4,Online,Completed,42,55,11350
T008747,E03800,Power BI,2024-12-02,6,Blended,Completed,71,89,2210
T008748,E03800,Python Analytics,2024-04-01,12,Online,Completed,62,87,8749
T008749,E03800,Power BI,2025-05-22,4,Blended,Completed,50,74,13063
T008750,E03801,Advanced Excel,2025-12-15,8,Online,Completed,74,94,4500
T008751,E03802,Advanced Excel,2026-03-12,12,Classroom,Completed,69,92,11271
T008752,E03802,Negotiation,2025-07-11,12,Online,Completed,62,75,2312
T008753,E03802,Power BI,2025-09-28,8,Classroom,Completed,53,77,11064
T008754,E03802,Python Analytics,2026-03-05,4,Blended,Completed,60,82,4405
T008755,E03802,Communication Skills,2025-07-22,8,Classroom,Completed,40,47,1837
T008756,E03804,Python Analytics,2025-12-05,4,Online,Completed,67,93,12593
T008757,E03804,Python Analytics,2025-09-05,24,Classroom,Completed,67,89,11612
T008758,E03805,Negotiation,2024-01-23,2,Blended,Completed,60,72,14311
T008759,E03805,Data Privacy,2024-09-02,12,Classroom,Completed,67,89,4203
T008760,E03805,Cloud Fundamentals,2024-07-29,4,Classroom,Completed,78,100,8366
T008761,E03805,Power BI,2024-02-16,4,Classroom,Completed,45,68,10932
T008762,E03806,Advanced Excel,2026-08-04,24,Online,Completed,50,70,2418
T008763,E03806,Negotiation,2025-01-21,16,Online,Completed,73,97,6224
T008764,E03806,Python Analytics,2024-11-22,4,Blended,Completed,72,79,8876
T008765,E03806,Python Analytics,2026-02-25,4,Online,Completed,78,99,10952
T008766,E03807,Power BI,2024-11-06,16,Classroom,Completed,73,100,2245
T008767,E03807,Negotiation,2026-01-27,2,Online,Completed,65,74,7198
T008768,E03807,Communication Skills,2024-06-02,12,Classroom,Completed,66,84,7624
T008769,E03810,Negotiation,2026-01-28,24,Classroom,Completed,41,46,3298
T008770,E03810,Negotiation,2024-06-08,12,Online,Completed,69,74,11329
T008771,E03810,Negotiation,2025-07-26,24,Blended,Completed,45,65,10859
T008772,E03810,Communication Skills,2025-02-11,24,Online,Completed,52,61,3227
T008773,E03810,Negotiation,2024-04-20,2,Blended,Completed,70,79,2965
T008774,E03814,Python Analytics,2025-08-23,2,Online,Incomplete,66,93,4998
T008775,E03814,Python Analytics,2025-03-01,6,Online,Completed,77,89,12433
T008776,E03814,Project Management,2025-06-14,12,Online,Completed,72,85,1710
T008777,E03814,Negotiation,2024-06-06,8,Online,Completed,60,75,12641
T008778,E03815,Communication Skills,2024-07-31,8,Blended,Completed,58,84,7974
T008779,E03815,Leadership Essentials,2026-07-20,2,Blended,Completed,72,84,14366
T008780,E03817,GenAI for Business,2024-06-12,6,Online,Completed,61,85,12296
T008781,E03817,GenAI for Business,2026-07-18,24,Blended,Completed,54,62,1826
T008782,E03818,Data Privacy,2026-01-23,12,Classroom,Completed,77,94,9102
T008783,E03818,Negotiation,2024-01-07,8,Blended,Completed,48,71,11654
T008784,E03818,GenAI for Business,2024-10-21,12,Blended,Completed,67,82,5147
T008785,E03818,Advanced Excel,2024-12-18,8,Classroom,Completed,70,87,14157
T008786,E03819,Python Analytics,2026-01-01,2,Blended,Completed,56,69,2656
T008787,E03819,Python Analytics,2025-04-10,2,Classroom,Completed,45,57,14017
T008788,E03820,Data Privacy,2024-05-20,16,Classroom,Completed,49,61,6088
T008789,E03820,Data Privacy,2025-12-23,24,Blended,Incomplete,46,51,6882
T008790,E03820,Advanced Excel,2025-05-14,4,Blended,Completed,73,95,13767
T008791,E03822,Python Analytics,2025-02-24,16,Classroom,Incomplete,58,81,7825
T008792,E03822,Power BI,2026-03-19,2,Online,Completed,72,82,11191
T008793,E03822,Python Analytics,2025-04-14,2,Classroom,Completed,41,69,13969
T008794,E03822,Advanced Excel,2025-11-03,4,Online,Completed,67,94,10934
T008795,E03823,Advanced Excel,2025-01-14,4,Online,Completed,42,50,2444
T008796,E03823,Negotiation,2024-09-04,16,Classroom,Completed,67,83,7937
T008797,E03824,GenAI for Business,2026-04-01,24,Classroom,Completed,64,70,14788
T008798,E03824,GenAI for Business,2025-08-24,24,Online,Completed,40,65,12533
T008799,E03824,Python Analytics,2025-12-12,2,Blended,Completed,72,94,1512
T008800,E03824,Advanced Excel,2025-06-08,8,Online,Completed,51,63,11337
T008801,E03824,Negotiation,2025-11-10,24,Online,Completed,71,95,13166
T008802,E03825,Python Analytics,2025-01-11,16,Online,Completed,48,60,11748
T008803,E03825,Cloud Fundamentals,2024-11-25,24,Blended,Completed,54,78,7882
T008804,E03826,Power BI,2026-08-27,24,Online,Completed,52,65,2292
T008805,E03826,Project Management,2026-06-20,4,Online,Completed,76,91,5515
T008806,E03826,Power BI,2025-06-28,12,Classroom,Completed,70,76,13636
T008807,E03826,Advanced Excel,2024-02-25,24,Classroom,Incomplete,54,72,11105
T008808,E03829,Data Privacy,2026-03-09,12,Blended,Completed,61,89,13275
T008809,E03829,Python Analytics,2026-04-21,2,Online,Completed,66,77,4459
T008810,E03829,Negotiation,2026-03-11,12,Classroom,Completed,72,86,13624
T008811,E03831,GenAI for Business,2026-03-25,12,Classroom,Completed,70,84,8821
T008812,E03831,Data Privacy,2025-08-23,24,Blended,Completed,76,81,9924
T008813,E03831,Data Privacy,2026-03-05,2,Classroom,Completed,43,52,12999
T008814,E03832,Leadership Essentials,2025-12-18,16,Classroom,Completed,73,92,2817
T008815,E03832,Negotiation,2024-11-11,12,Online,Incomplete,48,71,8326
T008816,E03832,Project Management,2024-02-29,16,Online,Completed,44,59,2110
T008817,E03832,Cloud Fundamentals,2025-06-05,6,Classroom,Completed,77,83,14335
T008818,E03834,Project Management,2025-07-29,2,Classroom,Completed,68,82,12942
T008819,E03834,Negotiation,2024-08-01,12,Blended,Completed,51,75,11739
T008820,E03834,Advanced Excel,2025-02-03,2,Online,Completed,62,78,10308
T008821,E03836,Cloud Fundamentals,2025-12-21,8,Blended,Completed,65,80,4961
T008822,E03836,Advanced Excel,2025-01-20,12,Classroom,Completed,71,93,7930
T008823,E03837,Communication Skills,2026-01-12,16,Online,Completed,75,93,11433
T008824,E03837,Power BI,2026-02-07,6,Blended,Completed,52,66,13791
T008825,E03837,Data Privacy,2025-06-16,12,Classroom,Incomplete,54,71,10750
T008826,E03837,Leadership Essentials,2026-07-13,6,Blended,Completed,56,66,10966
T008827,E03837,Cloud Fundamentals,2026-04-15,6,Blended,Completed,63,70,9806
T008828,E03840,Power BI,2025-07-17,16,Classroom,Completed,69,75,11227
T008829,E03841,Leadership Essentials,2025-03-22,2,Online,Completed,51,72,12677
T008830,E03841,Power BI,2025-11-08,6,Online,Completed,75,88,10826
T008831,E03842,GenAI for Business,2025-01-13,2,Online,Completed,72,80,1537
T008832,E03842,Data Privacy,2026-03-02,6,Blended,Completed,70,86,14970
T008833,E03842,Project Management,2025-03-08,16,Online,Completed,57,75,2733
T008834,E03843,Communication Skills,2025-07-06,8,Classroom,Completed,75,100,11849
T008835,E03843,Communication Skills,2025-06-01,8,Classroom,Completed,70,95,2530
T008836,E03843,Advanced Excel,2025-12-10,4,Online,Completed,73,87,11127
T008837,E03843,Advanced Excel,2026-07-12,16,Online,Completed,55,61,7841
T008838,E03843,Cloud Fundamentals,2024-07-10,12,Classroom,Completed,44,53,3510
T008839,E03844,Data Privacy,2026-06-15,16,Blended,Completed,44,69,13210
T008840,E03844,Leadership Essentials,2025-06-13,24,Classroom,Completed,61,76,1548
T008841,E03845,Project Management,2025-03-23,4,Blended,Completed,44,62,11969
T008842,E03845,GenAI for Business,2025-08-23,12,Blended,Completed,51,57,12378
T008843,E03849,Cloud Fundamentals,2024-09-16,8,Online,Completed,60,68,2496
T008844,E03849,Communication Skills,2024-05-05,24,Classroom,Completed,63,88,9944
T008845,E03849,Data Privacy,2025-12-15,6,Online,Completed,75,88,4591
T008846,E03853,Power BI,2025-01-23,4,Classroom,Completed,73,81,8834
T008847,E03853,Project Management,2024-09-30,12,Online,Completed,63,89,14173
T008848,E03853,Advanced Excel,2024-02-29,16,Classroom,Completed,60,68,8294
T008849,E03853,Cloud Fundamentals,2024-03-31,8,Online,Incomplete,61,67,11637
T008850,E03853,Project Management,2024-08-12,4,Blended,Completed,73,85,14642
T008851,E03854,GenAI for Business,2025-07-17,4,Classroom,Completed,68,87,10716
T008852,E03855,Project Management,2026-06-22,8,Online,Completed,67,87,7364
T008853,E03855,Communication Skills,2026-05-25,8,Online,Completed,58,81,13841
T008854,E03855,Python Analytics,2026-07-09,16,Online,Incomplete,75,87,12735
T008855,E03856,Advanced Excel,2026-08-10,12,Classroom,Completed,65,75,1947
T008856,E03856,Negotiation,2026-08-20,24,Classroom,Completed,41,53,8079
T008857,E03856,Cloud Fundamentals,2026-07-18,12,Classroom,Completed,59,78,1643
T008858,E03859,Communication Skills,2024-12-08,6,Online,Completed,48,76,7948
T008859,E03859,Power BI,2024-06-11,8,Online,Completed,77,100,14962
T008860,E03860,Leadership Essentials,2026-04-20,12,Blended,Incomplete,49,71,6966
T008861,E03861,Negotiation,2024-10-21,24,Classroom,Completed,44,52,10082
T008862,E03861,Negotiation,2024-05-19,2,Classroom,Completed,40,55,3092
T008863,E03862,Cloud Fundamentals,2024-08-17,12,Blended,Incomplete,68,88,12020
T008864,E03864,GenAI for Business,2026-07-25,24,Blended,Completed,58,72,7227
T008865,E03864,Data Privacy,2024-02-17,4,Blended,Completed,69,82,10684
T008866,E03866,GenAI for Business,2026-07-18,6,Online,Completed,49,54,4005
T008867,E03866,Leadership Essentials,2025-12-07,4,Online,Completed,77,94,10258
T008868,E03866,Leadership Essentials,2025-08-26,24,Blended,Completed,70,81,6760
T008869,E03866,Project Management,2026-07-06,12,Classroom,Completed,69,75,2273
T008870,E03866,Project Management,2026-05-04,2,Online,Completed,63,88,12617
T008871,E03867,Leadership Essentials,2025-09-23,2,Blended,Completed,45,70,9946
T008872,E03867,Python Analytics,2025-10-29,8,Classroom,Completed,53,61,3905
T008873,E03868,Negotiation,2024-06-25,2,Classroom,Completed,62,73,6233
T008874,E03868,Leadership Essentials,2025-03-19,12,Online,Completed,63,76,14080
T008875,E03869,Communication Skills,2026-06-12,6,Classroom,Completed,77,88,7537
T008876,E03869,Communication Skills,2025-03-09,16,Classroom,Completed,41,54,13374
T008877,E03873,Negotiation,2024-12-13,4,Online,Completed,55,75,9053
T008878,E03873,Power BI,2024-06-25,4,Online,Completed,67,80,13744
T008879,E03873,Leadership Essentials,2025-06-10,12,Online,Completed,56,74,8455
T008880,E03873,Power BI,2026-03-13,2,Online,Completed,78,87,5484
T008881,E03874,Power BI,2024-05-10,24,Online,Completed,75,82,12383
T008882,E03875,Communication Skills,2025-05-24,8,Online,Completed,76,88,11910
T008883,E03875,Python Analytics,2025-03-24,4,Blended,Completed,58,75,12381
T008884,E03876,Data Privacy,2025-12-31,16,Online,Completed,65,77,8263
T008885,E03877,Communication Skills,2025-07-01,8,Classroom,Completed,41,67,2602
T008886,E03878,Advanced Excel,2024-11-16,12,Classroom,Completed,61,87,7450
T008887,E03878,Leadership Essentials,2024-12-25,12,Online,Completed,52,77,9875
T008888,E03880,Project Management,2024-08-19,24,Blended,Completed,65,82,12510
T008889,E03880,Power BI,2024-10-30,6,Online,Incomplete,40,52,14450
T008890,E03880,Cloud Fundamentals,2025-05-31,6,Online,Incomplete,49,68,1590
T008891,E03880,Power BI,2024-09-28,12,Classroom,Completed,57,79,9920
T008892,E03880,Cloud Fundamentals,2024-03-14,6,Online,Completed,78,86,2207
T008893,E03881,Leadership Essentials,2025-02-19,8,Blended,Completed,63,84,14024
T008894,E03881,Cloud Fundamentals,2025-08-14,8,Blended,Completed,58,71,9996
T008895,E03881,Advanced Excel,2026-06-13,16,Online,Completed,65,70,9388
T008896,E03881,GenAI for Business,2025-12-08,8,Blended,Completed,62,73,5146
T008897,E03881,Project Management,2026-03-09,24,Online,Incomplete,70,87,3833
T008898,E03882,Power BI,2026-03-07,24,Classroom,Completed,61,66,11681
T008899,E03882,Advanced Excel,2024-11-29,12,Blended,Completed,60,82,11527
T008900,E03882,Project Management,2025-11-10,4,Online,Completed,70,75,8100
T008901,E03882,Cloud Fundamentals,2026-02-04,6,Blended,Completed,61,67,4199
T008902,E03884,Leadership Essentials,2025-09-10,4,Online,Completed,64,73,13073
T008903,E03884,Advanced Excel,2026-02-04,24,Classroom,Completed,70,98,13067
T008904,E03886,Advanced Excel,2024-06-06,4,Online,Completed,43,52,1704
T008905,E03886,Communication Skills,2024-11-27,4,Online,Completed,75,95,11643
T008906,E03886,Advanced Excel,2026-06-26,6,Blended,Completed,71,76,7642
T008907,E03886,Advanced Excel,2025-03-26,8,Online,Completed,52,75,13412
T008908,E03887,Data Privacy,2026-02-07,8,Online,Completed,59,79,6935
T008909,E03887,Advanced Excel,2026-03-10,24,Online,Completed,49,77,3363
T008910,E03887,Power BI,2026-05-27,6,Blended,Completed,75,100,6574
T008911,E03887,Leadership Essentials,2026-03-12,24,Blended,Completed,74,94,2046
T008912,E03887,Communication Skills,2025-11-05,16,Blended,Completed,51,64,9811
T008913,E03890,Negotiation,2025-03-11,12,Online,Completed,50,76,13512
T008914,E03890,Leadership Essentials,2025-11-01,24,Online,Completed,44,63,14634
T008915,E03890,Power BI,2024-05-04,8,Online,Completed,58,86,5191
T008916,E03890,Project Management,2024-12-20,12,Classroom,Completed,60,84,13884
T008917,E03891,Negotiation,2024-06-12,16,Blended,Completed,75,91,10254
T008918,E03891,Negotiation,2025-04-28,6,Online,Incomplete,69,77,4043
T008919,E03891,Advanced Excel,2024-10-19,8,Blended,Completed,56,83,14645
T008920,E03892,Leadership Essentials,2025-12-11,6,Online,Completed,70,77,6501
T008921,E03892,Communication Skills,2024-05-23,12,Online,Completed,68,95,11651
T008922,E03892,Advanced Excel,2025-06-08,16,Blended,Completed,70,86,14628
T008923,E03892,Leadership Essentials,2025-06-13,24,Blended,Completed,70,93,9847
T008924,E03892,GenAI for Business,2024-11-16,16,Online,Completed,75,97,12427
T008925,E03893,Advanced Excel,2024-03-22,16,Classroom,Completed,48,55,6686
T008926,E03894,Leadership Essentials,2026-07-07,8,Blended,Completed,53,65,2162
T008927,E03894,Negotiation,2024-09-26,8,Classroom,Completed,66,92,11877
T008928,E03894,Communication Skills,2024-11-01,24,Classroom,Completed,60,68,11825
T008929,E03896,Data Privacy,2026-04-23,24,Blended,Completed,48,74,4583
T008930,E03896,Leadership Essentials,2026-08-18,16,Classroom,Completed,66,82,13811
T008931,E03900,Advanced Excel,2024-01-13,12,Blended,Completed,56,67,12346
T008932,E03900,Communication Skills,2026-01-24,6,Classroom,Completed,74,85,13263
T008933,E03900,GenAI for Business,2025-06-17,6,Classroom,Completed,61,82,9102
T008934,E03900,Leadership Essentials,2026-03-27,2,Blended,Completed,42,67,2617
T008935,E03901,Cloud Fundamentals,2024-01-19,2,Online,Completed,70,96,1928
T008936,E03901,Negotiation,2025-04-26,24,Classroom,Completed,58,67,14223
T008937,E03901,Communication Skills,2025-06-17,16,Classroom,Completed,71,96,10172
T008938,E03901,Data Privacy,2024-06-21,16,Blended,Completed,70,91,13641
T008939,E03901,Data Privacy,2025-09-08,6,Online,Completed,60,72,6540
T008940,E03902,Leadership Essentials,2026-08-01,12,Classroom,Completed,44,59,1617
T008941,E03902,Negotiation,2024-11-25,8,Blended,Completed,56,82,8490
T008942,E03902,Cloud Fundamentals,2025-05-18,4,Classroom,Completed,58,68,9219
T008943,E03902,Communication Skills,2026-07-21,8,Classroom,Completed,53,74,7888
T008944,E03902,GenAI for Business,2024-07-02,24,Online,Completed,43,59,5725
T008945,E03903,Power BI,2026-07-05,12,Classroom,Completed,61,77,12008
T008946,E03903,Project Management,2024-05-27,12,Blended,Completed,74,79,2871
T008947,E03903,Python Analytics,2024-08-21,12,Classroom,Completed,71,88,6559
T008948,E03903,Data Privacy,2024-08-05,16,Online,Completed,76,100,12692
T008949,E03904,Communication Skills,2026-08-11,4,Online,Completed,46,62,2329
T008950,E03904,Negotiation,2026-06-28,6,Blended,Completed,41,52,3866
T008951,E03904,Communication Skills,2026-06-20,24,Blended,Completed,66,87,6898
T008952,E03904,Leadership Essentials,2026-08-25,8,Online,Completed,50,71,3168
T008953,E03904,GenAI for Business,2026-07-07,2,Classroom,Completed,65,84,7067
T008954,E03905,Data Privacy,2026-06-05,2,Online,Completed,77,90,9868
T008955,E03905,Data Privacy,2025-09-03,2,Classroom,Completed,73,88,1651
T008956,E03905,Data Privacy,2025-06-20,4,Classroom,Completed,65,70,14009
T008957,E03906,Power BI,2024-10-29,8,Classroom,Completed,42,70,11279
T008958,E03906,Leadership Essentials,2024-05-15,8,Classroom,Completed,45,54,2630
T008959,E03906,Cloud Fundamentals,2026-07-22,24,Blended,Completed,51,56,2285
T008960,E03906,Python Analytics,2025-12-18,12,Blended,Completed,63,77,11542
T008961,E03906,Advanced Excel,2024-06-17,6,Blended,Completed,76,94,2486
T008962,E03907,Negotiation,2024-05-05,24,Blended,Incomplete,55,76,12111
T008963,E03908,Leadership Essentials,2025-02-17,8,Classroom,Completed,73,87,1966
T008964,E03908,Project Management,2026-06-30,2,Classroom,Completed,52,63,12868
T008965,E03908,Data Privacy,2024-08-10,4,Blended,Completed,78,96,8540
T008966,E03908,Leadership Essentials,2024-03-25,12,Blended,Completed,75,85,12198
T008967,E03909,Cloud Fundamentals,2026-07-03,24,Classroom,Incomplete,56,67,8483
T008968,E03910,Data Privacy,2026-03-23,12,Classroom,Completed,46,58,3101
T008969,E03911,Advanced Excel,2025-04-16,4,Online,Incomplete,74,79,9140
T008970,E03912,Communication Skills,2024-03-18,4,Online,Incomplete,70,91,13778
T008971,E03913,Python Analytics,2026-08-08,4,Classroom,Completed,66,81,13367
T008972,E03913,Negotiation,2026-08-14,16,Online,Completed,69,92,11983
T008973,E03913,GenAI for Business,2026-08-25,16,Blended,Completed,73,99,12491
T008974,E03913,Leadership Essentials,2026-08-09,12,Online,Incomplete,58,76,3107
T008975,E03913,Negotiation,2026-08-25,24,Online,Completed,68,84,2054
T008976,E03915,Python Analytics,2025-07-14,12,Online,Completed,51,59,3138
T008977,E03916,Advanced Excel,2025-10-01,6,Online,Completed,57,79,11146
T008978,E03916,Python Analytics,2025-12-17,2,Blended,Completed,72,85,6483
T008979,E03916,Python Analytics,2025-05-29,6,Online,Completed,63,75,13881
T008980,E03917,Leadership Essentials,2025-04-25,12,Blended,Completed,45,68,3067
T008981,E03917,Power BI,2026-06-21,24,Blended,Completed,72,91,6908
T008982,E03917,Communication Skills,2024-11-02,6,Online,Completed,46,63,12546
T008983,E03917,GenAI for Business,2026-03-26,2,Blended,Completed,41,65,11324
T008984,E03918,Power BI,2026-02-26,12,Classroom,Completed,59,86,12712
T008985,E03918,Project Management,2025-10-15,12,Classroom,Completed,49,55,11619
T008986,E03918,Communication Skills,2026-01-03,16,Online,Completed,62,90,8534
T008987,E03918,Python Analytics,2025-11-28,6,Classroom,Completed,75,84,8152
T008988,E03918,Python Analytics,2025-08-13,4,Classroom,Completed,76,85,11516
T008989,E03919,Python Analytics,2025-01-01,2,Blended,Completed,76,100,7618
T008990,E03919,Communication Skills,2026-01-27,12,Classroom,Completed,71,94,9696
T008991,E03920,Data Privacy,2026-01-17,4,Online,Completed,49,65,5220
T008992,E03921,Advanced Excel,2026-06-03,12,Blended,Completed,65,87,13024
T008993,E03921,Project Management,2026-07-09,16,Online,Completed,65,87,8259
T008994,E03922,Negotiation,2024-03-06,16,Online,Completed,66,79,13830
T008995,E03923,Python Analytics,2025-10-24,8,Online,Completed,55,81,10472
T008996,E03923,Python Analytics,2025-02-27,8,Blended,Completed,42,53,5270
T008997,E03924,GenAI for Business,2026-05-07,8,Online,Completed,76,83,14873
T008998,E03924,Negotiation,2026-05-06,4,Blended,Completed,76,81,13801
T008999,E03924,Leadership Essentials,2025-08-06,16,Blended,Completed,43,68,6750
T009000,E03924,Power BI,2025-06-25,12,Classroom,Completed,64,88,2303
T009001,E03924,Project Management,2024-03-03,4,Classroom,Completed,54,78,11154
T009002,E03925,Project Management,2026-05-13,24,Online,Completed,53,73,12177
T009003,E03925,Advanced Excel,2025-12-27,24,Online,Completed,73,99,4303
T009004,E03926,Advanced Excel,2025-12-26,12,Online,Completed,73,78,14985
T009005,E03926,Negotiation,2025-07-02,8,Blended,Completed,57,70,4788
T009006,E03926,Cloud Fundamentals,2025-05-12,6,Blended,Completed,58,75,7573
T009007,E03926,Power BI,2024-11-09,12,Online,Completed,64,88,7788
T009008,E03927,Communication Skills,2024-07-28,12,Blended,Completed,59,81,11541
T009009,E03927,Communication Skills,2024-12-26,4,Blended,Completed,57,70,5425
T009010,E03927,Negotiation,2026-06-02,12,Blended,Incomplete,45,65,6721
T009011,E03928,Negotiation,2024-01-01,8,Classroom,Completed,45,57,7892
T009012,E03928,Negotiation,2024-03-24,24,Online,Completed,76,92,13355
T009013,E03928,Python Analytics,2024-07-02,16,Blended,Completed,75,96,12185
T009014,E03928,Negotiation,2024-06-07,6,Blended,Completed,60,76,8984
T009015,E03928,Power BI,2024-10-06,4,Online,Completed,77,93,6803
T009016,E03930,Leadership Essentials,2025-07-10,16,Blended,Completed,66,72,14822
T009017,E03932,Communication Skills,2024-02-12,24,Classroom,Completed,42,65,8359
T009018,E03932,Project Management,2026-05-10,24,Blended,Completed,51,73,4288
T009019,E03932,Data Privacy,2026-04-03,24,Blended,Completed,76,99,12838
T009020,E03933,Power BI,2024-08-05,12,Blended,Completed,77,85,5595
T009021,E03933,Leadership Essentials,2024-07-31,2,Classroom,Completed,45,70,5710
T009022,E03933,GenAI for Business,2025-02-11,12,Blended,Completed,54,65,7788
T009023,E03934,Advanced Excel,2026-06-02,4,Online,Completed,57,66,1954
T009024,E03934,Data Privacy,2024-08-28,24,Blended,Incomplete,56,80,7625
T009025,E03935,Communication Skills,2025-08-13,4,Blended,Completed,62,85,12122
T009026,E03935,Project Management,2025-09-15,24,Classroom,Completed,59,64,5957
T009027,E03935,Project Management,2025-01-31,8,Blended,Completed,55,67,11871
T009028,E03935,Data Privacy,2026-06-07,24,Classroom,Completed,52,61,12749
T009029,E03935,Leadership Essentials,2025-03-12,24,Classroom,Completed,59,74,13655
T009030,E03936,Cloud Fundamentals,2025-03-26,16,Blended,Completed,49,77,13572
T009031,E03937,Project Management,2024-06-21,24,Classroom,Completed,63,69,10134
T009032,E03937,GenAI for Business,2024-09-08,12,Blended,Completed,67,84,6365
T009033,E03937,Python Analytics,2024-09-20,12,Online,Completed,40,57,7109
T009034,E03937,Project Management,2026-07-03,4,Classroom,Completed,51,59,12678
T009035,E03938,Python Analytics,2025-07-07,12,Classroom,Completed,47,63,5919
T009036,E03938,Leadership Essentials,2025-12-02,24,Classroom,Completed,51,65,7275
T009037,E03938,Project Management,2025-12-16,4,Blended,Completed,58,66,12213
T009038,E03938,Data Privacy,2024-11-28,6,Classroom,Completed,53,70,6585
T009039,E03940,Communication Skills,2024-03-11,16,Blended,Completed,63,89,8531
T009040,E03942,Power BI,2025-12-01,24,Classroom,Completed,64,73,10605
T009041,E03942,Power BI,2025-02-27,2,Online,Completed,67,79,10423
T009042,E03942,Data Privacy,2024-12-27,12,Classroom,Completed,73,100,11265
T009043,E03942,Project Management,2025-04-12,4,Blended,Completed,50,72,13896
T009044,E03943,Cloud Fundamentals,2024-08-19,8,Online,Completed,64,81,14651
T009045,E03943,Advanced Excel,2025-01-05,6,Blended,Completed,54,67,5383
T009046,E03943,Project Management,2025-04-24,6,Online,Completed,55,71,2521
T009047,E03943,Python Analytics,2026-07-04,12,Online,Incomplete,40,48,6869
T009048,E03943,Cloud Fundamentals,2025-09-19,8,Blended,Completed,62,90,3566
T009049,E03944,Advanced Excel,2026-08-19,12,Online,Completed,42,68,4325
T009050,E03944,Python Analytics,2025-04-19,2,Blended,Completed,67,92,2973
T009051,E03944,Leadership Essentials,2026-04-20,4,Classroom,Completed,58,65,13808
T009052,E03945,Communication Skills,2025-10-29,16,Blended,Completed,45,65,13159
T009053,E03945,GenAI for Business,2026-06-26,2,Classroom,Completed,66,92,7774
T009054,E03946,Python Analytics,2024-03-04,16,Classroom,Completed,76,96,13310
T009055,E03946,Cloud Fundamentals,2025-06-11,4,Classroom,Completed,71,81,11353
T009056,E03946,Data Privacy,2025-09-05,2,Classroom,Completed,54,63,6975
T009057,E03946,Advanced Excel,2024-08-31,2,Classroom,Incomplete,52,76,1658
T009058,E03947,Leadership Essentials,2026-05-30,24,Blended,Completed,47,62,1772
T009059,E03947,Python Analytics,2026-03-26,12,Online,Completed,74,91,7001
T009060,E03947,Cloud Fundamentals,2026-06-24,8,Online,Completed,72,95,11732
T009061,E03947,Power BI,2025-10-28,2,Online,Completed,58,85,3304
T009062,E03947,Leadership Essentials,2026-01-01,8,Blended,Completed,54,78,3288
T009063,E03948,Python Analytics,2025-02-03,2,Online,Completed,70,75,7758
T009064,E03949,Project Management,2025-07-14,2,Classroom,Completed,50,69,3456
T009065,E03949,Power BI,2025-02-25,4,Online,Completed,63,90,14405
T009066,E03949,Project Management,2025-05-30,12,Blended,Completed,65,87,7614
T009067,E03949,Cloud Fundamentals,2026-06-13,8,Online,Completed,69,78,11899
T009068,E03949,Leadership Essentials,2025-08-13,16,Classroom,Completed,76,89,2977
T009069,E03952,Project Management,2024-04-03,6,Classroom,Incomplete,56,66,5851
T009070,E03952,Advanced Excel,2024-07-10,16,Online,Incomplete,61,77,11826
T009071,E03952,GenAI for Business,2026-02-13,24,Online,Completed,50,74,7565
T009072,E03953,Communication Skills,2026-07-11,4,Blended,Completed,45,53,2629
T009073,E03953,Python Analytics,2026-08-30,16,Classroom,Completed,56,75,7021
T009074,E03955,Advanced Excel,2025-04-14,4,Online,Completed,78,96,8388
T009075,E03955,Negotiation,2024-09-21,16,Classroom,Completed,56,69,14521
T009076,E03955,Python Analytics,2025-07-30,2,Classroom,Completed,66,71,2881
T009077,E03956,Leadership Essentials,2025-08-07,8,Online,Completed,48,62,2262
T009078,E03956,Python Analytics,2026-03-15,12,Classroom,Incomplete,63,89,8800
T009079,E03957,Data Privacy,2024-08-27,12,Classroom,Completed,69,75,6632
T009080,E03957,Advanced Excel,2024-02-02,2,Online,Completed,60,66,4497
T009081,E03957,Leadership Essentials,2024-06-20,4,Blended,Completed,48,62,11012
T009082,E03957,Cloud Fundamentals,2024-02-09,2,Classroom,Completed,73,84,3589
T009083,E03958,Leadership Essentials,2024-08-30,2,Online,Completed,72,95,2807
T009084,E03958,Negotiation,2024-08-21,8,Blended,Completed,67,79,12436
T009085,E03958,Data Privacy,2025-04-30,16,Blended,Completed,64,85,2307
T009086,E03958,Cloud Fundamentals,2026-01-31,6,Online,Completed,72,86,1739
T009087,E03958,Communication Skills,2026-06-12,8,Blended,Completed,72,77,13333
T009088,E03959,Python Analytics,2025-03-09,2,Classroom,Completed,60,78,2963
T009089,E03959,Communication Skills,2025-04-06,12,Online,Completed,66,91,14611
T009090,E03959,GenAI for Business,2025-12-06,2,Blended,Completed,61,72,8324
T009091,E03960,Python Analytics,2026-06-08,8,Classroom,Completed,50,75,7609
T009092,E03961,Advanced Excel,2025-05-28,4,Blended,Completed,47,52,8919
T009093,E03963,GenAI for Business,2026-01-13,2,Classroom,Completed,49,59,7031
T009094,E03963,Project Management,2024-11-14,8,Online,Incomplete,55,64,9146
T009095,E03963,Communication Skills,2025-11-27,24,Blended,Completed,73,80,2435
T009096,E03963,Cloud Fundamentals,2024-07-23,24,Classroom,Completed,50,67,3324
T009097,E03964,Advanced Excel,2024-09-02,12,Online,Completed,53,73,5720
T009098,E03964,Advanced Excel,2026-05-16,12,Classroom,Completed,59,86,11746
T009099,E03964,Communication Skills,2026-05-11,2,Online,Completed,71,98,11716
T009100,E03965,Project Management,2024-06-13,6,Classroom,Completed,46,64,14011
T009101,E03965,Cloud Fundamentals,2025-09-30,2,Classroom,Completed,54,81,14813
T009102,E03965,Negotiation,2024-06-05,4,Online,Completed,70,75,11211
T009103,E03966,Negotiation,2024-01-23,6,Blended,Completed,49,66,2265
T009104,E03966,Power BI,2024-01-09,8,Blended,Completed,40,49,3102
T009105,E03966,Negotiation,2024-01-03,24,Online,Completed,73,84,14322
T009106,E03966,Python Analytics,2024-01-14,24,Classroom,Completed,74,100,4285
T009107,E03966,GenAI for Business,2024-02-22,12,Blended,Completed,59,83,6049
T009108,E03967,Cloud Fundamentals,2026-01-14,2,Classroom,Completed,67,89,13002
T009109,E03968,Project Management,2025-12-21,12,Blended,Incomplete,46,62,7718
T009110,E03968,Communication Skills,2024-02-20,6,Online,Incomplete,65,79,6697
T009111,E03968,Cloud Fundamentals,2026-08-26,16,Online,Completed,48,71,4578
T009112,E03969,Communication Skills,2024-05-14,6,Classroom,Completed,78,90,5094
T009113,E03969,Project Management,2024-11-04,12,Online,Completed,73,86,1690
T009114,E03969,Data Privacy,2024-10-10,6,Blended,Completed,52,77,10008
T009115,E03969,Project Management,2024-08-18,12,Online,Completed,58,84,6782
T009116,E03969,Python Analytics,2025-08-07,8,Online,Completed,57,84,10339
T009117,E03970,Data Privacy,2025-03-14,6,Online,Completed,61,84,14550
T009118,E03970,Data Privacy,2024-11-30,16,Blended,Completed,44,52,5716
T009119,E03970,Communication Skills,2024-07-06,2,Online,Completed,78,93,6872
T009120,E03971,Communication Skills,2024-09-05,2,Blended,Completed,58,86,14999
T009121,E03971,Python Analytics,2024-05-09,6,Online,Completed,67,80,11516
T009122,E03971,Python Analytics,2024-10-31,16,Online,Completed,40,45,7694
T009123,E03974,Communication Skills,2025-02-01,12,Online,Completed,49,72,7065
T009124,E03974,Python Analytics,2025-04-22,12,Classroom,Completed,62,79,8089
T009125,E03974,Power BI,2025-10-25,2,Blended,Completed,68,87,12025
T009126,E03974,Python Analytics,2025-07-15,16,Blended,Completed,45,65,7016
T009127,E03974,GenAI for Business,2024-10-03,8,Classroom,Completed,47,56,12294
T009128,E03975,Advanced Excel,2025-06-03,16,Online,Completed,62,85,8603
T009129,E03975,GenAI for Business,2024-05-07,8,Classroom,Completed,51,63,13215
T009130,E03976,Cloud Fundamentals,2024-11-24,4,Blended,Completed,78,91,5843
T009131,E03976,Cloud Fundamentals,2026-03-13,6,Online,Completed,59,86,12237
T009132,E03976,Communication Skills,2026-05-11,2,Blended,Completed,53,74,10505
T009133,E03976,Negotiation,2024-11-04,8,Online,Completed,40,50,8232
T009134,E03976,Python Analytics,2026-06-23,12,Blended,Completed,54,76,10525
T009135,E03977,Power BI,2025-07-01,16,Classroom,Completed,69,74,10638
T009136,E03977,Advanced Excel,2025-04-29,2,Blended,Completed,53,81,7504
T009137,E03977,Leadership Essentials,2025-08-19,24,Classroom,Incomplete,60,79,12346
T009138,E03977,Cloud Fundamentals,2025-06-06,8,Blended,Incomplete,59,71,8383
T009139,E03978,Communication Skills,2026-03-15,4,Online,Completed,46,58,7061
T009140,E03981,Power BI,2026-08-14,6,Classroom,Completed,73,80,9375
T009141,E03981,Negotiation,2026-06-24,6,Online,Completed,57,68,8855
T009142,E03981,GenAI for Business,2026-03-07,6,Classroom,Completed,56,64,2595
T009143,E03982,Python Analytics,2025-12-16,8,Classroom,Completed,44,60,9609
T009144,E03982,Data Privacy,2025-04-15,24,Blended,Incomplete,48,57,6076
T009145,E03983,Project Management,2026-02-26,12,Classroom,Completed,50,55,2123
T009146,E03983,Power BI,2026-02-17,24,Classroom,Completed,43,57,13023
T009147,E03984,Power BI,2026-04-06,16,Online,Completed,63,90,8742
T009148,E03984,Negotiation,2026-06-25,4,Blended,Completed,57,83,12996
T009149,E03984,GenAI for Business,2026-02-18,4,Blended,Completed,62,80,2629
T009150,E03984,Leadership Essentials,2026-05-23,12,Blended,Completed,72,94,6155
T009151,E03984,GenAI for Business,2026-02-24,2,Classroom,Completed,53,73,2548
T009152,E03985,Negotiation,2026-08-14,8,Online,Completed,52,61,2477
T009153,E03985,GenAI for Business,2024-12-13,16,Blended,Completed,56,77,3540
T009154,E03985,Negotiation,2026-03-06,6,Online,Completed,71,94,7944
T009155,E03985,Python Analytics,2024-05-13,24,Blended,Completed,51,70,14592
T009156,E03986,Data Privacy,2026-06-20,4,Classroom,Completed,61,85,1834
T009157,E03986,Python Analytics,2025-03-20,16,Online,Completed,76,87,2987
T009158,E03986,Cloud Fundamentals,2025-07-03,16,Blended,Completed,50,73,6502
T009159,E03986,Cloud Fundamentals,2024-04-07,16,Classroom,Completed,43,60,10102
T009160,E03986,Communication Skills,2026-03-10,12,Blended,Completed,62,88,10379
T009161,E03988,Cloud Fundamentals,2026-06-23,8,Classroom,Completed,42,51,2702
T009162,E03988,Python Analytics,2025-01-30,2,Blended,Completed,75,100,5018
T009163,E03989,Negotiation,2025-04-06,24,Classroom,Completed,47,57,13762
T009164,E03989,Cloud Fundamentals,2026-05-28,12,Online,Completed,51,77,10626
T009165,E03989,Data Privacy,2026-07-27,12,Online,Completed,74,82,3277
T009166,E03989,GenAI for Business,2026-06-06,4,Blended,Incomplete,40,54,13441
T009167,E03990,Power BI,2025-07-07,24,Classroom,Completed,61,76,9542
T009168,E03993,GenAI for Business,2024-02-20,8,Classroom,Completed,60,71,10805
T009169,E03994,Cloud Fundamentals,2025-01-26,16,Blended,Completed,76,93,6483
T009170,E03994,Advanced Excel,2025-05-23,8,Blended,Completed,50,65,9787
T009171,E03994,Leadership Essentials,2026-05-15,8,Blended,Completed,75,95,10019
T009172,E03994,Advanced Excel,2025-07-11,4,Online,Completed,70,98,4522
T009173,E03994,GenAI for Business,2025-02-01,4,Online,Completed,76,85,4646
T009174,E03995,GenAI for Business,2024-09-28,12,Online,Completed,63,82,1852
T009175,E03995,Data Privacy,2025-08-08,24,Online,Completed,60,84,5360
T009176,E03995,Communication Skills,2026-07-22,2,Classroom,Completed,72,94,5437
T009177,E03995,Advanced Excel,2025-08-25,16,Classroom,Completed,69,78,12393
T009178,E03996,Project Management,2026-01-29,2,Online,Completed,69,81,4023
T009179,E03996,Cloud Fundamentals,2026-05-11,16,Blended,Completed,59,71,14434
T009180,E03996,Power BI,2026-01-19,24,Blended,Incomplete,63,83,9498
T009181,E03996,Negotiation,2025-07-02,6,Classroom,Completed,69,75,11621
T009182,E03996,Data Privacy,2026-04-19,8,Online,Completed,60,83,8394
T009183,E03997,Leadership Essentials,2024-03-09,2,Blended,Completed,76,86,11391
T009184,E03997,Communication Skills,2024-04-19,24,Blended,Completed,65,90,4766
T009185,E03998,Leadership Essentials,2025-02-03,4,Classroom,Completed,63,90,1578
T009186,E03998,Project Management,2025-01-19,4,Classroom,Completed,68,78,7523
T009187,E03998,Cloud Fundamentals,2025-05-21,16,Online,Completed,66,74,4325
T009188,E03998,Project Management,2025-08-05,6,Classroom,Completed,61,77,8664
T009189,E03998,Negotiation,2025-03-06,8,Blended,Completed,65,74,6782
T009190,E03999,Leadership Essentials,2024-09-18,8,Online,Completed,67,91,12069
T009191,E03999,Python Analytics,2024-07-09,24,Classroom,Completed,75,92,4348
T009192,E03999,Project Management,2025-01-14,2,Blended,Completed,63,90,14081
T009193,E03999,Python Analytics,2024-10-13,6,Online,Completed,66,90,8919
T009194,E04000,Project Management,2025-04-07,4,Online,Completed,52,64,9874
T009195,E04000,Communication Skills,2026-07-13,8,Classroom,Completed,73,80,7610
T009196,E04000,Negotiation,2026-07-17,24,Blended,Completed,78,92,3961
T009197,E04001,Python Analytics,2025-12-10,4,Classroom,Completed,42,62,8948
T009198,E04001,GenAI for Business,2024-09-17,12,Classroom,Completed,40,50,6324
T009199,E04001,Python Analytics,2024-12-11,6,Blended,Completed,57,81,5964
T009200,E04001,Communication Skills,2025-08-12,4,Blended,Completed,49,74,1766
T009201,E04002,Communication Skills,2024-12-02,12,Blended,Completed,58,67,4598
T009202,E04002,Power BI,2024-09-22,12,Online,Completed,74,82,10825
T009203,E04002,Negotiation,2025-10-28,16,Classroom,Incomplete,51,58,10567
T009204,E04002,Communication Skills,2026-03-17,24,Online,Completed,72,99,13612
T009205,E04003,Leadership Essentials,2025-09-19,12,Online,Completed,57,64,5277
T009206,E04003,Leadership Essentials,2025-05-05,24,Online,Completed,40,66,12365
T009207,E04003,Communication Skills,2026-04-15,6,Online,Completed,66,86,11080
T009208,E04003,Power BI,2026-04-04,24,Online,Completed,56,61,13025
T009209,E04003,Power BI,2026-05-28,4,Classroom,Completed,52,66,11110
T009210,E04004,Advanced Excel,2025-08-15,16,Online,Completed,51,71,12511
T009211,E04004,Negotiation,2026-04-19,6,Classroom,Incomplete,47,52,1578
T009212,E04004,Data Privacy,2025-10-16,6,Classroom,Completed,64,69,2508
T009213,E04004,Power BI,2026-01-16,12,Blended,Completed,64,90,14791
T009214,E04006,Leadership Essentials,2025-07-26,12,Classroom,Completed,77,98,1961
T009215,E04006,Communication Skills,2025-02-11,2,Online,Completed,64,81,3571
T009216,E04006,Power BI,2025-03-20,16,Online,Completed,72,92,3684
T009217,E04006,Negotiation,2026-07-04,8,Classroom,Completed,69,76,2522
T009218,E04006,Negotiation,2024-01-30,16,Online,Completed,49,62,14248
T009219,E04007,Advanced Excel,2026-01-01,6,Classroom,Completed,71,83,12624
T009220,E04007,Cloud Fundamentals,2026-03-01,4,Blended,Completed,77,100,4803
T009221,E04007,Power BI,2026-01-09,4,Online,Completed,66,88,10857
T009222,E04007,GenAI for Business,2026-01-30,24,Classroom,Completed,63,78,9653
T009223,E04008,Python Analytics,2026-04-18,12,Blended,Completed,45,55,7209
T009224,E04009,Python Analytics,2024-09-24,24,Blended,Completed,41,66,8573
T009225,E04010,Python Analytics,2024-11-13,8,Online,Completed,75,82,2052
T009226,E04011,Data Privacy,2024-05-23,12,Classroom,Completed,51,70,3564
T009227,E04011,Negotiation,2026-08-23,6,Classroom,Completed,70,82,9330
T009228,E04011,Project Management,2026-08-16,16,Blended,Incomplete,45,69,13692
T009229,E04011,Leadership Essentials,2025-05-01,24,Blended,Incomplete,68,92,5634
T009230,E04011,Project Management,2026-05-31,16,Online,Completed,49,59,5571
T009231,E04012,Cloud Fundamentals,2025-09-28,8,Online,Completed,62,76,3200
T009232,E04012,Advanced Excel,2025-06-22,4,Classroom,Completed,58,74,7126
T009233,E04013,Power BI,2024-01-29,16,Classroom,Incomplete,43,70,6949
T009234,E04013,Data Privacy,2024-05-12,2,Blended,Completed,53,77,1728
T009235,E04016,Python Analytics,2024-07-30,4,Classroom,Completed,71,77,7881
T009236,E04016,Advanced Excel,2025-05-26,16,Online,Completed,41,63,10074
T009237,E04016,Power BI,2025-03-22,8,Blended,Completed,56,64,10840
T009238,E04017,GenAI for Business,2024-09-20,6,Online,Completed,74,100,9997
T009239,E04017,Cloud Fundamentals,2025-07-20,12,Classroom,Completed,72,80,3612
T009240,E04017,Leadership Essentials,2024-12-09,2,Classroom,Completed,54,59,10047
T009241,E04017,Data Privacy,2024-08-15,4,Classroom,Completed,60,77,9973
T009242,E04019,Power BI,2024-05-25,24,Blended,Completed,69,86,10975
T009243,E04019,Negotiation,2024-01-09,16,Blended,Incomplete,64,76,12770
T009244,E04020,Cloud Fundamentals,2025-03-12,2,Classroom,Completed,71,99,11810
T009245,E04021,GenAI for Business,2024-02-02,24,Online,Completed,67,90,4264
T009246,E04021,Leadership Essentials,2024-04-07,24,Blended,Completed,58,63,13419
T009247,E04021,Leadership Essentials,2024-04-03,6,Online,Completed,55,76,5868
T009248,E04021,Project Management,2025-05-01,8,Blended,Completed,48,68,3339
T009249,E04021,Project Management,2024-09-05,4,Classroom,Completed,78,100,7317
T009250,E04023,Power BI,2024-09-25,24,Blended,Completed,62,75,8898
T009251,E04023,Leadership Essentials,2024-01-04,8,Classroom,Completed,71,81,2189
T009252,E04023,Cloud Fundamentals,2024-05-23,24,Classroom,Completed,70,82,2651
T009253,E04023,Communication Skills,2024-03-08,2,Classroom,Completed,54,82,14840
T009254,E04023,GenAI for Business,2026-02-07,8,Blended,Completed,68,95,9140
T009255,E04024,Power BI,2026-02-24,6,Online,Completed,56,64,3091
T009256,E04024,Project Management,2026-02-17,4,Blended,Incomplete,43,63,13955
T009257,E04024,Leadership Essentials,2024-07-03,16,Blended,Completed,70,88,6532
T009258,E04024,Communication Skills,2024-09-21,4,Online,Completed,42,63,4970
T009259,E04024,Negotiation,2025-08-04,2,Online,Completed,58,69,7396
T009260,E04025,Negotiation,2026-03-14,4,Blended,Completed,54,70,2682
T009261,E04025,Power BI,2025-04-17,16,Online,Completed,43,62,10876
T009262,E04028,Cloud Fundamentals,2024-10-23,24,Classroom,Completed,44,55,14848
T009263,E04028,Leadership Essentials,2025-03-19,12,Blended,Completed,48,58,13691
T009264,E04028,Advanced Excel,2026-06-19,6,Online,Completed,65,84,14491
T009265,E04028,Python Analytics,2024-02-04,12,Classroom,Completed,41,64,2846
T009266,E04029,Leadership Essentials,2025-11-12,4,Blended,Incomplete,61,76,10518
T009267,E04030,Leadership Essentials,2024-07-26,24,Online,Completed,75,98,11183
T009268,E04030,GenAI for Business,2026-01-24,8,Classroom,Completed,78,94,10960
T009269,E04030,Python Analytics,2025-02-04,4,Classroom,Completed,41,46,2329
T009270,E04030,Cloud Fundamentals,2026-03-31,16,Classroom,Completed,52,77,14445
T009271,E04031,Negotiation,2024-08-21,24,Classroom,Completed,42,53,14089
T009272,E04031,Negotiation,2026-03-16,4,Blended,Completed,63,78,5612
T009273,E04031,Data Privacy,2025-05-08,12,Classroom,Completed,70,89,3926
T009274,E04033,Advanced Excel,2025-12-02,16,Online,Incomplete,78,100,12150
T009275,E04033,Power BI,2024-02-24,4,Classroom,Completed,72,81,8814
T009276,E04033,Communication Skills,2025-11-02,4,Blended,Completed,61,82,10375
T009277,E04038,Power BI,2025-01-03,16,Blended,Completed,76,90,12697
T009278,E04038,Power BI,2024-12-05,12,Blended,Completed,65,91,12414
T009279,E04038,Negotiation,2025-12-24,2,Blended,Completed,47,69,5390
T009280,E04039,Communication Skills,2024-10-04,16,Blended,Completed,64,84,9175
T009281,E04039,Project Management,2025-04-18,16,Blended,Completed,55,72,3666
T009282,E04039,Negotiation,2025-02-02,16,Blended,Incomplete,41,51,4990
T009283,E04040,GenAI for Business,2026-07-12,6,Online,Completed,70,86,3175
T009284,E04040,Communication Skills,2026-08-08,6,Classroom,Completed,47,59,13354
T009285,E04040,Communication Skills,2026-07-19,8,Classroom,Completed,59,85,5879
T009286,E04040,Negotiation,2026-07-06,4,Blended,Completed,75,100,5548
T009287,E04040,Data Privacy,2026-08-02,4,Classroom,Completed,61,78,6223
T009288,E04041,Advanced Excel,2026-08-15,2,Blended,Completed,75,88,10554
T009289,E04042,Data Privacy,2024-09-17,16,Classroom,Completed,61,73,12696
T009290,E04044,Data Privacy,2025-07-15,6,Classroom,Completed,41,64,10930
T009291,E04044,Project Management,2025-04-13,16,Blended,Completed,74,85,8792
T009292,E04044,Leadership Essentials,2025-12-16,4,Blended,Completed,41,51,12804
T009293,E04044,Power BI,2025-03-11,6,Online,Completed,51,73,14459
T009294,E04046,Negotiation,2024-12-04,4,Blended,Completed,52,75,4290
T009295,E04046,Negotiation,2025-07-27,24,Online,Incomplete,62,77,13173
T009296,E04047,Leadership Essentials,2025-08-22,8,Classroom,Completed,64,80,6136
T009297,E04047,Communication Skills,2024-06-16,4,Blended,Completed,40,51,4877
T009298,E04047,Data Privacy,2025-12-13,16,Online,Incomplete,50,71,12105
T009299,E04047,Cloud Fundamentals,2025-06-14,12,Online,Completed,65,80,5808
T009300,E04047,Communication Skills,2024-09-17,16,Blended,Completed,40,61,2205
T009301,E04048,Advanced Excel,2024-08-04,8,Classroom,Completed,42,67,7500
T009302,E04048,Data Privacy,2024-07-26,2,Classroom,Completed,70,91,4957
T009303,E04048,Project Management,2026-05-22,24,Classroom,Completed,63,74,8966
T009304,E04048,Data Privacy,2024-04-12,2,Classroom,Completed,78,85,4365
T009305,E04048,Communication Skills,2025-10-20,8,Blended,Completed,62,75,11766
T009306,E04049,Project Management,2024-11-26,24,Blended,Completed,42,66,13889
T009307,E04050,Advanced Excel,2024-08-30,12,Blended,Completed,48,71,5884
T009308,E04050,Leadership Essentials,2025-10-12,2,Classroom,Completed,71,99,4277
T009309,E04051,Data Privacy,2026-01-17,4,Blended,Completed,68,96,4053
T009310,E04051,Leadership Essentials,2024-02-19,8,Classroom,Completed,53,74,8214
T009311,E04051,Data Privacy,2025-11-24,24,Classroom,Completed,40,50,9104
T009312,E04053,GenAI for Business,2024-02-10,4,Online,Completed,52,76,2723
T009313,E04053,Leadership Essentials,2026-07-02,2,Online,Completed,59,76,8153
T009314,E04055,Project Management,2025-12-17,4,Online,Completed,54,64,6566
T009315,E04055,Data Privacy,2025-12-09,6,Classroom,Completed,54,69,10967
T009316,E04055,Data Privacy,2024-08-12,24,Blended,Completed,55,61,5911
T009317,E04056,Project Management,2025-08-29,6,Blended,Completed,75,85,8634
T009318,E04056,Negotiation,2025-10-07,16,Classroom,Completed,52,69,12644
T009319,E04057,Data Privacy,2024-01-04,12,Online,Completed,67,95,3080
T009320,E04057,Data Privacy,2026-08-08,16,Classroom,Completed,46,66,13174
T009321,E04057,Communication Skills,2026-04-02,24,Blended,Completed,69,80,12215
T009322,E04057,Power BI,2025-07-14,8,Classroom,Completed,47,57,9429
T009323,E04057,Advanced Excel,2025-02-10,2,Blended,Completed,63,88,1755
T009324,E04058,Negotiation,2026-07-11,16,Classroom,Completed,53,77,14227
T009325,E04060,Power BI,2025-02-25,8,Blended,Completed,49,72,2722
T009326,E04062,Data Privacy,2024-12-27,16,Online,Completed,55,69,13496
T009327,E04062,Communication Skills,2025-01-23,12,Classroom,Completed,63,73,13194
T009328,E04062,Project Management,2024-06-19,2,Classroom,Completed,53,70,2550
T009329,E04062,Data Privacy,2025-04-25,2,Classroom,Completed,57,65,5223
T009330,E04062,Leadership Essentials,2024-03-20,4,Classroom,Completed,44,60,1546
T009331,E04064,Advanced Excel,2024-06-11,6,Blended,Completed,40,61,7305
T009332,E04064,Data Privacy,2025-02-09,4,Classroom,Completed,73,98,12776
T009333,E04064,Cloud Fundamentals,2024-06-01,16,Online,Incomplete,54,68,14265
T009334,E04064,Negotiation,2024-11-17,8,Online,Completed,61,82,12839
T009335,E04065,Project Management,2025-07-11,16,Blended,Completed,45,71,3213
T009336,E04065,Project Management,2025-09-27,16,Blended,Completed,49,59,7641
T009337,E04065,Leadership Essentials,2026-02-02,4,Online,Completed,59,83,14772
T009338,E04065,Power BI,2024-11-20,4,Blended,Completed,59,78,4604
T009339,E04065,Advanced Excel,2025-08-12,4,Blended,Completed,54,71,6090
T009340,E04066,Project Management,2024-03-20,8,Blended,Completed,54,63,13038
T009341,E04066,Data Privacy,2024-12-29,16,Online,Completed,61,78,14590
T009342,E04066,Power BI,2026-05-04,4,Blended,Completed,48,59,11017
T009343,E04066,Cloud Fundamentals,2026-02-27,4,Online,Completed,72,97,7312
T009344,E04066,Advanced Excel,2024-11-27,24,Blended,Completed,45,53,5041
T009345,E04068,Leadership Essentials,2024-08-07,6,Classroom,Completed,57,82,11953
T009346,E04068,Advanced Excel,2026-01-23,4,Classroom,Completed,64,81,3218
T009347,E04068,Communication Skills,2024-12-08,12,Online,Completed,64,84,11788
T009348,E04068,Advanced Excel,2025-08-01,4,Blended,Incomplete,57,75,9225
T009349,E04070,Cloud Fundamentals,2026-01-11,6,Blended,Completed,63,79,9617
T009350,E04070,Leadership Essentials,2026-07-20,2,Blended,Completed,72,98,6422
T009351,E04070,Python Analytics,2026-05-06,16,Blended,Completed,57,66,13251
T009352,E04070,Leadership Essentials,2026-07-31,24,Blended,Completed,64,81,5473
T009353,E04070,Cloud Fundamentals,2026-08-16,24,Online,Incomplete,54,82,3755
T009354,E04071,Advanced Excel,2024-03-21,8,Classroom,Completed,76,100,11680
T009355,E04072,Power BI,2026-07-04,2,Blended,Completed,66,77,8129
T009356,E04072,Power BI,2026-01-17,8,Blended,Completed,61,77,10272
T009357,E04072,Project Management,2024-03-29,2,Classroom,Incomplete,63,76,14661
T009358,E04073,Communication Skills,2024-02-04,2,Blended,Incomplete,75,84,14578
T009359,E04073,Power BI,2025-09-22,16,Online,Completed,53,69,13962
T009360,E04073,Data Privacy,2025-06-23,8,Classroom,Completed,44,54,4905
T009361,E04074,Communication Skills,2025-08-31,24,Classroom,Incomplete,75,100,14170
T009362,E04074,Communication Skills,2025-11-29,2,Blended,Completed,72,85,14394
T009363,E04075,Negotiation,2024-10-19,6,Classroom,Completed,57,66,12937
T009364,E04075,Power BI,2024-11-27,16,Online,Completed,49,58,8782
T009365,E04075,Python Analytics,2026-06-17,4,Online,Completed,67,80,8390
T009366,E04075,Advanced Excel,2024-07-25,6,Online,Completed,48,56,8846
T009367,E04075,Project Management,2026-02-20,24,Classroom,Completed,66,72,1548
T009368,E04076,Communication Skills,2025-12-27,16,Classroom,Completed,53,79,10753
T009369,E04076,Communication Skills,2026-01-09,24,Blended,Completed,68,89,9382
T009370,E04076,Leadership Essentials,2024-04-20,12,Classroom,Incomplete,78,95,13748
T009371,E04076,Communication Skills,2024-06-27,6,Online,Completed,50,73,4374
T009372,E04076,Python Analytics,2025-06-01,8,Online,Completed,43,49,4350
T009373,E04077,GenAI for Business,2024-08-31,16,Online,Completed,62,90,13805
T009374,E04077,Power BI,2026-06-01,16,Blended,Completed,67,92,9802
T009375,E04077,Project Management,2025-03-08,6,Blended,Completed,77,100,6402
T009376,E04077,Advanced Excel,2024-06-22,4,Blended,Completed,75,80,2784
T009377,E04078,Advanced Excel,2025-02-18,8,Blended,Incomplete,61,82,12316
T009378,E04078,Leadership Essentials,2025-12-16,2,Blended,Completed,55,67,12788
T009379,E04078,Leadership Essentials,2024-06-07,4,Classroom,Completed,47,71,8506
T009380,E04078,Advanced Excel,2024-09-03,8,Online,Completed,63,88,9499
T009381,E04079,Communication Skills,2026-04-02,12,Online,Completed,71,82,8370
T009382,E04079,Negotiation,2024-05-30,12,Online,Completed,73,86,1634
T009383,E04079,Power BI,2025-11-07,24,Blended,Completed,73,91,1791
T009384,E04079,Power BI,2026-04-03,8,Online,Completed,71,82,4107
T009385,E04081,Power BI,2024-10-05,16,Blended,Completed,68,74,12319
T009386,E04081,Power BI,2024-09-14,6,Online,Completed,73,95,6589
T009387,E04081,Project Management,2025-03-27,4,Online,Completed,69,74,6892
T009388,E04081,Python Analytics,2026-07-02,24,Classroom,Incomplete,69,93,13721
T009389,E04082,Advanced Excel,2025-08-30,16,Blended,Completed,63,75,8667
T009390,E04082,Project Management,2024-09-26,6,Online,Completed,67,94,11083
T009391,E04082,GenAI for Business,2025-05-09,4,Classroom,Completed,45,67,2643
T009392,E04082,Advanced Excel,2024-02-26,8,Online,Completed,44,51,8535
T009393,E04083,Negotiation,2026-02-27,6,Blended,Completed,41,51,8217
T009394,E04085,Leadership Essentials,2026-04-17,2,Classroom,Completed,54,73,9470
T009395,E04085,Cloud Fundamentals,2024-12-03,6,Online,Completed,58,70,7663
T009396,E04085,Data Privacy,2024-09-03,8,Online,Incomplete,68,78,12160
T009397,E04085,Power BI,2024-11-22,4,Online,Completed,67,94,6086
T009398,E04085,Cloud Fundamentals,2024-12-16,16,Online,Completed,62,79,7130
T009399,E04086,Power BI,2026-05-30,24,Online,Completed,78,100,10120
T009400,E04086,Python Analytics,2025-05-23,16,Online,Completed,53,79,4286
T009401,E04086,Negotiation,2026-01-01,4,Blended,Completed,58,85,9171
T009402,E04086,Advanced Excel,2024-09-05,2,Blended,Completed,45,59,9055
T009403,E04087,GenAI for Business,2024-09-05,4,Online,Completed,66,78,6390
T009404,E04087,Project Management,2024-07-25,12,Online,Completed,45,66,5825
T009405,E04087,Python Analytics,2025-08-27,4,Classroom,Incomplete,57,66,13775
T009406,E04087,Project Management,2026-02-07,4,Online,Completed,51,63,7544
T009407,E04088,Python Analytics,2025-05-21,8,Blended,Completed,46,56,2081
T009408,E04088,GenAI for Business,2026-06-16,24,Blended,Completed,62,74,4446
T009409,E04089,Communication Skills,2024-04-11,24,Blended,Completed,74,88,9942
T009410,E04089,Power BI,2024-07-18,12,Blended,Completed,58,67,3388
T009411,E04089,Negotiation,2025-08-24,12,Blended,Completed,77,98,12943
T009412,E04089,Cloud Fundamentals,2025-01-01,6,Online,Completed,52,78,13491
T009413,E04090,Communication Skills,2026-07-27,24,Blended,Completed,68,81,9286
T009414,E04090,Communication Skills,2025-09-18,12,Classroom,Completed,47,64,4514
T009415,E04090,Cloud Fundamentals,2026-02-05,16,Blended,Completed,47,58,5944
T009416,E04091,Project Management,2024-09-08,4,Online,Incomplete,40,67,4563
T009417,E04091,Cloud Fundamentals,2026-07-09,24,Classroom,Completed,78,87,6927
T009418,E04093,Leadership Essentials,2025-11-13,16,Online,Completed,64,86,4283
T009419,E04093,GenAI for Business,2026-01-22,8,Online,Completed,75,87,6853
T009420,E04093,Power BI,2026-04-19,16,Blended,Completed,44,72,14545
T009421,E04093,Python Analytics,2026-05-30,12,Classroom,Completed,65,80,12876
T009422,E04093,Cloud Fundamentals,2025-05-01,2,Online,Completed,76,93,3101
T009423,E04094,Leadership Essentials,2025-04-01,6,Classroom,Completed,60,88,4190
T009424,E04094,Data Privacy,2026-04-03,4,Online,Completed,57,83,9238
T009425,E04094,Communication Skills,2024-04-27,4,Classroom,Completed,63,79,13122
T009426,E04094,GenAI for Business,2024-11-15,12,Blended,Completed,40,58,2470
T009427,E04094,Cloud Fundamentals,2026-05-04,2,Online,Completed,46,59,2611
T009428,E04095,Leadership Essentials,2024-01-05,24,Online,Completed,63,73,6248
T009429,E04095,Leadership Essentials,2024-02-16,16,Online,Completed,42,49,4294
T009430,E04095,Negotiation,2024-02-15,12,Online,Completed,45,63,6625
T009431,E04096,Leadership Essentials,2025-08-06,16,Classroom,Completed,61,67,4200
T009432,E04096,Negotiation,2026-01-31,8,Classroom,Completed,48,58,7849
T009433,E04096,Communication Skills,2025-11-26,12,Blended,Completed,60,74,2741
T009434,E04096,Negotiation,2025-04-08,8,Blended,Incomplete,67,83,10892
T009435,E04096,Cloud Fundamentals,2025-11-22,2,Online,Completed,65,83,14293
T009436,E04097,Negotiation,2025-11-18,2,Blended,Completed,46,74,12071
T009437,E04099,Project Management,2025-01-18,16,Blended,Completed,68,74,5089
T009438,E04099,Negotiation,2025-12-29,4,Blended,Completed,78,91,13948
T009439,E04099,Communication Skills,2024-06-16,6,Blended,Completed,58,74,13616
T009440,E04099,Data Privacy,2025-09-09,4,Blended,Completed,49,66,2204
T009441,E04099,Communication Skills,2025-11-28,2,Classroom,Completed,55,79,7885
T009442,E04100,Project Management,2025-06-03,8,Online,Completed,44,62,9841
T009443,E04100,Cloud Fundamentals,2025-10-03,8,Blended,Completed,72,99,6661
T009444,E04100,Project Management,2024-10-28,2,Blended,Completed,56,80,8335
T009445,E04100,Leadership Essentials,2025-08-09,24,Blended,Completed,67,83,3172
T009446,E04101,Power BI,2025-10-31,16,Blended,Completed,63,88,10400
T009447,E04101,Data Privacy,2024-08-25,24,Online,Completed,71,90,2180
T009448,E04101,GenAI for Business,2024-03-02,16,Classroom,Incomplete,48,69,2490
T009449,E04102,Data Privacy,2024-03-18,6,Blended,Completed,41,52,13768
T009450,E04102,Data Privacy,2024-12-07,6,Classroom,Completed,70,77,1911
T009451,E04102,Data Privacy,2025-04-15,2,Classroom,Completed,69,85,5015
T009452,E04102,Python Analytics,2025-01-25,24,Online,Completed,51,78,7355
T009453,E04104,GenAI for Business,2025-02-22,8,Blended,Completed,76,99,12172
T009454,E04104,Power BI,2024-09-24,8,Blended,Completed,45,52,10643
T009455,E04104,Advanced Excel,2024-04-20,24,Online,Completed,74,80,4362
T009456,E04104,Advanced Excel,2025-03-29,6,Blended,Completed,61,82,7660
T009457,E04105,GenAI for Business,2026-06-05,16,Blended,Incomplete,78,97,10891
T009458,E04105,GenAI for Business,2024-05-31,2,Online,Completed,64,76,13603
T009459,E04105,Power BI,2025-10-28,12,Online,Incomplete,64,85,13489
T009460,E04105,Negotiation,2024-06-29,2,Online,Completed,70,87,11950
T009461,E04105,Project Management,2026-01-26,8,Classroom,Completed,68,77,10125
T009462,E04106,Project Management,2026-08-28,16,Blended,Completed,76,82,10856
T009463,E04107,Project Management,2026-03-30,6,Classroom,Completed,67,84,9826
T009464,E04107,Power BI,2026-07-03,6,Blended,Completed,43,67,5052
T009465,E04107,Power BI,2026-04-13,16,Classroom,Completed,59,71,6426
T009466,E04107,Cloud Fundamentals,2026-06-12,6,Online,Completed,48,57,14646
T009467,E04108,Project Management,2026-03-09,2,Classroom,Completed,62,75,14147
T009468,E04110,Data Privacy,2026-01-02,6,Blended,Completed,73,93,1725
T009469,E04110,Communication Skills,2026-08-22,12,Blended,Completed,41,62,6431
T009470,E04110,Cloud Fundamentals,2025-04-18,16,Blended,Completed,48,65,11582
T009471,E04110,Communication Skills,2026-03-23,8,Blended,Completed,76,91,7253
T009472,E04111,Cloud Fundamentals,2025-03-09,2,Classroom,Completed,61,80,13859
T009473,E04111,Project Management,2025-03-18,8,Online,Completed,68,74,12743
T009474,E04111,Advanced Excel,2026-08-23,6,Online,Completed,50,64,5254
T009475,E04111,Negotiation,2026-03-30,2,Blended,Completed,43,60,2503
T009476,E04112,GenAI for Business,2026-02-26,12,Online,Completed,77,90,8375
T009477,E04112,Power BI,2026-06-21,12,Classroom,Completed,55,61,2691
T009478,E04112,Leadership Essentials,2026-02-12,8,Online,Completed,47,73,11267
T009479,E04112,Cloud Fundamentals,2026-07-08,4,Classroom,Completed,78,90,2543
T009480,E04112,Power BI,2026-07-18,6,Blended,Completed,54,77,8148
T009481,E04113,GenAI for Business,2024-03-24,6,Online,Completed,62,82,11222
T009482,E04113,Advanced Excel,2024-01-02,4,Blended,Completed,59,78,10346
T009483,E04113,Negotiation,2025-01-11,2,Classroom,Completed,53,76,14800
T009484,E04113,Power BI,2026-07-10,12,Online,Completed,71,80,11944
T009485,E04113,Cloud Fundamentals,2024-09-13,24,Blended,Completed,60,76,3455
T009486,E04114,Data Privacy,2025-01-16,8,Blended,Completed,58,68,2567
T009487,E04114,Leadership Essentials,2025-07-30,8,Online,Completed,70,86,8893
T009488,E04114,GenAI for Business,2024-11-07,4,Classroom,Completed,42,63,6403
T009489,E04114,GenAI for Business,2026-08-17,6,Blended,Completed,69,84,12788
T009490,E04114,Power BI,2024-12-16,24,Online,Completed,54,63,8820
T009491,E04115,Data Privacy,2025-08-22,6,Classroom,Completed,66,72,6001
T009492,E04115,Negotiation,2024-11-12,16,Blended,Completed,63,85,8672
T009493,E04115,Advanced Excel,2026-06-18,8,Classroom,Completed,66,85,5358
T009494,E04116,GenAI for Business,2026-08-16,24,Classroom,Incomplete,74,85,2679
T009495,E04116,Data Privacy,2026-08-30,8,Online,Completed,50,68,12060
T009496,E04116,Python Analytics,2025-02-15,4,Classroom,Completed,61,68,6980
T009497,E04117,Project Management,2025-05-15,16,Online,Completed,68,84,1952
T009498,E04117,Communication Skills,2024-08-15,8,Online,Completed,45,67,1993
T009499,E04120,Negotiation,2026-06-03,2,Online,Completed,41,62,4530
T009500,E04120,GenAI for Business,2026-03-10,8,Online,Completed,77,100,10282
T009501,E04120,Leadership Essentials,2026-06-04,2,Blended,Completed,43,50,2042
T009502,E04121,Leadership Essentials,2025-02-15,2,Blended,Completed,65,81,9538
T009503,E04121,Power BI,2024-08-14,4,Online,Completed,40,50,14931
T009504,E04121,Cloud Fundamentals,2026-02-21,2,Classroom,Completed,77,93,10965
T009505,E04121,Project Management,2025-07-01,12,Classroom,Incomplete,44,54,5975
T009506,E04122,Project Management,2025-03-07,2,Classroom,Completed,63,87,13034
T009507,E04122,GenAI for Business,2025-07-13,2,Classroom,Completed,43,71,11891
T009508,E04122,Negotiation,2026-05-21,16,Online,Completed,42,70,12857
T009509,E04124,Cloud Fundamentals,2024-08-20,12,Classroom,Completed,48,57,12895
T009510,E04124,Python Analytics,2025-07-16,8,Blended,Completed,42,64,11570
T009511,E04126,Project Management,2024-09-13,2,Blended,Completed,66,78,11366
T009512,E04127,Negotiation,2025-04-03,12,Online,Completed,65,91,4995
T009513,E04127,GenAI for Business,2025-12-08,24,Classroom,Completed,75,99,11535
T009514,E04128,Negotiation,2025-08-27,6,Online,Completed,48,71,11473
T009515,E04128,Python Analytics,2026-01-16,2,Classroom,Completed,64,87,6303
T009516,E04129,Advanced Excel,2026-02-02,16,Online,Completed,70,94,9803
T009517,E04129,Python Analytics,2026-02-25,8,Blended,Completed,50,61,9842
T009518,E04129,Cloud Fundamentals,2026-02-06,16,Blended,Completed,68,78,8485
T009519,E04129,Negotiation,2026-02-22,4,Online,Completed,65,75,9295
T009520,E04129,Project Management,2026-07-25,24,Classroom,Completed,44,57,7052
T009521,E04130,Advanced Excel,2026-05-12,24,Online,Completed,42,53,5567
T009522,E04131,Communication Skills,2026-06-05,6,Blended,Completed,61,75,2704
T009523,E04135,Data Privacy,2025-07-25,24,Classroom,Completed,68,84,11115
T009524,E04135,Cloud Fundamentals,2026-04-20,6,Online,Completed,71,81,6436
T009525,E04135,Leadership Essentials,2024-08-02,12,Blended,Completed,51,77,1520
T009526,E04135,Project Management,2026-06-17,8,Online,Completed,54,72,3069
T009527,E04135,Communication Skills,2024-12-22,16,Classroom,Completed,74,99,6608
T009528,E04136,GenAI for Business,2026-08-10,16,Blended,Completed,74,82,6416
T009529,E04136,Negotiation,2025-04-12,2,Classroom,Incomplete,72,82,3366
T009530,E04136,GenAI for Business,2024-12-23,16,Classroom,Completed,47,66,12571
T009531,E04137,Power BI,2026-04-30,8,Blended,Completed,56,65,5680
T009532,E04137,Leadership Essentials,2026-01-02,4,Blended,Completed,62,80,3454
T009533,E04137,Cloud Fundamentals,2024-01-05,12,Online,Completed,65,76,4010
T009534,E04138,Leadership Essentials,2025-10-16,16,Online,Completed,40,61,13580
T009535,E04138,Negotiation,2026-04-14,16,Classroom,Completed,59,82,12656
T009536,E04138,Project Management,2026-08-04,6,Classroom,Completed,62,79,11885
T009537,E04138,Power BI,2026-06-17,4,Classroom,Completed,53,71,10739
T009538,E04138,Leadership Essentials,2024-08-30,16,Classroom,Incomplete,65,73,6265
T009539,E04139,Data Privacy,2024-05-23,24,Blended,Completed,47,52,4018
T009540,E04140,Project Management,2025-05-23,2,Blended,Completed,50,78,12092
T009541,E04140,Communication Skills,2025-07-21,2,Blended,Completed,59,77,10435
T009542,E04140,Project Management,2024-12-19,6,Classroom,Completed,42,58,5114
T009543,E04142,Communication Skills,2025-08-25,6,Online,Completed,70,86,7625
T009544,E04142,GenAI for Business,2025-05-24,4,Online,Completed,74,100,13555
T009545,E04143,Communication Skills,2025-08-27,12,Classroom,Completed,65,72,6356
T009546,E04144,GenAI for Business,2024-06-20,2,Online,Completed,69,77,10514
T009547,E04144,Advanced Excel,2025-05-17,4,Blended,Completed,64,83,5363
T009548,E04145,Advanced Excel,2024-12-05,6,Online,Completed,58,77,2517
T009549,E04145,Advanced Excel,2026-08-30,12,Blended,Completed,46,71,4562
T009550,E04145,Leadership Essentials,2025-08-28,6,Online,Completed,46,66,12555
T009551,E04145,GenAI for Business,2025-04-06,8,Classroom,Completed,59,75,2752
T009552,E04145,Negotiation,2025-08-24,16,Blended,Completed,78,100,8345
T009553,E04146,Python Analytics,2025-10-09,4,Blended,Completed,61,86,3160
T009554,E04146,Project Management,2026-08-18,12,Classroom,Incomplete,71,94,3940
T009555,E04149,Leadership Essentials,2026-08-02,12,Blended,Completed,67,78,6253
T009556,E04149,GenAI for Business,2026-07-31,12,Online,Completed,68,74,7249
T009557,E04149,GenAI for Business,2026-07-06,8,Blended,Incomplete,40,64,4683
T009558,E04149,Cloud Fundamentals,2026-08-07,8,Classroom,Completed,67,89,6674
T009559,E04150,Cloud Fundamentals,2024-06-12,8,Online,Incomplete,46,69,6115
T009560,E04154,Python Analytics,2024-12-13,4,Blended,Completed,42,52,5826
T009561,E04155,Leadership Essentials,2025-01-19,12,Online,Completed,47,65,7853
T009562,E04156,Data Privacy,2024-06-25,6,Online,Completed,69,81,11982
T009563,E04156,Leadership Essentials,2025-06-04,6,Classroom,Completed,50,55,9619
T009564,E04156,Python Analytics,2025-09-12,4,Online,Completed,53,73,2608
T009565,E04156,Power BI,2026-02-01,12,Classroom,Completed,61,75,3632
T009566,E04156,Project Management,2024-09-28,4,Online,Completed,58,72,11381
T009567,E04157,Data Privacy,2024-12-14,24,Blended,Completed,73,99,9128
T009568,E04157,Python Analytics,2025-07-29,2,Online,Completed,75,91,10314
T009569,E04157,GenAI for Business,2025-10-10,6,Classroom,Completed,62,76,5735
T009570,E04157,Power BI,2025-03-17,16,Blended,Completed,76,90,9146
T009571,E04157,Python Analytics,2024-09-05,24,Blended,Completed,74,93,12300
T009572,E04158,Data Privacy,2026-07-21,2,Blended,Completed,45,58,6224
T009573,E04158,Power BI,2026-07-17,16,Classroom,Completed,67,78,5450
T009574,E04158,Cloud Fundamentals,2026-07-21,24,Online,Completed,70,89,14043
T009575,E04159,Negotiation,2025-10-30,8,Classroom,Completed,40,54,2222
T009576,E04159,Power BI,2025-02-25,12,Online,Completed,43,55,13304
T009577,E04160,Power BI,2025-07-29,6,Classroom,Completed,51,57,11034
T009578,E04161,Cloud Fundamentals,2026-04-11,16,Online,Completed,71,98,12272
T009579,E04161,Project Management,2025-06-24,12,Classroom,Incomplete,53,79,9101
T009580,E04161,Cloud Fundamentals,2025-12-28,4,Online,Completed,66,74,4221
T009581,E04161,Power BI,2025-05-26,2,Online,Completed,53,74,12290
T009582,E04162,GenAI for Business,2026-03-26,12,Online,Completed,52,65,4219
T009583,E04162,Project Management,2025-11-23,16,Online,Completed,71,93,2187
T009584,E04162,Project Management,2024-06-20,6,Classroom,Completed,53,70,9889
T009585,E04162,Data Privacy,2026-06-28,2,Online,Completed,71,76,11080
T009586,E04162,Advanced Excel,2025-06-12,2,Blended,Incomplete,65,88,7153
T009587,E04164,Negotiation,2026-04-26,8,Blended,Completed,68,78,12252
T009588,E04164,Python Analytics,2025-09-18,8,Online,Incomplete,46,70,2791
T009589,E04164,Data Privacy,2024-09-06,16,Online,Completed,53,60,12089
T009590,E04164,Leadership Essentials,2025-01-24,12,Online,Completed,66,85,4963
T009591,E04165,Data Privacy,2024-02-16,8,Online,Completed,66,83,9953
T009592,E04165,Communication Skills,2025-02-03,24,Classroom,Completed,59,67,2775
T009593,E04166,Cloud Fundamentals,2025-01-19,2,Classroom,Completed,55,63,7761
T009594,E04166,Power BI,2025-05-07,8,Blended,Completed,58,76,3757
T009595,E04166,Power BI,2025-07-11,8,Classroom,Completed,54,77,7480
T009596,E04167,Project Management,2026-04-24,24,Online,Completed,61,72,10774
T009597,E04167,Communication Skills,2026-03-05,12,Blended,Completed,48,67,10555
T009598,E04169,Cloud Fundamentals,2024-07-24,2,Online,Completed,65,76,13501
T009599,E04169,Leadership Essentials,2025-10-01,24,Blended,Incomplete,45,72,11611
T009600,E04169,Communication Skills,2025-04-02,4,Online,Completed,73,93,10352
T009601,E04169,Leadership Essentials,2024-05-03,12,Online,Completed,55,66,8297
T009602,E04170,GenAI for Business,2026-06-23,4,Classroom,Completed,57,74,1587
T009603,E04170,GenAI for Business,2025-04-05,4,Classroom,Completed,58,64,13527
T009604,E04170,Power BI,2024-01-30,16,Blended,Completed,63,68,11171
T009605,E04170,Data Privacy,2026-04-25,2,Classroom,Incomplete,63,78,2649
T009606,E04170,Project Management,2024-10-04,16,Blended,Completed,57,74,6207
T009607,E04171,Advanced Excel,2025-02-07,8,Online,Completed,48,61,12835
T009608,E04172,Negotiation,2024-07-01,24,Blended,Completed,61,82,5322
T009609,E04172,GenAI for Business,2026-07-01,16,Blended,Completed,40,64,11466
T009610,E04172,Power BI,2024-10-05,6,Blended,Completed,77,100,3855
T009611,E04172,Negotiation,2026-02-11,6,Blended,Completed,59,75,10474
T009612,E04175,Advanced Excel,2024-12-03,16,Classroom,Completed,68,87,1669
T009613,E04175,Data Privacy,2025-10-05,12,Blended,Completed,51,64,10845
T009614,E04175,Negotiation,2024-07-17,6,Classroom,Completed,74,84,14007
T009615,E04175,Cloud Fundamentals,2026-03-27,6,Blended,Completed,44,64,4783
T009616,E04175,Advanced Excel,2025-03-24,2,Online,Completed,50,68,7377
T009617,E04176,Data Privacy,2024-03-21,8,Classroom,Completed,41,69,13589
T009618,E04177,Python Analytics,2025-12-25,8,Blended,Completed,63,83,13253
T009619,E04177,Negotiation,2025-03-06,6,Online,Completed,62,67,2064
T009620,E04178,Python Analytics,2026-06-17,6,Blended,Completed,41,67,4888
T009621,E04178,Advanced Excel,2025-11-30,4,Blended,Completed,49,60,11404
T009622,E04178,Negotiation,2026-05-07,6,Classroom,Completed,75,82,8276
T009623,E04178,Negotiation,2026-02-26,8,Classroom,Completed,50,65,13548
T009624,E04178,Cloud Fundamentals,2026-01-24,8,Online,Completed,55,60,14789
T009625,E04179,Cloud Fundamentals,2026-03-27,16,Blended,Completed,42,61,13718
T009626,E04179,Communication Skills,2026-05-24,2,Blended,Completed,71,78,5340
T009627,E04179,Power BI,2024-09-01,8,Classroom,Completed,74,99,13003
T009628,E04179,Advanced Excel,2025-02-05,2,Blended,Completed,58,70,11078
T009629,E04179,Communication Skills,2024-02-26,4,Classroom,Completed,59,65,4662
T009630,E04181,Advanced Excel,2026-04-17,8,Online,Incomplete,40,65,8452
T009631,E04181,Project Management,2026-04-27,16,Online,Completed,52,64,4221
T009632,E04181,Project Management,2025-08-16,12,Blended,Completed,51,61,9788
T009633,E04182,Python Analytics,2024-11-16,8,Online,Completed,74,97,4750
T009634,E04182,Cloud Fundamentals,2026-06-13,8,Blended,Completed,74,94,4838
T009635,E04182,Data Privacy,2026-03-01,8,Blended,Completed,42,49,4774
T009636,E04182,Negotiation,2025-11-26,6,Blended,Completed,40,65,14971
T009637,E04183,Leadership Essentials,2025-05-04,4,Blended,Completed,48,54,7112
T009638,E04183,Project Management,2026-06-21,4,Online,Completed,60,69,4484
T009639,E04184,Communication Skills,2026-05-19,12,Classroom,Completed,48,59,4613
T009640,E04184,Negotiation,2026-06-28,16,Online,Completed,75,86,5982
T009641,E04184,Data Privacy,2026-01-17,24,Classroom,Completed,48,60,1616
T009642,E04185,Advanced Excel,2026-07-19,8,Online,Incomplete,44,68,5291
T009643,E04185,Data Privacy,2026-08-20,4,Blended,Completed,40,59,9283
T009644,E04185,Negotiation,2026-08-15,12,Online,Completed,56,65,6666
T009645,E04185,Data Privacy,2026-07-07,16,Classroom,Completed,58,75,1663
T009646,E04186,Communication Skills,2025-12-23,6,Classroom,Completed,63,85,8344
T009647,E04186,Python Analytics,2024-11-15,12,Online,Completed,73,100,13133
T009648,E04186,Power BI,2026-05-29,6,Classroom,Completed,52,77,7250
T009649,E04186,Negotiation,2026-01-03,4,Online,Completed,48,73,9936
T009650,E04186,Power BI,2024-10-08,24,Classroom,Incomplete,61,87,8755
T009651,E04187,Negotiation,2025-12-23,16,Blended,Completed,47,53,2750
T009652,E04188,GenAI for Business,2026-04-12,4,Blended,Completed,42,55,6994
T009653,E04188,Negotiation,2026-08-17,2,Classroom,Completed,55,83,14479
T009654,E04188,Advanced Excel,2024-02-12,4,Blended,Incomplete,70,92,5181
T009655,E04188,Project Management,2025-12-30,16,Online,Completed,59,67,14267
T009656,E04189,Communication Skills,2026-08-22,6,Classroom,Completed,62,70,9840
T009657,E04189,Leadership Essentials,2024-12-09,16,Online,Completed,75,84,6741
T009658,E04189,GenAI for Business,2024-02-11,24,Online,Completed,71,86,11980
T009659,E04190,GenAI for Business,2026-08-07,6,Classroom,Completed,62,75,4888
T009660,E04191,GenAI for Business,2026-03-05,4,Blended,Completed,47,62,8432
T009661,E04191,Advanced Excel,2025-01-30,8,Blended,Completed,41,50,6052
T009662,E04191,Leadership Essentials,2024-01-30,2,Classroom,Completed,72,91,6023
T009663,E04191,Data Privacy,2024-05-26,16,Classroom,Completed,68,89,14708
T009664,E04194,Communication Skills,2025-07-06,2,Blended,Completed,53,80,13634
T009665,E04195,GenAI for Business,2025-10-10,6,Online,Completed,70,89,1920
T009666,E04195,GenAI for Business,2026-06-20,12,Blended,Completed,40,65,5305
T009667,E04196,Leadership Essentials,2025-12-30,12,Classroom,Completed,64,75,7577
T009668,E04196,Leadership Essentials,2024-11-07,24,Online,Completed,41,48,13917
T009669,E04196,Advanced Excel,2025-02-12,6,Classroom,Completed,49,60,10259
T009670,E04197,Negotiation,2026-07-06,8,Classroom,Completed,60,66,10177
T009671,E04197,Python Analytics,2026-06-30,16,Classroom,Incomplete,52,58,2987
T009672,E04198,Project Management,2026-05-02,16,Blended,Completed,46,70,2028
T009673,E04198,Project Management,2024-07-16,8,Blended,Incomplete,47,62,1595
T009674,E04198,Communication Skills,2024-02-05,8,Blended,Completed,77,100,11078
T009675,E04200,Communication Skills,2025-07-25,8,Classroom,Completed,75,100,14369
T009676,E04200,GenAI for Business,2026-08-09,8,Classroom,Completed,50,56,2970
T009677,E04200,Project Management,2026-03-07,4,Online,Completed,56,68,10844
T009678,E04201,Project Management,2024-08-24,8,Classroom,Completed,55,66,14056
T009679,E04201,Project Management,2024-09-04,6,Online,Completed,60,74,12402
T009680,E04201,Negotiation,2025-06-15,6,Classroom,Completed,54,59,8077
T009681,E04201,Power BI,2026-04-28,2,Online,Completed,43,51,4837
T009682,E04201,Python Analytics,2024-06-03,12,Classroom,Completed,60,77,2315
T009683,E04202,Cloud Fundamentals,2025-09-28,8,Blended,Completed,63,83,11990
T009684,E04202,Power BI,2025-11-20,2,Blended,Completed,60,87,12989
T009685,E04203,Leadership Essentials,2026-07-18,12,Classroom,Completed,67,82,14697
T009686,E04203,Power BI,2024-05-15,6,Classroom,Completed,77,100,3341
T009687,E04203,Leadership Essentials,2025-10-12,2,Classroom,Completed,70,78,8270
T009688,E04204,Leadership Essentials,2024-02-14,12,Online,Completed,48,59,4621
T009689,E04204,Advanced Excel,2024-02-07,2,Online,Completed,65,85,4806
T009690,E04204,Project Management,2024-03-19,24,Online,Completed,61,68,6659
T009691,E04204,Project Management,2024-02-21,24,Classroom,Completed,62,77,13786
T009692,E04204,Data Privacy,2024-03-08,6,Online,Completed,73,90,11712
T009693,E04205,Negotiation,2024-08-02,6,Online,Completed,40,65,14122
T009694,E04205,Communication Skills,2024-03-11,12,Blended,Completed,74,94,5121
T009695,E04205,Project Management,2024-11-10,4,Classroom,Completed,65,80,3773
T009696,E04205,Project Management,2026-01-29,24,Classroom,Completed,54,76,8211
T009697,E04206,Leadership Essentials,2025-09-23,24,Blended,Incomplete,78,96,7489
T009698,E04207,Project Management,2024-08-25,12,Blended,Completed,63,81,7693
T009699,E04207,Data Privacy,2025-12-23,6,Blended,Completed,54,79,4870
T009700,E04208,Python Analytics,2025-06-05,24,Blended,Completed,51,63,10351
T009701,E04208,Leadership Essentials,2026-04-23,2,Online,Completed,78,92,13173
T009702,E04208,Communication Skills,2025-08-22,12,Classroom,Completed,49,66,4424
T009703,E04208,Negotiation,2026-07-12,16,Classroom,Completed,46,71,10909
T009704,E04209,Leadership Essentials,2026-01-19,12,Online,Incomplete,44,49,3567
T009705,E04209,Negotiation,2025-01-16,24,Blended,Completed,58,73,10749
T009706,E04210,GenAI for Business,2026-03-10,2,Classroom,Incomplete,54,76,3621
T009707,E04210,Project Management,2025-11-13,16,Classroom,Completed,68,74,3704
T009708,E04210,Negotiation,2024-08-25,12,Classroom,Completed,58,69,2409
T009709,E04211,Communication Skills,2026-03-09,6,Classroom,Completed,53,65,7840
T009710,E04211,GenAI for Business,2025-07-29,8,Classroom,Completed,45,70,12995
T009711,E04211,Data Privacy,2024-07-27,6,Online,Incomplete,77,100,13662
T009712,E04212,Python Analytics,2026-06-28,6,Classroom,Completed,49,68,8001
T009713,E04213,Communication Skills,2026-08-20,24,Classroom,Completed,42,70,9271
T009714,E04213,Negotiation,2026-07-04,12,Online,Completed,54,63,11450
T009715,E04214,Leadership Essentials,2026-02-04,12,Blended,Completed,62,79,10253
T009716,E04214,Cloud Fundamentals,2026-04-08,8,Blended,Completed,78,97,6026
T009717,E04214,Negotiation,2026-07-21,6,Blended,Completed,69,89,8730
T009718,E04214,Power BI,2026-03-27,6,Classroom,Completed,55,63,14889
T009719,E04214,Cloud Fundamentals,2025-12-10,24,Online,Completed,48,58,10188
T009720,E04215,Project Management,2025-12-07,6,Online,Completed,63,73,7058
T009721,E04215,Communication Skills,2026-07-15,6,Online,Completed,64,73,8400
T009722,E04218,Project Management,2025-05-29,6,Blended,Completed,66,73,14955
T009723,E04218,Negotiation,2024-10-07,2,Classroom,Completed,56,68,2430
T009724,E04218,Negotiation,2025-04-19,24,Classroom,Completed,74,100,3124
T009725,E04219,GenAI for Business,2025-01-10,16,Online,Completed,67,74,8433
T009726,E04219,Cloud Fundamentals,2026-04-21,16,Blended,Completed,62,83,2245
T009727,E04219,Leadership Essentials,2024-04-30,2,Blended,Completed,72,95,9699
T009728,E04219,Python Analytics,2026-03-27,2,Online,Completed,67,80,5399
T009729,E04220,Cloud Fundamentals,2026-05-08,4,Online,Completed,63,89,11102
T009730,E04220,GenAI for Business,2026-06-09,16,Online,Completed,51,59,14961
T009731,E04220,Project Management,2026-05-13,6,Online,Completed,42,70,8646
T009732,E04220,Power BI,2025-12-08,12,Classroom,Completed,60,88,6847
T009733,E04222,Cloud Fundamentals,2025-05-11,8,Blended,Completed,57,77,10829
T009734,E04222,Power BI,2025-06-18,12,Blended,Completed,51,76,8220
T009735,E04222,Data Privacy,2025-12-31,16,Blended,Incomplete,70,86,10752
T009736,E04223,Python Analytics,2026-08-15,2,Online,Completed,65,91,11162
T009737,E04223,Project Management,2025-02-12,2,Online,Completed,41,68,3465
T009738,E04223,Project Management,2025-07-02,2,Online,Completed,66,93,6024
T009739,E04223,GenAI for Business,2025-10-11,24,Online,Completed,52,71,9962
T009740,E04224,Leadership Essentials,2025-12-10,6,Blended,Completed,67,80,2967
T009741,E04224,GenAI for Business,2024-11-08,6,Online,Incomplete,57,66,13192
T009742,E04224,Negotiation,2025-06-06,12,Classroom,Completed,61,67,1974
T009743,E04225,Cloud Fundamentals,2024-12-24,12,Classroom,Completed,65,92,7893
T009744,E04225,Power BI,2026-03-08,12,Online,Completed,67,88,5735
T009745,E04225,Negotiation,2025-09-06,4,Classroom,Completed,63,85,10104
T009746,E04226,Python Analytics,2025-08-26,24,Blended,Completed,56,74,10839
T009747,E04226,Power BI,2025-03-21,2,Blended,Completed,46,52,9400
T009748,E04226,GenAI for Business,2026-06-15,12,Online,Completed,72,98,13298
T009749,E04226,Power BI,2025-10-21,6,Classroom,Completed,45,71,12292
T009750,E04227,Leadership Essentials,2026-06-09,12,Online,Completed,66,85,14694
T009751,E04228,Power BI,2025-10-02,4,Blended,Completed,63,70,6109
T009752,E04228,GenAI for Business,2026-03-13,8,Blended,Completed,55,80,10726
T009753,E04228,Cloud Fundamentals,2025-07-28,6,Classroom,Completed,44,49,8129
T009754,E04228,Data Privacy,2025-10-18,6,Classroom,Completed,72,89,9742
T009755,E04228,Power BI,2025-02-05,8,Online,Completed,75,90,11361
T009756,E04230,Data Privacy,2025-02-15,6,Classroom,Completed,64,75,10749
T009757,E04230,Cloud Fundamentals,2026-03-28,24,Online,Incomplete,77,100,14222
T009758,E04230,Python Analytics,2026-01-21,4,Online,Completed,55,77,2196
T009759,E04230,Communication Skills,2024-11-26,12,Classroom,Completed,54,70,6495
T009760,E04231,Communication Skills,2025-02-08,4,Classroom,Completed,52,68,11109
T009761,E04233,Leadership Essentials,2025-11-10,8,Classroom,Completed,57,69,3683
T009762,E04233,Cloud Fundamentals,2025-09-01,24,Classroom,Completed,53,76,14302
T009763,E04235,Communication Skills,2025-07-21,24,Blended,Completed,58,84,14443
T009764,E04235,Data Privacy,2025-10-07,8,Classroom,Completed,60,78,4137
T009765,E04235,Cloud Fundamentals,2026-04-30,2,Online,Completed,63,90,14727
T009766,E04235,GenAI for Business,2026-01-21,2,Online,Completed,40,57,13760
T009767,E04236,Cloud Fundamentals,2026-05-29,2,Online,Completed,75,100,3950
T009768,E04236,Power BI,2025-02-22,6,Online,Completed,45,52,10772
T009769,E04236,Negotiation,2025-07-09,6,Blended,Completed,55,78,4956
T009770,E04237,Communication Skills,2024-05-17,8,Classroom,Completed,72,84,2119
T009771,E04237,Data Privacy,2024-05-25,24,Classroom,Completed,66,84,14541
T009772,E04238,Python Analytics,2024-10-18,8,Blended,Completed,55,63,8904
T009773,E04238,Project Management,2025-01-24,12,Online,Completed,42,58,12998
T009774,E04238,Negotiation,2026-07-30,6,Online,Completed,59,86,12284
T009775,E04239,Project Management,2024-09-07,12,Online,Completed,70,92,13584
T009776,E04239,Project Management,2024-07-02,24,Classroom,Completed,73,93,13979
T009777,E04239,Negotiation,2026-02-15,16,Online,Completed,73,93,2525
T009778,E04239,Negotiation,2025-01-06,24,Online,Completed,59,86,13703
T009779,E04239,Cloud Fundamentals,2025-08-13,12,Classroom,Completed,45,58,11220
T009780,E04240,Cloud Fundamentals,2024-08-02,16,Online,Completed,67,87,5139
T009781,E04240,Data Privacy,2025-07-07,16,Classroom,Completed,69,78,8700
T009782,E04240,Project Management,2025-06-28,4,Classroom,Completed,45,52,9608
T009783,E04240,Project Management,2025-04-21,12,Online,Completed,50,71,12393
T009784,E04240,Negotiation,2026-06-28,4,Online,Completed,75,100,3472
T009785,E04243,Power BI,2024-01-01,24,Classroom,Completed,72,97,8516
T009786,E04243,Communication Skills,2024-03-21,2,Blended,Incomplete,55,72,10730
T009787,E04243,Negotiation,2024-03-20,16,Online,Completed,65,80,13234
T009788,E04243,Negotiation,2024-02-14,16,Online,Completed,53,76,9890
T009789,E04244,Communication Skills,2026-07-28,24,Online,Completed,50,65,13619
T009790,E04244,Project Management,2026-07-12,4,Classroom,Completed,71,93,13994
T009791,E04244,Project Management,2024-11-26,6,Blended,Completed,72,99,6121
T009792,E04244,Data Privacy,2026-07-13,8,Blended,Completed,61,73,10792
T009793,E04244,Cloud Fundamentals,2025-09-30,6,Online,Completed,59,80,6479
T009794,E04245,GenAI for Business,2024-05-01,24,Online,Completed,40,52,2186
T009795,E04245,Communication Skills,2026-04-03,24,Blended,Completed,63,75,2670
T009796,E04245,Python Analytics,2025-10-27,16,Blended,Completed,43,52,8194
T009797,E04245,Advanced Excel,2025-09-25,16,Online,Completed,50,67,2973
T009798,E04246,Communication Skills,2026-03-29,6,Classroom,Completed,71,83,7297
T009799,E04246,Power BI,2026-02-06,24,Online,Completed,40,48,6137
T009800,E04246,GenAI for Business,2025-06-18,4,Classroom,Completed,58,75,3710
T009801,E04246,Negotiation,2025-08-28,16,Online,Completed,40,67,8759
T009802,E04246,Project Management,2025-01-31,2,Blended,Completed,77,100,12436
T009803,E04247,Project Management,2024-10-15,8,Blended,Completed,44,53,14330
T009804,E04247,Data Privacy,2026-04-02,24,Classroom,Completed,48,72,11350
T009805,E04247,Python Analytics,2024-09-15,2,Blended,Completed,53,65,12150
T009806,E04248,Cloud Fundamentals,2026-04-24,24,Online,Completed,50,77,10918
T009807,E04248,Communication Skills,2025-10-09,8,Blended,Completed,65,70,2191
T009808,E04249,Cloud Fundamentals,2026-03-12,12,Blended,Incomplete,74,84,7020
T009809,E04249,Advanced Excel,2026-08-21,12,Online,Completed,48,65,2690
T009810,E04249,Leadership Essentials,2025-10-25,16,Classroom,Completed,68,85,1964
T009811,E04249,Data Privacy,2024-11-25,12,Online,Incomplete,52,57,12008
T009812,E04249,Project Management,2024-11-23,2,Classroom,Completed,69,97,12772
T009813,E04250,Leadership Essentials,2025-12-10,16,Online,Completed,72,94,10595
T009814,E04251,Power BI,2026-03-29,16,Classroom,Completed,78,94,13921
T009815,E04251,Power BI,2026-04-01,8,Online,Incomplete,49,70,4855
T009816,E04253,Negotiation,2024-05-13,4,Classroom,Completed,47,61,11490
T009817,E04253,Python Analytics,2025-05-10,16,Blended,Completed,64,91,14014
T009818,E04253,Negotiation,2024-10-11,4,Classroom,Completed,53,80,11852
T009819,E04254,Leadership Essentials,2024-10-05,24,Blended,Completed,52,69,4857
T009820,E04254,Data Privacy,2024-12-15,24,Classroom,Completed,57,68,8251
T009821,E04254,Project Management,2024-06-21,8,Blended,Completed,41,47,8968
T009822,E04255,Cloud Fundamentals,2024-05-10,4,Online,Completed,54,80,13685
T009823,E04256,Communication Skills,2024-02-18,24,Online,Incomplete,41,60,4216
T009824,E04256,Python Analytics,2025-01-05,2,Classroom,Completed,68,75,9099
T009825,E04256,Advanced Excel,2024-05-16,2,Online,Completed,64,72,11723
T009826,E04256,Negotiation,2024-11-30,16,Classroom,Completed,72,86,14724
T009827,E04257,Project Management,2026-05-02,6,Online,Completed,66,72,4491
T009828,E04257,Leadership Essentials,2026-01-12,4,Blended,Completed,49,73,3148
T009829,E04259,Data Privacy,2026-04-09,2,Blended,Completed,58,67,13621
T009830,E04260,Communication Skills,2025-09-19,24,Online,Incomplete,59,76,1617
T009831,E04260,Negotiation,2024-03-07,16,Online,Completed,54,61,11665
T009832,E04260,Python Analytics,2025-11-23,4,Blended,Completed,44,53,9188
T009833,E04261,Power BI,2026-06-07,12,Classroom,Completed,57,66,7352
T009834,E04262,Negotiation,2026-07-09,2,Online,Completed,48,54,14022
T009835,E04262,Communication Skills,2025-08-14,2,Classroom,Completed,69,92,1814
T009836,E04262,Negotiation,2025-08-20,2,Online,Completed,76,98,4791
T009837,E04263,Cloud Fundamentals,2025-12-27,24,Classroom,Completed,53,63,4716
T009838,E04263,Negotiation,2026-04-09,4,Classroom,Completed,49,55,12354
T009839,E04263,Power BI,2026-06-05,6,Online,Completed,63,70,9967
T009840,E04264,Python Analytics,2024-04-26,24,Classroom,Incomplete,78,89,12579
T009841,E04264,Leadership Essentials,2024-03-27,8,Classroom,Completed,77,97,12603
T009842,E04265,GenAI for Business,2024-03-24,4,Classroom,Completed,76,99,8894
T009843,E04265,Communication Skills,2024-04-10,2,Online,Completed,60,69,5061
T009844,E04266,GenAI for Business,2026-01-24,2,Blended,Completed,49,69,5844
T009845,E04266,Leadership Essentials,2024-06-17,4,Blended,Completed,74,79,5309
T009846,E04266,Project Management,2024-11-11,24,Blended,Completed,65,83,14326
T009847,E04267,Python Analytics,2024-03-29,8,Online,Completed,73,95,2502
T009848,E04267,Project Management,2025-10-08,6,Online,Completed,48,62,7633
T009849,E04267,Project Management,2025-11-16,2,Blended,Completed,75,100,2675
T009850,E04267,Leadership Essentials,2025-06-08,24,Blended,Incomplete,64,88,1986
T009851,E04267,Negotiation,2024-04-08,4,Blended,Completed,61,79,6506
T009852,E04269,Advanced Excel,2025-01-15,12,Classroom,Completed,72,93,13520
T009853,E04269,Leadership Essentials,2024-12-26,2,Classroom,Completed,73,90,2342
T009854,E04269,Communication Skills,2025-07-29,6,Classroom,Completed,46,59,1762
T009855,E04270,Advanced Excel,2026-07-21,2,Classroom,Completed,53,80,1951
T009856,E04270,Cloud Fundamentals,2025-09-01,2,Blended,Completed,71,93,2359
T009857,E04270,Leadership Essentials,2026-01-04,2,Blended,Completed,41,55,13125
T009858,E04270,GenAI for Business,2026-02-24,8,Online,Completed,66,77,3208
T009859,E04272,Project Management,2025-12-21,16,Online,Completed,53,62,4998
T009860,E04272,GenAI for Business,2025-08-25,8,Online,Completed,52,72,4415
T009861,E04272,Leadership Essentials,2025-10-29,8,Online,Completed,48,66,7575
T009862,E04273,GenAI for Business,2025-03-16,8,Classroom,Completed,72,84,4024
T009863,E04274,GenAI for Business,2026-07-16,24,Online,Incomplete,52,77,1931
T009864,E04274,GenAI for Business,2026-01-08,8,Blended,Completed,71,80,3681
T009865,E04274,Python Analytics,2025-09-05,4,Classroom,Completed,42,63,4749
T009866,E04274,Advanced Excel,2025-10-19,16,Classroom,Completed,56,68,1930
T009867,E04274,Python Analytics,2024-11-09,16,Online,Completed,67,85,3013
T009868,E04276,Leadership Essentials,2026-07-13,24,Online,Completed,63,70,14319
T009869,E04276,Advanced Excel,2024-07-01,8,Blended,Completed,65,84,5101
T009870,E04276,Data Privacy,2024-12-28,2,Classroom,Incomplete,64,83,10253
T009871,E04276,Negotiation,2024-10-23,6,Blended,Completed,64,77,7718
T009872,E04277,Leadership Essentials,2025-01-09,16,Blended,Completed,42,52,4884
T009873,E04277,Data Privacy,2025-06-23,12,Online,Completed,72,94,11193
T009874,E04278,Data Privacy,2026-07-14,6,Blended,Completed,41,60,13906
T009875,E04278,Communication Skills,2026-07-30,24,Blended,Completed,73,96,14758
T009876,E04278,Python Analytics,2026-08-23,6,Online,Incomplete,49,75,8934
T009877,E04281,Communication Skills,2026-07-19,2,Online,Completed,50,72,11822
T009878,E04281,Leadership Essentials,2026-06-24,16,Classroom,Completed,73,97,5638
T009879,E04282,Advanced Excel,2024-11-30,4,Online,Completed,76,98,10295
T009880,E04282,Power BI,2025-03-27,6,Classroom,Incomplete,69,95,8168
T009881,E04282,GenAI for Business,2025-06-23,4,Blended,Completed,69,76,12220
T009882,E04282,Data Privacy,2024-12-12,12,Classroom,Completed,52,72,5814
T009883,E04283,Python Analytics,2024-10-12,6,Online,Completed,68,88,6854
T009884,E04283,Negotiation,2025-09-19,2,Blended,Completed,60,85,3316
T009885,E04285,Communication Skills,2026-06-07,12,Online,Completed,54,74,12918
T009886,E04285,Python Analytics,2025-04-06,24,Classroom,Completed,75,89,1649
T009887,E04285,Advanced Excel,2024-12-24,8,Blended,Completed,41,47,5639
T009888,E04285,Python Analytics,2025-08-20,2,Classroom,Completed,77,99,7256
T009889,E04285,Communication Skills,2025-05-07,16,Blended,Completed,75,87,10058
T009890,E04286,Advanced Excel,2024-01-28,6,Online,Completed,66,91,7233
T009891,E04286,Python Analytics,2024-01-10,8,Blended,Completed,64,91,9325
T009892,E04286,Leadership Essentials,2024-01-22,12,Classroom,Incomplete,60,83,13946
T009893,E04287,Communication Skills,2026-06-30,24,Online,Completed,55,79,5444
T009894,E04287,Negotiation,2026-06-08,24,Online,Completed,77,86,4396
T009895,E04287,Python Analytics,2026-06-09,6,Classroom,Completed,56,62,4847
T009896,E04287,Python Analytics,2026-07-21,12,Online,Completed,47,63,11256
T009897,E04287,Cloud Fundamentals,2026-07-01,2,Online,Completed,66,79,9323
T009898,E04288,Data Privacy,2025-11-14,4,Classroom,Completed,54,71,10196
T009899,E04290,Advanced Excel,2024-06-30,6,Classroom,Completed,75,89,2456
T009900,E04291,Cloud Fundamentals,2024-04-07,12,Classroom,Completed,49,75,13483
T009901,E04291,Data Privacy,2024-05-01,2,Online,Completed,62,76,12509
T009902,E04291,Power BI,2024-04-21,12,Classroom,Completed,49,74,14831
T009903,E04291,Communication Skills,2024-06-06,4,Blended,Completed,65,90,3582
T009904,E04291,GenAI for Business,2024-03-30,6,Online,Completed,69,90,1881
T009905,E04292,Communication Skills,2026-07-17,12,Classroom,Completed,62,80,9902
T009906,E04292,Negotiation,2024-02-13,16,Online,Completed,70,84,3338
T009907,E04292,Power BI,2025-09-24,8,Online,Completed,76,87,10776
T009908,E04292,Project Management,2026-08-08,4,Blended,Completed,50,71,14889
T009909,E04292,Cloud Fundamentals,2024-09-29,6,Blended,Completed,46,67,7178
T009910,E04293,Cloud Fundamentals,2024-12-21,16,Online,Completed,69,79,6684
T009911,E04293,Data Privacy,2026-01-18,2,Online,Completed,74,99,11823
T009912,E04293,Communication Skills,2025-02-12,2,Online,Completed,63,83,3207
T009913,E04294,Python Analytics,2026-01-24,12,Online,Completed,58,77,9963
T009914,E04295,Power BI,2026-07-29,4,Classroom,Completed,46,67,6858
T009915,E04295,Leadership Essentials,2026-07-14,6,Online,Completed,40,60,3672
T009916,E04295,Data Privacy,2026-08-20,24,Classroom,Completed,47,59,14705
T009917,E04295,Communication Skills,2026-07-10,16,Online,Completed,60,72,13635
T009918,E04296,GenAI for Business,2024-11-21,2,Classroom,Completed,57,66,4148
T009919,E04296,Cloud Fundamentals,2025-09-20,4,Blended,Completed,66,94,5128
T009920,E04297,Cloud Fundamentals,2024-08-03,16,Blended,Completed,52,68,12921
T009921,E04298,GenAI for Business,2024-09-11,12,Online,Completed,53,80,14620
T009922,E04298,Python Analytics,2024-08-04,6,Classroom,Completed,48,70,4753
T009923,E04298,Negotiation,2025-09-25,12,Blended,Completed,56,84,9852
T009924,E04298,Cloud Fundamentals,2025-02-20,16,Online,Completed,73,100,6510
T009925,E04299,Advanced Excel,2025-01-29,8,Blended,Completed,78,95,13849
T009926,E04299,Python Analytics,2024-02-20,16,Blended,Completed,65,93,5487
T009927,E04299,Power BI,2024-11-24,16,Classroom,Completed,70,79,10554
T009928,E04301,Negotiation,2026-06-21,8,Blended,Incomplete,76,98,4058
T009929,E04301,Cloud Fundamentals,2025-01-22,2,Classroom,Incomplete,47,57,6463
T009930,E04302,Python Analytics,2024-11-26,6,Online,Completed,55,63,8908
T009931,E04302,Negotiation,2024-06-27,6,Online,Completed,44,70,10900
T009932,E04302,Leadership Essentials,2024-06-23,4,Blended,Completed,71,91,10717
T009933,E04302,Data Privacy,2024-07-30,24,Blended,Completed,78,98,6240
T009934,E04302,Project Management,2024-11-20,16,Classroom,Completed,60,80,6127
T009935,E04303,GenAI for Business,2026-03-02,8,Online,Completed,48,53,12603
T009936,E04303,GenAI for Business,2024-04-05,4,Blended,Completed,50,72,9250
T009937,E04303,Leadership Essentials,2026-01-30,6,Blended,Completed,65,78,4111
T009938,E04303,Communication Skills,2026-01-07,6,Classroom,Completed,46,62,3985
T009939,E04304,Leadership Essentials,2025-07-12,12,Online,Completed,61,75,2195
T009940,E04305,GenAI for Business,2024-12-06,6,Classroom,Completed,75,85,14758
T009941,E04306,Cloud Fundamentals,2025-04-14,4,Classroom,Completed,54,59,10553
T009942,E04306,GenAI for Business,2024-05-17,24,Online,Completed,71,80,3789
T009943,E04307,Power BI,2026-03-28,6,Online,Completed,68,76,7351
T009944,E04307,Power BI,2026-07-27,4,Online,Completed,63,84,14086
T009945,E04307,Project Management,2026-08-06,6,Online,Completed,77,88,14433
T009946,E04307,Project Management,2024-04-13,12,Classroom,Completed,74,92,11431
T009947,E04308,Communication Skills,2024-03-24,24,Online,Completed,67,73,1855
T009948,E04308,Communication Skills,2024-02-21,4,Blended,Completed,44,58,7440
T009949,E04308,GenAI for Business,2024-06-16,24,Online,Completed,48,54,3208
T009950,E04308,Communication Skills,2024-08-07,6,Blended,Completed,55,60,2611
T009951,E04309,Cloud Fundamentals,2025-03-25,16,Online,Completed,64,70,6949
T009952,E04309,Data Privacy,2025-02-16,16,Blended,Completed,64,78,3797
T009953,E04309,Project Management,2025-06-02,4,Classroom,Completed,66,81,14456
T009954,E04309,Power BI,2025-09-03,2,Classroom,Incomplete,60,83,14657
T009955,E04309,Leadership Essentials,2026-05-08,8,Blended,Incomplete,43,49,8228
T009956,E04310,Advanced Excel,2026-03-27,6,Online,Incomplete,67,72,13735
T009957,E04311,Cloud Fundamentals,2026-02-27,24,Blended,Completed,53,80,12043
T009958,E04311,Python Analytics,2026-03-11,6,Blended,Incomplete,41,54,11208
T009959,E04311,Power BI,2024-09-06,24,Online,Completed,43,66,1740
T009960,E04312,Project Management,2024-06-02,4,Blended,Completed,50,57,1846
T009961,E04312,Cloud Fundamentals,2024-04-04,6,Online,Completed,78,99,2242
T009962,E04313,Negotiation,2025-11-28,6,Blended,Completed,78,100,3941
T009963,E04313,Project Management,2025-05-05,16,Online,Completed,65,80,8368
T009964,E04313,Cloud Fundamentals,2024-07-30,8,Online,Completed,72,86,7670
T009965,E04313,Project Management,2025-12-04,16,Blended,Completed,63,79,2343
T009966,E04314,Python Analytics,2026-06-06,6,Classroom,Completed,59,84,13328
T009967,E04314,Leadership Essentials,2026-07-01,12,Blended,Incomplete,69,75,7432
T009968,E04315,Project Management,2025-07-09,24,Blended,Completed,70,97,9592
T009969,E04315,Python Analytics,2025-12-23,2,Online,Completed,63,86,12850
T009970,E04315,Leadership Essentials,2025-12-02,4,Online,Completed,65,77,1597
T009971,E04315,Data Privacy,2025-08-02,24,Classroom,Completed,49,54,14505
T009972,E04316,Data Privacy,2025-06-11,8,Online,Completed,54,61,4304
T009973,E04316,Data Privacy,2024-01-01,16,Blended,Completed,66,82,13781
T009974,E04316,Power BI,2025-09-27,8,Online,Completed,49,60,12820
T009975,E04317,GenAI for Business,2025-12-05,24,Online,Completed,66,93,12391
T009976,E04317,Power BI,2026-04-24,6,Blended,Completed,43,49,9253
T009977,E04317,Python Analytics,2024-07-27,24,Blended,Completed,70,76,3820
T009978,E04317,Advanced Excel,2025-05-28,24,Blended,Completed,61,70,4087
T009979,E04317,Negotiation,2024-06-03,12,Online,Completed,75,100,9213
T009980,E04318,Project Management,2025-08-17,12,Blended,Completed,67,93,7924
T009981,E04318,Negotiation,2026-05-13,12,Blended,Completed,64,90,12212
T009982,E04319,Negotiation,2026-04-10,4,Online,Completed,65,93,12667
T009983,E04319,Negotiation,2026-03-06,12,Classroom,Completed,66,93,14722
T009984,E04319,Leadership Essentials,2026-07-20,24,Classroom,Completed,74,95,4324
T009985,E04319,Leadership Essentials,2026-06-09,6,Blended,Completed,73,87,4959
T009986,E04320,Python Analytics,2026-08-31,16,Classroom,Completed,71,84,5304
T009987,E04320,GenAI for Business,2024-08-10,24,Blended,Completed,72,87,6474
T009988,E04320,GenAI for Business,2026-01-05,4,Classroom,Completed,74,100,12504
T009989,E04320,Communication Skills,2026-03-05,12,Classroom,Completed,43,63,2975
T009990,E04321,Power BI,2026-02-05,4,Classroom,Completed,41,54,2321
T009991,E04321,Communication Skills,2026-01-08,4,Online,Completed,40,62,7122
T009992,E04322,Negotiation,2024-12-06,6,Online,Completed,69,94,2687
T009993,E04322,GenAI for Business,2024-02-19,12,Blended,Completed,50,57,6297
T009994,E04323,Communication Skills,2026-01-30,6,Classroom,Incomplete,62,67,14250
T009995,E04323,Data Privacy,2025-10-09,12,Online,Completed,55,82,4980
T009996,E04324,Leadership Essentials,2024-08-29,4,Classroom,Completed,68,85,5915
T009997,E04324,Data Privacy,2025-03-26,12,Blended,Completed,45,56,5529
T009998,E04324,Python Analytics,2024-10-09,2,Blended,Completed,50,73,5482
T009999,E04324,Advanced Excel,2025-05-13,12,Blended,Completed,40,60,5059
T010000,E04325,Cloud Fundamentals,2024-02-15,16,Classroom,Completed,40,60,7630
T010001,E04325,Advanced Excel,2025-12-29,12,Blended,Completed,75,86,1910
T010002,E04325,Project Management,2025-11-11,16,Blended,Completed,69,80,4052
T010003,E04325,Power BI,2025-10-10,4,Classroom,Completed,73,100,13100
T010004,E04325,Project Management,2026-02-08,4,Classroom,Incomplete,42,70,11026
T010005,E04326,Negotiation,2025-07-29,4,Classroom,Completed,68,87,9461
T010006,E04326,Negotiation,2024-11-02,8,Classroom,Completed,58,63,2975
T010007,E04326,Advanced Excel,2024-08-11,16,Online,Completed,53,66,7024
T010008,E04326,Negotiation,2025-12-22,8,Online,Completed,49,66,12467
T010009,E04326,Data Privacy,2025-01-30,6,Classroom,Completed,43,62,10993
T010010,E04327,Power BI,2024-03-10,12,Online,Completed,66,80,4506
T010011,E04327,Project Management,2024-02-29,16,Blended,Completed,64,91,12870
T010012,E04327,GenAI for Business,2024-02-19,2,Online,Completed,67,79,9873
T010013,E04327,Python Analytics,2024-03-06,16,Online,Completed,71,95,8522
T010014,E04328,Communication Skills,2024-07-02,12,Blended,Completed,60,71,9517
T010015,E04328,Project Management,2024-03-28,16,Online,Completed,46,53,14363
T010016,E04331,Negotiation,2024-07-07,6,Online,Completed,42,65,5896
T010017,E04331,Leadership Essentials,2026-05-12,4,Online,Completed,40,52,14644
T010018,E04331,Cloud Fundamentals,2024-12-30,2,Blended,Incomplete,71,83,1644
T010019,E04331,Cloud Fundamentals,2026-04-19,16,Online,Completed,52,66,11935
T010020,E04331,Advanced Excel,2026-06-16,16,Classroom,Completed,78,91,5825
T010021,E04332,Negotiation,2024-07-18,6,Classroom,Incomplete,77,84,11403
T010022,E04332,Data Privacy,2024-04-13,12,Classroom,Completed,61,87,8294
T010023,E04332,Project Management,2024-10-10,6,Blended,Completed,58,76,10944
T010024,E04332,Negotiation,2024-03-20,24,Classroom,Completed,58,77,2321
T010025,E04333,GenAI for Business,2026-08-24,8,Online,Completed,77,93,2364
T010026,E04333,GenAI for Business,2026-08-10,4,Blended,Completed,56,83,9266
T010027,E04336,Power BI,2026-06-15,2,Blended,Completed,51,76,3224
T010028,E04336,Communication Skills,2026-02-17,6,Classroom,Completed,41,66,9872
T010029,E04336,Project Management,2025-04-04,4,Classroom,Completed,78,92,6047
T010030,E04337,Project Management,2025-03-21,24,Classroom,Completed,65,89,3913
T010031,E04337,Leadership Essentials,2026-08-27,4,Online,Completed,75,100,11445
T010032,E04338,Data Privacy,2024-08-03,24,Online,Completed,77,91,1659
T010033,E04338,Python Analytics,2025-02-05,2,Online,Completed,75,88,5476
T010034,E04338,Data Privacy,2026-08-20,24,Online,Completed,51,77,4811
T010035,E04340,Power BI,2024-04-26,24,Online,Incomplete,63,76,6504
T010036,E04340,Leadership Essentials,2026-05-18,24,Blended,Completed,45,71,10290
T010037,E04340,Communication Skills,2025-01-04,4,Classroom,Completed,46,72,13012
T010038,E04341,Project Management,2026-06-29,2,Online,Completed,67,82,11141
T010039,E04341,Communication Skills,2026-05-05,12,Blended,Completed,40,64,13517
T010040,E04343,Leadership Essentials,2026-01-08,12,Online,Completed,69,77,11222
T010041,E04344,Power BI,2025-04-03,2,Blended,Completed,68,75,8163
T010042,E04346,Project Management,2024-01-09,16,Classroom,Completed,58,79,5605
T010043,E04346,Communication Skills,2024-06-08,6,Online,Completed,58,86,7483
T010044,E04346,Negotiation,2024-08-28,8,Online,Completed,41,51,14096
T010045,E04346,Cloud Fundamentals,2026-07-12,24,Online,Completed,49,67,7224
T010046,E04347,GenAI for Business,2025-10-19,6,Online,Completed,57,78,1916
T010047,E04347,Python Analytics,2025-09-28,16,Online,Completed,58,82,13430
T010048,E04349,Communication Skills,2025-07-17,2,Online,Completed,60,71,14793
T010049,E04349,Advanced Excel,2024-12-16,24,Online,Completed,78,92,10863
T010050,E04349,Cloud Fundamentals,2025-05-02,2,Online,Completed,62,73,14248
T010051,E04350,Power BI,2026-08-27,16,Online,Completed,42,63,6262
T010052,E04351,Project Management,2026-08-30,2,Online,Completed,48,62,11673
T010053,E04351,Data Privacy,2024-09-18,16,Online,Completed,68,94,7137
T010054,E04351,Python Analytics,2026-04-16,16,Classroom,Completed,42,59,9202
T010055,E04351,Python Analytics,2024-09-18,2,Online,Completed,43,64,13657
T010056,E04351,GenAI for Business,2025-05-17,12,Blended,Completed,63,81,10558
T010057,E04352,Cloud Fundamentals,2025-09-07,4,Classroom,Completed,63,84,13181
T010058,E04352,Data Privacy,2025-08-26,16,Blended,Completed,55,60,6468
T010059,E04352,Advanced Excel,2025-02-04,6,Online,Completed,67,82,14766
T010060,E04352,Communication Skills,2025-03-14,8,Classroom,Completed,75,92,9346
T010061,E04353,Cloud Fundamentals,2025-05-06,12,Online,Completed,47,67,8604
T010062,E04353,Python Analytics,2026-03-02,6,Online,Completed,49,74,5266
T010063,E04353,Advanced Excel,2025-06-08,8,Blended,Completed,49,60,7986
T010064,E04353,Cloud Fundamentals,2025-06-29,4,Blended,Completed,49,76,14917
T010065,E04354,Communication Skills,2024-05-28,6,Blended,Completed,56,75,8912
T010066,E04354,Power BI,2025-12-02,6,Blended,Completed,42,48,8523
T010067,E04355,Communication Skills,2024-11-23,24,Online,Completed,72,90,1772
T010068,E04355,Data Privacy,2025-04-06,12,Classroom,Completed,59,78,1512
T010069,E04355,Negotiation,2024-12-05,24,Classroom,Completed,57,83,7781
T010070,E04356,GenAI for Business,2026-04-12,12,Classroom,Completed,50,63,13221
T010071,E04356,Project Management,2024-10-25,12,Classroom,Completed,44,51,3169
T010072,E04357,Data Privacy,2024-12-31,16,Blended,Completed,57,82,8261
T010073,E04357,Project Management,2025-05-26,2,Classroom,Completed,60,71,4513
T010074,E04357,Cloud Fundamentals,2026-01-31,12,Online,Completed,47,55,13185
T010075,E04357,GenAI for Business,2025-07-05,16,Blended,Completed,70,94,7114
T010076,E04357,Cloud Fundamentals,2024-02-11,2,Online,Completed,59,86,13543
T010077,E04359,Python Analytics,2026-02-08,6,Blended,Completed,52,57,8211
T010078,E04359,Project Management,2026-06-02,6,Online,Completed,56,72,13187
T010079,E04359,Power BI,2026-03-14,24,Blended,Completed,62,77,5452
T010080,E04361,Negotiation,2026-01-10,8,Blended,Completed,56,61,4876
T010081,E04361,Cloud Fundamentals,2025-08-07,2,Online,Incomplete,52,70,5831
T010082,E04361,Cloud Fundamentals,2025-12-04,4,Online,Completed,58,80,7300
T010083,E04361,Advanced Excel,2025-09-19,24,Online,Completed,57,83,12540
T010084,E04363,Communication Skills,2025-09-06,2,Classroom,Completed,70,89,12243
T010085,E04363,GenAI for Business,2026-01-01,24,Blended,Completed,43,59,3590
T010086,E04363,Advanced Excel,2026-07-30,2,Blended,Completed,70,80,12313
T010087,E04363,Power BI,2025-10-08,8,Blended,Completed,54,80,5029
T010088,E04363,Negotiation,2025-09-25,8,Blended,Completed,61,67,10855
T010089,E04365,Leadership Essentials,2026-01-25,6,Online,Completed,45,51,12169
T010090,E04365,Leadership Essentials,2026-08-30,16,Online,Completed,78,90,4308
T010091,E04366,Project Management,2025-02-11,12,Online,Incomplete,41,69,4925
T010092,E04366,Communication Skills,2024-09-13,12,Blended,Completed,73,79,4975
T010093,E04366,Advanced Excel,2026-07-13,8,Blended,Completed,64,88,11468
T010094,E04367,Project Management,2025-04-12,24,Online,Completed,72,99,10263
T010095,E04368,GenAI for Business,2025-05-18,12,Blended,Completed,75,98,5002
T010096,E04368,Project Management,2025-03-14,2,Blended,Completed,60,80,6365
T010097,E04368,Advanced Excel,2025-04-13,4,Classroom,Completed,58,69,11005
T010098,E04368,Leadership Essentials,2025-02-28,12,Blended,Completed,74,96,12929
T010099,E04368,Communication Skills,2026-03-14,12,Classroom,Completed,54,78,10319
T010100,E04369,GenAI for Business,2024-08-06,12,Classroom,Completed,42,67,8046
T010101,E04369,Data Privacy,2024-12-26,2,Classroom,Completed,41,59,5152
T010102,E04370,Data Privacy,2024-09-25,4,Classroom,Completed,68,93,2915
T010103,E04370,Project Management,2026-01-02,2,Blended,Completed,58,65,5697
T010104,E04370,Project Management,2024-12-01,6,Classroom,Completed,46,63,14591
T010105,E04371,Project Management,2025-01-12,24,Classroom,Completed,46,51,6331
T010106,E04372,GenAI for Business,2024-01-24,2,Online,Completed,78,93,7349
T010107,E04372,Communication Skills,2024-10-28,4,Classroom,Completed,58,72,14381
T010108,E04372,GenAI for Business,2026-08-11,24,Blended,Completed,73,84,12744
T010109,E04372,Power BI,2026-07-11,2,Online,Completed,60,70,8950
T010110,E04372,Power BI,2024-05-26,16,Classroom,Completed,72,94,2605
T010111,E04374,Communication Skills,2024-10-02,16,Blended,Completed,68,80,14766
T010112,E04374,Advanced Excel,2025-05-17,4,Blended,Completed,51,69,8723
T010113,E04374,Leadership Essentials,2026-02-26,12,Blended,Completed,54,66,14193
T010114,E04374,Leadership Essentials,2025-08-05,12,Online,Completed,50,65,8525
T010115,E04374,Negotiation,2025-11-21,2,Blended,Completed,75,86,14589
T010116,E04375,GenAI for Business,2025-01-04,2,Classroom,Completed,70,98,9368
T010117,E04375,GenAI for Business,2024-07-10,12,Online,Completed,67,80,14027
T010118,E04375,Negotiation,2025-06-03,24,Blended,Completed,40,56,4124
T010119,E04375,Leadership Essentials,2025-03-31,8,Blended,Completed,58,68,8923
T010120,E04375,GenAI for Business,2024-06-23,8,Online,Incomplete,59,71,10308
T010121,E04376,Data Privacy,2024-01-29,12,Online,Completed,57,83,4710
T010122,E04376,Communication Skills,2024-12-03,16,Classroom,Completed,73,86,11793
T010123,E04376,Data Privacy,2024-04-24,8,Online,Completed,56,68,3575
T010124,E04376,Power BI,2024-08-15,4,Blended,Completed,50,78,2237
T010125,E04376,Negotiation,2024-10-27,2,Blended,Completed,60,79,1658
T010126,E04377,Cloud Fundamentals,2025-11-10,4,Online,Completed,53,75,11737
T010127,E04377,Cloud Fundamentals,2025-03-15,24,Online,Completed,65,76,6653
T010128,E04379,Project Management,2025-12-21,24,Blended,Completed,63,68,5035
T010129,E04379,Leadership Essentials,2026-07-08,16,Classroom,Completed,45,65,7876
T010130,E04380,Data Privacy,2026-07-17,16,Online,Completed,41,68,5671
T010131,E04380,Data Privacy,2026-05-11,2,Classroom,Completed,45,67,9461
T010132,E04380,Cloud Fundamentals,2025-07-21,4,Blended,Completed,42,60,5630
T010133,E04381,Communication Skills,2026-01-27,6,Classroom,Completed,54,60,3947
T010134,E04381,Data Privacy,2024-04-09,2,Classroom,Completed,60,80,13627
T010135,E04381,Project Management,2025-07-12,6,Classroom,Completed,76,97,8589
T010136,E04381,Data Privacy,2025-08-16,4,Blended,Completed,44,71,3897
T010137,E04381,Python Analytics,2024-10-01,24,Classroom,Completed,47,59,5185
T010138,E04382,Cloud Fundamentals,2025-07-14,6,Blended,Completed,47,54,14279
T010139,E04383,Advanced Excel,2026-05-24,16,Classroom,Completed,60,77,3877
T010140,E04383,Python Analytics,2024-08-01,12,Online,Completed,49,73,8883
T010141,E04385,Cloud Fundamentals,2026-03-31,6,Classroom,Completed,49,65,8241
T010142,E04386,Project Management,2025-08-26,12,Blended,Completed,62,87,4714
T010143,E04386,Power BI,2026-05-03,24,Blended,Completed,56,77,13667
T010144,E04386,Data Privacy,2025-06-26,6,Blended,Completed,69,83,9444
T010145,E04386,Project Management,2024-11-30,6,Blended,Completed,49,56,7267
T010146,E04387,Python Analytics,2026-05-18,16,Blended,Completed,58,66,3291
T010147,E04388,Communication Skills,2024-04-02,12,Classroom,Completed,50,61,4135
T010148,E04388,Cloud Fundamentals,2026-01-12,2,Online,Completed,59,79,9188
T010149,E04388,Cloud Fundamentals,2024-04-21,12,Classroom,Completed,58,83,9159
T010150,E04388,Power BI,2024-02-07,2,Online,Completed,43,49,3501
T010151,E04389,Python Analytics,2026-07-15,16,Online,Completed,50,62,14353
T010152,E04389,Cloud Fundamentals,2026-08-08,24,Classroom,Completed,68,93,2311
T010153,E04390,Power BI,2025-04-06,2,Classroom,Completed,40,60,2061
T010154,E04390,Advanced Excel,2024-07-13,2,Blended,Completed,66,82,5588
T010155,E04390,Communication Skills,2026-04-11,4,Blended,Completed,46,57,7160
T010156,E04391,Power BI,2026-06-20,4,Blended,Completed,70,80,8156
T010157,E04391,Leadership Essentials,2025-04-10,16,Blended,Completed,59,75,5287
T010158,E04391,Communication Skills,2026-08-06,4,Online,Completed,56,71,13567
T010159,E04392,GenAI for Business,2024-06-03,24,Blended,Completed,73,92,12538
T010160,E04392,Communication Skills,2024-10-27,4,Classroom,Completed,41,62,8430
T010161,E04392,Project Management,2025-04-27,6,Blended,Completed,60,82,14580
T010162,E04392,Project Management,2024-01-13,8,Online,Completed,63,74,7839
T010163,E04393,GenAI for Business,2025-10-12,4,Classroom,Completed,66,88,7830
T010164,E04393,GenAI for Business,2024-07-23,6,Classroom,Completed,67,73,12328
T010165,E04393,Python Analytics,2025-11-20,8,Online,Completed,59,76,10620
T010166,E04394,Power BI,2025-12-31,8,Blended,Completed,68,88,12264
T010167,E04394,GenAI for Business,2025-08-02,8,Online,Completed,70,96,1617
T010168,E04394,Data Privacy,2025-10-05,6,Classroom,Completed,52,68,10756
T010169,E04394,Project Management,2026-03-15,6,Online,Completed,61,77,4985
T010170,E04394,Communication Skills,2026-04-13,24,Blended,Completed,51,58,2599
T010171,E04395,Advanced Excel,2024-12-20,16,Blended,Completed,61,77,6255
T010172,E04395,Python Analytics,2026-07-16,2,Online,Completed,62,72,3160
T010173,E04395,Cloud Fundamentals,2025-04-29,24,Classroom,Completed,62,72,5343
T010174,E04395,GenAI for Business,2025-08-15,6,Classroom,Completed,43,56,12738
T010175,E04395,Communication Skills,2025-06-20,8,Classroom,Completed,45,53,7424
T010176,E04398,Data Privacy,2026-08-10,16,Online,Completed,77,89,10130
T010177,E04399,Data Privacy,2025-08-29,2,Online,Completed,64,75,2059
T010178,E04399,Data Privacy,2024-09-09,12,Classroom,Completed,55,72,6669
T010179,E04399,Project Management,2024-01-03,24,Classroom,Completed,62,73,5013
T010180,E04399,Advanced Excel,2026-07-21,12,Blended,Completed,72,100,9480
T010181,E04402,Power BI,2025-02-28,16,Blended,Completed,64,88,3259
T010182,E04403,Advanced Excel,2024-01-25,8,Blended,Completed,52,79,2681
T010183,E04403,Communication Skills,2024-07-24,6,Classroom,Completed,58,85,10936
T010184,E04404,Project Management,2024-11-30,2,Online,Completed,68,88,11753
T010185,E04404,GenAI for Business,2026-06-20,2,Classroom,Completed,49,75,13719
T010186,E04404,Communication Skills,2025-11-28,8,Blended,Completed,58,66,6758
T010187,E04404,Advanced Excel,2025-01-24,8,Online,Completed,75,92,9107
T010188,E04405,Negotiation,2026-06-15,24,Blended,Completed,59,66,7597
T010189,E04405,Power BI,2026-07-20,4,Classroom,Completed,64,89,14863
T010190,E04406,GenAI for Business,2024-09-18,16,Classroom,Completed,52,61,10015
T010191,E04406,Negotiation,2024-06-24,16,Blended,Completed,68,89,8888
T010192,E04406,Communication Skills,2026-05-06,2,Online,Completed,46,58,8936
T010193,E04406,Communication Skills,2026-05-19,12,Online,Completed,65,72,6082
T010194,E04408,GenAI for Business,2025-09-12,8,Classroom,Completed,59,77,8911
T010195,E04408,Python Analytics,2026-04-15,8,Online,Completed,72,95,11126
T010196,E04408,GenAI for Business,2025-10-05,12,Blended,Completed,51,59,5585
T010197,E04408,Python Analytics,2026-06-23,16,Blended,Incomplete,46,57,4532
T010198,E04408,Data Privacy,2025-11-24,16,Classroom,Incomplete,60,88,9241
T010199,E04409,GenAI for Business,2026-07-25,4,Online,Completed,44,71,8065
T010200,E04410,Cloud Fundamentals,2026-06-09,4,Blended,Completed,58,73,13924
T010201,E04410,Power BI,2024-03-11,4,Classroom,Completed,54,78,6322
T010202,E04411,Communication Skills,2026-05-13,6,Classroom,Completed,78,86,1772
T010203,E04411,Negotiation,2026-01-22,8,Online,Completed,56,66,5170
T010204,E04412,Advanced Excel,2026-04-30,8,Classroom,Completed,48,53,3462
T010205,E04412,GenAI for Business,2025-03-31,24,Classroom,Completed,55,77,13178
T010206,E04412,Project Management,2025-05-23,6,Online,Completed,77,99,3926
T010207,E04412,Cloud Fundamentals,2026-04-01,12,Classroom,Completed,63,86,8000
T010208,E04412,Advanced Excel,2025-06-29,24,Classroom,Completed,65,91,4351
T010209,E04414,Negotiation,2025-08-15,6,Blended,Completed,64,71,13095
T010210,E04414,GenAI for Business,2024-02-16,4,Blended,Completed,55,72,12685
T010211,E04415,Advanced Excel,2024-12-08,4,Online,Completed,49,76,5626
T010212,E04415,Advanced Excel,2025-08-28,6,Blended,Completed,55,64,1920
T010213,E04415,Communication Skills,2024-03-22,2,Classroom,Completed,72,81,10991
T010214,E04415,Project Management,2025-07-04,6,Blended,Completed,62,84,8104
T010215,E04416,Advanced Excel,2026-05-24,8,Online,Completed,74,99,13022
T010216,E04416,Advanced Excel,2024-10-14,16,Blended,Completed,71,96,12408
T010217,E04416,Data Privacy,2026-02-02,2,Classroom,Completed,61,75,9111
T010218,E04416,Python Analytics,2025-08-10,12,Online,Completed,44,65,10475
T010219,E04416,Python Analytics,2026-01-06,12,Classroom,Incomplete,59,83,5509
T010220,E04418,Leadership Essentials,2026-05-20,8,Blended,Completed,58,83,10037
T010221,E04418,Project Management,2025-12-01,4,Classroom,Completed,77,84,4878
T010222,E04419,Python Analytics,2024-08-07,4,Online,Completed,75,83,1652
T010223,E04420,Project Management,2026-08-27,6,Blended,Completed,42,57,10942
T010224,E04420,Communication Skills,2026-01-19,8,Classroom,Completed,47,52,4111
T010225,E04420,Advanced Excel,2026-04-11,16,Blended,Completed,51,57,9505
T010226,E04421,Cloud Fundamentals,2026-01-24,24,Online,Completed,74,82,2226
T010227,E04421,Python Analytics,2026-05-10,6,Classroom,Completed,50,69,12748
T010228,E04421,GenAI for Business,2025-11-13,2,Online,Completed,55,72,10435
T010229,E04421,Project Management,2026-03-05,16,Online,Completed,58,64,12088
T010230,E04421,GenAI for Business,2026-06-07,4,Blended,Completed,65,77,12906
T010231,E04422,Leadership Essentials,2026-06-11,8,Blended,Incomplete,47,71,5208
T010232,E04422,Project Management,2024-07-30,2,Blended,Completed,44,65,1600
T010233,E04422,Project Management,2024-11-29,12,Online,Completed,51,75,6902
T010234,E04422,Data Privacy,2025-11-05,8,Blended,Completed,64,89,5212
T010235,E04423,Power BI,2026-07-07,8,Blended,Completed,68,77,4012
T010236,E04423,Leadership Essentials,2024-12-08,2,Online,Completed,52,74,10970
T010237,E04424,Python Analytics,2024-05-06,12,Online,Completed,74,95,5626
T010238,E04424,Cloud Fundamentals,2024-01-12,4,Online,Completed,53,80,6531
T010239,E04425,Leadership Essentials,2025-10-19,6,Classroom,Completed,70,77,3077
T010240,E04425,Negotiation,2026-04-26,2,Blended,Incomplete,59,66,4702
T010241,E04425,GenAI for Business,2024-12-05,6,Online,Incomplete,72,88,3003
T010242,E04426,GenAI for Business,2026-07-19,24,Blended,Completed,40,57,11607
T010243,E04427,Project Management,2025-01-17,8,Classroom,Completed,47,74,12782
T010244,E04428,Python Analytics,2024-12-17,24,Online,Completed,48,75,5405
T010245,E04428,Cloud Fundamentals,2025-04-19,16,Blended,Completed,68,86,9232
T010246,E04428,Communication Skills,2024-10-09,2,Classroom,Completed,47,61,6850
T010247,E04428,Power BI,2025-05-05,24,Online,Completed,61,70,11887
T010248,E04428,Data Privacy,2026-08-05,12,Online,Completed,70,84,6522
T010249,E04429,Python Analytics,2026-05-02,24,Online,Completed,62,79,13264
T010250,E04430,GenAI for Business,2026-06-24,16,Classroom,Completed,46,71,7921
T010251,E04430,Negotiation,2024-06-04,6,Online,Completed,61,76,2415
T010252,E04430,Communication Skills,2025-05-25,4,Classroom,Completed,57,62,8083
T010253,E04430,Communication Skills,2024-01-22,16,Classroom,Completed,43,48,10235
T010254,E04430,Data Privacy,2025-10-16,16,Blended,Completed,46,61,8077
T010255,E04431,Project Management,2026-08-14,24,Blended,Completed,42,70,5338
T010256,E04431,Data Privacy,2025-07-26,4,Blended,Completed,68,93,7604
T010257,E04431,Data Privacy,2024-08-19,8,Classroom,Completed,46,73,8202
T010258,E04431,Cloud Fundamentals,2024-12-04,2,Online,Completed,77,98,8213
T010259,E04431,Advanced Excel,2024-06-14,6,Online,Completed,59,70,7628
T010260,E04432,Cloud Fundamentals,2026-01-02,24,Blended,Completed,44,50,12901
T010261,E04432,Data Privacy,2025-03-03,8,Online,Completed,71,96,2225
T010262,E04432,Python Analytics,2024-09-19,4,Online,Completed,42,53,2705
T010263,E04432,GenAI for Business,2026-08-08,8,Online,Completed,49,57,2692
T010264,E04435,Communication Skills,2026-05-03,2,Classroom,Completed,76,100,12195
T010265,E04435,Python Analytics,2026-04-02,12,Classroom,Completed,56,74,7667
T010266,E04435,Communication Skills,2026-02-26,6,Online,Completed,67,89,5977
T010267,E04435,Data Privacy,2026-03-08,8,Classroom,Completed,45,51,3902
T010268,E04436,Negotiation,2025-05-06,2,Classroom,Incomplete,68,92,13904
T010269,E04437,Power BI,2025-10-20,8,Blended,Completed,49,57,7266
T010270,E04437,Data Privacy,2025-04-10,24,Classroom,Completed,74,88,9155
T010271,E04438,GenAI for Business,2025-11-16,6,Online,Completed,71,90,12728
T010272,E04439,Leadership Essentials,2024-05-28,2,Blended,Completed,68,82,7486
T010273,E04439,Advanced Excel,2026-06-14,6,Online,Completed,56,76,7784
T010274,E04439,Data Privacy,2025-07-16,6,Online,Completed,42,58,13314
T010275,E04439,Communication Skills,2026-08-05,6,Blended,Completed,53,62,4982
T010276,E04439,Python Analytics,2024-09-07,8,Blended,Completed,48,62,10194
T010277,E04441,Leadership Essentials,2025-05-03,2,Classroom,Completed,74,100,6309
T010278,E04441,Cloud Fundamentals,2026-03-06,16,Blended,Completed,52,75,11827
T010279,E04441,Advanced Excel,2024-03-28,8,Classroom,Completed,60,72,2978
T010280,E04441,Cloud Fundamentals,2026-02-04,24,Classroom,Completed,57,72,10878
T010281,E04441,GenAI for Business,2025-01-24,24,Blended,Completed,73,100,2187
T010282,E04442,Communication Skills,2024-03-26,8,Online,Incomplete,57,79,6802
T010283,E04445,GenAI for Business,2024-10-24,24,Blended,Completed,66,73,3357
T010284,E04445,Advanced Excel,2025-04-02,2,Blended,Completed,70,97,6208
T010285,E04445,GenAI for Business,2025-10-12,8,Blended,Completed,63,83,7038
T010286,E04446,Communication Skills,2024-11-16,8,Blended,Incomplete,76,100,9773
T010287,E04447,Project Management,2025-06-13,16,Online,Completed,74,96,2419
T010288,E04447,Leadership Essentials,2026-02-10,16,Online,Incomplete,78,91,10279
T010289,E04447,Cloud Fundamentals,2025-01-27,8,Online,Completed,52,71,1679
T010290,E04449,Advanced Excel,2025-04-30,2,Blended,Completed,73,84,3578
T010291,E04449,Advanced Excel,2026-01-22,12,Blended,Completed,52,58,11366
T010292,E04449,Cloud Fundamentals,2024-05-18,4,Blended,Completed,58,85,3177
T010293,E04449,GenAI for Business,2024-03-06,24,Blended,Completed,64,91,8626
T010294,E04450,Cloud Fundamentals,2024-08-12,6,Classroom,Completed,54,63,9328
T010295,E04450,GenAI for Business,2024-12-11,2,Online,Completed,40,55,3419
T010296,E04450,Cloud Fundamentals,2024-03-01,4,Online,Completed,48,54,11811
T010297,E04450,Data Privacy,2024-07-15,24,Blended,Completed,75,83,6046
T010298,E04450,Cloud Fundamentals,2024-04-01,6,Blended,Completed,59,76,3297
T010299,E04451,Leadership Essentials,2024-09-21,16,Online,Completed,65,86,2630
T010300,E04451,Communication Skills,2025-12-08,4,Online,Completed,63,78,5181
T010301,E04452,Negotiation,2025-06-30,8,Blended,Completed,56,80,7551
T010302,E04452,Negotiation,2026-01-13,8,Online,Completed,52,60,3079
T010303,E04452,Power BI,2025-04-25,24,Blended,Completed,57,66,9519
T010304,E04453,Python Analytics,2025-09-23,24,Blended,Completed,73,84,2701
T010305,E04453,Leadership Essentials,2024-08-19,4,Blended,Completed,51,71,3031
T010306,E04453,Python Analytics,2024-07-05,6,Online,Completed,74,83,9951
T010307,E04453,Project Management,2024-04-05,12,Blended,Completed,44,61,7704
T010308,E04453,Cloud Fundamentals,2024-03-20,16,Classroom,Completed,60,70,9577
T010309,E04458,Power BI,2026-05-21,4,Online,Completed,49,65,3869
T010310,E04458,Data Privacy,2026-06-17,8,Classroom,Completed,62,90,11427
T010311,E04458,Power BI,2026-02-11,12,Blended,Completed,71,93,4593
T010312,E04460,Leadership Essentials,2025-04-19,2,Classroom,Completed,68,93,4727
T010313,E04460,Power BI,2025-01-10,24,Classroom,Incomplete,72,79,6793
T010314,E04461,Leadership Essentials,2026-05-14,2,Online,Completed,41,69,14548
T010315,E04461,Python Analytics,2026-05-05,24,Online,Completed,58,70,10095
T010316,E04462,Power BI,2024-01-08,2,Blended,Completed,55,80,10586
T010317,E04462,GenAI for Business,2025-09-10,24,Online,Completed,46,51,4429
T010318,E04462,Cloud Fundamentals,2025-04-17,8,Online,Completed,57,66,4119
T010319,E04462,Cloud Fundamentals,2026-06-18,4,Blended,Completed,46,62,8200
T010320,E04463,Power BI,2024-04-02,6,Blended,Completed,57,69,11353
T010321,E04463,Negotiation,2026-05-01,6,Classroom,Completed,54,70,2102
T010322,E04463,Leadership Essentials,2024-11-23,12,Online,Completed,65,82,3106
T010323,E04463,Cloud Fundamentals,2024-12-11,4,Blended,Completed,62,67,11445
T010324,E04464,GenAI for Business,2024-06-25,4,Classroom,Completed,49,65,2787
T010325,E04464,GenAI for Business,2025-11-06,16,Classroom,Completed,42,63,1807
T010326,E04464,GenAI for Business,2026-04-12,16,Classroom,Completed,60,87,6155
T010327,E04465,GenAI for Business,2025-01-23,2,Online,Completed,60,78,6369
T010328,E04465,Advanced Excel,2026-01-07,2,Online,Completed,56,68,12841
T010329,E04465,Communication Skills,2025-12-28,16,Blended,Completed,77,82,1802
T010330,E04465,Data Privacy,2024-11-05,16,Blended,Completed,62,81,11529
T010331,E04466,Power BI,2025-05-24,16,Online,Completed,67,79,13120
T010332,E04466,Project Management,2025-02-28,2,Blended,Completed,69,81,13502
T010333,E04466,Negotiation,2024-08-11,12,Online,Completed,49,56,3344
T010334,E04468,Data Privacy,2026-07-30,24,Blended,Completed,52,60,13934
T010335,E04468,Leadership Essentials,2025-09-07,6,Classroom,Completed,49,77,11733
T010336,E04468,Power BI,2025-12-24,4,Classroom,Completed,61,85,14195
T010337,E04468,Project Management,2026-07-27,16,Classroom,Completed,55,66,9613
T010338,E04470,Advanced Excel,2026-08-24,8,Classroom,Completed,70,96,14262
T010339,E04471,Power BI,2025-08-15,24,Online,Completed,49,68,5378
T010340,E04471,Leadership Essentials,2025-10-09,8,Classroom,Completed,69,80,13443
T010341,E04472,Advanced Excel,2025-12-13,12,Classroom,Completed,51,71,9832
T010342,E04473,Power BI,2025-07-01,6,Classroom,Incomplete,42,62,3256
T010343,E04473,GenAI for Business,2026-04-22,2,Classroom,Completed,60,75,13843
T010344,E04475,Python Analytics,2025-08-29,16,Blended,Completed,48,59,2828
T010345,E04476,GenAI for Business,2026-03-19,6,Online,Completed,60,78,13063
T010346,E04476,Cloud Fundamentals,2026-01-07,16,Blended,Completed,56,81,4206
T010347,E04476,Python Analytics,2026-08-30,24,Online,Completed,42,55,10632
T010348,E04479,Data Privacy,2024-03-27,16,Blended,Completed,43,57,5700
T010349,E04479,Cloud Fundamentals,2025-12-28,12,Online,Completed,50,55,5039
T010350,E04479,GenAI for Business,2024-11-11,16,Blended,Completed,55,74,11961
T010351,E04480,Project Management,2026-08-24,2,Classroom,Completed,64,84,12201
T010352,E04481,Power BI,2025-01-26,6,Classroom,Completed,73,90,8575
T010353,E04482,Power BI,2026-07-20,2,Blended,Completed,63,81,3594
T010354,E04484,Cloud Fundamentals,2024-04-04,16,Classroom,Completed,69,94,3493
T010355,E04484,Cloud Fundamentals,2025-06-20,16,Online,Incomplete,60,82,4059
T010356,E04484,Cloud Fundamentals,2025-08-03,6,Blended,Completed,60,81,12088
T010357,E04484,Data Privacy,2024-05-07,2,Online,Completed,42,47,4304
T010358,E04485,Project Management,2026-06-09,24,Online,Completed,47,53,9002
T010359,E04486,GenAI for Business,2024-03-23,16,Online,Completed,43,49,14541
T010360,E04486,Negotiation,2024-03-28,12,Blended,Completed,58,73,4396
T010361,E04486,Leadership Essentials,2024-04-26,16,Classroom,Completed,67,73,7512
T010362,E04486,Data Privacy,2024-01-11,16,Online,Completed,60,86,11826
T010363,E04486,Project Management,2024-04-21,6,Classroom,Incomplete,61,70,4237
T010364,E04489,Python Analytics,2024-06-04,24,Online,Completed,63,70,7195
T010365,E04490,Leadership Essentials,2024-10-23,16,Blended,Completed,71,89,12583
T010366,E04490,Leadership Essentials,2024-08-04,12,Online,Completed,76,83,10632
T010367,E04490,Cloud Fundamentals,2025-02-15,8,Blended,Completed,40,66,10365
T010368,E04490,Project Management,2025-07-12,16,Blended,Incomplete,50,67,10704
T010369,E04491,Python Analytics,2026-08-28,16,Blended,Completed,47,57,4071
T010370,E04492,Data Privacy,2026-07-18,2,Blended,Completed,64,78,10144
T010371,E04493,GenAI for Business,2025-04-06,24,Online,Completed,62,78,7131
T010372,E04493,Leadership Essentials,2024-10-07,4,Blended,Incomplete,53,71,12943
T010373,E04493,Data Privacy,2026-06-07,6,Classroom,Completed,66,88,12182
T010374,E04493,Cloud Fundamentals,2026-05-04,8,Online,Completed,66,84,7770
T010375,E04494,Leadership Essentials,2026-05-13,6,Online,Completed,73,83,8511
T010376,E04494,Python Analytics,2026-06-22,16,Online,Completed,63,79,14664
T010377,E04494,Advanced Excel,2026-07-15,24,Blended,Incomplete,52,57,1907
T010378,E04494,Data Privacy,2026-07-10,6,Blended,Completed,63,72,11051
T010379,E04494,Data Privacy,2026-05-31,16,Blended,Completed,43,71,8369
T010380,E04495,Power BI,2026-03-15,24,Classroom,Completed,72,79,13896
T010381,E04496,Cloud Fundamentals,2024-04-24,6,Classroom,Completed,73,93,8904
T010382,E04496,Negotiation,2024-10-01,6,Classroom,Completed,66,91,14651
T010383,E04496,Data Privacy,2025-02-25,2,Online,Completed,71,83,8163
T010384,E04497,GenAI for Business,2026-08-26,2,Blended,Completed,45,52,4367
T010385,E04497,Power BI,2026-07-21,16,Blended,Completed,41,61,9976
T010386,E04498,Python Analytics,2024-09-14,2,Online,Completed,53,64,14784
T010387,E04498,GenAI for Business,2026-02-10,6,Blended,Incomplete,62,77,3145
T010388,E04500,Communication Skills,2025-01-10,4,Online,Completed,73,99,10145
T010389,E04500,Cloud Fundamentals,2024-06-12,2,Online,Completed,55,77,6076
T010390,E04500,Data Privacy,2024-02-09,4,Classroom,Completed,43,57,3873
T010391,E04500,Project Management,2024-11-01,12,Classroom,Incomplete,62,85,13331
T010392,E04502,GenAI for Business,2024-02-05,8,Classroom,Completed,70,93,4055
T010393,E04502,GenAI for Business,2024-01-23,16,Blended,Completed,65,91,12193
T010394,E04502,Negotiation,2024-04-16,24,Classroom,Completed,55,64,8920
T010395,E04502,Data Privacy,2024-01-04,4,Classroom,Completed,40,63,11879
T010396,E04502,Advanced Excel,2024-04-21,4,Classroom,Completed,78,98,7204
T010397,E04503,Project Management,2026-05-22,12,Online,Completed,43,58,13536
T010398,E04503,Leadership Essentials,2026-08-02,4,Online,Completed,54,82,4793
T010399,E04504,GenAI for Business,2026-08-10,16,Classroom,Completed,76,87,7594
T010400,E04504,Negotiation,2026-04-18,4,Blended,Completed,51,65,12144
T010401,E04504,Communication Skills,2026-08-24,24,Blended,Completed,74,96,3047
T010402,E04504,Communication Skills,2026-05-12,8,Classroom,Completed,50,74,12389
T010403,E04504,Negotiation,2026-06-19,4,Blended,Completed,72,82,9907
T010404,E04506,Negotiation,2026-03-21,4,Classroom,Completed,75,85,6293
T010405,E04506,Communication Skills,2025-08-02,8,Online,Completed,76,94,12774
T010406,E04506,Leadership Essentials,2024-01-19,4,Online,Completed,76,90,2327
T010407,E04506,Data Privacy,2024-06-25,2,Classroom,Completed,52,80,11391
T010408,E04506,Advanced Excel,2026-05-14,16,Classroom,Completed,55,80,9536
T010409,E04508,Cloud Fundamentals,2025-09-04,16,Blended,Completed,53,76,8467
T010410,E04508,Leadership Essentials,2024-11-22,12,Online,Incomplete,67,82,5139
T010411,E04508,Project Management,2024-01-16,4,Classroom,Completed,78,85,9525
T010412,E04508,Python Analytics,2024-08-16,8,Online,Completed,61,69,12544
T010413,E04510,Power BI,2025-04-03,4,Online,Incomplete,76,92,7616
T010414,E04510,Data Privacy,2025-11-21,8,Classroom,Completed,78,95,12732
T010415,E04510,Advanced Excel,2026-05-09,6,Classroom,Completed,56,81,2710
T010416,E04510,Advanced Excel,2025-02-03,24,Blended,Completed,67,75,10493
T010417,E04510,Project Management,2026-05-02,6,Online,Completed,64,92,13572
T010418,E04511,GenAI for Business,2025-12-31,8,Online,Completed,43,58,6347
T010419,E04511,Cloud Fundamentals,2025-11-17,2,Online,Completed,75,81,2863
T010420,E04512,GenAI for Business,2024-11-08,2,Classroom,Incomplete,59,68,12309
T010421,E04512,Leadership Essentials,2024-07-26,16,Blended,Completed,47,71,11061
T010422,E04513,Data Privacy,2025-07-08,8,Online,Completed,44,50,8420
T010423,E04514,Negotiation,2024-02-07,4,Online,Completed,72,93,2412
T010424,E04514,Python Analytics,2026-01-15,2,Blended,Completed,77,89,12427
T010425,E04515,Python Analytics,2026-08-30,6,Classroom,Completed,72,83,4037
T010426,E04515,Cloud Fundamentals,2026-08-27,12,Classroom,Completed,60,68,3319
T010427,E04515,Communication Skills,2026-08-31,16,Blended,Completed,56,61,7685
T010428,E04515,Data Privacy,2026-08-14,12,Classroom,Completed,69,92,12415
T010429,E04517,Negotiation,2024-07-12,16,Classroom,Completed,57,70,3176
T010430,E04517,Python Analytics,2024-03-16,8,Blended,Completed,63,83,9305
T010431,E04517,Negotiation,2024-03-20,24,Online,Incomplete,46,60,13927
T010432,E04517,GenAI for Business,2025-07-09,6,Online,Incomplete,78,100,2122
T010433,E04517,Advanced Excel,2025-11-14,4,Online,Completed,42,70,8540
T010434,E04518,Cloud Fundamentals,2024-11-28,16,Classroom,Completed,67,76,5448
T010435,E04518,Leadership Essentials,2024-09-20,4,Blended,Incomplete,57,81,2697
T010436,E04520,GenAI for Business,2024-06-15,12,Blended,Completed,60,80,2382
T010437,E04522,Data Privacy,2024-01-24,4,Blended,Completed,46,53,10226
T010438,E04523,Power BI,2026-02-10,24,Blended,Completed,60,82,4783
T010439,E04523,Power BI,2026-05-04,16,Classroom,Completed,65,74,14584
T010440,E04523,Advanced Excel,2025-05-29,12,Classroom,Completed,46,67,14240
T010441,E04523,GenAI for Business,2025-12-15,12,Blended,Completed,45,56,9770
T010442,E04524,Communication Skills,2025-02-18,4,Online,Completed,55,78,12335
T010443,E04525,Leadership Essentials,2026-06-19,4,Classroom,Completed,75,82,13141
T010444,E04525,Negotiation,2025-09-11,8,Online,Completed,65,87,9362
T010445,E04525,Advanced Excel,2026-08-24,24,Classroom,Incomplete,51,63,3338
T010446,E04526,Negotiation,2026-05-28,12,Classroom,Completed,50,68,9872
T010447,E04526,Cloud Fundamentals,2026-02-23,6,Blended,Completed,45,52,12624
T010448,E04526,Leadership Essentials,2024-09-22,8,Blended,Completed,50,59,7930
T010449,E04526,Cloud Fundamentals,2024-03-18,4,Online,Completed,76,100,6981
T010450,E04527,Data Privacy,2026-06-21,12,Online,Incomplete,46,59,7953
T010451,E04527,Advanced Excel,2025-05-19,6,Blended,Completed,47,70,11499
T010452,E04527,Advanced Excel,2026-07-02,16,Blended,Completed,65,70,11368
T010453,E04527,Cloud Fundamentals,2025-08-04,16,Online,Completed,76,83,7611
T010454,E04528,GenAI for Business,2026-07-22,2,Online,Completed,45,71,3330
T010455,E04528,Python Analytics,2026-07-17,12,Online,Completed,69,75,10234
T010456,E04528,Project Management,2026-05-16,12,Classroom,Completed,72,78,5084
T010457,E04528,Negotiation,2026-04-29,16,Online,Completed,62,82,13671
T010458,E04528,Data Privacy,2026-06-25,4,Online,Completed,67,83,1631
T010459,E04529,Data Privacy,2024-10-05,2,Classroom,Completed,49,76,14787
T010460,E04529,Power BI,2025-02-17,8,Blended,Completed,49,63,12418
T010461,E04529,Negotiation,2025-08-29,8,Blended,Completed,66,92,4770
T010462,E04529,Cloud Fundamentals,2024-10-30,12,Online,Completed,40,48,3961
T010463,E04530,Advanced Excel,2024-07-27,6,Online,Completed,74,95,14536
T010464,E04530,Leadership Essentials,2026-05-23,2,Classroom,Completed,49,60,5333
T010465,E04533,Power BI,2026-07-11,16,Blended,Completed,44,70,11614
T010466,E04533,Project Management,2026-08-28,6,Online,Completed,49,56,8543
T010467,E04534,Negotiation,2026-05-11,2,Blended,Completed,60,70,8235
T010468,E04535,Communication Skills,2024-11-01,2,Classroom,Completed,49,72,7374
T010469,E04535,GenAI for Business,2026-06-08,16,Online,Completed,55,67,14600
T010470,E04535,Leadership Essentials,2026-03-15,16,Online,Completed,65,76,10038
T010471,E04535,Project Management,2025-07-28,4,Blended,Completed,44,55,8924
T010472,E04535,Data Privacy,2026-07-23,6,Blended,Completed,76,91,11499
T010473,E04536,Python Analytics,2024-11-28,12,Online,Completed,41,48,4401
T010474,E04536,Negotiation,2026-02-28,4,Online,Completed,69,90,9698
T010475,E04537,Data Privacy,2025-05-01,16,Online,Completed,52,71,7588
T010476,E04537,Python Analytics,2024-11-22,12,Online,Completed,42,51,13350
T010477,E04537,GenAI for Business,2026-02-12,6,Online,Completed,48,64,10492
T010478,E04537,Data Privacy,2024-01-11,8,Classroom,Completed,59,75,14523
T010479,E04538,Negotiation,2025-12-25,24,Blended,Completed,77,100,5109
T010480,E04538,Advanced Excel,2025-12-08,2,Online,Completed,71,87,14775
T010481,E04538,Leadership Essentials,2024-08-12,24,Blended,Completed,46,65,6421
T010482,E04538,Python Analytics,2024-12-08,24,Classroom,Completed,76,83,4293
T010483,E04538,GenAI for Business,2025-05-12,8,Online,Completed,70,98,10168
T010484,E04539,Project Management,2026-08-12,16,Blended,Completed,62,76,3298
T010485,E04539,Power BI,2026-08-30,8,Blended,Completed,50,55,1591
T010486,E04539,Advanced Excel,2026-07-30,6,Blended,Completed,63,89,6985
T010487,E04539,Leadership Essentials,2026-07-25,16,Blended,Completed,65,77,4152
T010488,E04539,Project Management,2026-07-14,2,Blended,Completed,53,80,11172
T010489,E04540,GenAI for Business,2026-02-18,16,Blended,Completed,72,79,6434
T010490,E04540,Project Management,2026-07-23,6,Blended,Completed,64,71,11724
T010491,E04540,Cloud Fundamentals,2026-03-15,12,Classroom,Completed,77,93,10544
T010492,E04540,Project Management,2026-01-11,2,Classroom,Completed,49,60,3410
T010493,E04540,Power BI,2025-05-02,6,Classroom,Incomplete,48,55,7898
T010494,E04541,Data Privacy,2025-05-01,8,Classroom,Completed,57,66,9244
T010495,E04541,Project Management,2026-08-30,16,Blended,Completed,72,77,3108
T010496,E04542,Cloud Fundamentals,2026-02-01,2,Blended,Completed,44,63,8325
T010497,E04542,Advanced Excel,2024-12-14,12,Classroom,Completed,72,78,14806
T010498,E04543,Cloud Fundamentals,2024-11-25,6,Online,Completed,71,88,9045
T010499,E04543,GenAI for Business,2026-07-02,6,Online,Completed,75,84,3567
T010500,E04543,Data Privacy,2026-03-07,8,Online,Completed,50,59,6854
T010501,E04543,Leadership Essentials,2024-03-12,24,Blended,Completed,72,98,10021
T010502,E04543,Negotiation,2024-11-05,12,Classroom,Completed,61,89,14482
T010503,E04544,Project Management,2025-02-12,16,Online,Completed,78,95,3735
T010504,E04544,Cloud Fundamentals,2025-01-09,4,Online,Completed,63,69,14769
T010505,E04544,GenAI for Business,2026-01-12,4,Blended,Completed,45,53,3082
T010506,E04544,Project Management,2025-04-24,24,Blended,Completed,74,100,13669
T010507,E04544,Advanced Excel,2025-12-04,2,Classroom,Completed,45,65,8840
T010508,E04545,Leadership Essentials,2025-12-24,8,Online,Completed,47,65,7884
T010509,E04545,GenAI for Business,2026-02-18,12,Online,Completed,57,63,2184
T010510,E04545,Advanced Excel,2026-08-06,16,Classroom,Completed,63,75,6957
T010511,E04545,Project Management,2025-11-01,6,Online,Completed,57,77,9754
T010512,E04546,Python Analytics,2025-08-26,12,Classroom,Completed,74,81,12568
T010513,E04548,Project Management,2026-04-28,16,Classroom,Completed,60,86,9579
T010514,E04548,Advanced Excel,2025-05-30,2,Classroom,Completed,61,81,7088
T010515,E04548,Data Privacy,2026-08-16,2,Blended,Completed,52,71,12743
T010516,E04548,Python Analytics,2026-05-13,16,Classroom,Incomplete,65,71,3750
T010517,E04549,Leadership Essentials,2024-04-09,6,Online,Completed,53,67,13969
T010518,E04549,Communication Skills,2024-06-20,24,Online,Completed,77,92,8213
T010519,E04551,Cloud Fundamentals,2024-03-23,4,Online,Completed,73,86,11850
T010520,E04551,Communication Skills,2026-01-18,6,Classroom,Completed,44,65,4832
T010521,E04551,Project Management,2025-12-29,8,Blended,Completed,54,75,5156
T010522,E04551,Advanced Excel,2026-07-16,4,Blended,Completed,67,94,13427
T010523,E04551,Data Privacy,2025-10-31,6,Online,Completed,59,64,9667
T010524,E04555,Negotiation,2024-08-27,16,Blended,Completed,70,94,11216
T010525,E04555,Project Management,2024-09-13,2,Classroom,Completed,44,50,13171
T010526,E04555,Project Management,2024-10-08,2,Classroom,Completed,78,100,12822
T010527,E04555,Communication Skills,2024-07-01,8,Online,Completed,69,86,6572
T010528,E04556,Python Analytics,2026-01-05,8,Blended,Completed,78,99,4134
T010529,E04556,Power BI,2026-02-27,16,Blended,Completed,54,61,13044
T010530,E04557,Communication Skills,2026-07-20,12,Online,Completed,73,88,8697
T010531,E04557,Leadership Essentials,2024-12-16,24,Classroom,Completed,78,92,9308
T010532,E04557,Communication Skills,2026-03-08,8,Blended,Completed,52,80,3833
T010533,E04558,Advanced Excel,2024-09-20,4,Online,Completed,56,79,11198
T010534,E04559,Cloud Fundamentals,2024-03-15,16,Classroom,Completed,68,92,13657
T010535,E04559,Communication Skills,2024-06-25,8,Online,Completed,55,73,14033
T010536,E04559,Power BI,2025-02-21,8,Classroom,Completed,44,66,12708
T010537,E04559,Cloud Fundamentals,2026-05-19,12,Blended,Completed,45,68,2367
T010538,E04559,Power BI,2026-06-17,2,Blended,Completed,56,84,4991
T010539,E04560,Power BI,2026-01-25,6,Blended,Completed,50,72,5633
T010540,E04560,Data Privacy,2025-09-30,2,Blended,Completed,66,85,4537
T010541,E04560,Communication Skills,2024-04-19,6,Online,Completed,77,99,5822
T010542,E04560,Project Management,2024-04-22,2,Classroom,Completed,61,68,9178
T010543,E04560,Communication Skills,2024-06-11,2,Online,Completed,44,52,10699
T010544,E04561,Advanced Excel,2025-04-13,16,Blended,Completed,73,100,1791
T010545,E04561,Power BI,2025-01-24,4,Blended,Incomplete,46,72,13758
T010546,E04561,Leadership Essentials,2025-09-24,6,Online,Incomplete,75,80,13622
T010547,E04561,GenAI for Business,2026-08-24,24,Classroom,Incomplete,74,96,4295
T010548,E04561,Communication Skills,2025-08-05,16,Blended,Completed,42,61,7466
T010549,E04562,Advanced Excel,2024-10-09,24,Online,Completed,71,79,9575
T010550,E04562,Cloud Fundamentals,2025-09-18,6,Online,Completed,52,60,13067
T010551,E04562,Power BI,2025-01-22,6,Blended,Completed,53,80,9614
T010552,E04562,Cloud Fundamentals,2024-01-17,4,Online,Completed,61,78,13766
T010553,E04563,Data Privacy,2025-03-21,12,Online,Completed,63,68,3663
T010554,E04563,Data Privacy,2024-05-14,8,Blended,Completed,55,65,12228
T010555,E04563,Negotiation,2024-01-17,4,Online,Completed,78,96,6492
T010556,E04563,Project Management,2024-04-08,4,Blended,Completed,78,87,13428
T010557,E04563,Negotiation,2024-03-01,6,Blended,Completed,68,89,9494
T010558,E04564,Negotiation,2024-04-17,12,Blended,Completed,41,69,8941
T010559,E04564,GenAI for Business,2026-01-09,16,Blended,Completed,67,88,10470
T010560,E04564,Project Management,2024-08-20,4,Classroom,Completed,55,67,11814
T010561,E04564,Cloud Fundamentals,2025-04-02,4,Online,Completed,76,99,2275
T010562,E04565,Advanced Excel,2026-05-10,12,Classroom,Completed,73,82,5426
T010563,E04566,Project Management,2026-05-12,8,Blended,Completed,70,82,11885
T010564,E04567,Power BI,2024-11-29,8,Blended,Completed,71,89,5919
T010565,E04567,Python Analytics,2026-01-11,24,Online,Completed,62,82,1694
T010566,E04569,GenAI for Business,2026-08-25,4,Online,Completed,50,77,10793
T010567,E04569,Communication Skills,2026-08-29,24,Classroom,Completed,72,77,10981
T010568,E04569,Advanced Excel,2026-08-28,6,Classroom,Completed,73,100,8358
T010569,E04569,Cloud Fundamentals,2026-08-24,16,Blended,Completed,54,82,9273
T010570,E04570,Negotiation,2026-01-11,2,Classroom,Completed,59,73,10562
T010571,E04570,Communication Skills,2025-03-24,6,Classroom,Completed,63,83,10691
T010572,E04570,Cloud Fundamentals,2024-07-26,6,Blended,Completed,62,71,12218
T010573,E04570,Cloud Fundamentals,2024-08-22,24,Classroom,Completed,73,84,1835
T010574,E04570,Power BI,2025-11-28,12,Classroom,Completed,78,90,6267
T010575,E04571,Advanced Excel,2026-08-02,24,Classroom,Completed,59,75,7393
T010576,E04571,Communication Skills,2024-05-01,8,Blended,Completed,69,89,3289
T010577,E04573,Python Analytics,2024-04-09,24,Classroom,Completed,61,69,3576
T010578,E04573,Negotiation,2026-06-08,16,Blended,Completed,72,77,11842
T010579,E04573,Power BI,2026-08-03,12,Blended,Incomplete,60,84,11303
T010580,E04573,Cloud Fundamentals,2025-10-26,12,Online,Completed,54,68,8735
T010581,E04573,Cloud Fundamentals,2026-08-01,2,Blended,Completed,59,86,8522
T010582,E04575,Advanced Excel,2026-08-26,12,Online,Completed,73,92,10102
T010583,E04575,Cloud Fundamentals,2026-07-03,2,Online,Completed,70,78,4633
T010584,E04575,Python Analytics,2026-01-22,16,Classroom,Completed,42,54,14947
T010585,E04576,Cloud Fundamentals,2024-05-04,12,Online,Completed,76,99,7941
T010586,E04576,Python Analytics,2024-03-20,12,Classroom,Completed,50,63,13363
T010587,E04576,GenAI for Business,2025-08-18,8,Online,Completed,58,70,9795
T010588,E04576,Data Privacy,2025-05-10,16,Online,Completed,72,94,4084
T010589,E04579,Communication Skills,2024-04-04,4,Online,Completed,55,73,2640
T010590,E04579,Leadership Essentials,2024-10-20,12,Blended,Completed,58,72,4188
T010591,E04580,Power BI,2025-07-20,8,Classroom,Completed,71,77,12995
T010592,E04583,Power BI,2025-04-12,2,Online,Completed,61,68,5784
T010593,E04583,Data Privacy,2024-07-12,4,Blended,Completed,63,69,2401
T010594,E04583,Advanced Excel,2025-06-05,6,Blended,Completed,65,71,10298
T010595,E04583,Python Analytics,2024-11-06,6,Blended,Completed,65,82,13916
T010596,E04584,Communication Skills,2024-12-08,2,Blended,Completed,47,63,4519
T010597,E04584,Project Management,2025-01-07,16,Online,Completed,51,77,8148
T010598,E04584,Data Privacy,2024-04-10,8,Classroom,Completed,62,69,10504
T010599,E04585,Cloud Fundamentals,2025-02-19,6,Classroom,Incomplete,42,61,2879
T010600,E04585,Negotiation,2026-07-22,16,Blended,Completed,51,66,4912
T010601,E04585,GenAI for Business,2026-01-06,24,Online,Completed,58,79,8736
T010602,E04585,Cloud Fundamentals,2025-03-10,8,Blended,Completed,61,80,11653
T010603,E04585,Negotiation,2026-04-12,12,Online,Completed,63,78,8947
T010604,E04586,Power BI,2026-01-08,16,Classroom,Completed,66,82,13601
T010605,E04588,Data Privacy,2025-07-03,16,Blended,Completed,63,85,6954
T010606,E04588,Project Management,2026-04-25,24,Classroom,Completed,43,61,7456
T010607,E04588,Communication Skills,2025-10-22,16,Classroom,Completed,61,70,7069
T010608,E04588,Cloud Fundamentals,2024-08-12,2,Online,Completed,45,71,2859
T010609,E04588,Negotiation,2026-05-22,12,Blended,Completed,59,69,6611
T010610,E04589,Cloud Fundamentals,2025-08-01,12,Online,Completed,70,83,10788
T010611,E04590,Negotiation,2025-04-10,6,Online,Completed,64,87,9180
T010612,E04593,GenAI for Business,2024-09-07,4,Blended,Completed,74,90,4813
T010613,E04594,Power BI,2026-06-30,16,Online,Completed,63,84,8763
T010614,E04595,Leadership Essentials,2024-02-27,12,Blended,Completed,41,46,6053
T010615,E04595,Data Privacy,2024-01-17,8,Classroom,Completed,61,67,11879
T010616,E04595,Cloud Fundamentals,2024-01-24,8,Online,Completed,70,76,2198
T010617,E04596,Data Privacy,2026-04-04,6,Online,Completed,56,69,7731
T010618,E04596,Negotiation,2025-04-29,24,Classroom,Completed,63,72,10104
T010619,E04596,Communication Skills,2026-08-26,4,Classroom,Completed,61,85,13286
T010620,E04597,Project Management,2024-05-27,6,Classroom,Completed,53,65,2360
T010621,E04597,Negotiation,2024-08-01,6,Online,Completed,44,70,6812
T010622,E04598,Leadership Essentials,2025-12-25,16,Online,Completed,43,48,8037
T010623,E04599,Negotiation,2024-11-19,24,Classroom,Completed,76,82,4612
T010624,E04599,Project Management,2026-02-21,4,Blended,Incomplete,62,69,13572
T010625,E04599,Python Analytics,2024-09-18,12,Blended,Incomplete,55,77,12556
T010626,E04601,Data Privacy,2024-10-04,12,Online,Completed,71,94,9106
T010627,E04601,GenAI for Business,2026-05-21,2,Blended,Completed,52,59,5986
T010628,E04601,Communication Skills,2024-10-17,8,Classroom,Completed,44,59,4456
T010629,E04603,GenAI for Business,2025-09-09,24,Blended,Completed,55,61,10560
T010630,E04603,GenAI for Business,2025-04-15,6,Blended,Incomplete,63,74,13622
T010631,E04603,Advanced Excel,2025-12-03,6,Classroom,Completed,70,90,9990
T010632,E04604,Advanced Excel,2025-10-15,4,Classroom,Completed,75,93,9433
T010633,E04605,Communication Skills,2025-02-15,16,Blended,Completed,46,69,1829
T010634,E04606,Communication Skills,2025-05-11,12,Online,Completed,60,73,8839
T010635,E04606,Power BI,2026-07-15,6,Classroom,Completed,62,87,14287
T010636,E04606,Python Analytics,2025-08-31,24,Classroom,Completed,45,60,10907
T010637,E04607,Power BI,2024-05-22,8,Blended,Completed,75,100,12478
T010638,E04607,Advanced Excel,2026-03-26,8,Classroom,Completed,52,68,14394
T010639,E04608,Advanced Excel,2025-11-03,8,Blended,Completed,43,51,14397
T010640,E04608,Advanced Excel,2026-06-19,16,Blended,Completed,44,54,6634
T010641,E04608,Advanced Excel,2025-08-19,4,Classroom,Completed,48,74,7496
T010642,E04609,Advanced Excel,2024-02-18,6,Blended,Completed,64,79,14335
T010643,E04609,Data Privacy,2024-10-04,12,Online,Completed,56,61,5479
T010644,E04609,Negotiation,2026-05-01,2,Blended,Completed,45,66,8879
T010645,E04609,Leadership Essentials,2024-01-21,24,Blended,Completed,59,78,9868
T010646,E04609,Negotiation,2026-07-19,6,Classroom,Completed,67,83,5440
T010647,E04610,Negotiation,2025-02-27,6,Blended,Completed,41,52,12943
T010648,E04610,Advanced Excel,2024-09-12,8,Classroom,Completed,78,89,4390
T010649,E04610,Leadership Essentials,2025-11-27,8,Online,Completed,73,80,9940
T010650,E04610,GenAI for Business,2026-01-05,2,Blended,Completed,51,73,5651
T010651,E04611,Power BI,2025-04-06,16,Blended,Completed,61,68,5745
T010652,E04611,Data Privacy,2024-09-15,6,Blended,Completed,57,83,6842
T010653,E04611,Negotiation,2025-04-24,24,Blended,Completed,54,68,8475
T010654,E04611,Leadership Essentials,2024-05-27,8,Blended,Completed,42,61,2995
T010655,E04611,Leadership Essentials,2024-11-05,16,Online,Completed,62,88,1950
T010656,E04612,Communication Skills,2025-12-11,12,Classroom,Completed,73,78,7643
T010657,E04612,Project Management,2025-07-15,2,Blended,Completed,73,96,4474
T010658,E04615,Python Analytics,2024-06-10,16,Classroom,Completed,67,89,13975
T010659,E04615,Advanced Excel,2024-10-31,8,Online,Completed,74,99,2131
T010660,E04616,GenAI for Business,2024-06-21,16,Blended,Completed,52,64,8573
T010661,E04616,Project Management,2026-06-25,12,Classroom,Completed,69,86,4285
T010662,E04616,Python Analytics,2026-06-27,6,Classroom,Completed,55,73,8958
T010663,E04617,Python Analytics,2026-06-27,12,Blended,Completed,70,88,4221
T010664,E04617,Cloud Fundamentals,2026-05-28,12,Online,Completed,55,72,4294
T010665,E04617,Power BI,2026-05-21,16,Online,Completed,62,81,9991
T010666,E04618,Data Privacy,2026-06-03,4,Classroom,Completed,48,68,1739
T010667,E04619,GenAI for Business,2024-01-08,6,Online,Completed,43,56,5795
T010668,E04619,Python Analytics,2024-02-16,4,Blended,Completed,46,53,14806
T010669,E04619,Power BI,2024-08-21,24,Classroom,Completed,40,49,5031
T010670,E04619,Negotiation,2025-06-02,12,Blended,Completed,70,97,6645
T010671,E04620,Negotiation,2024-08-22,6,Classroom,Incomplete,62,86,3314
T010672,E04621,Communication Skills,2024-04-26,8,Blended,Completed,40,60,14403
T010673,E04622,Python Analytics,2024-01-16,8,Online,Completed,41,54,6022
T010674,E04622,Negotiation,2024-10-17,8,Blended,Completed,42,60,9924
T010675,E04622,Advanced Excel,2024-03-15,12,Online,Completed,46,66,8976
T010676,E04623,Cloud Fundamentals,2024-03-13,2,Online,Completed,44,51,3468
T010677,E04624,Python Analytics,2024-06-30,4,Classroom,Completed,61,85,2930
T010678,E04625,Leadership Essentials,2026-04-30,6,Blended,Completed,63,68,13082
T010679,E04625,Data Privacy,2025-07-23,12,Online,Completed,57,64,6874
T010680,E04626,Power BI,2025-11-07,4,Blended,Completed,47,58,14392
T010681,E04626,Project Management,2026-05-26,6,Blended,Completed,69,85,8770
T010682,E04626,Data Privacy,2024-04-22,6,Online,Completed,48,64,11527
T010683,E04626,Communication Skills,2025-11-17,6,Online,Completed,65,70,2440
T010684,E04627,Negotiation,2024-08-18,16,Classroom,Completed,41,62,4168
T010685,E04628,Project Management,2025-12-31,12,Classroom,Completed,52,64,4668
T010686,E04628,Project Management,2024-11-12,16,Blended,Incomplete,69,83,10924
T010687,E04628,Data Privacy,2025-06-02,4,Online,Completed,76,86,9438
T010688,E04628,Communication Skills,2025-05-11,2,Classroom,Incomplete,72,81,2216
T010689,E04628,Project Management,2025-07-23,6,Classroom,Completed,50,78,3516
T010690,E04629,Leadership Essentials,2025-08-14,24,Online,Completed,46,57,2177
T010691,E04630,Data Privacy,2026-03-17,16,Online,Completed,46,60,6602
T010692,E04630,Power BI,2026-03-14,24,Classroom,Completed,47,62,14983
T010693,E04630,Python Analytics,2026-03-18,8,Blended,Completed,55,76,10226
T010694,E04630,Leadership Essentials,2026-06-05,6,Blended,Completed,41,54,13390
T010695,E04630,Project Management,2026-08-02,8,Online,Incomplete,62,84,6923
T010696,E04631,Negotiation,2025-12-18,12,Classroom,Completed,50,57,4418
T010697,E04632,Data Privacy,2025-09-15,24,Blended,Completed,54,73,8847
T010698,E04632,Communication Skills,2025-03-01,2,Blended,Completed,57,74,8210
T010699,E04632,Python Analytics,2025-07-16,12,Classroom,Completed,47,69,10289
T010700,E04632,GenAI for Business,2024-05-28,24,Classroom,Completed,51,72,8428
T010701,E04632,Leadership Essentials,2024-02-02,4,Online,Completed,59,76,2516
T010702,E04633,Advanced Excel,2026-03-24,24,Classroom,Completed,78,92,2375
T010703,E04633,Data Privacy,2026-03-11,4,Online,Completed,47,63,13473
T010704,E04634,Python Analytics,2025-08-08,12,Blended,Completed,77,96,1807
T010705,E04634,Leadership Essentials,2024-05-02,6,Classroom,Completed,68,81,3400
T010706,E04634,Communication Skills,2025-08-06,8,Classroom,Completed,52,69,5384
T010707,E04634,Negotiation,2024-06-19,2,Blended,Completed,49,64,10256
T010708,E04635,Power BI,2025-09-26,6,Classroom,Completed,67,95,7370
T010709,E04636,Power BI,2025-03-14,4,Online,Completed,78,98,2652
T010710,E04637,Project Management,2026-04-07,12,Blended,Completed,42,49,6830
T010711,E04637,Project Management,2025-12-31,6,Classroom,Completed,70,86,11566
T010712,E04638,Python Analytics,2024-10-08,24,Blended,Completed,52,74,14950
T010713,E04639,Leadership Essentials,2025-08-25,8,Blended,Completed,54,73,5285
T010714,E04639,Project Management,2024-11-30,8,Online,Completed,74,87,12501
T010715,E04639,Advanced Excel,2024-03-03,12,Online,Completed,42,53,11370
T010716,E04639,GenAI for Business,2024-07-26,24,Online,Completed,55,65,5581
T010717,E04639,Data Privacy,2025-08-21,16,Classroom,Completed,60,85,11648
T010718,E04640,Power BI,2026-04-16,2,Classroom,Completed,76,82,14846
T010719,E04640,Power BI,2025-08-25,4,Classroom,Completed,53,67,5534
T010720,E04640,Leadership Essentials,2024-05-05,16,Online,Completed,51,60,1601
T010721,E04640,Advanced Excel,2025-10-24,6,Blended,Completed,69,75,13865
T010722,E04640,Communication Skills,2026-08-29,2,Online,Completed,60,82,7979
T010723,E04643,GenAI for Business,2025-07-10,4,Classroom,Completed,75,96,3703
T010724,E04643,Negotiation,2025-07-31,12,Blended,Incomplete,57,62,12141
T010725,E04643,GenAI for Business,2026-06-27,16,Classroom,Completed,59,86,1856
T010726,E04643,Leadership Essentials,2025-06-17,24,Blended,Completed,60,73,8230
T010727,E04644,Data Privacy,2026-01-20,6,Blended,Completed,48,60,4011
T010728,E04645,GenAI for Business,2026-07-10,12,Online,Completed,40,53,4567
T010729,E04645,Python Analytics,2024-07-20,24,Online,Completed,69,88,13935
T010730,E04647,Power BI,2025-03-20,6,Blended,Completed,72,83,12041
T010731,E04647,Data Privacy,2024-11-26,16,Online,Completed,51,68,7707
T010732,E04647,Cloud Fundamentals,2025-10-03,12,Blended,Completed,55,72,12919
T010733,E04649,Project Management,2024-10-30,8,Online,Completed,50,70,6358
T010734,E04649,Communication Skills,2026-08-30,8,Blended,Incomplete,53,60,5759
T010735,E04649,Leadership Essentials,2024-03-19,24,Classroom,Completed,40,55,6963
T010736,E04649,Python Analytics,2025-05-07,16,Blended,Incomplete,65,77,9703
T010737,E04649,Project Management,2026-05-09,24,Online,Completed,67,87,10651
T010738,E04651,Communication Skills,2026-07-25,24,Blended,Completed,71,82,9644
T010739,E04651,Communication Skills,2026-08-04,24,Online,Completed,58,86,4819
T010740,E04652,Data Privacy,2026-01-23,12,Online,Completed,53,73,12662
T010741,E04652,Project Management,2026-08-30,2,Classroom,Completed,50,72,7908
T010742,E04652,GenAI for Business,2026-04-16,6,Classroom,Completed,46,64,7906
T010743,E04652,Python Analytics,2026-01-22,12,Classroom,Completed,64,84,4366
T010744,E04653,Negotiation,2024-10-19,4,Blended,Completed,65,83,2418
T010745,E04653,Project Management,2026-08-06,6,Classroom,Completed,63,78,11398
T010746,E04653,Python Analytics,2024-12-20,24,Online,Completed,61,81,11369
T010747,E04653,Python Analytics,2024-12-03,24,Online,Completed,64,69,2706
T010748,E04653,GenAI for Business,2024-02-25,24,Online,Completed,67,80,2612
T010749,E04656,GenAI for Business,2025-10-14,6,Blended,Completed,47,75,14679
T010750,E04656,GenAI for Business,2024-12-03,24,Classroom,Completed,72,80,9382
T010751,E04657,Project Management,2026-07-31,24,Blended,Completed,67,95,7969
T010752,E04657,Python Analytics,2026-04-11,2,Online,Completed,44,61,3597
T010753,E04657,Python Analytics,2024-07-03,12,Classroom,Completed,50,55,13083
T010754,E04659,Power BI,2024-01-23,6,Blended,Completed,78,92,13157
T010755,E04659,Python Analytics,2024-10-30,8,Classroom,Completed,61,75,14011
T010756,E04660,Communication Skills,2024-10-22,6,Blended,Completed,72,81,14679
T010757,E04661,Advanced Excel,2026-07-06,4,Classroom,Completed,66,80,5622
T010758,E04662,Communication Skills,2024-05-25,2,Blended,Completed,43,62,5083
T010759,E04662,Advanced Excel,2024-11-08,4,Blended,Completed,66,86,3151
T010760,E04662,Data Privacy,2024-01-05,6,Blended,Completed,74,100,12420
T010761,E04662,Communication Skills,2025-02-02,16,Blended,Completed,46,66,11925
T010762,E04666,Negotiation,2025-07-15,16,Classroom,Completed,60,81,6201
T010763,E04666,Leadership Essentials,2025-09-28,2,Classroom,Completed,55,64,2205
T010764,E04666,GenAI for Business,2024-10-05,12,Classroom,Completed,50,61,10901
T010765,E04667,Data Privacy,2026-08-27,12,Blended,Completed,57,72,13185
T010766,E04667,Project Management,2026-07-15,8,Blended,Completed,63,71,12374
T010767,E04667,Data Privacy,2024-03-26,16,Classroom,Completed,59,85,8869
T010768,E04667,Communication Skills,2026-05-27,2,Classroom,Completed,59,74,3427
T010769,E04667,Leadership Essentials,2026-04-25,6,Classroom,Completed,55,64,7517
T010770,E04668,Data Privacy,2024-03-30,12,Online,Completed,47,68,10002
T010771,E04668,Negotiation,2024-03-08,6,Blended,Completed,56,67,6064
T010772,E04668,GenAI for Business,2024-06-01,16,Online,Completed,44,66,2460
T010773,E04668,Leadership Essentials,2024-02-24,16,Online,Completed,46,62,8491
T010774,E04668,Data Privacy,2024-01-12,4,Classroom,Completed,68,95,2939
T010775,E04669,Project Management,2024-03-17,24,Online,Completed,48,74,4236
T010776,E04669,Cloud Fundamentals,2024-05-01,12,Blended,Completed,70,85,8888
T010777,E04669,Leadership Essentials,2024-02-12,6,Blended,Completed,57,63,4399
T010778,E04670,Negotiation,2026-05-23,8,Blended,Completed,71,81,13678
T010779,E04670,Power BI,2026-02-04,2,Online,Completed,42,50,5849
T010780,E04670,GenAI for Business,2026-05-18,6,Blended,Completed,55,69,8153
T010781,E04671,Negotiation,2026-02-16,24,Classroom,Incomplete,54,67,6180
T010782,E04671,Data Privacy,2024-07-31,8,Classroom,Completed,56,68,9427
T010783,E04671,Communication Skills,2026-05-17,8,Online,Completed,45,58,10948
T010784,E04671,Python Analytics,2025-07-08,4,Online,Completed,73,85,11171
T010785,E04673,Data Privacy,2026-06-25,12,Online,Completed,40,62,10502
T010786,E04673,GenAI for Business,2026-07-31,4,Blended,Completed,54,70,3719
T010787,E04673,Negotiation,2026-04-01,6,Classroom,Completed,68,96,5315
T010788,E04673,Python Analytics,2026-08-18,16,Classroom,Completed,65,90,6916
T010789,E04673,Advanced Excel,2026-06-23,12,Classroom,Completed,52,61,9067
T010790,E04674,Python Analytics,2026-03-26,6,Online,Completed,61,79,8859
T010791,E04674,Advanced Excel,2026-04-21,2,Classroom,Completed,43,69,10533
T010792,E04674,Communication Skills,2026-08-16,16,Blended,Completed,74,80,6684
T010793,E04674,GenAI for Business,2026-05-10,12,Classroom,Completed,52,66,7369
T010794,E04674,Leadership Essentials,2026-06-14,16,Blended,Completed,50,75,9637
T010795,E04675,Negotiation,2024-02-25,16,Classroom,Completed,77,100,7086
T010796,E04675,Cloud Fundamentals,2026-06-29,2,Classroom,Incomplete,70,92,4427
T010797,E04675,Python Analytics,2025-01-27,6,Classroom,Completed,56,73,1812
T010798,E04676,Negotiation,2025-11-10,4,Blended,Completed,53,62,9777
T010799,E04676,Cloud Fundamentals,2026-03-19,2,Blended,Completed,68,82,14088
T010800,E04677,Project Management,2025-06-19,12,Classroom,Completed,49,62,11743
T010801,E04677,GenAI for Business,2024-07-29,16,Blended,Completed,57,68,10373
T010802,E04677,Negotiation,2024-03-05,4,Classroom,Completed,52,78,10445
T010803,E04678,Python Analytics,2026-05-26,16,Online,Completed,58,72,6369
T010804,E04678,Data Privacy,2026-08-24,6,Online,Completed,67,86,5984
T010805,E04678,Communication Skills,2026-07-23,12,Online,Completed,60,72,12616
T010806,E04679,Advanced Excel,2025-08-15,12,Classroom,Completed,65,88,6587
T010807,E04679,Communication Skills,2024-07-04,6,Classroom,Completed,55,78,14183
T010808,E04679,Leadership Essentials,2025-08-03,6,Classroom,Completed,45,65,12276
T010809,E04679,Power BI,2026-08-16,16,Blended,Completed,77,100,14433
T010810,E04679,Advanced Excel,2024-07-22,12,Classroom,Completed,59,86,14636
T010811,E04680,Power BI,2025-08-15,2,Classroom,Completed,44,57,5585
T010812,E04680,Power BI,2025-05-22,4,Blended,Completed,72,98,5693
T010813,E04680,Python Analytics,2025-01-27,6,Online,Completed,71,92,12726
T010814,E04680,Python Analytics,2024-10-07,4,Online,Completed,64,84,11232
T010815,E04681,Project Management,2025-11-02,8,Blended,Completed,59,79,13047
T010816,E04681,Cloud Fundamentals,2025-12-09,16,Online,Completed,72,84,9688
T010817,E04681,Advanced Excel,2026-01-08,4,Online,Completed,77,97,11595
T010818,E04683,Communication Skills,2025-12-18,12,Blended,Completed,46,71,10434
T010819,E04683,Project Management,2026-04-09,16,Classroom,Completed,43,57,8646
T010820,E04683,Leadership Essentials,2026-05-31,8,Classroom,Completed,71,82,8860
T010821,E04684,Negotiation,2024-06-02,8,Online,Completed,67,85,5011
T010822,E04686,Data Privacy,2026-03-04,12,Blended,Completed,76,91,8868
T010823,E04689,GenAI for Business,2024-10-04,24,Blended,Completed,66,84,7136
T010824,E04689,Python Analytics,2024-11-09,6,Blended,Incomplete,54,76,3338
T010825,E04691,Data Privacy,2024-02-26,12,Blended,Completed,55,71,9608
T010826,E04691,Cloud Fundamentals,2024-01-01,8,Blended,Completed,55,82,5427
T010827,E04691,Python Analytics,2024-02-23,16,Blended,Completed,74,87,6964
T010828,E04693,Negotiation,2024-05-05,6,Online,Completed,49,67,4917
T010829,E04693,Power BI,2024-08-17,24,Classroom,Completed,77,83,3495
T010830,E04693,Negotiation,2025-03-21,12,Blended,Completed,70,75,12912
T010831,E04695,Python Analytics,2026-03-04,12,Classroom,Completed,74,95,13088
T010832,E04696,GenAI for Business,2025-08-16,4,Online,Completed,45,69,9816
T010833,E04696,Data Privacy,2026-03-25,6,Blended,Completed,56,80,7006
T010834,E04696,Python Analytics,2024-04-23,6,Classroom,Completed,57,73,3731
T010835,E04696,Advanced Excel,2024-04-10,6,Classroom,Completed,40,59,2797
T010836,E04697,Python Analytics,2026-01-30,6,Online,Completed,53,63,6719
T010837,E04697,Project Management,2026-06-09,4,Online,Completed,70,75,2857
T010838,E04697,Data Privacy,2025-05-01,24,Classroom,Completed,49,57,6889
T010839,E04697,Negotiation,2024-10-08,6,Online,Completed,76,87,4390
T010840,E04697,Negotiation,2024-12-20,2,Online,Completed,69,87,6319
T010841,E04698,Leadership Essentials,2026-02-15,8,Online,Completed,43,57,5167
T010842,E04698,Communication Skills,2024-10-07,8,Classroom,Completed,46,72,10200
T010843,E04698,Communication Skills,2024-08-30,24,Online,Completed,53,60,14766
T010844,E04701,Negotiation,2024-09-19,6,Online,Completed,50,78,3346
T010845,E04701,Leadership Essentials,2025-09-16,8,Classroom,Completed,51,71,4600
T010846,E04701,Power BI,2025-09-16,16,Online,Completed,65,71,6584
T010847,E04702,Data Privacy,2025-06-19,12,Online,Completed,78,95,5349
T010848,E04702,Python Analytics,2025-06-26,16,Classroom,Completed,52,57,6424
T010849,E04702,Leadership Essentials,2024-02-25,12,Online,Completed,76,93,14492
T010850,E04702,Negotiation,2025-09-21,8,Blended,Completed,43,71,4787
T010851,E04702,Project Management,2024-01-15,24,Online,Completed,44,60,1612
T010852,E04704,Leadership Essentials,2026-03-31,8,Blended,Completed,45,71,10621
T010853,E04705,Negotiation,2025-09-25,4,Blended,Completed,50,55,4228
T010854,E04705,Negotiation,2024-07-12,12,Blended,Completed,43,67,2521
T010855,E04706,Data Privacy,2024-04-27,16,Blended,Completed,56,73,6490
T010856,E04706,Project Management,2026-05-24,24,Blended,Completed,40,60,4456
T010857,E04706,GenAI for Business,2025-06-14,6,Classroom,Completed,69,87,14190
T010858,E04706,Advanced Excel,2025-12-05,8,Online,Completed,41,68,2832
T010859,E04706,Power BI,2024-12-30,12,Online,Completed,61,73,5673
T010860,E04708,Python Analytics,2026-08-14,2,Online,Completed,59,80,12065
T010861,E04708,GenAI for Business,2025-05-05,12,Online,Completed,60,88,13942
T010862,E04708,GenAI for Business,2025-01-10,6,Classroom,Completed,43,55,5369
T010863,E04708,Python Analytics,2024-11-05,2,Blended,Completed,61,77,9288
T010864,E04708,GenAI for Business,2024-09-27,24,Classroom,Completed,53,77,9407
T010865,E04709,Advanced Excel,2024-09-11,2,Blended,Completed,78,88,1610
T010866,E04709,Negotiation,2024-03-14,12,Blended,Completed,65,89,7441
T010867,E04710,Advanced Excel,2024-11-27,4,Online,Completed,45,50,6120
T010868,E04710,Project Management,2025-08-04,24,Online,Incomplete,54,75,7258
T010869,E04710,Negotiation,2025-12-28,24,Online,Completed,50,70,6780
T010870,E04710,Power BI,2026-06-02,2,Online,Completed,66,80,9789
T010871,E04710,Negotiation,2026-02-13,6,Classroom,Completed,51,79,3439
T010872,E04711,Data Privacy,2025-05-30,6,Online,Completed,42,64,1593
T010873,E04712,Advanced Excel,2026-06-11,24,Online,Completed,49,75,10940
T010874,E04712,Cloud Fundamentals,2026-06-20,24,Blended,Incomplete,58,84,12797
T010875,E04712,Cloud Fundamentals,2026-06-21,2,Classroom,Completed,64,91,3096
T010876,E04712,Project Management,2026-07-29,16,Blended,Completed,59,82,11408
T010877,E04712,Project Management,2026-08-15,12,Classroom,Completed,74,97,8473
T010878,E04713,Communication Skills,2024-01-03,12,Classroom,Completed,71,76,7088
T010879,E04713,Negotiation,2024-08-14,24,Classroom,Completed,74,88,10168
T010880,E04714,Cloud Fundamentals,2026-08-26,2,Blended,Completed,58,77,2719
T010881,E04716,Data Privacy,2026-06-02,2,Blended,Completed,51,64,5505
T010882,E04716,Leadership Essentials,2025-05-25,6,Classroom,Completed,46,58,14425
T010883,E04716,Communication Skills,2025-09-05,8,Blended,Completed,54,80,4257
T010884,E04717,Negotiation,2026-01-17,4,Online,Completed,74,92,3507
T010885,E04717,Power BI,2025-05-07,2,Online,Completed,64,76,13573
T010886,E04720,Data Privacy,2026-08-31,2,Online,Incomplete,48,72,12003
T010887,E04720,GenAI for Business,2026-03-28,16,Classroom,Completed,73,81,10859
T010888,E04720,Cloud Fundamentals,2024-06-24,12,Blended,Completed,47,66,12094
T010889,E04720,Advanced Excel,2024-05-30,24,Online,Incomplete,47,56,10756
T010890,E04720,Communication Skills,2025-11-22,24,Online,Completed,72,78,7777
T010891,E04721,Python Analytics,2026-06-09,2,Blended,Completed,78,93,14453
T010892,E04721,Power BI,2026-05-01,6,Blended,Completed,60,78,8999
T010893,E04721,Advanced Excel,2026-06-23,12,Online,Completed,57,81,4720
T010894,E04722,Cloud Fundamentals,2024-01-19,2,Classroom,Completed,67,85,2379
T010895,E04722,Power BI,2024-02-02,24,Online,Completed,47,66,4932
T010896,E04722,Leadership Essentials,2025-09-18,12,Blended,Completed,72,79,9736
T010897,E04722,Communication Skills,2025-09-28,12,Classroom,Completed,75,94,5059
T010898,E04722,Communication Skills,2025-09-24,4,Blended,Completed,69,75,10179
T010899,E04723,Power BI,2025-12-04,4,Classroom,Completed,58,86,12076
T010900,E04723,Advanced Excel,2025-11-20,12,Blended,Completed,45,60,7919
T010901,E04723,Negotiation,2025-07-12,4,Blended,Completed,50,74,10969
T010902,E04723,Cloud Fundamentals,2025-03-12,12,Classroom,Completed,56,66,3320
T010903,E04723,Communication Skills,2024-07-02,12,Classroom,Completed,61,87,5013
T010904,E04725,Data Privacy,2026-04-29,6,Classroom,Completed,51,65,9481
T010905,E04726,Data Privacy,2026-05-07,16,Online,Completed,52,60,10018
T010906,E04726,Advanced Excel,2026-04-24,16,Online,Incomplete,62,89,9067
T010907,E04726,Negotiation,2025-12-17,4,Classroom,Completed,58,66,14501
T010908,E04727,Leadership Essentials,2025-06-08,16,Classroom,Completed,76,100,4970
T010909,E04727,Python Analytics,2025-05-09,6,Online,Completed,55,64,8358
T010910,E04730,Leadership Essentials,2025-01-17,12,Online,Completed,40,50,14015
T010911,E04730,GenAI for Business,2024-02-24,16,Online,Completed,46,62,2788
T010912,E04730,Project Management,2024-03-14,6,Classroom,Completed,46,72,4095
T010913,E04730,Leadership Essentials,2024-07-26,24,Blended,Incomplete,70,78,1634
T010914,E04730,Advanced Excel,2024-05-13,6,Classroom,Completed,44,55,14609
T010915,E04731,Communication Skills,2024-10-15,16,Classroom,Incomplete,70,92,5989
T010916,E04731,Power BI,2025-10-09,4,Online,Completed,46,68,6604
T010917,E04731,Project Management,2026-02-19,2,Online,Completed,46,73,6797
T010918,E04731,Negotiation,2025-03-05,2,Blended,Completed,73,94,8670
T010919,E04731,Project Management,2026-04-01,12,Blended,Completed,64,74,3800
T010920,E04732,Negotiation,2024-03-21,12,Online,Completed,78,93,13416
T010921,E04733,Leadership Essentials,2025-07-03,16,Online,Completed,46,53,9043
T010922,E04733,Project Management,2024-11-23,8,Blended,Completed,52,68,9351
T010923,E04733,Advanced Excel,2025-07-24,16,Online,Incomplete,77,96,6276
T010924,E04733,Communication Skills,2024-05-18,8,Online,Completed,56,67,10786
T010925,E04734,Cloud Fundamentals,2026-07-24,24,Online,Incomplete,61,85,4023
T010926,E04734,Negotiation,2024-08-03,24,Blended,Completed,66,86,14828
T010927,E04734,Negotiation,2024-03-28,16,Online,Completed,58,73,11495
T010928,E04734,Python Analytics,2025-07-30,16,Blended,Completed,73,90,12792
T010929,E04734,GenAI for Business,2026-06-19,8,Online,Completed,40,62,2523
T010930,E04737,Negotiation,2025-03-09,2,Classroom,Completed,59,64,9054
T010931,E04737,GenAI for Business,2024-06-15,24,Blended,Completed,77,96,11782
T010932,E04739,Advanced Excel,2025-12-01,24,Classroom,Completed,61,69,12354
T010933,E04739,Python Analytics,2026-04-22,12,Blended,Completed,55,77,7278
T010934,E04739,GenAI for Business,2025-06-26,4,Classroom,Incomplete,69,86,1704
T010935,E04739,Communication Skills,2024-02-19,4,Blended,Completed,74,98,8982
T010936,E04741,Data Privacy,2024-11-30,4,Classroom,Completed,55,70,3802
T010937,E04741,Data Privacy,2024-01-05,4,Online,Completed,67,80,6168
T010938,E04741,Advanced Excel,2025-06-24,12,Online,Completed,76,90,3421
T010939,E04741,Negotiation,2026-04-27,8,Online,Completed,71,88,6267
T010940,E04743,Python Analytics,2025-07-18,24,Online,Completed,50,59,11681
T010941,E04743,Advanced Excel,2024-03-02,6,Online,Completed,58,75,2979
T010942,E04743,Python Analytics,2024-01-01,24,Online,Incomplete,68,78,14085
T010943,E04745,Power BI,2025-07-17,6,Classroom,Completed,61,71,4488
T010944,E04745,Python Analytics,2025-11-17,6,Classroom,Completed,56,68,5974
T010945,E04745,Project Management,2026-03-12,2,Online,Completed,45,71,3466
T010946,E04745,Leadership Essentials,2024-07-29,12,Online,Completed,43,67,3043
T010947,E04747,Communication Skills,2026-07-27,2,Blended,Completed,46,71,10723
T010948,E04747,Advanced Excel,2024-11-09,8,Online,Completed,76,93,7667
T010949,E04748,Data Privacy,2026-07-25,2,Blended,Completed,66,86,7320
T010950,E04749,Communication Skills,2024-06-26,8,Classroom,Completed,70,94,14483
T010951,E04749,Python Analytics,2024-02-15,12,Online,Completed,49,74,7017
T010952,E04749,Communication Skills,2024-05-07,2,Online,Completed,73,91,10232
T010953,E04749,Python Analytics,2024-04-21,12,Classroom,Completed,43,57,11266
T010954,E04749,Project Management,2024-06-22,4,Online,Completed,44,64,14812
T010955,E04750,Power BI,2025-12-18,6,Online,Completed,78,88,12493
T010956,E04751,Cloud Fundamentals,2026-05-09,12,Online,Completed,47,62,4185
T010957,E04751,Data Privacy,2024-06-25,2,Blended,Completed,44,54,4731
T010958,E04752,Advanced Excel,2026-03-26,6,Classroom,Completed,57,75,10861
T010959,E04752,Python Analytics,2025-01-09,2,Online,Incomplete,45,73,10472
T010960,E04752,Advanced Excel,2024-01-16,6,Online,Completed,54,62,11742
T010961,E04752,Python Analytics,2025-04-15,2,Classroom,Completed,63,76,4943
T010962,E04752,Project Management,2026-07-12,4,Blended,Completed,45,65,3207
T010963,E04753,Power BI,2026-04-23,12,Classroom,Completed,40,50,5037
T010964,E04753,Negotiation,2024-11-30,6,Online,Completed,73,87,5649
T010965,E04754,Project Management,2024-01-30,12,Online,Completed,60,74,4845
T010966,E04754,Communication Skills,2024-08-15,16,Online,Completed,43,56,7431
T010967,E04754,Power BI,2026-05-21,8,Classroom,Completed,65,89,2730
T010968,E04755,Negotiation,2026-08-26,24,Online,Completed,76,96,2624
T010969,E04755,Negotiation,2026-08-18,12,Blended,Completed,75,89,13917
T010970,E04755,Power BI,2026-08-11,2,Online,Incomplete,77,82,10392
T010971,E04755,Cloud Fundamentals,2026-08-30,8,Blended,Completed,68,78,7306
T010972,E04755,Cloud Fundamentals,2026-07-21,6,Classroom,Completed,66,78,7180
T010973,E04756,GenAI for Business,2025-03-26,2,Online,Completed,49,75,7511
T010974,E04756,Leadership Essentials,2024-11-07,2,Online,Completed,41,54,8296
T010975,E04756,Advanced Excel,2024-09-04,4,Blended,Completed,70,78,4716
T010976,E04756,Project Management,2026-08-08,12,Classroom,Completed,42,50,8155
T010977,E04757,Advanced Excel,2026-06-01,4,Blended,Completed,73,99,12957
T010978,E04758,Data Privacy,2025-04-18,2,Blended,Completed,54,78,2677
T010979,E04758,Data Privacy,2026-02-26,24,Blended,Completed,57,66,14479
T010980,E04758,Cloud Fundamentals,2025-07-06,16,Online,Completed,78,100,4293
T010981,E04759,Project Management,2025-05-17,12,Online,Completed,40,53,14533
T010982,E04759,Power BI,2025-09-02,6,Blended,Completed,51,62,12715
T010983,E04759,Project Management,2024-05-15,2,Blended,Completed,55,77,1647
T010984,E04759,Cloud Fundamentals,2026-03-01,16,Online,Completed,43,61,11758
T010985,E04759,Data Privacy,2024-12-30,24,Blended,Completed,69,91,7354
T010986,E04760,Leadership Essentials,2026-04-28,16,Online,Incomplete,57,67,7494
T010987,E04760,Project Management,2024-02-29,2,Online,Completed,48,64,1923
T010988,E04764,Advanced Excel,2026-04-30,2,Online,Completed,67,81,6149
T010989,E04764,Project Management,2024-10-21,8,Classroom,Completed,46,65,11589
T010990,E04766,Communication Skills,2024-11-09,2,Online,Completed,45,50,5199
T010991,E04766,Data Privacy,2026-01-16,6,Classroom,Completed,48,58,8694
T010992,E04766,Cloud Fundamentals,2025-01-26,16,Online,Completed,65,77,7976
T010993,E04766,Advanced Excel,2025-04-30,2,Classroom,Completed,76,91,5085
T010994,E04766,Project Management,2025-09-17,6,Online,Completed,45,56,13138
T010995,E04767,Power BI,2025-05-10,6,Online,Completed,77,89,7733
T010996,E04767,Data Privacy,2024-10-17,6,Classroom,Completed,70,75,14130
T010997,E04767,Cloud Fundamentals,2026-04-18,12,Blended,Completed,69,84,6558
T010998,E04767,Data Privacy,2024-05-23,8,Online,Completed,45,54,3652
T010999,E04767,Power BI,2026-05-15,2,Blended,Completed,72,97,5102
T011000,E04770,Advanced Excel,2024-07-28,4,Online,Completed,46,59,12043
T011001,E04772,Power BI,2025-06-14,4,Online,Completed,55,68,8664
T011002,E04772,Leadership Essentials,2025-05-03,24,Online,Completed,65,83,6230
T011003,E04773,Data Privacy,2026-08-26,8,Blended,Completed,42,52,5726
T011004,E04773,Data Privacy,2024-02-13,6,Blended,Completed,62,89,11899
T011005,E04773,Communication Skills,2025-12-04,24,Classroom,Completed,70,82,7527
T011006,E04773,Advanced Excel,2025-01-08,6,Blended,Incomplete,61,75,11818
T011007,E04773,Project Management,2025-07-08,12,Classroom,Completed,54,59,8401
T011008,E04774,Data Privacy,2026-06-01,16,Online,Completed,40,56,14605
T011009,E04775,Communication Skills,2024-08-17,6,Classroom,Completed,61,81,3077
T011010,E04775,Project Management,2025-05-30,6,Online,Completed,40,45,9415
T011011,E04775,Cloud Fundamentals,2024-10-08,8,Classroom,Completed,72,88,11338
T011012,E04776,Negotiation,2025-05-25,16,Blended,Completed,59,77,7799
T011013,E04777,Python Analytics,2026-03-14,24,Online,Completed,71,82,14196
T011014,E04777,Communication Skills,2024-03-01,16,Blended,Completed,52,70,5797
T011015,E04777,GenAI for Business,2025-01-25,16,Classroom,Incomplete,61,72,6333
T011016,E04780,Power BI,2026-08-17,24,Online,Completed,44,50,5688
T011017,E04781,Python Analytics,2026-07-20,8,Blended,Completed,72,78,8312
T011018,E04781,Advanced Excel,2025-03-12,8,Classroom,Completed,77,100,11342
T011019,E04781,Leadership Essentials,2025-07-14,16,Online,Completed,59,83,9292
T011020,E04781,Advanced Excel,2024-03-26,6,Online,Completed,69,77,7983
T011021,E04782,Leadership Essentials,2025-03-01,24,Classroom,Completed,60,86,12934
T011022,E04782,Advanced Excel,2024-03-06,12,Classroom,Completed,52,67,5999
T011023,E04782,Advanced Excel,2024-06-08,12,Blended,Completed,66,77,9821
T011024,E04782,Project Management,2026-03-01,4,Online,Completed,73,97,2038
T011025,E04782,Advanced Excel,2025-04-13,24,Online,Completed,66,87,4761
T011026,E04784,Python Analytics,2026-03-09,8,Classroom,Completed,59,83,12099
T011027,E04784,Advanced Excel,2025-11-01,12,Online,Completed,69,82,3188
T011028,E04784,Advanced Excel,2025-06-17,4,Classroom,Completed,67,93,13257
T011029,E04787,GenAI for Business,2025-04-28,8,Classroom,Completed,77,100,5434
T011030,E04787,Leadership Essentials,2024-06-08,12,Online,Completed,43,66,7734
T011031,E04787,Communication Skills,2025-12-22,4,Online,Incomplete,53,62,7784
T011032,E04789,Communication Skills,2025-01-15,12,Classroom,Completed,74,95,13372
T011033,E04790,Communication Skills,2025-09-02,2,Online,Completed,50,65,2457
T011034,E04790,Advanced Excel,2026-06-01,12,Blended,Completed,75,100,11291
T011035,E04790,Data Privacy,2026-06-20,16,Online,Completed,60,87,2563
T011036,E04790,Communication Skills,2026-06-26,24,Blended,Completed,63,72,9395
T011037,E04790,Python Analytics,2026-04-08,8,Blended,Completed,50,78,1549
T011038,E04791,GenAI for Business,2025-09-27,24,Online,Completed,66,93,3180
T011039,E04791,Data Privacy,2026-04-08,4,Classroom,Completed,55,63,9005
T011040,E04793,Data Privacy,2026-03-06,12,Classroom,Completed,67,73,8641
T011041,E04793,Python Analytics,2026-02-12,12,Online,Completed,50,76,2154
T011042,E04793,GenAI for Business,2026-08-29,12,Blended,Completed,61,87,2838
T011043,E04793,Cloud Fundamentals,2026-08-24,12,Blended,Completed,46,74,3343
T011044,E04794,GenAI for Business,2024-02-12,6,Classroom,Completed,53,66,13000
T011045,E04794,Negotiation,2026-01-10,6,Blended,Completed,74,82,8822
T011046,E04794,Leadership Essentials,2025-04-25,8,Online,Completed,45,56,9931
T011047,E04794,Data Privacy,2024-10-01,4,Blended,Completed,72,80,14434
T011048,E04794,Leadership Essentials,2024-04-09,24,Classroom,Completed,58,77,3130
T011049,E04797,Negotiation,2024-09-12,16,Online,Incomplete,73,93,3757
T011050,E04797,Project Management,2025-06-17,8,Classroom,Completed,49,73,6714
T011051,E04799,Negotiation,2024-03-05,8,Blended,Completed,63,87,13285
T011052,E04799,Leadership Essentials,2025-04-02,6,Classroom,Completed,71,96,7287
T011053,E04800,Advanced Excel,2024-03-30,12,Blended,Completed,46,52,8786
T011054,E04800,Power BI,2024-10-21,8,Blended,Completed,71,80,5432
T011055,E04800,Communication Skills,2025-06-21,12,Online,Completed,68,94,12514
T011056,E04801,Communication Skills,2025-05-08,4,Online,Completed,72,92,13748
T011057,E04801,Data Privacy,2024-03-21,16,Online,Completed,68,73,8133
T011058,E04801,Data Privacy,2025-05-29,24,Classroom,Incomplete,43,67,7388
T011059,E04801,Negotiation,2024-10-31,8,Online,Completed,51,63,7453
T011060,E04801,Leadership Essentials,2025-12-30,12,Classroom,Completed,72,97,12685
T011061,E04803,Data Privacy,2024-07-09,6,Classroom,Completed,78,88,8086
T011062,E04803,Power BI,2024-06-25,4,Online,Completed,42,65,5259
T011063,E04804,Leadership Essentials,2026-02-11,16,Online,Completed,48,63,3351
T011064,E04804,Cloud Fundamentals,2025-01-22,8,Online,Completed,63,75,4892
T011065,E04804,Python Analytics,2026-03-01,24,Blended,Completed,52,70,4115
T011066,E04805,Negotiation,2025-12-01,24,Classroom,Completed,72,83,7263
T011067,E04805,Python Analytics,2024-05-21,6,Classroom,Completed,74,94,13237
T011068,E04805,Power BI,2024-10-21,2,Blended,Completed,60,74,1862
T011069,E04805,Power BI,2024-07-16,16,Online,Completed,52,78,12544
T011070,E04805,Cloud Fundamentals,2025-11-21,24,Blended,Completed,41,62,5553
T011071,E04807,Advanced Excel,2024-05-19,24,Classroom,Completed,44,62,13267
T011072,E04807,Python Analytics,2024-05-17,6,Classroom,Completed,48,72,5282
T011073,E04808,Cloud Fundamentals,2024-01-12,8,Blended,Completed,57,76,13902
T011074,E04808,Communication Skills,2024-02-29,4,Blended,Completed,50,55,11355
T011075,E04808,Cloud Fundamentals,2024-02-11,8,Online,Completed,59,84,11478
T011076,E04808,Advanced Excel,2024-01-05,12,Classroom,Completed,64,92,10266
T011077,E04810,Negotiation,2024-02-07,2,Classroom,Completed,68,77,3043
T011078,E04811,GenAI for Business,2024-07-21,8,Online,Completed,44,71,7572
T011079,E04811,Advanced Excel,2024-04-27,8,Classroom,Completed,68,79,6481
T011080,E04811,Communication Skills,2024-11-29,2,Classroom,Completed,40,56,14076
T011081,E04811,Data Privacy,2025-09-02,6,Classroom,Completed,41,63,4258
T011082,E04811,Negotiation,2024-04-26,16,Online,Completed,75,91,1980
T011083,E04812,Advanced Excel,2026-05-03,6,Blended,Completed,48,70,14711
T011084,E04812,Python Analytics,2026-06-09,16,Online,Completed,71,88,8810
T011085,E04813,Leadership Essentials,2025-08-18,16,Online,Completed,72,79,2184
T011086,E04813,Power BI,2025-11-09,24,Classroom,Completed,77,88,2800
T011087,E04813,Leadership Essentials,2024-09-09,12,Classroom,Completed,46,71,2520
T011088,E04813,Leadership Essentials,2025-11-13,12,Blended,Completed,77,90,5001
T011089,E04813,Cloud Fundamentals,2024-05-18,12,Classroom,Completed,43,49,10517
T011090,E04814,Cloud Fundamentals,2024-01-04,2,Classroom,Completed,41,65,4454
T011091,E04814,Cloud Fundamentals,2024-07-13,2,Online,Completed,77,100,5368
T011092,E04815,Data Privacy,2025-01-15,12,Classroom,Completed,43,60,6423
T011093,E04816,Project Management,2025-05-15,2,Online,Completed,75,98,7625
T011094,E04816,GenAI for Business,2024-06-16,16,Blended,Completed,57,71,11455
T011095,E04816,Communication Skills,2026-07-14,8,Blended,Completed,71,93,10064
T011096,E04816,Negotiation,2025-08-28,8,Blended,Completed,63,89,9009
T011097,E04816,Python Analytics,2024-11-06,2,Classroom,Completed,50,75,4853
T011098,E04818,Advanced Excel,2024-02-23,4,Online,Completed,71,92,6388
T011099,E04818,Advanced Excel,2026-08-06,2,Online,Completed,48,60,2489
T011100,E04818,Python Analytics,2025-05-26,2,Online,Completed,71,91,3171
T011101,E04818,Project Management,2024-12-06,12,Blended,Completed,44,52,2961
T011102,E04820,Project Management,2024-11-18,8,Online,Completed,69,79,6966
T011103,E04820,GenAI for Business,2025-07-30,2,Online,Completed,78,91,12643
T011104,E04820,Power BI,2024-02-05,6,Classroom,Completed,46,61,12400
T011105,E04821,Project Management,2025-02-02,8,Online,Incomplete,73,98,3962
T011106,E04825,Project Management,2026-08-26,4,Classroom,Completed,63,85,5010
T011107,E04825,GenAI for Business,2024-10-09,16,Blended,Completed,67,76,11498
T011108,E04825,Data Privacy,2025-05-17,8,Online,Completed,76,100,4458
T011109,E04825,Cloud Fundamentals,2025-06-03,12,Blended,Completed,45,57,4309
T011110,E04825,Leadership Essentials,2024-09-30,6,Online,Completed,53,80,3167
T011111,E04826,Communication Skills,2025-12-21,16,Blended,Completed,57,84,8993
T011112,E04828,Negotiation,2026-03-03,2,Online,Completed,77,100,7517
T011113,E04828,Project Management,2026-05-28,2,Classroom,Completed,71,93,4954
T011114,E04828,Negotiation,2026-03-03,2,Classroom,Completed,41,61,12551
T011115,E04828,Power BI,2026-05-25,8,Classroom,Completed,65,72,6495
T011116,E04829,Power BI,2026-05-25,12,Classroom,Completed,77,82,9852
T011117,E04829,Power BI,2026-05-19,12,Blended,Completed,43,64,13219
T011118,E04829,Cloud Fundamentals,2026-05-16,24,Blended,Completed,56,68,2592
T011119,E04830,Leadership Essentials,2024-12-14,2,Online,Completed,53,58,11597
T011120,E04830,Leadership Essentials,2025-02-10,2,Online,Completed,56,67,8738
T011121,E04830,Leadership Essentials,2024-04-22,2,Blended,Incomplete,44,63,13438
T011122,E04830,Data Privacy,2024-03-09,8,Classroom,Completed,63,78,3691
T011123,E04830,Leadership Essentials,2024-03-04,12,Blended,Completed,70,98,8617
T011124,E04831,Power BI,2025-04-11,8,Online,Completed,51,61,14113
T011125,E04831,Data Privacy,2025-05-28,4,Classroom,Completed,53,63,14865
T011126,E04831,Advanced Excel,2025-07-15,6,Classroom,Completed,56,70,14396
T011127,E04832,Python Analytics,2025-12-02,24,Classroom,Completed,40,49,10175
T011128,E04832,Cloud Fundamentals,2024-07-16,6,Classroom,Incomplete,47,54,3928
T011129,E04833,Cloud Fundamentals,2024-12-04,24,Online,Completed,41,47,9164
T011130,E04833,Communication Skills,2024-04-07,12,Classroom,Completed,65,88,4578
T011131,E04834,Leadership Essentials,2026-08-20,4,Online,Incomplete,62,83,3655
T011132,E04834,Python Analytics,2026-08-12,4,Blended,Completed,69,74,12206
T011133,E04836,GenAI for Business,2025-01-26,12,Classroom,Completed,40,64,14788
T011134,E04837,Advanced Excel,2024-06-04,2,Blended,Completed,40,50,10599
T011135,E04837,Python Analytics,2024-04-19,16,Blended,Incomplete,67,87,1580
T011136,E04837,Data Privacy,2024-06-13,8,Blended,Completed,40,63,3300
T011137,E04837,GenAI for Business,2024-01-26,6,Blended,Completed,62,67,8425
T011138,E04838,Python Analytics,2026-05-13,12,Classroom,Incomplete,68,75,11639
T011139,E04838,Python Analytics,2025-10-28,24,Online,Completed,54,64,9870
T011140,E04838,Advanced Excel,2026-04-09,6,Blended,Completed,44,72,3902
T011141,E04838,Power BI,2025-11-28,2,Online,Completed,62,88,11546
T011142,E04839,Python Analytics,2025-12-05,8,Online,Completed,51,63,9179
T011143,E04839,Negotiation,2024-03-18,16,Classroom,Completed,50,67,11078
T011144,E04839,Data Privacy,2026-06-01,12,Blended,Completed,60,71,14310
T011145,E04839,Power BI,2025-04-22,16,Online,Completed,44,60,13726
T011146,E04840,Advanced Excel,2024-05-31,12,Classroom,Completed,61,80,11832
T011147,E04840,Advanced Excel,2024-03-29,24,Classroom,Completed,73,81,8058
T011148,E04840,Project Management,2025-01-25,6,Blended,Completed,73,90,1659
T011149,E04841,Leadership Essentials,2026-05-25,2,Blended,Completed,77,89,1888
T011150,E04841,GenAI for Business,2026-02-11,16,Classroom,Completed,41,46,3369
T011151,E04841,GenAI for Business,2026-07-19,16,Online,Completed,67,75,7269
T011152,E04841,Advanced Excel,2025-12-21,6,Blended,Completed,65,80,10027
T011153,E04844,Data Privacy,2024-01-07,12,Online,Incomplete,64,74,12658
T011154,E04847,GenAI for Business,2024-01-02,6,Classroom,Completed,54,73,7772
T011155,E04847,Leadership Essentials,2024-01-09,8,Online,Incomplete,76,87,3072
T011156,E04847,Project Management,2024-01-07,24,Blended,Completed,71,96,2341
T011157,E04847,GenAI for Business,2024-01-09,4,Blended,Completed,78,83,8603
T011158,E04847,Negotiation,2024-01-09,24,Blended,Completed,73,91,8937
T011159,E04848,Communication Skills,2025-10-09,6,Online,Completed,62,73,3140
T011160,E04848,Communication Skills,2026-04-11,6,Blended,Completed,56,62,3884
T011161,E04848,Python Analytics,2025-01-10,6,Online,Completed,73,92,9727
T011162,E04848,Data Privacy,2025-02-13,2,Blended,Completed,58,75,7163
T011163,E04848,Advanced Excel,2024-07-26,2,Blended,Completed,65,90,9350
T011164,E04849,Leadership Essentials,2024-10-16,2,Blended,Completed,41,67,6785
T011165,E04849,Power BI,2024-10-02,6,Online,Incomplete,50,76,13608
T011166,E04849,Advanced Excel,2024-12-18,8,Online,Completed,60,85,10985
T011167,E04849,GenAI for Business,2025-03-01,6,Classroom,Completed,71,98,11675
T011168,E04849,Cloud Fundamentals,2025-02-22,6,Classroom,Completed,49,60,11103
T011169,E04850,Communication Skills,2025-01-17,2,Online,Completed,71,76,6636
T011170,E04850,Advanced Excel,2025-11-03,12,Classroom,Completed,50,68,4072
T011171,E04851,Leadership Essentials,2025-05-22,4,Online,Completed,52,63,4080
T011172,E04851,Power BI,2025-09-11,8,Classroom,Completed,71,91,9527
T011173,E04851,Negotiation,2025-04-03,24,Blended,Incomplete,49,63,14146
T011174,E04851,Data Privacy,2024-07-03,6,Classroom,Completed,43,54,12822
T011175,E04851,Negotiation,2025-05-17,4,Blended,Incomplete,69,89,1513
T011176,E04852,Cloud Fundamentals,2025-03-29,16,Online,Completed,41,62,8227
T011177,E04853,Leadership Essentials,2025-06-28,16,Classroom,Completed,75,84,8363
T011178,E04853,Negotiation,2025-12-23,6,Classroom,Completed,52,77,11504
T011179,E04853,GenAI for Business,2025-05-10,8,Online,Incomplete,63,90,4619
T011180,E04853,Leadership Essentials,2025-09-05,16,Blended,Completed,44,58,2504
T011181,E04854,Python Analytics,2024-03-25,12,Blended,Completed,73,88,4090
T011182,E04854,Leadership Essentials,2025-07-26,4,Online,Completed,77,100,7694
T011183,E04854,Project Management,2025-08-06,6,Classroom,Completed,70,91,7213
T011184,E04854,Power BI,2024-11-11,2,Online,Completed,75,80,5417
T011185,E04855,Leadership Essentials,2025-09-01,6,Online,Completed,72,84,14749
T011186,E04855,Python Analytics,2024-11-22,6,Blended,Completed,62,77,6017
T011187,E04856,Communication Skills,2025-01-18,6,Blended,Completed,64,88,4071
T011188,E04856,Cloud Fundamentals,2025-05-07,16,Online,Completed,49,64,6633
T011189,E04856,Python Analytics,2025-06-19,12,Classroom,Completed,71,86,5683
T011190,E04858,Negotiation,2026-07-17,16,Online,Completed,40,68,10871
T011191,E04860,GenAI for Business,2025-07-19,24,Blended,Completed,58,66,13217
T011192,E04860,Python Analytics,2024-04-12,16,Online,Completed,62,68,13116
T011193,E04860,Advanced Excel,2025-01-28,8,Classroom,Completed,50,62,9775
T011194,E04860,Communication Skills,2025-12-29,12,Classroom,Completed,60,73,12098
T011195,E04861,Python Analytics,2025-01-29,24,Online,Completed,53,80,9543
T011196,E04861,Power BI,2024-01-31,4,Online,Completed,73,78,5422
T011197,E04864,Cloud Fundamentals,2026-08-01,16,Classroom,Completed,59,64,11116
T011198,E04864,Negotiation,2026-08-30,6,Online,Completed,64,76,5203
T011199,E04864,Cloud Fundamentals,2026-07-24,2,Classroom,Completed,66,82,9189
T011200,E04864,Python Analytics,2026-07-29,12,Blended,Completed,50,73,14486
T011201,E04865,Advanced Excel,2026-01-08,24,Classroom,Completed,42,68,11876
T011202,E04865,Advanced Excel,2025-08-20,6,Blended,Completed,76,98,12698
T011203,E04865,Leadership Essentials,2026-03-25,4,Classroom,Completed,63,84,7084
T011204,E04867,Negotiation,2026-01-04,12,Classroom,Completed,60,88,3208
T011205,E04867,Communication Skills,2025-11-29,8,Blended,Incomplete,70,91,14159
T011206,E04867,Data Privacy,2025-10-19,16,Online,Completed,54,59,5002
T011207,E04868,Advanced Excel,2026-03-25,8,Classroom,Completed,54,73,8796
T011208,E04868,Data Privacy,2025-10-14,16,Blended,Completed,60,79,10550
T011209,E04868,Communication Skills,2026-02-10,16,Classroom,Completed,48,61,4924
T011210,E04868,Cloud Fundamentals,2024-07-22,12,Blended,Completed,59,79,2061
T011211,E04869,Data Privacy,2024-07-14,12,Online,Completed,48,53,10851
T011212,E04869,Leadership Essentials,2024-06-29,24,Blended,Completed,69,74,9740
T011213,E04869,Advanced Excel,2024-09-01,6,Online,Completed,77,82,3329
T011214,E04869,Leadership Essentials,2024-05-03,6,Classroom,Completed,43,61,1992
T011215,E04869,Negotiation,2025-03-07,6,Blended,Completed,41,69,8980
T011216,E04870,Python Analytics,2025-06-24,8,Blended,Completed,75,99,2218
T011217,E04870,Power BI,2026-01-08,8,Blended,Completed,44,65,9291
T011218,E04870,Python Analytics,2025-06-12,6,Blended,Completed,65,88,7612
T011219,E04871,Power BI,2026-01-16,2,Blended,Incomplete,70,76,3146
T011220,E04871,Cloud Fundamentals,2025-12-05,2,Classroom,Completed,40,66,5679
T011221,E04871,Advanced Excel,2026-02-19,16,Classroom,Completed,47,69,11353
T011222,E04872,Project Management,2026-05-13,8,Online,Completed,66,82,3405
T011223,E04873,Advanced Excel,2026-01-11,2,Online,Completed,74,96,8264
T011224,E04873,Python Analytics,2024-01-28,8,Online,Completed,49,70,4467
T011225,E04873,Cloud Fundamentals,2024-03-02,4,Blended,Completed,78,95,2527
T011226,E04874,Python Analytics,2026-08-08,16,Blended,Completed,78,83,9605
T011227,E04874,Communication Skills,2024-02-11,16,Classroom,Completed,65,81,7619
T011228,E04874,Advanced Excel,2024-01-27,2,Online,Completed,46,68,3530
T011229,E04874,Python Analytics,2025-12-11,12,Online,Completed,53,76,12820
T011230,E04874,Leadership Essentials,2025-10-12,24,Online,Completed,49,71,5603
T011231,E04875,Leadership Essentials,2025-11-23,8,Blended,Completed,44,54,4854
T011232,E04877,Project Management,2026-08-31,2,Classroom,Completed,56,65,2717
T011233,E04877,Negotiation,2024-12-02,16,Online,Completed,40,52,9656
T011234,E04877,Python Analytics,2026-07-23,6,Classroom,Completed,56,77,5585
T011235,E04880,Communication Skills,2026-08-12,6,Blended,Completed,43,66,1790
T011236,E04880,Data Privacy,2026-05-06,12,Blended,Completed,66,77,12549
T011237,E04880,Data Privacy,2026-07-03,16,Blended,Completed,62,70,7708
T011238,E04880,Negotiation,2026-08-23,4,Blended,Incomplete,47,65,13932
T011239,E04880,Leadership Essentials,2026-06-12,12,Classroom,Completed,48,61,10332
T011240,E04881,Negotiation,2026-06-07,8,Blended,Completed,76,98,12721
T011241,E04882,Leadership Essentials,2024-10-27,4,Blended,Completed,43,58,5652
T011242,E04883,Data Privacy,2026-01-29,12,Online,Completed,41,54,11710
T011243,E04883,Project Management,2024-03-13,6,Classroom,Completed,46,61,13596
T011244,E04883,Python Analytics,2024-03-01,4,Blended,Completed,41,64,10422
T011245,E04883,Data Privacy,2025-04-24,24,Blended,Completed,71,93,5541
T011246,E04886,Project Management,2024-08-10,4,Online,Completed,66,77,7412
T011247,E04886,Python Analytics,2024-11-03,24,Classroom,Completed,61,86,9304
T011248,E04886,Data Privacy,2024-01-10,4,Classroom,Completed,73,88,9625
T011249,E04886,Advanced Excel,2024-07-20,6,Classroom,Completed,77,88,13774
T011250,E04887,GenAI for Business,2026-05-19,8,Online,Completed,47,63,7234
T011251,E04887,GenAI for Business,2024-08-12,4,Blended,Incomplete,43,50,3304
T011252,E04887,Data Privacy,2025-01-02,2,Blended,Completed,45,64,1756
T011253,E04889,Python Analytics,2024-12-10,4,Online,Completed,73,93,14560
T011254,E04889,Data Privacy,2024-11-19,24,Online,Incomplete,77,100,10687
T011255,E04889,Communication Skills,2026-04-04,6,Blended,Completed,41,63,7916
T011256,E04890,Advanced Excel,2024-09-28,4,Blended,Incomplete,72,95,8995
T011257,E04890,Cloud Fundamentals,2026-01-31,2,Online,Completed,68,79,8828
T011258,E04891,Data Privacy,2024-11-02,8,Blended,Completed,60,75,5987
T011259,E04891,Cloud Fundamentals,2024-12-07,4,Blended,Completed,67,77,4677
T011260,E04891,Negotiation,2024-12-07,8,Online,Completed,46,56,3001
T011261,E04891,Project Management,2025-01-18,2,Blended,Completed,73,84,14561
T011262,E04891,Leadership Essentials,2024-10-20,6,Blended,Completed,47,73,2004
T011263,E04892,Leadership Essentials,2024-08-05,12,Blended,Completed,56,70,12790
T011264,E04892,Negotiation,2025-10-13,2,Blended,Completed,67,91,11586
T011265,E04893,Negotiation,2025-03-07,16,Online,Completed,45,55,1832
T011266,E04894,Cloud Fundamentals,2025-12-04,8,Online,Completed,58,82,11550
T011267,E04894,Cloud Fundamentals,2025-03-21,6,Blended,Completed,50,60,1695
T011268,E04894,Project Management,2024-12-11,16,Classroom,Completed,70,96,5001
T011269,E04895,Negotiation,2025-04-18,8,Classroom,Completed,55,63,8735
T011270,E04895,Python Analytics,2025-09-17,12,Online,Completed,55,73,7403
T011271,E04895,Data Privacy,2024-12-17,4,Classroom,Completed,63,89,9249
T011272,E04896,Communication Skills,2025-11-01,12,Classroom,Completed,62,68,11691
T011273,E04896,Negotiation,2025-09-27,4,Online,Completed,48,63,14409
T011274,E04896,Negotiation,2026-07-23,2,Blended,Completed,43,63,7913
T011275,E04897,Project Management,2024-01-11,2,Blended,Completed,49,71,4234
T011276,E04897,Data Privacy,2024-04-01,24,Online,Completed,41,67,10111
T011277,E04897,Communication Skills,2026-05-12,16,Classroom,Completed,73,79,2851
T011278,E04897,Advanced Excel,2025-09-20,16,Blended,Completed,71,87,4318
T011279,E04898,Project Management,2025-10-23,8,Blended,Completed,54,62,3289
T011280,E04898,Advanced Excel,2026-04-30,24,Online,Completed,50,64,5429
T011281,E04899,Advanced Excel,2026-04-16,24,Blended,Completed,57,75,12968
T011282,E04899,Data Privacy,2024-04-29,2,Classroom,Completed,70,84,11091
T011283,E04900,Communication Skills,2026-04-19,16,Classroom,Completed,67,88,3838
T011284,E04901,Data Privacy,2024-10-21,16,Blended,Incomplete,51,67,6055
T011285,E04901,GenAI for Business,2026-01-30,6,Blended,Incomplete,44,60,3763
T011286,E04901,Negotiation,2024-09-26,16,Blended,Incomplete,70,91,8242
T011287,E04901,Negotiation,2025-06-22,4,Classroom,Completed,46,54,11398
T011288,E04904,Communication Skills,2026-02-18,16,Blended,Incomplete,69,78,5416
T011289,E04904,GenAI for Business,2025-11-24,24,Online,Completed,46,74,6167
T011290,E04904,Cloud Fundamentals,2024-08-14,16,Classroom,Completed,68,86,12211
T011291,E04904,GenAI for Business,2024-11-05,8,Online,Completed,61,77,6323
T011292,E04904,Python Analytics,2026-05-22,16,Classroom,Completed,66,88,11999
T011293,E04905,Python Analytics,2026-02-22,16,Blended,Completed,62,85,2976
T011294,E04905,Project Management,2025-01-25,12,Online,Completed,77,100,4834
T011295,E04905,Cloud Fundamentals,2025-10-27,24,Online,Completed,53,66,6613
T011296,E04905,Advanced Excel,2024-05-20,16,Classroom,Completed,46,63,9516
T011297,E04905,Communication Skills,2025-02-09,2,Blended,Completed,63,79,6073
T011298,E04906,Advanced Excel,2024-06-10,16,Blended,Completed,57,75,4445
T011299,E04906,Negotiation,2025-06-21,6,Blended,Completed,74,81,3408
T011300,E04906,GenAI for Business,2025-11-07,6,Blended,Completed,47,70,8080
T011301,E04907,Cloud Fundamentals,2026-08-29,4,Online,Completed,46,57,9468
T011302,E04907,GenAI for Business,2024-10-02,2,Online,Completed,51,56,6533
T011303,E04907,GenAI for Business,2024-11-12,12,Classroom,Completed,63,70,14512
T011304,E04907,Data Privacy,2025-02-02,4,Online,Completed,69,92,8791
T011305,E04908,Power BI,2024-09-14,6,Classroom,Completed,53,59,4212
T011306,E04908,Advanced Excel,2024-05-13,8,Classroom,Completed,51,56,11119
T011307,E04908,Communication Skills,2024-07-26,16,Classroom,Completed,48,76,9658
T011308,E04909,Leadership Essentials,2025-02-19,4,Classroom,Completed,51,75,6894
T011309,E04911,Project Management,2025-10-09,8,Blended,Completed,41,49,7025
T011310,E04911,Project Management,2025-10-25,24,Blended,Completed,44,61,7151
T011311,E04911,GenAI for Business,2025-11-04,12,Classroom,Completed,68,86,11714
T011312,E04911,Negotiation,2025-12-10,2,Online,Completed,41,64,9902
T011313,E04912,Power BI,2025-12-03,24,Blended,Completed,63,84,5214
T011314,E04912,Cloud Fundamentals,2025-06-06,2,Classroom,Completed,50,61,11619
T011315,E04912,Project Management,2026-06-23,12,Classroom,Completed,73,90,7901
T011316,E04912,Cloud Fundamentals,2024-04-02,2,Online,Completed,60,82,5874
T011317,E04913,Project Management,2026-08-15,6,Online,Completed,49,56,14744
T011318,E04913,Project Management,2026-08-16,6,Online,Completed,77,100,2723
T011319,E04913,Leadership Essentials,2026-06-08,4,Blended,Completed,49,72,12378
T011320,E04913,Data Privacy,2026-05-19,4,Blended,Completed,51,74,1752
T011321,E04915,Negotiation,2025-10-14,2,Classroom,Incomplete,72,84,8833
T011322,E04915,Python Analytics,2025-01-01,4,Blended,Completed,68,96,7484
T011323,E04916,Python Analytics,2026-05-30,8,Blended,Completed,47,68,12869
T011324,E04916,Advanced Excel,2025-07-22,12,Online,Completed,57,63,10591
T011325,E04917,Power BI,2025-09-21,24,Online,Completed,78,84,8291
T011326,E04917,Python Analytics,2025-08-09,12,Classroom,Completed,66,81,5725
T011327,E04917,Advanced Excel,2024-09-19,8,Classroom,Completed,71,98,13911
T011328,E04917,GenAI for Business,2024-09-08,6,Blended,Completed,63,89,8506
T011329,E04919,Power BI,2025-04-06,8,Blended,Completed,75,88,5345
T011330,E04919,Negotiation,2025-11-11,16,Classroom,Completed,57,73,4745
T011331,E04919,Python Analytics,2025-11-17,16,Blended,Completed,52,69,4065
T011332,E04919,Negotiation,2024-09-01,8,Classroom,Completed,69,85,7333
T011333,E04919,Negotiation,2025-11-21,2,Classroom,Completed,65,86,3768
T011334,E04920,Power BI,2025-11-19,12,Online,Completed,45,58,7412
T011335,E04920,Data Privacy,2026-05-14,16,Blended,Completed,58,63,12175
T011336,E04920,Leadership Essentials,2026-03-24,16,Classroom,Completed,57,80,7002
T011337,E04921,Project Management,2024-11-27,8,Online,Completed,53,62,4036
T011338,E04921,GenAI for Business,2025-02-01,24,Blended,Completed,74,88,13994
T011339,E04924,Project Management,2025-11-16,12,Blended,Completed,43,57,9229
T011340,E04924,Cloud Fundamentals,2026-07-29,24,Blended,Completed,51,61,1798
T011341,E04925,Project Management,2025-07-24,12,Classroom,Completed,51,77,9242
T011342,E04925,Power BI,2025-03-05,16,Blended,Completed,61,83,3960
T011343,E04926,Cloud Fundamentals,2024-10-16,6,Online,Completed,65,71,6977
T011344,E04927,Power BI,2026-05-30,2,Online,Completed,68,80,5526
T011345,E04927,Cloud Fundamentals,2026-03-12,12,Online,Completed,44,52,6159
T011346,E04927,Power BI,2025-06-13,12,Classroom,Completed,58,78,10178
T011347,E04927,Negotiation,2026-03-17,12,Classroom,Completed,46,64,9984
T011348,E04928,Project Management,2026-05-31,6,Blended,Completed,68,87,7254
T011349,E04928,Leadership Essentials,2025-12-19,6,Blended,Completed,62,68,3944
T011350,E04928,Negotiation,2025-07-02,24,Blended,Incomplete,43,53,1825
T011351,E04928,Project Management,2025-11-11,8,Online,Completed,59,85,12688
T011352,E04929,Python Analytics,2026-02-11,2,Online,Completed,46,51,3302
T011353,E04930,GenAI for Business,2025-09-09,24,Online,Completed,75,81,5752
T011354,E04931,Project Management,2025-10-18,12,Online,Incomplete,73,83,8525
T011355,E04931,Cloud Fundamentals,2025-06-10,4,Blended,Completed,78,88,10349
T011356,E04934,Advanced Excel,2024-06-19,6,Blended,Completed,64,72,6771
T011357,E04936,Project Management,2025-10-06,24,Classroom,Incomplete,42,53,5919
T011358,E04936,Leadership Essentials,2025-09-22,2,Classroom,Completed,49,77,4142
T011359,E04937,Communication Skills,2025-04-25,24,Online,Completed,65,86,2676
T011360,E04937,Cloud Fundamentals,2026-08-30,8,Classroom,Completed,58,70,4007
T011361,E04937,Advanced Excel,2025-10-16,8,Blended,Completed,55,69,10284
T011362,E04937,Negotiation,2026-08-04,8,Online,Completed,40,57,11935
T011363,E04937,Advanced Excel,2024-03-23,12,Blended,Completed,75,100,5360
T011364,E04938,Data Privacy,2025-05-07,12,Classroom,Completed,49,68,13876
T011365,E04938,Project Management,2025-08-12,2,Blended,Completed,78,83,7947
T011366,E04939,Cloud Fundamentals,2025-07-21,16,Online,Completed,56,71,7367
T011367,E04939,Leadership Essentials,2025-06-10,12,Blended,Completed,49,62,1538
T011368,E04939,Leadership Essentials,2024-03-03,12,Blended,Completed,46,71,13043
T011369,E04940,Communication Skills,2026-03-13,2,Blended,Completed,40,61,9310
T011370,E04940,Advanced Excel,2026-02-05,4,Classroom,Completed,71,81,14754
T011371,E04940,Cloud Fundamentals,2025-04-13,24,Blended,Completed,40,67,13877
T011372,E04941,GenAI for Business,2025-09-13,12,Blended,Completed,66,84,3265
T011373,E04941,Leadership Essentials,2025-09-28,4,Online,Completed,74,87,7378
T011374,E04941,Project Management,2025-11-22,12,Classroom,Completed,60,77,2524
T011375,E04942,Power BI,2025-02-17,16,Classroom,Completed,44,61,6472
T011376,E04942,Communication Skills,2025-05-26,4,Classroom,Completed,66,73,13205
T011377,E04942,Data Privacy,2026-04-01,16,Classroom,Completed,55,69,5759
T011378,E04944,Leadership Essentials,2025-06-19,4,Blended,Completed,49,56,1913
T011379,E04944,Data Privacy,2026-04-18,24,Blended,Completed,52,77,5492
T011380,E04944,Python Analytics,2026-05-13,6,Online,Completed,70,75,4110
T011381,E04944,Python Analytics,2025-04-23,4,Classroom,Incomplete,55,77,13530
T011382,E04945,Negotiation,2024-09-05,6,Online,Incomplete,50,73,14103
T011383,E04948,Data Privacy,2024-10-28,2,Blended,Completed,73,85,4089
T011384,E04948,Python Analytics,2026-01-11,24,Blended,Completed,49,68,11028
T011385,E04949,Negotiation,2025-05-22,16,Classroom,Completed,62,78,2548
T011386,E04949,Communication Skills,2024-05-20,16,Classroom,Completed,56,79,8777
T011387,E04949,Negotiation,2025-04-30,24,Online,Completed,43,51,5891
T011388,E04949,Power BI,2024-07-28,8,Classroom,Completed,50,66,12125
T011389,E04950,Project Management,2025-09-10,12,Classroom,Completed,43,58,2677
T011390,E04950,Negotiation,2025-11-13,16,Classroom,Completed,48,64,10933
T011391,E04950,Communication Skills,2025-12-13,24,Online,Completed,50,61,11435
T011392,E04950,Communication Skills,2025-03-18,4,Online,Completed,76,89,9751
T011393,E04950,Advanced Excel,2026-08-04,2,Online,Completed,53,74,14457
T011394,E04951,Data Privacy,2026-05-25,24,Blended,Completed,59,85,11380
T011395,E04952,Communication Skills,2026-05-21,12,Classroom,Completed,66,82,13669
T011396,E04952,Advanced Excel,2025-01-05,24,Classroom,Completed,66,88,5871
T011397,E04952,Power BI,2025-03-19,12,Blended,Completed,60,69,13731
T011398,E04952,Negotiation,2026-04-13,8,Blended,Completed,68,84,4803
T011399,E04952,GenAI for Business,2025-12-19,12,Online,Completed,69,89,14506
T011400,E04953,Leadership Essentials,2025-11-20,2,Online,Completed,64,90,2406
T011401,E04954,GenAI for Business,2025-09-04,12,Blended,Completed,71,88,14592
T011402,E04955,GenAI for Business,2026-06-08,8,Online,Completed,45,58,10441
T011403,E04955,Data Privacy,2024-08-30,16,Classroom,Completed,63,90,3396
T011404,E04955,GenAI for Business,2026-04-23,12,Classroom,Completed,61,79,2527
T011405,E04955,Data Privacy,2024-07-05,12,Blended,Completed,53,69,13876
T011406,E04956,Power BI,2026-06-09,6,Online,Completed,63,82,1843
T011407,E04956,Advanced Excel,2026-01-11,24,Blended,Completed,78,89,12469
T011408,E04956,Communication Skills,2026-04-07,24,Online,Completed,47,59,5336
T011409,E04957,Leadership Essentials,2026-05-18,6,Online,Completed,51,59,3912
T011410,E04957,Power BI,2025-11-21,6,Classroom,Completed,57,85,11035
T011411,E04957,Leadership Essentials,2024-11-15,2,Classroom,Completed,69,82,11449
T011412,E04958,Cloud Fundamentals,2026-08-05,12,Classroom,Completed,65,73,4318
T011413,E04958,GenAI for Business,2025-10-10,4,Blended,Completed,76,88,5172
T011414,E04958,Power BI,2026-03-18,6,Classroom,Completed,48,55,8045
T011415,E04958,Data Privacy,2025-11-05,4,Blended,Incomplete,41,56,2713
T011416,E04959,Data Privacy,2024-09-30,24,Blended,Completed,49,68,2831
T011417,E04959,Negotiation,2024-04-14,12,Online,Completed,41,68,7640
T011418,E04959,Advanced Excel,2026-07-21,16,Classroom,Completed,74,81,12561
T011419,E04959,Project Management,2024-01-11,2,Online,Completed,41,64,5687
T011420,E04960,Project Management,2025-02-03,4,Classroom,Completed,50,66,11233
T011421,E04963,Advanced Excel,2025-10-25,2,Blended,Completed,74,79,3446
T011422,E04963,Python Analytics,2024-03-24,8,Online,Completed,51,79,10657
T011423,E04963,Advanced Excel,2024-07-01,24,Classroom,Completed,42,64,8053
T011424,E04964,Advanced Excel,2024-02-23,8,Online,Completed,42,62,7539
T011425,E04964,GenAI for Business,2024-01-01,24,Online,Completed,66,90,12005
T011426,E04964,Data Privacy,2024-10-30,12,Classroom,Completed,54,71,5230
T011427,E04964,Communication Skills,2026-07-13,24,Classroom,Completed,53,65,11663
T011428,E04964,Communication Skills,2024-02-10,8,Classroom,Completed,43,54,4519
T011429,E04965,GenAI for Business,2025-06-15,24,Classroom,Completed,54,78,13197
T011430,E04965,GenAI for Business,2025-12-07,6,Blended,Completed,58,80,14698
T011431,E04966,Data Privacy,2025-06-04,12,Classroom,Completed,73,100,6450
T011432,E04966,Communication Skills,2026-03-01,16,Blended,Completed,64,92,8475
T011433,E04966,Project Management,2026-05-23,2,Classroom,Completed,71,77,6732
T011434,E04966,Python Analytics,2026-05-07,24,Classroom,Incomplete,48,63,12422
T011435,E04967,Python Analytics,2024-02-19,24,Online,Completed,41,61,14134
T011436,E04967,Python Analytics,2024-10-28,2,Classroom,Incomplete,49,71,11028
T011437,E04967,Project Management,2024-03-15,16,Online,Completed,75,99,9002
T011438,E04968,Cloud Fundamentals,2024-04-20,4,Blended,Completed,64,84,6423
T011439,E04968,Negotiation,2024-05-17,6,Classroom,Completed,57,76,9780
T011440,E04968,Data Privacy,2024-10-11,2,Classroom,Completed,59,71,14917
T011441,E04969,Advanced Excel,2024-01-05,16,Online,Completed,68,83,5136
T011442,E04969,Communication Skills,2024-01-09,6,Online,Completed,70,87,1571
T011443,E04969,Negotiation,2024-01-12,16,Classroom,Completed,56,75,11238
T011444,E04969,Cloud Fundamentals,2024-01-17,4,Blended,Completed,67,76,6465
T011445,E04969,Communication Skills,2024-01-07,16,Online,Completed,75,89,10575
T011446,E04970,Data Privacy,2024-01-04,6,Blended,Completed,67,88,10834
T011447,E04970,Communication Skills,2025-04-06,8,Blended,Completed,50,55,12322
T011448,E04970,Data Privacy,2025-10-11,12,Classroom,Incomplete,64,78,3031
T011449,E04970,GenAI for Business,2024-03-20,6,Blended,Incomplete,44,66,12749
T011450,E04971,Communication Skills,2026-02-16,6,Classroom,Completed,50,77,2742
T011451,E04971,Power BI,2026-07-01,6,Blended,Completed,72,88,3908
T011452,E04971,Python Analytics,2026-05-06,12,Online,Completed,59,66,5881
T011453,E04972,Project Management,2026-06-23,2,Online,Completed,65,86,4522
T011454,E04973,Python Analytics,2025-04-01,12,Classroom,Completed,76,94,8892
T011455,E04973,Negotiation,2025-11-26,6,Blended,Completed,56,82,8333
T011456,E04973,Cloud Fundamentals,2026-08-01,24,Classroom,Completed,64,89,13796
T011457,E04973,Leadership Essentials,2025-10-09,24,Blended,Completed,44,69,12047
T011458,E04973,Power BI,2025-12-11,24,Online,Completed,65,86,7444
T011459,E04976,Python Analytics,2026-01-26,12,Classroom,Completed,51,63,9903
T011460,E04977,Python Analytics,2025-11-24,16,Blended,Completed,65,91,7531
T011461,E04977,Leadership Essentials,2025-04-07,4,Blended,Completed,67,86,6306
T011462,E04978,Project Management,2024-04-09,8,Blended,Completed,46,54,9116
T011463,E04978,Negotiation,2024-03-07,16,Online,Completed,49,54,10430
T011464,E04978,Power BI,2024-04-30,6,Blended,Completed,59,74,9611
T011465,E04978,Leadership Essentials,2025-04-01,24,Blended,Completed,64,76,9953
T011466,E04979,Communication Skills,2026-01-09,12,Classroom,Completed,54,73,14384
T011467,E04979,Cloud Fundamentals,2025-12-03,24,Classroom,Completed,69,86,10412
T011468,E04979,Python Analytics,2026-08-27,16,Online,Completed,50,73,6688
T011469,E04979,Python Analytics,2026-01-10,16,Blended,Incomplete,62,86,10635
T011470,E04982,Data Privacy,2024-10-11,16,Blended,Completed,48,55,6797
T011471,E04982,Advanced Excel,2024-02-14,6,Blended,Completed,54,68,8140
T011472,E04982,Leadership Essentials,2024-07-12,6,Blended,Completed,61,71,7089
T011473,E04983,Negotiation,2026-02-01,12,Blended,Completed,63,84,4950
T011474,E04983,Cloud Fundamentals,2025-07-22,2,Online,Completed,76,81,6240
T011475,E04983,Advanced Excel,2025-12-24,2,Blended,Completed,52,73,9612
T011476,E04983,Cloud Fundamentals,2026-08-06,6,Blended,Completed,47,64,3026
T011477,E04983,Project Management,2025-12-19,12,Online,Completed,70,86,9682
T011478,E04984,Communication Skills,2024-03-29,6,Classroom,Completed,74,94,12231
T011479,E04984,Negotiation,2024-06-02,16,Classroom,Completed,76,87,3187
T011480,E04984,Data Privacy,2026-05-20,24,Blended,Completed,66,75,1660
T011481,E04985,Python Analytics,2026-05-22,24,Blended,Completed,51,71,4269
T011482,E04985,Negotiation,2024-09-13,4,Online,Completed,78,92,3846
T011483,E04985,Python Analytics,2026-06-07,24,Blended,Completed,77,100,8722
T011484,E04985,Power BI,2024-05-21,4,Online,Completed,59,71,7996
T011485,E04986,Negotiation,2026-08-20,24,Blended,Completed,58,81,9256
T011486,E04986,Python Analytics,2026-05-29,2,Classroom,Completed,51,74,14959
T011487,E04986,Power BI,2026-06-29,6,Classroom,Completed,50,56,12498
T011488,E04987,Cloud Fundamentals,2026-06-07,16,Blended,Completed,46,56,4366
T011489,E04987,Python Analytics,2025-02-08,16,Online,Completed,67,79,4137
T011490,E04987,Negotiation,2026-04-10,2,Blended,Completed,40,51,8038
T011491,E04988,Data Privacy,2025-03-13,2,Classroom,Completed,64,89,10386
T011492,E04988,Advanced Excel,2025-03-29,24,Blended,Completed,48,55,2976
T011493,E04988,Negotiation,2025-03-01,2,Blended,Completed,67,78,13899
T011494,E04988,Data Privacy,2026-07-15,24,Online,Completed,44,56,6283
T011495,E04989,Power BI,2025-07-17,12,Online,Completed,62,79,10793
T011496,E04989,Cloud Fundamentals,2026-08-11,12,Blended,Completed,44,67,3013
T011497,E04989,Python Analytics,2025-02-10,6,Blended,Completed,64,92,13654
T011498,E04989,Project Management,2025-03-20,24,Classroom,Completed,58,79,10682
T011499,E04989,Data Privacy,2025-03-25,2,Classroom,Completed,51,74,12717
T011500,E04990,Project Management,2026-02-02,6,Classroom,Completed,51,70,1742
T011501,E04991,Negotiation,2025-04-27,24,Online,Completed,50,68,8273
T011502,E04991,Leadership Essentials,2025-02-20,24,Blended,Completed,71,77,9330
T011503,E04991,GenAI for Business,2025-07-12,16,Online,Completed,51,59,12879
T011504,E04992,Communication Skills,2026-06-18,16,Classroom,Completed,47,75,14979
T011505,E04992,GenAI for Business,2025-02-25,12,Classroom,Completed,54,70,10015
T011506,E04992,Leadership Essentials,2025-05-19,16,Online,Completed,47,60,8098
T011507,E04992,Data Privacy,2024-07-22,4,Blended,Completed,72,79,7715
T011508,E04992,Data Privacy,2025-06-04,8,Blended,Incomplete,49,73,6020
T011509,E04993,Python Analytics,2024-08-09,16,Online,Completed,61,70,2675
T011510,E04993,Data Privacy,2025-12-09,16,Online,Completed,41,55,11925
T011511,E04996,Negotiation,2025-11-07,2,Classroom,Completed,57,82,2634
T011512,E04996,Negotiation,2025-04-02,24,Online,Completed,77,90,11660
T011513,E04996,Advanced Excel,2026-04-01,4,Blended,Incomplete,44,53,8645
T011514,E04996,Data Privacy,2026-05-14,12,Blended,Completed,51,70,13932
T011515,E04996,Negotiation,2024-12-29,6,Online,Completed,56,79,11626
T011516,E04997,Communication Skills,2026-08-13,16,Online,Completed,49,72,2049
T011517,E04998,GenAI for Business,2026-01-09,12,Blended,Completed,55,79,9448
T011518,E04998,Python Analytics,2026-06-19,12,Blended,Completed,50,74,13123
T011519,E04998,Advanced Excel,2026-07-03,6,Online,Completed,72,92,5315
T011520,E04998,Python Analytics,2025-04-04,4,Classroom,Completed,50,73,5476
T011521,E04999,Leadership Essentials,2026-06-29,8,Online,Incomplete,56,80,2727
T011522,E04999,Project Management,2026-06-14,4,Online,Completed,45,66,1521
T011523,E04999,Data Privacy,2025-12-20,24,Classroom,Completed,54,74,12169
T011524,E04999,Leadership Essentials,2025-03-24,8,Classroom,Completed,68,94,10514
T011525,E04999,Negotiation,2024-07-24,6,Classroom,Completed,62,89,4396
