Employee_ID,Survey_Date,Engagement_Score,Manager_Support_Score,Career_Growth_Score,Rewards_Score,Wellbeing_Score,Belonging_Score,eNPS_0_10,Anonymous_Comment
E00001,2025-06-30,69.6,48,46,92,74,49,8,Happy with flexibility
E00001,2026-06-30,77.2,64,90,79,82,52,0,Compensation could improve
E00002,2025-06-30,61.2,61,40,54,62,85,2,Need clearer career path
E00002,2026-06-30,63.8,57,68,54,67,63,1,Need clearer career path
E00003,2025-06-30,80.7,87,41,77,83,83,3,Strong team culture
E00003,2026-06-30,51.3,62,40,63,45,65,6,Strong team culture
E00004,2025-06-30,78.1,55,63,87,70,87,4,Good manager support
E00004,2026-06-30,78.8,75,93,86,71,88,5,Strong team culture
E00006,2025-06-30,63.3,73,59,44,87,51,6,Workload is high
E00006,2026-06-30,64.6,87,72,56,60,51,9,No comment
E00007,2025-06-30,58.8,78,72,48,41,47,4,Happy with flexibility
E00007,2026-06-30,62.5,73,60,69,40,89,6,No comment
E00008,2025-06-30,67.8,66,64,52,82,53,6,Workload is high
E00008,2026-06-30,69.6,59,69,68,52,92,5,Need more learning opportunities
E00009,2025-06-30,73.9,74,46,68,59,93,6,Need more learning opportunities
E00009,2026-06-30,62.0,49,80,44,49,60,10,No comment
E00010,2025-06-30,63.5,52,43,40,86,81,7,No comment
E00010,2026-06-30,74.1,68,88,78,51,82,7,Happy with flexibility
E00011,2025-06-30,75.8,78,92,72,55,66,8,Strong team culture
E00011,2026-06-30,61.2,55,46,63,68,77,7,Need more learning opportunities
E00013,2025-06-30,51.9,65,48,41,55,56,7,Good manager support
E00013,2026-06-30,78.8,59,57,89,95,93,5,Happy with flexibility
E00015,2025-06-30,67.3,91,73,55,48,51,2,Happy with flexibility
E00015,2026-06-30,59.9,63,94,47,45,77,9,No comment
E00016,2025-06-30,62.8,48,75,44,68,52,9,Compensation could improve
E00016,2026-06-30,62.2,93,43,79,64,60,6,Good manager support
E00017,2025-06-30,64.5,92,65,58,54,57,0,Need clearer career path
E00017,2026-06-30,58.9,61,60,73,42,64,1,Workload is high
E00018,2026-06-30,67.7,68,71,54,48,87,10,Happy with flexibility
E00020,2025-06-30,69.4,61,65,74,57,86,4,Workload is high
E00020,2026-06-30,69.2,80,64,71,53,80,6,Need clearer career path
E00021,2025-06-30,63.3,62,49,75,88,83,9,Need more learning opportunities
E00021,2026-06-30,83.6,92,61,88,59,96,8,No comment
E00022,2025-06-30,63.2,67,45,45,69,80,5,Happy with flexibility
E00022,2026-06-30,69.5,67,88,56,68,85,7,No comment
E00024,2025-06-30,73.8,70,95,78,61,56,7,Need more learning opportunities
E00024,2026-06-30,68.3,74,79,73,43,87,5,Strong team culture
E00025,2025-06-30,73.3,67,86,87,85,74,6,Need clearer career path
E00025,2026-06-30,74.4,52,90,89,41,95,1,Strong team culture
E00027,2025-06-30,64.8,93,48,42,65,78,8,Good manager support
E00027,2026-06-30,57.5,51,50,50,55,59,1,Need clearer career path
E00028,2026-06-30,57.1,81,49,51,47,77,5,Compensation could improve
E00030,2025-06-30,75.8,68,67,83,77,74,5,Workload is high
E00030,2026-06-30,72.3,69,68,84,71,69,10,Compensation could improve
E00032,2025-06-30,67.0,67,69,59,67,89,7,Compensation could improve
E00032,2026-06-30,53.0,72,64,56,54,68,7,Workload is high
E00033,2025-06-30,83.4,88,93,92,43,83,7,Strong team culture
E00033,2026-06-30,54.0,76,41,44,51,58,6,Good manager support
E00034,2025-06-30,67.9,57,82,43,51,89,2,Compensation could improve
E00034,2026-06-30,80.9,92,71,88,95,73,7,Need clearer career path
E00035,2025-06-30,56.8,48,69,51,67,62,1,Compensation could improve
E00035,2026-06-30,64.8,47,48,69,43,97,0,Strong team culture
E00036,2025-06-30,79.8,53,62,79,90,67,0,Need clearer career path
E00036,2026-06-30,79.2,78,91,48,96,81,6,Need clearer career path
E00037,2025-06-30,62.8,94,55,47,51,72,8,Happy with flexibility
E00037,2026-06-30,75.5,93,57,51,86,55,7,No comment
E00038,2025-06-30,60.8,68,43,70,55,53,6,Compensation could improve
E00038,2026-06-30,82.6,93,81,73,56,96,10,Happy with flexibility
E00040,2026-06-30,68.8,77,58,66,52,98,8,Good manager support
E00041,2025-06-30,62.7,62,63,53,51,74,1,Strong team culture
E00041,2026-06-30,79.4,75,61,89,50,83,3,Happy with flexibility
E00043,2026-06-30,65.6,49,81,38,90,47,2,Good manager support
E00044,2025-06-30,75.2,80,45,48,93,93,1,Happy with flexibility
E00044,2026-06-30,65.5,75,60,55,94,49,8,Need more learning opportunities
E00045,2025-06-30,72.0,64,49,75,86,87,0,Need clearer career path
E00045,2026-06-30,63.9,85,68,40,79,82,5,Compensation could improve
E00046,2025-06-30,61.7,52,40,74,91,73,3,Happy with flexibility
E00046,2026-06-30,67.5,45,55,53,94,70,10,Strong team culture
E00047,2025-06-30,85.2,95,66,85,94,62,2,Need clearer career path
E00047,2026-06-30,50.4,45,60,83,44,71,2,Good manager support
E00048,2025-06-30,61.9,69,44,75,83,55,3,Happy with flexibility
E00048,2026-06-30,74.4,91,81,87,58,64,10,Good manager support
E00049,2025-06-30,59.1,69,71,69,78,49,9,Strong team culture
E00049,2026-06-30,71.4,89,69,75,43,75,4,Need more learning opportunities
E00050,2025-06-30,82.7,91,92,66,87,53,2,Happy with flexibility
E00050,2026-06-30,51.5,47,74,45,44,48,7,Happy with flexibility
E00051,2025-06-30,72.3,86,84,49,67,79,5,Good manager support
E00051,2026-06-30,57.7,77,44,46,80,49,7,Good manager support
E00052,2025-06-30,73.5,67,62,75,89,72,3,No comment
E00052,2026-06-30,68.5,60,59,57,91,70,6,Strong team culture
E00053,2025-06-30,69.0,91,81,74,45,81,6,Workload is high
E00053,2026-06-30,68.7,86,55,40,69,87,1,Happy with flexibility
E00055,2025-06-30,81.6,90,88,67,73,78,8,Happy with flexibility
E00055,2026-06-30,62.7,60,88,42,50,85,2,Strong team culture
E00056,2025-06-30,76.2,45,95,83,40,80,10,Workload is high
E00056,2026-06-30,68.3,58,57,91,40,67,10,Need clearer career path
E00057,2025-06-30,68.3,79,40,80,62,80,6,Compensation could improve
E00057,2026-06-30,57.0,46,81,47,50,58,8,Strong team culture
E00058,2025-06-30,66.4,77,46,39,83,62,10,Compensation could improve
E00058,2026-06-30,58.0,92,71,48,51,59,0,Happy with flexibility
E00059,2026-06-30,52.4,56,49,64,42,70,1,No comment
E00060,2025-06-30,73.1,60,71,66,79,96,7,Happy with flexibility
E00060,2026-06-30,81.4,83,41,83,89,88,10,Happy with flexibility
E00061,2025-06-30,66.7,59,68,62,90,63,4,No comment
E00061,2026-06-30,63.0,59,77,55,96,46,7,No comment
E00063,2025-06-30,60.0,86,61,53,41,76,4,No comment
E00063,2026-06-30,63.6,75,53,38,91,69,10,No comment
E00064,2025-06-30,63.2,54,80,57,60,48,8,Happy with flexibility
E00064,2026-06-30,72.0,59,84,73,65,81,9,Happy with flexibility
E00066,2025-06-30,78.7,90,66,68,86,89,7,Happy with flexibility
E00066,2026-06-30,60.7,79,67,41,43,57,0,Happy with flexibility
E00067,2025-06-30,63.9,75,69,62,48,73,9,No comment
E00067,2026-06-30,53.0,46,41,42,75,57,8,No comment
E00069,2025-06-30,78.2,72,65,74,65,85,7,Workload is high
E00069,2026-06-30,67.8,52,59,78,91,66,3,Need more learning opportunities
E00071,2025-06-30,76.4,80,54,83,41,84,6,Good manager support
E00071,2026-06-30,66.6,50,93,64,60,73,4,Strong team culture
E00072,2025-06-30,62.5,61,68,48,67,93,8,Good manager support
E00072,2026-06-30,66.9,89,67,66,46,62,5,Need clearer career path
E00074,2025-06-30,71.7,61,60,53,81,84,3,Strong team culture
E00074,2026-06-30,85.9,92,81,87,75,92,8,Need clearer career path
E00075,2025-06-30,84.2,77,59,79,86,93,0,Need more learning opportunities
E00075,2026-06-30,68.9,67,73,45,96,62,4,Need clearer career path
E00076,2026-06-30,64.0,57,67,77,44,68,1,Workload is high
E00077,2025-06-30,79.5,91,47,84,80,66,5,Need more learning opportunities
E00077,2026-06-30,78.7,91,48,69,68,94,2,Good manager support
E00078,2025-06-30,60.9,46,63,61,60,77,1,Happy with flexibility
E00078,2026-06-30,68.6,89,84,65,43,84,7,Need more learning opportunities
E00079,2025-06-30,61.5,92,40,48,65,84,5,No comment
E00079,2026-06-30,66.2,77,50,85,55,83,9,Need more learning opportunities
E00080,2025-06-30,78.2,70,48,80,72,94,10,No comment
E00080,2026-06-30,74.2,88,60,84,86,45,10,No comment
E00081,2025-06-30,73.6,81,90,72,58,72,3,Need clearer career path
E00081,2026-06-30,64.0,73,43,44,93,79,4,Good manager support
E00083,2025-06-30,68.8,90,45,61,88,62,1,Compensation could improve
E00083,2026-06-30,55.1,59,68,53,43,68,10,Happy with flexibility
E00084,2025-06-30,62.6,85,91,39,49,64,10,Compensation could improve
E00084,2026-06-30,53.4,54,49,62,44,73,7,Need clearer career path
E00085,2025-06-30,60.0,46,47,75,69,51,9,Workload is high
E00085,2026-06-30,61.2,63,59,80,42,63,6,No comment
E00086,2026-06-30,65.0,73,73,85,80,45,4,Need clearer career path
E00087,2025-06-30,72.7,88,74,45,75,78,0,Happy with flexibility
E00087,2026-06-30,68.6,92,66,40,64,76,0,Workload is high
E00088,2025-06-30,73.1,47,44,69,87,87,5,Need clearer career path
E00088,2026-06-30,68.2,72,82,64,45,76,2,Need clearer career path
E00089,2025-06-30,63.5,50,85,49,74,61,3,Need clearer career path
E00089,2026-06-30,63.4,48,64,65,72,64,5,Workload is high
E00090,2025-06-30,62.6,89,61,48,90,45,4,No comment
E00090,2026-06-30,66.0,70,60,51,69,61,0,Compensation could improve
E00091,2025-06-30,61.3,70,43,86,42,74,9,Good manager support
E00091,2026-06-30,76.4,88,50,87,51,80,1,Compensation could improve
E00092,2025-06-30,74.2,95,77,79,60,90,10,Strong team culture
E00092,2026-06-30,65.7,50,95,75,44,55,4,Need more learning opportunities
E00093,2025-06-30,80.7,82,55,75,81,86,6,Strong team culture
E00093,2026-06-30,74.1,94,74,89,63,54,6,Need more learning opportunities
E00094,2025-06-30,77.7,95,59,90,86,80,9,Compensation could improve
E00094,2026-06-30,56.3,46,50,42,80,70,9,Strong team culture
E00095,2026-06-30,62.7,76,92,39,79,70,6,Strong team culture
E00096,2025-06-30,78.9,75,95,91,56,84,5,Happy with flexibility
E00096,2026-06-30,55.4,45,48,66,50,61,5,Need clearer career path
E00098,2025-06-30,50.8,48,42,43,42,75,0,Workload is high
E00099,2026-06-30,60.7,68,59,46,77,59,0,Happy with flexibility
E00100,2025-06-30,74.3,80,78,50,59,61,6,No comment
E00100,2026-06-30,65.6,48,55,52,71,87,6,No comment
E00103,2025-06-30,72.4,61,45,87,96,83,1,Need more learning opportunities
E00103,2026-06-30,60.7,51,75,62,41,62,3,Good manager support
E00104,2025-06-30,66.1,84,52,87,59,51,0,Compensation could improve
E00104,2026-06-30,61.1,49,87,63,52,60,2,Need more learning opportunities
E00105,2025-06-30,68.3,50,77,81,62,66,2,No comment
E00105,2026-06-30,73.9,79,73,90,64,65,10,Need clearer career path
E00106,2025-06-30,67.4,56,66,66,72,60,1,Compensation could improve
E00106,2026-06-30,73.2,86,72,49,57,81,3,Strong team culture
E00107,2025-06-30,68.0,55,73,77,93,57,2,Compensation could improve
E00109,2025-06-30,72.9,65,89,71,56,79,3,Workload is high
E00109,2026-06-30,66.8,47,82,91,47,53,2,Good manager support
E00110,2025-06-30,84.2,92,63,88,84,64,9,Good manager support
E00110,2026-06-30,61.4,78,51,47,40,91,5,Good manager support
E00111,2025-06-30,64.0,78,82,49,52,67,5,Need clearer career path
E00111,2026-06-30,57.0,76,66,45,73,45,9,Happy with flexibility
E00112,2025-06-30,65.7,87,74,47,59,65,9,Strong team culture
E00112,2026-06-30,59.2,63,58,49,54,63,4,Good manager support
E00113,2025-06-30,66.7,48,83,65,40,56,6,Compensation could improve
E00113,2026-06-30,72.6,52,74,70,73,90,2,Compensation could improve
E00116,2025-06-30,62.9,57,41,67,55,88,2,Good manager support
E00116,2026-06-30,64.2,66,49,40,89,85,10,Strong team culture
E00117,2025-06-30,68.0,56,40,65,88,91,10,Need clearer career path
E00117,2026-06-30,58.0,84,53,52,48,71,1,Strong team culture
E00118,2025-06-30,74.6,72,92,74,62,88,7,Need clearer career path
E00118,2026-06-30,72.5,63,62,73,56,85,8,Workload is high
E00119,2025-06-30,77.8,57,80,71,93,80,2,Happy with flexibility
E00119,2026-06-30,55.9,68,61,41,46,57,8,No comment
E00120,2025-06-30,75.9,71,89,59,78,65,3,Workload is high
E00120,2026-06-30,75.5,45,43,80,88,97,8,Happy with flexibility
E00121,2025-06-30,67.8,70,66,64,74,85,5,Good manager support
E00121,2026-06-30,71.7,48,93,75,78,66,4,No comment
E00122,2026-06-30,73.3,68,60,66,96,89,1,Need more learning opportunities
E00123,2025-06-30,72.1,74,87,78,40,69,8,Strong team culture
E00123,2026-06-30,63.6,65,75,68,47,47,1,No comment
E00124,2025-06-30,75.5,67,85,80,92,88,8,Strong team culture
E00124,2026-06-30,74.5,63,53,62,93,76,1,Workload is high
E00125,2025-06-30,50.7,53,44,63,48,75,6,Workload is high
E00125,2026-06-30,77.9,71,78,86,67,59,10,Compensation could improve
E00127,2025-06-30,70.9,54,57,67,87,94,0,Need clearer career path
E00127,2026-06-30,65.9,62,88,45,69,55,6,Strong team culture
E00128,2025-06-30,72.9,78,59,46,87,70,5,Need clearer career path
E00128,2026-06-30,69.2,66,56,86,69,73,6,Workload is high
E00131,2025-06-30,70.7,62,67,38,81,97,5,Workload is high
E00131,2026-06-30,61.4,73,40,38,72,53,6,No comment
E00132,2025-06-30,62.8,45,47,83,57,88,10,Compensation could improve
E00132,2026-06-30,75.1,89,84,55,85,66,5,Strong team culture
E00134,2025-06-30,60.5,52,65,64,49,73,6,Workload is high
E00134,2026-06-30,76.6,90,84,73,69,62,0,Need clearer career path
E00135,2025-06-30,68.0,77,59,84,47,87,7,Good manager support
E00135,2026-06-30,76.5,94,56,58,96,75,6,Workload is high
E00136,2025-06-30,72.5,95,87,87,45,59,0,Workload is high
E00136,2026-06-30,79.3,81,94,90,81,58,0,No comment
E00137,2025-06-30,56.4,55,50,39,60,65,3,Happy with flexibility
E00137,2026-06-30,83.0,95,73,85,82,84,8,Need clearer career path
E00138,2026-06-30,62.1,88,60,81,56,47,8,Need clearer career path
E00139,2025-06-30,68.7,71,86,55,69,74,3,Good manager support
E00139,2026-06-30,52.4,69,45,52,53,48,5,Happy with flexibility
E00140,2025-06-30,67.8,82,79,71,61,84,8,Workload is high
E00140,2026-06-30,69.4,74,95,79,52,45,3,Compensation could improve
E00142,2025-06-30,64.9,54,58,44,76,59,1,Need clearer career path
E00142,2026-06-30,53.8,53,75,56,44,53,1,Need clearer career path
E00144,2025-06-30,72.3,82,93,47,55,80,5,No comment
E00144,2026-06-30,68.3,93,75,84,60,46,10,Compensation could improve
E00145,2025-06-30,61.0,89,50,48,41,75,10,Need clearer career path
E00145,2026-06-30,63.5,85,73,51,69,52,7,Need more learning opportunities
E00146,2025-06-30,70.8,87,41,62,92,66,1,Need clearer career path
E00146,2026-06-30,59.6,66,55,64,50,74,3,Compensation could improve
E00147,2025-06-30,69.9,86,76,43,51,89,5,Good manager support
E00147,2026-06-30,68.6,68,65,73,41,93,3,Happy with flexibility
E00148,2025-06-30,62.0,86,45,54,55,76,10,Happy with flexibility
E00148,2026-06-30,80.7,87,76,87,77,91,1,Strong team culture
E00150,2025-06-30,69.6,75,91,49,49,87,8,Need more learning opportunities
E00150,2026-06-30,63.0,58,69,70,50,49,10,Need more learning opportunities
E00151,2025-06-30,82.5,61,95,48,93,98,3,Happy with flexibility
E00151,2026-06-30,75.2,81,79,74,78,49,9,Need more learning opportunities
E00152,2025-06-30,68.6,55,55,53,72,84,2,Compensation could improve
E00152,2026-06-30,63.7,57,56,77,40,49,7,Compensation could improve
E00153,2025-06-30,71.7,70,81,90,43,66,7,Good manager support
E00153,2026-06-30,73.4,87,52,68,86,92,1,Workload is high
E00155,2025-06-30,68.9,76,69,56,49,79,6,Workload is high
E00155,2026-06-30,59.1,54,91,43,48,53,3,Need clearer career path
E00156,2025-06-30,69.7,83,78,48,54,83,1,Happy with flexibility
E00156,2026-06-30,67.3,51,43,78,85,75,9,Happy with flexibility
E00157,2025-06-30,63.0,60,68,92,95,57,2,Happy with flexibility
E00157,2026-06-30,84.8,90,56,76,91,95,9,Strong team culture
E00158,2025-06-30,58.4,77,88,40,75,82,1,Workload is high
E00159,2025-06-30,69.3,91,84,45,41,70,8,Happy with flexibility
E00159,2026-06-30,48.5,48,57,57,54,60,4,Need clearer career path
E00160,2025-06-30,66.3,74,40,90,65,63,6,Happy with flexibility
E00160,2026-06-30,70.4,65,49,74,90,56,5,Need more learning opportunities
E00162,2025-06-30,88.1,65,85,91,87,66,4,Happy with flexibility
E00162,2026-06-30,62.4,81,84,66,42,69,1,No comment
E00163,2026-06-30,73.1,93,81,47,47,91,2,Compensation could improve
E00164,2025-06-30,56.6,62,81,59,40,57,9,Strong team culture
E00164,2026-06-30,72.8,86,72,59,54,98,8,Good manager support
E00167,2026-06-30,84.6,89,48,82,76,65,6,Need clearer career path
E00168,2025-06-30,58.8,45,69,52,95,69,9,Need more learning opportunities
E00168,2026-06-30,65.0,61,83,90,44,74,6,Compensation could improve
E00169,2026-06-30,66.1,72,40,80,81,53,7,Need more learning opportunities
E00171,2025-06-30,56.9,91,51,81,49,64,6,Good manager support
E00171,2026-06-30,71.5,85,57,79,72,73,0,Compensation could improve
E00172,2025-06-30,79.1,93,93,40,83,96,7,Compensation could improve
E00172,2026-06-30,61.8,69,41,67,93,55,9,Workload is high
E00173,2025-06-30,73.9,75,83,65,47,92,6,Need clearer career path
E00173,2026-06-30,60.8,63,83,44,42,68,8,Need clearer career path
E00174,2025-06-30,60.6,51,71,67,47,68,7,Workload is high
E00174,2026-06-30,70.8,66,83,74,83,50,1,No comment
E00175,2025-06-30,58.2,79,67,78,54,49,8,Good manager support
E00175,2026-06-30,69.8,56,84,59,62,72,8,Good manager support
E00176,2025-06-30,59.5,53,87,85,52,45,6,Strong team culture
E00178,2025-06-30,78.8,48,87,71,89,69,1,Good manager support
E00178,2026-06-30,76.2,65,93,58,90,98,5,Compensation could improve
E00179,2026-06-30,59.9,45,49,44,82,58,0,No comment
E00180,2025-06-30,79.0,75,82,90,91,73,8,Compensation could improve
E00180,2026-06-30,71.0,51,69,90,46,68,9,Workload is high
E00181,2025-06-30,70.2,75,90,76,83,60,4,No comment
E00181,2026-06-30,76.5,86,64,80,73,84,9,Compensation could improve
E00182,2025-06-30,62.5,70,60,38,59,68,6,Good manager support
E00182,2026-06-30,67.7,63,41,65,69,68,7,Good manager support
E00183,2025-06-30,67.2,64,61,57,50,83,1,Strong team culture
E00183,2026-06-30,67.2,56,89,65,77,45,5,Compensation could improve
E00187,2025-06-30,55.5,65,60,43,45,59,6,No comment
E00187,2026-06-30,69.6,90,49,80,43,92,4,Need clearer career path
E00188,2026-06-30,79.9,74,84,47,94,69,1,Need more learning opportunities
E00189,2025-06-30,63.6,53,76,42,82,91,3,No comment
E00189,2026-06-30,51.2,53,49,58,48,57,10,Need clearer career path
E00190,2025-06-30,56.2,60,61,55,64,49,7,Good manager support
E00190,2026-06-30,52.5,55,61,38,81,64,10,Happy with flexibility
E00191,2025-06-30,69.5,46,44,76,71,95,9,Workload is high
E00191,2026-06-30,69.5,81,81,66,40,90,3,Workload is high
E00192,2025-06-30,67.2,85,57,57,52,72,9,Compensation could improve
E00192,2026-06-30,53.8,52,94,44,69,48,9,Need more learning opportunities
E00193,2025-06-30,52.5,45,66,40,59,87,1,Strong team culture
E00193,2026-06-30,82.3,75,84,82,87,67,6,No comment
E00194,2026-06-30,57.1,54,40,74,64,45,4,Strong team culture
E00195,2025-06-30,77.7,80,47,70,96,97,10,Happy with flexibility
E00195,2026-06-30,80.2,60,91,69,72,73,10,Need more learning opportunities
E00196,2026-06-30,53.9,79,42,53,43,59,9,Compensation could improve
E00197,2025-06-30,76.1,66,78,92,56,82,7,Good manager support
E00197,2026-06-30,71.8,74,76,57,96,75,3,Need clearer career path
E00198,2026-06-30,64.7,63,77,73,72,66,3,Need more learning opportunities
E00199,2025-06-30,74.5,52,93,89,88,68,9,Good manager support
E00199,2026-06-30,85.8,71,91,88,79,81,10,Happy with flexibility
E00200,2025-06-30,60.8,53,52,60,81,56,3,Strong team culture
E00200,2026-06-30,56.8,56,67,61,67,52,0,Workload is high
E00201,2025-06-30,57.5,54,75,47,85,75,1,Need more learning opportunities
E00201,2026-06-30,72.1,72,57,71,55,97,9,Strong team culture
E00202,2025-06-30,54.2,49,53,56,40,87,8,Happy with flexibility
E00202,2026-06-30,70.8,78,90,55,57,54,8,Need clearer career path
E00203,2025-06-30,44.0,48,45,39,44,73,8,Good manager support
E00203,2026-06-30,70.0,88,81,63,52,52,5,No comment
E00204,2025-06-30,75.1,95,88,90,48,46,3,Happy with flexibility
E00204,2026-06-30,67.7,70,66,47,59,75,1,Workload is high
E00205,2025-06-30,69.9,71,58,57,94,72,1,Need clearer career path
E00205,2026-06-30,53.3,48,73,63,59,53,7,No comment
E00206,2025-06-30,70.9,93,44,61,45,79,7,Need more learning opportunities
E00206,2026-06-30,63.5,80,45,53,48,85,8,Happy with flexibility
E00207,2025-06-30,63.9,45,55,69,84,67,6,Workload is high
E00208,2025-06-30,77.2,78,58,58,79,92,6,Happy with flexibility
E00208,2026-06-30,59.8,70,75,87,50,61,8,Need more learning opportunities
E00209,2025-06-30,74.0,93,86,44,55,79,6,Good manager support
E00209,2026-06-30,71.7,51,93,85,66,84,9,Need clearer career path
E00210,2025-06-30,70.4,69,57,71,87,57,9,Need clearer career path
E00210,2026-06-30,82.9,62,64,80,93,96,0,Happy with flexibility
E00212,2025-06-30,76.4,54,68,86,93,88,2,Need more learning opportunities
E00212,2026-06-30,64.6,69,59,50,79,79,1,Strong team culture
E00213,2025-06-30,59.7,59,92,45,77,66,5,No comment
E00213,2026-06-30,73.5,91,44,72,69,76,3,Happy with flexibility
E00214,2025-06-30,72.8,92,64,69,43,70,10,Need clearer career path
E00214,2026-06-30,84.1,93,91,55,48,85,0,Strong team culture
E00215,2025-06-30,68.9,92,66,76,41,65,8,Good manager support
E00215,2026-06-30,65.7,81,47,90,81,46,10,Need clearer career path
E00216,2025-06-30,62.0,49,48,56,90,55,10,Good manager support
E00216,2026-06-30,62.8,46,42,57,65,96,8,Need more learning opportunities
E00217,2025-06-30,66.2,73,52,45,79,81,8,Good manager support
E00217,2026-06-30,64.5,47,69,80,45,78,8,Good manager support
E00218,2025-06-30,74.8,78,89,74,64,96,3,No comment
E00218,2026-06-30,68.0,90,40,59,76,54,6,Happy with flexibility
E00219,2025-06-30,68.2,51,86,76,60,74,8,Compensation could improve
E00219,2026-06-30,77.4,71,87,66,68,92,1,Strong team culture
E00221,2025-06-30,57.5,69,62,70,53,51,5,Need more learning opportunities
E00221,2026-06-30,67.4,68,66,49,88,53,4,Need more learning opportunities
E00223,2026-06-30,78.3,66,87,58,63,87,5,Compensation could improve
E00224,2025-06-30,63.8,61,79,49,46,72,6,Need more learning opportunities
E00224,2026-06-30,63.8,57,85,62,49,57,3,Need clearer career path
E00225,2025-06-30,75.2,70,95,55,88,74,8,Workload is high
E00225,2026-06-30,64.0,86,63,47,54,77,6,Good manager support
E00226,2025-06-30,82.2,80,94,80,71,76,8,Good manager support
E00226,2026-06-30,67.2,74,76,86,82,61,5,Need clearer career path
E00229,2025-06-30,74.4,56,73,77,89,90,7,Strong team culture
E00229,2026-06-30,67.6,46,88,45,94,62,0,Happy with flexibility
E00230,2025-06-30,76.0,77,90,69,69,79,1,Happy with flexibility
E00230,2026-06-30,55.1,47,94,53,57,62,7,Happy with flexibility
E00231,2025-06-30,57.1,77,41,46,62,80,6,Need more learning opportunities
E00231,2026-06-30,67.0,58,68,76,50,45,4,Strong team culture
E00232,2025-06-30,73.2,78,51,80,77,96,0,Need clearer career path
E00232,2026-06-30,53.9,80,55,43,65,57,3,Strong team culture
E00233,2025-06-30,62.7,86,62,56,84,60,3,Workload is high
E00233,2026-06-30,75.0,54,89,92,60,52,2,Need clearer career path
E00234,2025-06-30,73.5,60,55,85,96,53,7,Need more learning opportunities
E00234,2026-06-30,63.2,77,91,55,62,79,7,Happy with flexibility
E00235,2025-06-30,59.7,57,84,58,64,57,1,Workload is high
E00235,2026-06-30,61.0,80,40,40,72,64,9,Need more learning opportunities
E00236,2025-06-30,65.0,74,67,88,70,49,5,Good manager support
E00236,2026-06-30,70.1,68,61,77,85,51,3,Workload is high
E00237,2025-06-30,63.9,63,85,69,48,50,10,No comment
E00237,2026-06-30,65.4,60,59,58,45,86,4,Compensation could improve
E00238,2026-06-30,69.5,68,42,88,92,51,1,Happy with flexibility
E00240,2025-06-30,71.9,79,59,86,55,75,9,Need more learning opportunities
E00240,2026-06-30,62.1,51,64,47,83,56,7,Workload is high
E00241,2025-06-30,59.5,56,59,56,53,49,2,Good manager support
E00241,2026-06-30,70.0,75,92,67,69,59,8,No comment
E00242,2025-06-30,79.1,92,79,84,56,59,6,No comment
E00242,2026-06-30,69.0,49,55,79,70,89,8,Need more learning opportunities
E00243,2025-06-30,70.4,76,63,67,71,67,5,Good manager support
E00243,2026-06-30,62.3,52,95,61,56,52,7,Need clearer career path
E00244,2025-06-30,52.4,74,60,48,44,45,7,Happy with flexibility
E00244,2026-06-30,64.1,68,62,66,69,49,3,Workload is high
E00245,2025-06-30,74.6,52,87,54,71,95,8,Need clearer career path
E00245,2026-06-30,83.5,70,63,76,87,87,1,Strong team culture
E00246,2025-06-30,88.6,78,94,87,59,90,1,Workload is high
E00246,2026-06-30,53.2,70,52,52,46,69,5,Compensation could improve
E00247,2026-06-30,64.1,83,90,46,51,58,2,Compensation could improve
E00248,2025-06-30,71.1,90,64,51,89,66,5,Need more learning opportunities
E00248,2026-06-30,74.4,49,87,57,73,96,0,Good manager support
E00249,2025-06-30,79.9,80,61,90,79,77,4,Strong team culture
E00249,2026-06-30,60.9,61,51,42,59,70,3,No comment
E00250,2025-06-30,76.4,95,70,58,61,65,8,Need clearer career path
E00250,2026-06-30,56.5,64,78,75,49,46,0,Happy with flexibility
E00251,2025-06-30,61.9,83,59,60,61,45,5,Workload is high
E00251,2026-06-30,74.5,79,50,58,61,94,3,Workload is high
E00252,2025-06-30,80.5,61,59,84,94,96,10,Need more learning opportunities
E00253,2025-06-30,72.4,53,56,46,81,94,2,Workload is high
E00253,2026-06-30,67.5,85,48,75,58,97,6,Workload is high
E00254,2025-06-30,75.1,58,78,51,94,55,10,Compensation could improve
E00254,2026-06-30,73.7,73,68,91,84,76,1,Need clearer career path
E00255,2025-06-30,63.7,91,81,44,57,71,0,Strong team culture
E00255,2026-06-30,66.6,65,88,82,46,48,4,Compensation could improve
E00256,2025-06-30,82.2,73,72,73,79,75,3,Workload is high
E00256,2026-06-30,75.9,78,60,60,94,93,2,Good manager support
E00257,2025-06-30,68.9,65,48,43,93,91,3,Compensation could improve
E00257,2026-06-30,72.8,88,73,85,66,66,8,No comment
E00259,2025-06-30,58.8,45,84,50,48,50,1,Need clearer career path
E00259,2026-06-30,67.1,67,77,56,59,52,10,Need more learning opportunities
E00260,2025-06-30,65.2,86,75,66,49,71,9,No comment
E00260,2026-06-30,76.9,83,71,46,85,93,2,Compensation could improve
E00261,2025-06-30,65.0,66,66,67,62,60,6,Happy with flexibility
E00261,2026-06-30,70.4,79,52,60,81,75,10,Strong team culture
E00262,2025-06-30,56.0,58,49,55,87,85,6,Happy with flexibility
E00262,2026-06-30,77.7,89,82,64,82,69,7,Compensation could improve
E00263,2025-06-30,66.8,68,69,38,69,83,6,Good manager support
E00263,2026-06-30,61.0,57,79,39,81,65,0,Workload is high
E00264,2025-06-30,66.5,81,69,77,44,65,10,Good manager support
E00264,2026-06-30,77.1,58,80,44,70,86,10,No comment
E00265,2025-06-30,58.1,76,68,42,83,50,4,Need more learning opportunities
E00265,2026-06-30,62.5,70,55,75,54,62,5,Compensation could improve
E00266,2025-06-30,50.5,48,93,58,52,47,8,Compensation could improve
E00266,2026-06-30,74.7,93,92,65,52,95,3,Need clearer career path
E00267,2025-06-30,82.5,88,80,89,53,90,4,Happy with flexibility
E00267,2026-06-30,79.2,67,88,44,90,90,1,Compensation could improve
E00268,2025-06-30,64.1,83,77,39,69,71,4,Happy with flexibility
E00268,2026-06-30,71.4,92,85,51,66,71,6,Compensation could improve
E00269,2025-06-30,63.6,67,79,73,74,59,0,Strong team culture
E00269,2026-06-30,71.2,49,75,49,92,85,6,Strong team culture
E00270,2025-06-30,73.5,89,60,82,90,76,6,Need more learning opportunities
E00270,2026-06-30,68.1,72,57,51,67,54,9,Need clearer career path
E00271,2025-06-30,67.2,94,42,90,40,69,6,Good manager support
E00271,2026-06-30,65.9,52,84,85,76,49,3,No comment
E00272,2026-06-30,66.3,92,42,62,50,57,4,Good manager support
E00273,2025-06-30,72.0,91,74,61,85,64,1,Strong team culture
E00273,2026-06-30,67.7,89,90,66,78,51,0,Happy with flexibility
E00274,2025-06-30,67.0,58,79,56,70,64,6,Strong team culture
E00274,2026-06-30,79.3,85,70,81,77,65,1,Compensation could improve
E00275,2025-06-30,60.6,61,47,58,80,85,4,Workload is high
E00275,2026-06-30,86.3,87,95,61,70,95,6,Happy with flexibility
E00276,2025-06-30,64.8,59,44,73,76,69,9,No comment
E00276,2026-06-30,70.6,57,44,79,89,98,9,Good manager support
E00277,2025-06-30,91.8,90,90,91,96,70,3,Workload is high
E00277,2026-06-30,71.9,83,76,88,65,57,3,Need more learning opportunities
E00278,2025-06-30,63.2,58,48,64,75,45,0,Compensation could improve
E00278,2026-06-30,65.9,74,61,70,51,72,10,Happy with flexibility
E00279,2025-06-30,57.3,91,63,45,66,54,9,Workload is high
E00279,2026-06-30,65.0,52,86,70,51,60,1,Compensation could improve
E00281,2025-06-30,68.0,53,48,49,96,96,6,Strong team culture
E00281,2026-06-30,71.3,85,82,55,89,48,2,No comment
E00282,2025-06-30,79.7,83,85,68,76,86,4,Compensation could improve
E00283,2025-06-30,69.5,90,88,47,58,92,2,No comment
E00283,2026-06-30,77.2,91,87,76,55,85,0,Need more learning opportunities
E00284,2025-06-30,86.4,93,44,87,77,96,1,Workload is high
E00284,2026-06-30,77.1,67,86,65,88,49,6,Need more learning opportunities
E00285,2025-06-30,62.5,56,85,65,74,84,4,Need more learning opportunities
E00285,2026-06-30,72.3,66,87,41,57,92,6,Compensation could improve
E00286,2025-06-30,83.0,88,48,76,87,94,6,Happy with flexibility
E00286,2026-06-30,68.4,69,65,63,64,96,8,Workload is high
E00289,2025-06-30,80.5,73,83,85,73,70,6,Need clearer career path
E00289,2026-06-30,81.3,86,73,39,90,85,9,Need clearer career path
E00290,2025-06-30,73.2,67,92,77,56,69,9,Workload is high
E00290,2026-06-30,67.1,63,66,74,64,73,1,No comment
E00291,2025-06-30,74.9,89,49,48,88,97,0,Happy with flexibility
E00291,2026-06-30,59.3,82,68,52,43,45,8,No comment
E00292,2025-06-30,65.5,49,61,81,69,81,9,Strong team culture
E00292,2026-06-30,62.9,47,46,64,94,64,3,Workload is high
E00293,2025-06-30,68.0,58,76,75,72,49,4,Need clearer career path
E00293,2026-06-30,61.9,93,40,81,60,47,6,Strong team culture
E00294,2025-06-30,67.4,67,53,91,80,54,1,Compensation could improve
E00294,2026-06-30,58.7,77,75,66,48,91,0,Need clearer career path
E00295,2025-06-30,64.7,65,60,71,64,56,7,Workload is high
E00295,2026-06-30,60.2,81,68,45,43,80,7,Compensation could improve
E00296,2025-06-30,66.9,60,70,88,47,45,3,Good manager support
E00296,2026-06-30,59.7,58,62,55,40,89,1,Workload is high
E00297,2025-06-30,93.5,93,95,85,91,91,9,Happy with flexibility
E00297,2026-06-30,68.6,54,54,62,92,93,2,Compensation could improve
E00298,2025-06-30,91.5,95,92,76,83,93,9,Workload is high
E00298,2026-06-30,58.4,59,41,49,58,78,3,Happy with flexibility
E00300,2025-06-30,64.5,67,47,72,55,85,9,No comment
E00300,2026-06-30,65.8,84,51,42,74,61,6,Good manager support
E00301,2025-06-30,63.7,60,55,82,40,66,10,Compensation could improve
E00301,2026-06-30,63.7,65,76,42,59,78,6,Workload is high
E00303,2025-06-30,80.2,84,78,69,91,66,9,Need clearer career path
E00303,2026-06-30,62.5,78,48,73,64,47,4,Workload is high
E00304,2026-06-30,69.7,46,84,88,43,84,6,Strong team culture
E00305,2025-06-30,75.8,92,89,85,89,64,4,Happy with flexibility
E00305,2026-06-30,56.2,94,45,67,80,45,0,Good manager support
E00306,2025-06-30,80.8,87,64,81,74,93,7,No comment
E00306,2026-06-30,62.9,82,81,39,40,89,0,Need clearer career path
E00307,2025-06-30,64.4,84,62,81,44,56,4,Need clearer career path
E00307,2026-06-30,64.9,64,84,66,46,50,10,Happy with flexibility
E00308,2025-06-30,89.1,94,92,79,89,96,10,Happy with flexibility
E00308,2026-06-30,54.2,58,40,70,65,78,7,Need clearer career path
E00309,2025-06-30,59.1,59,87,59,60,49,9,No comment
E00309,2026-06-30,65.6,50,92,62,67,93,1,Need more learning opportunities
E00310,2025-06-30,59.3,49,44,57,65,66,9,Good manager support
E00310,2026-06-30,62.4,58,63,39,88,61,9,Good manager support
E00311,2025-06-30,85.4,90,70,86,73,73,9,Need more learning opportunities
E00311,2026-06-30,50.3,85,55,39,79,57,2,Need clearer career path
E00312,2025-06-30,65.1,76,44,41,65,83,2,Good manager support
E00312,2026-06-30,74.8,78,59,89,60,97,4,No comment
E00313,2025-06-30,57.1,69,75,63,80,46,4,Need clearer career path
E00313,2026-06-30,60.6,45,88,74,59,53,3,Happy with flexibility
E00314,2025-06-30,69.0,72,48,92,56,59,4,Good manager support
E00314,2026-06-30,60.1,68,61,64,64,57,5,Workload is high
E00315,2025-06-30,59.0,92,43,72,55,61,4,Good manager support
E00315,2026-06-30,71.9,69,76,50,89,56,1,Happy with flexibility
E00316,2025-06-30,70.3,83,93,45,42,84,3,Happy with flexibility
E00316,2026-06-30,76.6,48,89,80,95,94,3,Happy with flexibility
E00317,2025-06-30,56.9,83,48,38,54,60,10,Good manager support
E00317,2026-06-30,73.2,58,70,78,70,57,2,Strong team culture
E00318,2025-06-30,64.1,68,40,67,85,60,9,Strong team culture
E00318,2026-06-30,82.0,76,88,57,78,93,9,Compensation could improve
E00319,2025-06-30,65.7,77,63,55,69,50,6,Need clearer career path
E00319,2026-06-30,63.3,61,57,66,42,79,2,Happy with flexibility
E00320,2025-06-30,59.0,47,54,77,74,68,7,Strong team culture
E00320,2026-06-30,79.3,53,63,79,88,94,3,No comment
E00321,2025-06-30,64.8,72,44,82,85,51,4,Need more learning opportunities
E00321,2026-06-30,64.4,47,62,85,50,52,5,Compensation could improve
E00322,2026-06-30,74.3,93,94,78,48,83,8,Workload is high
E00323,2025-06-30,63.4,87,46,49,75,70,3,Workload is high
E00323,2026-06-30,67.2,83,53,72,81,59,5,Happy with flexibility
E00325,2025-06-30,64.1,92,92,41,73,51,6,Strong team culture
E00325,2026-06-30,77.5,50,90,87,57,92,9,Need clearer career path
E00326,2025-06-30,74.8,73,59,83,90,90,0,Workload is high
E00326,2026-06-30,62.3,68,52,40,65,72,4,Happy with flexibility
E00327,2026-06-30,73.8,62,77,77,74,65,5,Need more learning opportunities
E00329,2025-06-30,73.2,77,56,80,58,98,2,Strong team culture
E00329,2026-06-30,82.2,66,81,74,83,76,10,Workload is high
E00330,2025-06-30,83.4,88,66,75,73,90,8,Strong team culture
E00330,2026-06-30,65.4,67,49,46,87,65,10,Strong team culture
E00331,2025-06-30,73.2,94,62,74,74,55,4,Workload is high
E00333,2025-06-30,84.1,95,87,85,66,67,1,Need clearer career path
E00333,2026-06-30,69.9,65,54,73,85,66,0,Compensation could improve
E00334,2025-06-30,57.9,78,47,39,59,91,3,Workload is high
E00334,2026-06-30,61.5,50,59,78,72,62,1,Need clearer career path
E00335,2026-06-30,73.4,89,70,44,65,89,3,Need more learning opportunities
E00338,2025-06-30,66.2,63,44,44,70,95,9,No comment
E00338,2026-06-30,77.4,56,51,87,83,97,7,No comment
E00339,2025-06-30,70.8,75,83,76,82,49,1,Happy with flexibility
E00339,2026-06-30,62.8,49,70,69,83,47,0,Need clearer career path
E00340,2025-06-30,71.5,76,89,78,53,51,8,Workload is high
E00340,2026-06-30,65.5,52,88,73,56,48,4,Need more learning opportunities
E00341,2026-06-30,77.5,75,93,87,87,69,5,Workload is high
E00343,2025-06-30,62.8,78,85,48,81,59,4,No comment
E00343,2026-06-30,69.0,51,50,83,86,65,0,Need more learning opportunities
E00345,2025-06-30,64.9,49,89,82,41,65,9,Need clearer career path
E00345,2026-06-30,72.0,77,56,79,83,50,10,Workload is high
E00346,2025-06-30,73.7,84,57,38,95,66,5,Strong team culture
E00346,2026-06-30,89.8,83,90,85,90,92,0,No comment
E00347,2025-06-30,75.4,50,59,64,95,85,7,Good manager support
E00347,2026-06-30,62.4,57,55,39,94,67,9,Need more learning opportunities
E00348,2025-06-30,66.8,77,73,48,68,62,7,Need clearer career path
E00348,2026-06-30,83.6,87,91,75,84,85,1,Happy with flexibility
E00349,2025-06-30,69.8,63,75,73,60,77,10,Strong team culture
E00349,2026-06-30,67.8,61,47,57,68,98,6,Need clearer career path
E00350,2025-06-30,64.5,72,62,68,82,60,10,Need clearer career path
E00350,2026-06-30,70.4,92,65,73,58,74,5,No comment
E00351,2025-06-30,61.8,80,65,44,41,59,8,Workload is high
E00351,2026-06-30,62.2,45,75,46,92,55,6,Good manager support
E00352,2025-06-30,79.5,57,85,91,72,73,8,Compensation could improve
E00352,2026-06-30,57.1,49,83,39,50,73,8,Need clearer career path
E00353,2025-06-30,63.4,82,63,43,78,57,1,Need more learning opportunities
E00353,2026-06-30,66.7,85,45,54,73,88,5,Compensation could improve
E00354,2025-06-30,77.6,90,72,92,83,76,10,Good manager support
E00354,2026-06-30,73.7,90,73,38,50,84,10,No comment
E00356,2025-06-30,60.6,77,71,78,43,60,3,No comment
E00356,2026-06-30,74.7,66,69,89,57,86,7,Compensation could improve
E00357,2025-06-30,78.1,93,73,67,85,73,4,Need more learning opportunities
E00357,2026-06-30,65.0,46,51,92,52,81,7,Need clearer career path
E00358,2025-06-30,71.0,50,91,83,67,51,10,Compensation could improve
E00358,2026-06-30,67.1,72,73,52,66,57,8,Need clearer career path
E00359,2025-06-30,61.2,84,83,40,54,62,6,Workload is high
E00359,2026-06-30,69.5,70,85,48,44,93,3,Strong team culture
E00360,2025-06-30,70.0,84,78,51,75,49,2,Compensation could improve
E00360,2026-06-30,67.3,65,68,76,58,53,7,Good manager support
E00361,2025-06-30,52.1,63,40,38,60,61,2,Need clearer career path
E00362,2025-06-30,62.0,80,84,43,60,74,4,Workload is high
E00362,2026-06-30,67.1,67,75,58,75,50,8,Compensation could improve
E00363,2025-06-30,70.9,91,78,59,72,50,1,Need clearer career path
E00363,2026-06-30,62.5,66,50,63,70,73,0,No comment
E00364,2025-06-30,78.0,87,67,60,69,94,4,No comment
E00364,2026-06-30,62.6,93,40,77,63,74,7,Strong team culture
E00365,2026-06-30,88.9,89,94,75,94,91,4,Need more learning opportunities
E00366,2025-06-30,74.0,77,42,77,68,79,1,Workload is high
E00366,2026-06-30,59.7,87,49,88,72,59,4,Need clearer career path
E00367,2025-06-30,68.4,69,69,75,40,81,8,Need more learning opportunities
E00367,2026-06-30,74.7,93,74,77,62,58,8,Good manager support
E00368,2026-06-30,82.2,75,62,71,89,84,5,Strong team culture
E00369,2025-06-30,61.5,75,42,66,64,64,8,Strong team culture
E00369,2026-06-30,65.3,55,66,50,61,85,1,No comment
E00370,2025-06-30,71.7,76,61,66,68,80,5,Workload is high
E00370,2026-06-30,79.4,76,48,62,92,97,4,Workload is high
E00372,2025-06-30,61.4,48,67,49,79,87,5,Need clearer career path
E00372,2026-06-30,63.9,51,52,84,49,81,4,Need clearer career path
E00375,2025-06-30,86.2,91,93,78,71,75,3,Need more learning opportunities
E00375,2026-06-30,71.2,53,61,89,85,71,5,Compensation could improve
E00376,2025-06-30,79.5,68,71,60,92,82,5,Compensation could improve
E00376,2026-06-30,68.0,64,89,45,77,50,9,Good manager support
E00377,2025-06-30,66.0,72,87,54,43,75,0,Good manager support
E00377,2026-06-30,64.9,64,73,49,66,59,8,Workload is high
E00378,2025-06-30,72.1,70,60,84,92,63,2,Need clearer career path
E00378,2026-06-30,51.4,67,46,58,44,65,8,Compensation could improve
E00380,2025-06-30,77.2,57,93,82,65,81,3,Strong team culture
E00380,2026-06-30,68.7,45,70,42,70,80,3,Happy with flexibility
E00381,2025-06-30,78.9,48,82,63,93,95,5,No comment
E00381,2026-06-30,76.2,54,93,88,94,46,1,Need more learning opportunities
E00382,2025-06-30,66.1,69,50,39,54,98,4,Happy with flexibility
E00382,2026-06-30,70.5,89,79,78,65,59,0,Good manager support
E00384,2025-06-30,76.7,92,89,57,71,84,5,Strong team culture
E00385,2025-06-30,59.1,51,81,58,70,66,7,Strong team culture
E00385,2026-06-30,59.6,53,70,80,64,59,1,Workload is high
E00386,2025-06-30,72.5,64,66,45,69,84,6,Need more learning opportunities
E00386,2026-06-30,60.2,52,86,59,51,47,2,Compensation could improve
E00387,2025-06-30,75.9,76,92,38,80,98,3,Need more learning opportunities
E00387,2026-06-30,69.1,86,83,52,67,82,4,No comment
E00388,2025-06-30,52.6,69,53,62,54,52,5,Happy with flexibility
E00388,2026-06-30,55.1,55,48,80,41,63,1,Need clearer career path
E00389,2025-06-30,81.1,95,95,75,79,50,1,Need clearer career path
E00389,2026-06-30,79.4,81,86,70,63,94,8,Strong team culture
E00390,2025-06-30,64.8,81,54,40,75,89,1,Happy with flexibility
E00391,2025-06-30,63.2,48,82,55,40,96,8,No comment
E00391,2026-06-30,71.5,91,47,65,74,85,9,No comment
E00392,2025-06-30,64.0,50,77,38,77,94,1,Need clearer career path
E00392,2026-06-30,72.5,76,77,88,64,51,9,Workload is high
E00394,2025-06-30,63.1,86,73,53,46,88,10,No comment
E00394,2026-06-30,69.9,48,48,79,79,97,1,Strong team culture
E00395,2025-06-30,61.7,45,82,68,56,64,3,Good manager support
E00395,2026-06-30,63.0,50,87,88,59,54,9,Need clearer career path
E00396,2025-06-30,59.1,50,90,45,46,56,4,Need clearer career path
E00396,2026-06-30,74.4,52,88,54,84,89,2,Workload is high
E00397,2025-06-30,64.0,57,74,44,60,92,10,No comment
E00397,2026-06-30,64.5,67,56,58,75,96,10,Strong team culture
E00398,2025-06-30,69.9,62,65,86,55,53,7,Happy with flexibility
E00398,2026-06-30,51.3,48,41,65,45,66,3,Need clearer career path
E00400,2025-06-30,61.7,56,51,78,69,85,3,Compensation could improve
E00400,2026-06-30,63.9,67,70,38,71,78,7,No comment
E00401,2025-06-30,83.6,91,78,54,89,87,10,Happy with flexibility
E00401,2026-06-30,67.4,76,57,54,80,64,4,Good manager support
E00402,2025-06-30,52.4,45,49,82,53,50,8,Happy with flexibility
E00402,2026-06-30,74.8,95,59,69,86,66,7,Need clearer career path
E00404,2025-06-30,65.3,64,58,47,96,47,5,Need more learning opportunities
E00404,2026-06-30,65.6,77,85,64,53,45,2,Need clearer career path
E00405,2025-06-30,67.3,49,52,48,94,91,6,Need more learning opportunities
E00405,2026-06-30,69.6,54,73,49,66,70,10,Compensation could improve
E00406,2025-06-30,59.5,47,49,56,79,75,2,Workload is high
E00406,2026-06-30,69.8,93,57,84,41,85,3,Strong team culture
E00407,2025-06-30,64.3,46,60,51,89,54,5,Good manager support
E00407,2026-06-30,61.5,57,58,69,42,75,7,Happy with flexibility
E00408,2025-06-30,69.4,83,45,50,76,79,7,Need clearer career path
E00408,2026-06-30,75.3,95,78,69,51,57,8,Workload is high
E00409,2026-06-30,74.5,83,50,63,77,94,0,Need more learning opportunities
E00410,2025-06-30,69.6,49,87,89,51,94,2,Need clearer career path
E00410,2026-06-30,72.9,58,67,80,80,83,3,No comment
E00411,2025-06-30,68.9,53,53,87,68,97,4,No comment
E00411,2026-06-30,52.3,51,62,48,47,54,1,Happy with flexibility
E00412,2025-06-30,80.6,92,63,86,95,45,9,Workload is high
E00412,2026-06-30,77.9,95,61,81,69,93,0,Workload is high
E00414,2025-06-30,86.2,46,85,89,89,97,8,Happy with flexibility
E00414,2026-06-30,67.1,67,45,56,78,83,4,Happy with flexibility
E00415,2025-06-30,71.3,52,60,84,70,77,6,Happy with flexibility
E00415,2026-06-30,67.9,52,66,71,79,69,8,Strong team culture
E00416,2025-06-30,72.9,79,88,78,73,48,3,Happy with flexibility
E00416,2026-06-30,66.7,57,82,66,69,56,7,Compensation could improve
E00417,2025-06-30,58.4,67,41,59,65,56,0,No comment
E00417,2026-06-30,65.1,68,62,59,87,66,2,Need more learning opportunities
E00418,2025-06-30,65.5,80,40,41,96,63,10,Happy with flexibility
E00418,2026-06-30,74.2,55,92,88,62,85,6,Workload is high
E00419,2025-06-30,67.9,78,83,39,46,76,10,Compensation could improve
E00419,2026-06-30,73.1,76,69,66,76,84,6,Compensation could improve
E00420,2025-06-30,66.0,67,64,81,48,87,8,Strong team culture
E00420,2026-06-30,75.1,90,93,71,58,56,3,Compensation could improve
E00421,2025-06-30,65.5,74,80,86,45,46,9,Strong team culture
E00421,2026-06-30,45.3,54,55,38,41,53,3,Need clearer career path
E00422,2025-06-30,69.4,56,44,61,52,96,7,Good manager support
E00422,2026-06-30,46.2,57,48,42,44,45,1,Compensation could improve
E00423,2025-06-30,74.9,73,79,92,56,91,5,No comment
E00423,2026-06-30,68.4,54,83,38,85,72,4,Need clearer career path
E00424,2025-06-30,75.9,79,73,88,52,60,9,Need more learning opportunities
E00424,2026-06-30,63.0,57,80,42,74,80,10,Workload is high
E00425,2025-06-30,74.8,86,84,71,64,49,7,Need clearer career path
E00425,2026-06-30,72.2,68,70,59,74,81,4,No comment
E00426,2025-06-30,57.4,50,60,43,40,82,0,Strong team culture
E00426,2026-06-30,66.8,53,47,55,96,66,7,Strong team culture
E00427,2025-06-30,86.7,92,83,83,81,66,6,Need more learning opportunities
E00427,2026-06-30,78.3,64,91,59,75,95,2,Strong team culture
E00428,2025-06-30,76.1,89,88,72,42,86,3,Happy with flexibility
E00428,2026-06-30,56.8,63,52,64,72,49,2,Happy with flexibility
E00430,2025-06-30,61.4,62,67,71,75,45,5,Strong team culture
E00430,2026-06-30,65.4,53,95,68,66,45,1,Strong team culture
E00431,2025-06-30,68.2,66,52,59,80,54,9,Need clearer career path
E00431,2026-06-30,73.8,47,95,77,51,73,8,Happy with flexibility
E00432,2025-06-30,69.0,76,71,53,56,77,5,Need more learning opportunities
E00432,2026-06-30,73.8,71,75,42,86,98,8,Need more learning opportunities
E00434,2025-06-30,83.2,89,78,85,83,66,5,Happy with flexibility
E00434,2026-06-30,67.0,59,57,72,91,88,2,No comment
E00435,2026-06-30,60.6,82,60,39,53,84,9,Happy with flexibility
E00436,2026-06-30,78.5,83,75,81,87,91,1,Good manager support
E00437,2026-06-30,65.9,81,43,71,55,79,7,No comment
E00438,2025-06-30,71.8,65,71,53,64,90,1,No comment
E00438,2026-06-30,71.9,54,93,92,76,79,4,Compensation could improve
E00439,2025-06-30,66.8,53,83,57,91,67,8,No comment
E00439,2026-06-30,78.7,58,94,80,85,94,9,No comment
E00440,2025-06-30,65.3,70,70,47,82,57,1,Need more learning opportunities
E00440,2026-06-30,65.0,75,62,60,76,60,7,Strong team culture
E00441,2025-06-30,63.6,66,65,60,56,48,9,Workload is high
E00441,2026-06-30,66.0,77,68,38,92,50,0,Workload is high
E00442,2025-06-30,76.0,58,88,72,45,85,7,Need clearer career path
E00442,2026-06-30,79.1,74,85,77,60,60,7,Strong team culture
E00443,2026-06-30,55.7,81,58,39,73,50,4,Good manager support
E00444,2025-06-30,75.8,60,76,73,62,95,1,Happy with flexibility
E00444,2026-06-30,80.4,87,65,57,95,88,4,No comment
E00445,2025-06-30,73.0,58,66,77,51,91,4,Workload is high
E00445,2026-06-30,69.6,58,72,38,94,77,6,Strong team culture
E00446,2025-06-30,83.1,78,78,62,89,87,9,Workload is high
E00446,2026-06-30,67.5,60,73,38,85,97,7,Strong team culture
E00447,2025-06-30,68.7,63,95,53,87,62,9,Strong team culture
E00448,2025-06-30,85.4,63,95,71,93,93,4,Need more learning opportunities
E00448,2026-06-30,80.3,72,73,90,75,92,0,Compensation could improve
E00450,2025-06-30,54.9,48,72,59,46,85,4,Strong team culture
E00451,2025-06-30,55.4,83,43,43,51,64,8,No comment
E00451,2026-06-30,78.3,61,94,44,89,95,4,Need more learning opportunities
E00452,2025-06-30,80.0,76,72,90,85,91,7,Happy with flexibility
E00452,2026-06-30,57.5,84,47,41,40,93,1,No comment
E00453,2025-06-30,56.5,78,60,38,41,95,3,Workload is high
E00453,2026-06-30,60.9,80,48,63,49,93,9,Workload is high
E00454,2026-06-30,61.8,51,75,75,54,86,2,Need clearer career path
E00455,2025-06-30,65.7,46,77,73,59,66,10,Workload is high
E00455,2026-06-30,64.3,85,51,55,60,48,10,Good manager support
E00457,2025-06-30,59.0,77,72,39,78,51,7,Need more learning opportunities
E00457,2026-06-30,72.7,94,85,56,66,66,9,Compensation could improve
E00458,2025-06-30,80.4,59,72,91,71,89,7,Strong team culture
E00458,2026-06-30,66.1,56,94,49,47,64,7,Happy with flexibility
E00459,2025-06-30,64.9,47,44,66,95,59,10,Need clearer career path
E00459,2026-06-30,61.2,50,81,54,47,48,2,Happy with flexibility
E00460,2025-06-30,61.9,71,81,89,59,55,0,Happy with flexibility
E00460,2026-06-30,68.4,61,54,84,76,69,10,Good manager support
E00461,2025-06-30,63.2,85,52,87,48,49,0,No comment
E00461,2026-06-30,63.8,83,52,44,76,48,0,Need clearer career path
E00462,2025-06-30,62.4,73,68,43,51,81,0,Strong team culture
E00462,2026-06-30,62.7,60,54,79,66,52,8,Need clearer career path
E00463,2025-06-30,69.4,83,78,73,42,93,10,Strong team culture
E00463,2026-06-30,83.6,83,54,63,84,88,5,Good manager support
E00464,2025-06-30,75.0,95,63,60,95,83,5,Happy with flexibility
E00465,2025-06-30,72.3,68,74,54,82,82,3,Workload is high
E00465,2026-06-30,76.6,91,75,64,55,76,9,Happy with flexibility
E00467,2025-06-30,73.7,95,61,76,90,57,10,Good manager support
E00468,2025-06-30,75.6,92,95,78,49,47,7,Need more learning opportunities
E00468,2026-06-30,68.4,66,42,69,83,73,2,Workload is high
E00469,2026-06-30,49.0,45,43,51,43,73,9,Happy with flexibility
E00470,2025-06-30,73.3,45,79,74,80,87,8,Strong team culture
E00470,2026-06-30,67.4,60,62,61,85,54,8,Need more learning opportunities
E00471,2025-06-30,62.1,83,72,82,43,56,8,Need more learning opportunities
E00471,2026-06-30,73.8,93,63,63,74,63,1,Workload is high
E00474,2025-06-30,74.9,94,84,45,79,70,5,Workload is high
E00474,2026-06-30,73.7,76,77,75,66,76,1,Happy with flexibility
E00476,2026-06-30,68.8,78,84,57,74,59,10,Good manager support
E00478,2025-06-30,73.6,84,92,39,88,64,10,Good manager support
E00478,2026-06-30,66.5,45,87,51,61,98,6,Strong team culture
E00479,2025-06-30,67.0,78,59,80,69,69,10,Compensation could improve
E00479,2026-06-30,75.8,57,76,90,85,74,9,Compensation could improve
E00480,2026-06-30,61.4,53,43,60,85,57,5,No comment
E00482,2025-06-30,73.4,91,69,47,85,84,9,Need clearer career path
E00482,2026-06-30,53.0,47,48,62,76,59,10,Compensation could improve
E00484,2025-06-30,53.7,57,45,40,63,49,5,Need clearer career path
E00484,2026-06-30,74.7,81,75,75,54,86,3,Good manager support
E00485,2025-06-30,81.1,94,49,90,75,96,7,No comment
E00485,2026-06-30,78.4,95,89,40,73,81,7,Need more learning opportunities
E00486,2025-06-30,60.9,55,75,65,56,74,4,Compensation could improve
E00486,2026-06-30,82.3,69,74,76,90,82,2,Workload is high
E00487,2025-06-30,82.4,94,67,65,54,73,6,Strong team culture
E00487,2026-06-30,61.0,93,76,65,59,61,7,Workload is high
E00488,2025-06-30,68.3,58,76,41,60,86,8,Need clearer career path
E00488,2026-06-30,67.7,75,53,61,92,94,4,No comment
E00490,2025-06-30,52.0,57,70,39,43,83,6,Good manager support
E00490,2026-06-30,55.7,59,44,39,65,67,7,Compensation could improve
E00491,2025-06-30,65.4,72,90,91,51,48,8,Happy with flexibility
E00491,2026-06-30,67.6,51,84,90,53,88,5,Good manager support
E00492,2025-06-30,86.0,58,92,92,84,83,10,Need more learning opportunities
E00492,2026-06-30,73.1,70,40,75,72,85,9,Good manager support
E00493,2025-06-30,73.7,91,89,74,59,45,1,No comment
E00493,2026-06-30,68.5,66,91,63,66,58,3,Need clearer career path
E00495,2026-06-30,72.7,90,41,83,79,64,8,No comment
E00496,2025-06-30,79.6,84,52,82,88,83,7,Workload is high
E00496,2026-06-30,63.8,81,43,40,59,81,5,Strong team culture
E00497,2025-06-30,83.7,85,64,79,94,62,3,Compensation could improve
E00497,2026-06-30,70.2,85,73,46,42,91,9,Strong team culture
E00499,2025-06-30,53.6,67,57,84,51,49,10,Strong team culture
E00499,2026-06-30,78.5,92,54,84,53,91,9,Happy with flexibility
E00500,2025-06-30,72.3,60,81,83,46,87,5,Workload is high
E00500,2026-06-30,81.8,80,58,62,93,91,2,Strong team culture
E00501,2025-06-30,61.0,46,67,53,89,53,1,Need more learning opportunities
E00501,2026-06-30,56.1,89,41,65,59,48,9,Need more learning opportunities
E00502,2025-06-30,60.2,68,51,43,73,81,7,Good manager support
E00502,2026-06-30,68.9,77,80,57,48,85,10,Need clearer career path
E00503,2025-06-30,71.4,45,76,88,75,79,0,Compensation could improve
E00503,2026-06-30,81.8,60,76,76,95,92,5,Strong team culture
E00504,2025-06-30,69.1,69,62,71,96,61,3,Need more learning opportunities
E00504,2026-06-30,61.0,63,61,40,74,89,1,Workload is high
E00505,2025-06-30,66.7,59,47,87,68,60,5,Need clearer career path
E00505,2026-06-30,62.8,64,47,40,78,82,3,Need more learning opportunities
E00506,2025-06-30,58.4,64,82,84,43,52,9,Need clearer career path
E00506,2026-06-30,73.3,91,63,62,96,63,9,Workload is high
E00507,2026-06-30,65.7,51,66,56,41,95,5,Good manager support
E00508,2025-06-30,73.3,71,87,81,75,71,2,Workload is high
E00508,2026-06-30,67.9,48,90,86,62,59,5,Need clearer career path
E00509,2025-06-30,65.9,75,95,49,55,65,3,Need clearer career path
E00511,2025-06-30,68.4,53,77,73,89,53,3,Happy with flexibility
E00511,2026-06-30,65.2,59,47,86,72,61,9,Compensation could improve
E00513,2025-06-30,74.0,64,93,77,73,58,7,Need more learning opportunities
E00513,2026-06-30,65.2,71,83,61,43,47,0,Workload is high
E00514,2025-06-30,71.8,87,41,58,68,88,5,Need more learning opportunities
E00514,2026-06-30,67.2,71,51,40,81,60,4,Happy with flexibility
E00515,2026-06-30,65.9,87,52,39,59,78,1,Happy with flexibility
E00516,2025-06-30,79.8,60,83,67,88,78,4,Workload is high
E00516,2026-06-30,80.8,88,85,38,73,91,0,Good manager support
E00517,2025-06-30,60.1,55,65,57,69,47,6,Workload is high
E00517,2026-06-30,69.3,68,71,81,87,92,3,Workload is high
E00518,2025-06-30,59.9,59,71,78,52,49,8,Compensation could improve
E00518,2026-06-30,55.5,53,52,61,55,58,9,No comment
E00519,2025-06-30,73.5,57,65,85,42,65,8,Good manager support
E00519,2026-06-30,65.0,61,82,54,42,86,1,Strong team culture
E00520,2025-06-30,69.0,83,40,86,61,85,10,Happy with flexibility
E00520,2026-06-30,74.6,82,83,50,80,54,8,Need clearer career path
E00521,2025-06-30,69.0,75,66,50,73,83,3,Workload is high
E00521,2026-06-30,75.4,61,70,82,78,50,1,Strong team culture
E00522,2025-06-30,68.5,69,46,57,63,95,6,Happy with flexibility
E00522,2026-06-30,73.2,47,90,80,53,97,3,Strong team culture
E00523,2025-06-30,73.7,65,91,79,73,54,7,Strong team culture
E00523,2026-06-30,69.8,68,75,89,61,46,6,No comment
E00524,2025-06-30,65.4,67,75,48,61,71,9,Good manager support
E00524,2026-06-30,61.6,50,66,62,58,67,2,Strong team culture
E00525,2025-06-30,75.3,78,72,89,74,57,1,No comment
E00525,2026-06-30,70.9,81,68,50,63,96,8,Happy with flexibility
E00527,2025-06-30,61.9,77,50,72,52,51,6,Compensation could improve
E00527,2026-06-30,65.8,66,63,52,75,45,6,Strong team culture
E00528,2025-06-30,70.6,60,78,66,79,46,10,Happy with flexibility
E00528,2026-06-30,62.1,73,46,90,43,88,4,Compensation could improve
E00529,2026-06-30,74.7,63,90,92,80,54,6,Good manager support
E00530,2026-06-30,74.7,76,78,69,40,93,2,No comment
E00531,2025-06-30,69.2,81,61,46,81,57,8,Strong team culture
E00531,2026-06-30,63.7,66,57,53,53,68,6,Need more learning opportunities
E00532,2025-06-30,67.3,50,56,85,76,74,8,Need more learning opportunities
E00532,2026-06-30,52.2,95,54,51,46,56,2,Strong team culture
E00533,2025-06-30,62.6,71,76,50,48,50,10,Good manager support
E00533,2026-06-30,75.7,78,84,78,84,58,9,No comment
E00535,2025-06-30,77.7,70,90,54,49,97,7,Workload is high
E00535,2026-06-30,67.7,72,70,61,72,49,8,Compensation could improve
E00536,2025-06-30,64.0,92,45,45,84,77,3,Strong team culture
E00536,2026-06-30,66.1,65,40,90,64,88,9,No comment
E00537,2025-06-30,69.6,68,69,52,85,88,6,Need more learning opportunities
E00537,2026-06-30,70.7,86,76,89,57,72,9,Compensation could improve
E00539,2025-06-30,68.5,68,45,42,91,82,1,Need clearer career path
E00539,2026-06-30,61.9,54,81,64,56,78,6,No comment
E00540,2025-06-30,74.9,65,81,75,47,95,10,Happy with flexibility
E00540,2026-06-30,73.2,73,53,70,79,66,5,Workload is high
E00541,2025-06-30,78.5,63,95,64,68,98,9,Good manager support
E00541,2026-06-30,76.2,83,94,74,40,83,6,No comment
E00542,2025-06-30,87.6,93,72,52,84,83,7,Need clearer career path
E00542,2026-06-30,66.9,67,65,53,78,61,9,Need more learning opportunities
E00543,2025-06-30,83.9,91,51,85,79,85,0,Strong team culture
E00543,2026-06-30,63.9,86,75,54,44,63,5,Need clearer career path
E00544,2025-06-30,66.4,65,85,40,56,77,2,Compensation could improve
E00544,2026-06-30,73.6,80,79,66,86,81,10,Happy with flexibility
E00545,2025-06-30,79.3,82,65,91,66,96,6,Workload is high
E00545,2026-06-30,76.4,92,47,89,44,87,0,Strong team culture
E00549,2025-06-30,75.9,67,78,51,87,72,8,Need more learning opportunities
E00549,2026-06-30,53.9,59,44,82,41,70,1,Strong team culture
E00550,2025-06-30,61.9,62,55,67,69,50,10,Compensation could improve
E00550,2026-06-30,80.1,95,92,60,81,50,2,Happy with flexibility
E00551,2025-06-30,65.3,66,89,52,55,55,0,Workload is high
E00551,2026-06-30,74.3,75,77,91,49,78,0,Strong team culture
E00553,2025-06-30,63.1,73,46,47,78,92,1,Need clearer career path
E00553,2026-06-30,92.0,69,84,90,94,62,9,Need more learning opportunities
E00554,2025-06-30,67.5,86,50,48,62,97,10,No comment
E00554,2026-06-30,72.2,84,88,76,57,50,10,Workload is high
E00555,2025-06-30,59.5,80,66,49,74,46,8,Workload is high
E00556,2025-06-30,85.6,91,88,71,93,84,9,Compensation could improve
E00556,2026-06-30,67.3,69,95,53,47,69,3,Need more learning opportunities
E00558,2025-06-30,67.5,91,55,57,61,78,4,Compensation could improve
E00558,2026-06-30,73.1,89,92,45,69,73,0,Happy with flexibility
E00559,2025-06-30,64.3,78,72,62,42,70,4,Strong team culture
E00559,2026-06-30,82.1,82,90,82,49,85,1,Strong team culture
E00560,2025-06-30,60.0,85,44,50,63,69,4,Compensation could improve
E00560,2026-06-30,76.3,88,92,53,83,65,7,Happy with flexibility
E00561,2025-06-30,78.6,76,81,60,65,93,9,Strong team culture
E00561,2026-06-30,65.6,74,61,73,95,65,0,Happy with flexibility
E00562,2026-06-30,74.8,72,45,89,50,79,9,Need clearer career path
E00563,2026-06-30,69.1,79,47,89,49,84,2,Workload is high
E00564,2025-06-30,65.6,57,44,81,66,79,6,Need more learning opportunities
E00564,2026-06-30,78.8,80,67,91,90,68,0,Need clearer career path
E00565,2025-06-30,70.4,71,51,76,55,90,0,Strong team culture
E00565,2026-06-30,75.6,92,79,66,50,95,9,Need more learning opportunities
E00566,2025-06-30,83.8,83,72,83,95,78,9,Happy with flexibility
E00566,2026-06-30,75.5,91,64,44,90,71,9,Good manager support
E00568,2025-06-30,82.3,63,76,87,95,90,10,No comment
E00568,2026-06-30,68.1,59,65,66,57,76,0,Workload is high
E00569,2025-06-30,73.7,78,91,72,72,52,10,Happy with flexibility
E00569,2026-06-30,61.0,62,88,41,41,63,2,Happy with flexibility
E00570,2025-06-30,52.8,67,57,40,43,83,4,Need more learning opportunities
E00570,2026-06-30,72.9,80,90,43,58,73,6,Need more learning opportunities
E00571,2025-06-30,74.0,59,80,52,74,87,6,Compensation could improve
E00571,2026-06-30,49.6,60,40,72,58,51,1,No comment
E00572,2025-06-30,75.6,51,82,58,71,98,0,Strong team culture
E00572,2026-06-30,66.9,46,67,76,55,81,6,No comment
E00573,2025-06-30,71.0,67,86,50,68,97,7,Good manager support
E00573,2026-06-30,58.1,61,58,81,48,45,2,Strong team culture
E00574,2025-06-30,76.9,62,94,81,89,54,8,Workload is high
E00574,2026-06-30,70.4,66,40,52,89,96,10,Strong team culture
E00575,2025-06-30,64.1,75,67,75,57,89,2,No comment
E00576,2025-06-30,75.0,84,70,47,80,77,5,Need clearer career path
E00576,2026-06-30,62.4,67,74,75,46,60,2,Good manager support
E00577,2025-06-30,83.7,85,94,65,87,73,7,No comment
E00577,2026-06-30,67.6,84,54,90,46,89,6,Workload is high
E00578,2025-06-30,70.3,83,55,50,82,59,9,Strong team culture
E00579,2026-06-30,74.5,79,42,73,59,80,7,Strong team culture
E00580,2025-06-30,61.6,55,80,81,40,70,0,Workload is high
E00580,2026-06-30,66.9,66,67,78,46,88,10,Compensation could improve
E00581,2025-06-30,80.0,92,60,89,76,93,6,Need clearer career path
E00582,2025-06-30,62.4,66,48,56,61,93,1,Strong team culture
E00582,2026-06-30,73.1,76,63,69,71,55,7,Strong team culture
E00583,2025-06-30,51.0,68,44,44,56,51,0,Strong team culture
E00583,2026-06-30,72.7,71,86,68,65,69,6,Workload is high
E00584,2025-06-30,74.0,80,84,42,95,56,6,Need more learning opportunities
E00584,2026-06-30,46.2,47,71,39,52,46,5,No comment
E00585,2025-06-30,69.6,69,87,70,41,78,6,No comment
E00585,2026-06-30,67.6,93,52,87,42,50,0,Need clearer career path
E00586,2025-06-30,56.5,55,86,48,57,67,0,Need clearer career path
E00586,2026-06-30,77.2,89,64,83,79,68,6,Happy with flexibility
E00587,2025-06-30,54.8,45,54,78,43,77,1,Need clearer career path
E00587,2026-06-30,60.2,83,55,64,66,56,3,Workload is high
E00588,2025-06-30,69.8,84,53,71,67,83,2,No comment
E00588,2026-06-30,47.5,65,42,46,44,50,6,Happy with flexibility
E00589,2025-06-30,79.6,81,86,55,91,56,10,Need clearer career path
E00589,2026-06-30,74.3,92,80,46,64,70,9,No comment
E00590,2025-06-30,72.8,70,94,68,44,90,6,Workload is high
E00590,2026-06-30,63.0,71,43,88,76,57,3,Compensation could improve
E00591,2025-06-30,60.3,71,45,46,45,69,2,Good manager support
E00591,2026-06-30,68.8,87,54,79,68,48,1,Need more learning opportunities
E00592,2025-06-30,70.9,59,47,70,85,93,5,Need clearer career path
E00592,2026-06-30,66.6,68,51,59,76,87,4,Workload is high
E00593,2025-06-30,57.2,45,50,72,94,70,6,Need more learning opportunities
E00593,2026-06-30,75.0,66,64,73,59,80,6,Happy with flexibility
E00594,2026-06-30,68.2,80,45,51,73,78,2,No comment
E00595,2025-06-30,71.8,86,66,68,42,49,4,Happy with flexibility
E00595,2026-06-30,70.4,73,58,71,92,58,4,Strong team culture
E00596,2025-06-30,79.3,95,63,65,79,80,6,Good manager support
E00596,2026-06-30,72.2,93,47,67,69,80,9,Workload is high
E00597,2025-06-30,60.1,80,45,51,58,64,10,Good manager support
E00597,2026-06-30,63.4,72,68,45,48,74,8,Need clearer career path
E00598,2025-06-30,57.4,54,58,75,42,62,6,Need more learning opportunities
E00598,2026-06-30,67.3,79,62,58,74,77,2,Happy with flexibility
E00599,2025-06-30,69.7,77,59,60,78,83,8,Compensation could improve
E00599,2026-06-30,82.7,94,76,59,84,86,8,Strong team culture
E00600,2025-06-30,66.2,69,81,67,48,73,7,Happy with flexibility
E00600,2026-06-30,75.8,73,92,69,86,45,3,Need clearer career path
E00601,2025-06-30,82.5,93,49,84,88,66,1,Happy with flexibility
E00601,2026-06-30,72.7,84,84,46,68,66,0,Workload is high
E00602,2025-06-30,69.1,76,79,72,60,74,6,Need clearer career path
E00602,2026-06-30,57.8,92,40,47,71,55,7,Need clearer career path
E00603,2025-06-30,73.8,74,87,51,63,77,0,Strong team culture
E00603,2026-06-30,76.3,49,69,89,90,80,9,Need clearer career path
E00604,2025-06-30,60.9,78,52,60,48,75,6,No comment
E00604,2026-06-30,59.3,80,40,42,89,61,6,No comment
E00605,2025-06-30,74.6,82,72,88,71,56,2,Strong team culture
E00605,2026-06-30,63.3,82,67,63,83,58,5,No comment
E00606,2025-06-30,65.0,60,71,51,65,97,9,Happy with flexibility
E00606,2026-06-30,67.3,74,71,79,40,57,4,No comment
E00607,2025-06-30,78.9,71,52,81,78,88,9,Need more learning opportunities
E00607,2026-06-30,81.8,80,93,83,90,64,6,Happy with flexibility
E00608,2025-06-30,62.9,66,48,45,85,65,1,Happy with flexibility
E00608,2026-06-30,74.0,57,80,52,90,89,5,Compensation could improve
E00609,2026-06-30,71.7,68,72,46,71,96,3,Good manager support
E00610,2025-06-30,61.5,63,44,46,82,73,4,No comment
E00610,2026-06-30,66.8,60,75,50,69,69,9,No comment
E00611,2025-06-30,62.7,57,74,57,70,69,0,No comment
E00611,2026-06-30,74.6,84,73,51,83,81,8,Need clearer career path
E00612,2025-06-30,60.9,51,77,67,77,53,8,Need more learning opportunities
E00612,2026-06-30,80.4,69,74,85,93,59,0,Need clearer career path
E00613,2026-06-30,59.3,58,54,54,91,56,8,Need clearer career path
E00614,2025-06-30,70.7,74,67,90,76,54,9,Need more learning opportunities
E00614,2026-06-30,80.5,95,89,82,50,92,4,Need clearer career path
E00615,2025-06-30,71.6,69,49,91,68,83,10,Need clearer career path
E00615,2026-06-30,67.4,47,69,89,40,91,0,Compensation could improve
E00616,2026-06-30,71.1,57,93,57,77,78,2,Workload is high
E00617,2025-06-30,67.6,79,85,80,43,85,5,Need more learning opportunities
E00617,2026-06-30,77.7,85,44,83,71,79,4,No comment
E00618,2025-06-30,66.0,77,44,49,54,88,0,Strong team culture
E00618,2026-06-30,71.4,71,63,60,62,91,4,Need more learning opportunities
E00619,2026-06-30,70.4,72,52,80,69,95,10,Good manager support
E00622,2025-06-30,59.8,45,63,51,56,96,6,Need more learning opportunities
E00622,2026-06-30,66.6,74,66,47,79,64,8,Good manager support
E00623,2025-06-30,54.4,63,70,50,42,65,0,Compensation could improve
E00623,2026-06-30,82.6,94,49,78,90,96,7,Workload is high
E00624,2025-06-30,57.9,60,78,78,44,47,5,Need more learning opportunities
E00624,2026-06-30,68.9,53,59,85,63,92,10,No comment
E00625,2025-06-30,81.4,82,64,88,57,70,10,Strong team culture
E00625,2026-06-30,78.3,92,60,85,77,86,4,Compensation could improve
E00626,2025-06-30,78.2,54,70,59,92,95,10,Need clearer career path
E00626,2026-06-30,66.8,47,59,46,72,91,3,Need more learning opportunities
E00627,2025-06-30,60.3,63,53,40,65,98,4,Need more learning opportunities
E00627,2026-06-30,62.1,56,56,76,41,79,3,Workload is high
E00628,2025-06-30,67.8,77,84,59,45,54,0,Strong team culture
E00628,2026-06-30,75.4,94,46,65,96,81,6,Need clearer career path
E00629,2025-06-30,84.0,93,51,77,78,80,5,Need more learning opportunities
E00629,2026-06-30,74.4,70,47,83,94,77,8,Workload is high
E00630,2025-06-30,69.8,50,90,66,65,96,7,Good manager support
E00630,2026-06-30,76.2,82,69,89,92,60,9,Need more learning opportunities
E00631,2025-06-30,75.4,50,65,84,75,61,3,Need clearer career path
E00631,2026-06-30,74.6,54,77,81,87,71,8,Happy with flexibility
E00633,2025-06-30,73.4,90,76,90,55,81,2,No comment
E00633,2026-06-30,75.0,55,78,88,76,59,6,Strong team culture
E00635,2025-06-30,77.6,57,83,87,74,83,10,Good manager support
E00635,2026-06-30,64.9,76,47,80,61,63,8,Good manager support
E00636,2025-06-30,71.4,85,59,73,92,65,7,No comment
E00636,2026-06-30,70.1,45,86,71,55,85,3,No comment
E00637,2025-06-30,76.9,72,85,48,69,98,7,Happy with flexibility
E00637,2026-06-30,77.3,79,42,80,74,98,5,Need more learning opportunities
E00638,2026-06-30,67.0,64,67,83,52,52,8,Need more learning opportunities
E00639,2026-06-30,72.0,72,69,68,63,74,0,Need more learning opportunities
E00640,2025-06-30,68.6,84,57,74,78,45,7,Need more learning opportunities
E00640,2026-06-30,67.5,61,59,65,42,77,0,Happy with flexibility
E00641,2025-06-30,69.4,82,83,80,60,49,2,Need more learning opportunities
E00641,2026-06-30,83.8,83,89,62,68,79,10,Workload is high
E00643,2025-06-30,62.3,70,64,65,44,46,7,Happy with flexibility
E00643,2026-06-30,54.7,51,68,52,56,57,10,Compensation could improve
E00644,2025-06-30,53.3,48,57,58,64,64,6,Workload is high
E00644,2026-06-30,67.3,59,61,44,87,65,10,Workload is high
E00645,2025-06-30,58.6,47,73,81,46,72,9,Need clearer career path
E00645,2026-06-30,69.1,74,45,87,70,45,9,Need clearer career path
E00646,2026-06-30,71.6,95,43,92,79,70,7,Need clearer career path
E00647,2025-06-30,67.9,83,86,45,79,54,6,Need clearer career path
E00647,2026-06-30,70.5,55,83,59,83,85,1,Happy with flexibility
E00648,2026-06-30,62.6,88,68,47,52,63,6,Strong team culture
E00649,2025-06-30,64.8,72,87,42,83,65,1,Good manager support
E00649,2026-06-30,60.8,75,40,58,75,71,9,No comment
E00650,2025-06-30,68.9,78,86,40,96,53,2,Compensation could improve
E00650,2026-06-30,68.9,50,93,53,87,76,10,Need more learning opportunities
E00651,2025-06-30,76.6,74,66,55,51,93,5,Compensation could improve
E00651,2026-06-30,76.2,93,77,79,68,92,1,Need more learning opportunities
E00652,2025-06-30,60.9,73,66,43,46,69,2,Happy with flexibility
E00652,2026-06-30,70.6,71,72,82,43,85,5,Compensation could improve
E00653,2025-06-30,69.2,75,87,42,87,45,7,Good manager support
E00653,2026-06-30,51.2,49,57,58,40,62,3,Good manager support
E00654,2025-06-30,64.8,78,45,65,81,56,0,Workload is high
E00654,2026-06-30,79.1,77,88,73,52,87,0,Workload is high
E00655,2025-06-30,68.1,89,89,66,65,48,5,No comment
E00655,2026-06-30,67.1,70,93,38,66,61,2,Strong team culture
E00656,2025-06-30,68.8,79,70,71,65,56,2,Need clearer career path
E00656,2026-06-30,58.0,46,57,46,43,82,5,Need clearer career path
E00657,2025-06-30,71.3,60,86,79,89,54,9,Happy with flexibility
E00657,2026-06-30,74.6,64,95,72,58,96,4,Need clearer career path
E00659,2025-06-30,77.0,78,74,54,88,81,6,Need clearer career path
E00659,2026-06-30,61.9,69,71,45,72,60,0,Compensation could improve
E00660,2025-06-30,73.2,88,76,69,59,75,2,Need clearer career path
E00660,2026-06-30,70.2,52,58,81,80,97,8,Compensation could improve
E00661,2025-06-30,64.1,64,60,71,71,98,4,Strong team culture
E00661,2026-06-30,64.1,75,50,67,65,95,9,Need clearer career path
E00662,2025-06-30,80.3,87,64,88,71,92,5,No comment
E00662,2026-06-30,63.7,88,58,69,58,51,2,Need clearer career path
E00663,2025-06-30,60.9,50,70,46,80,63,2,Need clearer career path
E00663,2026-06-30,82.7,93,82,72,79,88,8,Need clearer career path
E00664,2025-06-30,74.4,88,74,43,68,68,7,No comment
E00664,2026-06-30,66.9,95,53,43,66,84,3,Compensation could improve
E00666,2025-06-30,73.4,92,80,66,76,48,7,No comment
E00666,2026-06-30,62.1,56,73,51,65,62,1,Strong team culture
E00667,2025-06-30,68.0,62,42,74,94,55,2,Strong team culture
E00667,2026-06-30,63.2,54,67,57,74,60,8,Compensation could improve
E00668,2025-06-30,77.1,90,88,47,68,83,10,No comment
E00668,2026-06-30,59.6,58,59,53,45,88,3,Need more learning opportunities
E00669,2025-06-30,74.8,74,70,67,82,81,1,Need clearer career path
E00669,2026-06-30,66.2,84,43,51,93,93,6,Strong team culture
E00670,2025-06-30,68.4,64,72,89,68,67,3,Strong team culture
E00670,2026-06-30,64.7,48,59,47,74,91,6,Good manager support
E00671,2025-06-30,76.1,64,82,69,53,95,5,Strong team culture
E00671,2026-06-30,71.6,72,58,60,73,78,3,Strong team culture
E00673,2025-06-30,65.3,55,72,71,57,48,8,Strong team culture
E00673,2026-06-30,72.9,67,94,48,75,91,10,Happy with flexibility
E00674,2025-06-30,63.1,48,73,66,66,81,8,Happy with flexibility
E00674,2026-06-30,76.0,89,92,82,41,46,2,Compensation could improve
E00675,2025-06-30,67.9,55,82,49,75,97,0,Strong team culture
E00675,2026-06-30,67.6,71,44,88,51,65,8,No comment
E00676,2025-06-30,81.1,81,80,56,78,87,9,Need clearer career path
E00676,2026-06-30,69.9,91,57,60,89,51,5,Workload is high
E00677,2025-06-30,58.5,55,50,48,78,84,9,Compensation could improve
E00677,2026-06-30,67.2,61,85,54,86,65,2,Happy with flexibility
E00678,2025-06-30,84.1,72,79,83,69,97,8,Happy with flexibility
E00678,2026-06-30,67.4,70,73,68,77,74,2,Need more learning opportunities
E00679,2025-06-30,57.4,76,78,41,47,89,5,Strong team culture
E00679,2026-06-30,48.8,48,44,39,52,52,10,Need clearer career path
E00680,2025-06-30,76.5,57,72,80,48,96,8,Workload is high
E00680,2026-06-30,66.1,82,60,69,72,98,10,Happy with flexibility
E00681,2025-06-30,62.2,63,91,52,41,64,10,Good manager support
E00681,2026-06-30,63.3,51,50,91,76,85,8,Need clearer career path
E00682,2025-06-30,73.8,88,67,65,87,83,6,Compensation could improve
E00682,2026-06-30,73.7,61,91,48,89,59,7,Good manager support
E00683,2025-06-30,74.8,85,83,73,42,84,4,Good manager support
E00683,2026-06-30,91.0,61,94,90,93,82,4,No comment
E00684,2025-06-30,67.6,66,48,40,82,68,9,Compensation could improve
E00684,2026-06-30,69.4,60,71,56,87,59,8,No comment
E00685,2025-06-30,67.5,55,76,47,69,91,7,Need clearer career path
E00685,2026-06-30,65.4,64,43,67,73,72,5,Compensation could improve
E00686,2026-06-30,70.3,50,68,62,72,96,7,Need clearer career path
E00687,2025-06-30,70.9,95,44,68,66,76,4,Compensation could improve
E00687,2026-06-30,51.3,49,69,41,48,68,9,Need more learning opportunities
E00688,2025-06-30,77.7,46,91,75,55,71,9,Good manager support
E00688,2026-06-30,74.6,56,83,66,52,93,10,Happy with flexibility
E00689,2025-06-30,56.7,67,60,60,48,51,10,Need clearer career path
E00689,2026-06-30,73.2,80,67,58,88,87,8,Need clearer career path
E00690,2025-06-30,55.1,66,40,71,46,49,10,Compensation could improve
E00690,2026-06-30,72.1,85,65,76,61,53,8,Need more learning opportunities
E00691,2026-06-30,74.3,63,45,86,96,51,10,Compensation could improve
E00692,2025-06-30,57.1,73,55,49,42,88,5,Happy with flexibility
E00692,2026-06-30,66.2,71,90,67,50,76,0,Good manager support
E00693,2025-06-30,66.2,76,54,51,94,50,4,Need more learning opportunities
E00693,2026-06-30,72.5,76,75,70,59,77,0,Happy with flexibility
E00694,2025-06-30,73.1,64,50,83,75,82,9,Workload is high
E00694,2026-06-30,67.4,64,54,71,78,79,6,Need more learning opportunities
E00695,2025-06-30,57.9,51,52,59,69,68,4,Strong team culture
E00695,2026-06-30,66.0,76,73,62,64,45,7,Need more learning opportunities
E00696,2025-06-30,79.7,91,52,67,74,82,6,Need more learning opportunities
E00696,2026-06-30,74.9,87,71,67,43,87,6,Workload is high
E00697,2025-06-30,66.3,49,45,65,93,50,1,Compensation could improve
E00698,2025-06-30,64.6,89,77,65,50,48,10,Happy with flexibility
E00698,2026-06-30,71.9,47,50,56,90,91,10,Compensation could improve
E00699,2025-06-30,70.6,70,85,55,79,58,7,Compensation could improve
E00700,2025-06-30,53.6,54,42,84,44,75,3,Strong team culture
E00700,2026-06-30,65.4,63,60,78,46,89,1,Good manager support
E00701,2025-06-30,45.6,51,40,48,51,51,0,Compensation could improve
E00701,2026-06-30,70.3,91,63,38,70,80,3,Need more learning opportunities
E00702,2025-06-30,66.1,50,85,56,41,67,1,Happy with flexibility
E00702,2026-06-30,62.0,67,52,53,55,67,6,Compensation could improve
E00703,2025-06-30,73.1,95,41,54,90,51,8,Need more learning opportunities
E00703,2026-06-30,58.1,49,56,51,76,65,7,Need clearer career path
E00704,2025-06-30,68.9,69,52,91,52,72,4,Strong team culture
E00704,2026-06-30,64.5,69,90,48,81,60,4,No comment
E00705,2025-06-30,74.2,94,94,90,50,62,5,Happy with flexibility
E00705,2026-06-30,71.6,64,91,76,56,73,7,Workload is high
E00706,2025-06-30,57.2,55,43,52,49,76,2,Happy with flexibility
E00706,2026-06-30,77.1,62,67,59,87,97,8,Compensation could improve
E00707,2025-06-30,80.4,52,67,85,86,97,2,Need clearer career path
E00709,2025-06-30,72.0,90,92,83,80,47,4,Happy with flexibility
E00709,2026-06-30,68.4,59,41,83,94,75,8,Strong team culture
E00710,2025-06-30,62.9,86,56,87,42,52,10,Compensation could improve
E00710,2026-06-30,72.8,76,68,84,56,58,7,Need more learning opportunities
E00711,2026-06-30,68.3,59,49,67,83,64,10,Happy with flexibility
E00712,2025-06-30,53.6,47,58,49,88,45,4,Workload is high
E00712,2026-06-30,64.1,47,90,40,78,82,1,Strong team culture
E00713,2025-06-30,75.9,95,85,89,60,55,2,Need clearer career path
E00713,2026-06-30,73.1,79,75,60,84,52,7,Need more learning opportunities
E00714,2025-06-30,55.7,53,41,89,63,55,6,Compensation could improve
E00714,2026-06-30,62.5,48,59,52,71,60,9,No comment
E00716,2025-06-30,77.8,47,70,46,96,95,0,No comment
E00716,2026-06-30,68.5,80,68,38,59,92,0,Happy with flexibility
E00717,2025-06-30,53.6,57,50,63,50,90,9,Need clearer career path
E00717,2026-06-30,75.3,94,52,81,78,78,1,Good manager support
E00719,2025-06-30,63.6,53,58,74,62,86,1,Good manager support
E00719,2026-06-30,62.2,67,78,54,45,61,1,Workload is high
E00720,2025-06-30,58.0,51,95,44,84,50,4,No comment
E00720,2026-06-30,72.1,46,78,65,90,82,3,Workload is high
E00721,2025-06-30,72.9,79,93,50,49,97,5,Good manager support
E00721,2026-06-30,66.8,88,48,71,92,81,6,Strong team culture
E00722,2025-06-30,75.8,94,44,85,75,66,6,Happy with flexibility
E00722,2026-06-30,73.6,54,81,75,71,98,0,Workload is high
E00723,2025-06-30,63.7,95,50,50,57,73,5,Need clearer career path
E00723,2026-06-30,79.2,67,82,72,80,94,4,Compensation could improve
E00724,2025-06-30,65.2,52,78,49,71,90,10,Workload is high
E00724,2026-06-30,63.9,94,72,81,42,69,5,Strong team culture
E00726,2025-06-30,67.8,60,85,87,41,78,2,Need more learning opportunities
E00726,2026-06-30,68.7,82,45,72,73,56,3,Need more learning opportunities
E00727,2026-06-30,85.1,92,93,78,91,98,2,Compensation could improve
E00728,2025-06-30,55.8,73,54,43,55,59,10,No comment
E00728,2026-06-30,57.9,76,56,53,41,45,9,Happy with flexibility
E00729,2025-06-30,63.3,65,58,61,48,66,4,Good manager support
E00730,2025-06-30,88.2,94,94,91,87,95,0,Happy with flexibility
E00730,2026-06-30,67.8,76,41,81,89,76,2,Need more learning opportunities
E00731,2025-06-30,59.9,64,40,85,63,70,8,Need clearer career path
E00731,2026-06-30,73.4,85,92,78,59,75,8,Compensation could improve
E00732,2026-06-30,63.5,51,61,48,78,83,3,Compensation could improve
E00733,2025-06-30,77.7,51,84,64,76,98,6,Compensation could improve
E00733,2026-06-30,70.7,59,81,92,83,57,3,Good manager support
E00734,2025-06-30,68.6,52,90,87,67,80,9,Strong team culture
E00734,2026-06-30,73.6,82,55,89,55,77,6,Strong team culture
E00735,2026-06-30,71.0,59,90,58,75,78,8,No comment
E00736,2025-06-30,55.7,75,45,66,41,59,6,Good manager support
E00736,2026-06-30,75.1,48,71,82,68,92,2,Need more learning opportunities
E00737,2025-06-30,67.7,85,49,55,83,53,10,Strong team culture
E00737,2026-06-30,62.6,77,47,42,91,59,2,Need clearer career path
E00738,2026-06-30,81.7,73,85,85,93,52,6,Good manager support
E00739,2025-06-30,69.8,73,58,65,81,69,0,Compensation could improve
E00739,2026-06-30,63.0,67,91,46,61,73,7,Happy with flexibility
E00740,2025-06-30,72.9,79,86,69,80,47,0,Good manager support
E00740,2026-06-30,80.6,86,86,92,77,59,7,Happy with flexibility
E00741,2025-06-30,60.5,75,71,39,61,96,6,Need more learning opportunities
E00741,2026-06-30,66.0,45,43,47,95,85,3,Compensation could improve
E00742,2025-06-30,61.4,59,73,52,62,86,8,Good manager support
E00742,2026-06-30,71.8,91,71,81,45,60,1,No comment
E00744,2026-06-30,67.5,93,61,44,63,45,4,Compensation could improve
E00745,2025-06-30,83.3,80,75,68,59,71,4,Good manager support
E00745,2026-06-30,59.9,51,45,40,87,61,3,Strong team culture
E00746,2025-06-30,81.2,89,75,88,86,80,7,Good manager support
E00746,2026-06-30,66.4,65,84,59,92,46,1,Strong team culture
E00747,2026-06-30,64.8,86,58,39,49,68,3,Good manager support
E00748,2025-06-30,58.9,49,41,75,92,49,7,Happy with flexibility
E00748,2026-06-30,72.1,88,63,46,91,78,8,Compensation could improve
E00749,2025-06-30,87.4,85,89,86,75,95,4,Strong team culture
E00749,2026-06-30,63.2,58,63,48,43,86,6,Good manager support
E00750,2025-06-30,62.0,49,49,67,73,84,5,Need clearer career path
E00750,2026-06-30,62.7,61,50,56,58,61,9,Workload is high
E00751,2025-06-30,64.9,90,81,80,51,58,8,Strong team culture
E00751,2026-06-30,78.4,87,89,70,74,73,6,No comment
E00752,2025-06-30,74.9,74,78,39,95,93,7,Happy with flexibility
E00752,2026-06-30,62.4,80,53,81,54,49,6,Good manager support
E00753,2025-06-30,71.2,57,89,58,94,58,0,Happy with flexibility
E00753,2026-06-30,74.7,95,76,88,65,81,4,Compensation could improve
E00754,2025-06-30,58.2,85,47,92,65,48,2,Strong team culture
E00754,2026-06-30,80.8,75,95,49,93,83,9,No comment
E00756,2025-06-30,55.5,52,64,41,43,87,6,Need clearer career path
E00756,2026-06-30,44.5,66,57,42,44,49,6,Good manager support
E00757,2025-06-30,76.4,69,88,81,53,97,1,Compensation could improve
E00757,2026-06-30,68.6,89,88,43,60,71,4,Good manager support
E00758,2026-06-30,71.8,91,56,76,78,59,0,Need clearer career path
E00759,2025-06-30,86.1,68,84,87,80,91,5,Happy with flexibility
E00759,2026-06-30,78.9,82,60,46,92,63,9,Need more learning opportunities
E00760,2026-06-30,75.3,77,82,55,84,59,2,Strong team culture
E00761,2025-06-30,77.0,74,93,89,40,70,6,Compensation could improve
E00761,2026-06-30,54.9,72,80,55,50,56,10,Compensation could improve
E00763,2025-06-30,68.9,66,53,50,83,77,9,Need clearer career path
E00763,2026-06-30,77.2,95,76,74,67,66,2,Need more learning opportunities
E00764,2025-06-30,62.9,65,79,80,53,45,6,Compensation could improve
E00764,2026-06-30,52.8,45,50,75,47,46,0,Compensation could improve
E00765,2025-06-30,64.2,70,67,78,44,59,6,Strong team culture
E00765,2026-06-30,70.3,88,67,80,70,50,2,Need more learning opportunities
E00766,2025-06-30,70.0,90,65,65,86,64,3,Workload is high
E00766,2026-06-30,78.8,73,65,80,90,85,8,Good manager support
E00767,2026-06-30,80.5,88,81,77,77,96,2,Happy with flexibility
E00768,2025-06-30,78.5,60,88,84,81,53,7,Strong team culture
E00768,2026-06-30,66.6,84,53,51,72,63,9,Need more learning opportunities
E00769,2025-06-30,73.3,93,49,67,79,70,2,No comment
E00769,2026-06-30,75.2,55,85,89,86,54,5,Need clearer career path
E00770,2025-06-30,77.1,56,77,64,76,97,3,Strong team culture
E00770,2026-06-30,76.4,90,74,65,69,82,8,Need clearer career path
E00771,2025-06-30,56.9,53,94,64,48,48,6,Compensation could improve
E00771,2026-06-30,64.3,56,81,50,84,72,4,Strong team culture
E00772,2025-06-30,70.1,82,60,53,56,83,6,Need more learning opportunities
E00772,2026-06-30,65.9,55,94,41,90,62,8,Need clearer career path
E00773,2025-06-30,60.8,51,66,50,57,54,2,Happy with flexibility
E00773,2026-06-30,69.0,78,54,65,61,89,4,Need more learning opportunities
E00774,2025-06-30,75.8,80,71,54,71,78,4,Strong team culture
E00774,2026-06-30,68.3,87,77,69,67,45,8,Need more learning opportunities
E00775,2025-06-30,65.1,85,41,86,67,63,1,Need more learning opportunities
E00775,2026-06-30,76.6,61,92,78,81,83,1,Workload is high
E00776,2025-06-30,54.1,49,49,56,40,69,8,Compensation could improve
E00776,2026-06-30,71.0,68,79,48,54,95,0,Need clearer career path
E00777,2025-06-30,75.1,94,94,83,70,64,0,Good manager support
E00777,2026-06-30,71.5,71,94,61,69,62,6,Workload is high
E00778,2025-06-30,67.6,52,63,83,67,84,5,Good manager support
E00778,2026-06-30,77.7,82,72,89,65,58,2,Need clearer career path
E00779,2025-06-30,81.8,80,65,80,84,59,0,Good manager support
E00779,2026-06-30,78.8,49,51,90,86,93,5,Happy with flexibility
E00781,2025-06-30,70.4,46,70,41,74,94,3,Workload is high
E00781,2026-06-30,67.8,73,58,71,65,77,8,No comment
E00782,2025-06-30,67.1,87,65,80,46,78,8,Need more learning opportunities
E00782,2026-06-30,59.6,58,51,54,93,54,3,Compensation could improve
E00783,2025-06-30,67.4,90,95,60,75,46,0,No comment
E00783,2026-06-30,71.0,52,82,62,60,98,9,Good manager support
E00784,2025-06-30,66.1,60,51,91,56,73,8,Happy with flexibility
E00784,2026-06-30,76.1,48,85,88,83,57,10,Need clearer career path
E00785,2025-06-30,60.7,55,57,47,75,67,2,Happy with flexibility
E00785,2026-06-30,53.7,82,40,55,44,67,5,Strong team culture
E00786,2025-06-30,69.4,92,54,61,69,98,4,No comment
E00786,2026-06-30,68.5,51,63,81,73,74,3,Need more learning opportunities
E00787,2025-06-30,72.2,73,81,68,69,80,9,Compensation could improve
E00787,2026-06-30,62.1,92,40,79,64,52,1,Compensation could improve
E00788,2025-06-30,69.4,92,40,76,84,52,1,Need more learning opportunities
E00788,2026-06-30,68.8,71,64,57,88,85,0,Compensation could improve
E00789,2025-06-30,76.6,70,88,45,80,86,2,Compensation could improve
E00790,2025-06-30,72.1,77,83,53,75,74,1,Happy with flexibility
E00790,2026-06-30,69.7,53,94,62,86,67,6,Need more learning opportunities
E00792,2025-06-30,71.6,75,79,39,90,81,5,Compensation could improve
E00792,2026-06-30,73.0,58,93,89,68,51,4,Workload is high
E00793,2025-06-30,72.2,73,51,61,94,48,10,Good manager support
E00793,2026-06-30,73.7,91,68,80,73,75,10,Compensation could improve
E00794,2026-06-30,58.2,68,46,55,61,54,9,Good manager support
E00795,2025-06-30,77.8,66,47,91,96,94,7,No comment
E00795,2026-06-30,75.9,81,88,71,70,54,6,Need clearer career path
E00796,2026-06-30,62.8,50,80,64,62,83,0,Compensation could improve
E00797,2025-06-30,56.8,82,70,38,66,45,7,Need more learning opportunities
E00797,2026-06-30,74.6,60,86,52,71,97,8,Strong team culture
E00798,2026-06-30,58.9,58,71,58,51,70,0,Need more learning opportunities
E00799,2026-06-30,65.1,48,58,65,89,70,6,Strong team culture
E00800,2025-06-30,74.6,70,79,72,93,46,3,Happy with flexibility
E00800,2026-06-30,63.9,66,60,92,41,63,6,Workload is high
E00801,2025-06-30,70.5,75,81,45,93,76,7,Compensation could improve
E00801,2026-06-30,71.8,48,64,82,75,69,2,Compensation could improve
E00802,2025-06-30,64.6,88,81,54,47,58,1,Compensation could improve
E00802,2026-06-30,63.1,71,55,51,41,84,7,No comment
E00803,2025-06-30,58.3,80,45,51,50,72,7,Strong team culture
E00803,2026-06-30,74.4,78,81,73,95,57,0,Need clearer career path
E00805,2026-06-30,86.6,94,77,89,85,70,3,Need more learning opportunities
E00806,2025-06-30,62.7,74,40,56,43,97,9,Compensation could improve
E00806,2026-06-30,74.2,48,91,60,85,98,10,Need clearer career path
E00807,2026-06-30,76.9,91,44,89,95,66,9,Compensation could improve
E00808,2025-06-30,61.7,86,63,82,46,64,6,Good manager support
E00808,2026-06-30,63.9,93,79,70,40,46,7,Need clearer career path
E00809,2025-06-30,51.7,64,66,42,78,53,2,Compensation could improve
E00809,2026-06-30,66.5,69,91,87,42,65,5,Happy with flexibility
E00810,2025-06-30,57.7,46,62,68,65,60,9,No comment
E00810,2026-06-30,79.9,84,57,81,95,68,0,Need clearer career path
E00811,2025-06-30,65.7,47,44,67,80,81,4,Strong team culture
E00811,2026-06-30,76.7,72,63,91,66,81,9,Compensation could improve
E00812,2025-06-30,68.3,76,68,50,87,71,1,No comment
E00812,2026-06-30,56.4,63,65,46,50,60,7,Happy with flexibility
E00813,2025-06-30,64.7,74,70,74,44,83,1,Compensation could improve
E00813,2026-06-30,85.6,90,67,82,84,84,9,Need clearer career path
E00814,2025-06-30,71.7,65,82,67,48,49,0,Strong team culture
E00814,2026-06-30,59.7,80,79,46,42,55,6,Good manager support
E00815,2025-06-30,63.5,48,73,59,91,51,5,Strong team culture
E00815,2026-06-30,64.4,93,57,85,55,53,7,Good manager support
E00816,2025-06-30,69.9,87,72,82,47,53,1,Happy with flexibility
E00816,2026-06-30,76.1,63,64,70,95,71,1,No comment
E00817,2025-06-30,83.6,83,79,79,90,73,6,Workload is high
E00817,2026-06-30,77.2,86,50,72,57,98,2,Need clearer career path
E00819,2025-06-30,55.2,87,61,54,52,57,10,Happy with flexibility
E00819,2026-06-30,69.2,67,83,78,78,75,3,Workload is high
E00820,2025-06-30,81.5,88,51,84,89,87,3,Workload is high
E00820,2026-06-30,79.2,80,78,74,90,90,2,Happy with flexibility
E00822,2025-06-30,70.1,51,95,91,49,65,7,Workload is high
E00822,2026-06-30,81.8,82,90,67,80,81,6,Need more learning opportunities
E00823,2025-06-30,63.2,55,78,50,58,91,0,Happy with flexibility
E00823,2026-06-30,59.9,60,52,78,49,49,10,Strong team culture
E00824,2025-06-30,64.4,84,48,76,56,92,1,Happy with flexibility
E00824,2026-06-30,69.1,45,73,85,50,72,10,No comment
E00825,2026-06-30,78.0,92,76,73,50,95,1,Strong team culture
E00826,2025-06-30,69.4,93,47,58,72,92,10,Strong team culture
E00826,2026-06-30,61.2,78,72,49,71,52,1,Compensation could improve
E00827,2026-06-30,81.1,93,83,88,87,81,3,Good manager support
E00828,2025-06-30,66.9,92,55,79,56,53,4,Need clearer career path
E00828,2026-06-30,54.3,65,63,73,45,51,1,Need clearer career path
E00829,2025-06-30,53.2,48,63,50,92,45,4,Need clearer career path
E00829,2026-06-30,76.2,75,82,65,90,59,9,Good manager support
E00830,2025-06-30,64.2,86,63,42,70,65,7,Workload is high
E00830,2026-06-30,69.9,58,57,82,95,49,1,Need clearer career path
E00831,2026-06-30,78.2,77,57,65,93,75,6,Compensation could improve
E00832,2025-06-30,65.0,70,55,68,82,56,0,Happy with flexibility
E00833,2025-06-30,74.1,89,74,80,84,58,0,Need more learning opportunities
E00833,2026-06-30,74.1,93,47,69,70,92,5,No comment
E00834,2025-06-30,66.8,53,51,38,95,74,8,Strong team culture
E00834,2026-06-30,80.7,78,47,91,82,93,9,Need more learning opportunities
E00835,2025-06-30,63.2,88,43,71,51,65,0,Strong team culture
E00835,2026-06-30,70.6,93,42,63,42,87,3,Workload is high
E00836,2025-06-30,63.6,66,73,58,65,61,8,Need clearer career path
E00836,2026-06-30,66.2,75,54,65,82,67,3,Good manager support
E00837,2025-06-30,56.3,65,78,41,72,45,7,Need more learning opportunities
E00837,2026-06-30,82.1,78,70,67,84,88,9,Workload is high
E00838,2025-06-30,55.2,47,44,78,52,55,1,Happy with flexibility
E00838,2026-06-30,66.3,69,58,59,46,93,7,Workload is high
E00840,2025-06-30,71.4,62,89,58,71,96,2,Good manager support
E00840,2026-06-30,73.2,68,92,50,89,49,5,No comment
E00841,2025-06-30,64.4,89,48,53,46,94,5,Need more learning opportunities
E00841,2026-06-30,78.3,87,82,63,96,69,7,Good manager support
E00842,2026-06-30,68.1,81,86,46,46,97,7,Need more learning opportunities
E00843,2025-06-30,77.3,46,95,90,56,85,4,Strong team culture
E00843,2026-06-30,67.2,57,94,62,60,79,0,Workload is high
E00844,2025-06-30,72.1,94,77,72,58,74,10,Need more learning opportunities
E00844,2026-06-30,60.9,56,77,42,91,45,3,Strong team culture
E00845,2025-06-30,63.9,46,55,71,50,97,4,Strong team culture
E00845,2026-06-30,64.3,64,57,73,55,86,3,No comment
E00846,2025-06-30,68.9,62,82,57,50,81,7,Good manager support
E00846,2026-06-30,65.1,93,86,48,49,59,0,Need clearer career path
E00847,2026-06-30,65.3,68,49,52,89,67,5,Workload is high
E00848,2026-06-30,68.5,74,48,51,80,70,10,Strong team culture
E00849,2026-06-30,68.2,95,62,52,59,85,2,Need clearer career path
E00852,2026-06-30,65.6,63,82,47,54,97,3,Good manager support
E00853,2025-06-30,70.8,49,62,46,85,84,7,Workload is high
E00853,2026-06-30,70.2,62,56,91,86,49,3,Strong team culture
E00854,2025-06-30,70.0,83,84,61,43,87,2,Workload is high
E00854,2026-06-30,69.2,68,66,53,40,78,3,Good manager support
E00856,2025-06-30,66.5,55,58,64,76,74,5,Good manager support
E00857,2025-06-30,74.2,92,44,73,75,67,7,Need clearer career path
E00857,2026-06-30,69.1,68,69,45,63,90,7,Happy with flexibility
E00858,2025-06-30,74.9,82,73,54,76,92,0,Compensation could improve
E00858,2026-06-30,71.7,69,90,89,40,96,6,Need more learning opportunities
E00859,2025-06-30,61.6,63,50,79,49,67,0,Compensation could improve
E00859,2026-06-30,62.9,52,60,62,82,56,9,Good manager support
E00860,2025-06-30,67.9,74,73,39,46,98,6,Compensation could improve
E00861,2026-06-30,67.4,89,80,39,52,77,9,No comment
E00862,2025-06-30,53.1,64,59,41,71,60,9,Compensation could improve
E00862,2026-06-30,71.0,54,42,76,72,97,2,No comment
E00863,2025-06-30,74.9,71,75,44,81,84,4,Strong team culture
E00863,2026-06-30,57.3,61,54,43,54,80,2,Strong team culture
E00864,2025-06-30,68.6,54,49,75,67,68,6,Happy with flexibility
E00864,2026-06-30,63.4,46,80,74,69,49,6,Happy with flexibility
E00866,2025-06-30,68.7,52,68,84,59,88,0,Need more learning opportunities
E00866,2026-06-30,87.3,78,68,84,86,97,9,No comment
E00867,2025-06-30,57.4,83,43,52,67,49,6,Good manager support
E00867,2026-06-30,81.5,78,82,87,76,89,7,No comment
E00868,2025-06-30,58.3,46,71,57,66,71,2,Good manager support
E00868,2026-06-30,75.6,80,61,82,78,56,7,Workload is high
E00870,2026-06-30,66.6,78,78,62,51,81,3,Need more learning opportunities
E00871,2025-06-30,59.0,63,54,54,43,76,4,Need more learning opportunities
E00871,2026-06-30,79.0,76,58,83,74,73,2,Compensation could improve
E00872,2025-06-30,79.5,92,87,88,67,74,10,Need clearer career path
E00872,2026-06-30,52.7,70,50,45,74,47,4,Strong team culture
E00873,2026-06-30,75.5,93,80,87,56,83,5,Need more learning opportunities
E00875,2025-06-30,63.0,69,91,75,44,48,2,Strong team culture
E00875,2026-06-30,86.3,75,69,76,89,88,10,Need more learning opportunities
E00876,2025-06-30,74.7,91,74,45,48,92,10,Need clearer career path
E00876,2026-06-30,66.5,69,53,83,57,65,6,Workload is high
E00877,2025-06-30,74.0,83,40,84,50,95,5,Workload is high
E00877,2026-06-30,77.8,80,67,71,86,89,4,Workload is high
E00878,2025-06-30,76.7,55,69,75,53,93,1,Good manager support
E00878,2026-06-30,60.8,89,70,39,62,56,9,Need more learning opportunities
E00879,2025-06-30,71.9,46,73,68,86,64,4,Need more learning opportunities
E00879,2026-06-30,62.0,67,61,53,81,73,3,Need more learning opportunities
E00880,2025-06-30,68.1,76,66,54,77,66,4,Workload is high
E00880,2026-06-30,67.2,85,84,91,51,55,10,Good manager support
E00881,2025-06-30,65.6,48,79,73,72,78,8,Happy with flexibility
E00881,2026-06-30,82.1,75,94,53,69,88,7,Workload is high
E00882,2025-06-30,71.1,58,49,73,88,89,6,No comment
E00882,2026-06-30,65.3,55,75,66,53,82,6,Happy with flexibility
E00883,2026-06-30,66.1,47,84,55,58,77,6,Need clearer career path
E00884,2025-06-30,68.8,56,56,70,81,85,9,Need clearer career path
E00884,2026-06-30,56.7,51,87,41,55,76,9,Workload is high
E00885,2025-06-30,68.2,61,86,49,57,92,9,No comment
E00885,2026-06-30,68.5,74,68,75,45,52,3,Need clearer career path
E00886,2025-06-30,75.0,57,77,59,91,95,1,Compensation could improve
E00886,2026-06-30,66.6,62,86,91,47,48,10,Need more learning opportunities
E00887,2025-06-30,53.8,92,66,42,41,61,10,Strong team culture
E00887,2026-06-30,62.4,55,71,58,53,86,3,Need clearer career path
E00888,2026-06-30,65.0,59,44,41,93,66,5,Need clearer career path
E00890,2025-06-30,74.7,48,63,81,96,51,8,Workload is high
E00890,2026-06-30,73.7,71,70,60,46,96,7,Happy with flexibility
E00891,2025-06-30,74.7,45,68,80,76,93,9,Workload is high
E00891,2026-06-30,52.9,49,41,91,58,64,9,Need clearer career path
E00892,2025-06-30,61.9,76,60,57,76,82,1,Strong team culture
E00892,2026-06-30,54.1,56,64,59,55,56,0,Happy with flexibility
E00893,2026-06-30,67.2,87,87,75,52,75,2,Workload is high
E00894,2025-06-30,68.9,86,61,80,66,72,7,Strong team culture
E00894,2026-06-30,72.6,78,82,83,72,55,10,Workload is high
E00895,2025-06-30,69.4,87,52,44,47,93,7,Compensation could improve
E00895,2026-06-30,62.5,67,47,65,91,68,10,Need clearer career path
E00896,2026-06-30,82.0,94,81,65,75,76,8,Happy with flexibility
E00897,2025-06-30,67.7,84,57,61,79,65,3,Workload is high
E00897,2026-06-30,66.8,55,92,77,40,88,9,Happy with flexibility
E00898,2025-06-30,65.2,74,57,47,81,67,9,No comment
E00898,2026-06-30,65.5,68,49,55,65,82,10,Happy with flexibility
E00900,2025-06-30,75.4,75,48,73,93,85,9,Strong team culture
E00900,2026-06-30,78.4,93,82,66,76,77,0,Strong team culture
E00901,2025-06-30,74.2,72,64,55,81,90,1,Workload is high
E00902,2025-06-30,64.5,47,88,77,43,84,9,Strong team culture
E00902,2026-06-30,71.8,49,57,54,72,95,10,Strong team culture
E00904,2025-06-30,74.7,92,84,81,57,60,6,Workload is high
E00904,2026-06-30,69.9,77,57,45,69,80,6,Need more learning opportunities
E00905,2025-06-30,60.5,69,63,91,41,52,8,Happy with flexibility
E00905,2026-06-30,73.8,58,53,86,89,80,7,No comment
E00906,2025-06-30,69.2,57,45,81,50,90,9,Strong team culture
E00906,2026-06-30,75.7,75,56,59,92,96,9,Workload is high
E00907,2025-06-30,67.0,89,64,40,46,95,8,Workload is high
E00907,2026-06-30,65.2,70,65,84,45,61,10,Good manager support
E00909,2025-06-30,69.9,62,51,91,70,81,9,No comment
E00909,2026-06-30,55.9,55,68,59,80,48,6,Workload is high
E00910,2025-06-30,67.1,69,49,83,86,60,4,Need clearer career path
E00910,2026-06-30,78.1,93,73,80,56,52,10,Workload is high
E00911,2025-06-30,81.4,57,75,88,91,82,9,Need more learning opportunities
E00911,2026-06-30,57.7,59,44,54,60,57,10,Happy with flexibility
E00912,2025-06-30,65.4,50,95,79,80,54,8,Workload is high
E00912,2026-06-30,80.1,83,94,68,80,52,4,Workload is high
E00913,2025-06-30,70.2,74,66,71,79,78,5,Happy with flexibility
E00913,2026-06-30,69.5,81,62,41,84,82,9,Strong team culture
E00914,2025-06-30,69.9,83,43,73,89,72,10,Compensation could improve
E00914,2026-06-30,76.9,75,91,57,93,72,6,Happy with flexibility
E00915,2025-06-30,65.1,73,67,51,54,58,3,Need more learning opportunities
E00915,2026-06-30,60.1,58,51,38,54,97,0,Workload is high
E00916,2025-06-30,72.6,47,82,80,70,57,1,No comment
E00916,2026-06-30,67.5,59,40,82,90,91,7,Workload is high
E00917,2025-06-30,60.7,58,51,73,89,57,0,No comment
E00917,2026-06-30,68.1,86,40,71,66,78,1,No comment
E00919,2025-06-30,68.0,45,71,52,76,82,0,Need more learning opportunities
E00919,2026-06-30,66.9,55,58,67,82,65,4,Need more learning opportunities
E00920,2025-06-30,66.2,53,57,41,80,84,2,Happy with flexibility
E00920,2026-06-30,73.3,92,65,73,67,86,9,Workload is high
E00921,2025-06-30,70.9,67,60,90,54,54,8,Need more learning opportunities
E00921,2026-06-30,77.7,80,71,78,46,62,3,Need clearer career path
E00922,2025-06-30,69.0,52,77,50,55,60,1,Need more learning opportunities
E00922,2026-06-30,70.9,68,71,61,47,67,2,Need clearer career path
E00923,2025-06-30,57.8,48,82,76,64,55,10,Compensation could improve
E00923,2026-06-30,69.2,49,84,86,43,92,8,Good manager support
E00924,2026-06-30,63.1,65,45,48,67,71,8,No comment
E00925,2025-06-30,70.1,62,62,74,41,71,3,Workload is high
E00925,2026-06-30,78.0,77,63,87,94,45,6,Good manager support
E00926,2025-06-30,75.5,80,84,79,70,50,10,Good manager support
E00926,2026-06-30,59.8,77,67,72,47,54,2,No comment
E00927,2025-06-30,66.6,75,63,72,49,65,0,Compensation could improve
E00927,2026-06-30,61.3,57,72,70,57,59,6,Compensation could improve
E00928,2025-06-30,61.4,81,42,63,57,94,9,Happy with flexibility
E00928,2026-06-30,63.5,67,89,42,67,46,2,Need more learning opportunities
E00929,2026-06-30,67.7,70,65,56,46,94,0,Workload is high
E00930,2025-06-30,77.0,80,40,92,85,89,9,Need more learning opportunities
E00930,2026-06-30,60.4,79,46,83,82,56,3,Good manager support
E00931,2025-06-30,61.5,74,46,58,81,82,4,Compensation could improve
E00931,2026-06-30,62.1,45,82,48,48,92,4,No comment
E00932,2025-06-30,64.4,56,68,42,78,90,5,Compensation could improve
E00932,2026-06-30,60.2,69,54,69,48,86,0,Happy with flexibility
E00933,2025-06-30,80.2,56,86,91,71,80,6,Compensation could improve
E00933,2026-06-30,64.9,57,79,65,69,61,0,No comment
E00934,2025-06-30,69.1,63,75,80,52,49,9,No comment
E00934,2026-06-30,63.0,88,41,56,53,88,4,No comment
E00935,2025-06-30,61.4,90,55,50,74,68,1,Workload is high
E00935,2026-06-30,74.9,72,94,60,69,67,9,Compensation could improve
E00936,2025-06-30,81.3,74,91,83,83,83,10,Happy with flexibility
E00936,2026-06-30,73.3,95,84,38,94,51,5,Compensation could improve
E00937,2025-06-30,69.8,88,73,53,91,65,2,Strong team culture
E00937,2026-06-30,72.4,64,53,69,92,80,4,Need clearer career path
E00938,2025-06-30,64.7,46,86,67,82,53,6,Good manager support
E00938,2026-06-30,76.4,61,82,59,87,49,1,Good manager support
E00939,2025-06-30,71.5,71,90,52,73,82,1,Strong team culture
E00939,2026-06-30,80.1,77,62,91,78,70,5,Need more learning opportunities
E00940,2025-06-30,72.7,59,91,82,57,61,7,No comment
E00940,2026-06-30,64.7,82,80,56,43,67,8,Happy with flexibility
E00941,2025-06-30,61.1,79,52,63,51,57,6,Compensation could improve
E00941,2026-06-30,52.2,45,47,38,76,57,3,Need more learning opportunities
E00942,2025-06-30,58.5,53,45,52,93,51,1,Need clearer career path
E00942,2026-06-30,74.9,68,65,53,66,88,1,Happy with flexibility
E00943,2026-06-30,75.3,73,75,61,96,88,7,Happy with flexibility
E00944,2025-06-30,58.9,51,43,90,48,51,10,Good manager support
E00944,2026-06-30,63.1,78,59,53,54,73,7,Need more learning opportunities
E00945,2025-06-30,68.8,84,94,56,54,70,4,Compensation could improve
E00945,2026-06-30,70.2,74,89,65,62,64,2,Compensation could improve
E00946,2026-06-30,66.3,72,40,62,75,61,6,No comment
E00947,2025-06-30,51.1,47,58,39,66,45,5,Need more learning opportunities
E00947,2026-06-30,81.4,59,54,86,84,84,10,Strong team culture
E00948,2025-06-30,69.1,57,43,71,96,77,1,Good manager support
E00948,2026-06-30,68.1,83,57,92,74,47,9,Need clearer career path
E00949,2025-06-30,69.3,55,93,89,75,76,0,Workload is high
E00949,2026-06-30,68.0,68,67,62,85,63,10,Happy with flexibility
E00950,2025-06-30,52.8,72,64,41,48,50,2,Workload is high
E00950,2026-06-30,66.0,83,50,46,92,50,5,Workload is high
E00951,2025-06-30,67.8,70,65,89,57,52,0,Compensation could improve
E00951,2026-06-30,57.0,45,66,43,65,68,10,Compensation could improve
E00952,2025-06-30,70.2,75,51,81,63,66,5,Good manager support
E00952,2026-06-30,67.9,68,55,70,50,96,5,Strong team culture
E00953,2025-06-30,58.1,83,40,77,56,70,8,Strong team culture
E00953,2026-06-30,77.9,77,82,82,56,57,10,Workload is high
E00954,2025-06-30,79.5,88,95,54,90,66,1,Strong team culture
E00954,2026-06-30,69.1,77,65,78,78,67,2,Compensation could improve
E00955,2025-06-30,77.9,85,64,91,56,70,0,Need more learning opportunities
E00955,2026-06-30,62.4,72,58,60,89,59,0,Workload is high
E00956,2025-06-30,58.6,84,75,43,43,78,2,Workload is high
E00956,2026-06-30,70.6,49,63,90,67,89,1,Need more learning opportunities
E00957,2025-06-30,77.5,52,89,52,96,76,1,Happy with flexibility
E00957,2026-06-30,73.1,87,72,51,68,72,8,Need more learning opportunities
E00958,2025-06-30,63.3,78,87,53,49,62,1,Good manager support
E00958,2026-06-30,67.9,90,71,44,73,62,0,No comment
E00959,2025-06-30,75.8,84,75,72,80,56,1,Good manager support
E00959,2026-06-30,70.4,78,55,57,65,74,5,Happy with flexibility
E00960,2025-06-30,69.9,69,52,55,73,84,10,Need more learning opportunities
E00960,2026-06-30,68.6,62,85,78,42,69,0,Good manager support
E00961,2026-06-30,62.7,82,71,49,91,47,4,Happy with flexibility
E00962,2025-06-30,65.4,63,87,80,73,48,5,Workload is high
E00962,2026-06-30,75.7,82,64,60,93,85,10,Need clearer career path
E00963,2025-06-30,56.4,68,47,72,50,47,5,Need clearer career path
E00963,2026-06-30,63.0,73,49,59,71,51,8,Need more learning opportunities
E00964,2025-06-30,66.3,87,52,89,59,83,2,Strong team culture
E00964,2026-06-30,54.5,48,54,51,80,61,0,No comment
E00965,2025-06-30,56.8,56,46,72,62,49,4,No comment
E00966,2025-06-30,66.3,58,68,87,48,57,0,Compensation could improve
E00966,2026-06-30,58.0,46,48,56,88,48,7,Good manager support
E00967,2025-06-30,67.8,49,45,80,69,84,6,No comment
E00967,2026-06-30,59.0,53,71,41,95,45,6,Happy with flexibility
E00968,2025-06-30,83.6,91,88,91,89,56,7,Strong team culture
E00968,2026-06-30,77.6,52,76,45,93,90,3,Happy with flexibility
E00969,2025-06-30,56.4,47,55,58,44,97,2,No comment
E00969,2026-06-30,69.2,79,57,82,66,48,10,Happy with flexibility
E00970,2025-06-30,61.6,63,46,60,53,95,8,Compensation could improve
E00970,2026-06-30,78.3,91,63,76,93,74,6,Workload is high
E00971,2025-06-30,63.0,91,89,58,72,55,7,Happy with flexibility
E00971,2026-06-30,61.1,51,84,83,60,48,7,Need clearer career path
E00972,2025-06-30,79.8,76,68,92,76,77,9,Need clearer career path
E00972,2026-06-30,67.4,65,89,49,81,49,8,Good manager support
E00973,2025-06-30,61.5,45,81,84,45,68,5,Good manager support
E00973,2026-06-30,64.1,74,83,38,45,58,6,Compensation could improve
E00974,2025-06-30,69.2,46,56,67,89,62,8,No comment
E00974,2026-06-30,75.6,83,69,64,75,70,10,No comment
E00975,2025-06-30,55.4,87,47,48,46,47,6,Good manager support
E00975,2026-06-30,68.1,74,66,48,91,53,5,No comment
E00976,2025-06-30,65.1,87,40,58,44,77,5,Need clearer career path
E00976,2026-06-30,79.1,91,75,85,79,50,2,Need clearer career path
E00977,2025-06-30,63.1,48,64,85,40,63,6,Compensation could improve
E00977,2026-06-30,61.1,79,61,43,43,63,2,Need clearer career path
E00979,2025-06-30,64.4,63,42,64,72,69,9,Need more learning opportunities
E00979,2026-06-30,77.9,91,80,43,93,86,7,Compensation could improve
E00981,2025-06-30,58.9,80,50,42,45,55,9,Compensation could improve
E00981,2026-06-30,77.2,71,90,46,89,85,6,No comment
E00982,2025-06-30,77.5,62,45,82,87,98,2,No comment
E00982,2026-06-30,76.7,82,95,69,64,45,7,Workload is high
E00983,2025-06-30,65.2,74,61,58,80,55,6,Compensation could improve
E00983,2026-06-30,61.7,86,46,58,46,52,4,Need more learning opportunities
E00984,2025-06-30,71.9,91,61,74,78,88,10,Compensation could improve
E00984,2026-06-30,72.2,84,85,65,60,98,8,Compensation could improve
E00985,2026-06-30,65.3,77,48,83,46,90,3,Workload is high
E00986,2025-06-30,58.9,54,45,71,43,89,4,Strong team culture
E00986,2026-06-30,64.8,47,84,70,65,67,8,Need clearer career path
E00988,2025-06-30,75.8,74,62,59,74,74,10,No comment
E00988,2026-06-30,69.4,79,72,66,94,47,1,Happy with flexibility
E00989,2025-06-30,65.1,77,62,46,74,60,7,Workload is high
E00990,2025-06-30,68.2,67,62,56,96,72,8,Need more learning opportunities
E00990,2026-06-30,65.5,67,61,39,85,68,6,Workload is high
E00991,2025-06-30,58.9,61,66,72,48,54,0,Happy with flexibility
E00991,2026-06-30,60.1,54,41,78,75,56,9,Happy with flexibility
E00992,2025-06-30,75.1,71,69,66,92,74,0,Good manager support
E00992,2026-06-30,67.7,73,49,68,71,61,9,Workload is high
E00993,2025-06-30,73.1,69,42,58,62,84,5,Workload is high
E00993,2026-06-30,64.3,65,76,54,50,83,2,Strong team culture
E00994,2025-06-30,72.9,68,85,84,75,72,6,No comment
E00994,2026-06-30,84.4,74,79,78,53,98,9,Workload is high
E00995,2025-06-30,68.2,85,51,69,66,85,0,Need clearer career path
E00995,2026-06-30,72.1,55,85,39,80,68,2,Need clearer career path
E00996,2025-06-30,62.3,76,85,91,49,55,7,Need clearer career path
E00997,2025-06-30,69.7,78,85,49,95,70,7,Strong team culture
E00997,2026-06-30,61.7,57,40,69,85,55,1,Workload is high
E00998,2025-06-30,75.2,52,89,70,88,69,3,No comment
E00998,2026-06-30,76.1,56,58,91,68,66,1,No comment
E00999,2025-06-30,76.5,77,90,82,50,51,6,Need more learning opportunities
E00999,2026-06-30,63.9,54,71,67,57,64,4,Strong team culture
E01000,2026-06-30,56.3,83,41,50,66,75,2,Compensation could improve
E01001,2026-06-30,57.4,58,57,50,46,74,10,Compensation could improve
E01002,2025-06-30,78.0,72,88,65,73,87,0,No comment
E01003,2025-06-30,70.1,66,43,74,75,90,1,Need clearer career path
E01003,2026-06-30,64.4,53,85,83,57,47,9,Strong team culture
E01004,2025-06-30,61.8,72,74,40,44,73,0,Happy with flexibility
E01004,2026-06-30,51.3,46,52,57,45,76,2,Need clearer career path
E01005,2026-06-30,72.3,70,65,69,78,60,5,No comment
E01006,2025-06-30,76.9,94,90,58,40,84,8,Good manager support
E01006,2026-06-30,67.3,50,45,47,96,84,3,Need clearer career path
E01007,2025-06-30,78.7,84,63,72,84,94,10,Good manager support
E01007,2026-06-30,73.5,82,63,81,64,74,5,Workload is high
E01008,2025-06-30,65.4,46,43,69,69,83,3,Happy with flexibility
E01008,2026-06-30,68.4,49,47,56,81,86,5,Strong team culture
E01009,2025-06-30,68.4,85,71,46,96,63,1,Workload is high
E01009,2026-06-30,59.6,59,55,38,84,78,3,Good manager support
E01010,2025-06-30,62.0,57,50,48,87,97,4,Need more learning opportunities
E01010,2026-06-30,66.5,95,75,60,61,54,7,Workload is high
E01011,2026-06-30,79.0,81,55,88,61,83,10,Happy with flexibility
E01012,2025-06-30,70.4,77,71,47,89,95,4,Good manager support
E01012,2026-06-30,69.1,75,83,68,64,56,7,Happy with flexibility
E01013,2025-06-30,72.3,57,45,71,92,95,1,Need more learning opportunities
E01013,2026-06-30,69.6,67,70,92,93,51,1,No comment
E01014,2025-06-30,68.6,85,56,90,77,64,3,Compensation could improve
E01014,2026-06-30,73.3,93,60,91,74,57,2,Strong team culture
E01016,2025-06-30,74.6,80,91,83,65,59,1,Compensation could improve
E01016,2026-06-30,68.0,55,67,43,88,71,0,Happy with flexibility
E01017,2026-06-30,72.5,79,40,89,44,92,8,Need clearer career path
E01018,2025-06-30,62.4,70,47,67,94,63,9,Workload is high
E01018,2026-06-30,67.5,74,73,78,58,66,10,Compensation could improve
E01019,2025-06-30,75.2,84,55,84,75,97,9,No comment
E01019,2026-06-30,78.7,70,72,79,60,97,9,Good manager support
E01020,2025-06-30,78.6,74,89,56,71,98,0,Need more learning opportunities
E01020,2026-06-30,49.0,84,47,50,40,51,1,Good manager support
E01021,2025-06-30,59.0,72,57,75,43,61,0,Need clearer career path
E01021,2026-06-30,84.8,83,86,76,96,89,5,Happy with flexibility
E01022,2025-06-30,83.2,92,93,67,92,62,6,Need more learning opportunities
E01022,2026-06-30,70.3,77,62,65,71,89,6,Good manager support
E01025,2025-06-30,69.8,80,61,52,86,65,8,No comment
E01025,2026-06-30,74.3,69,91,62,68,98,7,Happy with flexibility
E01026,2025-06-30,74.4,79,63,77,55,59,6,Compensation could improve
E01026,2026-06-30,70.2,73,92,70,49,77,1,Need clearer career path
E01027,2025-06-30,71.5,51,92,55,64,94,0,Need clearer career path
E01027,2026-06-30,62.6,64,78,46,78,53,9,Need more learning opportunities
E01028,2025-06-30,69.4,83,51,58,75,85,8,Compensation could improve
E01028,2026-06-30,68.1,91,74,48,52,53,10,Happy with flexibility
E01029,2026-06-30,73.3,66,72,56,66,84,6,Happy with flexibility
E01030,2025-06-30,71.1,86,57,51,56,81,9,Good manager support
E01030,2026-06-30,72.7,48,56,81,82,53,6,Workload is high
E01032,2025-06-30,65.4,78,92,46,66,55,1,Need clearer career path
E01032,2026-06-30,67.4,59,42,81,74,47,5,Workload is high
E01033,2025-06-30,65.2,45,90,84,42,78,3,Happy with flexibility
E01033,2026-06-30,52.8,52,92,57,43,63,8,Happy with flexibility
E01034,2025-06-30,61.8,90,68,42,41,57,3,Need clearer career path
E01034,2026-06-30,63.8,70,47,44,93,66,10,Good manager support
E01035,2026-06-30,51.8,64,61,81,45,46,9,Strong team culture
E01036,2025-06-30,58.7,57,87,64,64,77,6,Compensation could improve
E01036,2026-06-30,85.8,80,92,87,93,54,6,Strong team culture
E01037,2025-06-30,75.4,66,72,47,83,93,7,Happy with flexibility
E01037,2026-06-30,63.3,58,84,75,41,82,9,Good manager support
E01038,2025-06-30,74.8,61,67,64,92,67,2,Need clearer career path
E01038,2026-06-30,63.3,46,74,81,62,52,1,No comment
E01039,2025-06-30,71.9,70,68,82,87,70,9,Happy with flexibility
E01039,2026-06-30,75.0,71,61,91,54,53,0,Happy with flexibility
E01041,2025-06-30,77.1,81,94,41,64,95,6,Need more learning opportunities
E01041,2026-06-30,66.8,51,45,88,69,64,8,Compensation could improve
E01042,2025-06-30,55.6,59,49,89,60,60,10,Need clearer career path
E01042,2026-06-30,83.2,67,93,72,93,59,10,Workload is high
E01043,2026-06-30,54.8,65,53,73,62,48,10,Strong team culture
E01045,2025-06-30,67.0,94,46,39,47,84,2,Compensation could improve
E01045,2026-06-30,68.1,95,91,61,47,46,4,No comment
E01046,2025-06-30,62.1,69,89,44,82,55,6,No comment
E01046,2026-06-30,69.3,50,71,67,43,97,5,Need more learning opportunities
E01047,2025-06-30,71.8,89,74,68,58,65,9,Compensation could improve
E01047,2026-06-30,68.8,58,83,55,94,48,8,Good manager support
E01048,2025-06-30,79.1,79,80,72,88,57,5,Need more learning opportunities
E01048,2026-06-30,64.9,95,52,74,65,63,0,Need clearer career path
E01049,2026-06-30,76.6,82,69,63,83,62,1,Strong team culture
E01051,2025-06-30,70.8,67,80,51,89,54,4,Strong team culture
E01051,2026-06-30,65.5,71,41,64,94,75,3,Need clearer career path
E01052,2025-06-30,68.0,80,62,73,43,62,3,Strong team culture
E01052,2026-06-30,73.2,84,63,71,51,78,3,Need more learning opportunities
E01053,2026-06-30,70.2,95,83,41,82,78,0,Workload is high
E01054,2025-06-30,70.1,70,57,89,53,89,0,Compensation could improve
E01054,2026-06-30,58.9,63,44,54,52,95,1,No comment
E01055,2025-06-30,68.2,90,84,79,48,75,4,Happy with flexibility
E01055,2026-06-30,73.0,72,95,64,74,64,6,Strong team culture
E01056,2025-06-30,76.7,87,93,70,65,72,1,Compensation could improve
E01056,2026-06-30,80.4,79,58,77,91,91,1,Good manager support
E01057,2026-06-30,53.5,71,45,60,41,46,6,Workload is high
E01058,2025-06-30,76.1,62,89,54,71,80,0,Need more learning opportunities
E01058,2026-06-30,70.5,59,95,65,53,76,10,Workload is high
E01059,2025-06-30,69.2,73,59,64,61,73,2,Workload is high
E01059,2026-06-30,65.6,61,44,56,90,47,7,Need more learning opportunities
E01060,2025-06-30,59.0,66,45,48,83,88,1,No comment
E01060,2026-06-30,66.7,62,49,87,40,89,10,Strong team culture
E01061,2025-06-30,72.6,93,60,56,93,69,9,Strong team culture
E01061,2026-06-30,65.8,87,88,39,53,66,1,Strong team culture
E01062,2025-06-30,61.1,64,71,64,42,72,8,Good manager support
E01062,2026-06-30,66.7,60,54,60,64,63,10,Good manager support
E01063,2026-06-30,87.7,68,95,88,93,96,8,Happy with flexibility
E01064,2025-06-30,56.5,73,48,54,80,46,3,No comment
E01064,2026-06-30,73.9,81,47,52,70,90,9,Happy with flexibility
E01066,2025-06-30,72.7,60,62,80,88,87,7,Compensation could improve
E01066,2026-06-30,74.3,92,58,89,75,80,5,Workload is high
E01069,2025-06-30,79.0,83,69,91,49,83,5,Need more learning opportunities
E01069,2026-06-30,65.5,69,57,79,71,54,8,Compensation could improve
E01070,2025-06-30,64.0,83,46,68,65,76,1,Happy with flexibility
E01070,2026-06-30,66.5,73,81,76,72,60,9,Happy with flexibility
E01071,2025-06-30,58.6,70,51,60,54,58,3,Compensation could improve
E01071,2026-06-30,72.7,82,63,46,88,86,6,Need more learning opportunities
E01072,2025-06-30,76.1,78,71,69,57,79,9,Need more learning opportunities
E01072,2026-06-30,57.9,54,53,87,51,56,8,Need clearer career path
E01073,2025-06-30,66.3,49,55,58,78,79,9,Happy with flexibility
E01073,2026-06-30,70.5,59,61,71,78,96,10,Strong team culture
E01075,2025-06-30,77.4,66,95,47,82,95,3,Compensation could improve
E01075,2026-06-30,82.1,80,84,54,54,86,7,No comment
E01076,2025-06-30,73.7,64,60,50,77,78,7,Compensation could improve
E01076,2026-06-30,64.1,45,80,78,43,84,3,Workload is high
E01078,2025-06-30,52.7,86,50,42,40,61,9,Compensation could improve
E01078,2026-06-30,64.6,53,85,68,48,63,9,Compensation could improve
E01079,2025-06-30,63.2,92,42,69,65,54,7,Good manager support
E01079,2026-06-30,68.0,46,89,66,69,85,10,Workload is high
E01080,2025-06-30,67.8,55,95,92,49,59,5,Strong team culture
E01080,2026-06-30,71.3,55,53,89,57,91,6,No comment
E01081,2025-06-30,59.6,49,92,73,50,46,10,Strong team culture
E01081,2026-06-30,48.2,46,50,44,54,58,8,No comment
E01082,2025-06-30,60.2,52,55,72,42,66,1,Good manager support
E01082,2026-06-30,59.9,70,42,68,71,71,4,Strong team culture
E01083,2025-06-30,70.7,78,71,67,68,59,1,Workload is high
E01083,2026-06-30,54.5,73,56,78,60,48,9,Need more learning opportunities
E01085,2025-06-30,62.0,63,83,59,49,81,0,No comment
E01085,2026-06-30,70.3,90,47,39,72,75,0,Good manager support
E01086,2025-06-30,70.2,63,77,49,40,86,8,Need clearer career path
E01086,2026-06-30,71.4,92,70,90,49,61,8,Compensation could improve
E01087,2025-06-30,74.5,59,85,75,91,74,5,Compensation could improve
E01087,2026-06-30,64.2,89,47,86,71,61,1,No comment
E01088,2026-06-30,61.6,46,80,41,63,79,5,No comment
E01089,2025-06-30,58.7,50,58,73,79,63,2,Compensation could improve
E01089,2026-06-30,69.2,70,51,67,89,94,4,Happy with flexibility
E01090,2025-06-30,80.5,78,78,70,59,92,2,Strong team culture
E01090,2026-06-30,72.4,79,83,51,91,61,10,Strong team culture
E01091,2025-06-30,72.4,69,48,85,64,61,4,Good manager support
E01091,2026-06-30,80.4,83,85,89,60,78,5,Workload is high
E01092,2025-06-30,68.4,67,72,73,62,67,8,Workload is high
E01092,2026-06-30,64.8,56,89,43,79,55,3,Need clearer career path
E01093,2025-06-30,78.4,94,64,60,46,77,0,Strong team culture
E01093,2026-06-30,66.5,48,87,87,45,65,10,No comment
E01094,2025-06-30,54.9,45,49,81,40,70,5,Need clearer career path
E01094,2026-06-30,67.2,70,51,91,72,66,3,Happy with flexibility
E01095,2025-06-30,79.1,73,57,81,92,79,8,Need clearer career path
E01095,2026-06-30,70.5,56,42,68,94,76,10,Good manager support
E01097,2025-06-30,62.8,75,53,56,77,45,4,Strong team culture
E01097,2026-06-30,73.5,75,69,85,53,79,7,Need clearer career path
E01098,2025-06-30,59.1,79,51,53,42,54,9,Happy with flexibility
E01098,2026-06-30,73.0,86,54,70,78,93,2,Need clearer career path
E01099,2025-06-30,55.7,60,41,58,61,74,9,Need clearer career path
E01100,2025-06-30,54.6,52,85,40,47,65,3,No comment
E01100,2026-06-30,61.4,60,64,61,60,65,4,No comment
E01101,2025-06-30,68.1,48,80,47,76,72,7,No comment
E01101,2026-06-30,76.4,83,71,91,63,61,0,Happy with flexibility
E01102,2025-06-30,62.2,73,60,81,41,61,4,Happy with flexibility
E01102,2026-06-30,69.7,83,44,69,77,81,0,Need clearer career path
E01104,2025-06-30,63.8,72,40,70,70,97,3,Need more learning opportunities
E01104,2026-06-30,79.2,90,60,88,74,84,4,Happy with flexibility
E01105,2025-06-30,59.6,75,42,48,86,51,10,Compensation could improve
E01106,2025-06-30,69.1,75,66,53,84,58,3,Need clearer career path
E01106,2026-06-30,66.4,76,82,91,43,66,5,Need more learning opportunities
E01107,2025-06-30,74.2,49,89,49,55,80,2,Good manager support
E01107,2026-06-30,69.3,93,79,42,64,56,0,Compensation could improve
E01108,2025-06-30,58.0,66,68,45,50,62,7,Good manager support
E01108,2026-06-30,80.0,88,79,89,69,66,2,Compensation could improve
E01109,2025-06-30,61.0,69,45,81,88,47,4,Need clearer career path
E01109,2026-06-30,66.9,95,64,39,76,67,1,Need more learning opportunities
E01110,2025-06-30,76.1,71,57,49,79,87,3,Happy with flexibility
E01110,2026-06-30,50.3,51,50,49,42,68,6,Need clearer career path
E01111,2025-06-30,72.8,72,69,52,94,61,5,Need more learning opportunities
E01111,2026-06-30,73.9,94,73,91,49,49,6,Need clearer career path
E01112,2025-06-30,74.8,84,89,40,50,55,10,No comment
E01112,2026-06-30,69.7,79,92,50,73,67,4,No comment
E01113,2025-06-30,64.2,46,81,62,58,97,5,Good manager support
E01113,2026-06-30,77.7,71,90,71,75,59,7,No comment
E01114,2025-06-30,71.1,73,64,82,53,82,6,Need clearer career path
E01114,2026-06-30,64.2,77,65,57,81,73,3,Compensation could improve
E01115,2025-06-30,77.8,76,62,87,66,63,7,No comment
E01115,2026-06-30,63.0,94,63,71,47,77,8,Compensation could improve
E01116,2025-06-30,65.6,77,57,43,93,47,7,Strong team culture
E01116,2026-06-30,67.2,51,94,50,45,65,7,Need more learning opportunities
E01117,2026-06-30,63.6,63,79,73,73,72,5,Need clearer career path
E01119,2025-06-30,56.1,48,69,74,42,57,0,Need more learning opportunities
E01119,2026-06-30,83.5,89,53,82,91,87,3,Workload is high
E01120,2025-06-30,72.2,71,47,89,92,67,7,No comment
E01120,2026-06-30,63.7,68,60,41,65,91,4,Workload is high
E01121,2025-06-30,83.0,75,72,73,85,90,9,No comment
E01121,2026-06-30,74.4,72,93,72,65,52,10,Need clearer career path
E01123,2025-06-30,67.2,69,72,73,74,58,1,Strong team culture
E01123,2026-06-30,67.4,56,95,52,72,74,4,Strong team culture
E01124,2025-06-30,66.1,82,48,61,82,68,2,Need more learning opportunities
E01124,2026-06-30,69.5,92,72,58,61,59,10,Need clearer career path
E01125,2026-06-30,67.1,88,75,78,55,64,5,Strong team culture
E01127,2025-06-30,68.6,60,79,75,47,87,6,Need more learning opportunities
E01128,2025-06-30,68.2,55,63,71,43,87,6,Good manager support
E01128,2026-06-30,82.1,51,58,80,91,82,10,Good manager support
E01129,2026-06-30,77.2,59,89,65,91,51,3,Need clearer career path
E01130,2026-06-30,64.7,46,47,66,75,82,8,Good manager support
E01131,2025-06-30,70.2,60,63,86,67,75,7,Happy with flexibility
E01131,2026-06-30,62.4,72,82,53,47,61,4,Happy with flexibility
E01133,2025-06-30,63.5,60,51,44,85,81,8,Good manager support
E01133,2026-06-30,72.9,83,74,51,63,86,9,No comment
E01134,2025-06-30,65.4,68,87,52,73,52,6,Need clearer career path
E01134,2026-06-30,73.0,90,63,61,85,61,5,No comment
E01135,2025-06-30,68.6,53,70,67,60,93,2,Good manager support
E01135,2026-06-30,75.0,91,93,40,80,74,0,Need clearer career path
E01136,2025-06-30,60.9,62,89,47,49,47,10,Strong team culture
E01136,2026-06-30,58.7,45,92,91,40,63,5,Workload is high
E01137,2025-06-30,68.6,92,71,38,67,64,7,Workload is high
E01137,2026-06-30,63.9,93,93,38,41,73,1,No comment
E01138,2025-06-30,68.0,67,40,85,60,88,5,Need more learning opportunities
E01138,2026-06-30,65.8,81,40,72,85,50,8,Strong team culture
E01139,2025-06-30,71.8,51,89,54,85,70,8,Strong team culture
E01139,2026-06-30,66.1,55,50,55,79,92,5,Need more learning opportunities
E01140,2025-06-30,64.4,59,81,69,52,48,2,Good manager support
E01140,2026-06-30,60.9,72,69,49,61,79,6,Workload is high
E01141,2025-06-30,76.7,82,78,64,56,86,9,Need clearer career path
E01141,2026-06-30,68.8,94,89,51,80,53,9,Need more learning opportunities
E01142,2025-06-30,80.0,80,92,60,90,80,5,No comment
E01142,2026-06-30,77.9,85,89,64,41,92,8,Workload is high
E01144,2025-06-30,69.9,73,78,92,51,66,3,Workload is high
E01144,2026-06-30,65.1,48,85,41,65,88,9,Strong team culture
E01146,2025-06-30,61.6,62,66,70,70,64,1,Need more learning opportunities
E01146,2026-06-30,75.3,54,73,80,75,54,10,Compensation could improve
E01147,2026-06-30,63.2,52,52,68,92,47,4,Happy with flexibility
E01148,2025-06-30,64.2,91,48,67,77,66,6,No comment
E01148,2026-06-30,52.2,70,81,38,55,56,2,Good manager support
E01149,2025-06-30,64.9,48,54,43,85,94,8,No comment
E01149,2026-06-30,75.1,88,75,49,43,87,2,No comment
E01150,2025-06-30,55.4,48,44,41,65,64,3,Strong team culture
E01150,2026-06-30,59.5,59,53,59,73,61,7,No comment
E01151,2025-06-30,83.2,64,47,84,94,92,2,Workload is high
E01151,2026-06-30,55.8,45,46,75,49,63,9,Happy with flexibility
E01152,2025-06-30,80.2,77,86,73,63,98,0,Compensation could improve
E01152,2026-06-30,58.0,48,79,88,44,82,9,No comment
E01153,2025-06-30,78.1,88,61,56,78,92,10,Strong team culture
E01153,2026-06-30,64.8,48,43,40,91,84,6,Need more learning opportunities
E01154,2025-06-30,72.3,61,75,91,51,96,0,Compensation could improve
E01154,2026-06-30,61.0,74,42,58,73,64,7,Need more learning opportunities
E01155,2025-06-30,50.2,51,74,38,44,54,7,Workload is high
E01155,2026-06-30,73.3,69,71,81,82,71,1,Strong team culture
E01156,2025-06-30,62.9,45,65,54,69,61,7,Good manager support
E01157,2025-06-30,71.0,47,47,84,95,65,1,Workload is high
E01157,2026-06-30,60.5,50,73,61,51,71,1,Strong team culture
E01158,2025-06-30,65.1,94,60,50,50,58,5,Need more learning opportunities
E01158,2026-06-30,70.3,76,87,72,56,81,8,Good manager support
E01159,2026-06-30,72.3,57,46,85,93,75,5,Happy with flexibility
E01160,2025-06-30,55.7,51,42,48,71,75,1,Workload is high
E01160,2026-06-30,66.3,78,48,89,51,60,4,No comment
E01161,2025-06-30,70.8,93,45,46,69,85,6,Happy with flexibility
E01162,2025-06-30,81.6,95,81,66,41,91,3,Strong team culture
E01164,2025-06-30,74.4,59,94,80,55,71,10,Compensation could improve
E01164,2026-06-30,67.1,64,44,67,76,81,2,Good manager support
E01165,2025-06-30,91.7,95,73,86,85,92,8,No comment
E01165,2026-06-30,63.9,64,67,82,53,78,9,Strong team culture
E01168,2026-06-30,67.1,95,88,39,63,94,10,Need more learning opportunities
E01169,2025-06-30,84.1,81,80,82,75,92,10,Workload is high
E01169,2026-06-30,69.2,88,57,80,50,62,5,Need more learning opportunities
E01170,2025-06-30,62.5,69,78,86,49,67,8,Good manager support
E01170,2026-06-30,68.7,93,66,59,69,61,9,Strong team culture
E01171,2025-06-30,69.2,51,48,73,57,83,10,Need clearer career path
E01172,2026-06-30,66.5,95,54,55,64,56,7,No comment
E01173,2025-06-30,75.0,81,64,54,84,88,10,Good manager support
E01173,2026-06-30,58.0,91,51,53,41,50,3,Strong team culture
E01174,2025-06-30,43.9,49,41,66,57,51,2,Compensation could improve
E01174,2026-06-30,77.6,50,85,73,74,78,7,Good manager support
E01175,2025-06-30,48.8,45,46,46,57,51,4,Strong team culture
E01175,2026-06-30,67.3,47,74,48,49,95,2,Compensation could improve
E01176,2025-06-30,52.9,53,71,49,49,56,2,Good manager support
E01176,2026-06-30,72.1,68,88,67,95,51,9,Strong team culture
E01177,2025-06-30,62.2,66,65,65,78,57,6,Strong team culture
E01177,2026-06-30,60.0,63,69,49,77,59,5,Need more learning opportunities
E01179,2025-06-30,83.3,89,82,58,95,75,3,Workload is high
E01179,2026-06-30,75.9,91,77,42,94,80,6,Need more learning opportunities
E01180,2025-06-30,74.2,93,77,46,78,83,1,Strong team culture
E01180,2026-06-30,62.9,50,63,87,73,63,6,Strong team culture
E01181,2025-06-30,81.0,85,70,70,79,92,4,Workload is high
E01181,2026-06-30,67.0,78,41,85,54,60,9,Need more learning opportunities
E01182,2025-06-30,67.2,46,79,66,55,97,3,Need more learning opportunities
E01182,2026-06-30,61.6,49,79,63,46,86,1,Good manager support
E01183,2025-06-30,80.4,49,67,88,96,75,10,Strong team culture
E01183,2026-06-30,66.2,91,56,47,83,46,6,Happy with flexibility
E01184,2025-06-30,71.6,65,92,53,54,96,5,Compensation could improve
E01184,2026-06-30,63.8,78,57,52,50,65,8,No comment
E01185,2026-06-30,62.3,93,57,68,50,59,10,Happy with flexibility
E01186,2025-06-30,61.8,80,64,54,47,91,10,Need clearer career path
E01186,2026-06-30,71.2,84,87,61,46,85,0,Need more learning opportunities
E01187,2025-06-30,61.4,74,77,46,49,66,10,Compensation could improve
E01187,2026-06-30,58.6,59,51,46,74,53,9,Strong team culture
E01188,2025-06-30,49.6,45,68,61,40,53,5,Compensation could improve
E01188,2026-06-30,55.5,48,79,42,62,88,7,Workload is high
E01189,2025-06-30,63.9,75,53,52,45,65,8,Need clearer career path
E01189,2026-06-30,72.9,79,88,61,40,94,2,Need clearer career path
E01190,2025-06-30,71.1,59,93,40,67,88,8,Good manager support
E01190,2026-06-30,80.7,81,82,80,95,47,8,Workload is high
E01192,2025-06-30,69.1,62,59,61,90,83,4,Strong team culture
E01192,2026-06-30,72.4,68,42,70,52,87,4,Happy with flexibility
E01193,2025-06-30,57.2,47,58,71,58,58,4,Strong team culture
E01193,2026-06-30,60.6,58,82,62,88,52,8,Need more learning opportunities
E01194,2025-06-30,69.4,75,81,84,46,63,2,Need more learning opportunities
E01194,2026-06-30,67.9,68,60,61,88,88,7,Need more learning opportunities
E01195,2025-06-30,71.7,89,77,44,65,77,7,Workload is high
E01195,2026-06-30,81.9,86,67,68,85,95,1,Workload is high
E01196,2025-06-30,58.6,70,85,71,51,47,9,Happy with flexibility
E01196,2026-06-30,62.0,62,50,53,40,80,9,Happy with flexibility
E01197,2025-06-30,62.3,54,57,46,89,64,2,Need more learning opportunities
E01197,2026-06-30,67.2,78,46,69,51,83,3,Happy with flexibility
E01198,2025-06-30,82.6,63,85,69,74,90,10,Happy with flexibility
E01198,2026-06-30,75.5,70,42,82,59,93,8,Happy with flexibility
E01199,2025-06-30,79.3,77,90,72,84,50,7,Workload is high
E01199,2026-06-30,67.2,90,62,51,73,63,8,Need more learning opportunities
E01200,2025-06-30,81.0,73,46,84,96,97,2,Happy with flexibility
E01200,2026-06-30,62.4,84,51,45,85,50,7,Happy with flexibility
E01202,2025-06-30,59.8,78,56,38,40,75,7,Compensation could improve
E01202,2026-06-30,75.7,72,72,84,79,46,5,No comment
E01205,2025-06-30,75.6,45,52,89,88,97,8,Strong team culture
E01205,2026-06-30,60.4,63,62,67,77,48,8,Happy with flexibility
E01206,2026-06-30,77.3,91,60,74,82,89,9,No comment
E01207,2025-06-30,52.1,49,56,39,42,66,10,Need more learning opportunities
E01207,2026-06-30,83.0,95,45,85,95,96,3,Compensation could improve
E01208,2026-06-30,72.3,60,69,61,88,94,6,Workload is high
E01210,2025-06-30,74.3,94,50,74,69,85,6,Need clearer career path
E01210,2026-06-30,53.5,51,43,59,68,67,8,Compensation could improve
E01212,2025-06-30,64.2,94,70,60,60,70,4,Workload is high
E01212,2026-06-30,68.7,66,75,55,42,82,0,Good manager support
E01213,2025-06-30,65.0,54,83,52,79,65,5,Workload is high
E01213,2026-06-30,73.3,90,79,80,40,97,3,Good manager support
E01214,2025-06-30,60.8,57,69,61,55,73,0,No comment
E01214,2026-06-30,69.3,54,87,72,94,59,5,Compensation could improve
E01215,2026-06-30,60.7,50,85,49,43,86,6,No comment
E01216,2026-06-30,69.3,65,62,85,71,88,8,Workload is high
E01217,2025-06-30,73.0,60,63,77,69,94,8,Good manager support
E01217,2026-06-30,74.0,69,79,88,87,69,6,No comment
E01218,2025-06-30,64.4,47,95,60,76,87,1,Need clearer career path
E01218,2026-06-30,63.2,45,48,85,56,66,1,Workload is high
E01219,2025-06-30,75.1,61,45,53,83,86,10,No comment
E01219,2026-06-30,73.4,47,72,50,70,95,2,Compensation could improve
E01220,2025-06-30,78.4,57,89,63,89,82,8,Happy with flexibility
E01220,2026-06-30,74.1,83,53,64,49,71,8,Need more learning opportunities
E01221,2025-06-30,58.7,56,74,61,51,63,6,No comment
E01221,2026-06-30,88.7,85,88,66,81,81,3,No comment
E01222,2025-06-30,70.6,78,41,46,94,77,2,Need clearer career path
E01222,2026-06-30,62.5,73,53,45,88,47,3,Strong team culture
E01223,2025-06-30,59.3,69,52,47,85,56,1,Happy with flexibility
E01223,2026-06-30,74.4,87,80,51,52,98,2,Good manager support
E01224,2025-06-30,63.4,48,62,60,50,81,8,Compensation could improve
E01224,2026-06-30,68.3,94,94,44,43,64,3,Workload is high
E01226,2025-06-30,61.2,63,93,52,48,53,3,Compensation could improve
E01226,2026-06-30,68.3,93,71,84,79,52,2,No comment
E01227,2025-06-30,72.9,82,71,50,47,74,6,Workload is high
E01227,2026-06-30,73.1,84,47,56,57,92,10,Happy with flexibility
E01229,2025-06-30,74.5,54,75,77,87,70,1,Workload is high
E01229,2026-06-30,80.2,88,46,67,86,92,0,Strong team culture
E01230,2025-06-30,67.4,68,68,80,63,54,6,No comment
E01230,2026-06-30,54.9,79,46,65,55,69,10,Good manager support
E01231,2025-06-30,51.9,53,63,45,67,54,3,Happy with flexibility
E01231,2026-06-30,71.8,83,73,67,56,53,5,Workload is high
E01232,2025-06-30,66.6,89,54,68,64,91,10,Need clearer career path
E01232,2026-06-30,58.1,49,45,41,56,83,7,Need more learning opportunities
E01233,2025-06-30,83.5,86,85,88,77,71,7,Workload is high
E01233,2026-06-30,72.8,86,57,41,95,87,9,Good manager support
E01234,2025-06-30,69.3,62,59,49,67,82,3,Compensation could improve
E01234,2026-06-30,60.2,71,77,40,52,84,0,Workload is high
E01235,2025-06-30,57.7,59,62,81,41,56,1,Strong team culture
E01235,2026-06-30,72.7,80,58,41,93,52,9,Good manager support
E01236,2025-06-30,75.7,75,71,63,81,81,6,Good manager support
E01236,2026-06-30,64.8,73,82,55,79,55,4,Happy with flexibility
E01237,2025-06-30,69.6,54,46,70,88,65,8,No comment
E01237,2026-06-30,66.8,60,81,43,82,51,4,Happy with flexibility
E01239,2025-06-30,73.6,74,92,65,88,82,3,Compensation could improve
E01239,2026-06-30,63.4,80,66,49,58,63,3,Good manager support
E01241,2026-06-30,60.1,76,45,69,43,63,3,Need more learning opportunities
E01243,2025-06-30,68.0,78,92,38,73,80,9,Workload is high
E01243,2026-06-30,58.2,54,79,38,51,60,2,Need more learning opportunities
E01244,2026-06-30,81.5,51,94,82,58,95,7,Happy with flexibility
E01245,2025-06-30,59.8,94,47,47,67,59,7,Compensation could improve
E01245,2026-06-30,70.3,52,59,89,67,84,7,Need more learning opportunities
E01246,2025-06-30,68.8,71,42,86,45,93,10,Compensation could improve
E01246,2026-06-30,80.5,94,91,78,49,46,5,Good manager support
E01247,2025-06-30,66.8,82,44,81,60,85,3,Workload is high
E01247,2026-06-30,73.0,59,84,66,95,88,2,No comment
E01249,2025-06-30,73.1,77,81,62,42,95,4,Happy with flexibility
E01249,2026-06-30,61.6,67,58,66,67,46,9,Need clearer career path
E01250,2025-06-30,77.6,60,70,44,68,87,10,Good manager support
E01251,2025-06-30,57.2,47,81,38,46,65,3,Strong team culture
E01251,2026-06-30,68.3,60,84,67,78,71,9,No comment
E01252,2025-06-30,82.1,69,92,91,73,49,7,Good manager support
E01252,2026-06-30,81.1,83,85,65,81,78,8,Compensation could improve
E01253,2025-06-30,66.7,49,44,88,93,82,8,Need clearer career path
E01253,2026-06-30,50.5,67,43,58,49,52,10,Need clearer career path
E01254,2025-06-30,57.3,67,69,52,48,52,6,Strong team culture
E01254,2026-06-30,76.1,79,93,52,85,57,2,Need clearer career path
E01256,2025-06-30,65.9,47,92,61,68,59,8,Happy with flexibility
E01256,2026-06-30,60.1,58,63,44,78,82,9,No comment
E01257,2025-06-30,62.8,47,51,74,81,52,7,Happy with flexibility
E01257,2026-06-30,60.4,84,41,62,61,84,6,Need clearer career path
E01258,2025-06-30,72.7,83,85,53,87,95,0,Need more learning opportunities
E01258,2026-06-30,73.7,93,84,63,49,50,7,Happy with flexibility
E01259,2025-06-30,58.7,59,58,50,68,69,4,Happy with flexibility
E01259,2026-06-30,66.7,61,73,55,41,94,3,Compensation could improve
E01260,2025-06-30,64.9,59,42,65,95,80,4,Strong team culture
E01260,2026-06-30,76.5,69,64,70,80,85,0,Compensation could improve
E01261,2025-06-30,60.9,74,70,60,74,47,9,Strong team culture
E01261,2026-06-30,72.3,63,75,63,52,86,4,Need more learning opportunities
E01262,2025-06-30,71.2,83,61,81,44,96,1,No comment
E01262,2026-06-30,53.4,64,40,78,66,52,1,Workload is high
E01263,2025-06-30,63.6,78,93,62,44,60,7,Good manager support
E01263,2026-06-30,71.3,62,69,38,64,97,0,Good manager support
E01264,2025-06-30,71.3,66,46,39,91,74,10,Compensation could improve
E01264,2026-06-30,73.8,79,82,54,52,91,2,Good manager support
E01265,2025-06-30,81.1,48,64,86,93,87,4,Happy with flexibility
E01265,2026-06-30,66.3,57,47,76,80,84,10,Good manager support
E01266,2025-06-30,84.4,94,57,84,95,95,10,Need more learning opportunities
E01266,2026-06-30,74.3,55,90,62,55,98,0,Workload is high
E01267,2025-06-30,87.3,46,73,78,75,98,4,Need clearer career path
E01267,2026-06-30,62.6,59,69,50,55,87,6,No comment
E01268,2025-06-30,54.3,73,51,44,65,68,4,Compensation could improve
E01268,2026-06-30,80.0,64,62,86,86,88,0,Compensation could improve
E01269,2025-06-30,64.9,85,61,47,54,78,7,Need clearer career path
E01269,2026-06-30,60.5,58,65,70,52,53,9,Workload is high
E01270,2025-06-30,58.0,48,66,52,62,51,1,Strong team culture
E01270,2026-06-30,72.0,48,91,60,82,66,1,Strong team culture
E01271,2025-06-30,56.6,46,57,43,67,87,5,Strong team culture
E01271,2026-06-30,76.6,64,93,66,81,62,0,Need clearer career path
E01272,2025-06-30,68.4,93,46,72,48,83,2,Need more learning opportunities
E01272,2026-06-30,78.2,82,95,90,84,84,4,Need clearer career path
E01273,2025-06-30,78.2,59,93,42,68,84,5,Compensation could improve
E01273,2026-06-30,68.2,85,60,55,87,77,10,Good manager support
E01274,2025-06-30,60.6,45,71,42,67,85,1,Good manager support
E01274,2026-06-30,65.9,92,64,56,43,51,0,Strong team culture
E01275,2025-06-30,76.5,94,64,91,79,74,0,Strong team culture
E01275,2026-06-30,63.4,55,60,83,47,90,9,Compensation could improve
E01276,2025-06-30,77.1,83,77,55,63,86,2,Compensation could improve
E01276,2026-06-30,77.7,91,92,50,76,57,6,Workload is high
E01277,2025-06-30,73.1,87,87,53,73,92,2,Need more learning opportunities
E01277,2026-06-30,68.5,65,68,53,86,51,10,No comment
E01278,2026-06-30,59.3,51,56,86,54,51,7,Workload is high
E01279,2025-06-30,86.6,70,91,88,91,86,9,Happy with flexibility
E01279,2026-06-30,67.9,79,77,38,63,49,5,Strong team culture
E01280,2025-06-30,74.7,92,57,67,57,63,1,No comment
E01280,2026-06-30,69.0,88,80,64,55,77,7,Workload is high
E01281,2025-06-30,56.2,59,65,56,53,50,5,No comment
E01282,2025-06-30,79.2,64,89,83,94,65,8,Need more learning opportunities
E01282,2026-06-30,70.3,95,59,60,53,84,8,Strong team culture
E01283,2025-06-30,63.4,65,86,42,73,66,6,Workload is high
E01283,2026-06-30,65.4,79,52,56,72,70,7,Need more learning opportunities
E01284,2025-06-30,74.0,89,68,75,90,65,0,No comment
E01284,2026-06-30,74.6,92,52,63,69,84,10,Strong team culture
E01285,2026-06-30,72.4,84,69,43,52,94,3,Strong team culture
E01286,2025-06-30,88.4,84,82,91,82,66,6,Good manager support
E01286,2026-06-30,54.4,63,45,51,43,71,7,Strong team culture
E01287,2025-06-30,65.9,79,63,74,69,55,10,Happy with flexibility
E01287,2026-06-30,58.6,93,67,55,45,51,4,Good manager support
E01288,2025-06-30,50.3,56,49,43,74,70,9,Need more learning opportunities
E01288,2026-06-30,66.3,73,45,85,62,86,8,Compensation could improve
E01289,2026-06-30,66.3,57,87,63,53,57,2,Strong team culture
E01290,2025-06-30,70.5,59,56,79,50,87,0,Need more learning opportunities
E01290,2026-06-30,76.4,88,73,89,67,72,2,Happy with flexibility
E01291,2025-06-30,63.6,64,83,54,69,56,2,Need more learning opportunities
E01291,2026-06-30,66.5,56,44,67,66,85,5,No comment
E01292,2025-06-30,63.5,65,47,86,74,70,10,Strong team culture
E01292,2026-06-30,62.3,62,72,43,52,75,10,No comment
E01293,2025-06-30,72.9,77,72,83,67,53,2,No comment
E01293,2026-06-30,80.3,85,68,92,74,80,0,Happy with flexibility
E01294,2025-06-30,82.1,82,77,54,95,90,3,Strong team culture
E01294,2026-06-30,65.2,63,95,39,55,74,4,Need more learning opportunities
E01296,2025-06-30,69.9,94,64,55,58,93,7,Compensation could improve
E01296,2026-06-30,73.1,93,72,67,78,54,3,Compensation could improve
E01297,2025-06-30,77.0,66,84,83,50,93,6,Need clearer career path
E01297,2026-06-30,65.0,90,59,39,70,86,3,Compensation could improve
E01298,2025-06-30,61.0,62,65,88,52,62,7,Strong team culture
E01298,2026-06-30,63.8,92,57,49,73,55,4,Good manager support
E01299,2025-06-30,58.9,50,69,66,83,68,4,Happy with flexibility
E01299,2026-06-30,76.5,91,53,59,95,96,10,Happy with flexibility
E01300,2025-06-30,69.4,82,81,92,45,54,6,No comment
E01300,2026-06-30,74.6,85,77,46,95,84,7,No comment
E01301,2025-06-30,60.3,95,41,51,71,72,1,Workload is high
E01301,2026-06-30,81.1,94,51,82,73,86,5,Good manager support
E01302,2025-06-30,59.7,54,48,49,45,79,8,Workload is high
E01302,2026-06-30,58.2,92,53,38,61,53,4,No comment
E01303,2025-06-30,72.7,79,64,83,83,58,2,Need more learning opportunities
E01303,2026-06-30,71.3,87,69,56,64,98,9,Need clearer career path
E01304,2025-06-30,60.8,73,63,43,49,69,8,No comment
E01304,2026-06-30,77.5,67,44,88,90,92,1,Need clearer career path
E01305,2026-06-30,65.5,82,85,51,82,51,9,Workload is high
E01306,2025-06-30,71.1,62,48,81,81,64,8,Strong team culture
E01307,2025-06-30,73.3,88,46,76,77,73,7,Workload is high
E01307,2026-06-30,66.1,66,95,54,63,68,9,No comment
E01308,2025-06-30,62.8,88,46,49,51,89,9,Strong team culture
E01308,2026-06-30,55.3,78,42,78,42,56,3,Need clearer career path
E01309,2025-06-30,64.5,83,78,47,70,52,7,Need clearer career path
E01309,2026-06-30,67.6,83,44,79,61,45,3,Happy with flexibility
E01311,2025-06-30,66.6,56,88,69,42,80,7,Happy with flexibility
E01311,2026-06-30,68.4,55,95,51,61,87,3,Happy with flexibility
E01313,2025-06-30,50.2,50,48,44,77,66,10,Workload is high
E01313,2026-06-30,65.3,55,46,89,61,86,8,No comment
E01314,2026-06-30,58.6,51,59,42,72,54,1,Workload is high
E01315,2025-06-30,70.5,90,70,43,72,70,6,Need clearer career path
E01316,2025-06-30,76.5,93,70,41,85,80,10,Workload is high
E01316,2026-06-30,79.0,63,68,90,91,84,0,Need clearer career path
E01317,2025-06-30,78.8,67,88,71,55,77,10,Happy with flexibility
E01317,2026-06-30,61.7,70,88,42,47,67,5,Good manager support
E01318,2025-06-30,81.2,51,75,81,90,92,8,Need clearer career path
E01318,2026-06-30,78.1,78,80,69,86,97,8,Happy with flexibility
E01319,2025-06-30,65.1,86,40,83,79,56,5,Happy with flexibility
E01319,2026-06-30,68.7,66,51,82,81,48,0,Strong team culture
E01320,2025-06-30,52.7,82,46,50,47,62,10,Compensation could improve
E01320,2026-06-30,79.4,86,85,75,83,45,0,Strong team culture
E01323,2025-06-30,71.2,91,57,45,95,52,7,Strong team culture
E01323,2026-06-30,71.4,79,57,92,74,62,7,Workload is high
E01324,2025-06-30,72.6,83,50,86,70,76,8,Strong team culture
E01324,2026-06-30,71.3,91,77,79,69,65,7,Need clearer career path
E01325,2025-06-30,59.3,54,51,39,72,88,3,Strong team culture
E01326,2025-06-30,64.3,82,41,68,61,86,0,Need clearer career path
E01326,2026-06-30,68.7,84,59,89,82,61,5,Happy with flexibility
E01327,2025-06-30,84.5,90,84,85,76,92,4,No comment
E01327,2026-06-30,70.9,77,47,66,93,76,7,Workload is high
E01328,2025-06-30,69.4,63,76,91,44,68,2,Good manager support
E01328,2026-06-30,74.2,73,87,78,76,57,1,Good manager support
E01329,2025-06-30,71.5,89,54,89,55,97,2,Compensation could improve
E01329,2026-06-30,56.1,56,47,38,73,62,7,Need clearer career path
E01330,2025-06-30,59.6,66,44,89,66,63,5,Compensation could improve
E01330,2026-06-30,63.2,76,74,50,51,79,5,Compensation could improve
E01331,2025-06-30,59.1,86,55,62,45,84,10,Good manager support
E01331,2026-06-30,79.6,91,70,86,70,90,9,Strong team culture
E01332,2025-06-30,60.4,66,64,45,69,81,2,Happy with flexibility
E01332,2026-06-30,75.9,84,65,56,84,86,6,Good manager support
E01333,2025-06-30,65.7,85,42,75,59,60,2,Workload is high
E01333,2026-06-30,72.5,65,64,70,84,55,8,Workload is high
E01334,2025-06-30,67.1,74,41,47,96,93,8,Need more learning opportunities
E01334,2026-06-30,73.0,74,70,57,93,76,10,Workload is high
E01335,2025-06-30,66.7,92,53,76,86,47,4,Good manager support
E01335,2026-06-30,68.4,94,71,47,57,72,2,Strong team culture
E01336,2025-06-30,61.3,84,58,43,56,66,3,Need more learning opportunities
E01336,2026-06-30,70.2,94,75,53,63,94,1,Happy with flexibility
E01337,2025-06-30,66.8,59,63,56,72,75,6,Need clearer career path
E01337,2026-06-30,59.6,50,60,78,50,60,10,Compensation could improve
E01338,2025-06-30,70.8,70,45,81,90,67,5,Strong team culture
E01338,2026-06-30,69.8,64,59,56,56,58,6,Strong team culture
E01339,2025-06-30,78.1,94,69,77,75,75,10,Strong team culture
E01339,2026-06-30,65.8,67,70,69,58,48,5,Compensation could improve
E01340,2025-06-30,73.4,48,90,88,96,79,8,Compensation could improve
E01340,2026-06-30,80.0,57,86,88,55,62,2,Strong team culture
E01341,2025-06-30,75.2,55,81,85,94,55,6,No comment
E01341,2026-06-30,62.2,67,73,39,83,50,10,Strong team culture
E01342,2025-06-30,89.4,81,82,74,91,92,5,Strong team culture
E01342,2026-06-30,75.9,66,76,41,96,98,8,Need more learning opportunities
E01343,2025-06-30,50.6,64,64,48,42,49,5,Compensation could improve
E01343,2026-06-30,68.5,68,75,48,44,97,3,Need more learning opportunities
E01344,2025-06-30,54.0,92,69,61,51,65,8,Need clearer career path
E01344,2026-06-30,80.6,53,55,53,93,92,3,No comment
E01345,2025-06-30,70.6,90,59,62,74,85,3,Need more learning opportunities
E01345,2026-06-30,74.2,70,79,79,73,64,0,Need more learning opportunities
E01346,2026-06-30,84.8,75,86,89,48,98,6,Compensation could improve
E01347,2025-06-30,62.7,71,72,61,58,77,3,Need more learning opportunities
E01347,2026-06-30,71.1,89,67,63,71,63,1,Workload is high
E01348,2025-06-30,62.1,68,64,86,52,52,3,Happy with flexibility
E01348,2026-06-30,67.7,54,45,52,59,95,9,Need clearer career path
E01351,2025-06-30,69.3,80,57,58,52,73,10,Compensation could improve
E01351,2026-06-30,70.9,78,87,45,77,68,9,Need clearer career path
E01352,2025-06-30,68.5,90,83,41,53,86,8,No comment
E01352,2026-06-30,69.6,46,61,64,95,62,10,Compensation could improve
E01353,2025-06-30,61.3,49,67,42,47,88,6,Happy with flexibility
E01353,2026-06-30,68.8,73,58,71,87,62,1,Need clearer career path
E01354,2025-06-30,63.8,72,40,56,67,73,4,Need more learning opportunities
E01354,2026-06-30,69.3,64,82,73,71,78,4,Good manager support
E01356,2025-06-30,68.9,54,63,91,75,61,6,No comment
E01356,2026-06-30,68.2,77,77,45,69,87,0,Workload is high
E01357,2025-06-30,74.0,80,59,64,67,90,2,Good manager support
E01357,2026-06-30,68.4,75,50,83,64,58,4,Need more learning opportunities
E01358,2025-06-30,72.3,64,81,87,42,69,4,No comment
E01358,2026-06-30,70.5,84,90,61,68,97,6,Need more learning opportunities
E01362,2025-06-30,83.8,73,94,90,80,80,4,No comment
E01362,2026-06-30,69.4,60,95,39,86,72,3,Happy with flexibility
E01363,2025-06-30,50.9,53,40,67,73,60,8,Need clearer career path
E01363,2026-06-30,67.0,54,87,76,76,55,1,Workload is high
E01366,2025-06-30,59.5,51,69,74,45,61,8,Need clearer career path
E01366,2026-06-30,70.7,90,64,51,55,68,9,Need more learning opportunities
E01367,2025-06-30,69.4,51,72,41,55,98,5,Happy with flexibility
E01367,2026-06-30,59.6,80,68,77,41,45,3,Good manager support
E01368,2025-06-30,80.9,92,92,62,93,46,9,Happy with flexibility
E01368,2026-06-30,83.8,86,85,76,67,74,0,Strong team culture
E01369,2025-06-30,46.2,46,44,39,65,56,6,Strong team culture
E01369,2026-06-30,63.3,52,73,43,83,63,3,No comment
E01370,2025-06-30,70.4,45,58,89,51,87,8,Workload is high
E01370,2026-06-30,69.3,47,94,50,60,92,4,Strong team culture
E01371,2025-06-30,62.3,78,45,38,57,87,10,No comment
E01371,2026-06-30,70.0,76,45,64,90,82,2,Happy with flexibility
E01372,2025-06-30,64.1,55,70,91,53,45,3,Happy with flexibility
E01372,2026-06-30,63.6,50,69,91,59,67,5,Happy with flexibility
E01373,2025-06-30,50.7,73,43,38,65,48,0,Compensation could improve
E01373,2026-06-30,70.7,66,81,57,48,60,10,Strong team culture
E01374,2025-06-30,57.2,81,53,47,63,59,4,Strong team culture
E01374,2026-06-30,92.1,88,86,51,95,94,5,Need more learning opportunities
E01376,2026-06-30,70.1,62,90,69,57,51,3,Strong team culture
E01377,2025-06-30,55.3,48,51,46,44,73,4,Good manager support
E01377,2026-06-30,59.3,58,58,40,84,52,6,Workload is high
E01378,2025-06-30,64.1,53,88,78,49,56,0,Need clearer career path
E01378,2026-06-30,65.5,57,71,85,66,53,3,Need more learning opportunities
E01379,2025-06-30,55.7,54,60,62,47,69,3,Compensation could improve
E01379,2026-06-30,72.7,63,88,70,61,71,0,Need clearer career path
E01380,2026-06-30,66.1,53,64,69,76,67,9,Workload is high
E01381,2025-06-30,84.1,95,95,76,61,97,8,Happy with flexibility
E01382,2025-06-30,59.7,65,52,42,60,84,9,Strong team culture
E01382,2026-06-30,60.1,52,69,63,41,77,5,Need clearer career path
E01383,2025-06-30,76.1,93,69,52,83,79,8,Compensation could improve
E01383,2026-06-30,63.0,93,50,76,45,62,3,Need clearer career path
E01384,2025-06-30,69.6,88,73,38,92,58,9,No comment
E01384,2026-06-30,68.0,69,52,46,50,87,8,Workload is high
E01385,2025-06-30,64.7,66,69,54,56,92,4,Compensation could improve
E01385,2026-06-30,76.7,64,94,56,80,98,8,Need more learning opportunities
E01386,2025-06-30,64.4,87,57,58,49,86,5,Workload is high
E01386,2026-06-30,59.0,64,87,52,67,59,8,Need clearer career path
E01388,2026-06-30,59.1,56,52,83,61,49,1,Need clearer career path
E01389,2026-06-30,63.7,77,66,68,47,75,6,Compensation could improve
E01390,2025-06-30,72.8,57,87,54,79,88,7,Compensation could improve
E01390,2026-06-30,77.4,93,86,69,89,75,3,Need clearer career path
E01392,2025-06-30,60.2,80,51,50,44,48,0,Need more learning opportunities
E01392,2026-06-30,74.6,57,79,53,67,96,0,Need more learning opportunities
E01393,2025-06-30,72.7,81,92,88,75,49,3,Strong team culture
E01393,2026-06-30,65.4,50,42,71,42,87,7,Need more learning opportunities
E01394,2026-06-30,79.6,74,80,59,74,98,9,Happy with flexibility
E01395,2025-06-30,67.1,86,73,85,40,53,8,Happy with flexibility
E01395,2026-06-30,64.6,81,57,46,59,82,9,Strong team culture
E01396,2026-06-30,71.8,68,84,41,86,81,0,Strong team culture
E01397,2025-06-30,60.8,89,72,41,74,66,2,Need clearer career path
E01397,2026-06-30,69.6,45,67,58,76,91,6,No comment
E01398,2025-06-30,77.9,76,61,71,90,72,8,Good manager support
E01398,2026-06-30,75.5,74,69,77,72,70,0,Need more learning opportunities
E01399,2025-06-30,74.1,76,49,78,53,90,5,Compensation could improve
E01399,2026-06-30,62.8,46,87,74,66,50,2,No comment
E01401,2025-06-30,69.5,69,77,69,75,93,8,Need more learning opportunities
E01401,2026-06-30,71.9,92,69,54,86,58,9,Happy with flexibility
E01402,2025-06-30,83.2,94,88,56,96,81,2,Need clearer career path
E01402,2026-06-30,55.9,66,71,48,80,48,7,Strong team culture
E01403,2025-06-30,81.2,88,67,80,81,82,8,No comment
E01403,2026-06-30,65.4,67,77,50,71,48,5,Need more learning opportunities
E01404,2025-06-30,63.7,74,42,80,83,61,4,Compensation could improve
E01404,2026-06-30,62.3,93,53,57,41,74,2,No comment
E01405,2025-06-30,76.3,47,72,89,73,95,10,Happy with flexibility
E01405,2026-06-30,61.7,69,89,50,43,63,10,Workload is high
E01406,2025-06-30,70.0,69,52,63,74,83,2,Good manager support
E01406,2026-06-30,66.5,61,84,49,84,56,10,Happy with flexibility
E01407,2025-06-30,74.1,87,82,49,93,76,9,Happy with flexibility
E01407,2026-06-30,69.1,65,56,65,94,87,7,Need clearer career path
E01408,2025-06-30,66.7,60,59,88,45,76,10,Workload is high
E01408,2026-06-30,70.5,57,85,86,46,50,3,Need clearer career path
E01409,2026-06-30,68.7,52,83,88,57,90,0,Compensation could improve
E01410,2026-06-30,63.9,95,71,86,44,69,9,Strong team culture
E01411,2025-06-30,67.5,63,86,61,52,67,1,Workload is high
E01411,2026-06-30,62.8,61,49,83,41,88,5,Workload is high
E01413,2025-06-30,61.2,47,43,75,65,82,7,Compensation could improve
E01413,2026-06-30,69.0,91,77,56,50,98,3,Strong team culture
E01414,2025-06-30,70.6,81,61,76,59,75,3,Need more learning opportunities
E01414,2026-06-30,67.7,47,78,45,80,97,1,Need more learning opportunities
E01415,2026-06-30,72.4,89,72,81,81,57,2,Strong team culture
E01416,2025-06-30,77.4,51,70,72,95,94,1,Need clearer career path
E01416,2026-06-30,73.3,50,82,66,81,92,8,Workload is high
E01417,2025-06-30,59.7,59,56,60,65,77,2,Need clearer career path
E01417,2026-06-30,78.0,82,75,82,40,96,4,Compensation could improve
E01418,2025-06-30,63.1,69,79,44,43,62,1,No comment
E01418,2026-06-30,74.7,94,48,84,85,66,4,Workload is high
E01419,2026-06-30,60.5,46,54,87,46,48,9,Need more learning opportunities
E01420,2025-06-30,49.1,72,45,45,63,51,8,Strong team culture
E01420,2026-06-30,79.9,58,70,83,73,88,4,Workload is high
E01421,2026-06-30,79.1,92,64,87,49,66,7,Need clearer career path
E01422,2025-06-30,56.4,62,59,62,50,49,5,No comment
E01422,2026-06-30,54.4,58,64,45,46,48,0,Need more learning opportunities
E01423,2025-06-30,56.0,95,66,42,43,51,2,Workload is high
E01423,2026-06-30,65.1,53,42,66,93,56,1,Good manager support
E01424,2025-06-30,64.1,48,50,41,79,81,5,No comment
E01424,2026-06-30,59.6,75,51,71,42,65,8,Happy with flexibility
E01425,2025-06-30,89.1,88,86,91,92,56,8,Happy with flexibility
E01426,2025-06-30,55.5,46,41,64,59,71,1,Strong team culture
E01426,2026-06-30,65.2,57,80,66,77,60,7,Good manager support
E01427,2025-06-30,71.3,72,49,71,66,70,6,Need more learning opportunities
E01427,2026-06-30,80.8,94,93,65,84,86,5,Strong team culture
E01428,2025-06-30,55.9,78,65,44,60,49,6,Happy with flexibility
E01428,2026-06-30,73.2,81,63,85,69,81,3,No comment
E01429,2026-06-30,85.8,83,65,85,90,93,2,Workload is high
E01431,2026-06-30,78.0,68,95,77,66,87,6,Workload is high
E01432,2025-06-30,67.1,60,79,82,47,61,10,Need more learning opportunities
E01432,2026-06-30,51.1,48,66,52,43,79,9,Good manager support
E01433,2025-06-30,75.2,87,93,58,69,68,4,Need clearer career path
E01433,2026-06-30,75.0,94,62,81,93,81,2,Need more learning opportunities
E01434,2025-06-30,75.3,93,69,47,65,85,6,No comment
E01434,2026-06-30,75.0,71,69,71,86,67,5,Need clearer career path
E01435,2025-06-30,80.3,71,76,89,86,87,7,Need more learning opportunities
E01435,2026-06-30,56.3,55,45,57,56,67,2,Strong team culture
E01436,2025-06-30,88.8,74,87,70,81,87,5,Good manager support
E01436,2026-06-30,81.3,82,83,75,58,86,1,Need clearer career path
E01437,2026-06-30,76.6,91,90,72,60,73,3,Workload is high
E01438,2025-06-30,65.2,59,47,38,85,98,6,Workload is high
E01438,2026-06-30,63.9,81,48,74,55,50,3,Workload is high
E01439,2025-06-30,59.8,63,42,57,84,59,8,Need clearer career path
E01439,2026-06-30,79.3,83,67,86,65,83,1,Workload is high
E01440,2025-06-30,69.8,72,46,45,76,90,10,Happy with flexibility
E01440,2026-06-30,61.4,51,43,77,84,60,5,Happy with flexibility
E01441,2025-06-30,69.5,71,52,65,86,71,0,No comment
E01441,2026-06-30,60.1,76,55,44,65,49,8,Workload is high
E01442,2026-06-30,64.5,47,76,78,43,61,3,Happy with flexibility
E01443,2025-06-30,60.0,45,46,81,63,78,7,Strong team culture
E01443,2026-06-30,71.3,83,73,38,75,81,10,Workload is high
E01444,2025-06-30,56.7,63,43,43,56,76,6,Good manager support
E01444,2026-06-30,72.0,63,70,67,52,79,4,Strong team culture
E01445,2025-06-30,66.7,81,79,73,72,55,8,Good manager support
E01445,2026-06-30,76.1,54,77,84,85,85,7,Need clearer career path
E01446,2025-06-30,67.5,75,84,68,42,76,3,Good manager support
E01447,2025-06-30,75.5,92,73,69,67,85,1,No comment
E01447,2026-06-30,58.9,76,47,45,67,45,9,Workload is high
E01448,2025-06-30,64.5,88,51,90,61,90,4,Compensation could improve
E01448,2026-06-30,65.1,95,48,39,94,46,4,Workload is high
E01449,2025-06-30,74.5,77,79,85,49,73,7,Compensation could improve
E01449,2026-06-30,58.4,46,76,42,67,72,9,Compensation could improve
E01450,2025-06-30,72.8,89,52,41,80,81,10,Happy with flexibility
E01450,2026-06-30,47.1,70,57,39,52,75,10,Good manager support
E01452,2025-06-30,69.5,73,49,83,67,94,8,Good manager support
E01452,2026-06-30,75.7,92,63,50,89,87,3,Need more learning opportunities
E01453,2025-06-30,68.7,63,76,45,49,84,9,Workload is high
E01453,2026-06-30,80.9,86,95,65,75,54,6,Compensation could improve
E01455,2025-06-30,76.7,83,83,80,91,48,0,Strong team culture
E01455,2026-06-30,60.2,46,88,38,47,79,5,Need more learning opportunities
E01456,2025-06-30,71.5,51,50,79,78,89,10,Need clearer career path
E01456,2026-06-30,74.5,82,80,74,61,73,0,Good manager support
E01457,2025-06-30,68.7,94,67,61,83,70,2,Happy with flexibility
E01457,2026-06-30,67.4,67,85,47,52,92,7,No comment
E01458,2025-06-30,70.5,92,67,75,48,65,8,Good manager support
E01458,2026-06-30,75.5,74,45,84,92,60,10,Need clearer career path
E01459,2025-06-30,76.3,84,53,88,88,69,6,No comment
E01459,2026-06-30,68.4,62,79,51,78,66,3,No comment
E01460,2025-06-30,62.2,88,57,46,60,47,4,Compensation could improve
E01460,2026-06-30,60.3,57,64,43,91,81,0,Good manager support
E01461,2025-06-30,66.2,46,51,87,51,88,1,Good manager support
E01461,2026-06-30,73.9,88,83,65,75,49,0,No comment
E01463,2025-06-30,78.2,74,94,84,64,90,9,Need clearer career path
E01463,2026-06-30,71.8,95,95,56,40,53,8,Compensation could improve
E01464,2025-06-30,67.7,80,46,79,89,48,10,Good manager support
E01464,2026-06-30,67.0,69,55,90,53,57,10,Happy with flexibility
E01465,2025-06-30,63.0,68,42,88,52,53,3,Happy with flexibility
E01465,2026-06-30,67.5,75,55,39,82,88,7,Happy with flexibility
E01466,2025-06-30,59.3,84,46,39,90,56,0,Strong team culture
E01466,2026-06-30,63.6,82,55,43,44,89,9,Need clearer career path
E01467,2025-06-30,74.7,76,50,56,79,98,2,Workload is high
E01467,2026-06-30,61.3,53,47,60,40,75,9,Strong team culture
E01468,2025-06-30,69.3,73,47,56,72,91,8,Need clearer career path
E01468,2026-06-30,60.1,82,47,46,65,72,7,No comment
E01469,2025-06-30,61.3,59,41,44,82,64,3,Workload is high
E01469,2026-06-30,80.6,86,85,82,53,86,5,Strong team culture
E01470,2025-06-30,80.1,83,47,80,87,93,3,Compensation could improve
E01470,2026-06-30,62.2,66,84,39,40,95,7,Workload is high
E01471,2025-06-30,70.7,79,52,61,51,85,8,Strong team culture
E01471,2026-06-30,75.4,78,74,87,44,80,7,Happy with flexibility
E01472,2025-06-30,73.1,71,82,43,84,94,3,Compensation could improve
E01472,2026-06-30,79.3,91,90,49,50,94,6,Need clearer career path
E01473,2025-06-30,71.3,85,48,59,91,69,6,No comment
E01473,2026-06-30,56.9,76,46,62,51,46,8,Need more learning opportunities
E01474,2025-06-30,64.8,93,68,46,59,91,1,Need more learning opportunities
E01474,2026-06-30,66.2,52,58,65,92,93,0,No comment
E01475,2025-06-30,86.0,69,92,77,57,94,1,Strong team culture
E01475,2026-06-30,61.1,71,62,45,58,79,0,Need more learning opportunities
E01476,2025-06-30,64.1,62,55,87,66,76,9,Workload is high
E01476,2026-06-30,71.4,49,86,75,83,78,1,Need clearer career path
E01477,2025-06-30,48.0,46,55,48,68,53,5,Happy with flexibility
E01477,2026-06-30,71.1,74,46,68,55,87,3,No comment
E01479,2025-06-30,66.6,79,84,59,79,65,0,Need clearer career path
E01479,2026-06-30,69.5,84,60,56,58,64,4,Need clearer career path
E01480,2025-06-30,77.9,93,57,89,65,95,8,Happy with flexibility
E01480,2026-06-30,59.9,67,54,83,41,77,4,Compensation could improve
E01481,2025-06-30,76.5,68,56,44,82,98,6,Need more learning opportunities
E01481,2026-06-30,61.1,50,65,39,88,90,8,Need more learning opportunities
E01482,2025-06-30,78.1,92,91,92,74,82,7,Workload is high
E01483,2025-06-30,64.8,61,55,61,67,58,2,No comment
E01484,2026-06-30,67.0,59,51,70,78,93,1,Happy with flexibility
E01485,2025-06-30,69.2,78,72,73,59,60,10,No comment
E01485,2026-06-30,59.7,53,84,38,56,75,7,Compensation could improve
E01487,2025-06-30,64.7,65,55,40,67,84,3,No comment
E01487,2026-06-30,61.7,81,43,65,71,54,9,Strong team culture
E01488,2026-06-30,58.6,61,79,43,45,60,9,Need more learning opportunities
E01489,2025-06-30,68.2,94,45,63,58,88,2,No comment
E01489,2026-06-30,67.0,53,75,71,65,73,8,Good manager support
E01490,2025-06-30,68.0,82,69,82,77,45,4,Need more learning opportunities
E01490,2026-06-30,78.8,87,66,68,90,81,10,Strong team culture
E01491,2025-06-30,59.8,45,75,49,49,72,3,Need clearer career path
E01491,2026-06-30,66.2,92,54,46,90,54,1,Good manager support
E01492,2026-06-30,65.0,49,55,46,85,87,9,No comment
E01493,2025-06-30,51.7,46,59,48,66,45,0,Need more learning opportunities
E01493,2026-06-30,70.7,74,83,64,50,95,10,Strong team culture
E01494,2025-06-30,74.4,84,83,47,67,50,7,Workload is high
E01494,2026-06-30,72.5,89,86,57,95,46,4,Compensation could improve
E01496,2025-06-30,65.6,46,40,65,91,82,10,Happy with flexibility
E01496,2026-06-30,71.3,85,46,85,52,74,7,Need more learning opportunities
E01497,2025-06-30,61.0,70,48,54,43,53,2,Workload is high
E01497,2026-06-30,68.1,77,55,65,53,92,0,Compensation could improve
E01498,2025-06-30,61.1,73,41,76,45,49,5,Need clearer career path
E01498,2026-06-30,72.4,78,82,62,95,71,8,No comment
E01499,2025-06-30,58.3,52,83,45,79,53,2,No comment
E01499,2026-06-30,69.1,50,40,83,96,76,6,Need clearer career path
E01500,2026-06-30,70.0,82,45,79,79,62,8,Compensation could improve
E01502,2025-06-30,71.5,79,65,55,90,86,1,Happy with flexibility
E01502,2026-06-30,85.0,94,64,92,60,83,9,Workload is high
E01503,2025-06-30,83.9,90,92,63,93,74,2,Workload is high
E01503,2026-06-30,64.6,78,49,66,78,71,5,No comment
E01505,2025-06-30,69.0,61,56,66,69,98,8,Need clearer career path
E01505,2026-06-30,75.1,82,71,56,63,86,10,Good manager support
E01506,2026-06-30,41.4,47,55,39,42,47,5,Need more learning opportunities
E01507,2025-06-30,77.4,92,81,43,86,97,7,Need more learning opportunities
E01507,2026-06-30,58.7,45,82,47,50,76,5,Workload is high
E01508,2025-06-30,70.8,63,46,86,80,74,0,Good manager support
E01508,2026-06-30,72.7,73,81,48,85,89,2,Strong team culture
E01510,2026-06-30,62.2,53,70,78,51,74,7,Happy with flexibility
E01512,2026-06-30,54.7,45,40,54,71,86,6,Good manager support
E01513,2025-06-30,56.7,56,80,70,55,48,7,Happy with flexibility
E01514,2025-06-30,85.1,60,92,82,85,89,7,Need more learning opportunities
E01514,2026-06-30,65.8,56,48,87,46,74,0,Need more learning opportunities
E01515,2025-06-30,57.2,47,94,46,56,57,6,Good manager support
E01515,2026-06-30,61.7,45,69,79,90,47,4,Need more learning opportunities
E01516,2025-06-30,84.4,93,90,44,93,88,1,Need clearer career path
E01516,2026-06-30,76.1,47,89,90,77,78,4,Good manager support
E01517,2025-06-30,66.5,69,94,57,78,67,9,Workload is high
E01517,2026-06-30,80.2,71,91,81,84,89,5,No comment
E01518,2025-06-30,60.7,60,54,59,61,66,4,Need more learning opportunities
E01518,2026-06-30,93.6,67,82,88,89,98,8,Need clearer career path
E01519,2025-06-30,68.7,46,95,83,62,69,6,Happy with flexibility
E01519,2026-06-30,73.3,59,81,90,75,45,9,Strong team culture
E01520,2026-06-30,71.8,48,77,84,89,55,2,Happy with flexibility
E01523,2025-06-30,74.7,77,77,75,60,74,9,Compensation could improve
E01523,2026-06-30,74.9,55,79,71,44,91,8,Good manager support
E01524,2026-06-30,76.8,69,53,73,84,81,6,Compensation could improve
E01525,2025-06-30,71.0,79,80,63,64,78,0,Workload is high
E01525,2026-06-30,59.7,59,52,70,87,52,8,Strong team culture
E01526,2025-06-30,85.4,95,83,83,54,76,2,Need clearer career path
E01526,2026-06-30,64.9,64,69,39,60,60,0,Compensation could improve
E01528,2025-06-30,74.4,93,56,83,76,85,5,Compensation could improve
E01528,2026-06-30,56.8,53,59,67,48,62,0,Workload is high
E01529,2025-06-30,65.3,91,52,80,50,64,8,Need clearer career path
E01529,2026-06-30,65.3,52,74,84,92,64,1,Good manager support
E01530,2025-06-30,67.5,57,56,58,79,91,5,No comment
E01530,2026-06-30,65.5,45,90,45,41,69,9,No comment
E01531,2025-06-30,73.1,95,67,80,74,94,7,Happy with flexibility
E01531,2026-06-30,67.1,83,50,67,79,79,7,Compensation could improve
E01532,2025-06-30,70.0,55,68,86,51,67,9,No comment
E01532,2026-06-30,69.1,60,84,62,67,82,4,Need more learning opportunities
E01533,2026-06-30,59.2,76,54,73,50,52,6,Compensation could improve
E01537,2025-06-30,73.8,71,84,44,76,85,7,Workload is high
E01537,2026-06-30,69.2,47,87,56,42,98,8,Good manager support
E01538,2025-06-30,65.7,62,53,65,47,68,0,Need clearer career path
E01538,2026-06-30,67.9,61,42,73,70,82,2,Happy with flexibility
E01539,2025-06-30,69.7,69,77,74,78,70,7,Happy with flexibility
E01539,2026-06-30,81.1,90,94,48,78,87,2,Workload is high
E01540,2025-06-30,68.0,66,50,66,79,53,4,No comment
E01540,2026-06-30,76.7,61,89,69,51,96,8,Compensation could improve
E01541,2025-06-30,68.8,56,57,69,75,61,8,Need more learning opportunities
E01541,2026-06-30,61.6,54,89,63,65,49,6,Workload is high
E01542,2025-06-30,67.2,82,92,64,73,46,8,Good manager support
E01542,2026-06-30,71.1,95,42,59,81,91,8,Strong team culture
E01543,2025-06-30,73.7,87,71,69,65,76,10,No comment
E01543,2026-06-30,57.5,50,50,90,69,58,8,Strong team culture
E01544,2026-06-30,84.7,91,88,82,56,73,6,Good manager support
E01546,2025-06-30,73.0,68,57,44,86,79,3,No comment
E01546,2026-06-30,50.2,49,43,61,49,74,9,Compensation could improve
E01548,2025-06-30,65.0,53,47,40,96,67,7,No comment
E01548,2026-06-30,71.6,79,94,59,54,71,7,Strong team culture
E01549,2025-06-30,61.8,67,69,71,42,64,3,Happy with flexibility
E01549,2026-06-30,68.3,82,81,55,80,46,7,Workload is high
E01550,2026-06-30,71.9,56,91,50,81,62,1,Need clearer career path
E01552,2025-06-30,76.3,52,91,75,95,73,9,Compensation could improve
E01552,2026-06-30,72.7,67,74,65,82,86,7,Happy with flexibility
E01553,2025-06-30,62.5,47,76,53,58,94,4,No comment
E01553,2026-06-30,57.5,80,61,40,67,68,6,Workload is high
E01554,2025-06-30,78.8,94,81,59,88,67,6,Need more learning opportunities
E01554,2026-06-30,76.4,73,86,80,46,62,9,Good manager support
E01556,2025-06-30,71.7,57,81,77,96,79,9,Need clearer career path
E01556,2026-06-30,79.5,78,95,77,61,79,10,Need clearer career path
E01557,2025-06-30,69.0,55,84,71,67,83,4,Good manager support
E01557,2026-06-30,59.8,50,61,65,64,64,3,Strong team culture
E01558,2025-06-30,57.6,85,48,42,52,51,7,Need more learning opportunities
E01558,2026-06-30,61.7,69,80,50,83,60,6,Good manager support
E01559,2025-06-30,62.8,65,69,70,83,50,9,Compensation could improve
E01559,2026-06-30,74.2,56,46,92,86,91,9,No comment
E01561,2025-06-30,65.5,92,58,60,78,65,5,Need more learning opportunities
E01561,2026-06-30,66.5,77,63,83,50,59,5,Need more learning opportunities
E01562,2025-06-30,56.0,47,47,80,70,67,10,Need clearer career path
E01562,2026-06-30,85.9,86,83,85,46,98,6,No comment
E01563,2025-06-30,79.8,57,79,67,91,98,8,No comment
E01563,2026-06-30,60.7,47,43,54,89,60,7,Need more learning opportunities
E01564,2025-06-30,67.6,50,67,77,94,45,0,Workload is high
E01564,2026-06-30,75.9,85,62,82,61,58,8,No comment
E01565,2025-06-30,64.0,50,61,57,45,96,10,Need more learning opportunities
E01565,2026-06-30,67.3,65,62,43,74,94,6,No comment
E01566,2025-06-30,65.3,65,70,56,68,50,9,No comment
E01566,2026-06-30,49.2,62,41,52,43,63,7,Good manager support
E01567,2025-06-30,65.9,78,80,41,59,63,2,Workload is high
E01568,2025-06-30,64.2,60,79,67,83,49,7,Strong team culture
E01568,2026-06-30,67.2,66,74,44,92,61,3,No comment
E01569,2025-06-30,69.5,84,93,87,42,54,3,Need clearer career path
E01569,2026-06-30,67.5,74,62,50,44,93,9,No comment
E01570,2025-06-30,79.7,75,57,87,73,81,0,Good manager support
E01570,2026-06-30,61.9,65,80,84,52,72,6,Happy with flexibility
E01571,2025-06-30,72.5,55,83,86,69,73,6,Need more learning opportunities
E01571,2026-06-30,62.1,74,77,42,54,86,0,Strong team culture
E01572,2025-06-30,48.1,45,49,40,60,46,4,Strong team culture
E01572,2026-06-30,78.6,81,82,79,95,47,10,Need clearer career path
E01574,2025-06-30,73.5,60,88,81,63,83,3,No comment
E01574,2026-06-30,60.8,72,80,39,43,91,6,Compensation could improve
E01575,2025-06-30,65.7,84,46,54,79,73,7,Happy with flexibility
E01575,2026-06-30,72.4,72,46,60,83,97,5,Compensation could improve
E01576,2025-06-30,72.1,61,81,57,51,91,3,No comment
E01576,2026-06-30,72.2,62,46,64,56,96,1,Workload is high
E01578,2025-06-30,67.4,51,80,74,79,75,4,Strong team culture
E01578,2026-06-30,62.3,86,80,52,63,50,5,No comment
E01579,2025-06-30,78.8,63,71,89,87,80,9,No comment
E01579,2026-06-30,59.5,46,47,43,68,93,8,Compensation could improve
E01580,2025-06-30,64.9,69,42,82,61,92,7,Strong team culture
E01580,2026-06-30,62.0,84,48,46,64,82,0,Need clearer career path
E01581,2025-06-30,66.8,60,55,76,95,70,1,Good manager support
E01581,2026-06-30,64.7,55,42,58,78,83,5,Strong team culture
E01582,2025-06-30,67.1,78,62,48,56,73,10,Workload is high
E01582,2026-06-30,59.5,63,74,49,59,79,7,Strong team culture
E01583,2026-06-30,83.5,71,90,88,89,66,2,Compensation could improve
E01584,2025-06-30,65.1,62,49,91,68,66,3,Workload is high
E01584,2026-06-30,63.2,85,84,69,53,46,7,Happy with flexibility
E01585,2025-06-30,70.2,68,79,64,84,54,5,Need more learning opportunities
E01585,2026-06-30,78.9,87,49,81,90,95,6,Need more learning opportunities
E01586,2025-06-30,74.8,85,80,76,42,71,7,Workload is high
E01586,2026-06-30,77.3,85,65,51,67,94,3,Need more learning opportunities
E01587,2025-06-30,57.5,50,73,38,50,54,9,Strong team culture
E01587,2026-06-30,68.1,46,42,91,68,77,10,Workload is high
E01588,2025-06-30,78.2,83,91,91,77,72,1,No comment
E01588,2026-06-30,62.5,71,64,87,54,46,8,Workload is high
E01589,2025-06-30,82.5,87,79,59,83,93,5,Good manager support
E01589,2026-06-30,55.4,72,44,45,55,74,3,Happy with flexibility
E01590,2025-06-30,68.0,58,74,84,63,64,9,Need more learning opportunities
E01590,2026-06-30,75.8,90,79,72,79,79,0,Workload is high
E01591,2025-06-30,53.4,53,49,53,40,94,1,Good manager support
E01591,2026-06-30,70.5,73,58,83,74,82,2,Need more learning opportunities
E01592,2025-06-30,66.3,48,88,79,46,83,1,Workload is high
E01592,2026-06-30,75.8,92,75,84,41,72,6,Compensation could improve
E01593,2025-06-30,63.3,62,47,85,49,58,5,Need more learning opportunities
E01593,2026-06-30,78.2,77,68,74,78,60,7,Need clearer career path
E01594,2025-06-30,74.1,73,80,53,65,84,9,Happy with flexibility
E01594,2026-06-30,55.4,53,53,57,47,66,2,Strong team culture
E01595,2025-06-30,80.0,90,70,89,83,76,5,No comment
E01595,2026-06-30,60.0,58,50,53,70,66,7,Need clearer career path
E01596,2025-06-30,63.7,63,75,82,74,47,7,Need clearer career path
E01596,2026-06-30,62.3,69,58,49,64,59,4,Need clearer career path
E01597,2025-06-30,61.4,67,78,78,47,47,1,Need clearer career path
E01597,2026-06-30,60.6,85,69,57,51,51,5,Need clearer career path
E01598,2025-06-30,76.3,69,88,82,60,80,4,Happy with flexibility
E01598,2026-06-30,71.1,80,67,77,77,49,1,No comment
E01599,2025-06-30,64.6,86,44,82,46,49,1,Strong team culture
E01599,2026-06-30,66.4,73,48,73,67,48,10,Need more learning opportunities
E01600,2025-06-30,69.8,62,47,64,85,88,7,Happy with flexibility
E01600,2026-06-30,63.1,92,40,59,43,85,1,No comment
E01601,2025-06-30,66.8,52,78,44,70,77,7,Need more learning opportunities
E01601,2026-06-30,73.2,66,76,71,48,55,7,Strong team culture
E01602,2025-06-30,70.8,77,42,58,87,78,8,Need more learning opportunities
E01602,2026-06-30,69.2,83,62,83,58,66,8,Happy with flexibility
E01603,2025-06-30,70.1,75,76,61,81,71,6,Compensation could improve
E01603,2026-06-30,59.9,54,59,59,45,84,3,Workload is high
E01604,2026-06-30,79.0,80,52,69,93,97,0,Need more learning opportunities
E01605,2025-06-30,79.7,91,64,80,85,60,2,Happy with flexibility
E01605,2026-06-30,69.2,90,83,45,47,84,7,Happy with flexibility
E01606,2025-06-30,80.3,86,65,81,72,74,10,Happy with flexibility
E01606,2026-06-30,70.9,82,82,38,66,45,7,No comment
E01608,2025-06-30,85.4,62,94,82,89,93,3,Happy with flexibility
E01608,2026-06-30,64.4,76,48,52,92,45,3,Strong team culture
E01610,2026-06-30,53.3,75,59,69,48,45,8,Happy with flexibility
E01612,2025-06-30,64.7,66,63,64,59,68,8,Need more learning opportunities
E01612,2026-06-30,59.9,87,44,44,85,63,4,Workload is high
E01613,2025-06-30,79.6,84,77,43,83,82,2,No comment
E01613,2026-06-30,59.0,52,52,49,75,51,9,Need clearer career path
E01615,2025-06-30,56.5,47,76,64,71,48,5,Happy with flexibility
E01615,2026-06-30,77.5,95,52,83,66,83,8,Workload is high
E01616,2026-06-30,62.1,64,71,50,54,89,7,Happy with flexibility
E01618,2025-06-30,70.1,86,48,66,93,59,2,Good manager support
E01618,2026-06-30,73.3,84,68,64,76,77,7,Compensation could improve
E01619,2025-06-30,61.4,91,51,40,40,78,0,No comment
E01619,2026-06-30,62.1,84,56,38,76,82,7,Strong team culture
E01620,2025-06-30,58.9,76,95,63,55,47,8,Strong team culture
E01620,2026-06-30,74.8,80,78,46,96,92,8,Need more learning opportunities
E01621,2025-06-30,71.1,64,44,71,77,85,5,Happy with flexibility
E01621,2026-06-30,69.6,65,66,59,64,78,0,Need more learning opportunities
E01622,2025-06-30,70.8,68,79,45,95,69,3,Happy with flexibility
E01622,2026-06-30,66.8,61,69,49,79,77,4,Strong team culture
E01623,2025-06-30,61.8,79,51,44,63,80,9,Compensation could improve
E01623,2026-06-30,70.2,70,62,81,54,76,4,Good manager support
E01624,2025-06-30,72.8,67,52,79,80,94,6,Happy with flexibility
E01624,2026-06-30,56.4,78,47,59,68,70,7,Need more learning opportunities
E01625,2025-06-30,78.9,88,77,62,61,83,4,Happy with flexibility
E01625,2026-06-30,59.0,48,53,58,58,84,4,Happy with flexibility
E01626,2025-06-30,63.0,54,63,64,53,79,8,Strong team culture
E01626,2026-06-30,84.7,81,72,78,78,94,2,Workload is high
E01627,2025-06-30,73.6,90,57,69,69,77,6,Strong team culture
E01627,2026-06-30,83.0,83,60,89,86,84,3,Happy with flexibility
E01628,2025-06-30,72.8,73,50,72,53,87,6,Need clearer career path
E01628,2026-06-30,71.7,79,66,91,62,84,9,Strong team culture
E01629,2025-06-30,69.3,47,83,72,61,74,9,No comment
E01629,2026-06-30,62.5,88,63,50,55,60,9,Good manager support
E01630,2025-06-30,80.5,87,84,84,64,57,7,Happy with flexibility
E01630,2026-06-30,55.1,87,49,47,45,51,0,No comment
E01631,2025-06-30,72.7,66,70,46,82,86,0,Need more learning opportunities
E01631,2026-06-30,77.1,90,52,90,76,75,4,Happy with flexibility
E01633,2025-06-30,69.9,84,53,46,80,89,9,Happy with flexibility
E01633,2026-06-30,70.1,49,92,54,76,79,3,Need more learning opportunities
E01634,2025-06-30,64.8,62,41,53,81,96,7,Workload is high
E01634,2026-06-30,66.1,68,70,81,42,70,10,Happy with flexibility
E01635,2025-06-30,66.2,57,93,63,50,47,10,Need more learning opportunities
E01635,2026-06-30,75.3,61,88,81,62,58,7,Strong team culture
E01637,2025-06-30,74.6,91,72,59,61,57,2,Strong team culture
E01637,2026-06-30,66.8,51,74,60,95,45,5,Strong team culture
E01638,2025-06-30,58.3,48,47,72,49,47,3,No comment
E01638,2026-06-30,71.5,79,61,67,58,89,9,Need more learning opportunities
E01639,2025-06-30,71.4,88,70,61,63,67,1,Happy with flexibility
E01639,2026-06-30,62.9,60,71,75,55,89,0,Happy with flexibility
E01640,2025-06-30,62.7,74,62,88,55,49,9,Need clearer career path
E01640,2026-06-30,78.8,86,44,58,94,90,3,Happy with flexibility
E01641,2025-06-30,72.1,56,77,68,59,80,4,Workload is high
E01641,2026-06-30,60.9,52,87,54,68,57,1,No comment
E01642,2025-06-30,56.3,60,53,80,71,54,2,Workload is high
E01642,2026-06-30,64.5,47,86,70,56,64,2,Need more learning opportunities
E01643,2025-06-30,61.9,84,84,54,43,62,2,No comment
E01643,2026-06-30,68.9,48,74,91,75,65,10,Compensation could improve
E01644,2025-06-30,55.4,49,91,50,78,52,5,Happy with flexibility
E01644,2026-06-30,55.4,69,53,56,65,47,5,Need more learning opportunities
E01645,2025-06-30,80.8,86,86,55,81,92,3,Need more learning opportunities
E01645,2026-06-30,61.4,89,86,41,40,71,0,Need more learning opportunities
E01647,2025-06-30,71.2,76,62,66,86,64,4,Need clearer career path
E01647,2026-06-30,72.2,62,92,73,50,83,4,Strong team culture
E01649,2025-06-30,74.2,91,62,88,58,73,3,Good manager support
E01649,2026-06-30,58.7,78,49,39,75,76,3,Compensation could improve
E01650,2025-06-30,74.2,61,95,42,55,88,2,Good manager support
E01650,2026-06-30,63.6,73,50,70,69,82,5,Compensation could improve
E01652,2025-06-30,72.0,93,62,76,57,66,4,Strong team culture
E01652,2026-06-30,64.6,90,66,38,67,90,3,Happy with flexibility
E01654,2025-06-30,62.4,71,46,39,85,75,2,Strong team culture
E01654,2026-06-30,63.8,55,71,39,53,90,6,Good manager support
E01655,2025-06-30,70.5,91,55,54,74,87,8,Workload is high
E01655,2026-06-30,74.9,70,42,78,84,82,6,Workload is high
E01657,2025-06-30,63.2,72,51,48,58,89,1,Compensation could improve
E01657,2026-06-30,74.6,82,44,72,85,61,9,Workload is high
E01658,2025-06-30,71.6,65,68,92,41,66,0,Need clearer career path
E01658,2026-06-30,78.4,62,66,68,91,94,6,Good manager support
E01659,2025-06-30,70.2,53,90,40,83,87,3,Strong team culture
E01659,2026-06-30,79.9,86,93,48,75,91,0,Compensation could improve
E01660,2025-06-30,50.8,71,45,52,41,81,4,Need clearer career path
E01660,2026-06-30,67.1,69,84,79,79,49,3,Happy with flexibility
E01661,2025-06-30,73.8,84,76,64,44,78,5,Need clearer career path
E01661,2026-06-30,69.6,68,86,43,96,50,8,No comment
E01662,2025-06-30,76.7,87,93,83,87,50,5,No comment
E01662,2026-06-30,77.6,58,67,87,66,89,8,Workload is high
E01663,2025-06-30,76.5,46,77,79,71,78,8,Good manager support
E01663,2026-06-30,65.6,61,52,59,92,91,7,Need clearer career path
E01665,2025-06-30,75.8,83,62,73,80,90,1,Workload is high
E01665,2026-06-30,82.4,55,91,80,87,95,5,Need clearer career path
E01666,2025-06-30,66.0,46,89,43,55,81,7,Compensation could improve
E01666,2026-06-30,74.0,92,95,54,74,50,9,Need clearer career path
E01667,2025-06-30,59.0,45,51,65,95,65,7,Good manager support
E01667,2026-06-30,66.4,67,54,64,59,94,2,Need more learning opportunities
E01668,2026-06-30,78.3,90,79,58,96,74,8,Workload is high
E01669,2025-06-30,63.8,54,50,52,84,60,0,Need clearer career path
E01670,2025-06-30,70.4,66,82,55,63,97,1,No comment
E01670,2026-06-30,72.7,55,71,84,72,82,2,No comment
E01671,2025-06-30,70.1,83,51,78,72,92,0,Need more learning opportunities
E01671,2026-06-30,67.3,54,44,77,75,61,0,Strong team culture
E01673,2025-06-30,43.9,53,51,48,57,66,8,Happy with flexibility
E01673,2026-06-30,66.5,90,46,59,73,71,7,Need clearer career path
E01674,2025-06-30,72.7,77,75,46,85,69,0,Compensation could improve
E01674,2026-06-30,65.5,51,66,58,52,84,7,Need clearer career path
E01675,2025-06-30,62.2,78,61,71,77,46,9,Happy with flexibility
E01675,2026-06-30,51.0,53,43,52,61,57,10,Need more learning opportunities
E01676,2025-06-30,81.1,83,81,71,80,80,3,Compensation could improve
E01676,2026-06-30,65.4,58,59,80,54,61,2,Happy with flexibility
E01677,2025-06-30,80.8,92,56,84,74,79,5,Need clearer career path
E01677,2026-06-30,76.4,50,67,73,94,75,4,Compensation could improve
E01678,2025-06-30,58.2,80,80,45,60,53,9,Strong team culture
E01678,2026-06-30,69.4,58,63,78,67,71,6,Good manager support
E01679,2025-06-30,54.6,86,49,62,50,58,5,Compensation could improve
E01679,2026-06-30,72.5,66,78,84,55,73,3,Compensation could improve
E01680,2025-06-30,61.3,46,74,57,63,64,7,Workload is high
E01680,2026-06-30,52.6,61,81,51,40,55,4,Compensation could improve
E01681,2025-06-30,57.7,55,71,60,43,62,1,Workload is high
E01681,2026-06-30,52.1,85,56,46,46,51,3,Need more learning opportunities
E01682,2025-06-30,68.2,51,52,84,74,76,10,No comment
E01682,2026-06-30,62.9,52,83,42,81,55,10,Compensation could improve
E01684,2026-06-30,79.1,47,89,92,62,76,3,No comment
E01685,2025-06-30,77.6,69,84,84,66,97,9,Need more learning opportunities
E01685,2026-06-30,79.1,87,95,47,49,97,5,No comment
E01686,2025-06-30,67.8,59,57,67,95,60,5,Workload is high
E01687,2025-06-30,71.1,94,64,39,86,90,9,Happy with flexibility
E01687,2026-06-30,64.5,91,55,45,54,72,2,Compensation could improve
E01689,2025-06-30,67.4,74,91,58,92,47,6,Need clearer career path
E01689,2026-06-30,46.1,48,53,42,46,53,4,Good manager support
E01690,2026-06-30,75.9,59,48,85,59,94,2,No comment
E01691,2025-06-30,65.5,54,71,54,57,90,4,Need more learning opportunities
E01691,2026-06-30,70.2,95,87,58,50,80,2,Compensation could improve
E01692,2025-06-30,78.1,57,84,91,95,72,4,Happy with flexibility
E01692,2026-06-30,80.4,79,95,40,77,96,0,Workload is high
E01693,2026-06-30,68.3,71,81,89,60,48,7,Good manager support
E01694,2026-06-30,78.8,88,62,47,94,71,10,Compensation could improve
E01695,2025-06-30,68.1,66,79,75,54,88,7,Workload is high
E01696,2025-06-30,67.3,52,77,64,52,95,5,Good manager support
E01696,2026-06-30,83.5,91,85,57,77,78,8,Workload is high
E01697,2025-06-30,54.8,65,82,39,67,56,7,Need clearer career path
E01697,2026-06-30,66.4,83,89,66,47,77,8,Workload is high
E01699,2025-06-30,57.0,73,53,71,44,77,5,Need clearer career path
E01699,2026-06-30,65.3,94,57,47,95,50,3,Need clearer career path
E01700,2025-06-30,61.4,49,45,61,78,66,9,Compensation could improve
E01700,2026-06-30,65.8,78,67,40,56,84,5,Need more learning opportunities
E01701,2025-06-30,70.1,54,85,90,44,83,7,Strong team culture
E01701,2026-06-30,65.5,83,89,46,74,83,4,Workload is high
E01703,2025-06-30,79.1,92,73,49,82,83,4,Good manager support
E01703,2026-06-30,66.8,54,59,64,66,77,5,Need clearer career path
E01704,2026-06-30,72.2,81,81,50,86,55,7,Workload is high
E01705,2025-06-30,82.2,58,53,80,96,79,1,Good manager support
E01705,2026-06-30,67.1,73,42,46,72,93,10,Good manager support
E01706,2025-06-30,68.7,82,51,79,65,98,7,Compensation could improve
E01706,2026-06-30,75.9,85,74,57,70,60,2,Compensation could improve
E01708,2025-06-30,54.2,64,45,54,53,79,9,Happy with flexibility
E01708,2026-06-30,80.9,71,95,86,54,74,6,Need more learning opportunities
E01709,2025-06-30,62.0,70,58,56,79,47,5,Need clearer career path
E01709,2026-06-30,63.3,81,92,84,51,45,10,Strong team culture
E01711,2025-06-30,69.9,78,64,59,63,71,9,Strong team culture
E01711,2026-06-30,77.7,91,63,71,43,46,10,No comment
E01712,2025-06-30,75.2,55,83,76,51,86,3,Workload is high
E01712,2026-06-30,66.7,59,45,51,88,69,6,Strong team culture
E01713,2025-06-30,77.0,50,73,89,52,78,2,Strong team culture
E01713,2026-06-30,71.5,92,84,66,47,58,9,Compensation could improve
E01714,2025-06-30,78.4,52,85,92,84,85,1,Happy with flexibility
E01714,2026-06-30,72.9,60,55,62,72,93,9,Compensation could improve
E01715,2026-06-30,77.5,95,67,73,49,80,7,Compensation could improve
E01716,2025-06-30,74.6,49,83,84,59,94,8,Compensation could improve
E01716,2026-06-30,74.7,91,76,57,80,83,1,Strong team culture
E01717,2025-06-30,65.2,92,60,63,47,49,2,Compensation could improve
E01717,2026-06-30,58.1,66,60,72,74,45,7,Good manager support
E01718,2025-06-30,73.2,95,89,53,96,52,10,Workload is high
E01718,2026-06-30,64.0,77,45,80,58,88,0,Need more learning opportunities
E01719,2025-06-30,62.6,63,93,38,62,57,6,Strong team culture
E01719,2026-06-30,75.7,76,94,67,68,83,2,Need more learning opportunities
E01720,2025-06-30,79.1,84,74,87,70,83,1,Need more learning opportunities
E01720,2026-06-30,66.0,54,44,89,80,76,9,Need clearer career path
E01721,2025-06-30,63.2,63,47,53,74,91,0,Need clearer career path
E01721,2026-06-30,48.9,45,72,45,40,71,6,Workload is high
E01722,2025-06-30,71.8,85,69,61,93,47,5,Workload is high
E01722,2026-06-30,56.6,73,42,91,42,78,2,Happy with flexibility
E01723,2025-06-30,48.8,47,59,76,66,50,8,Need clearer career path
E01723,2026-06-30,61.4,82,41,48,64,77,8,Need more learning opportunities
E01725,2025-06-30,62.9,61,78,47,53,83,0,Need more learning opportunities
E01725,2026-06-30,58.0,46,41,71,68,87,8,Need clearer career path
E01726,2025-06-30,77.4,85,87,51,95,83,4,Need more learning opportunities
E01726,2026-06-30,71.3,84,61,76,78,69,10,Strong team culture
E01727,2025-06-30,56.4,66,85,45,41,72,3,Strong team culture
E01727,2026-06-30,59.8,53,60,56,72,68,0,Strong team culture
E01728,2026-06-30,75.9,69,42,86,96,78,5,Compensation could improve
E01729,2025-06-30,56.8,76,67,47,41,45,3,No comment
E01729,2026-06-30,52.3,55,51,50,63,91,7,No comment
E01730,2026-06-30,69.9,71,86,38,82,79,4,Strong team culture
E01731,2025-06-30,60.4,80,57,81,52,49,10,Workload is high
E01731,2026-06-30,70.7,58,43,61,68,98,9,Workload is high
E01732,2025-06-30,57.5,60,64,87,46,52,9,Happy with flexibility
E01732,2026-06-30,59.9,85,83,66,49,48,2,No comment
E01733,2025-06-30,76.4,52,68,65,60,96,6,Compensation could improve
E01733,2026-06-30,88.2,81,80,76,96,92,10,Happy with flexibility
E01734,2025-06-30,69.0,53,52,71,70,77,7,Strong team culture
E01734,2026-06-30,70.2,51,86,62,70,46,4,Happy with flexibility
E01735,2025-06-30,64.8,50,88,45,43,80,8,No comment
E01735,2026-06-30,66.0,53,58,63,89,74,5,Need more learning opportunities
E01736,2026-06-30,60.8,60,73,85,80,46,1,Compensation could improve
E01737,2025-06-30,56.0,72,51,41,64,70,9,Need clearer career path
E01737,2026-06-30,62.8,75,66,79,61,80,8,Compensation could improve
E01739,2025-06-30,77.4,75,80,66,78,80,6,Need clearer career path
E01739,2026-06-30,64.3,54,83,85,45,75,5,No comment
E01740,2025-06-30,49.0,49,62,60,55,68,2,Strong team culture
E01740,2026-06-30,64.1,61,63,43,68,65,8,No comment
E01741,2025-06-30,61.9,89,66,74,42,47,8,Strong team culture
E01741,2026-06-30,62.5,46,80,60,66,58,3,Compensation could improve
E01742,2025-06-30,80.0,81,82,75,71,71,4,Strong team culture
E01742,2026-06-30,69.6,50,64,74,53,65,7,Compensation could improve
E01743,2025-06-30,65.0,69,57,80,45,88,9,Good manager support
E01743,2026-06-30,77.9,92,84,80,74,62,7,Happy with flexibility
E01744,2026-06-30,72.5,87,48,68,86,90,4,Workload is high
E01745,2025-06-30,70.5,84,57,53,70,92,1,Need clearer career path
E01746,2025-06-30,71.5,45,87,87,44,95,6,Workload is high
E01746,2026-06-30,67.8,45,76,91,77,65,5,Need more learning opportunities
E01747,2025-06-30,64.7,85,40,55,59,85,9,Compensation could improve
E01747,2026-06-30,74.0,87,71,68,47,94,10,Need more learning opportunities
E01749,2025-06-30,63.0,79,61,46,45,90,5,No comment
E01749,2026-06-30,72.7,94,79,55,81,64,4,Compensation could improve
E01750,2025-06-30,63.6,47,95,65,50,83,0,Good manager support
E01750,2026-06-30,77.5,74,72,68,88,61,0,Workload is high
E01752,2025-06-30,61.9,46,79,68,63,67,10,Need clearer career path
E01752,2026-06-30,68.6,56,65,40,94,96,4,Need clearer career path
E01753,2026-06-30,58.5,58,84,51,43,72,7,Need more learning opportunities
E01754,2025-06-30,76.1,68,78,48,95,78,6,No comment
E01754,2026-06-30,61.2,55,83,48,66,71,9,Strong team culture
E01755,2025-06-30,77.8,93,57,53,92,86,9,Good manager support
E01755,2026-06-30,70.4,79,56,66,74,57,5,Happy with flexibility
E01756,2025-06-30,61.8,89,43,49,51,88,7,Strong team culture
E01756,2026-06-30,68.6,85,74,76,83,61,6,Need clearer career path
E01758,2025-06-30,78.6,81,72,69,91,71,7,Workload is high
E01758,2026-06-30,71.9,61,43,91,94,69,10,No comment
E01759,2025-06-30,76.5,93,68,74,66,68,9,Happy with flexibility
E01759,2026-06-30,68.8,61,54,80,49,97,6,Need clearer career path
E01760,2025-06-30,63.8,51,50,51,85,90,9,Need more learning opportunities
E01760,2026-06-30,56.8,73,50,68,50,71,1,No comment
E01761,2025-06-30,71.4,92,88,58,68,69,5,Happy with flexibility
E01761,2026-06-30,73.7,88,90,63,62,54,6,Strong team culture
E01762,2025-06-30,60.9,68,82,41,63,63,6,Workload is high
E01762,2026-06-30,58.1,65,54,53,48,68,0,Workload is high
E01763,2025-06-30,54.2,48,68,46,44,91,2,Compensation could improve
E01763,2026-06-30,75.0,77,89,59,77,84,9,Need clearer career path
E01764,2025-06-30,70.2,59,60,76,88,82,0,Workload is high
E01764,2026-06-30,55.9,70,68,64,49,51,4,Good manager support
E01765,2026-06-30,75.0,71,49,90,54,95,3,Need more learning opportunities
E01766,2025-06-30,77.1,56,73,72,89,78,8,Need clearer career path
E01766,2026-06-30,74.9,93,57,50,69,96,9,Good manager support
E01767,2025-06-30,60.1,61,42,67,74,61,4,Happy with flexibility
E01767,2026-06-30,72.5,73,73,49,96,51,7,Workload is high
E01768,2025-06-30,65.6,79,47,73,84,51,7,No comment
E01768,2026-06-30,62.1,54,66,57,72,70,5,Compensation could improve
E01769,2025-06-30,61.1,48,61,43,44,64,8,Workload is high
E01769,2026-06-30,81.0,83,66,72,79,90,9,Strong team culture
E01770,2025-06-30,58.2,60,67,40,40,91,9,Need clearer career path
E01770,2026-06-30,69.8,90,49,65,65,96,8,Happy with flexibility
E01771,2025-06-30,55.2,57,52,42,71,60,3,Need clearer career path
E01771,2026-06-30,71.0,89,75,41,80,68,2,Need more learning opportunities
E01772,2025-06-30,64.8,62,63,69,52,56,9,Compensation could improve
E01772,2026-06-30,77.8,69,87,73,61,77,5,Strong team culture
E01773,2025-06-30,69.1,87,64,64,77,48,3,Good manager support
E01773,2026-06-30,65.0,78,52,67,41,92,8,Need clearer career path
E01774,2025-06-30,65.6,61,67,69,85,67,0,Need clearer career path
E01774,2026-06-30,62.3,67,53,78,56,75,3,Strong team culture
E01775,2026-06-30,66.0,74,44,91,59,83,10,Good manager support
E01776,2025-06-30,71.6,62,72,41,96,82,8,Need clearer career path
E01776,2026-06-30,51.4,48,84,58,47,56,9,Workload is high
E01777,2025-06-30,55.3,58,45,72,66,57,2,Compensation could improve
E01777,2026-06-30,70.9,91,51,63,68,56,5,No comment
E01778,2026-06-30,64.6,90,43,43,70,57,1,No comment
E01779,2025-06-30,78.9,91,67,42,90,87,3,Workload is high
E01779,2026-06-30,71.0,53,83,72,86,56,5,Need more learning opportunities
E01780,2025-06-30,70.3,63,80,70,70,98,5,Good manager support
E01780,2026-06-30,70.3,53,74,85,46,66,1,No comment
E01781,2025-06-30,58.8,95,48,45,42,51,6,Need more learning opportunities
E01781,2026-06-30,67.0,64,45,65,47,95,10,Need clearer career path
E01782,2025-06-30,79.6,87,80,59,72,97,9,Workload is high
E01782,2026-06-30,63.4,51,69,89,40,54,5,Need more learning opportunities
E01783,2025-06-30,72.8,89,85,78,57,67,10,Compensation could improve
E01783,2026-06-30,65.8,51,56,74,61,68,5,Happy with flexibility
E01784,2025-06-30,74.6,91,54,82,81,60,9,Need clearer career path
E01784,2026-06-30,82.1,65,90,90,79,59,9,No comment
E01785,2025-06-30,84.2,77,87,90,69,72,1,Happy with flexibility
E01786,2025-06-30,80.2,76,60,45,94,96,9,Compensation could improve
E01786,2026-06-30,61.2,75,52,74,54,48,9,Happy with flexibility
E01787,2025-06-30,72.0,92,92,54,45,92,1,Happy with flexibility
E01787,2026-06-30,69.7,89,88,53,55,76,5,Happy with flexibility
E01788,2025-06-30,72.1,68,72,52,80,96,1,Good manager support
E01788,2026-06-30,60.7,77,63,48,76,50,1,Need clearer career path
E01789,2025-06-30,81.2,58,70,77,85,95,10,Happy with flexibility
E01789,2026-06-30,70.7,80,50,83,59,90,4,Workload is high
E01790,2025-06-30,70.5,92,76,57,69,45,8,Good manager support
E01790,2026-06-30,68.8,86,79,74,48,56,1,Compensation could improve
E01791,2025-06-30,70.8,55,93,76,64,52,10,Need clearer career path
E01791,2026-06-30,66.8,83,91,68,48,75,6,Need clearer career path
E01792,2025-06-30,65.5,49,89,51,58,74,4,Workload is high
E01792,2026-06-30,73.2,61,82,92,56,58,6,Strong team culture
E01793,2025-06-30,68.4,63,51,88,92,52,8,Strong team culture
E01793,2026-06-30,52.2,82,42,41,40,57,3,Good manager support
E01794,2025-06-30,59.4,51,40,43,74,94,8,Need more learning opportunities
E01794,2026-06-30,80.9,81,55,82,86,92,1,Workload is high
E01795,2026-06-30,58.4,69,44,75,58,69,6,Good manager support
E01797,2026-06-30,59.2,84,61,45,45,58,6,Compensation could improve
E01798,2025-06-30,73.9,80,89,76,52,66,9,Happy with flexibility
E01798,2026-06-30,74.2,53,81,78,86,72,5,Workload is high
E01801,2025-06-30,81.8,67,70,65,96,89,9,Need more learning opportunities
E01801,2026-06-30,85.8,93,88,91,56,59,5,Good manager support
E01803,2025-06-30,65.5,53,78,65,77,64,0,Workload is high
E01803,2026-06-30,80.4,91,73,69,83,93,8,No comment
E01804,2025-06-30,69.8,56,64,85,82,65,7,Need more learning opportunities
E01804,2026-06-30,69.5,45,74,87,59,96,1,Strong team culture
E01805,2025-06-30,60.2,71,55,68,69,71,0,Good manager support
E01805,2026-06-30,69.5,92,50,74,50,80,8,Need clearer career path
E01806,2025-06-30,58.9,45,50,69,45,85,3,Good manager support
E01806,2026-06-30,76.3,80,49,76,96,87,6,Need more learning opportunities
E01807,2025-06-30,68.6,90,49,68,80,52,5,Need clearer career path
E01807,2026-06-30,70.8,95,75,54,80,75,7,Compensation could improve
E01808,2025-06-30,68.7,69,68,57,63,92,1,Strong team culture
E01808,2026-06-30,66.6,87,94,40,52,52,8,Good manager support
E01809,2025-06-30,69.3,72,71,61,77,60,7,Need more learning opportunities
E01809,2026-06-30,54.6,56,51,38,43,81,2,No comment
E01810,2025-06-30,65.0,83,81,44,63,71,6,Need more learning opportunities
E01810,2026-06-30,66.0,70,54,58,84,70,2,Need clearer career path
E01811,2025-06-30,73.6,72,46,91,76,92,0,Compensation could improve
E01811,2026-06-30,70.7,58,81,79,93,57,5,Good manager support
E01812,2025-06-30,70.9,65,87,79,40,98,4,No comment
E01812,2026-06-30,58.3,76,51,85,46,48,2,Good manager support
E01813,2025-06-30,64.9,76,58,83,48,77,6,Compensation could improve
E01813,2026-06-30,74.3,84,68,58,91,90,2,Workload is high
E01814,2025-06-30,77.4,85,57,91,93,55,3,Strong team culture
E01814,2026-06-30,72.5,78,83,74,50,53,6,Workload is high
E01816,2025-06-30,71.9,79,62,66,88,65,7,Need more learning opportunities
E01816,2026-06-30,74.1,69,76,64,93,68,5,Good manager support
E01818,2025-06-30,87.4,92,91,70,81,92,2,Need more learning opportunities
E01818,2026-06-30,66.4,74,63,86,45,59,6,No comment
E01819,2026-06-30,68.6,73,58,83,51,89,2,Strong team culture
E01820,2025-06-30,72.4,54,88,85,93,47,5,Workload is high
E01820,2026-06-30,62.1,71,53,76,78,45,5,No comment
E01822,2025-06-30,69.3,66,44,88,44,98,2,Workload is high
E01822,2026-06-30,54.7,73,53,41,40,97,7,Strong team culture
E01823,2025-06-30,61.1,72,62,53,87,66,0,Good manager support
E01823,2026-06-30,65.1,59,69,52,77,59,4,Strong team culture
E01824,2025-06-30,56.0,55,52,83,55,60,0,Good manager support
E01824,2026-06-30,64.4,60,72,67,78,74,4,Happy with flexibility
E01826,2025-06-30,62.5,89,67,56,47,82,0,Need clearer career path
E01826,2026-06-30,55.5,60,51,57,69,55,5,Happy with flexibility
E01827,2025-06-30,63.0,94,61,55,47,54,1,Happy with flexibility
E01827,2026-06-30,73.3,94,40,58,61,91,5,Happy with flexibility
E01828,2026-06-30,50.6,60,63,42,46,82,4,Compensation could improve
E01829,2025-06-30,80.4,84,49,88,71,69,3,Need clearer career path
E01829,2026-06-30,59.0,71,48,52,80,56,0,No comment
E01830,2025-06-30,64.8,73,59,49,43,72,6,Happy with flexibility
E01830,2026-06-30,60.7,46,43,91,43,87,2,Happy with flexibility
E01831,2025-06-30,76.7,95,55,92,57,93,9,Need more learning opportunities
E01831,2026-06-30,74.4,82,94,38,74,96,3,Strong team culture
E01832,2025-06-30,65.8,92,63,62,42,62,8,Good manager support
E01832,2026-06-30,65.0,72,48,88,41,73,9,Good manager support
E01833,2025-06-30,82.4,93,78,69,91,64,4,Need clearer career path
E01833,2026-06-30,62.6,74,75,39,70,72,8,Strong team culture
E01834,2025-06-30,55.6,74,46,57,65,50,8,Need more learning opportunities
E01834,2026-06-30,60.1,52,62,60,45,73,3,Compensation could improve
E01835,2025-06-30,57.1,57,84,38,57,48,1,Strong team culture
E01835,2026-06-30,72.9,66,79,92,45,88,5,Compensation could improve
E01836,2025-06-30,52.8,45,88,47,51,51,3,No comment
E01837,2025-06-30,56.6,52,41,47,47,87,4,Strong team culture
E01837,2026-06-30,60.9,46,79,72,84,57,10,Need clearer career path
E01838,2025-06-30,58.3,57,56,49,72,56,6,Workload is high
E01838,2026-06-30,59.5,66,53,68,51,60,2,Need clearer career path
E01839,2026-06-30,63.8,57,83,71,80,53,1,Need clearer career path
E01843,2025-06-30,64.2,49,77,49,40,88,6,Strong team culture
E01843,2026-06-30,75.1,83,81,49,65,97,5,Need clearer career path
E01844,2025-06-30,72.6,80,71,50,88,85,1,Need clearer career path
E01845,2025-06-30,77.5,67,80,67,80,85,8,Good manager support
E01845,2026-06-30,81.5,91,73,83,53,94,8,Workload is high
E01846,2025-06-30,60.9,85,75,41,79,54,1,Good manager support
E01846,2026-06-30,62.6,47,88,68,42,78,9,Good manager support
E01847,2025-06-30,63.1,69,55,56,93,60,7,Happy with flexibility
E01847,2026-06-30,73.5,76,75,80,59,90,1,Compensation could improve
E01849,2025-06-30,78.4,92,53,70,84,81,1,Need clearer career path
E01849,2026-06-30,68.4,65,52,65,93,58,5,Good manager support
E01851,2026-06-30,63.5,95,73,61,44,58,1,No comment
E01852,2025-06-30,75.8,71,66,89,80,84,4,Strong team culture
E01852,2026-06-30,74.9,76,95,91,44,60,8,Happy with flexibility
E01853,2025-06-30,78.0,74,74,53,77,87,5,Need clearer career path
E01853,2026-06-30,74.0,79,68,89,80,84,1,Need clearer career path
E01855,2025-06-30,73.6,91,93,41,96,54,10,Strong team culture
E01855,2026-06-30,70.8,68,62,38,91,69,4,Good manager support
E01856,2025-06-30,84.2,81,73,70,53,93,6,Need clearer career path
E01856,2026-06-30,66.7,55,77,66,44,78,2,Compensation could improve
E01857,2025-06-30,53.6,88,50,48,42,95,4,Workload is high
E01857,2026-06-30,70.7,47,65,90,42,93,9,Workload is high
E01860,2025-06-30,61.0,83,62,58,51,58,8,Happy with flexibility
E01860,2026-06-30,69.9,72,77,62,69,68,0,No comment
E01861,2025-06-30,70.0,90,88,59,76,54,8,Happy with flexibility
E01861,2026-06-30,66.7,46,79,78,54,92,2,No comment
E01862,2026-06-30,67.8,77,62,45,60,74,6,Workload is high
E01863,2026-06-30,65.9,78,73,60,57,69,7,No comment
E01864,2025-06-30,61.2,64,87,52,57,69,4,Happy with flexibility
E01864,2026-06-30,52.7,57,44,76,53,70,4,Compensation could improve
E01865,2025-06-30,85.4,60,70,90,96,92,9,Strong team culture
E01865,2026-06-30,65.3,50,78,44,64,85,1,Happy with flexibility
E01866,2025-06-30,61.7,62,43,47,82,56,4,Need more learning opportunities
E01867,2025-06-30,75.2,75,84,89,73,47,8,Need clearer career path
E01867,2026-06-30,71.7,93,44,63,77,93,6,Good manager support
E01868,2025-06-30,71.6,56,49,74,94,57,4,Good manager support
E01868,2026-06-30,74.8,77,43,84,59,95,1,Workload is high
E01869,2025-06-30,70.2,62,45,84,64,95,4,Good manager support
E01869,2026-06-30,68.8,90,62,40,72,92,6,Workload is high
E01870,2025-06-30,65.9,91,49,80,46,52,8,Good manager support
E01870,2026-06-30,60.3,90,65,42,61,53,2,Strong team culture
E01871,2025-06-30,60.9,54,41,64,66,88,8,Workload is high
E01871,2026-06-30,77.8,64,87,76,86,76,5,No comment
E01872,2025-06-30,80.3,60,89,71,82,87,10,Happy with flexibility
E01872,2026-06-30,55.4,61,53,42,52,52,5,Good manager support
E01873,2026-06-30,71.7,74,91,43,94,71,0,Need clearer career path
E01874,2025-06-30,54.1,57,62,52,71,62,8,Need clearer career path
E01874,2026-06-30,78.8,79,92,78,75,90,0,No comment
E01875,2026-06-30,57.2,70,40,60,73,56,8,No comment
E01877,2025-06-30,76.7,50,42,88,93,86,6,No comment
E01877,2026-06-30,60.3,77,45,52,58,75,9,Need clearer career path
E01878,2025-06-30,68.9,74,57,63,76,83,10,Need more learning opportunities
E01878,2026-06-30,77.8,84,70,86,81,61,0,Good manager support
E01879,2025-06-30,76.7,94,52,88,66,95,5,Good manager support
E01879,2026-06-30,72.4,71,69,52,82,55,5,Good manager support
E01881,2025-06-30,73.5,61,41,86,60,92,9,Workload is high
E01881,2026-06-30,90.0,59,63,92,63,97,9,Strong team culture
E01882,2025-06-30,70.1,78,78,82,63,54,4,Compensation could improve
E01882,2026-06-30,65.4,78,46,91,69,59,0,Workload is high
E01883,2025-06-30,69.3,73,46,77,92,71,9,Workload is high
E01884,2025-06-30,57.2,67,57,39,60,72,4,Strong team culture
E01884,2026-06-30,64.0,59,94,46,66,63,1,No comment
E01885,2025-06-30,87.2,82,95,81,61,95,4,Compensation could improve
E01885,2026-06-30,72.7,83,73,51,82,82,8,Need more learning opportunities
E01886,2025-06-30,68.1,56,51,77,58,88,4,Good manager support
E01886,2026-06-30,66.8,50,61,54,76,68,9,Workload is high
E01887,2025-06-30,67.1,64,68,81,52,59,1,Happy with flexibility
E01887,2026-06-30,79.7,72,62,90,67,90,0,Happy with flexibility
E01888,2025-06-30,77.2,86,76,70,92,86,8,Need more learning opportunities
E01888,2026-06-30,70.5,86,81,80,81,52,3,Need more learning opportunities
E01889,2025-06-30,64.4,46,76,53,43,65,2,Workload is high
E01889,2026-06-30,73.5,89,67,82,84,54,2,Compensation could improve
E01890,2025-06-30,66.5,52,44,50,88,83,8,Workload is high
E01890,2026-06-30,77.7,90,52,77,81,80,4,Happy with flexibility
E01891,2025-06-30,78.5,67,67,84,72,75,8,Workload is high
E01891,2026-06-30,73.3,80,69,65,74,97,10,Good manager support
E01892,2026-06-30,72.6,64,40,91,77,78,4,Need clearer career path
E01893,2025-06-30,60.5,56,54,57,72,78,6,Good manager support
E01893,2026-06-30,55.5,59,54,40,57,68,9,Workload is high
E01894,2026-06-30,54.9,49,44,43,52,57,10,No comment
E01895,2025-06-30,80.5,94,67,79,90,79,3,Happy with flexibility
E01895,2026-06-30,69.3,91,90,69,64,45,4,Happy with flexibility
E01896,2025-06-30,77.5,60,57,85,85,88,4,No comment
E01896,2026-06-30,71.9,68,83,81,52,71,3,Strong team culture
E01897,2025-06-30,70.2,65,74,90,81,75,7,No comment
E01897,2026-06-30,61.7,57,46,78,41,98,0,Workload is high
E01898,2026-06-30,75.3,61,58,91,94,97,2,Need clearer career path
E01899,2025-06-30,66.9,95,80,58,57,50,10,Strong team culture
E01899,2026-06-30,67.5,78,82,52,88,48,2,Need clearer career path
E01900,2025-06-30,66.8,82,69,42,64,72,0,Workload is high
E01900,2026-06-30,69.9,67,89,84,55,47,3,Happy with flexibility
E01901,2025-06-30,63.8,65,55,65,71,64,0,Strong team culture
E01901,2026-06-30,67.6,83,57,54,51,94,10,Workload is high
E01902,2025-06-30,67.8,60,91,63,70,71,8,Happy with flexibility
E01902,2026-06-30,60.4,73,40,63,41,56,4,Good manager support
E01903,2025-06-30,68.2,54,86,81,47,82,0,Good manager support
E01903,2026-06-30,74.8,61,75,83,68,67,6,No comment
E01904,2025-06-30,79.0,83,63,70,82,84,1,Workload is high
E01904,2026-06-30,71.2,65,61,92,51,83,2,Need clearer career path
E01905,2025-06-30,55.0,53,47,57,47,48,10,Good manager support
E01905,2026-06-30,57.5,57,63,85,69,55,10,Workload is high
E01907,2025-06-30,74.7,81,66,87,78,59,9,Need clearer career path
E01907,2026-06-30,58.6,71,84,62,47,63,6,No comment
E01908,2025-06-30,82.6,81,78,62,58,97,6,Compensation could improve
E01908,2026-06-30,73.6,92,57,46,76,85,3,Need clearer career path
E01909,2025-06-30,63.6,70,51,53,57,65,2,Workload is high
E01909,2026-06-30,70.4,64,59,62,90,97,6,Need clearer career path
E01910,2025-06-30,59.3,50,52,63,77,89,7,No comment
E01910,2026-06-30,77.5,86,89,60,74,75,0,Need more learning opportunities
E01911,2025-06-30,80.5,77,94,82,50,86,8,Compensation could improve
E01911,2026-06-30,67.7,83,79,40,53,79,1,Workload is high
E01912,2025-06-30,81.1,54,77,86,88,94,4,Need more learning opportunities
E01912,2026-06-30,65.1,74,52,87,47,56,9,Workload is high
E01913,2025-06-30,57.5,64,68,58,56,57,9,No comment
E01913,2026-06-30,79.7,92,81,70,94,78,3,Strong team culture
E01914,2025-06-30,78.4,92,83,70,86,89,3,Need more learning opportunities
E01916,2025-06-30,75.7,81,54,51,89,81,8,Need more learning opportunities
E01916,2026-06-30,68.8,82,68,43,90,65,7,Good manager support
E01918,2025-06-30,76.4,84,91,51,74,91,0,No comment
E01918,2026-06-30,63.5,80,44,88,58,45,10,Happy with flexibility
E01919,2025-06-30,63.8,91,47,70,43,56,5,Workload is high
E01921,2025-06-30,73.5,90,86,69,64,63,6,Compensation could improve
E01921,2026-06-30,57.7,46,81,84,62,55,6,No comment
E01922,2025-06-30,72.3,51,90,62,64,78,4,Good manager support
E01922,2026-06-30,72.6,48,62,55,74,83,1,Need clearer career path
E01923,2025-06-30,65.6,64,93,49,86,55,1,Compensation could improve
E01923,2026-06-30,61.1,46,55,62,80,54,4,Need more learning opportunities
E01924,2025-06-30,72.7,47,40,76,72,91,1,Workload is high
E01924,2026-06-30,76.3,70,88,43,73,86,9,Good manager support
E01925,2025-06-30,58.8,70,46,59,49,95,6,Good manager support
E01925,2026-06-30,67.9,84,64,50,81,79,8,Need clearer career path
E01926,2025-06-30,62.8,78,70,80,50,62,9,Compensation could improve
E01926,2026-06-30,75.8,82,57,90,82,84,2,Need more learning opportunities
E01927,2026-06-30,76.7,76,89,67,94,58,8,Compensation could improve
E01928,2025-06-30,65.8,54,80,49,54,57,9,Compensation could improve
E01928,2026-06-30,72.8,68,59,51,81,96,10,No comment
E01929,2025-06-30,55.2,47,73,53,49,62,0,Strong team culture
E01929,2026-06-30,82.3,67,55,86,86,94,4,Workload is high
E01930,2025-06-30,63.5,66,51,72,57,69,6,Good manager support
E01930,2026-06-30,56.8,66,58,52,41,64,0,Workload is high
E01932,2025-06-30,68.5,59,71,59,63,97,4,Strong team culture
E01932,2026-06-30,69.8,86,51,58,68,95,3,Need clearer career path
E01933,2025-06-30,69.4,64,80,52,72,64,10,Happy with flexibility
E01933,2026-06-30,70.0,64,90,71,66,67,0,Strong team culture
E01934,2025-06-30,80.7,57,89,61,89,76,5,Good manager support
E01934,2026-06-30,70.1,54,90,74,52,82,1,Good manager support
E01935,2025-06-30,72.3,58,94,87,44,50,0,No comment
E01935,2026-06-30,72.2,65,73,90,95,71,10,Strong team culture
E01936,2025-06-30,85.9,92,88,88,92,64,4,Workload is high
E01936,2026-06-30,70.1,91,48,44,85,48,5,Need more learning opportunities
E01937,2025-06-30,70.0,94,66,92,57,47,8,Happy with flexibility
E01937,2026-06-30,52.1,47,57,58,60,48,1,Good manager support
E01938,2025-06-30,58.7,67,45,49,57,88,10,Strong team culture
E01938,2026-06-30,74.9,74,77,46,65,97,8,Need more learning opportunities
E01939,2025-06-30,73.0,73,73,39,71,83,1,Good manager support
E01939,2026-06-30,69.1,81,66,75,77,47,10,Happy with flexibility
E01940,2025-06-30,73.1,93,81,41,59,94,5,No comment
E01940,2026-06-30,60.7,63,73,81,44,67,1,Need clearer career path
E01941,2025-06-30,60.0,67,41,83,44,64,0,Strong team culture
E01941,2026-06-30,80.7,58,89,59,92,82,0,Workload is high
E01942,2025-06-30,87.0,92,70,92,72,95,2,No comment
E01942,2026-06-30,66.1,70,63,61,53,58,5,Strong team culture
E01943,2025-06-30,73.4,64,56,88,81,53,1,No comment
E01943,2026-06-30,70.3,82,58,69,78,75,9,No comment
E01944,2025-06-30,77.8,91,74,41,86,96,10,Compensation could improve
E01944,2026-06-30,66.5,62,80,48,82,55,9,Compensation could improve
E01945,2025-06-30,54.5,87,56,44,57,56,3,Compensation could improve
E01945,2026-06-30,79.6,69,80,68,80,84,2,Strong team culture
E01946,2025-06-30,68.0,71,71,76,41,65,4,Happy with flexibility
E01946,2026-06-30,67.5,57,71,53,76,92,7,Good manager support
E01948,2025-06-30,69.9,71,80,53,79,95,8,Need more learning opportunities
E01948,2026-06-30,54.0,47,57,38,54,51,10,Compensation could improve
E01949,2026-06-30,78.3,70,93,69,88,63,8,No comment
E01950,2025-06-30,63.9,66,76,51,71,67,7,Need clearer career path
E01950,2026-06-30,71.1,75,85,59,46,80,7,Need clearer career path
E01951,2026-06-30,84.8,70,91,80,87,95,5,No comment
E01952,2025-06-30,69.1,80,68,65,70,54,5,Need clearer career path
E01952,2026-06-30,65.4,72,67,47,70,67,1,Good manager support
E01953,2025-06-30,70.7,94,75,61,70,86,5,Happy with flexibility
E01953,2026-06-30,60.4,82,56,54,79,53,1,Good manager support
E01955,2026-06-30,74.3,92,45,81,53,76,1,No comment
E01956,2026-06-30,85.1,66,81,87,82,84,9,Compensation could improve
E01957,2025-06-30,75.4,70,78,69,76,64,4,Need clearer career path
E01957,2026-06-30,73.0,85,72,80,91,56,0,Need more learning opportunities
E01958,2025-06-30,75.3,79,80,66,84,63,8,Need clearer career path
E01958,2026-06-30,70.4,84,92,66,40,60,5,Compensation could improve
E01959,2025-06-30,82.9,89,91,78,95,71,0,Need more learning opportunities
E01959,2026-06-30,67.4,71,58,47,78,58,7,Workload is high
E01960,2025-06-30,70.1,69,53,50,93,77,0,No comment
E01960,2026-06-30,70.0,65,74,64,46,81,0,Need more learning opportunities
E01961,2025-06-30,72.3,77,44,70,69,91,4,Strong team culture
E01961,2026-06-30,69.4,50,78,63,64,92,7,Need clearer career path
E01962,2025-06-30,75.2,62,71,82,51,70,6,Good manager support
E01962,2026-06-30,72.1,70,85,77,40,81,3,Happy with flexibility
E01963,2025-06-30,77.7,69,62,71,78,65,5,Good manager support
E01963,2026-06-30,72.4,82,78,69,66,67,3,Compensation could improve
E01964,2025-06-30,59.5,59,69,54,87,79,1,Need more learning opportunities
E01964,2026-06-30,64.9,83,54,81,42,76,7,Need more learning opportunities
E01965,2025-06-30,70.4,89,55,92,54,74,5,No comment
E01965,2026-06-30,57.7,93,50,57,48,49,5,Happy with flexibility
E01966,2025-06-30,66.5,64,82,43,63,54,0,Good manager support
E01966,2026-06-30,53.7,47,53,55,87,48,0,Workload is high
E01968,2025-06-30,63.1,79,74,46,72,49,10,Strong team culture
E01968,2026-06-30,80.0,67,88,92,76,69,6,Compensation could improve
E01969,2025-06-30,65.5,47,65,54,65,83,2,Good manager support
E01969,2026-06-30,73.6,45,73,65,92,96,8,Need more learning opportunities
E01970,2025-06-30,68.4,77,65,44,84,66,5,No comment
E01970,2026-06-30,77.7,87,88,57,96,66,3,Good manager support
E01971,2026-06-30,52.0,52,53,39,84,58,1,Workload is high
E01972,2025-06-30,69.3,80,87,71,48,46,7,Happy with flexibility
E01972,2026-06-30,60.1,52,57,65,80,68,2,Good manager support
E01973,2025-06-30,63.6,56,93,48,68,71,3,Need more learning opportunities
E01973,2026-06-30,83.6,87,87,92,81,82,1,Need clearer career path
E01974,2025-06-30,62.6,50,76,39,90,48,0,Happy with flexibility
E01974,2026-06-30,63.9,58,52,41,75,65,8,Workload is high
E01975,2025-06-30,59.4,55,67,62,64,49,1,No comment
E01975,2026-06-30,70.1,56,72,84,67,61,2,Compensation could improve
E01976,2025-06-30,59.8,67,83,38,57,65,8,Compensation could improve
E01976,2026-06-30,69.4,77,89,62,73,62,9,Strong team culture
E01977,2025-06-30,64.0,58,72,41,46,56,7,Need clearer career path
E01977,2026-06-30,71.3,83,45,49,62,95,5,Workload is high
E01978,2025-06-30,69.2,83,49,38,96,78,6,Need more learning opportunities
E01979,2025-06-30,69.6,80,83,72,46,87,9,Happy with flexibility
E01979,2026-06-30,64.1,83,43,60,73,62,4,Need more learning opportunities
E01980,2025-06-30,81.3,93,79,85,85,55,5,Workload is high
E01980,2026-06-30,70.8,95,82,70,53,74,8,Compensation could improve
E01981,2025-06-30,80.1,80,91,65,56,94,8,Compensation could improve
E01981,2026-06-30,62.5,57,83,59,44,84,10,Need more learning opportunities
E01982,2025-06-30,79.4,88,81,70,93,61,10,Happy with flexibility
E01982,2026-06-30,78.0,60,65,88,83,54,9,Happy with flexibility
E01983,2025-06-30,62.6,59,94,83,46,52,1,Compensation could improve
E01983,2026-06-30,55.9,62,53,81,48,49,8,Happy with flexibility
E01984,2025-06-30,65.8,65,52,71,80,87,4,Good manager support
E01984,2026-06-30,69.8,57,83,92,53,57,10,Need more learning opportunities
E01985,2025-06-30,73.8,81,79,87,62,86,2,Workload is high
E01985,2026-06-30,73.0,57,71,76,49,98,1,Compensation could improve
E01986,2025-06-30,78.1,46,50,80,91,83,4,Good manager support
E01986,2026-06-30,67.2,92,40,80,69,80,10,Workload is high
E01987,2025-06-30,62.6,59,48,86,62,75,10,No comment
E01987,2026-06-30,81.6,83,75,55,86,86,5,Compensation could improve
E01988,2025-06-30,76.1,57,90,61,62,92,5,Workload is high
E01988,2026-06-30,62.3,63,71,68,53,88,6,Good manager support
E01989,2025-06-30,62.2,70,48,65,57,82,4,Strong team culture
E01989,2026-06-30,61.5,66,57,77,78,46,4,Strong team culture
E01990,2025-06-30,70.7,94,72,60,61,61,8,Compensation could improve
E01990,2026-06-30,73.7,72,89,73,80,71,6,Compensation could improve
E01991,2025-06-30,61.0,48,82,47,67,57,9,Happy with flexibility
E01991,2026-06-30,77.1,77,94,70,57,93,1,No comment
E01992,2026-06-30,66.8,81,55,48,59,97,10,No comment
E01993,2025-06-30,79.4,79,95,63,84,65,7,Happy with flexibility
E01993,2026-06-30,60.3,56,55,39,69,85,4,Compensation could improve
E01994,2025-06-30,58.1,74,55,64,46,61,10,Workload is high
E01994,2026-06-30,76.9,86,68,89,88,61,2,No comment
E01995,2025-06-30,70.4,70,68,63,71,66,3,Need clearer career path
E01995,2026-06-30,55.3,55,52,50,69,52,7,Strong team culture
E01996,2026-06-30,52.2,46,61,41,50,85,3,Happy with flexibility
E01998,2025-06-30,55.1,49,71,50,75,56,2,Strong team culture
E01998,2026-06-30,72.4,88,72,79,75,53,8,Strong team culture
E02000,2025-06-30,68.0,63,46,92,47,57,9,No comment
E02000,2026-06-30,59.0,51,75,56,61,46,6,Workload is high
E02001,2025-06-30,79.7,62,81,80,83,96,2,Happy with flexibility
E02001,2026-06-30,66.6,84,80,46,57,60,4,No comment
E02002,2025-06-30,73.5,77,90,66,67,69,2,Workload is high
E02002,2026-06-30,83.9,94,66,65,74,88,2,No comment
E02003,2025-06-30,52.6,45,61,50,54,76,3,Good manager support
E02003,2026-06-30,86.7,67,84,82,89,88,5,Need more learning opportunities
E02005,2026-06-30,75.1,55,42,78,91,95,8,No comment
E02006,2025-06-30,61.5,59,42,89,69,67,9,No comment
E02006,2026-06-30,56.6,95,44,42,57,58,6,Need clearer career path
E02007,2025-06-30,61.4,72,73,62,40,91,0,Happy with flexibility
E02007,2026-06-30,73.7,60,92,91,67,90,6,Need more learning opportunities
E02008,2026-06-30,67.8,61,59,59,86,60,10,Workload is high
E02009,2025-06-30,69.5,87,65,81,58,71,4,Happy with flexibility
E02009,2026-06-30,75.9,74,44,71,92,92,8,Compensation could improve
E02010,2025-06-30,76.0,86,54,80,70,74,0,Workload is high
E02010,2026-06-30,77.3,75,67,91,61,87,10,Need clearer career path
E02011,2025-06-30,69.6,62,92,47,53,59,5,No comment
E02011,2026-06-30,64.8,47,57,81,94,50,6,Happy with flexibility
E02012,2025-06-30,69.2,50,92,69,51,50,4,Happy with flexibility
E02012,2026-06-30,88.2,91,93,82,89,89,6,Strong team culture
E02013,2026-06-30,75.9,78,80,57,88,65,0,Need clearer career path
E02014,2025-06-30,78.9,60,75,88,80,92,4,Happy with flexibility
E02014,2026-06-30,80.6,94,68,82,93,66,8,Good manager support
E02015,2025-06-30,74.5,85,88,87,55,51,1,Good manager support
E02015,2026-06-30,69.8,70,47,43,96,68,9,Need clearer career path
E02016,2025-06-30,65.0,91,49,61,63,52,7,Happy with flexibility
E02016,2026-06-30,60.8,76,40,54,52,72,1,Compensation could improve
E02017,2025-06-30,83.6,84,94,75,72,60,6,Workload is high
E02017,2026-06-30,74.7,52,72,64,84,53,6,Need clearer career path
E02018,2025-06-30,80.9,89,85,69,56,89,0,Happy with flexibility
E02018,2026-06-30,82.2,83,90,39,78,80,7,Workload is high
E02019,2025-06-30,80.9,93,79,82,71,93,7,Happy with flexibility
E02019,2026-06-30,78.2,76,59,64,96,88,1,No comment
E02020,2026-06-30,69.1,51,80,85,42,66,1,No comment
E02021,2025-06-30,75.7,83,42,80,95,87,7,Happy with flexibility
E02021,2026-06-30,77.3,79,56,46,79,88,7,Compensation could improve
E02022,2025-06-30,54.4,83,66,39,62,48,3,Good manager support
E02022,2026-06-30,73.2,76,75,68,84,53,2,Need more learning opportunities
E02023,2025-06-30,76.8,86,90,75,67,61,0,Compensation could improve
E02023,2026-06-30,78.9,58,87,80,91,84,1,Need clearer career path
E02024,2025-06-30,86.1,87,89,60,81,87,6,Compensation could improve
E02024,2026-06-30,75.4,70,57,86,90,89,2,Workload is high
E02025,2026-06-30,77.8,75,76,62,78,95,8,Need clearer career path
E02026,2025-06-30,84.9,76,90,91,90,83,2,Need clearer career path
E02026,2026-06-30,65.4,68,44,67,86,71,3,Workload is high
E02027,2025-06-30,65.9,70,59,80,63,49,5,Need more learning opportunities
E02027,2026-06-30,59.9,46,43,59,72,87,10,Need more learning opportunities
E02028,2025-06-30,57.9,51,41,80,85,45,9,Happy with flexibility
E02028,2026-06-30,67.8,57,45,79,89,66,10,Workload is high
E02030,2025-06-30,62.9,51,89,64,60,60,0,Compensation could improve
E02030,2026-06-30,64.1,67,62,83,65,59,9,Happy with flexibility
E02031,2025-06-30,67.6,67,80,73,54,68,1,Strong team culture
E02031,2026-06-30,67.7,59,78,79,66,58,4,No comment
E02035,2025-06-30,70.4,74,83,70,56,71,6,Compensation could improve
E02035,2026-06-30,78.2,94,70,60,85,85,4,Need more learning opportunities
E02036,2025-06-30,73.8,91,58,61,73,81,9,Strong team culture
E02036,2026-06-30,62.9,45,61,76,90,52,2,Workload is high
E02038,2025-06-30,70.3,93,43,76,88,66,9,Good manager support
E02038,2026-06-30,62.8,93,55,39,42,66,10,No comment
E02039,2025-06-30,73.1,88,68,82,79,50,5,Good manager support
E02039,2026-06-30,74.7,75,49,80,94,77,5,Happy with flexibility
E02041,2025-06-30,68.2,70,62,49,46,94,5,Need clearer career path
E02041,2026-06-30,67.7,49,79,80,74,61,9,Happy with flexibility
E02042,2025-06-30,66.5,46,79,71,88,62,7,Strong team culture
E02043,2025-06-30,57.2,62,46,68,63,46,6,Compensation could improve
E02043,2026-06-30,70.3,87,59,77,75,45,3,Need clearer career path
E02044,2026-06-30,66.2,58,83,64,45,77,0,No comment
E02046,2025-06-30,56.2,50,44,58,52,68,5,Workload is high
E02046,2026-06-30,78.1,81,93,66,81,68,0,Compensation could improve
E02047,2025-06-30,71.7,81,70,68,53,91,4,Need more learning opportunities
E02047,2026-06-30,73.3,79,52,60,77,91,0,Need clearer career path
E02048,2025-06-30,55.7,47,67,41,42,98,3,Workload is high
E02048,2026-06-30,67.0,70,59,60,62,90,5,No comment
E02050,2026-06-30,72.9,64,82,66,61,85,9,Happy with flexibility
E02051,2025-06-30,75.0,77,91,91,57,77,0,Happy with flexibility
E02051,2026-06-30,74.1,78,68,91,74,80,0,Strong team culture
E02052,2025-06-30,60.0,62,71,77,43,47,6,Compensation could improve
E02052,2026-06-30,71.1,63,93,75,84,83,0,Need clearer career path
E02054,2025-06-30,66.8,63,45,61,93,51,0,No comment
E02054,2026-06-30,86.8,84,93,78,89,97,7,Need more learning opportunities
E02055,2025-06-30,60.3,61,84,41,46,70,10,Happy with flexibility
E02055,2026-06-30,69.6,66,71,80,59,47,9,Good manager support
E02056,2025-06-30,76.3,94,54,90,81,68,6,Strong team culture
E02056,2026-06-30,61.4,46,83,47,46,88,6,Need more learning opportunities
E02057,2025-06-30,64.4,82,95,45,61,59,2,Happy with flexibility
E02057,2026-06-30,64.0,59,65,79,45,72,5,No comment
E02058,2025-06-30,66.7,58,57,74,45,98,4,Compensation could improve
E02058,2026-06-30,62.0,49,76,49,51,94,3,No comment
E02059,2025-06-30,74.9,86,85,73,72,75,2,Need more learning opportunities
E02059,2026-06-30,70.7,82,61,61,59,87,6,Workload is high
E02060,2025-06-30,75.9,59,85,64,95,94,5,Workload is high
E02060,2026-06-30,63.5,51,67,45,92,62,0,Good manager support
E02061,2025-06-30,68.5,51,62,80,64,86,2,Compensation could improve
E02061,2026-06-30,69.4,89,49,79,64,71,3,Compensation could improve
E02062,2025-06-30,60.6,84,64,54,60,52,6,Compensation could improve
E02062,2026-06-30,68.1,65,80,66,75,46,3,Good manager support
E02063,2025-06-30,72.3,64,76,70,67,81,3,No comment
E02063,2026-06-30,69.6,77,89,89,53,55,7,Happy with flexibility
E02064,2025-06-30,66.2,66,77,54,64,81,3,Strong team culture
E02064,2026-06-30,48.1,53,42,58,59,49,0,Strong team culture
E02066,2025-06-30,71.6,88,89,44,60,61,6,Strong team culture
E02066,2026-06-30,64.9,92,49,41,60,84,6,Need more learning opportunities
E02067,2025-06-30,65.6,71,71,68,61,45,0,Compensation could improve
E02067,2026-06-30,72.1,78,57,58,77,66,3,Compensation could improve
E02068,2025-06-30,62.2,78,88,81,41,50,10,Need clearer career path
E02068,2026-06-30,79.9,93,66,74,93,81,8,Workload is high
E02069,2025-06-30,68.7,59,69,49,56,92,10,Good manager support
E02069,2026-06-30,69.2,82,46,42,96,90,9,Need more learning opportunities
E02070,2025-06-30,78.6,80,65,77,69,89,2,Compensation could improve
E02070,2026-06-30,78.2,50,91,77,85,87,0,Need clearer career path
E02071,2025-06-30,59.5,52,90,61,62,46,5,Need clearer career path
E02071,2026-06-30,58.4,62,40,43,81,71,1,Need clearer career path
E02073,2026-06-30,57.5,55,49,92,57,71,3,Strong team culture
E02074,2025-06-30,74.3,95,85,86,59,54,1,Happy with flexibility
E02074,2026-06-30,59.8,79,77,57,67,46,2,No comment
E02076,2025-06-30,49.7,60,69,45,46,45,1,No comment
E02076,2026-06-30,79.6,58,57,87,94,70,2,Compensation could improve
E02077,2026-06-30,83.2,74,67,92,60,75,5,Need more learning opportunities
E02078,2025-06-30,56.4,78,89,46,40,73,6,No comment
E02078,2026-06-30,73.3,62,80,50,89,52,6,Need clearer career path
E02079,2025-06-30,67.5,73,78,80,71,50,5,Need more learning opportunities
E02079,2026-06-30,69.8,59,76,51,69,57,10,Good manager support
E02080,2025-06-30,65.9,52,89,40,41,98,4,Workload is high
E02080,2026-06-30,62.9,60,61,44,88,61,2,Need clearer career path
E02081,2025-06-30,58.4,47,54,46,44,91,0,Happy with flexibility
E02081,2026-06-30,57.4,74,62,46,41,80,1,Compensation could improve
E02084,2025-06-30,68.6,47,92,71,41,82,2,Compensation could improve
E02084,2026-06-30,71.5,78,94,45,64,94,7,Compensation could improve
E02085,2025-06-30,63.5,69,49,79,72,62,3,Need more learning opportunities
E02085,2026-06-30,55.3,47,44,68,41,57,3,No comment
E02087,2025-06-30,72.9,67,71,85,53,96,9,Compensation could improve
E02087,2026-06-30,83.1,90,89,70,45,98,3,Workload is high
E02088,2025-06-30,49.8,61,55,61,41,48,7,Need clearer career path
E02088,2026-06-30,73.0,84,89,47,46,48,7,Workload is high
E02089,2025-06-30,77.4,58,86,46,92,88,8,Strong team culture
E02089,2026-06-30,73.9,63,73,63,68,84,7,Good manager support
E02090,2025-06-30,57.0,55,64,62,70,49,4,Good manager support
E02090,2026-06-30,74.9,66,80,85,96,46,9,Workload is high
E02091,2025-06-30,70.3,48,45,83,96,65,9,Strong team culture
E02091,2026-06-30,77.0,87,92,55,76,77,4,Need clearer career path
E02093,2025-06-30,60.4,69,41,65,51,52,2,Compensation could improve
E02093,2026-06-30,65.0,52,71,43,67,83,0,Strong team culture
E02094,2025-06-30,80.7,52,72,79,61,69,7,Workload is high
E02094,2026-06-30,77.8,90,60,68,75,89,0,No comment
E02095,2025-06-30,69.0,67,68,57,79,72,4,Good manager support
E02095,2026-06-30,66.6,81,49,57,40,85,4,Need clearer career path
E02096,2025-06-30,77.7,58,81,89,96,62,10,Strong team culture
E02096,2026-06-30,68.6,50,52,77,56,81,8,Good manager support
E02098,2025-06-30,57.8,61,94,44,66,59,1,Need clearer career path
E02102,2025-06-30,83.5,93,94,87,78,78,6,Compensation could improve
E02102,2026-06-30,76.3,65,72,69,87,75,2,Workload is high
E02103,2025-06-30,71.6,75,94,91,82,46,10,Workload is high
E02103,2026-06-30,71.2,67,76,44,92,87,0,Strong team culture
E02104,2025-06-30,88.4,77,91,82,92,80,3,Compensation could improve
E02104,2026-06-30,74.2,91,65,76,68,52,2,No comment
E02105,2025-06-30,67.7,48,76,82,66,66,5,Need clearer career path
E02105,2026-06-30,78.0,70,68,76,63,91,5,Good manager support
E02106,2025-06-30,77.4,68,73,87,83,48,6,Need clearer career path
E02106,2026-06-30,70.9,69,79,63,79,88,5,Good manager support
E02107,2026-06-30,73.2,80,52,87,45,76,6,Workload is high
E02108,2025-06-30,66.5,75,61,61,80,53,10,Happy with flexibility
E02108,2026-06-30,67.8,94,65,46,75,66,7,Workload is high
E02109,2026-06-30,65.9,74,48,52,64,95,8,No comment
E02110,2025-06-30,56.1,85,48,40,56,65,10,Workload is high
E02110,2026-06-30,62.5,70,57,72,42,82,0,Strong team culture
E02111,2025-06-30,69.1,64,48,90,42,95,8,Good manager support
E02111,2026-06-30,55.4,48,77,40,40,58,2,Strong team culture
E02112,2025-06-30,84.1,79,76,75,89,85,4,Compensation could improve
E02112,2026-06-30,83.3,70,74,85,91,91,4,Strong team culture
E02113,2025-06-30,61.4,47,90,67,47,84,5,Strong team culture
E02113,2026-06-30,66.6,82,47,75,77,66,6,Need more learning opportunities
E02115,2025-06-30,69.9,72,94,77,48,78,5,Good manager support
E02115,2026-06-30,64.1,83,46,83,62,45,6,Compensation could improve
E02117,2025-06-30,66.7,76,63,48,64,78,3,No comment
E02117,2026-06-30,66.8,92,71,67,85,45,0,Strong team culture
E02118,2025-06-30,68.4,57,43,85,52,77,2,No comment
E02118,2026-06-30,64.1,70,51,63,59,62,6,Strong team culture
E02119,2025-06-30,68.6,65,83,45,73,91,0,Need more learning opportunities
E02119,2026-06-30,68.0,81,93,82,57,59,7,Need clearer career path
E02120,2025-06-30,74.8,49,86,69,93,90,8,Strong team culture
E02120,2026-06-30,81.2,71,79,64,80,97,2,Need clearer career path
E02121,2025-06-30,75.5,83,88,56,81,78,8,Workload is high
E02121,2026-06-30,80.7,77,71,81,82,97,8,No comment
E02122,2025-06-30,75.9,61,69,83,67,77,9,Need more learning opportunities
E02122,2026-06-30,66.9,69,83,81,47,69,6,Need clearer career path
E02124,2025-06-30,67.0,76,91,65,46,68,2,Need clearer career path
E02124,2026-06-30,72.4,62,63,81,55,85,10,Good manager support
E02125,2025-06-30,73.2,68,82,59,73,95,8,Happy with flexibility
E02125,2026-06-30,78.2,90,91,46,94,63,3,Happy with flexibility
E02126,2025-06-30,54.8,51,40,53,82,68,10,Need more learning opportunities
E02126,2026-06-30,66.9,70,50,56,80,64,7,Workload is high
E02127,2026-06-30,64.4,57,87,49,69,90,3,Good manager support
E02128,2025-06-30,62.3,74,40,80,62,45,8,Compensation could improve
E02128,2026-06-30,80.2,90,48,58,86,81,7,Need more learning opportunities
E02129,2025-06-30,51.7,71,80,40,42,49,0,Happy with flexibility
E02129,2026-06-30,60.2,74,50,52,59,57,6,Compensation could improve
E02130,2025-06-30,71.5,62,74,72,85,79,7,Good manager support
E02130,2026-06-30,56.4,56,54,60,45,67,6,Good manager support
E02131,2025-06-30,60.4,59,51,55,60,53,0,Compensation could improve
E02131,2026-06-30,63.5,50,43,87,80,86,0,Happy with flexibility
E02132,2025-06-30,59.7,59,74,60,57,58,8,Need clearer career path
E02132,2026-06-30,60.1,81,40,71,67,53,7,Need clearer career path
E02133,2025-06-30,64.4,91,43,91,59,47,3,Need clearer career path
E02133,2026-06-30,75.2,93,65,67,52,86,6,Workload is high
E02134,2025-06-30,68.6,90,42,92,57,48,8,Need more learning opportunities
E02134,2026-06-30,71.8,51,81,61,96,51,4,Happy with flexibility
E02137,2025-06-30,75.1,82,49,77,91,75,0,Need more learning opportunities
E02137,2026-06-30,74.2,46,76,67,74,80,8,Need clearer career path
E02138,2025-06-30,73.8,92,42,59,90,72,5,Happy with flexibility
E02138,2026-06-30,79.1,79,80,90,63,85,1,No comment
E02139,2025-06-30,66.9,64,68,56,55,85,9,No comment
E02139,2026-06-30,66.5,68,82,61,68,52,10,Need more learning opportunities
E02140,2025-06-30,73.3,73,93,84,62,47,2,Good manager support
E02140,2026-06-30,67.7,50,95,73,56,55,2,Workload is high
E02141,2025-06-30,70.3,64,81,43,84,85,9,Need clearer career path
E02141,2026-06-30,67.8,79,68,48,73,73,6,Happy with flexibility
E02142,2025-06-30,73.1,78,93,53,42,98,2,Good manager support
E02142,2026-06-30,71.1,87,87,54,47,89,7,Happy with flexibility
E02143,2025-06-30,71.7,66,67,63,92,49,4,Good manager support
E02143,2026-06-30,61.3,50,79,65,55,81,2,Good manager support
E02144,2025-06-30,71.3,87,67,61,87,72,2,Happy with flexibility
E02144,2026-06-30,75.0,74,49,62,72,83,9,Strong team culture
E02145,2026-06-30,70.2,53,43,83,93,84,7,Workload is high
E02146,2025-06-30,63.9,47,66,65,59,82,2,Compensation could improve
E02146,2026-06-30,65.2,72,84,89,43,47,9,Need clearer career path
E02147,2025-06-30,72.0,87,77,63,51,96,10,Workload is high
E02147,2026-06-30,77.9,68,91,62,72,98,6,Good manager support
E02148,2025-06-30,75.2,65,58,81,82,85,3,Happy with flexibility
E02148,2026-06-30,58.0,78,76,50,41,68,0,Need more learning opportunities
E02149,2025-06-30,80.0,59,77,81,75,74,1,Compensation could improve
E02149,2026-06-30,78.5,88,90,75,78,86,2,Happy with flexibility
E02150,2025-06-30,62.2,52,53,80,76,72,10,Happy with flexibility
E02150,2026-06-30,63.3,49,63,74,57,63,1,Good manager support
E02151,2026-06-30,78.7,87,74,91,61,83,8,Strong team culture
E02152,2025-06-30,72.9,46,83,81,91,64,1,Strong team culture
E02152,2026-06-30,79.3,94,61,91,51,61,1,Need more learning opportunities
E02154,2025-06-30,73.0,87,48,61,95,68,2,Good manager support
E02154,2026-06-30,67.3,70,40,88,84,70,1,No comment
E02155,2025-06-30,82.2,69,90,56,96,96,7,Need more learning opportunities
E02155,2026-06-30,68.0,84,72,79,53,65,4,Strong team culture
E02156,2025-06-30,70.6,79,67,39,87,68,4,Compensation could improve
E02156,2026-06-30,68.2,47,86,86,70,53,1,Compensation could improve
E02157,2025-06-30,71.9,84,51,50,80,80,7,Happy with flexibility
E02157,2026-06-30,75.0,93,88,42,77,66,10,Strong team culture
E02158,2025-06-30,66.3,65,53,43,89,94,3,Need clearer career path
E02158,2026-06-30,69.8,61,92,71,55,58,10,Good manager support
E02160,2026-06-30,65.0,90,83,42,71,61,0,Need clearer career path
E02163,2025-06-30,72.5,51,74,82,84,97,3,Strong team culture
E02163,2026-06-30,70.9,45,84,59,56,76,2,Good manager support
E02164,2025-06-30,74.6,53,48,89,88,73,6,Good manager support
E02164,2026-06-30,60.9,67,45,46,45,80,1,Need clearer career path
E02165,2025-06-30,75.4,73,95,43,82,93,0,No comment
E02165,2026-06-30,74.0,71,76,71,94,56,9,Compensation could improve
E02166,2026-06-30,64.7,62,83,77,49,57,5,Good manager support
E02167,2025-06-30,75.5,95,95,74,77,52,9,Need clearer career path
E02167,2026-06-30,79.3,85,63,38,86,91,1,Workload is high
E02168,2026-06-30,60.7,57,62,46,60,77,3,Good manager support
E02169,2025-06-30,74.7,55,77,71,93,83,7,Happy with flexibility
E02169,2026-06-30,54.2,53,82,46,49,50,4,Workload is high
E02171,2025-06-30,62.5,80,83,58,76,56,1,No comment
E02171,2026-06-30,72.1,83,47,78,82,67,6,Need more learning opportunities
E02172,2025-06-30,63.7,81,62,68,40,61,0,Strong team culture
E02172,2026-06-30,75.0,58,65,89,86,58,7,Workload is high
E02173,2025-06-30,45.0,46,42,55,45,59,8,Workload is high
E02173,2026-06-30,66.9,74,47,68,90,62,5,Workload is high
E02174,2025-06-30,64.5,66,81,49,60,53,4,Happy with flexibility
E02174,2026-06-30,73.8,95,64,69,96,52,4,Need clearer career path
E02175,2025-06-30,62.6,70,50,59,84,66,4,Happy with flexibility
E02175,2026-06-30,71.8,71,83,71,76,60,3,Need more learning opportunities
E02176,2025-06-30,72.2,60,76,72,70,84,7,Strong team culture
E02176,2026-06-30,77.5,95,58,71,95,74,3,Workload is high
E02177,2025-06-30,62.1,70,78,40,71,55,9,Good manager support
E02177,2026-06-30,65.3,71,80,63,56,60,7,Workload is high
E02178,2025-06-30,66.5,87,81,43,45,81,2,Need clearer career path
E02178,2026-06-30,72.9,56,91,44,89,86,3,Need clearer career path
E02179,2025-06-30,64.8,45,61,86,58,62,5,Need clearer career path
E02179,2026-06-30,70.5,64,61,92,45,75,7,Workload is high
E02180,2025-06-30,63.5,78,76,52,61,63,10,Strong team culture
E02180,2026-06-30,65.0,78,50,67,85,52,3,Workload is high
E02182,2025-06-30,53.4,59,61,58,57,72,2,Strong team culture
E02182,2026-06-30,75.5,91,83,61,74,61,8,Need clearer career path
E02183,2025-06-30,69.9,89,82,59,57,76,2,Need clearer career path
E02184,2026-06-30,58.8,55,50,76,48,84,2,Good manager support
E02185,2025-06-30,73.8,58,95,54,75,88,4,Good manager support
E02185,2026-06-30,71.2,75,64,87,55,80,10,Need clearer career path
E02187,2025-06-30,67.5,63,43,63,74,73,4,Need more learning opportunities
E02187,2026-06-30,59.7,57,54,47,90,71,8,Compensation could improve
E02188,2025-06-30,70.2,84,46,69,77,54,9,Compensation could improve
E02188,2026-06-30,61.5,49,87,51,95,51,0,Need more learning opportunities
E02189,2025-06-30,65.7,59,83,74,55,46,4,Strong team culture
E02189,2026-06-30,74.6,89,63,49,79,89,9,Need clearer career path
E02190,2025-06-30,65.1,61,64,57,68,50,2,Strong team culture
E02190,2026-06-30,61.2,55,46,70,56,63,4,No comment
E02192,2025-06-30,59.3,56,75,57,43,96,3,Good manager support
E02192,2026-06-30,60.0,83,44,79,40,58,8,Happy with flexibility
E02193,2025-06-30,70.7,65,85,68,69,95,10,Compensation could improve
E02193,2026-06-30,85.4,91,93,75,93,52,0,Workload is high
E02194,2025-06-30,65.3,65,61,83,71,76,7,Need more learning opportunities
E02194,2026-06-30,63.9,49,66,70,55,73,0,Strong team culture
E02195,2025-06-30,63.8,68,65,74,47,81,10,No comment
E02195,2026-06-30,58.0,79,41,54,57,52,7,Need clearer career path
E02197,2025-06-30,54.3,45,61,78,43,66,4,Compensation could improve
E02197,2026-06-30,63.9,51,44,53,83,81,8,Workload is high
E02198,2025-06-30,75.8,85,94,53,82,73,4,Compensation could improve
E02198,2026-06-30,57.4,62,79,54,63,54,6,Need more learning opportunities
E02199,2026-06-30,66.9,67,54,69,42,97,9,Compensation could improve
E02201,2025-06-30,64.3,63,43,79,77,60,8,Good manager support
E02201,2026-06-30,83.3,94,88,77,66,96,6,Compensation could improve
E02203,2025-06-30,64.1,65,57,82,46,59,0,Strong team culture
E02203,2026-06-30,63.2,66,45,85,60,56,8,No comment
E02205,2026-06-30,72.0,67,76,44,75,80,0,No comment
E02206,2025-06-30,67.7,64,69,55,70,80,5,Good manager support
E02207,2025-06-30,66.9,79,43,60,48,74,8,Workload is high
E02207,2026-06-30,69.3,73,80,90,71,46,10,Workload is high
E02208,2026-06-30,59.0,47,58,76,57,67,10,No comment
E02209,2025-06-30,89.4,67,86,89,96,81,4,Happy with flexibility
E02209,2026-06-30,81.7,60,80,89,56,97,10,Happy with flexibility
E02210,2025-06-30,75.0,73,57,72,67,81,7,Good manager support
E02210,2026-06-30,53.8,65,49,64,46,45,10,Compensation could improve
E02211,2025-06-30,79.1,77,43,79,94,79,9,Need clearer career path
E02211,2026-06-30,76.9,58,87,76,49,81,5,Strong team culture
E02212,2026-06-30,68.5,65,69,54,93,82,9,Need more learning opportunities
E02213,2025-06-30,52.4,77,49,59,41,46,10,Good manager support
E02213,2026-06-30,91.0,94,93,83,51,94,0,Workload is high
E02214,2025-06-30,70.4,80,45,86,48,73,2,Need more learning opportunities
E02214,2026-06-30,67.4,68,94,56,74,56,1,No comment
E02216,2025-06-30,63.3,53,76,63,50,46,8,Workload is high
E02216,2026-06-30,60.0,59,72,48,73,76,4,No comment
E02217,2026-06-30,63.7,48,53,84,68,74,1,Compensation could improve
E02218,2025-06-30,67.7,65,84,50,53,92,2,Compensation could improve
E02218,2026-06-30,58.4,76,47,68,60,77,0,Compensation could improve
E02219,2026-06-30,78.0,89,88,84,40,98,4,Good manager support
E02220,2025-06-30,72.4,71,77,74,91,58,1,Happy with flexibility
E02220,2026-06-30,69.3,88,86,47,78,47,1,Workload is high
E02221,2025-06-30,72.7,87,44,58,49,88,7,Strong team culture
E02221,2026-06-30,69.6,84,92,58,63,84,6,Need more learning opportunities
E02222,2025-06-30,46.6,60,42,40,51,71,2,Need clearer career path
E02222,2026-06-30,83.0,93,73,56,73,95,5,Good manager support
E02223,2025-06-30,72.9,58,69,80,81,55,2,Workload is high
E02223,2026-06-30,80.2,73,87,78,64,90,9,Compensation could improve
E02224,2026-06-30,71.1,52,91,52,58,94,1,Happy with flexibility
E02225,2025-06-30,75.4,81,55,53,76,90,4,No comment
E02225,2026-06-30,66.5,50,51,82,72,62,7,Workload is high
E02226,2025-06-30,77.7,90,59,75,64,84,5,Good manager support
E02226,2026-06-30,75.3,89,63,46,91,83,2,Good manager support
E02227,2025-06-30,66.7,82,57,75,56,46,7,Happy with flexibility
E02227,2026-06-30,66.9,80,91,57,43,79,8,Strong team culture
E02228,2026-06-30,70.9,79,83,40,85,68,0,Workload is high
E02229,2025-06-30,66.4,95,57,44,59,52,10,Strong team culture
E02229,2026-06-30,59.5,46,43,69,43,91,0,No comment
E02230,2025-06-30,74.7,88,50,88,95,77,0,Good manager support
E02230,2026-06-30,65.7,48,95,54,67,49,7,No comment
E02232,2026-06-30,61.4,81,80,43,51,54,4,Good manager support
E02233,2025-06-30,70.3,71,50,77,94,58,2,Need clearer career path
E02233,2026-06-30,67.8,92,49,85,45,45,7,Workload is high
E02234,2025-06-30,75.4,89,48,52,86,70,3,Need more learning opportunities
E02234,2026-06-30,66.1,90,56,58,83,61,1,No comment
E02235,2025-06-30,74.1,45,95,87,72,88,6,Good manager support
E02235,2026-06-30,60.5,62,57,69,49,65,7,Strong team culture
E02236,2025-06-30,75.7,81,88,52,72,66,10,Good manager support
E02236,2026-06-30,65.6,93,54,48,71,82,1,Strong team culture
E02237,2025-06-30,58.7,64,44,43,94,59,9,No comment
E02237,2026-06-30,57.2,47,88,51,81,51,4,Compensation could improve
E02238,2025-06-30,69.8,76,42,73,95,58,0,Strong team culture
E02238,2026-06-30,68.9,78,79,83,54,67,9,Workload is high
E02239,2025-06-30,63.6,64,80,66,43,48,7,Strong team culture
E02239,2026-06-30,60.9,60,63,53,58,56,3,Workload is high
E02241,2025-06-30,64.3,88,47,68,70,82,2,Compensation could improve
E02242,2025-06-30,60.2,48,56,70,80,55,2,Need more learning opportunities
E02242,2026-06-30,58.3,81,65,53,57,46,6,Need clearer career path
E02244,2025-06-30,66.6,45,47,62,88,81,7,No comment
E02244,2026-06-30,61.8,56,65,38,87,60,2,Strong team culture
E02246,2025-06-30,73.6,91,85,73,78,71,4,Workload is high
E02246,2026-06-30,61.0,46,72,76,55,65,10,Happy with flexibility
E02248,2025-06-30,63.3,48,86,56,80,74,2,No comment
E02248,2026-06-30,66.1,47,71,78,72,57,4,Need more learning opportunities
E02249,2025-06-30,73.0,70,93,44,76,70,8,Workload is high
E02249,2026-06-30,65.8,80,53,83,49,98,4,Compensation could improve
E02250,2025-06-30,68.7,73,74,40,94,91,8,Strong team culture
E02250,2026-06-30,70.3,62,70,54,70,95,2,No comment
E02251,2025-06-30,62.1,92,55,48,42,96,10,Happy with flexibility
E02251,2026-06-30,71.2,58,61,55,78,94,8,Good manager support
E02252,2025-06-30,77.7,76,88,64,96,55,1,Need clearer career path
E02252,2026-06-30,77.8,70,83,89,40,87,10,Compensation could improve
E02253,2025-06-30,57.4,61,59,59,67,46,1,Good manager support
E02253,2026-06-30,64.2,77,43,62,64,66,8,Workload is high
E02255,2025-06-30,63.0,49,79,40,76,77,10,Need more learning opportunities
E02255,2026-06-30,61.2,75,53,45,92,51,2,Compensation could improve
E02256,2026-06-30,54.1,51,46,78,52,49,4,Happy with flexibility
E02257,2025-06-30,54.4,50,58,71,41,65,9,Happy with flexibility
E02257,2026-06-30,80.8,68,84,74,56,98,10,Good manager support
E02258,2025-06-30,67.0,85,52,46,76,72,1,Strong team culture
E02258,2026-06-30,61.2,66,90,61,49,46,10,Good manager support
E02261,2025-06-30,60.5,67,56,89,40,72,3,No comment
E02261,2026-06-30,56.7,63,53,42,67,69,9,Strong team culture
E02262,2025-06-30,85.4,86,75,75,75,86,5,Need more learning opportunities
E02262,2026-06-30,64.9,60,67,83,45,72,9,Workload is high
E02263,2025-06-30,68.1,70,61,67,85,60,1,Compensation could improve
E02263,2026-06-30,64.6,69,87,42,48,95,5,No comment
E02266,2026-06-30,69.4,72,70,59,55,80,3,Happy with flexibility
E02267,2025-06-30,68.6,91,79,47,79,48,7,Good manager support
E02267,2026-06-30,71.8,75,63,92,89,46,7,Strong team culture
E02268,2025-06-30,74.5,57,91,74,74,81,10,Need more learning opportunities
E02268,2026-06-30,58.9,70,45,62,59,61,2,No comment
E02269,2025-06-30,87.1,75,79,69,87,97,3,Good manager support
E02269,2026-06-30,60.6,62,43,64,66,59,2,No comment
E02270,2025-06-30,59.0,62,61,71,40,52,5,Need more learning opportunities
E02270,2026-06-30,67.4,57,88,53,69,85,9,Happy with flexibility
E02272,2025-06-30,77.9,85,67,80,63,75,5,Need more learning opportunities
E02272,2026-06-30,58.3,55,62,53,56,73,0,No comment
E02273,2026-06-30,58.3,52,71,68,65,63,5,Good manager support
E02274,2025-06-30,74.3,86,74,76,73,67,4,Happy with flexibility
E02274,2026-06-30,62.7,57,50,64,54,78,9,Good manager support
E02275,2025-06-30,58.8,69,85,55,57,52,0,Happy with flexibility
E02275,2026-06-30,61.3,55,67,77,95,55,8,Need more learning opportunities
E02276,2025-06-30,59.7,47,62,42,82,77,8,Compensation could improve
E02276,2026-06-30,69.8,75,82,38,55,76,0,Strong team culture
E02277,2025-06-30,78.5,84,48,56,73,84,2,Strong team culture
E02277,2026-06-30,61.9,91,53,42,43,98,7,Need clearer career path
E02278,2025-06-30,64.1,70,64,63,59,68,8,Strong team culture
E02278,2026-06-30,63.6,94,60,46,81,47,6,Compensation could improve
E02279,2025-06-30,77.9,75,55,87,78,93,2,Good manager support
E02279,2026-06-30,62.6,48,46,52,84,77,7,Workload is high
E02280,2025-06-30,69.7,62,59,47,80,94,10,Compensation could improve
E02280,2026-06-30,74.2,76,83,41,80,70,5,Strong team culture
E02281,2026-06-30,73.4,74,72,69,66,87,6,Strong team culture
E02282,2025-06-30,71.1,80,50,47,61,72,9,Happy with flexibility
E02282,2026-06-30,59.9,81,40,54,93,46,10,No comment
E02283,2025-06-30,66.9,63,66,78,57,79,10,No comment
E02283,2026-06-30,63.4,77,82,68,43,76,3,No comment
E02284,2025-06-30,71.2,91,87,71,55,60,9,Good manager support
E02284,2026-06-30,69.9,64,66,81,63,98,3,Compensation could improve
E02285,2025-06-30,59.3,62,52,58,53,59,6,Workload is high
E02285,2026-06-30,65.1,68,78,72,61,60,3,Need more learning opportunities
E02286,2025-06-30,64.9,66,79,91,46,64,1,Happy with flexibility
E02286,2026-06-30,67.7,91,80,54,58,66,9,Strong team culture
E02287,2025-06-30,56.2,55,44,43,66,86,7,Happy with flexibility
E02287,2026-06-30,81.7,64,91,78,65,97,7,No comment
E02288,2026-06-30,64.2,58,57,66,55,57,4,No comment
E02289,2025-06-30,62.2,58,41,51,62,77,1,No comment
E02289,2026-06-30,61.1,80,72,62,66,48,5,Compensation could improve
E02290,2026-06-30,81.8,95,85,75,74,82,3,Good manager support
E02291,2025-06-30,76.9,69,84,77,72,88,4,No comment
E02291,2026-06-30,63.0,55,44,75,80,71,8,Good manager support
E02292,2025-06-30,56.2,91,40,64,45,51,10,No comment
E02292,2026-06-30,88.4,85,87,67,77,93,9,Need more learning opportunities
E02293,2025-06-30,67.9,63,79,77,49,56,0,Compensation could improve
E02293,2026-06-30,68.5,92,72,57,49,82,2,Compensation could improve
E02294,2025-06-30,71.0,61,79,87,88,84,10,Need more learning opportunities
E02294,2026-06-30,63.7,55,67,62,53,69,0,Need more learning opportunities
E02295,2025-06-30,74.0,45,91,65,96,59,3,Workload is high
E02295,2026-06-30,63.8,94,40,47,91,47,5,Happy with flexibility
E02296,2025-06-30,57.6,63,59,71,47,52,4,Compensation could improve
E02296,2026-06-30,49.6,57,56,40,42,69,6,Need clearer career path
E02298,2025-06-30,73.6,66,55,86,70,61,5,No comment
E02298,2026-06-30,60.1,87,82,53,42,54,8,Good manager support
E02299,2025-06-30,67.7,70,55,70,64,86,9,Strong team culture
E02299,2026-06-30,63.2,77,65,66,54,52,1,Compensation could improve
E02300,2025-06-30,53.8,52,55,50,44,91,9,Need more learning opportunities
E02300,2026-06-30,68.5,94,89,52,53,60,4,Strong team culture
E02301,2025-06-30,71.3,72,72,45,75,74,8,Happy with flexibility
E02301,2026-06-30,63.6,49,68,57,90,62,7,Compensation could improve
E02302,2025-06-30,66.0,94,46,50,79,80,6,No comment
E02302,2026-06-30,73.0,69,74,67,85,60,6,Workload is high
E02303,2025-06-30,60.2,65,52,79,65,79,0,Happy with flexibility
E02303,2026-06-30,52.6,48,62,59,58,48,5,Happy with flexibility
E02304,2025-06-30,66.8,69,86,48,73,69,9,Compensation could improve
E02304,2026-06-30,78.7,86,93,53,79,91,0,Strong team culture
E02305,2025-06-30,66.3,93,76,77,47,45,7,Need clearer career path
E02305,2026-06-30,64.6,64,86,40,74,77,3,Need clearer career path
E02306,2025-06-30,79.3,72,86,79,70,94,9,No comment
E02306,2026-06-30,85.3,87,58,78,82,93,0,Happy with flexibility
E02307,2025-06-30,59.5,70,73,50,67,46,8,Compensation could improve
E02307,2026-06-30,77.8,76,90,88,46,67,5,Good manager support
E02308,2025-06-30,54.8,56,53,44,83,65,3,Strong team culture
E02308,2026-06-30,57.0,55,78,59,61,48,7,Happy with flexibility
E02309,2025-06-30,86.9,52,91,89,70,94,1,Need more learning opportunities
E02309,2026-06-30,65.3,89,76,65,58,60,2,Compensation could improve
E02310,2026-06-30,76.3,74,48,84,62,97,10,No comment
E02311,2025-06-30,80.0,77,94,55,71,93,1,Strong team culture
E02311,2026-06-30,59.9,49,42,62,80,74,4,Compensation could improve
E02312,2025-06-30,62.7,50,87,62,43,67,7,Need clearer career path
E02312,2026-06-30,68.7,76,59,48,64,58,4,Workload is high
E02314,2025-06-30,53.7,57,78,47,50,56,4,No comment
E02314,2026-06-30,67.9,70,42,57,77,71,0,Need clearer career path
E02315,2025-06-30,75.4,94,46,88,71,45,0,Need more learning opportunities
E02315,2026-06-30,73.2,86,80,60,88,45,1,Strong team culture
E02316,2025-06-30,72.7,77,77,73,70,52,8,Workload is high
E02316,2026-06-30,71.8,70,44,56,67,92,9,Compensation could improve
E02317,2025-06-30,74.3,55,73,92,75,86,9,Need clearer career path
E02317,2026-06-30,74.9,94,89,41,90,71,3,Workload is high
E02318,2025-06-30,62.8,58,84,38,55,75,1,Need clearer career path
E02318,2026-06-30,62.0,55,47,61,84,60,7,Need more learning opportunities
E02319,2025-06-30,59.4,57,43,59,48,74,10,Good manager support
E02319,2026-06-30,57.6,58,53,85,47,56,2,Workload is high
E02321,2025-06-30,92.9,84,57,92,92,95,0,Strong team culture
E02321,2026-06-30,82.2,85,67,84,80,92,9,No comment
E02322,2025-06-30,79.1,78,59,76,81,97,8,Compensation could improve
E02322,2026-06-30,86.1,85,74,90,77,91,10,No comment
E02323,2025-06-30,65.4,83,57,74,64,49,0,Good manager support
E02323,2026-06-30,76.3,63,87,70,94,93,10,Need clearer career path
E02324,2025-06-30,67.3,60,65,65,82,86,8,Good manager support
E02324,2026-06-30,64.5,78,66,73,77,45,4,Need clearer career path
E02325,2025-06-30,76.8,66,72,70,61,77,6,Compensation could improve
E02325,2026-06-30,53.5,50,58,48,78,56,9,No comment
E02327,2025-06-30,80.1,62,66,91,56,95,4,Need more learning opportunities
E02327,2026-06-30,60.4,47,64,66,66,98,1,Good manager support
E02328,2025-06-30,56.7,52,62,60,61,54,3,No comment
E02328,2026-06-30,69.6,71,47,89,68,48,5,Happy with flexibility
E02329,2025-06-30,80.7,70,95,77,81,94,5,Good manager support
E02329,2026-06-30,58.6,78,55,44,66,50,0,Strong team culture
E02330,2025-06-30,77.2,60,81,66,95,80,7,Need clearer career path
E02330,2026-06-30,64.9,64,59,58,66,97,6,Good manager support
E02331,2025-06-30,69.7,52,85,38,76,84,0,Good manager support
E02331,2026-06-30,73.9,56,41,50,86,91,5,Workload is high
E02332,2025-06-30,77.5,81,83,92,64,90,6,Need more learning opportunities
E02332,2026-06-30,79.8,76,65,80,72,88,4,Strong team culture
E02333,2026-06-30,79.2,91,82,81,40,92,7,Workload is high
E02334,2025-06-30,69.6,79,41,81,66,68,2,Need clearer career path
E02334,2026-06-30,74.0,63,64,82,79,84,3,Happy with flexibility
E02335,2025-06-30,62.6,72,79,38,52,51,6,Workload is high
E02335,2026-06-30,77.2,75,90,66,57,88,5,Need clearer career path
E02336,2025-06-30,87.1,91,79,63,65,95,2,Need more learning opportunities
E02336,2026-06-30,58.5,61,52,48,64,68,2,Compensation could improve
E02337,2025-06-30,59.2,72,58,55,57,66,1,Strong team culture
E02337,2026-06-30,65.0,59,89,89,41,73,3,Compensation could improve
E02338,2025-06-30,60.2,69,43,49,93,55,6,Workload is high
E02338,2026-06-30,68.1,65,70,90,67,46,3,Good manager support
E02339,2025-06-30,76.2,67,91,86,85,60,0,Need clearer career path
E02339,2026-06-30,69.8,86,66,79,80,45,8,Need clearer career path
E02340,2025-06-30,64.6,60,48,82,60,71,0,Need clearer career path
E02340,2026-06-30,84.1,74,92,66,94,78,5,Need more learning opportunities
E02341,2025-06-30,60.9,53,72,55,47,88,3,Compensation could improve
E02341,2026-06-30,73.3,72,49,72,44,91,3,Need clearer career path
E02342,2025-06-30,77.1,54,72,78,78,66,8,Need more learning opportunities
E02342,2026-06-30,76.0,87,87,53,47,62,10,Need more learning opportunities
E02343,2025-06-30,59.8,60,71,61,64,69,6,Workload is high
E02343,2026-06-30,76.4,52,81,75,59,95,0,Need more learning opportunities
E02344,2025-06-30,80.0,92,58,77,84,94,3,Workload is high
E02344,2026-06-30,71.0,81,43,80,78,80,4,Compensation could improve
E02345,2025-06-30,63.6,91,40,49,53,90,10,Compensation could improve
E02345,2026-06-30,84.5,64,76,83,70,90,4,Strong team culture
E02346,2025-06-30,58.1,69,70,76,44,49,9,Need clearer career path
E02346,2026-06-30,72.1,67,81,69,69,91,1,Need clearer career path
E02348,2026-06-30,81.9,65,68,92,92,68,2,Need more learning opportunities
E02349,2025-06-30,63.6,90,53,54,46,62,4,Compensation could improve
E02349,2026-06-30,59.3,58,59,73,75,64,0,Good manager support
E02350,2025-06-30,79.4,58,71,70,50,93,7,Need clearer career path
E02350,2026-06-30,81.1,73,90,92,63,69,9,Strong team culture
E02351,2025-06-30,62.2,62,46,43,96,57,5,Strong team culture
E02351,2026-06-30,53.7,66,49,38,68,64,1,Good manager support
E02353,2025-06-30,63.4,50,48,61,46,91,1,Workload is high
E02353,2026-06-30,68.5,71,69,48,96,83,1,Need more learning opportunities
E02354,2025-06-30,72.2,83,94,79,72,66,5,Compensation could improve
E02354,2026-06-30,65.0,74,59,70,41,77,0,Strong team culture
E02355,2025-06-30,69.4,94,62,78,52,80,7,Need more learning opportunities
E02355,2026-06-30,68.4,91,48,74,52,74,7,Happy with flexibility
E02356,2025-06-30,75.9,76,81,83,49,82,5,Happy with flexibility
E02356,2026-06-30,60.3,82,49,55,47,67,2,Strong team culture
E02357,2025-06-30,70.4,47,80,90,53,82,3,Need clearer career path
E02357,2026-06-30,63.8,51,83,69,40,89,8,Strong team culture
E02358,2026-06-30,71.7,75,78,71,63,72,4,Need more learning opportunities
E02359,2025-06-30,75.3,81,95,80,84,46,0,Need clearer career path
E02359,2026-06-30,64.6,58,85,72,51,73,2,Happy with flexibility
E02361,2025-06-30,68.2,52,49,58,60,89,4,Good manager support
E02361,2026-06-30,54.6,58,79,39,53,54,6,Good manager support
E02363,2025-06-30,64.3,81,68,57,45,71,5,Need clearer career path
E02363,2026-06-30,49.6,50,49,62,54,58,3,Strong team culture
E02364,2025-06-30,56.8,49,91,45,41,64,5,Happy with flexibility
E02364,2026-06-30,83.3,84,45,64,96,97,6,Happy with flexibility
E02365,2025-06-30,74.5,56,71,80,91,90,0,No comment
E02365,2026-06-30,54.2,72,71,46,41,54,8,No comment
E02366,2025-06-30,57.8,61,58,53,67,49,4,Good manager support
E02366,2026-06-30,72.5,85,53,78,93,45,7,Good manager support
E02367,2025-06-30,58.6,68,46,78,42,48,10,No comment
E02367,2026-06-30,70.3,88,42,74,89,57,5,No comment
E02368,2025-06-30,55.4,52,47,52,50,54,1,Compensation could improve
E02368,2026-06-30,62.8,51,43,44,81,68,4,Good manager support
E02369,2025-06-30,74.7,73,93,85,76,69,7,No comment
E02369,2026-06-30,69.7,87,80,44,64,73,2,Compensation could improve
E02370,2025-06-30,58.6,70,51,56,80,56,7,Good manager support
E02370,2026-06-30,76.8,93,82,92,43,82,9,No comment
E02371,2025-06-30,78.7,76,68,75,90,50,2,Need more learning opportunities
E02371,2026-06-30,74.6,88,89,55,96,68,2,Good manager support
E02373,2025-06-30,72.4,56,74,61,83,91,4,Compensation could improve
E02373,2026-06-30,73.2,47,72,66,77,64,6,Need clearer career path
E02374,2025-06-30,74.8,61,84,61,90,74,5,Happy with flexibility
E02374,2026-06-30,73.9,94,46,81,48,88,2,Need clearer career path
E02375,2025-06-30,74.3,90,68,55,84,64,9,Good manager support
E02375,2026-06-30,70.4,87,70,38,87,78,4,Good manager support
E02377,2025-06-30,72.5,93,74,47,64,73,2,No comment
E02378,2025-06-30,68.1,80,87,53,53,86,2,Happy with flexibility
E02378,2026-06-30,80.2,78,72,86,73,82,5,Strong team culture
E02379,2025-06-30,77.0,61,65,89,53,98,2,No comment
E02379,2026-06-30,65.7,67,52,72,70,62,5,Compensation could improve
E02380,2025-06-30,61.5,75,78,43,62,55,1,Need clearer career path
E02380,2026-06-30,76.3,79,69,71,85,77,5,Strong team culture
E02382,2026-06-30,68.4,73,71,66,65,60,10,Need more learning opportunities
E02383,2025-06-30,71.4,81,75,92,61,55,7,No comment
E02383,2026-06-30,64.7,88,59,45,60,72,6,No comment
E02384,2025-06-30,72.2,64,56,84,94,79,7,No comment
E02384,2026-06-30,77.7,62,82,67,78,52,6,Strong team culture
E02386,2025-06-30,58.1,62,50,72,54,85,4,Strong team culture
E02386,2026-06-30,70.1,48,91,46,63,85,10,Happy with flexibility
E02387,2025-06-30,64.6,46,93,70,64,52,7,Compensation could improve
E02387,2026-06-30,68.1,47,86,87,79,49,7,Happy with flexibility
E02388,2026-06-30,70.1,69,74,64,62,67,5,Need more learning opportunities
E02389,2025-06-30,68.7,52,58,89,54,89,10,Compensation could improve
E02389,2026-06-30,67.7,92,41,62,79,63,5,Compensation could improve
E02390,2025-06-30,71.8,95,63,89,44,65,0,Compensation could improve
E02390,2026-06-30,58.2,60,47,73,63,58,9,Need clearer career path
E02391,2025-06-30,77.7,85,59,73,66,83,4,Strong team culture
E02391,2026-06-30,69.9,70,42,79,71,96,2,Need clearer career path
E02392,2025-06-30,63.1,91,63,40,78,63,2,Workload is high
E02392,2026-06-30,64.8,50,72,80,68,54,10,Compensation could improve
E02393,2025-06-30,58.0,88,63,40,53,62,1,Workload is high
E02393,2026-06-30,69.2,90,44,71,53,49,3,Need more learning opportunities
E02394,2025-06-30,70.8,80,90,52,47,76,4,Workload is high
E02394,2026-06-30,55.6,48,56,52,60,72,1,Happy with flexibility
E02396,2026-06-30,69.6,58,58,78,71,91,1,Good manager support
E02397,2026-06-30,63.6,65,47,46,67,98,2,Workload is high
E02398,2026-06-30,59.9,65,94,45,81,65,9,Workload is high
E02399,2025-06-30,62.6,74,67,55,84,58,4,Happy with flexibility
E02399,2026-06-30,67.9,74,93,64,49,82,2,Need clearer career path
E02400,2025-06-30,69.2,62,51,71,94,80,0,No comment
E02400,2026-06-30,73.0,78,71,39,58,91,8,Compensation could improve
E02401,2025-06-30,59.8,48,73,66,88,60,2,Compensation could improve
E02401,2026-06-30,67.7,55,47,66,75,77,7,Strong team culture
E02402,2025-06-30,66.2,61,57,70,56,80,0,Workload is high
E02402,2026-06-30,76.7,51,60,87,81,71,9,Good manager support
E02403,2025-06-30,79.5,82,69,76,75,88,9,Workload is high
E02403,2026-06-30,44.2,49,43,41,55,61,6,Strong team culture
E02404,2025-06-30,81.6,87,80,50,80,95,7,No comment
E02404,2026-06-30,85.2,82,88,79,87,93,3,Compensation could improve
E02405,2025-06-30,77.8,67,67,72,68,76,3,Need clearer career path
E02405,2026-06-30,83.5,71,74,88,57,98,8,No comment
E02406,2025-06-30,62.7,95,51,74,46,50,1,Workload is high
E02406,2026-06-30,66.7,65,46,69,62,69,10,Compensation could improve
E02407,2025-06-30,68.8,53,42,73,79,62,5,Good manager support
E02407,2026-06-30,59.5,72,47,40,90,66,8,Need more learning opportunities
E02408,2025-06-30,70.0,67,84,86,52,85,7,Strong team culture
E02408,2026-06-30,66.0,72,80,51,55,95,4,Need clearer career path
E02409,2025-06-30,83.1,64,92,71,95,92,8,Need more learning opportunities
E02409,2026-06-30,76.8,82,95,54,89,73,6,Need clearer career path
E02410,2026-06-30,63.8,53,68,46,89,64,1,Strong team culture
E02412,2025-06-30,68.5,82,76,59,65,46,0,No comment
E02412,2026-06-30,75.2,94,95,64,89,48,5,No comment
E02413,2025-06-30,63.6,54,66,43,91,48,8,Need more learning opportunities
E02414,2025-06-30,67.2,58,40,48,92,70,9,Compensation could improve
E02414,2026-06-30,81.4,56,89,82,73,98,2,Compensation could improve
E02415,2025-06-30,59.3,79,55,48,58,56,0,Good manager support
E02415,2026-06-30,65.7,79,61,55,54,80,3,Need clearer career path
E02416,2025-06-30,75.6,73,77,85,72,76,8,Compensation could improve
E02416,2026-06-30,75.8,68,73,90,89,54,3,Good manager support
E02417,2025-06-30,54.7,87,71,42,80,62,3,Strong team culture
E02417,2026-06-30,66.3,92,60,39,75,60,7,Good manager support
E02418,2025-06-30,73.0,73,67,71,57,82,1,Strong team culture
E02418,2026-06-30,57.9,61,59,52,70,84,10,No comment
E02420,2025-06-30,73.6,70,66,67,87,58,10,Happy with flexibility
E02420,2026-06-30,49.0,50,47,42,45,48,3,Workload is high
E02421,2025-06-30,69.0,72,84,80,48,60,6,Compensation could improve
E02421,2026-06-30,52.7,92,54,55,42,67,7,Workload is high
E02422,2026-06-30,69.4,83,74,75,53,53,10,Strong team culture
E02423,2025-06-30,59.6,66,60,69,51,50,3,No comment
E02423,2026-06-30,74.2,69,76,90,91,49,8,Compensation could improve
E02424,2025-06-30,72.8,67,86,81,41,94,7,Need clearer career path
E02424,2026-06-30,63.7,71,44,40,65,89,2,Compensation could improve
E02425,2025-06-30,68.3,55,63,87,66,78,7,Strong team culture
E02425,2026-06-30,52.5,56,48,44,54,63,1,Compensation could improve
E02426,2026-06-30,70.8,88,59,88,52,53,9,Happy with flexibility
E02428,2025-06-30,58.4,53,89,78,42,59,1,Good manager support
E02428,2026-06-30,79.0,95,75,85,79,83,1,Strong team culture
E02429,2025-06-30,58.1,49,67,91,45,54,4,Workload is high
E02429,2026-06-30,67.3,83,52,66,61,92,4,Strong team culture
E02430,2025-06-30,73.7,91,72,85,56,55,5,No comment
E02430,2026-06-30,81.6,67,95,80,59,74,9,Need more learning opportunities
E02431,2025-06-30,68.2,58,85,44,83,84,6,Workload is high
E02431,2026-06-30,62.9,85,87,47,67,53,0,Happy with flexibility
E02432,2026-06-30,71.1,57,70,52,68,84,3,Compensation could improve
E02433,2025-06-30,64.9,90,66,68,45,69,7,Compensation could improve
E02434,2025-06-30,59.5,50,91,41,77,86,3,Happy with flexibility
E02434,2026-06-30,75.1,69,54,45,93,84,5,Need more learning opportunities
E02435,2025-06-30,70.6,74,80,71,81,59,9,Need more learning opportunities
E02435,2026-06-30,52.5,64,52,50,69,48,10,Strong team culture
E02436,2025-06-30,70.1,70,54,63,55,81,7,Compensation could improve
E02436,2026-06-30,68.7,74,75,62,67,58,0,Need clearer career path
E02437,2025-06-30,65.2,84,44,61,45,72,10,Good manager support
E02437,2026-06-30,58.7,86,69,48,42,88,3,Good manager support
E02439,2025-06-30,57.0,60,47,40,56,81,3,Need clearer career path
E02439,2026-06-30,80.3,84,95,89,48,93,3,Workload is high
E02441,2025-06-30,59.1,65,80,45,55,53,1,No comment
E02441,2026-06-30,69.7,76,70,64,55,97,0,Workload is high
E02442,2025-06-30,75.5,84,74,64,78,89,1,Strong team culture
E02442,2026-06-30,70.3,70,48,67,93,70,7,Need clearer career path
E02443,2025-06-30,64.3,87,70,38,51,74,5,Workload is high
E02443,2026-06-30,60.8,58,91,52,66,46,1,Need more learning opportunities
E02445,2025-06-30,79.2,72,55,76,92,85,5,Workload is high
E02445,2026-06-30,63.8,53,59,50,45,90,7,Compensation could improve
E02446,2025-06-30,72.9,81,80,59,77,72,2,Strong team culture
E02446,2026-06-30,66.9,76,79,41,86,48,3,Happy with flexibility
E02447,2026-06-30,71.7,65,89,52,83,79,2,Good manager support
E02448,2025-06-30,87.4,92,88,82,71,96,9,Need clearer career path
E02448,2026-06-30,65.9,47,80,44,52,56,1,Good manager support
E02449,2025-06-30,85.0,78,79,91,71,95,7,Compensation could improve
E02449,2026-06-30,72.2,54,92,44,80,95,1,Happy with flexibility
E02450,2025-06-30,63.9,60,81,55,44,87,1,No comment
E02450,2026-06-30,60.9,55,51,88,61,62,6,Need more learning opportunities
E02451,2025-06-30,76.6,90,52,86,74,49,0,Good manager support
E02451,2026-06-30,70.0,58,93,62,81,68,3,Compensation could improve
E02452,2025-06-30,71.0,80,81,86,42,56,1,Good manager support
E02452,2026-06-30,66.3,73,82,72,52,62,0,Workload is high
E02453,2025-06-30,64.2,58,74,73,46,60,6,Good manager support
E02453,2026-06-30,73.5,94,61,53,84,85,2,Good manager support
E02455,2025-06-30,69.3,82,95,57,49,61,7,Need clearer career path
E02455,2026-06-30,66.0,55,56,67,74,92,8,Need more learning opportunities
E02456,2025-06-30,79.1,66,44,78,82,85,3,Happy with flexibility
E02456,2026-06-30,62.9,74,45,61,88,80,6,Strong team culture
E02457,2025-06-30,67.0,77,44,46,91,68,5,Compensation could improve
E02457,2026-06-30,74.1,61,86,41,83,97,3,No comment
E02460,2025-06-30,59.8,68,52,83,58,45,4,Happy with flexibility
E02460,2026-06-30,65.7,73,55,91,75,60,6,Need more learning opportunities
E02461,2026-06-30,76.8,66,52,89,86,70,9,Strong team culture
E02462,2025-06-30,66.1,85,42,42,93,56,3,Compensation could improve
E02462,2026-06-30,64.7,66,50,42,58,88,5,Happy with flexibility
E02463,2025-06-30,54.4,49,47,41,68,89,8,Compensation could improve
E02465,2025-06-30,56.6,84,67,48,41,73,2,Strong team culture
E02465,2026-06-30,77.7,71,85,89,83,52,10,Workload is high
E02466,2025-06-30,72.2,50,59,88,80,83,8,No comment
E02466,2026-06-30,72.4,66,64,90,61,77,2,Need clearer career path
E02467,2025-06-30,77.3,48,75,55,90,68,7,Compensation could improve
E02467,2026-06-30,69.5,75,94,58,58,80,10,No comment
E02468,2025-06-30,43.2,46,54,44,40,48,9,Compensation could improve
E02468,2026-06-30,57.9,59,62,42,72,69,0,Need clearer career path
E02469,2025-06-30,61.6,73,66,42,43,86,5,Compensation could improve
E02469,2026-06-30,70.5,58,59,80,92,84,0,Need more learning opportunities
E02470,2025-06-30,52.7,48,52,82,50,51,9,Workload is high
E02470,2026-06-30,53.6,79,46,65,57,46,7,Strong team culture
E02471,2025-06-30,61.6,93,56,57,51,58,3,Compensation could improve
E02471,2026-06-30,64.0,52,67,43,79,59,9,Need more learning opportunities
E02472,2025-06-30,71.1,90,86,38,88,55,8,Workload is high
E02472,2026-06-30,75.7,94,75,59,43,97,3,Need clearer career path
E02473,2025-06-30,57.3,51,64,90,62,51,9,Compensation could improve
E02473,2026-06-30,65.3,49,77,48,66,89,8,Good manager support
E02474,2025-06-30,63.4,73,57,50,76,60,1,Good manager support
E02474,2026-06-30,63.8,79,53,72,40,87,9,Need more learning opportunities
E02475,2025-06-30,56.4,75,88,55,54,60,5,Happy with flexibility
E02475,2026-06-30,70.4,85,94,70,49,59,1,Workload is high
E02476,2025-06-30,66.7,68,73,54,56,87,10,No comment
E02476,2026-06-30,50.3,71,49,47,44,51,6,Workload is high
E02477,2025-06-30,80.0,49,89,51,84,85,4,Need clearer career path
E02477,2026-06-30,78.6,68,90,49,79,84,9,Happy with flexibility
E02478,2026-06-30,68.9,77,92,76,80,65,2,No comment
E02479,2026-06-30,82.1,95,61,86,76,79,7,Workload is high
E02480,2025-06-30,64.2,48,50,43,73,79,1,No comment
E02480,2026-06-30,65.9,45,60,46,93,86,2,Happy with flexibility
E02481,2025-06-30,62.1,77,45,38,96,63,1,Workload is high
E02481,2026-06-30,60.8,60,55,61,50,59,9,Strong team culture
E02482,2025-06-30,55.8,56,42,62,93,45,6,Workload is high
E02482,2026-06-30,64.8,54,82,69,57,51,2,Need more learning opportunities
E02483,2025-06-30,75.0,83,80,65,51,92,10,Happy with flexibility
E02483,2026-06-30,64.8,87,49,52,58,78,3,Need clearer career path
E02484,2025-06-30,71.4,46,93,92,90,56,10,Good manager support
E02484,2026-06-30,76.0,93,78,70,87,67,9,Need clearer career path
E02485,2025-06-30,86.0,87,67,83,61,76,2,Compensation could improve
E02485,2026-06-30,79.0,95,89,76,53,68,0,Need more learning opportunities
E02486,2025-06-30,68.0,86,75,72,45,93,3,Happy with flexibility
E02486,2026-06-30,78.8,88,66,87,86,55,1,Workload is high
E02487,2025-06-30,75.8,46,88,54,94,82,1,Need more learning opportunities
E02487,2026-06-30,70.0,78,44,85,96,88,9,No comment
E02488,2025-06-30,68.8,52,57,84,58,83,5,Good manager support
E02488,2026-06-30,70.4,63,81,84,48,77,3,Need clearer career path
E02489,2025-06-30,66.7,57,70,79,85,55,2,Workload is high
E02489,2026-06-30,76.0,69,69,59,68,57,0,Workload is high
E02490,2025-06-30,58.6,80,58,40,57,76,4,Good manager support
E02490,2026-06-30,76.1,64,72,85,63,73,6,No comment
E02491,2025-06-30,75.6,88,65,76,88,61,4,Workload is high
E02491,2026-06-30,63.8,89,50,46,54,59,2,Happy with flexibility
E02492,2025-06-30,54.1,48,40,46,66,50,2,Need more learning opportunities
E02492,2026-06-30,74.9,89,57,86,71,55,6,Need more learning opportunities
E02493,2025-06-30,73.7,92,45,70,83,85,7,Happy with flexibility
E02493,2026-06-30,69.3,70,44,88,84,48,6,Happy with flexibility
E02494,2025-06-30,75.0,66,69,88,53,77,6,Happy with flexibility
E02494,2026-06-30,73.0,95,72,80,73,69,6,Good manager support
E02495,2025-06-30,74.4,67,68,55,91,84,10,Happy with flexibility
E02495,2026-06-30,52.4,45,51,71,56,73,6,No comment
E02496,2025-06-30,63.9,91,47,65,73,69,10,Need more learning opportunities
E02496,2026-06-30,59.5,48,60,45,84,58,4,Strong team culture
E02497,2025-06-30,54.6,46,74,50,55,46,1,No comment
E02497,2026-06-30,62.7,52,44,67,66,80,5,No comment
E02498,2025-06-30,75.5,88,46,67,93,61,9,Workload is high
E02498,2026-06-30,74.7,64,91,75,89,50,5,Need clearer career path
E02499,2025-06-30,73.0,63,95,88,54,64,3,Strong team culture
E02499,2026-06-30,58.6,74,47,41,47,73,5,Good manager support
E02500,2025-06-30,71.3,69,78,48,89,77,10,Need more learning opportunities
E02500,2026-06-30,65.6,71,62,86,53,80,1,No comment
E02501,2025-06-30,77.1,81,52,88,49,76,8,Need clearer career path
E02501,2026-06-30,71.4,95,48,75,47,61,10,Workload is high
E02502,2025-06-30,76.5,72,83,68,94,55,5,Workload is high
E02502,2026-06-30,76.0,54,80,43,66,98,3,No comment
E02503,2025-06-30,77.8,79,91,54,80,79,5,Need clearer career path
E02503,2026-06-30,68.3,46,88,53,67,77,6,Compensation could improve
E02505,2025-06-30,62.9,70,73,65,44,82,5,No comment
E02505,2026-06-30,64.9,78,61,54,40,91,7,Happy with flexibility
E02506,2025-06-30,70.5,77,73,91,88,50,3,Happy with flexibility
E02506,2026-06-30,67.1,90,46,74,54,91,9,Strong team culture
E02507,2026-06-30,56.3,56,53,47,86,62,5,Need more learning opportunities
E02508,2025-06-30,77.0,82,61,88,88,61,6,Strong team culture
E02508,2026-06-30,63.3,67,44,75,52,85,10,No comment
E02509,2025-06-30,72.6,74,81,45,55,77,0,Compensation could improve
E02509,2026-06-30,66.4,63,41,72,77,87,8,Need clearer career path
E02510,2025-06-30,65.7,57,86,39,78,98,9,Good manager support
E02510,2026-06-30,65.6,71,95,61,42,63,1,Workload is high
E02511,2025-06-30,64.6,53,85,74,63,49,9,Workload is high
E02511,2026-06-30,63.9,56,54,76,93,47,5,Compensation could improve
E02512,2025-06-30,68.3,73,62,41,91,72,6,Good manager support
E02512,2026-06-30,66.7,69,40,87,73,59,1,Need clearer career path
E02513,2025-06-30,78.0,76,81,85,57,65,3,Need more learning opportunities
E02513,2026-06-30,63.9,75,42,39,83,75,10,Need more learning opportunities
E02514,2025-06-30,79.1,79,87,76,83,57,7,Workload is high
E02514,2026-06-30,68.5,79,88,73,63,70,0,Good manager support
E02515,2025-06-30,69.6,60,71,88,63,65,3,Workload is high
E02515,2026-06-30,55.0,46,42,76,52,92,3,Need more learning opportunities
E02516,2025-06-30,66.5,69,48,39,90,97,7,Workload is high
E02516,2026-06-30,61.8,61,45,62,63,73,0,No comment
E02517,2025-06-30,77.1,85,87,75,63,59,5,Need more learning opportunities
E02517,2026-06-30,67.8,73,56,47,64,88,5,No comment
E02518,2025-06-30,73.7,84,54,92,72,78,7,Strong team culture
E02518,2026-06-30,72.0,92,69,59,52,55,1,Good manager support
E02520,2025-06-30,70.8,67,86,56,63,88,10,No comment
E02520,2026-06-30,60.9,74,49,83,50,50,3,Strong team culture
E02522,2025-06-30,76.4,58,74,61,75,75,10,Strong team culture
E02522,2026-06-30,74.9,82,42,78,91,96,8,Happy with flexibility
E02523,2025-06-30,76.7,79,69,73,85,56,5,Happy with flexibility
E02523,2026-06-30,65.1,86,70,66,62,47,10,Need more learning opportunities
E02524,2025-06-30,67.1,82,60,88,55,51,2,Need clearer career path
E02524,2026-06-30,81.6,58,94,75,68,95,2,No comment
E02525,2025-06-30,53.3,62,41,83,40,58,9,Happy with flexibility
E02525,2026-06-30,80.2,93,92,78,50,94,9,Need clearer career path
E02528,2025-06-30,75.8,66,69,88,72,68,4,Need more learning opportunities
E02528,2026-06-30,63.8,60,95,62,73,58,5,Happy with flexibility
E02529,2025-06-30,72.5,50,87,66,56,94,4,Workload is high
E02529,2026-06-30,60.5,55,68,59,58,55,10,Need more learning opportunities
E02531,2025-06-30,60.2,60,86,75,44,46,1,Need more learning opportunities
E02531,2026-06-30,67.3,76,57,87,85,74,5,Happy with flexibility
E02532,2025-06-30,75.9,58,83,91,62,59,5,Need more learning opportunities
E02532,2026-06-30,60.1,68,58,40,50,64,0,Need clearer career path
E02533,2025-06-30,72.2,88,89,57,41,91,3,Need clearer career path
E02533,2026-06-30,61.2,79,63,56,55,55,2,Workload is high
E02534,2025-06-30,71.1,95,51,87,55,47,7,Strong team culture
E02534,2026-06-30,68.0,85,90,61,44,55,5,Compensation could improve
E02535,2025-06-30,69.0,55,62,60,83,77,4,Happy with flexibility
E02535,2026-06-30,76.0,54,87,62,74,87,2,Workload is high
E02536,2025-06-30,72.7,88,53,58,79,72,9,Need clearer career path
E02536,2026-06-30,66.7,88,74,78,42,68,2,Need clearer career path
E02538,2025-06-30,75.6,74,88,87,52,75,3,Need more learning opportunities
E02538,2026-06-30,80.4,54,64,83,87,92,8,Compensation could improve
E02539,2025-06-30,80.9,89,87,75,70,95,5,Compensation could improve
E02539,2026-06-30,79.1,74,69,60,60,87,10,Compensation could improve
E02540,2026-06-30,67.8,77,78,75,58,55,8,Strong team culture
E02541,2025-06-30,66.4,68,48,70,93,81,2,Happy with flexibility
E02541,2026-06-30,67.9,55,89,84,49,48,5,Strong team culture
E02542,2025-06-30,72.3,86,83,83,84,52,10,Workload is high
E02542,2026-06-30,64.7,50,40,89,47,76,10,Compensation could improve
E02543,2025-06-30,75.5,70,79,91,75,61,5,Good manager support
E02543,2026-06-30,74.1,75,74,46,94,57,3,Workload is high
E02544,2025-06-30,75.9,69,65,86,68,71,6,No comment
E02544,2026-06-30,68.2,64,77,74,76,49,6,Need more learning opportunities
E02545,2025-06-30,63.3,63,52,61,45,95,2,Happy with flexibility
E02545,2026-06-30,60.9,62,92,57,50,84,8,Compensation could improve
E02546,2025-06-30,60.4,60,58,82,50,89,6,Happy with flexibility
E02546,2026-06-30,54.2,49,60,52,55,66,9,Good manager support
E02547,2025-06-30,68.0,54,69,64,85,68,4,Good manager support
E02548,2025-06-30,69.7,62,89,75,64,66,6,Happy with flexibility
E02548,2026-06-30,72.0,69,64,74,43,76,0,Good manager support
E02549,2025-06-30,76.9,67,89,76,74,90,8,Strong team culture
E02549,2026-06-30,57.3,91,43,73,58,47,9,Happy with flexibility
E02550,2025-06-30,63.6,66,93,60,58,51,8,Strong team culture
E02550,2026-06-30,72.6,68,57,74,46,96,4,Need more learning opportunities
E02552,2025-06-30,67.6,88,70,57,81,77,10,Compensation could improve
E02552,2026-06-30,72.4,79,88,38,82,83,8,Workload is high
E02553,2025-06-30,62.7,54,64,68,83,72,9,Good manager support
E02555,2025-06-30,80.0,89,59,71,77,70,1,Need clearer career path
E02555,2026-06-30,74.4,73,80,51,79,84,5,Need more learning opportunities
E02556,2025-06-30,60.9,75,48,54,58,63,3,Good manager support
E02556,2026-06-30,81.4,93,69,79,68,85,0,Need more learning opportunities
E02557,2026-06-30,67.2,53,65,92,77,71,1,Need clearer career path
E02559,2025-06-30,70.3,94,52,86,72,60,5,Strong team culture
E02559,2026-06-30,56.6,78,78,41,41,68,5,Need more learning opportunities
E02560,2025-06-30,73.8,91,76,54,55,95,9,No comment
E02560,2026-06-30,75.8,95,89,55,74,70,5,Workload is high
E02562,2025-06-30,61.6,78,53,71,47,79,9,Good manager support
E02562,2026-06-30,73.8,54,82,63,42,97,3,Need clearer career path
E02563,2025-06-30,75.9,79,90,66,83,48,4,Strong team culture
E02563,2026-06-30,57.6,45,75,66,47,64,8,No comment
E02564,2025-06-30,67.8,61,91,75,67,46,3,Compensation could improve
E02564,2026-06-30,57.1,76,64,46,64,48,9,Good manager support
E02565,2025-06-30,77.9,82,67,68,92,84,10,Workload is high
E02566,2025-06-30,72.8,74,59,53,94,68,4,Workload is high
E02566,2026-06-30,65.1,79,83,78,45,64,9,Need more learning opportunities
E02567,2025-06-30,72.6,94,75,58,48,87,7,Good manager support
E02567,2026-06-30,64.5,78,61,66,49,73,7,Strong team culture
E02568,2025-06-30,68.3,89,60,68,85,55,10,No comment
E02568,2026-06-30,54.4,50,58,55,48,68,6,Good manager support
E02569,2025-06-30,83.0,84,93,75,66,86,8,Need more learning opportunities
E02569,2026-06-30,61.8,72,47,69,44,74,10,Strong team culture
E02570,2025-06-30,68.8,92,54,52,41,76,1,Strong team culture
E02570,2026-06-30,69.5,71,85,66,78,48,3,Strong team culture
E02571,2025-06-30,64.3,86,73,49,54,56,8,Workload is high
E02571,2026-06-30,78.1,86,76,38,95,78,10,Strong team culture
E02572,2025-06-30,69.7,63,80,81,78,56,4,Strong team culture
E02572,2026-06-30,72.6,66,54,80,80,90,0,Need clearer career path
E02573,2025-06-30,71.9,95,92,60,62,46,8,Compensation could improve
E02573,2026-06-30,76.8,76,82,81,45,97,0,Happy with flexibility
E02574,2026-06-30,71.8,78,78,44,81,98,10,Workload is high
E02575,2025-06-30,69.8,66,92,53,95,45,8,No comment
E02575,2026-06-30,46.9,48,41,45,50,85,9,Happy with flexibility
E02576,2025-06-30,73.1,93,85,48,69,80,1,Need clearer career path
E02576,2026-06-30,62.5,51,95,64,75,69,3,Compensation could improve
E02577,2026-06-30,74.4,75,79,48,72,79,8,No comment
E02578,2025-06-30,64.2,55,79,52,60,79,9,No comment
E02578,2026-06-30,65.6,72,62,38,86,51,6,Good manager support
E02579,2025-06-30,68.7,94,49,44,92,88,9,Need clearer career path
E02579,2026-06-30,75.3,59,54,91,93,96,1,Workload is high
E02581,2025-06-30,68.6,56,48,60,78,91,9,Strong team culture
E02581,2026-06-30,56.7,58,51,78,48,52,8,Compensation could improve
E02583,2025-06-30,61.5,46,93,51,53,57,10,Need clearer career path
E02583,2026-06-30,54.2,54,69,58,57,50,9,Workload is high
E02584,2025-06-30,75.9,58,90,66,76,88,10,Need more learning opportunities
E02584,2026-06-30,67.2,79,64,90,42,76,9,Compensation could improve
E02585,2025-06-30,62.3,77,51,46,87,72,4,Workload is high
E02585,2026-06-30,81.7,77,40,60,87,87,7,Workload is high
E02587,2025-06-30,62.6,86,60,40,77,55,9,No comment
E02587,2026-06-30,72.6,84,72,54,70,69,7,Need more learning opportunities
E02588,2025-06-30,71.6,71,63,82,56,93,7,Compensation could improve
E02588,2026-06-30,67.9,86,49,66,54,78,1,Need more learning opportunities
E02589,2025-06-30,61.7,58,81,72,61,56,6,Happy with flexibility
E02589,2026-06-30,63.7,62,65,84,62,65,2,Good manager support
E02590,2025-06-30,78.7,63,90,80,68,94,5,No comment
E02590,2026-06-30,58.9,46,63,84,49,55,4,Strong team culture
E02591,2025-06-30,65.8,73,50,76,83,65,2,Happy with flexibility
E02591,2026-06-30,72.5,93,68,71,82,52,0,Need clearer career path
E02592,2025-06-30,82.0,83,92,82,92,75,10,Happy with flexibility
E02592,2026-06-30,82.4,94,76,60,92,88,3,Need more learning opportunities
E02593,2025-06-30,72.9,49,89,89,46,79,2,Need more learning opportunities
E02593,2026-06-30,74.3,82,88,88,60,73,2,Workload is high
E02594,2025-06-30,63.3,67,48,69,42,73,10,Strong team culture
E02594,2026-06-30,66.9,62,42,66,79,67,3,Happy with flexibility
E02595,2025-06-30,65.8,46,54,67,60,84,10,Happy with flexibility
E02595,2026-06-30,67.6,90,70,78,56,54,9,Good manager support
E02596,2025-06-30,85.8,57,90,84,85,89,2,No comment
E02596,2026-06-30,74.6,76,60,72,86,61,1,Need more learning opportunities
E02597,2026-06-30,71.5,76,57,91,65,66,9,Need more learning opportunities
E02598,2025-06-30,58.2,75,65,47,45,79,3,Workload is high
E02598,2026-06-30,76.3,53,95,75,78,88,6,Good manager support
E02599,2025-06-30,64.2,50,60,74,88,79,3,Good manager support
E02599,2026-06-30,65.2,71,65,71,70,45,9,Need clearer career path
E02600,2025-06-30,58.2,67,41,92,53,52,5,Workload is high
E02600,2026-06-30,76.3,71,85,84,84,50,5,Need clearer career path
E02601,2025-06-30,59.2,74,65,52,53,80,6,Need more learning opportunities
E02601,2026-06-30,64.4,63,68,62,87,59,1,Need clearer career path
E02602,2025-06-30,88.6,93,74,87,74,97,7,Good manager support
E02602,2026-06-30,59.8,76,65,48,58,71,4,Need clearer career path
E02603,2025-06-30,61.9,86,62,78,83,56,10,Strong team culture
E02603,2026-06-30,55.2,59,46,58,40,74,2,Strong team culture
E02604,2025-06-30,62.1,68,63,53,85,53,6,Happy with flexibility
E02604,2026-06-30,66.9,62,78,57,71,46,0,Workload is high
E02605,2025-06-30,84.2,89,91,51,94,96,10,Happy with flexibility
E02605,2026-06-30,82.2,88,65,73,89,81,4,Need more learning opportunities
E02606,2025-06-30,65.8,59,68,75,70,55,1,Good manager support
E02606,2026-06-30,76.3,70,88,77,82,86,5,Compensation could improve
E02607,2025-06-30,61.7,47,42,86,43,97,6,Need more learning opportunities
E02607,2026-06-30,72.0,52,61,41,96,88,3,Strong team culture
E02608,2025-06-30,81.4,70,69,71,80,82,6,Need more learning opportunities
E02608,2026-06-30,68.2,85,69,83,58,78,6,Need more learning opportunities
E02609,2025-06-30,68.8,70,87,57,61,52,5,Need clearer career path
E02609,2026-06-30,57.4,47,66,55,40,71,6,Good manager support
E02610,2025-06-30,73.1,76,57,58,83,69,2,No comment
E02610,2026-06-30,63.8,84,78,59,51,70,1,Need clearer career path
E02611,2025-06-30,69.3,86,67,72,47,57,3,Need more learning opportunities
E02611,2026-06-30,80.6,86,56,66,93,68,7,Compensation could improve
E02612,2025-06-30,80.3,72,83,48,84,64,6,No comment
E02612,2026-06-30,70.6,92,86,44,66,73,3,Need clearer career path
E02613,2026-06-30,75.5,87,89,58,92,50,5,Need more learning opportunities
E02614,2026-06-30,52.8,45,41,50,46,57,0,No comment
E02615,2025-06-30,57.3,93,48,75,40,46,0,Strong team culture
E02615,2026-06-30,59.4,58,64,68,84,47,5,Compensation could improve
E02616,2025-06-30,77.2,74,86,74,88,64,1,Compensation could improve
E02616,2026-06-30,67.3,74,84,44,60,59,3,Need more learning opportunities
E02617,2025-06-30,67.4,94,88,44,74,86,0,Happy with flexibility
E02617,2026-06-30,71.0,83,76,44,80,86,7,Workload is high
E02619,2025-06-30,55.6,55,59,46,87,83,7,Need more learning opportunities
E02619,2026-06-30,70.5,59,83,77,75,75,5,Happy with flexibility
E02620,2025-06-30,69.7,82,94,41,43,62,10,No comment
E02620,2026-06-30,75.8,81,79,57,70,54,2,Need more learning opportunities
E02621,2025-06-30,76.9,94,93,39,46,98,7,Need clearer career path
E02621,2026-06-30,73.4,93,76,86,63,54,7,Good manager support
E02622,2025-06-30,67.0,64,41,65,63,51,3,Good manager support
E02622,2026-06-30,80.2,79,61,69,90,90,10,Good manager support
E02623,2025-06-30,73.3,56,67,80,95,61,3,Need clearer career path
E02623,2026-06-30,73.6,93,56,90,83,58,3,No comment
E02624,2025-06-30,78.9,56,85,66,67,83,9,Compensation could improve
E02624,2026-06-30,62.3,81,46,53,46,45,2,Workload is high
E02625,2025-06-30,76.4,56,78,70,60,94,5,Need more learning opportunities
E02625,2026-06-30,79.0,86,73,92,59,68,1,Happy with flexibility
E02626,2025-06-30,75.3,49,86,48,92,93,8,Compensation could improve
E02626,2026-06-30,63.9,52,63,73,74,81,1,Good manager support
E02628,2025-06-30,74.2,76,83,85,55,82,8,Need clearer career path
E02628,2026-06-30,65.1,70,45,88,48,69,0,Need more learning opportunities
E02629,2025-06-30,69.2,72,90,67,76,60,10,No comment
E02629,2026-06-30,74.7,49,67,79,91,75,3,No comment
E02632,2025-06-30,63.8,57,89,57,56,56,4,Need more learning opportunities
E02632,2026-06-30,77.3,87,87,73,40,94,6,Need more learning opportunities
E02633,2025-06-30,63.8,86,63,45,60,93,7,Need clearer career path
E02633,2026-06-30,54.0,61,52,55,51,54,9,Happy with flexibility
E02634,2025-06-30,84.4,93,82,75,73,94,1,Workload is high
E02634,2026-06-30,79.4,91,78,73,70,88,1,Compensation could improve
E02635,2025-06-30,64.8,56,86,43,52,90,7,Good manager support
E02635,2026-06-30,66.8,72,63,75,93,71,9,Happy with flexibility
E02636,2025-06-30,74.9,84,63,49,93,69,2,Need more learning opportunities
E02636,2026-06-30,81.8,88,56,85,96,73,2,Need more learning opportunities
E02637,2025-06-30,56.9,47,61,47,87,48,7,Need more learning opportunities
E02637,2026-06-30,68.8,70,44,73,82,73,1,Happy with flexibility
E02638,2025-06-30,78.5,46,90,81,69,89,3,Workload is high
E02638,2026-06-30,74.1,62,87,40,77,76,8,No comment
E02639,2025-06-30,71.5,58,81,49,84,65,7,Compensation could improve
E02639,2026-06-30,75.4,60,87,57,92,85,0,Need more learning opportunities
E02640,2025-06-30,76.7,54,92,69,95,84,7,Good manager support
E02640,2026-06-30,67.7,81,66,67,56,54,3,Good manager support
E02641,2025-06-30,85.8,72,83,83,91,98,0,Strong team culture
E02641,2026-06-30,58.7,61,40,66,49,77,4,No comment
E02643,2026-06-30,62.7,61,44,74,61,78,4,No comment
E02644,2025-06-30,73.2,57,71,86,53,45,8,Good manager support
E02644,2026-06-30,59.2,70,60,52,52,58,10,Happy with flexibility
E02646,2025-06-30,68.5,90,86,50,68,69,9,Good manager support
E02646,2026-06-30,65.4,65,70,62,56,61,1,Need clearer career path
E02647,2025-06-30,54.8,89,47,58,47,49,9,Happy with flexibility
E02647,2026-06-30,60.0,67,47,42,59,97,5,Strong team culture
E02648,2025-06-30,63.8,65,81,51,63,87,6,Good manager support
E02648,2026-06-30,68.0,56,52,88,72,91,9,Need clearer career path
E02649,2025-06-30,66.1,55,71,76,64,89,5,No comment
E02649,2026-06-30,58.7,77,51,51,57,57,4,No comment
E02650,2026-06-30,68.6,61,42,45,90,67,6,Compensation could improve
E02651,2025-06-30,58.8,58,49,61,40,72,7,Compensation could improve
E02652,2025-06-30,76.7,72,64,74,93,52,4,Need more learning opportunities
E02652,2026-06-30,68.3,70,89,92,70,45,9,No comment
E02653,2025-06-30,74.1,75,73,66,92,56,4,No comment
E02653,2026-06-30,76.1,74,76,92,73,96,7,No comment
E02654,2025-06-30,63.6,80,89,56,74,60,5,Strong team culture
E02654,2026-06-30,67.2,93,91,75,49,66,0,Compensation could improve
E02656,2025-06-30,66.5,50,73,81,61,83,8,Need more learning opportunities
E02657,2025-06-30,73.4,75,86,90,51,61,4,No comment
E02657,2026-06-30,85.3,89,81,83,90,80,7,Workload is high
E02658,2025-06-30,80.8,91,64,90,88,72,5,Need clearer career path
E02658,2026-06-30,68.3,87,80,50,79,68,6,No comment
E02659,2025-06-30,79.7,83,93,66,85,63,9,Strong team culture
E02659,2026-06-30,60.3,93,49,39,54,68,6,No comment
E02660,2026-06-30,82.9,89,76,87,88,67,9,Good manager support
E02661,2025-06-30,66.6,62,53,83,59,66,6,Happy with flexibility
E02661,2026-06-30,64.4,48,50,79,91,46,6,Compensation could improve
E02662,2025-06-30,55.4,70,55,48,42,45,5,Good manager support
E02662,2026-06-30,73.5,68,65,89,90,63,6,Compensation could improve
E02663,2025-06-30,68.6,82,87,54,61,59,1,No comment
E02663,2026-06-30,78.7,47,91,85,79,85,0,Need clearer career path
E02664,2025-06-30,60.6,66,71,74,57,53,5,Workload is high
E02664,2026-06-30,72.4,91,81,56,55,83,2,Compensation could improve
E02665,2026-06-30,69.3,89,59,87,59,87,3,Good manager support
E02666,2025-06-30,60.6,73,56,42,88,63,6,Good manager support
E02667,2025-06-30,54.1,47,50,50,64,60,2,Compensation could improve
E02667,2026-06-30,74.3,83,71,74,81,51,5,Happy with flexibility
E02668,2025-06-30,61.3,55,48,70,69,71,7,No comment
E02668,2026-06-30,75.0,93,57,45,81,92,4,Strong team culture
E02669,2025-06-30,82.4,94,57,88,79,90,1,Need more learning opportunities
E02669,2026-06-30,63.0,73,58,71,57,54,0,Compensation could improve
E02670,2025-06-30,67.5,78,79,73,42,67,1,Need clearer career path
E02670,2026-06-30,83.1,89,86,63,82,86,7,Happy with flexibility
E02671,2025-06-30,67.2,89,76,56,49,48,1,Strong team culture
E02671,2026-06-30,74.9,85,86,48,78,62,2,Workload is high
E02673,2025-06-30,59.5,46,56,62,69,58,5,No comment
E02673,2026-06-30,47.5,63,44,47,43,46,10,Happy with flexibility
E02674,2025-06-30,63.9,56,82,57,77,64,2,Good manager support
E02674,2026-06-30,71.3,63,72,57,91,76,6,Strong team culture
E02675,2025-06-30,66.8,78,71,63,61,48,0,Compensation could improve
E02675,2026-06-30,63.6,74,74,70,69,50,1,Happy with flexibility
E02676,2026-06-30,70.9,78,79,45,80,67,2,Workload is high
E02677,2025-06-30,60.6,59,63,62,90,53,1,Strong team culture
E02677,2026-06-30,68.5,58,59,59,74,67,9,Need clearer career path
E02678,2025-06-30,75.1,78,71,67,85,91,2,Need more learning opportunities
E02678,2026-06-30,71.1,47,56,81,76,96,1,Need more learning opportunities
E02679,2025-06-30,57.1,73,53,42,83,66,7,Happy with flexibility
E02679,2026-06-30,74.3,89,87,75,82,48,8,Strong team culture
E02680,2025-06-30,68.5,57,74,69,71,46,4,No comment
E02680,2026-06-30,85.2,51,95,85,81,83,2,Compensation could improve
E02681,2026-06-30,77.6,51,89,47,90,95,2,Good manager support
E02682,2025-06-30,53.2,60,49,66,58,46,6,Good manager support
E02682,2026-06-30,48.8,50,42,58,46,72,1,Workload is high
E02684,2025-06-30,73.4,95,87,52,68,56,6,Workload is high
E02684,2026-06-30,65.4,59,65,56,88,84,4,Strong team culture
E02685,2025-06-30,66.2,78,68,69,44,73,8,Need more learning opportunities
E02686,2025-06-30,67.8,47,89,68,91,48,7,No comment
E02686,2026-06-30,58.1,52,53,67,60,61,4,Workload is high
E02687,2025-06-30,64.4,50,58,41,87,85,7,Need clearer career path
E02687,2026-06-30,52.2,47,65,48,43,55,2,No comment
E02689,2025-06-30,59.4,50,73,74,43,57,10,Need clearer career path
E02689,2026-06-30,77.0,67,90,57,90,94,4,Good manager support
E02690,2025-06-30,73.5,79,94,43,67,77,10,Strong team culture
E02690,2026-06-30,75.9,91,82,80,52,52,6,Workload is high
E02691,2026-06-30,75.3,57,70,74,81,84,3,Strong team culture
E02692,2025-06-30,69.1,88,94,72,49,72,2,Need clearer career path
E02692,2026-06-30,54.9,49,44,66,50,77,8,No comment
E02693,2025-06-30,52.6,86,57,70,46,48,9,Need clearer career path
E02693,2026-06-30,51.6,66,59,43,72,58,9,Strong team culture
E02694,2025-06-30,72.0,80,81,46,56,84,4,Workload is high
E02694,2026-06-30,60.1,78,48,59,65,53,4,Need more learning opportunities
E02696,2025-06-30,63.5,71,67,79,50,73,8,Need more learning opportunities
E02696,2026-06-30,68.2,80,56,46,67,79,8,Workload is high
E02697,2025-06-30,66.7,57,62,40,82,55,0,Strong team culture
E02697,2026-06-30,65.5,53,89,58,86,46,3,Strong team culture
E02698,2025-06-30,52.6,61,43,73,49,54,2,Need clearer career path
E02698,2026-06-30,65.9,61,47,51,74,93,3,Good manager support
E02699,2025-06-30,79.7,90,59,64,90,79,7,Good manager support
E02700,2025-06-30,79.3,90,79,89,64,57,10,Compensation could improve
E02700,2026-06-30,74.7,60,65,86,77,63,3,Strong team culture
E02701,2025-06-30,77.6,86,86,47,55,93,1,Good manager support
E02701,2026-06-30,67.8,49,91,78,53,55,10,Good manager support
E02702,2025-06-30,73.2,93,75,75,90,46,8,Good manager support
E02702,2026-06-30,72.3,86,80,85,44,87,6,Happy with flexibility
E02703,2025-06-30,65.0,50,48,55,55,71,7,Strong team culture
E02703,2026-06-30,66.2,71,46,58,81,92,3,Compensation could improve
E02704,2025-06-30,73.2,91,87,53,66,47,7,No comment
E02704,2026-06-30,68.8,74,50,79,51,91,9,Strong team culture
E02705,2025-06-30,72.7,80,75,88,43,92,6,Compensation could improve
E02705,2026-06-30,50.9,57,46,75,46,62,0,Workload is high
E02706,2025-06-30,62.1,48,94,72,65,64,8,Need more learning opportunities
E02707,2025-06-30,63.3,62,70,67,57,50,6,Need more learning opportunities
E02707,2026-06-30,68.2,67,65,74,48,94,9,Compensation could improve
E02708,2025-06-30,60.3,49,71,55,90,47,10,Workload is high
E02708,2026-06-30,73.9,52,84,62,93,83,2,Strong team culture
E02709,2025-06-30,70.6,92,84,57,63,48,10,Need clearer career path
E02709,2026-06-30,73.7,62,71,86,82,76,2,Compensation could improve
E02711,2025-06-30,74.3,88,83,82,47,67,1,Need clearer career path
E02711,2026-06-30,66.1,46,75,62,94,56,5,Good manager support
E02712,2025-06-30,69.2,90,58,72,50,85,2,Compensation could improve
E02712,2026-06-30,63.2,93,54,40,80,63,0,Workload is high
E02713,2025-06-30,73.8,75,76,48,87,79,1,Good manager support
E02713,2026-06-30,66.4,74,41,69,87,63,0,Strong team culture
E02714,2025-06-30,62.1,61,41,45,49,90,8,Workload is high
E02715,2025-06-30,82.4,75,70,66,93,95,9,No comment
E02715,2026-06-30,69.0,54,95,73,57,71,10,Good manager support
E02716,2025-06-30,67.8,79,90,55,88,45,1,Need clearer career path
E02717,2026-06-30,75.8,46,95,59,89,61,4,Compensation could improve
E02718,2025-06-30,69.4,85,77,52,61,59,8,Need clearer career path
E02718,2026-06-30,67.0,83,45,63,92,51,9,Good manager support
E02719,2025-06-30,59.6,59,54,44,81,57,5,Good manager support
E02719,2026-06-30,73.1,53,42,89,77,83,9,Need more learning opportunities
E02720,2025-06-30,60.2,62,55,47,67,70,3,Strong team culture
E02720,2026-06-30,83.2,81,82,69,64,94,9,Good manager support
E02721,2025-06-30,69.8,73,49,82,82,66,1,Need clearer career path
E02721,2026-06-30,70.7,92,45,63,89,90,10,No comment
E02722,2025-06-30,75.3,65,61,88,67,86,2,Need clearer career path
E02722,2026-06-30,71.5,71,68,82,82,73,0,No comment
E02723,2025-06-30,56.8,56,58,39,76,53,0,Need clearer career path
E02723,2026-06-30,54.2,50,42,79,50,55,5,Compensation could improve
E02724,2025-06-30,81.8,81,79,77,85,65,6,Need clearer career path
E02724,2026-06-30,69.9,45,80,76,82,57,5,Workload is high
E02725,2025-06-30,66.1,94,67,72,74,46,0,Need more learning opportunities
E02725,2026-06-30,74.8,69,71,74,96,56,10,Need clearer career path
E02726,2025-06-30,69.4,55,58,74,86,75,1,No comment
E02726,2026-06-30,87.7,89,81,74,75,75,7,Workload is high
E02727,2026-06-30,58.3,86,40,47,57,58,2,No comment
E02728,2025-06-30,62.0,49,60,77,56,79,8,No comment
E02728,2026-06-30,60.6,69,71,84,58,60,5,Need more learning opportunities
E02729,2025-06-30,63.1,59,92,73,43,55,6,Compensation could improve
E02729,2026-06-30,68.0,53,46,57,83,87,1,Good manager support
E02730,2025-06-30,70.6,79,95,53,87,67,2,Happy with flexibility
E02730,2026-06-30,69.3,84,74,86,45,65,5,Happy with flexibility
E02732,2025-06-30,86.5,75,75,79,80,65,7,Need more learning opportunities
E02732,2026-06-30,80.4,88,89,47,51,91,6,Happy with flexibility
E02735,2025-06-30,74.0,88,80,90,60,76,2,Happy with flexibility
E02735,2026-06-30,57.8,45,68,41,75,58,0,Strong team culture
E02736,2025-06-30,46.9,57,43,61,47,61,8,Happy with flexibility
E02736,2026-06-30,65.6,75,80,78,52,62,1,Need more learning opportunities
E02737,2025-06-30,87.9,87,81,76,80,84,2,Need more learning opportunities
E02737,2026-06-30,64.6,62,53,69,62,51,0,Happy with flexibility
E02738,2025-06-30,55.5,46,68,61,51,57,1,Strong team culture
E02738,2026-06-30,68.5,78,42,80,63,73,9,Compensation could improve
E02739,2025-06-30,79.2,68,71,91,87,73,4,Need clearer career path
E02739,2026-06-30,60.7,63,56,60,76,50,5,No comment
E02740,2025-06-30,71.8,77,93,86,40,68,2,Need more learning opportunities
E02740,2026-06-30,87.9,88,74,88,86,88,4,Happy with flexibility
E02741,2026-06-30,59.2,50,79,45,69,58,10,No comment
E02742,2025-06-30,70.9,46,61,82,87,67,1,Strong team culture
E02742,2026-06-30,59.4,46,44,81,62,78,3,Workload is high
E02743,2025-06-30,66.7,51,56,84,83,63,5,Happy with flexibility
E02743,2026-06-30,69.1,90,47,66,76,86,6,Need more learning opportunities
E02744,2025-06-30,66.7,91,92,45,41,74,0,Happy with flexibility
E02744,2026-06-30,54.7,52,46,70,40,56,4,No comment
E02745,2025-06-30,73.0,48,69,62,73,87,3,Good manager support
E02745,2026-06-30,59.6,62,88,68,44,87,6,Compensation could improve
E02746,2025-06-30,73.8,86,69,68,58,96,0,No comment
E02746,2026-06-30,72.9,78,61,67,87,54,1,Workload is high
E02747,2025-06-30,71.7,76,55,46,95,95,7,Need clearer career path
E02747,2026-06-30,57.1,50,52,77,56,79,8,Strong team culture
E02748,2025-06-30,78.8,84,70,72,96,49,5,Good manager support
E02748,2026-06-30,66.4,72,52,71,67,57,3,Happy with flexibility
E02749,2025-06-30,71.4,83,79,83,50,79,3,Compensation could improve
E02749,2026-06-30,76.8,61,76,58,71,98,5,Workload is high
E02751,2025-06-30,61.9,72,54,65,67,46,3,Need more learning opportunities
E02751,2026-06-30,55.3,46,45,40,76,67,4,Need more learning opportunities
E02752,2026-06-30,68.6,77,58,75,71,89,6,Need more learning opportunities
E02753,2025-06-30,89.0,58,83,70,88,93,9,No comment
E02753,2026-06-30,78.3,81,76,59,95,77,8,Good manager support
E02754,2026-06-30,78.8,95,75,92,60,53,3,No comment
E02755,2025-06-30,65.3,57,64,39,86,92,5,Happy with flexibility
E02755,2026-06-30,63.9,80,63,62,62,70,6,Need more learning opportunities
E02756,2025-06-30,68.0,56,60,61,79,45,0,Strong team culture
E02756,2026-06-30,74.1,60,73,64,58,94,7,Compensation could improve
E02757,2026-06-30,73.0,71,91,53,47,81,0,Happy with flexibility
E02758,2025-06-30,61.9,54,69,52,77,61,0,Strong team culture
E02758,2026-06-30,50.1,83,53,50,41,59,5,Happy with flexibility
E02760,2025-06-30,61.7,68,58,50,41,93,8,Strong team culture
E02760,2026-06-30,73.3,86,85,62,46,57,2,Compensation could improve
E02762,2025-06-30,66.7,55,74,90,49,70,10,Compensation could improve
E02763,2025-06-30,66.8,49,85,56,55,53,3,Need clearer career path
E02763,2026-06-30,69.0,62,93,79,48,70,9,Need more learning opportunities
E02764,2025-06-30,61.8,78,54,74,83,54,0,Happy with flexibility
E02764,2026-06-30,56.7,46,59,51,55,63,10,Good manager support
E02765,2025-06-30,72.4,63,93,48,66,84,0,Need clearer career path
E02765,2026-06-30,70.0,95,47,72,61,68,5,No comment
E02766,2025-06-30,65.7,50,70,80,58,79,9,Good manager support
E02766,2026-06-30,63.7,76,64,55,87,47,4,Need more learning opportunities
E02767,2025-06-30,78.4,84,80,76,44,95,7,Strong team culture
E02767,2026-06-30,80.5,89,95,63,80,62,2,Strong team culture
E02769,2025-06-30,69.9,90,76,38,79,59,5,Good manager support
E02769,2026-06-30,66.6,61,76,40,69,83,4,Need clearer career path
E02770,2025-06-30,73.9,70,78,59,67,71,10,Strong team culture
E02770,2026-06-30,63.7,47,81,58,44,70,6,Need more learning opportunities
E02771,2025-06-30,79.0,72,42,89,90,61,10,Need clearer career path
E02771,2026-06-30,66.0,93,78,55,49,60,1,Happy with flexibility
E02772,2025-06-30,71.4,63,95,83,58,69,8,No comment
E02772,2026-06-30,78.9,81,94,39,84,75,5,Workload is high
E02773,2025-06-30,77.0,76,90,79,57,91,8,No comment
E02773,2026-06-30,52.6,50,44,42,57,47,5,No comment
E02774,2025-06-30,69.8,93,88,58,61,47,1,Workload is high
E02774,2026-06-30,70.1,57,79,89,79,57,6,Need more learning opportunities
E02775,2025-06-30,61.7,61,59,73,59,53,7,Strong team culture
E02775,2026-06-30,74.7,72,85,65,78,68,1,Strong team culture
E02777,2025-06-30,63.3,88,59,40,83,70,0,Need more learning opportunities
E02777,2026-06-30,63.9,46,60,64,82,73,8,Workload is high
E02778,2025-06-30,62.6,64,77,53,48,98,2,Good manager support
E02778,2026-06-30,75.1,83,82,84,76,88,10,Workload is high
E02779,2025-06-30,72.6,65,68,68,84,65,10,Happy with flexibility
E02779,2026-06-30,63.7,69,90,42,65,88,9,Compensation could improve
E02780,2025-06-30,71.8,80,85,82,44,69,2,Need clearer career path
E02780,2026-06-30,79.7,90,62,91,94,80,8,No comment
E02782,2025-06-30,82.6,76,75,73,73,83,2,Workload is high
E02782,2026-06-30,66.5,48,62,63,85,69,3,Happy with flexibility
E02784,2025-06-30,69.4,67,73,53,89,48,6,Compensation could improve
E02784,2026-06-30,80.1,74,93,85,63,89,7,Happy with flexibility
E02785,2025-06-30,68.4,71,56,84,71,57,8,No comment
E02785,2026-06-30,70.8,82,67,50,51,90,8,Need clearer career path
E02786,2025-06-30,66.5,80,42,69,79,65,4,Happy with flexibility
E02786,2026-06-30,68.8,80,60,38,92,75,9,Compensation could improve
E02787,2025-06-30,66.8,79,41,80,86,49,3,No comment
E02787,2026-06-30,76.7,46,86,78,53,88,6,Need more learning opportunities
E02788,2026-06-30,52.3,60,47,51,46,74,9,Need more learning opportunities
E02789,2025-06-30,69.2,81,59,90,72,53,7,Good manager support
E02789,2026-06-30,63.9,72,82,42,61,51,2,Compensation could improve
E02791,2025-06-30,67.7,57,86,48,66,79,6,Workload is high
E02791,2026-06-30,86.4,75,66,78,96,86,1,Compensation could improve
E02792,2025-06-30,58.1,72,70,40,76,76,4,Need clearer career path
E02792,2026-06-30,68.8,55,71,54,76,88,1,Strong team culture
E02793,2025-06-30,67.3,81,84,89,91,50,8,Need more learning opportunities
E02793,2026-06-30,58.5,67,56,57,43,49,6,Strong team culture
E02794,2025-06-30,74.5,49,80,80,75,65,7,Happy with flexibility
E02794,2026-06-30,65.1,51,84,58,69,58,8,No comment
E02795,2025-06-30,70.2,91,62,81,48,53,1,Strong team culture
E02795,2026-06-30,64.0,82,66,40,43,87,6,Happy with flexibility
E02796,2025-06-30,64.3,87,61,82,67,53,9,Strong team culture
E02796,2026-06-30,69.9,67,67,39,69,79,1,Need clearer career path
E02797,2025-06-30,67.8,74,82,58,87,66,7,Need more learning opportunities
E02799,2025-06-30,63.8,51,65,77,57,48,5,Happy with flexibility
E02799,2026-06-30,78.6,79,84,81,47,85,8,No comment
E02800,2025-06-30,81.6,92,95,56,84,96,5,Need clearer career path
E02800,2026-06-30,69.7,74,69,49,82,84,0,Workload is high
E02801,2025-06-30,64.7,57,74,72,69,50,5,Workload is high
E02801,2026-06-30,63.4,82,47,58,76,72,9,Need more learning opportunities
E02802,2025-06-30,79.8,82,86,56,83,68,2,Strong team culture
E02802,2026-06-30,71.5,48,45,87,95,63,6,Strong team culture
E02803,2025-06-30,57.7,59,41,50,94,72,1,Good manager support
E02803,2026-06-30,73.2,51,68,53,88,83,2,Compensation could improve
E02804,2025-06-30,66.0,52,63,64,44,91,2,Compensation could improve
E02805,2025-06-30,55.1,45,51,63,71,51,3,No comment
E02805,2026-06-30,74.3,70,54,66,95,87,1,No comment
E02806,2025-06-30,64.1,86,94,68,55,70,9,Happy with flexibility
E02806,2026-06-30,60.5,54,94,57,48,75,5,No comment
E02807,2025-06-30,71.4,63,93,85,60,72,8,Workload is high
E02807,2026-06-30,70.6,71,95,40,53,82,4,Need more learning opportunities
E02808,2025-06-30,73.1,58,64,78,86,81,7,Need more learning opportunities
E02808,2026-06-30,51.9,48,64,65,40,48,6,Workload is high
E02809,2025-06-30,67.4,50,50,53,79,95,3,Strong team culture
E02809,2026-06-30,69.7,82,64,86,51,61,0,No comment
E02811,2025-06-30,59.3,79,44,47,81,93,1,Need clearer career path
E02811,2026-06-30,53.8,83,40,46,48,74,7,No comment
E02813,2025-06-30,60.4,60,62,57,61,78,9,Strong team culture
E02813,2026-06-30,80.6,65,92,75,91,73,2,No comment
E02814,2026-06-30,76.8,49,56,88,75,81,9,Need more learning opportunities
E02815,2026-06-30,52.8,53,44,69,55,61,7,Strong team culture
E02816,2025-06-30,71.2,59,64,75,94,72,1,Compensation could improve
E02816,2026-06-30,69.6,64,94,61,89,57,4,Good manager support
E02817,2025-06-30,68.0,57,91,75,61,77,4,Workload is high
E02817,2026-06-30,62.9,49,79,53,43,78,0,Good manager support
E02818,2025-06-30,75.0,58,83,76,64,57,1,Need clearer career path
E02818,2026-06-30,85.7,85,75,85,84,88,0,Need more learning opportunities
E02819,2025-06-30,77.9,56,85,77,80,61,7,Compensation could improve
E02819,2026-06-30,70.8,69,43,75,84,56,6,Workload is high
E02820,2025-06-30,75.6,76,85,39,89,80,7,Compensation could improve
E02821,2025-06-30,73.9,88,79,52,47,71,6,Compensation could improve
E02821,2026-06-30,52.0,62,42,50,57,60,4,Need clearer career path
E02822,2025-06-30,81.2,95,54,80,94,74,9,Good manager support
E02822,2026-06-30,66.3,74,41,64,88,69,10,Strong team culture
E02823,2025-06-30,69.8,84,94,43,73,63,9,No comment
E02823,2026-06-30,80.2,63,77,80,70,95,4,Strong team culture
E02824,2025-06-30,76.0,83,87,60,66,71,1,Happy with flexibility
E02824,2026-06-30,61.1,78,62,45,54,69,5,Good manager support
E02825,2025-06-30,63.0,86,42,66,66,66,0,Need clearer career path
E02825,2026-06-30,62.8,87,45,68,43,74,0,Need more learning opportunities
E02826,2025-06-30,73.2,85,45,51,80,94,6,No comment
E02826,2026-06-30,69.5,55,67,86,80,50,8,No comment
E02827,2025-06-30,57.2,56,91,44,58,54,7,Good manager support
E02827,2026-06-30,72.4,66,68,57,81,94,4,Happy with flexibility
E02828,2025-06-30,64.2,64,59,49,83,59,2,Happy with flexibility
E02828,2026-06-30,87.4,70,78,79,90,91,4,Need more learning opportunities
E02829,2025-06-30,47.7,56,46,47,54,57,7,Happy with flexibility
E02829,2026-06-30,63.3,75,50,52,88,65,5,Need clearer career path
E02831,2025-06-30,55.5,79,50,41,63,67,4,Need more learning opportunities
E02831,2026-06-30,65.6,52,93,81,46,75,8,Need clearer career path
E02832,2025-06-30,49.9,61,70,44,42,55,2,Workload is high
E02832,2026-06-30,75.0,76,85,91,72,95,7,No comment
E02833,2026-06-30,67.6,79,80,62,57,68,2,Need clearer career path
E02834,2025-06-30,65.9,92,57,46,89,58,7,No comment
E02834,2026-06-30,67.3,69,80,79,69,52,2,No comment
E02835,2026-06-30,66.2,62,73,54,41,85,8,Happy with flexibility
E02836,2025-06-30,79.2,57,90,89,85,92,7,Need more learning opportunities
E02836,2026-06-30,62.9,71,86,49,81,50,2,Happy with flexibility
E02837,2025-06-30,58.8,67,78,46,55,60,6,Happy with flexibility
E02837,2026-06-30,69.1,83,52,63,74,71,7,Need more learning opportunities
E02838,2025-06-30,54.5,45,43,40,60,74,7,Compensation could improve
E02838,2026-06-30,72.1,88,92,56,45,78,9,Need more learning opportunities
E02839,2025-06-30,76.6,94,63,73,57,85,3,Strong team culture
E02839,2026-06-30,69.1,67,82,72,66,71,5,Need clearer career path
E02840,2025-06-30,72.7,76,72,89,79,61,8,Good manager support
E02840,2026-06-30,73.6,93,61,91,60,54,4,Happy with flexibility
E02841,2025-06-30,60.7,67,71,51,43,50,6,No comment
E02841,2026-06-30,74.3,94,53,39,52,98,5,No comment
E02842,2025-06-30,69.0,85,90,57,41,72,5,No comment
E02842,2026-06-30,61.0,72,67,53,43,47,4,Need clearer career path
E02843,2025-06-30,73.2,75,64,73,64,78,5,Need clearer career path
E02843,2026-06-30,78.6,84,74,84,67,75,2,Workload is high
E02845,2025-06-30,84.9,70,75,85,94,50,6,Happy with flexibility
E02845,2026-06-30,58.7,45,85,66,40,70,6,Compensation could improve
E02847,2025-06-30,64.8,89,75,41,50,67,8,Workload is high
E02847,2026-06-30,73.1,65,85,90,76,62,8,Need more learning opportunities
E02848,2025-06-30,59.4,59,40,45,61,78,5,Need more learning opportunities
E02848,2026-06-30,60.1,58,55,81,52,64,3,Compensation could improve
E02849,2025-06-30,70.5,76,47,90,50,98,10,Workload is high
E02849,2026-06-30,70.7,86,68,66,93,53,4,Need more learning opportunities
E02850,2025-06-30,66.8,92,43,47,89,69,7,Compensation could improve
E02850,2026-06-30,71.5,59,43,72,86,62,6,Happy with flexibility
E02851,2025-06-30,72.4,68,82,72,51,97,10,Workload is high
E02851,2026-06-30,64.3,53,90,69,45,89,9,Compensation could improve
E02852,2025-06-30,59.2,90,53,45,60,51,10,Compensation could improve
E02852,2026-06-30,69.9,62,72,49,81,85,9,Workload is high
E02853,2025-06-30,76.2,78,93,76,49,93,5,Compensation could improve
E02853,2026-06-30,61.1,70,67,57,42,68,4,Strong team culture
E02854,2025-06-30,67.4,82,87,62,46,45,0,Compensation could improve
E02854,2026-06-30,73.6,81,90,56,74,87,8,Good manager support
E02855,2025-06-30,53.5,67,57,51,62,72,3,Compensation could improve
E02855,2026-06-30,74.2,65,51,86,93,55,6,No comment
E02856,2025-06-30,69.0,48,64,63,65,95,8,Good manager support
E02856,2026-06-30,49.3,85,40,44,43,79,8,Compensation could improve
E02859,2025-06-30,61.4,56,92,42,68,50,5,No comment
E02859,2026-06-30,64.8,90,87,60,65,59,9,Compensation could improve
E02860,2025-06-30,62.2,70,47,63,76,73,2,Need more learning opportunities
E02860,2026-06-30,72.5,89,54,74,64,90,3,Strong team culture
E02861,2025-06-30,51.0,47,46,65,43,57,10,Workload is high
E02861,2026-06-30,84.0,95,73,47,96,79,9,No comment
E02862,2025-06-30,64.5,74,63,44,77,77,5,Strong team culture
E02862,2026-06-30,55.5,56,72,39,71,70,0,Strong team culture
E02863,2025-06-30,61.8,49,44,45,89,67,7,Good manager support
E02863,2026-06-30,74.4,95,60,72,40,97,7,Need clearer career path
E02864,2025-06-30,65.0,63,90,76,44,58,1,Strong team culture
E02864,2026-06-30,68.1,80,79,62,58,89,3,Good manager support
E02865,2025-06-30,73.8,87,72,80,81,62,9,Need clearer career path
E02865,2026-06-30,74.4,84,76,90,60,77,9,Compensation could improve
E02866,2025-06-30,69.1,52,76,77,57,87,1,Need clearer career path
E02866,2026-06-30,49.3,46,41,44,58,62,0,Workload is high
E02868,2025-06-30,72.1,61,92,47,81,74,6,Strong team culture
E02868,2026-06-30,79.4,54,95,40,83,98,9,Need clearer career path
E02869,2025-06-30,73.1,58,61,91,59,64,2,Need clearer career path
E02869,2026-06-30,86.2,79,83,92,67,83,7,Strong team culture
E02870,2025-06-30,52.3,45,63,44,96,46,0,Need clearer career path
E02870,2026-06-30,69.6,78,81,40,80,79,2,Need more learning opportunities
E02871,2025-06-30,80.7,86,92,85,57,94,6,Good manager support
E02871,2026-06-30,83.3,86,71,89,56,70,9,Strong team culture
E02872,2025-06-30,68.3,47,95,59,68,68,3,Need more learning opportunities
E02872,2026-06-30,79.6,83,84,80,66,69,9,Need clearer career path
E02873,2025-06-30,80.2,87,77,54,96,56,6,Need more learning opportunities
E02873,2026-06-30,72.5,51,79,38,96,94,5,Happy with flexibility
E02874,2025-06-30,84.1,95,89,81,54,91,4,Need clearer career path
E02874,2026-06-30,71.4,86,41,78,92,84,3,No comment
E02875,2025-06-30,66.8,46,81,81,53,69,1,Workload is high
E02875,2026-06-30,85.2,59,95,86,84,96,8,Workload is high
E02876,2026-06-30,62.7,45,83,70,55,50,2,Need clearer career path
E02877,2026-06-30,59.1,64,56,41,54,58,8,Good manager support
E02878,2026-06-30,77.3,93,73,64,86,94,5,No comment
E02879,2025-06-30,80.1,86,54,76,85,84,3,Compensation could improve
E02879,2026-06-30,73.5,82,44,58,96,64,10,Workload is high
E02881,2025-06-30,79.5,72,47,86,96,68,4,Need clearer career path
E02881,2026-06-30,74.6,55,86,39,91,93,6,No comment
E02882,2025-06-30,66.0,48,90,51,58,92,2,Compensation could improve
E02882,2026-06-30,76.2,92,61,69,65,67,9,Good manager support
E02883,2026-06-30,69.2,58,90,67,45,49,4,Need clearer career path
E02884,2025-06-30,71.9,88,87,75,51,48,10,Strong team culture
E02884,2026-06-30,61.8,62,74,57,81,70,8,No comment
E02885,2025-06-30,78.3,92,68,63,62,89,0,Need more learning opportunities
E02885,2026-06-30,79.3,60,83,65,78,61,4,Compensation could improve
E02886,2025-06-30,68.9,65,61,78,45,95,10,Good manager support
E02886,2026-06-30,65.8,85,67,74,53,47,1,Good manager support
E02887,2025-06-30,66.4,45,43,56,67,98,5,No comment
E02887,2026-06-30,78.4,89,75,78,87,51,5,Happy with flexibility
E02889,2025-06-30,61.0,59,64,50,81,57,2,Good manager support
E02889,2026-06-30,56.9,59,41,73,56,65,2,No comment
E02890,2025-06-30,63.3,61,59,69,96,62,6,Strong team culture
E02890,2026-06-30,64.6,57,93,51,54,47,6,Good manager support
E02892,2025-06-30,47.6,59,49,51,41,48,6,Strong team culture
E02892,2026-06-30,58.0,48,84,46,43,73,3,Good manager support
E02893,2025-06-30,67.4,51,92,51,70,81,4,Compensation could improve
E02893,2026-06-30,58.2,53,42,66,59,59,9,Good manager support
E02894,2026-06-30,59.9,75,46,59,88,52,3,Strong team culture
E02895,2025-06-30,58.2,54,61,76,51,82,7,No comment
E02895,2026-06-30,78.1,76,89,53,43,84,7,No comment
E02896,2025-06-30,76.7,59,77,85,94,83,8,Compensation could improve
E02896,2026-06-30,74.4,51,51,86,78,90,3,Workload is high
E02897,2025-06-30,67.7,60,74,47,73,87,9,No comment
E02897,2026-06-30,60.4,88,84,48,49,54,3,Compensation could improve
E02898,2025-06-30,61.6,54,46,86,81,58,4,Workload is high
E02899,2025-06-30,83.5,95,61,85,87,89,6,Good manager support
E02899,2026-06-30,65.8,85,90,48,43,75,7,Need clearer career path
E02900,2025-06-30,69.8,83,80,50,46,95,4,Strong team culture
E02900,2026-06-30,82.5,70,81,62,95,93,8,Need more learning opportunities
E02901,2025-06-30,66.0,79,90,41,89,71,4,Happy with flexibility
E02901,2026-06-30,61.4,81,71,70,47,60,4,Happy with flexibility
E02902,2025-06-30,77.1,59,75,41,96,94,4,No comment
E02902,2026-06-30,64.0,91,55,76,64,69,10,Compensation could improve
E02903,2025-06-30,75.2,92,52,89,72,63,8,No comment
E02903,2026-06-30,64.3,87,48,55,56,70,5,Workload is high
E02904,2025-06-30,63.8,76,88,39,45,72,0,Good manager support
E02904,2026-06-30,57.2,63,72,64,46,60,0,Need more learning opportunities
E02905,2025-06-30,60.7,69,72,81,49,46,4,No comment
E02905,2026-06-30,53.5,63,55,51,51,57,10,Happy with flexibility
E02906,2025-06-30,55.7,69,55,47,58,66,2,No comment
E02906,2026-06-30,60.2,69,52,78,42,68,10,Need clearer career path
E02907,2025-06-30,68.8,65,56,91,63,89,0,Need clearer career path
E02907,2026-06-30,73.9,80,83,81,56,70,10,Workload is high
E02908,2025-06-30,71.9,94,76,45,68,75,8,Compensation could improve
E02908,2026-06-30,65.9,45,48,88,96,54,9,Compensation could improve
E02910,2025-06-30,70.1,61,91,68,87,49,9,Need clearer career path
E02910,2026-06-30,59.1,63,60,63,53,78,7,Compensation could improve
E02911,2025-06-30,49.4,53,40,40,43,65,3,Good manager support
E02911,2026-06-30,86.1,76,95,92,87,71,8,No comment
E02912,2026-06-30,66.3,72,53,48,42,90,5,Strong team culture
E02913,2025-06-30,68.9,74,89,45,69,69,6,Strong team culture
E02913,2026-06-30,75.1,91,83,81,93,56,3,Workload is high
E02914,2025-06-30,67.1,88,50,73,89,55,2,Happy with flexibility
E02914,2026-06-30,75.1,91,50,69,70,78,2,Strong team culture
E02915,2025-06-30,66.2,56,89,41,48,78,2,Happy with flexibility
E02915,2026-06-30,67.2,50,91,67,43,83,8,Need more learning opportunities
E02916,2025-06-30,74.1,57,89,40,92,84,4,Good manager support
E02916,2026-06-30,62.5,57,62,70,43,77,2,Happy with flexibility
E02917,2025-06-30,76.5,92,74,40,86,74,8,Strong team culture
E02917,2026-06-30,62.3,46,46,60,70,66,7,Happy with flexibility
E02920,2025-06-30,62.0,94,71,64,47,45,2,Happy with flexibility
E02920,2026-06-30,68.5,51,95,41,65,93,10,Workload is high
E02921,2025-06-30,66.3,47,82,48,95,49,9,Strong team culture
E02921,2026-06-30,66.1,73,52,80,42,56,8,Need more learning opportunities
E02922,2025-06-30,72.6,87,70,66,41,52,4,Happy with flexibility
E02922,2026-06-30,59.6,54,59,61,67,45,5,Need clearer career path
E02923,2025-06-30,78.9,87,87,87,58,77,5,Compensation could improve
E02923,2026-06-30,56.5,55,51,66,41,84,9,Compensation could improve
E02924,2025-06-30,76.1,87,85,43,64,80,6,Good manager support
E02924,2026-06-30,64.7,52,66,44,74,88,10,Good manager support
E02925,2025-06-30,61.7,62,45,58,78,57,6,No comment
E02925,2026-06-30,62.6,59,62,63,58,86,9,Good manager support
E02926,2025-06-30,73.3,65,83,88,52,64,9,Compensation could improve
E02926,2026-06-30,69.2,58,93,41,84,83,9,No comment
E02928,2025-06-30,65.7,57,68,84,66,58,0,Need clearer career path
E02928,2026-06-30,56.8,53,51,55,43,77,8,Strong team culture
E02929,2026-06-30,66.3,63,42,90,71,80,0,Workload is high
E02930,2025-06-30,50.4,46,62,57,41,52,3,Good manager support
E02930,2026-06-30,71.0,89,81,47,88,74,10,Compensation could improve
E02931,2025-06-30,64.6,51,58,53,82,74,2,No comment
E02931,2026-06-30,73.3,62,70,80,85,58,6,Workload is high
E02932,2026-06-30,58.9,68,59,76,72,55,10,No comment
E02933,2025-06-30,57.8,62,55,44,81,55,4,Strong team culture
E02933,2026-06-30,72.3,74,40,84,73,70,7,Compensation could improve
E02934,2025-06-30,57.6,52,44,88,71,50,3,Happy with flexibility
E02934,2026-06-30,65.7,54,90,70,75,47,10,Need more learning opportunities
E02935,2025-06-30,50.1,73,56,38,61,56,7,Strong team culture
E02935,2026-06-30,60.8,50,81,42,50,97,5,Workload is high
E02936,2025-06-30,74.8,52,85,75,89,82,6,Workload is high
E02936,2026-06-30,67.6,47,77,49,69,66,4,Compensation could improve
E02937,2025-06-30,61.1,71,68,79,74,48,9,Need clearer career path
E02937,2026-06-30,72.6,59,94,67,94,84,5,Compensation could improve
E02938,2025-06-30,62.8,53,61,51,82,56,9,Compensation could improve
E02938,2026-06-30,65.7,64,78,42,86,64,10,No comment
E02939,2025-06-30,76.4,80,85,62,69,70,6,Need more learning opportunities
E02939,2026-06-30,79.3,79,59,85,96,46,8,Need clearer career path
E02940,2025-06-30,69.0,57,51,76,85,95,10,Need more learning opportunities
E02940,2026-06-30,67.0,60,52,85,54,80,2,Happy with flexibility
E02941,2025-06-30,61.7,56,57,46,91,56,4,Need clearer career path
E02941,2026-06-30,65.4,52,50,64,59,56,6,Strong team culture
E02942,2025-06-30,73.3,71,67,79,66,78,4,No comment
E02942,2026-06-30,64.6,45,81,64,81,54,10,Strong team culture
E02943,2025-06-30,70.3,83,57,78,78,57,7,Strong team culture
E02943,2026-06-30,83.0,91,87,85,76,64,6,Good manager support
E02944,2025-06-30,76.0,68,92,91,55,47,3,Compensation could improve
E02944,2026-06-30,72.0,84,55,59,94,72,10,Need clearer career path
E02945,2025-06-30,81.4,93,61,92,61,96,3,Happy with flexibility
E02945,2026-06-30,57.0,49,56,67,81,49,0,No comment
E02946,2025-06-30,62.2,50,43,70,65,57,5,Happy with flexibility
E02946,2026-06-30,64.4,82,56,59,87,48,2,Happy with flexibility
E02947,2025-06-30,70.4,53,77,90,63,80,4,Strong team culture
E02947,2026-06-30,57.1,52,41,58,79,51,7,Compensation could improve
E02948,2025-06-30,69.1,47,68,92,88,49,3,Good manager support
E02948,2026-06-30,80.9,66,75,65,92,69,5,Good manager support
E02949,2026-06-30,65.8,50,55,92,64,49,5,Happy with flexibility
E02950,2025-06-30,60.8,90,45,42,69,57,1,Happy with flexibility
E02950,2026-06-30,56.9,74,51,56,75,56,5,Good manager support
E02951,2025-06-30,82.6,88,91,40,74,98,6,Happy with flexibility
E02951,2026-06-30,59.8,62,51,41,53,87,3,No comment
E02952,2025-06-30,72.1,86,81,47,59,63,7,No comment
E02952,2026-06-30,66.8,66,55,71,46,93,5,No comment
E02953,2025-06-30,72.2,87,78,76,66,64,8,Happy with flexibility
E02953,2026-06-30,73.7,50,80,85,77,94,5,Strong team culture
E02954,2025-06-30,56.6,57,61,38,50,75,4,Good manager support
E02954,2026-06-30,70.2,57,52,92,42,97,4,Workload is high
E02955,2025-06-30,60.8,59,41,87,58,70,5,Compensation could improve
E02955,2026-06-30,69.7,61,93,92,63,48,6,Compensation could improve
E02956,2026-06-30,68.6,68,65,54,74,91,9,Happy with flexibility
E02957,2025-06-30,66.4,92,42,49,95,71,3,No comment
E02957,2026-06-30,72.6,54,73,73,48,92,6,Good manager support
E02958,2025-06-30,54.5,79,47,40,48,58,2,Need clearer career path
E02958,2026-06-30,69.1,49,47,79,92,79,3,Compensation could improve
E02959,2025-06-30,46.5,54,47,43,64,73,2,Need clearer career path
E02959,2026-06-30,61.2,74,68,42,40,70,2,Workload is high
E02962,2025-06-30,60.8,75,61,76,44,52,9,Need more learning opportunities
E02962,2026-06-30,72.7,77,66,72,69,72,4,Need clearer career path
E02963,2025-06-30,78.0,49,71,66,94,96,9,Good manager support
E02963,2026-06-30,70.8,50,78,78,58,93,8,Happy with flexibility
E02965,2025-06-30,74.5,46,77,69,68,94,0,Good manager support
E02965,2026-06-30,82.4,94,73,84,85,81,10,Need clearer career path
E02966,2025-06-30,78.7,81,89,68,74,98,3,Need more learning opportunities
E02966,2026-06-30,67.8,93,64,89,56,53,0,Compensation could improve
E02967,2025-06-30,67.6,89,73,90,45,66,4,Need clearer career path
E02968,2025-06-30,74.3,83,91,44,44,89,5,Need clearer career path
E02968,2026-06-30,54.7,58,68,39,49,51,8,Need clearer career path
E02970,2025-06-30,74.9,75,90,67,67,80,9,Need clearer career path
E02970,2026-06-30,58.4,49,94,79,59,79,5,Strong team culture
E02974,2025-06-30,78.2,72,77,74,76,78,4,Strong team culture
E02974,2026-06-30,84.6,81,89,71,67,98,10,Workload is high
E02975,2025-06-30,63.1,57,84,68,42,66,4,Compensation could improve
E02975,2026-06-30,77.7,83,80,87,45,92,6,Need clearer career path
E02976,2025-06-30,49.8,60,44,50,78,49,3,Compensation could improve
E02976,2026-06-30,58.5,59,54,66,59,57,4,Workload is high
E02977,2025-06-30,62.7,93,42,91,58,50,3,Compensation could improve
E02977,2026-06-30,66.4,63,84,67,90,45,8,No comment
E02978,2025-06-30,57.1,77,54,57,43,53,8,No comment
E02978,2026-06-30,70.7,59,83,47,86,87,6,Good manager support
E02979,2025-06-30,64.2,52,61,77,43,95,5,No comment
E02979,2026-06-30,66.6,80,65,45,84,80,8,Strong team culture
E02981,2025-06-30,60.9,53,84,40,95,62,2,Strong team culture
E02981,2026-06-30,61.1,56,88,57,96,45,4,Need more learning opportunities
E02983,2025-06-30,74.9,76,67,69,71,94,4,Good manager support
E02983,2026-06-30,75.6,47,70,75,68,78,9,Strong team culture
E02984,2025-06-30,80.1,73,61,88,74,80,2,Compensation could improve
E02984,2026-06-30,70.8,94,89,79,48,50,10,Workload is high
E02985,2025-06-30,56.0,51,50,60,58,76,1,No comment
E02985,2026-06-30,65.0,74,51,71,84,50,1,No comment
E02987,2025-06-30,69.8,80,75,74,60,67,3,Workload is high
E02987,2026-06-30,63.0,53,70,50,87,77,7,Need clearer career path
E02988,2025-06-30,76.3,65,78,90,86,62,0,Need more learning opportunities
E02988,2026-06-30,55.6,61,46,62,52,75,3,Workload is high
E02989,2025-06-30,72.8,85,70,86,74,73,6,Happy with flexibility
E02989,2026-06-30,62.4,73,50,56,85,52,0,Strong team culture
E02993,2025-06-30,69.7,56,49,77,90,76,2,Compensation could improve
E02993,2026-06-30,71.6,72,43,55,84,93,0,Need more learning opportunities
E02994,2025-06-30,69.9,58,85,52,61,93,6,Need more learning opportunities
E02994,2026-06-30,66.7,76,62,51,56,71,5,Strong team culture
E02995,2025-06-30,74.1,76,94,52,57,80,10,Need clearer career path
E02995,2026-06-30,74.0,75,72,52,96,67,5,Need more learning opportunities
E02996,2025-06-30,73.5,51,79,75,90,45,10,Happy with flexibility
E02996,2026-06-30,76.7,57,68,79,52,95,10,Need more learning opportunities
E02997,2025-06-30,69.3,57,89,72,58,79,6,Compensation could improve
E02997,2026-06-30,64.4,81,90,63,48,45,10,No comment
E02998,2025-06-30,59.0,62,68,77,80,51,7,Happy with flexibility
E02998,2026-06-30,68.9,69,42,77,65,59,10,Need more learning opportunities
E02999,2025-06-30,76.7,92,93,91,41,95,2,Compensation could improve
E02999,2026-06-30,61.7,56,95,43,47,78,0,Need clearer career path
E03001,2025-06-30,78.6,88,83,52,75,82,2,Need clearer career path
E03001,2026-06-30,68.0,78,61,91,77,45,3,Compensation could improve
E03002,2025-06-30,62.6,53,50,84,42,54,4,Need clearer career path
E03002,2026-06-30,66.5,60,65,85,54,54,8,No comment
E03003,2025-06-30,59.6,68,44,39,87,77,7,Compensation could improve
E03003,2026-06-30,65.9,72,94,55,47,55,6,Need more learning opportunities
E03004,2025-06-30,73.7,69,81,84,44,93,9,Need more learning opportunities
E03004,2026-06-30,77.9,93,76,88,74,48,1,No comment
E03005,2025-06-30,72.0,67,89,68,83,77,5,Good manager support
E03005,2026-06-30,60.9,57,58,61,62,72,9,Need clearer career path
E03006,2025-06-30,73.8,76,78,86,45,85,0,Good manager support
E03006,2026-06-30,60.6,45,51,43,86,65,6,Need more learning opportunities
E03007,2025-06-30,58.1,53,64,68,46,48,6,Workload is high
E03007,2026-06-30,63.2,70,50,83,47,60,6,Need more learning opportunities
E03008,2025-06-30,77.5,83,52,50,85,80,8,Need more learning opportunities
E03008,2026-06-30,74.4,95,69,80,75,59,0,Good manager support
E03009,2025-06-30,74.9,93,66,86,60,53,1,Need clearer career path
E03009,2026-06-30,73.3,77,62,83,85,60,4,Need more learning opportunities
E03010,2025-06-30,75.8,87,48,57,65,98,5,Need more learning opportunities
E03010,2026-06-30,69.3,45,71,67,88,51,1,Need clearer career path
E03012,2025-06-30,79.2,54,54,70,83,78,2,Need clearer career path
E03012,2026-06-30,62.6,66,70,55,64,69,5,Workload is high
E03014,2025-06-30,75.8,49,93,82,85,69,0,Compensation could improve
E03014,2026-06-30,62.0,69,67,60,62,97,4,Need clearer career path
E03015,2025-06-30,65.1,78,79,61,53,82,0,Workload is high
E03015,2026-06-30,62.0,86,63,61,67,55,10,Need clearer career path
E03016,2026-06-30,76.1,79,79,79,92,62,0,Strong team culture
E03017,2025-06-30,62.2,50,94,71,49,67,0,Happy with flexibility
E03017,2026-06-30,73.5,81,67,56,82,82,7,No comment
E03018,2025-06-30,78.4,85,90,66,81,75,1,Compensation could improve
E03018,2026-06-30,56.7,67,89,55,40,51,7,Compensation could improve
E03019,2025-06-30,71.6,64,82,68,78,91,3,Workload is high
E03019,2026-06-30,84.6,88,61,91,67,97,8,Compensation could improve
E03020,2025-06-30,69.4,94,60,55,72,93,6,No comment
E03020,2026-06-30,67.5,84,87,51,45,58,1,Good manager support
E03021,2025-06-30,55.4,61,49,56,46,79,10,Strong team culture
E03021,2026-06-30,55.7,57,70,49,65,45,5,No comment
E03023,2025-06-30,75.6,75,74,58,75,86,9,Workload is high
E03023,2026-06-30,71.6,71,55,68,88,90,6,Workload is high
E03024,2026-06-30,59.8,54,57,62,41,62,8,Strong team culture
E03025,2025-06-30,68.8,95,83,49,63,94,4,No comment
E03025,2026-06-30,51.8,52,51,68,55,48,0,Need clearer career path
E03026,2025-06-30,56.0,73,54,52,87,46,5,Good manager support
E03026,2026-06-30,68.6,85,79,61,66,68,3,Need more learning opportunities
E03027,2025-06-30,62.6,61,43,53,96,87,5,Good manager support
E03027,2026-06-30,79.3,93,54,78,85,98,10,Strong team culture
E03028,2025-06-30,63.9,75,42,48,61,64,8,Happy with flexibility
E03028,2026-06-30,69.9,58,45,85,74,79,4,Good manager support
E03029,2025-06-30,69.1,54,91,89,66,49,9,Strong team culture
E03029,2026-06-30,67.0,80,60,38,76,87,7,No comment
E03030,2025-06-30,64.4,67,64,44,47,87,9,Workload is high
E03030,2026-06-30,68.0,87,49,80,69,73,2,Happy with flexibility
E03031,2025-06-30,68.8,57,91,69,41,68,4,Happy with flexibility
E03031,2026-06-30,90.4,92,56,81,96,87,10,Need clearer career path
E03033,2025-06-30,62.7,49,79,44,58,74,8,Workload is high
E03033,2026-06-30,68.2,64,82,49,42,80,3,No comment
E03034,2025-06-30,82.4,47,88,90,86,97,10,Compensation could improve
E03034,2026-06-30,63.7,54,61,68,65,60,4,Need more learning opportunities
E03038,2025-06-30,54.9,50,54,53,49,84,10,Happy with flexibility
E03038,2026-06-30,74.1,80,76,85,84,52,4,Need more learning opportunities
E03039,2026-06-30,82.1,56,81,87,44,97,7,Need clearer career path
E03040,2025-06-30,72.4,69,68,63,89,91,0,Need more learning opportunities
E03040,2026-06-30,48.0,69,40,52,53,51,9,Good manager support
E03042,2025-06-30,70.1,53,82,85,79,73,2,Good manager support
E03042,2026-06-30,69.8,60,88,55,82,86,5,Need clearer career path
E03043,2025-06-30,44.9,75,45,43,43,60,0,Need more learning opportunities
E03043,2026-06-30,72.9,94,67,41,96,63,2,Compensation could improve
E03044,2025-06-30,67.2,47,49,82,43,55,0,Need more learning opportunities
E03044,2026-06-30,59.7,51,75,48,49,77,9,No comment
E03046,2025-06-30,59.2,48,48,53,61,68,7,Need clearer career path
E03046,2026-06-30,64.7,60,50,58,76,61,3,Need clearer career path
E03048,2025-06-30,65.1,62,90,53,40,56,4,Happy with flexibility
E03048,2026-06-30,86.9,58,80,88,96,94,8,Strong team culture
E03050,2025-06-30,64.1,45,67,68,69,67,10,Need more learning opportunities
E03050,2026-06-30,82.2,57,90,87,63,90,1,Good manager support
E03051,2025-06-30,63.1,54,57,66,63,52,0,Strong team culture
E03051,2026-06-30,67.4,62,50,90,67,67,1,Need clearer career path
E03052,2025-06-30,69.1,64,85,86,41,80,2,Workload is high
E03052,2026-06-30,79.1,91,93,74,50,90,6,Workload is high
E03053,2025-06-30,62.4,92,67,71,65,56,5,Happy with flexibility
E03053,2026-06-30,73.7,66,68,58,71,94,6,Need clearer career path
E03054,2025-06-30,63.5,63,54,60,54,72,9,Good manager support
E03054,2026-06-30,72.8,51,52,87,63,79,5,Strong team culture
E03055,2025-06-30,69.5,51,70,77,81,86,1,Good manager support
E03055,2026-06-30,77.8,74,89,65,57,98,8,Compensation could improve
E03056,2025-06-30,73.7,61,75,83,80,70,10,Happy with flexibility
E03056,2026-06-30,46.1,46,41,66,45,48,6,Happy with flexibility
E03057,2025-06-30,61.8,46,50,53,53,87,7,Strong team culture
E03057,2026-06-30,65.1,81,43,69,61,60,0,Need more learning opportunities
E03058,2025-06-30,67.3,71,77,54,60,55,9,Need clearer career path
E03058,2026-06-30,66.4,85,42,49,40,96,8,Need clearer career path
E03059,2025-06-30,73.2,92,80,58,55,80,0,Need clearer career path
E03059,2026-06-30,67.1,62,81,45,82,69,9,No comment
E03060,2025-06-30,74.0,60,94,40,56,94,3,Compensation could improve
E03060,2026-06-30,74.6,59,80,63,89,85,2,Happy with flexibility
E03061,2025-06-30,61.7,54,49,80,55,53,9,Need clearer career path
E03061,2026-06-30,76.8,82,90,85,42,73,8,Happy with flexibility
E03062,2025-06-30,62.2,68,84,84,41,53,2,Strong team culture
E03062,2026-06-30,72.7,47,59,62,96,69,2,Need clearer career path
E03063,2025-06-30,69.4,54,78,80,55,76,8,Need more learning opportunities
E03063,2026-06-30,69.8,88,68,52,58,87,6,Compensation could improve
E03064,2025-06-30,73.0,78,70,75,61,90,4,Workload is high
E03064,2026-06-30,59.1,60,58,42,88,64,1,Strong team culture
E03065,2025-06-30,81.9,78,59,91,96,77,6,Workload is high
E03065,2026-06-30,74.6,50,78,73,75,88,0,Need more learning opportunities
E03066,2025-06-30,74.6,83,79,69,62,96,3,No comment
E03066,2026-06-30,78.2,71,83,71,70,76,3,Strong team culture
E03067,2025-06-30,62.5,66,77,81,52,59,8,Workload is high
E03067,2026-06-30,73.8,71,43,81,88,86,4,Need clearer career path
E03068,2025-06-30,66.3,60,73,87,57,46,7,Good manager support
E03068,2026-06-30,69.0,84,46,82,83,79,3,No comment
E03069,2025-06-30,58.9,62,56,65,48,67,5,Strong team culture
E03069,2026-06-30,75.9,50,84,47,89,79,1,Need more learning opportunities
E03070,2025-06-30,55.2,51,44,61,51,61,10,Good manager support
E03070,2026-06-30,79.6,62,68,80,91,96,9,Workload is high
E03071,2025-06-30,60.3,49,44,84,62,66,0,Strong team culture
E03071,2026-06-30,63.6,75,85,42,49,70,6,Need clearer career path
E03072,2025-06-30,81.0,95,82,68,54,78,8,Good manager support
E03072,2026-06-30,61.2,69,43,56,80,47,10,Need more learning opportunities
E03073,2026-06-30,56.9,77,48,53,80,46,4,Happy with flexibility
E03074,2026-06-30,70.3,45,57,86,82,94,9,No comment
E03075,2026-06-30,62.3,64,59,61,75,70,10,Need clearer career path
E03076,2025-06-30,80.9,52,87,56,81,74,4,No comment
E03076,2026-06-30,69.1,85,71,39,57,72,0,Need more learning opportunities
E03077,2025-06-30,65.9,91,86,40,59,49,5,Happy with flexibility
E03077,2026-06-30,75.5,87,74,79,46,92,10,Strong team culture
E03078,2025-06-30,52.3,62,40,43,72,56,4,Good manager support
E03078,2026-06-30,55.7,74,48,39,51,78,8,Need more learning opportunities
E03079,2025-06-30,75.7,86,77,78,45,60,5,Compensation could improve
E03079,2026-06-30,52.8,64,61,49,43,77,0,Workload is high
E03080,2025-06-30,71.7,86,84,41,87,71,8,Strong team culture
E03080,2026-06-30,70.7,51,47,65,89,84,4,Workload is high
E03081,2025-06-30,75.8,83,73,91,67,59,8,Need clearer career path
E03082,2025-06-30,68.7,79,84,80,44,62,6,Workload is high
E03082,2026-06-30,83.3,94,62,79,79,80,9,Happy with flexibility
E03083,2025-06-30,57.4,45,81,51,74,77,9,Happy with flexibility
E03083,2026-06-30,77.6,82,49,89,85,98,1,Happy with flexibility
E03084,2026-06-30,78.4,84,61,82,76,56,10,Workload is high
E03086,2025-06-30,67.6,76,58,50,86,88,0,Need more learning opportunities
E03086,2026-06-30,62.2,62,52,53,48,70,9,No comment
E03087,2025-06-30,65.0,67,55,50,80,68,3,Good manager support
E03087,2026-06-30,74.0,89,90,72,48,86,10,Happy with flexibility
E03088,2025-06-30,73.3,51,86,72,93,51,7,Workload is high
E03088,2026-06-30,71.8,94,55,76,90,72,3,Strong team culture
E03089,2025-06-30,72.5,83,42,90,77,86,0,Need clearer career path
E03089,2026-06-30,69.3,64,87,47,87,72,6,No comment
E03090,2025-06-30,77.9,59,62,88,51,98,3,Need clearer career path
E03090,2026-06-30,69.7,95,42,62,88,52,7,Need more learning opportunities
E03092,2025-06-30,63.9,63,67,49,70,62,6,No comment
E03092,2026-06-30,77.7,92,45,53,87,93,10,Strong team culture
E03093,2025-06-30,88.2,72,93,65,95,90,6,Need more learning opportunities
E03093,2026-06-30,58.1,47,52,58,56,65,8,No comment
E03094,2025-06-30,62.2,48,45,59,92,78,1,Happy with flexibility
E03094,2026-06-30,77.8,73,67,80,77,77,7,Happy with flexibility
E03095,2025-06-30,68.9,63,51,55,82,77,9,Happy with flexibility
E03095,2026-06-30,71.4,88,61,46,53,90,4,Strong team culture
E03096,2025-06-30,57.9,65,86,54,52,46,8,Compensation could improve
E03096,2026-06-30,65.3,81,45,64,65,92,7,No comment
E03097,2025-06-30,57.4,61,43,71,41,70,4,Workload is high
E03097,2026-06-30,75.2,89,68,77,53,81,5,Workload is high
E03098,2026-06-30,70.9,95,59,55,74,61,2,Compensation could improve
E03099,2026-06-30,81.0,70,59,90,91,91,4,Compensation could improve
E03100,2025-06-30,67.7,81,43,65,53,96,1,Compensation could improve
E03100,2026-06-30,74.3,65,81,76,73,60,6,Need clearer career path
E03101,2025-06-30,64.7,45,46,65,44,79,9,Good manager support
E03101,2026-06-30,51.6,62,42,56,76,58,6,No comment
E03102,2025-06-30,70.9,79,80,70,41,82,6,Good manager support
E03102,2026-06-30,62.0,74,51,61,51,75,5,Happy with flexibility
E03103,2025-06-30,55.0,72,50,59,45,51,0,Need more learning opportunities
E03103,2026-06-30,70.0,71,95,64,88,58,8,No comment
E03104,2025-06-30,74.5,94,57,65,92,48,6,Good manager support
E03104,2026-06-30,57.1,66,70,48,67,48,1,No comment
E03105,2025-06-30,80.0,90,79,57,87,88,10,Happy with flexibility
E03105,2026-06-30,64.2,60,85,47,63,78,5,Compensation could improve
E03106,2025-06-30,61.5,67,56,50,44,61,4,Need more learning opportunities
E03106,2026-06-30,60.8,95,49,45,44,54,10,Compensation could improve
E03107,2025-06-30,65.0,86,47,46,69,83,10,Strong team culture
E03107,2026-06-30,68.9,83,64,69,60,71,7,Need more learning opportunities
E03108,2025-06-30,71.8,73,88,78,72,59,3,Need clearer career path
E03108,2026-06-30,54.3,46,44,52,64,68,10,No comment
E03109,2026-06-30,88.6,83,90,89,75,98,8,Need clearer career path
E03110,2025-06-30,69.7,69,60,85,79,54,8,Happy with flexibility
E03110,2026-06-30,80.0,72,71,73,94,55,5,Need clearer career path
E03111,2025-06-30,83.2,90,68,89,76,84,8,Need more learning opportunities
E03111,2026-06-30,71.0,73,47,90,54,83,9,No comment
E03112,2025-06-30,65.7,50,64,69,92,72,6,Need clearer career path
E03112,2026-06-30,71.2,95,56,68,54,79,5,Workload is high
E03113,2025-06-30,58.5,45,54,75,43,69,1,Need clearer career path
E03113,2026-06-30,65.8,76,57,42,67,75,10,Good manager support
E03114,2026-06-30,74.6,68,59,47,94,95,6,Compensation could improve
E03115,2026-06-30,58.0,79,84,46,48,52,0,Good manager support
E03116,2025-06-30,70.4,60,62,75,77,74,10,Workload is high
E03116,2026-06-30,53.8,59,48,56,48,56,6,Happy with flexibility
E03117,2026-06-30,69.7,74,58,78,45,92,7,Happy with flexibility
E03118,2025-06-30,62.4,57,57,48,42,75,6,Compensation could improve
E03118,2026-06-30,70.5,64,74,72,82,61,1,Strong team culture
E03120,2025-06-30,69.3,88,80,57,84,81,0,Need more learning opportunities
E03120,2026-06-30,92.3,73,79,80,72,98,1,Strong team culture
E03121,2025-06-30,62.0,90,60,39,65,69,7,Need clearer career path
E03121,2026-06-30,70.1,70,69,56,88,62,4,Compensation could improve
E03122,2025-06-30,70.4,71,67,76,51,76,2,Happy with flexibility
E03122,2026-06-30,77.3,86,65,71,76,98,4,Need more learning opportunities
E03123,2026-06-30,65.1,47,49,55,87,63,9,Strong team culture
E03124,2025-06-30,65.5,70,48,88,60,46,0,Workload is high
E03126,2026-06-30,68.4,81,77,48,65,60,10,Strong team culture
E03127,2025-06-30,78.2,86,79,71,86,63,6,No comment
E03127,2026-06-30,72.7,84,42,75,89,55,1,Need clearer career path
E03128,2025-06-30,80.3,66,66,73,81,97,2,Workload is high
E03129,2025-06-30,77.2,92,90,72,49,98,9,Strong team culture
E03129,2026-06-30,78.7,91,48,44,81,95,4,Strong team culture
E03130,2026-06-30,65.4,86,69,86,47,56,2,Good manager support
E03131,2025-06-30,76.5,83,75,91,95,56,6,Strong team culture
E03131,2026-06-30,67.0,71,92,44,63,70,10,Good manager support
E03132,2025-06-30,64.3,60,66,46,95,48,1,Compensation could improve
E03132,2026-06-30,63.7,72,42,38,81,89,0,Compensation could improve
E03133,2025-06-30,53.5,48,51,71,43,66,6,Compensation could improve
E03133,2026-06-30,81.5,70,64,64,87,75,7,Need clearer career path
E03134,2025-06-30,66.9,74,55,60,50,95,3,Need clearer career path
E03134,2026-06-30,64.1,65,77,57,50,51,0,Happy with flexibility
E03135,2025-06-30,51.2,57,72,39,46,66,9,Happy with flexibility
E03135,2026-06-30,63.5,77,90,55,66,66,2,No comment
E03136,2025-06-30,69.1,53,57,50,91,89,4,Workload is high
E03136,2026-06-30,72.2,57,54,91,60,84,7,Workload is high
E03137,2026-06-30,58.1,75,44,42,63,88,5,Need more learning opportunities
E03138,2025-06-30,68.0,88,48,58,88,69,7,Need more learning opportunities
E03138,2026-06-30,64.3,45,43,75,96,77,6,Need more learning opportunities
E03139,2025-06-30,61.4,47,87,53,43,60,0,Need clearer career path
E03139,2026-06-30,63.5,71,74,41,43,96,10,Need clearer career path
E03140,2025-06-30,80.9,78,92,71,93,72,3,No comment
E03140,2026-06-30,68.0,50,89,88,60,66,3,Need more learning opportunities
E03141,2025-06-30,55.9,45,43,67,67,58,4,Need more learning opportunities
E03141,2026-06-30,70.6,92,45,74,49,61,0,No comment
E03142,2025-06-30,63.6,78,60,50,63,73,10,Strong team culture
E03142,2026-06-30,74.1,93,76,80,53,89,5,Good manager support
E03143,2025-06-30,63.8,63,60,80,85,61,10,Good manager support
E03143,2026-06-30,58.2,60,49,68,78,62,6,Happy with flexibility
E03144,2025-06-30,79.9,77,70,64,76,93,2,Happy with flexibility
E03144,2026-06-30,64.2,61,56,75,88,47,9,Good manager support
E03145,2025-06-30,58.1,45,95,46,49,66,4,Happy with flexibility
E03145,2026-06-30,82.2,87,53,62,94,97,2,Strong team culture
E03146,2025-06-30,79.6,75,91,90,77,55,2,Workload is high
E03146,2026-06-30,71.9,84,56,83,53,85,2,Compensation could improve
E03147,2025-06-30,66.1,69,52,78,41,66,10,Good manager support
E03147,2026-06-30,67.7,93,44,47,74,98,4,No comment
E03148,2025-06-30,73.2,87,79,39,77,79,8,Need clearer career path
E03148,2026-06-30,79.5,82,74,57,91,85,4,Need clearer career path
E03150,2025-06-30,62.3,50,67,69,63,65,2,Good manager support
E03150,2026-06-30,58.1,58,50,47,71,49,7,Need clearer career path
E03151,2025-06-30,59.6,59,47,64,42,66,1,Compensation could improve
E03151,2026-06-30,69.5,72,83,61,50,73,6,Strong team culture
E03154,2025-06-30,77.1,92,72,84,79,65,6,Strong team culture
E03155,2026-06-30,73.3,72,74,61,75,79,9,Need clearer career path
E03156,2025-06-30,70.8,90,60,88,64,59,4,Strong team culture
E03156,2026-06-30,78.4,93,54,65,78,71,5,Happy with flexibility
E03157,2025-06-30,78.3,64,54,63,83,95,8,Need clearer career path
E03157,2026-06-30,66.8,74,73,68,44,73,1,Good manager support
E03159,2025-06-30,84.5,95,80,92,66,95,5,Need more learning opportunities
E03159,2026-06-30,69.1,55,80,50,86,92,4,No comment
E03161,2025-06-30,79.6,94,79,44,95,76,2,Good manager support
E03161,2026-06-30,59.2,55,73,67,43,56,5,Strong team culture
E03162,2025-06-30,69.9,50,85,46,83,62,1,Happy with flexibility
E03162,2026-06-30,58.6,82,41,86,73,56,1,Need more learning opportunities
E03163,2025-06-30,69.9,83,75,57,68,66,2,Strong team culture
E03163,2026-06-30,65.5,95,44,53,62,63,10,No comment
E03164,2025-06-30,61.2,78,53,50,61,68,5,No comment
E03164,2026-06-30,84.4,93,75,92,81,61,8,Happy with flexibility
E03165,2025-06-30,64.1,66,85,51,43,62,8,Need clearer career path
E03165,2026-06-30,71.5,94,50,52,88,79,8,Good manager support
E03166,2025-06-30,66.7,52,81,78,72,73,4,Need clearer career path
E03166,2026-06-30,67.2,76,48,57,74,62,3,Need clearer career path
E03167,2025-06-30,66.4,55,78,47,74,75,3,Happy with flexibility
E03167,2026-06-30,61.7,70,92,50,45,47,4,Need more learning opportunities
E03168,2025-06-30,61.6,63,76,39,59,64,8,Good manager support
E03168,2026-06-30,76.4,86,56,56,87,92,6,Strong team culture
E03169,2025-06-30,73.8,70,60,80,73,75,7,Workload is high
E03169,2026-06-30,73.5,70,87,88,66,53,6,Strong team culture
E03170,2025-06-30,67.7,85,83,51,94,56,5,Workload is high
E03170,2026-06-30,68.1,58,59,92,47,80,4,Need more learning opportunities
E03171,2025-06-30,83.7,57,91,79,93,81,7,Compensation could improve
E03171,2026-06-30,68.5,75,73,77,40,54,5,Need more learning opportunities
E03172,2025-06-30,73.0,91,40,87,78,52,10,Workload is high
E03172,2026-06-30,59.0,87,62,54,54,73,7,Happy with flexibility
E03173,2026-06-30,69.8,78,82,40,61,86,2,Strong team culture
E03174,2026-06-30,70.5,87,74,39,94,60,5,Good manager support
E03175,2025-06-30,58.0,45,87,69,45,79,5,Need clearer career path
E03175,2026-06-30,84.2,84,85,70,68,89,2,Need more learning opportunities
E03176,2025-06-30,84.0,72,90,87,96,85,3,Strong team culture
E03176,2026-06-30,61.7,90,47,38,57,64,7,Need clearer career path
E03177,2025-06-30,66.4,58,48,68,96,92,0,Good manager support
E03177,2026-06-30,62.1,84,53,65,62,55,3,Strong team culture
E03178,2025-06-30,74.3,84,66,48,89,83,4,No comment
E03178,2026-06-30,78.0,75,91,50,90,62,8,No comment
E03181,2025-06-30,70.3,77,62,50,65,95,1,Workload is high
E03182,2025-06-30,75.2,70,89,56,75,80,9,Need clearer career path
E03182,2026-06-30,68.8,65,85,74,88,51,2,Need more learning opportunities
E03183,2025-06-30,72.0,53,69,53,84,83,1,Strong team culture
E03183,2026-06-30,64.8,74,61,56,69,77,1,Happy with flexibility
E03185,2025-06-30,68.6,94,65,46,71,86,10,Compensation could improve
E03185,2026-06-30,58.1,72,51,43,50,80,10,Need clearer career path
E03186,2025-06-30,86.0,88,81,76,96,77,6,No comment
E03186,2026-06-30,68.9,59,92,81,61,46,0,Workload is high
E03187,2025-06-30,68.8,55,95,82,75,70,1,Need clearer career path
E03187,2026-06-30,65.3,65,82,46,86,80,10,Need more learning opportunities
E03188,2025-06-30,76.7,90,80,75,46,92,0,Need clearer career path
E03188,2026-06-30,56.8,52,62,41,63,73,3,No comment
E03189,2025-06-30,72.4,47,87,70,69,88,8,Compensation could improve
E03189,2026-06-30,67.4,64,41,41,92,89,8,Good manager support
E03190,2025-06-30,60.6,81,40,52,40,60,4,Workload is high
E03190,2026-06-30,75.0,56,59,74,49,98,9,Need clearer career path
E03191,2025-06-30,53.3,46,42,54,64,74,2,Happy with flexibility
E03191,2026-06-30,73.0,84,86,92,47,50,8,Need more learning opportunities
E03193,2025-06-30,69.8,95,56,42,94,82,1,Need clearer career path
E03193,2026-06-30,57.4,94,72,38,47,79,6,Happy with flexibility
E03194,2025-06-30,66.4,51,92,44,88,53,10,Compensation could improve
E03194,2026-06-30,78.6,85,71,76,93,88,5,Strong team culture
E03195,2025-06-30,67.2,66,80,61,83,79,9,No comment
E03195,2026-06-30,61.6,69,48,43,76,79,5,Compensation could improve
E03196,2025-06-30,67.8,53,59,84,77,45,8,Good manager support
E03196,2026-06-30,73.8,80,73,81,64,45,9,Need clearer career path
E03197,2025-06-30,71.3,89,54,54,64,49,8,Workload is high
E03198,2025-06-30,66.7,70,73,78,49,64,3,Workload is high
E03198,2026-06-30,76.4,77,77,75,95,68,4,No comment
E03199,2025-06-30,77.3,90,62,65,57,90,8,Need more learning opportunities
E03199,2026-06-30,61.5,76,86,58,43,51,6,Good manager support
E03200,2025-06-30,71.3,66,78,81,75,83,3,Compensation could improve
E03200,2026-06-30,70.1,62,82,68,46,98,2,Happy with flexibility
E03201,2026-06-30,71.6,79,68,51,77,76,1,No comment
E03202,2025-06-30,70.2,50,77,52,87,88,1,No comment
E03202,2026-06-30,66.0,61,75,48,63,75,0,Happy with flexibility
E03203,2025-06-30,62.7,69,90,58,52,95,4,Need clearer career path
E03203,2026-06-30,70.2,92,86,49,54,91,2,Strong team culture
E03204,2025-06-30,69.6,64,64,42,84,68,5,Workload is high
E03204,2026-06-30,76.9,88,86,86,52,87,3,Good manager support
E03205,2026-06-30,63.4,52,83,54,52,80,1,Need clearer career path
E03206,2025-06-30,64.7,46,70,55,58,89,10,Compensation could improve
E03206,2026-06-30,75.0,90,57,38,65,89,4,Need more learning opportunities
E03207,2025-06-30,77.3,45,70,62,88,97,10,Good manager support
E03207,2026-06-30,66.8,94,90,49,57,60,0,Strong team culture
E03208,2025-06-30,58.4,68,61,43,77,54,1,Good manager support
E03208,2026-06-30,71.9,70,67,75,84,88,6,Strong team culture
E03209,2025-06-30,81.7,73,89,55,67,84,3,Compensation could improve
E03209,2026-06-30,57.9,64,71,56,67,49,7,Happy with flexibility
E03210,2025-06-30,67.6,59,83,85,46,83,6,Workload is high
E03210,2026-06-30,77.8,93,81,91,65,82,0,No comment
E03211,2025-06-30,68.5,92,40,71,71,70,9,Need clearer career path
E03211,2026-06-30,76.5,81,81,52,93,76,5,Strong team culture
E03212,2025-06-30,63.5,69,62,46,77,72,8,Compensation could improve
E03212,2026-06-30,71.6,72,72,72,94,50,0,Strong team culture
E03213,2025-06-30,56.2,54,47,54,71,80,1,Compensation could improve
E03213,2026-06-30,67.9,90,44,38,67,78,0,Happy with flexibility
E03214,2025-06-30,63.7,63,45,80,47,85,4,Need more learning opportunities
E03214,2026-06-30,78.5,85,42,92,88,88,10,Workload is high
E03215,2025-06-30,86.0,82,84,80,86,82,0,Compensation could improve
E03215,2026-06-30,70.1,46,46,83,89,60,7,Strong team culture
E03216,2025-06-30,72.4,67,60,64,91,70,10,Need clearer career path
E03216,2026-06-30,87.8,84,69,87,81,82,0,Strong team culture
E03217,2025-06-30,62.5,45,69,39,89,61,0,Need more learning opportunities
E03217,2026-06-30,75.2,80,40,89,82,87,6,Happy with flexibility
E03218,2025-06-30,81.0,78,84,67,55,79,5,Workload is high
E03218,2026-06-30,53.9,81,60,70,49,59,6,Happy with flexibility
E03219,2025-06-30,69.2,72,83,52,59,86,8,Compensation could improve
E03219,2026-06-30,64.0,61,75,61,51,83,4,Happy with flexibility
E03221,2026-06-30,83.7,74,91,90,84,78,0,Workload is high
E03222,2026-06-30,75.9,91,40,87,64,87,10,Workload is high
E03223,2025-06-30,67.4,64,93,76,50,77,6,Good manager support
E03223,2026-06-30,66.7,46,67,66,95,55,8,Happy with flexibility
E03224,2025-06-30,68.6,85,57,91,47,50,0,Compensation could improve
E03224,2026-06-30,71.6,61,43,57,72,94,2,No comment
E03225,2025-06-30,61.2,47,86,38,65,72,7,Workload is high
E03225,2026-06-30,80.3,70,76,69,85,79,3,Good manager support
E03226,2025-06-30,67.1,85,93,44,59,47,9,No comment
E03226,2026-06-30,72.0,68,61,74,61,59,8,Workload is high
E03227,2025-06-30,88.9,71,91,89,91,96,9,No comment
E03227,2026-06-30,85.5,76,77,88,88,88,7,Need more learning opportunities
E03228,2025-06-30,75.0,82,78,88,74,79,7,No comment
E03228,2026-06-30,73.6,77,84,69,59,77,4,Happy with flexibility
E03229,2025-06-30,81.8,84,83,70,62,92,4,Good manager support
E03229,2026-06-30,72.5,78,48,52,79,85,7,Good manager support
E03230,2025-06-30,65.5,50,71,66,96,81,9,Workload is high
E03230,2026-06-30,70.8,95,65,55,53,78,0,Happy with flexibility
E03231,2026-06-30,66.5,65,86,90,58,52,5,Workload is high
E03232,2025-06-30,50.8,53,49,51,62,65,4,No comment
E03232,2026-06-30,64.8,46,44,92,47,73,3,Happy with flexibility
E03233,2025-06-30,68.6,60,83,86,66,48,8,Strong team culture
E03233,2026-06-30,83.5,85,84,61,91,73,1,Workload is high
E03236,2025-06-30,82.5,84,93,87,69,91,5,Compensation could improve
E03236,2026-06-30,63.4,78,78,45,54,49,5,Need more learning opportunities
E03237,2025-06-30,57.7,45,86,57,88,68,6,Good manager support
E03237,2026-06-30,68.3,55,86,54,40,70,1,Need more learning opportunities
E03238,2025-06-30,80.7,82,93,62,70,96,0,Good manager support
E03238,2026-06-30,63.0,90,73,63,61,45,3,No comment
E03241,2025-06-30,74.1,88,94,38,64,92,7,Need more learning opportunities
E03242,2025-06-30,65.5,49,86,87,71,54,6,Compensation could improve
E03243,2025-06-30,60.8,78,74,48,62,47,7,No comment
E03243,2026-06-30,60.4,45,52,80,62,49,8,Strong team culture
E03244,2026-06-30,60.1,67,57,41,71,70,9,Workload is high
E03246,2026-06-30,66.2,80,48,66,74,71,7,Good manager support
E03247,2025-06-30,59.6,95,64,58,51,56,3,Need more learning opportunities
E03247,2026-06-30,44.4,49,42,42,40,55,8,No comment
E03249,2025-06-30,50.2,68,42,86,55,48,2,No comment
E03249,2026-06-30,68.1,88,76,56,63,56,2,Good manager support
E03251,2025-06-30,65.7,58,55,84,73,79,3,Need more learning opportunities
E03251,2026-06-30,71.3,67,48,71,91,84,8,Need clearer career path
E03252,2025-06-30,66.5,49,40,86,84,70,0,Happy with flexibility
E03252,2026-06-30,67.1,55,67,92,57,80,6,Happy with flexibility
E03253,2025-06-30,63.0,47,58,75,44,69,3,Strong team culture
E03253,2026-06-30,73.8,91,71,64,51,67,6,Workload is high
E03254,2025-06-30,79.4,61,84,88,54,82,3,Good manager support
E03254,2026-06-30,77.1,91,79,90,56,48,9,Compensation could improve
E03255,2025-06-30,58.0,48,49,43,74,75,10,Need clearer career path
E03257,2025-06-30,77.1,68,71,86,47,66,3,No comment
E03257,2026-06-30,81.4,76,62,85,81,67,0,Need more learning opportunities
E03258,2025-06-30,68.2,77,93,56,61,73,1,Workload is high
E03258,2026-06-30,77.1,61,71,67,95,79,6,Workload is high
E03259,2025-06-30,58.2,88,61,59,40,82,8,Happy with flexibility
E03259,2026-06-30,69.5,92,40,42,60,96,7,Need more learning opportunities
E03260,2025-06-30,64.1,76,90,41,82,46,0,Compensation could improve
E03260,2026-06-30,57.2,77,73,80,41,63,7,Happy with flexibility
E03261,2025-06-30,70.0,66,68,40,70,98,1,Strong team culture
E03261,2026-06-30,59.9,64,71,61,66,63,4,Good manager support
E03262,2025-06-30,70.1,70,58,50,86,83,8,Need clearer career path
E03262,2026-06-30,61.7,95,46,50,79,56,8,Happy with flexibility
E03263,2025-06-30,60.2,57,60,74,43,80,8,Good manager support
E03263,2026-06-30,81.0,59,80,86,96,98,1,No comment
E03264,2026-06-30,53.2,62,60,39,69,47,2,No comment
E03265,2025-06-30,70.6,71,82,47,83,71,3,Strong team culture
E03265,2026-06-30,70.9,78,75,44,85,82,9,Happy with flexibility
E03266,2025-06-30,59.1,76,83,43,48,62,0,Good manager support
E03266,2026-06-30,70.6,60,93,49,84,72,3,Workload is high
E03267,2025-06-30,81.1,78,61,42,93,97,8,Happy with flexibility
E03267,2026-06-30,67.4,62,48,62,84,57,6,Happy with flexibility
E03268,2025-06-30,70.4,73,89,50,76,93,3,Workload is high
E03268,2026-06-30,58.1,90,50,40,63,52,10,Need more learning opportunities
E03269,2026-06-30,58.9,59,69,41,57,82,8,Good manager support
E03270,2025-06-30,56.6,61,47,66,63,71,5,Happy with flexibility
E03270,2026-06-30,69.6,71,46,44,59,97,8,Need clearer career path
E03271,2025-06-30,67.5,54,65,78,86,47,2,No comment
E03271,2026-06-30,59.7,46,71,72,45,66,3,Good manager support
E03272,2025-06-30,73.0,45,89,88,48,90,6,Good manager support
E03272,2026-06-30,64.6,61,71,82,61,49,3,Strong team culture
E03273,2025-06-30,70.4,90,45,79,68,54,3,Workload is high
E03273,2026-06-30,67.2,67,65,63,80,51,9,Good manager support
E03274,2025-06-30,66.7,73,54,40,79,73,8,Happy with flexibility
E03274,2026-06-30,73.4,55,66,61,91,91,4,Compensation could improve
E03275,2025-06-30,58.5,49,60,73,72,60,0,Strong team culture
E03275,2026-06-30,70.8,47,94,45,86,74,1,Need clearer career path
E03276,2025-06-30,67.0,76,84,48,80,57,0,Good manager support
E03276,2026-06-30,68.1,81,59,68,67,89,8,Workload is high
E03277,2025-06-30,64.9,77,90,42,43,71,8,No comment
E03277,2026-06-30,81.6,86,94,38,86,87,7,No comment
E03278,2025-06-30,56.6,62,41,73,44,54,9,Need more learning opportunities
E03278,2026-06-30,70.7,89,72,60,45,56,9,Strong team culture
E03279,2025-06-30,59.8,82,79,55,46,46,5,Workload is high
E03280,2025-06-30,65.2,71,71,48,62,67,8,Need more learning opportunities
E03280,2026-06-30,64.8,53,63,89,82,47,8,Need more learning opportunities
E03281,2026-06-30,75.3,71,72,89,67,83,7,Strong team culture
E03283,2026-06-30,74.1,51,80,90,48,73,4,Need clearer career path
E03284,2026-06-30,67.1,51,80,53,78,86,3,Strong team culture
E03285,2025-06-30,71.9,73,80,42,53,82,4,Workload is high
E03285,2026-06-30,83.0,83,68,71,92,96,4,Happy with flexibility
E03286,2025-06-30,63.1,65,65,65,67,75,9,Workload is high
E03286,2026-06-30,77.0,88,65,52,67,79,4,No comment
E03287,2025-06-30,75.3,84,64,65,81,83,1,Compensation could improve
E03287,2026-06-30,63.6,75,65,67,69,69,9,Need clearer career path
E03288,2025-06-30,75.1,93,93,72,60,72,0,Need clearer career path
E03288,2026-06-30,62.3,55,83,68,53,53,9,Compensation could improve
E03289,2025-06-30,55.3,50,46,55,69,48,4,Compensation could improve
E03289,2026-06-30,58.1,58,53,70,46,75,5,Strong team culture
E03290,2025-06-30,69.2,53,66,83,77,90,3,Need more learning opportunities
E03290,2026-06-30,71.9,50,85,64,77,55,3,Strong team culture
E03291,2025-06-30,70.0,54,74,47,56,77,6,Good manager support
E03291,2026-06-30,67.9,57,85,68,81,72,8,Compensation could improve
E03292,2025-06-30,70.8,70,79,45,84,75,8,Happy with flexibility
E03292,2026-06-30,71.6,90,55,84,86,75,10,Good manager support
E03293,2026-06-30,70.4,51,56,91,76,60,6,Compensation could improve
E03294,2025-06-30,59.6,68,50,79,47,53,3,Compensation could improve
E03294,2026-06-30,74.9,74,78,80,71,93,4,Strong team culture
E03295,2025-06-30,54.7,45,83,38,68,56,10,Happy with flexibility
E03295,2026-06-30,91.1,83,93,38,92,98,9,Need clearer career path
E03297,2025-06-30,53.6,71,40,40,47,84,8,Need more learning opportunities
E03297,2026-06-30,64.2,77,56,48,74,79,3,No comment
E03298,2025-06-30,59.6,51,60,47,48,57,8,Compensation could improve
E03298,2026-06-30,81.2,45,81,87,82,97,1,Need clearer career path
E03299,2026-06-30,78.7,59,90,88,77,91,0,Need more learning opportunities
E03300,2025-06-30,63.7,53,59,83,70,45,7,Compensation could improve
E03300,2026-06-30,61.3,53,65,92,55,62,10,Need more learning opportunities
E03301,2025-06-30,65.4,95,46,59,58,72,7,Need clearer career path
E03301,2026-06-30,58.8,49,63,60,68,66,10,Compensation could improve
E03303,2025-06-30,94.1,87,90,90,79,89,4,Workload is high
E03303,2026-06-30,64.4,90,44,59,94,59,5,Need clearer career path
E03304,2025-06-30,67.2,48,91,55,47,86,7,Workload is high
E03305,2025-06-30,58.0,75,41,52,63,92,1,Need more learning opportunities
E03305,2026-06-30,69.4,85,69,49,79,80,5,No comment
E03306,2025-06-30,75.0,82,63,84,69,76,1,Workload is high
E03306,2026-06-30,63.9,51,81,41,79,50,8,Workload is high
E03308,2025-06-30,76.0,77,51,74,71,93,8,Need more learning opportunities
E03308,2026-06-30,64.4,58,86,40,65,95,10,Need clearer career path
E03310,2025-06-30,75.8,73,93,61,64,74,7,No comment
E03310,2026-06-30,76.9,74,86,54,89,57,6,Strong team culture
E03311,2025-06-30,64.8,53,86,56,62,81,7,Happy with flexibility
E03311,2026-06-30,77.2,62,95,67,96,89,5,Good manager support
E03312,2026-06-30,73.1,82,57,76,53,74,8,Need more learning opportunities
E03313,2025-06-30,83.3,89,79,76,95,49,6,Need more learning opportunities
E03313,2026-06-30,65.9,87,41,80,77,59,3,Strong team culture
E03315,2025-06-30,59.3,60,48,65,69,48,0,Workload is high
E03315,2026-06-30,70.8,46,48,54,95,91,9,Workload is high
E03316,2025-06-30,74.4,84,58,71,71,64,6,Happy with flexibility
E03316,2026-06-30,75.9,91,60,46,59,96,6,Good manager support
E03317,2025-06-30,70.1,93,69,62,52,83,3,Happy with flexibility
E03317,2026-06-30,62.9,90,56,68,49,62,10,Happy with flexibility
E03319,2025-06-30,73.4,80,84,46,88,89,8,Need clearer career path
E03320,2025-06-30,62.9,50,65,92,47,84,9,Workload is high
E03320,2026-06-30,67.3,94,56,45,64,62,10,No comment
E03321,2025-06-30,61.5,69,88,52,54,77,4,Happy with flexibility
E03321,2026-06-30,68.7,51,95,41,77,84,10,Happy with flexibility
E03322,2025-06-30,60.6,74,95,66,50,46,3,Need more learning opportunities
E03322,2026-06-30,66.0,49,84,76,64,87,6,Workload is high
E03323,2025-06-30,65.6,50,80,57,83,54,3,Need clearer career path
E03323,2026-06-30,57.0,79,58,75,63,57,1,Need more learning opportunities
E03325,2025-06-30,77.7,58,44,66,94,92,0,Happy with flexibility
E03325,2026-06-30,52.0,93,45,42,41,52,3,Good manager support
E03327,2025-06-30,78.5,88,76,48,66,87,5,Workload is high
E03327,2026-06-30,77.5,57,85,46,91,94,9,No comment
E03328,2025-06-30,56.4,48,80,46,46,69,9,Workload is high
E03328,2026-06-30,76.7,88,67,69,87,78,9,Need more learning opportunities
E03329,2025-06-30,53.1,45,50,40,48,79,6,Happy with flexibility
E03329,2026-06-30,61.3,56,52,72,63,68,8,Compensation could improve
E03331,2025-06-30,62.5,55,71,91,58,48,10,Happy with flexibility
E03331,2026-06-30,71.1,59,92,53,65,74,0,Happy with flexibility
E03332,2025-06-30,67.9,94,50,41,90,47,3,Strong team culture
E03332,2026-06-30,81.0,89,93,61,76,47,10,Strong team culture
E03334,2025-06-30,66.0,87,46,51,88,59,4,Compensation could improve
E03334,2026-06-30,61.0,86,50,41,46,64,10,Good manager support
E03335,2025-06-30,61.2,70,89,39,51,54,9,Good manager support
E03335,2026-06-30,51.4,54,55,52,44,89,0,Need more learning opportunities
E03336,2025-06-30,76.5,94,93,50,55,77,7,Happy with flexibility
E03336,2026-06-30,64.2,86,53,49,56,79,4,Need clearer career path
E03337,2025-06-30,78.9,78,88,86,73,62,3,Need more learning opportunities
E03338,2025-06-30,76.0,78,87,80,52,92,2,Happy with flexibility
E03338,2026-06-30,68.9,63,84,79,55,49,10,Need more learning opportunities
E03339,2025-06-30,71.3,49,88,61,75,78,0,Strong team culture
E03339,2026-06-30,66.4,47,87,59,94,55,9,No comment
E03340,2025-06-30,68.0,50,95,54,79,61,3,Compensation could improve
E03340,2026-06-30,54.1,78,77,51,43,46,3,Need more learning opportunities
E03341,2025-06-30,58.9,51,55,63,86,48,3,No comment
E03341,2026-06-30,66.6,88,53,89,64,47,6,No comment
E03342,2025-06-30,78.8,86,72,51,87,92,8,Compensation could improve
E03342,2026-06-30,67.5,51,83,82,75,61,3,Compensation could improve
E03343,2025-06-30,63.6,58,48,59,85,92,7,Need clearer career path
E03343,2026-06-30,69.9,72,93,55,71,56,6,Need more learning opportunities
E03345,2025-06-30,87.5,91,94,43,89,97,10,Need more learning opportunities
E03345,2026-06-30,80.2,59,82,85,54,78,8,Workload is high
E03346,2025-06-30,53.5,59,59,55,71,50,4,Compensation could improve
E03346,2026-06-30,69.0,59,73,48,74,68,10,Happy with flexibility
E03347,2025-06-30,73.9,94,88,59,69,82,2,Happy with flexibility
E03347,2026-06-30,69.6,72,78,39,74,90,9,Happy with flexibility
E03348,2025-06-30,70.0,66,57,54,95,92,1,No comment
E03348,2026-06-30,83.0,52,76,79,96,98,4,Workload is high
E03349,2025-06-30,63.2,75,46,88,71,69,0,Strong team culture
E03349,2026-06-30,66.9,46,69,76,91,47,10,Happy with flexibility
E03350,2026-06-30,74.1,58,80,78,62,79,3,No comment
E03351,2025-06-30,62.9,72,68,60,46,71,5,Workload is high
E03351,2026-06-30,73.2,68,77,61,60,81,2,Compensation could improve
E03354,2025-06-30,84.3,73,87,81,76,91,2,Need clearer career path
E03354,2026-06-30,59.1,56,81,47,93,58,6,Compensation could improve
E03355,2026-06-30,61.4,58,75,50,49,96,0,Compensation could improve
E03356,2025-06-30,92.3,93,95,45,93,79,1,Workload is high
E03356,2026-06-30,60.6,53,79,74,81,49,8,Workload is high
E03357,2025-06-30,76.6,86,95,77,59,78,6,No comment
E03357,2026-06-30,78.1,80,85,91,58,87,7,Strong team culture
E03358,2025-06-30,79.6,69,49,89,79,90,5,Need clearer career path
E03358,2026-06-30,63.9,66,49,68,58,64,8,No comment
E03359,2025-06-30,79.7,46,90,78,88,79,0,Need clearer career path
E03359,2026-06-30,69.5,83,69,38,93,74,4,Happy with flexibility
E03360,2025-06-30,55.9,57,49,43,74,80,3,Workload is high
E03360,2026-06-30,74.1,51,51,89,63,96,9,No comment
E03361,2025-06-30,67.3,68,78,56,92,49,10,Strong team culture
E03361,2026-06-30,70.0,90,89,48,60,65,10,No comment
E03362,2025-06-30,70.0,57,93,74,66,56,6,Good manager support
E03362,2026-06-30,75.6,89,90,70,66,80,6,Workload is high
E03363,2025-06-30,82.9,93,91,75,79,80,2,Workload is high
E03363,2026-06-30,65.6,46,67,82,61,75,4,Good manager support
E03364,2026-06-30,66.9,74,61,88,47,74,7,Happy with flexibility
E03366,2026-06-30,69.8,63,58,82,55,89,6,Strong team culture
E03367,2025-06-30,73.0,90,41,87,86,55,1,Need clearer career path
E03367,2026-06-30,69.1,46,53,83,96,67,0,Strong team culture
E03368,2026-06-30,65.2,75,52,89,50,79,3,Need clearer career path
E03369,2025-06-30,68.2,91,56,49,59,69,10,Need clearer career path
E03369,2026-06-30,69.7,47,83,81,75,86,0,Need more learning opportunities
E03370,2025-06-30,67.6,63,41,57,86,81,5,Need clearer career path
E03370,2026-06-30,75.1,88,80,75,76,51,5,Need clearer career path
E03371,2025-06-30,60.2,84,46,38,51,95,3,No comment
E03371,2026-06-30,69.9,71,63,49,57,96,1,No comment
E03372,2025-06-30,73.7,87,55,85,62,94,0,Strong team culture
E03372,2026-06-30,66.7,84,61,44,74,52,1,Strong team culture
E03373,2025-06-30,69.0,73,88,68,58,46,10,Good manager support
E03373,2026-06-30,71.3,50,67,85,56,68,3,Workload is high
E03374,2025-06-30,64.7,73,46,59,88,55,9,Strong team culture
E03374,2026-06-30,56.9,71,78,39,56,46,4,Happy with flexibility
E03375,2025-06-30,64.6,61,70,68,51,81,0,Need clearer career path
E03375,2026-06-30,76.6,89,66,64,82,48,5,Workload is high
E03376,2025-06-30,68.2,55,83,79,57,75,8,Happy with flexibility
E03376,2026-06-30,61.1,52,60,45,60,87,10,No comment
E03377,2025-06-30,68.1,63,52,42,88,78,4,Need clearer career path
E03377,2026-06-30,71.0,66,81,82,60,74,5,Compensation could improve
E03379,2025-06-30,62.0,46,59,56,96,64,7,No comment
E03379,2026-06-30,68.2,63,57,64,71,96,3,Happy with flexibility
E03380,2025-06-30,71.0,73,73,69,68,92,8,Happy with flexibility
E03380,2026-06-30,62.7,70,84,50,74,54,0,Good manager support
E03381,2025-06-30,70.9,60,80,75,76,68,6,Compensation could improve
E03381,2026-06-30,61.2,77,43,57,80,52,5,Workload is high
E03383,2025-06-30,60.1,85,56,78,45,49,1,Strong team culture
E03383,2026-06-30,53.5,46,44,58,53,77,9,Need more learning opportunities
E03384,2025-06-30,73.7,62,89,76,91,49,7,Need clearer career path
E03384,2026-06-30,66.4,61,91,77,65,47,7,Workload is high
E03386,2026-06-30,58.5,67,40,79,40,67,9,Workload is high
E03387,2025-06-30,90.2,75,86,91,84,74,0,Need more learning opportunities
E03387,2026-06-30,79.6,54,71,77,95,94,6,No comment
E03388,2025-06-30,66.4,92,63,71,57,46,1,No comment
E03388,2026-06-30,66.9,57,92,43,54,95,3,Need more learning opportunities
E03390,2025-06-30,66.4,56,76,71,55,80,4,Strong team culture
E03390,2026-06-30,62.8,70,49,38,63,85,1,Need more learning opportunities
E03391,2025-06-30,54.7,59,53,42,52,53,5,Need clearer career path
E03391,2026-06-30,77.5,68,84,74,63,96,7,Need clearer career path
E03392,2026-06-30,63.0,63,84,42,58,63,8,Workload is high
E03393,2025-06-30,67.3,68,82,48,49,78,2,Need more learning opportunities
E03393,2026-06-30,66.3,91,68,41,74,88,6,Strong team culture
E03394,2025-06-30,59.5,45,40,58,87,71,6,Strong team culture
E03394,2026-06-30,68.5,88,40,86,96,48,8,Strong team culture
E03395,2025-06-30,67.1,79,55,59,50,87,0,Compensation could improve
E03395,2026-06-30,74.5,62,78,74,96,62,7,Workload is high
E03396,2025-06-30,62.5,74,75,43,79,48,4,Strong team culture
E03396,2026-06-30,82.2,77,78,90,95,48,4,No comment
E03397,2026-06-30,67.5,56,75,76,42,79,8,Workload is high
E03398,2025-06-30,66.2,45,46,79,79,65,7,No comment
E03398,2026-06-30,61.0,60,51,81,94,51,10,Need more learning opportunities
E03399,2025-06-30,54.3,59,54,52,70,46,6,Need clearer career path
E03399,2026-06-30,79.3,89,67,87,86,81,8,Need more learning opportunities
E03400,2025-06-30,74.5,63,87,43,79,75,10,Need more learning opportunities
E03400,2026-06-30,69.5,70,53,56,54,82,7,Need clearer career path
E03401,2025-06-30,75.3,82,91,55,94,57,7,Need clearer career path
E03401,2026-06-30,58.7,60,43,92,70,45,3,Need more learning opportunities
E03402,2025-06-30,59.2,67,40,86,65,48,4,Good manager support
E03402,2026-06-30,81.2,71,86,79,90,90,7,Good manager support
E03403,2025-06-30,63.7,55,69,58,74,45,1,Happy with flexibility
E03403,2026-06-30,61.7,93,60,60,59,45,10,Need clearer career path
E03404,2025-06-30,75.3,88,46,76,96,58,5,Need more learning opportunities
E03404,2026-06-30,66.2,49,72,69,46,95,3,Happy with flexibility
E03405,2025-06-30,83.2,90,68,73,85,71,0,Need clearer career path
E03405,2026-06-30,54.3,85,49,47,52,85,4,Strong team culture
E03406,2025-06-30,54.4,78,41,46,76,52,6,Need clearer career path
E03406,2026-06-30,77.0,90,85,76,63,62,2,No comment
E03407,2025-06-30,58.8,63,70,39,50,68,0,Strong team culture
E03407,2026-06-30,66.3,86,73,67,51,45,8,Strong team culture
E03408,2025-06-30,63.6,73,88,59,49,72,9,Strong team culture
E03408,2026-06-30,68.0,82,49,66,58,62,4,Need more learning opportunities
E03409,2025-06-30,59.7,70,49,65,41,76,9,Compensation could improve
E03409,2026-06-30,71.3,65,58,68,94,65,9,Need more learning opportunities
E03410,2025-06-30,62.8,56,68,43,66,77,9,Need more learning opportunities
E03410,2026-06-30,81.8,86,87,73,94,59,7,Need clearer career path
E03411,2025-06-30,69.6,50,93,72,58,73,7,Need more learning opportunities
E03411,2026-06-30,77.5,74,62,69,96,48,6,Strong team culture
E03413,2025-06-30,65.3,72,42,65,90,56,0,Strong team culture
E03413,2026-06-30,70.2,46,66,71,91,74,3,Compensation could improve
E03414,2025-06-30,72.3,50,77,70,67,98,4,Need clearer career path
E03414,2026-06-30,69.9,90,49,69,84,60,7,Good manager support
E03418,2025-06-30,55.7,66,45,76,43,64,0,No comment
E03418,2026-06-30,74.2,83,70,39,96,94,2,Strong team culture
E03419,2025-06-30,72.4,94,88,50,65,54,5,Good manager support
E03419,2026-06-30,57.3,58,47,71,50,85,5,Happy with flexibility
E03421,2025-06-30,67.7,55,44,80,74,75,10,Strong team culture
E03421,2026-06-30,73.2,48,95,78,64,56,5,Good manager support
E03422,2025-06-30,74.5,73,57,91,48,70,4,Need clearer career path
E03422,2026-06-30,61.6,70,88,52,55,83,5,Need clearer career path
E03423,2025-06-30,55.8,64,48,68,45,63,5,Good manager support
E03423,2026-06-30,68.5,71,83,65,56,67,8,Good manager support
E03425,2025-06-30,68.6,62,75,70,54,66,2,Need clearer career path
E03425,2026-06-30,71.0,69,70,78,78,93,9,Compensation could improve
E03426,2025-06-30,65.1,89,83,53,45,65,5,Compensation could improve
E03427,2025-06-30,69.5,57,53,83,56,51,6,Compensation could improve
E03427,2026-06-30,56.5,80,58,43,49,53,4,No comment
E03429,2025-06-30,74.9,48,74,78,70,92,9,Need more learning opportunities
E03429,2026-06-30,50.8,56,59,49,41,59,3,Workload is high
E03430,2025-06-30,85.8,75,90,69,83,92,0,Need more learning opportunities
E03430,2026-06-30,53.5,62,66,80,44,51,4,Workload is high
E03431,2025-06-30,57.0,79,63,54,54,82,8,Compensation could improve
E03432,2025-06-30,76.6,69,74,81,90,91,5,No comment
E03432,2026-06-30,63.0,64,77,66,70,48,4,Workload is high
E03433,2025-06-30,55.0,46,64,70,52,45,6,Strong team culture
E03433,2026-06-30,66.6,63,45,76,72,95,5,Workload is high
E03434,2025-06-30,75.5,71,79,72,81,70,0,Need more learning opportunities
E03434,2026-06-30,68.5,79,62,54,93,84,1,Happy with flexibility
E03435,2025-06-30,75.5,86,45,57,83,75,3,Happy with flexibility
E03435,2026-06-30,77.2,65,71,92,65,82,7,Need clearer career path
E03436,2025-06-30,63.6,50,88,69,60,81,4,Compensation could improve
E03436,2026-06-30,72.3,86,59,71,76,50,6,Good manager support
E03437,2026-06-30,56.6,49,79,43,58,52,4,No comment
E03438,2025-06-30,74.0,46,93,82,92,55,0,Strong team culture
E03438,2026-06-30,65.2,85,53,46,76,59,8,No comment
E03439,2025-06-30,74.5,72,68,87,72,72,0,Need more learning opportunities
E03439,2026-06-30,73.8,84,59,67,73,93,4,Compensation could improve
E03440,2025-06-30,59.1,57,66,67,52,67,7,Need clearer career path
E03440,2026-06-30,70.6,73,52,44,85,85,7,Good manager support
E03442,2025-06-30,72.1,53,59,87,89,74,0,Strong team culture
E03442,2026-06-30,61.7,82,57,52,50,72,2,Strong team culture
E03444,2025-06-30,71.6,86,52,63,67,71,4,No comment
E03444,2026-06-30,69.6,48,64,73,87,61,8,Need clearer career path
E03445,2025-06-30,76.1,89,90,80,70,68,8,Workload is high
E03445,2026-06-30,89.0,95,78,60,82,96,4,No comment
E03446,2025-06-30,66.4,45,77,70,63,75,1,Workload is high
E03446,2026-06-30,82.3,94,52,67,89,84,10,Strong team culture
E03447,2025-06-30,64.4,59,75,64,79,59,8,No comment
E03447,2026-06-30,76.9,77,92,57,50,95,0,Need more learning opportunities
E03448,2025-06-30,57.7,82,64,53,57,69,9,Need clearer career path
E03448,2026-06-30,93.3,90,88,92,87,78,3,Need clearer career path
E03449,2025-06-30,57.8,72,66,47,71,49,2,No comment
E03449,2026-06-30,76.6,78,94,65,70,74,0,Happy with flexibility
E03450,2026-06-30,87.7,82,92,77,85,73,2,Workload is high
E03451,2025-06-30,57.3,50,72,49,51,73,9,Happy with flexibility
E03451,2026-06-30,64.4,50,77,60,70,87,10,Strong team culture
E03452,2025-06-30,62.4,67,42,65,89,54,5,No comment
E03452,2026-06-30,66.8,61,74,63,67,98,4,Workload is high
E03453,2025-06-30,65.1,72,65,68,69,58,9,Need more learning opportunities
E03453,2026-06-30,59.2,45,60,78,65,51,6,Need more learning opportunities
E03454,2025-06-30,69.4,62,88,63,53,82,2,Workload is high
E03454,2026-06-30,73.4,77,56,73,49,91,1,Need clearer career path
E03455,2025-06-30,70.8,69,76,64,86,76,10,Need clearer career path
E03455,2026-06-30,70.2,86,61,83,54,75,7,Strong team culture
E03457,2025-06-30,70.0,93,62,45,77,79,5,Workload is high
E03457,2026-06-30,70.5,47,93,59,71,83,5,Good manager support
E03458,2026-06-30,71.4,84,77,91,41,79,5,Compensation could improve
E03459,2026-06-30,66.8,54,84,82,41,91,1,Strong team culture
E03460,2025-06-30,81.0,65,58,75,89,77,1,Need more learning opportunities
E03460,2026-06-30,74.0,68,77,48,62,91,4,Need clearer career path
E03461,2026-06-30,67.6,79,72,66,48,65,3,No comment
E03462,2025-06-30,74.3,72,73,81,44,92,6,Happy with flexibility
E03462,2026-06-30,61.7,54,73,46,74,64,0,Compensation could improve
E03464,2025-06-30,63.6,47,80,51,79,47,8,Need more learning opportunities
E03464,2026-06-30,68.9,78,83,81,45,46,10,No comment
E03465,2025-06-30,63.2,68,63,41,74,83,4,Happy with flexibility
E03465,2026-06-30,75.9,83,81,59,77,80,4,Good manager support
E03466,2025-06-30,71.4,76,63,87,84,78,8,Workload is high
E03466,2026-06-30,80.6,58,76,90,88,62,4,Compensation could improve
E03467,2026-06-30,72.2,59,76,63,84,65,2,Happy with flexibility
E03468,2025-06-30,72.2,64,94,38,71,94,10,Need clearer career path
E03468,2026-06-30,73.1,68,86,90,61,71,0,Strong team culture
E03469,2025-06-30,64.3,60,58,85,41,94,2,Good manager support
E03469,2026-06-30,69.9,86,51,67,94,51,1,Need clearer career path
E03470,2025-06-30,64.4,48,46,87,93,75,4,Need clearer career path
E03470,2026-06-30,58.1,49,72,59,44,55,6,Workload is high
E03471,2025-06-30,64.6,49,63,59,83,56,1,Happy with flexibility
E03471,2026-06-30,65.6,51,40,64,95,74,3,Workload is high
E03472,2025-06-30,65.9,61,42,74,84,83,2,Need clearer career path
E03472,2026-06-30,78.7,82,95,49,86,74,8,Need more learning opportunities
E03474,2025-06-30,63.7,77,41,58,70,96,10,Need more learning opportunities
E03474,2026-06-30,78.1,70,76,59,84,91,2,Good manager support
E03475,2025-06-30,68.2,91,45,52,69,74,7,Need more learning opportunities
E03475,2026-06-30,60.8,52,57,68,76,54,5,No comment
E03476,2025-06-30,62.2,52,86,38,64,63,6,Need clearer career path
E03476,2026-06-30,74.0,64,95,71,80,77,4,Good manager support
E03477,2025-06-30,54.4,69,70,56,52,51,8,Need clearer career path
E03477,2026-06-30,68.8,57,75,81,74,45,9,Workload is high
E03478,2025-06-30,86.0,88,81,86,81,77,5,Need clearer career path
E03478,2026-06-30,71.6,79,82,57,66,82,1,Compensation could improve
E03479,2026-06-30,61.4,56,43,44,77,69,6,Need clearer career path
E03482,2025-06-30,65.0,78,91,59,49,52,7,Workload is high
E03482,2026-06-30,71.7,90,90,61,46,71,8,No comment
E03483,2025-06-30,73.5,79,84,89,42,78,8,Strong team culture
E03483,2026-06-30,56.3,45,62,40,46,87,6,Workload is high
E03484,2025-06-30,72.8,95,93,71,80,62,2,Workload is high
E03484,2026-06-30,73.1,85,95,40,74,72,3,Good manager support
E03485,2025-06-30,62.4,61,58,73,69,69,7,Good manager support
E03485,2026-06-30,71.4,70,95,42,75,55,4,Need more learning opportunities
E03486,2025-06-30,70.3,78,70,86,40,77,5,Strong team culture
E03486,2026-06-30,66.2,95,91,61,49,49,0,Happy with flexibility
E03488,2025-06-30,77.4,87,56,86,72,65,7,Good manager support
E03488,2026-06-30,71.4,56,72,74,96,47,2,Good manager support
E03490,2025-06-30,67.9,45,70,43,79,86,6,Strong team culture
E03490,2026-06-30,64.5,60,67,86,49,49,7,Happy with flexibility
E03491,2025-06-30,77.1,50,77,88,94,86,6,Happy with flexibility
E03491,2026-06-30,67.3,73,66,52,54,95,4,Workload is high
E03492,2025-06-30,64.5,67,57,58,56,88,1,Strong team culture
E03492,2026-06-30,69.5,59,54,63,87,90,6,Happy with flexibility
E03493,2025-06-30,76.5,57,93,61,85,61,1,Need more learning opportunities
E03493,2026-06-30,76.6,73,63,59,53,95,0,Good manager support
E03494,2025-06-30,66.4,66,75,59,76,48,9,Need clearer career path
E03494,2026-06-30,75.3,93,90,41,45,80,1,Happy with flexibility
E03495,2025-06-30,64.8,55,87,61,78,57,9,Compensation could improve
E03495,2026-06-30,72.5,62,90,50,74,90,8,Good manager support
E03496,2025-06-30,71.7,89,66,84,66,89,10,Need more learning opportunities
E03496,2026-06-30,68.3,52,82,74,67,51,3,Good manager support
E03497,2026-06-30,57.2,63,49,55,88,53,3,Need clearer career path
E03498,2025-06-30,70.7,63,92,68,41,67,2,Workload is high
E03498,2026-06-30,68.2,47,90,39,75,96,5,Workload is high
E03499,2026-06-30,69.6,85,56,84,43,56,10,Good manager support
E03500,2026-06-30,73.1,79,68,53,70,88,3,Need more learning opportunities
E03501,2025-06-30,53.5,70,59,53,41,45,9,Happy with flexibility
E03501,2026-06-30,56.6,61,56,39,47,69,5,No comment
E03502,2025-06-30,67.3,60,46,90,69,82,3,Good manager support
E03502,2026-06-30,68.8,76,67,65,77,98,3,Need more learning opportunities
E03503,2025-06-30,67.2,81,95,48,76,58,7,No comment
E03503,2026-06-30,74.5,68,66,69,84,92,5,Strong team culture
E03504,2025-06-30,78.9,80,66,82,82,72,8,Need more learning opportunities
E03504,2026-06-30,66.7,76,71,69,61,93,3,Need more learning opportunities
E03505,2025-06-30,73.7,71,87,66,93,80,1,Workload is high
E03505,2026-06-30,71.6,59,91,69,73,90,4,Need clearer career path
E03506,2025-06-30,69.5,63,56,59,69,62,5,No comment
E03506,2026-06-30,61.8,51,45,68,73,74,8,Workload is high
E03507,2025-06-30,72.1,69,79,89,54,73,10,Workload is high
E03507,2026-06-30,66.6,51,48,73,46,88,0,Strong team culture
E03508,2025-06-30,68.7,67,45,61,92,52,5,Workload is high
E03508,2026-06-30,68.3,58,82,62,42,90,1,Need more learning opportunities
E03509,2025-06-30,69.4,52,81,48,59,91,5,Compensation could improve
E03509,2026-06-30,62.2,55,45,81,68,77,6,No comment
E03510,2025-06-30,74.6,87,87,71,62,69,10,Need more learning opportunities
E03510,2026-06-30,50.1,45,52,42,90,64,0,Happy with flexibility
E03512,2026-06-30,70.1,84,74,74,44,71,2,Need clearer career path
E03513,2025-06-30,75.4,77,55,52,93,68,5,Strong team culture
E03513,2026-06-30,70.1,75,89,65,91,53,2,Strong team culture
E03514,2025-06-30,61.7,58,72,59,66,59,10,Need more learning opportunities
E03514,2026-06-30,76.0,55,72,65,93,96,9,Good manager support
E03515,2025-06-30,64.9,52,53,76,43,79,0,Strong team culture
E03515,2026-06-30,66.1,55,63,44,91,65,10,No comment
E03517,2025-06-30,73.9,86,73,88,40,86,0,Good manager support
E03517,2026-06-30,52.7,48,59,56,42,85,3,Happy with flexibility
E03518,2025-06-30,70.0,83,51,87,59,61,3,No comment
E03518,2026-06-30,68.8,69,45,60,65,84,4,Need more learning opportunities
E03519,2025-06-30,73.4,53,81,62,61,55,8,Compensation could improve
E03519,2026-06-30,80.1,55,93,63,66,93,2,Strong team culture
E03520,2025-06-30,67.4,95,93,57,73,47,2,Strong team culture
E03520,2026-06-30,64.6,49,76,65,71,66,7,Workload is high
E03521,2025-06-30,67.2,63,74,47,89,82,5,Compensation could improve
E03521,2026-06-30,70.1,88,52,59,83,63,7,Need more learning opportunities
E03522,2025-06-30,59.4,50,65,76,70,60,5,Need clearer career path
E03522,2026-06-30,72.7,68,81,82,57,57,4,Compensation could improve
E03523,2025-06-30,76.0,51,89,78,68,90,5,Strong team culture
E03523,2026-06-30,63.6,61,76,45,56,96,2,Need more learning opportunities
E03524,2025-06-30,66.9,67,58,48,65,94,10,Happy with flexibility
E03524,2026-06-30,69.3,78,67,86,58,74,5,Happy with flexibility
E03526,2025-06-30,75.7,63,86,85,64,88,3,Good manager support
E03526,2026-06-30,60.5,92,62,77,59,60,10,Workload is high
E03527,2025-06-30,62.9,83,48,76,84,50,4,Workload is high
E03527,2026-06-30,67.0,83,59,74,67,98,7,Need clearer career path
E03528,2025-06-30,74.2,71,41,87,71,84,2,Happy with flexibility
E03528,2026-06-30,72.8,67,92,68,93,66,8,Compensation could improve
E03529,2025-06-30,64.1,55,81,45,57,71,3,Happy with flexibility
E03529,2026-06-30,73.5,91,78,91,46,54,0,Strong team culture
E03530,2025-06-30,77.6,54,83,85,76,67,3,Happy with flexibility
E03530,2026-06-30,64.8,46,51,61,87,61,0,Need more learning opportunities
E03531,2025-06-30,79.6,94,82,66,92,56,1,Workload is high
E03531,2026-06-30,70.2,53,53,43,96,91,3,Compensation could improve
E03532,2025-06-30,53.3,59,53,43,48,45,5,Compensation could improve
E03532,2026-06-30,85.8,94,72,65,65,98,6,No comment
E03533,2025-06-30,80.4,86,64,82,78,67,4,Happy with flexibility
E03533,2026-06-30,75.3,83,89,44,77,58,8,Happy with flexibility
E03535,2025-06-30,58.4,88,43,55,59,79,9,Need clearer career path
E03535,2026-06-30,66.3,62,69,64,64,79,8,Need clearer career path
E03537,2025-06-30,76.6,83,60,84,88,77,5,Compensation could improve
E03537,2026-06-30,75.1,69,56,83,55,93,8,Happy with flexibility
E03540,2025-06-30,62.2,76,92,52,53,65,10,Strong team culture
E03540,2026-06-30,59.5,75,41,43,51,65,0,Good manager support
E03541,2025-06-30,57.5,53,54,87,61,68,1,Good manager support
E03541,2026-06-30,62.3,67,57,47,86,70,6,Compensation could improve
E03542,2025-06-30,68.4,60,53,69,76,81,3,Happy with flexibility
E03542,2026-06-30,61.6,74,75,38,47,49,10,Good manager support
E03543,2025-06-30,78.0,72,47,81,76,92,10,Strong team culture
E03543,2026-06-30,62.3,55,60,39,70,96,9,Good manager support
E03544,2025-06-30,78.2,89,64,88,70,97,8,Compensation could improve
E03544,2026-06-30,74.4,67,86,68,63,80,0,Need more learning opportunities
E03545,2025-06-30,70.0,87,78,58,75,79,4,No comment
E03545,2026-06-30,67.7,52,75,77,52,76,6,Workload is high
E03546,2026-06-30,68.5,80,79,49,71,76,4,Need more learning opportunities
E03547,2025-06-30,81.6,67,65,79,95,94,9,No comment
E03547,2026-06-30,74.8,72,68,81,84,75,0,Strong team culture
E03548,2025-06-30,65.9,87,91,51,63,69,8,Happy with flexibility
E03548,2026-06-30,58.6,48,60,84,63,74,7,Need clearer career path
E03550,2025-06-30,64.9,92,48,77,54,71,3,Strong team culture
E03550,2026-06-30,71.6,83,78,82,56,85,4,Happy with flexibility
E03552,2025-06-30,64.3,61,44,78,42,84,3,Need more learning opportunities
E03552,2026-06-30,59.9,48,76,69,52,71,10,Compensation could improve
E03553,2025-06-30,65.3,48,89,56,53,78,6,Strong team culture
E03553,2026-06-30,68.1,84,64,44,61,80,0,Workload is high
E03554,2025-06-30,73.2,68,79,50,88,80,4,Compensation could improve
E03554,2026-06-30,78.4,78,93,47,50,98,5,Good manager support
E03555,2026-06-30,76.0,83,77,80,63,59,3,Strong team culture
E03556,2025-06-30,61.2,65,45,65,64,49,7,Happy with flexibility
E03556,2026-06-30,72.0,72,40,81,95,62,10,Need more learning opportunities
E03557,2025-06-30,77.6,48,87,48,96,90,8,Strong team culture
E03557,2026-06-30,68.4,66,62,61,61,92,3,Need more learning opportunities
E03558,2025-06-30,62.7,85,52,71,40,76,0,Happy with flexibility
E03558,2026-06-30,60.9,83,78,38,52,54,10,No comment
E03559,2025-06-30,70.6,85,77,61,77,63,3,Workload is high
E03559,2026-06-30,74.2,86,63,56,84,93,5,Compensation could improve
E03560,2025-06-30,73.2,93,68,70,80,66,1,Strong team culture
E03560,2026-06-30,73.9,86,46,73,63,94,6,Strong team culture
E03561,2025-06-30,83.6,94,90,89,75,50,9,Need clearer career path
E03561,2026-06-30,67.6,77,57,74,55,93,0,Need more learning opportunities
E03562,2025-06-30,63.6,50,44,90,60,86,4,Need more learning opportunities
E03562,2026-06-30,80.0,77,91,70,95,63,7,Compensation could improve
E03563,2025-06-30,66.2,85,42,45,49,89,9,Strong team culture
E03563,2026-06-30,66.5,94,53,60,96,47,4,Need more learning opportunities
E03564,2025-06-30,78.8,70,90,54,69,84,10,Need more learning opportunities
E03564,2026-06-30,70.8,79,70,53,43,71,9,Happy with flexibility
E03565,2025-06-30,75.3,72,88,81,68,58,0,Need clearer career path
E03566,2026-06-30,70.5,90,51,56,79,57,7,Compensation could improve
E03568,2025-06-30,79.8,87,79,79,71,49,7,Happy with flexibility
E03568,2026-06-30,77.1,89,46,75,96,56,1,Need more learning opportunities
E03569,2025-06-30,66.1,69,93,70,44,63,4,Need more learning opportunities
E03569,2026-06-30,71.1,45,93,88,96,51,10,Happy with flexibility
E03570,2025-06-30,82.9,64,71,89,94,88,1,No comment
E03570,2026-06-30,64.0,64,95,49,60,74,8,Need more learning opportunities
E03571,2025-06-30,53.9,47,50,64,58,87,5,Workload is high
E03571,2026-06-30,61.9,70,78,90,43,62,1,Workload is high
E03572,2025-06-30,69.2,54,94,83,77,56,1,Workload is high
E03572,2026-06-30,67.4,50,73,61,68,76,9,Strong team culture
E03574,2025-06-30,63.2,45,62,47,69,87,10,No comment
E03574,2026-06-30,64.6,69,91,41,46,56,0,Need more learning opportunities
E03575,2025-06-30,59.0,72,47,66,84,57,9,Good manager support
E03575,2026-06-30,70.3,55,88,78,65,52,10,Need more learning opportunities
E03576,2025-06-30,71.9,51,72,74,61,75,5,Need more learning opportunities
E03576,2026-06-30,70.7,71,72,58,73,50,7,Strong team culture
E03577,2025-06-30,63.7,51,72,75,41,91,7,Happy with flexibility
E03577,2026-06-30,77.4,57,95,65,91,58,0,Strong team culture
E03578,2025-06-30,67.0,90,44,55,85,53,6,Compensation could improve
E03579,2025-06-30,55.6,93,52,66,46,50,3,Strong team culture
E03579,2026-06-30,71.0,83,87,45,77,65,3,Need clearer career path
E03582,2025-06-30,68.0,65,63,56,90,96,7,No comment
E03582,2026-06-30,72.2,71,44,69,93,72,0,No comment
E03583,2026-06-30,75.5,60,82,79,71,87,1,Compensation could improve
E03584,2026-06-30,66.7,90,78,50,52,87,6,Happy with flexibility
E03585,2025-06-30,66.5,80,46,53,56,73,9,No comment
E03585,2026-06-30,72.6,69,91,56,65,47,8,Need clearer career path
E03586,2025-06-30,75.0,90,76,63,48,80,3,Need more learning opportunities
E03586,2026-06-30,64.6,82,85,46,62,84,1,No comment
E03587,2025-06-30,70.9,76,89,60,83,55,1,Need more learning opportunities
E03587,2026-06-30,71.9,81,54,44,96,84,2,Workload is high
E03588,2025-06-30,70.0,92,53,63,88,62,8,Need more learning opportunities
E03588,2026-06-30,58.8,62,76,65,66,60,8,Happy with flexibility
E03589,2025-06-30,67.3,70,44,69,78,50,7,Strong team culture
E03589,2026-06-30,74.6,68,76,59,81,80,10,Workload is high
E03590,2025-06-30,69.8,45,73,62,84,65,7,Good manager support
E03590,2026-06-30,73.7,84,58,69,75,87,8,Compensation could improve
E03591,2025-06-30,73.0,76,56,85,49,78,7,Happy with flexibility
E03591,2026-06-30,66.0,67,50,78,68,74,9,Good manager support
E03592,2025-06-30,71.2,66,81,87,53,67,2,Good manager support
E03592,2026-06-30,58.4,81,45,51,65,67,2,Workload is high
E03593,2026-06-30,50.1,65,46,59,40,72,1,Need clearer career path
E03594,2026-06-30,67.0,86,71,73,65,45,8,Happy with flexibility
E03595,2025-06-30,74.1,82,92,68,59,63,9,Compensation could improve
E03595,2026-06-30,89.0,93,73,85,75,57,5,Happy with flexibility
E03597,2025-06-30,77.0,95,69,63,69,86,10,Strong team culture
E03597,2026-06-30,61.7,89,45,54,55,68,5,No comment
E03598,2025-06-30,71.0,64,81,84,50,55,1,No comment
E03598,2026-06-30,82.2,84,70,64,87,73,10,Compensation could improve
E03599,2025-06-30,78.7,59,89,64,94,79,1,Happy with flexibility
E03599,2026-06-30,73.8,60,77,69,73,98,7,Happy with flexibility
E03601,2026-06-30,67.3,53,60,76,55,79,5,Happy with flexibility
E03602,2025-06-30,80.1,60,95,82,53,89,5,Good manager support
E03602,2026-06-30,77.1,68,84,62,67,98,8,Need more learning opportunities
E03603,2025-06-30,60.6,49,40,52,93,60,1,Need clearer career path
E03603,2026-06-30,72.8,45,89,91,72,68,4,Compensation could improve
E03604,2025-06-30,78.3,88,79,86,76,92,0,No comment
E03604,2026-06-30,77.8,88,88,63,66,77,10,No comment
E03605,2026-06-30,70.4,84,76,44,80,72,10,Workload is high
E03607,2025-06-30,66.9,71,53,81,74,93,6,Need more learning opportunities
E03607,2026-06-30,63.8,74,49,58,66,81,8,Need more learning opportunities
E03608,2025-06-30,67.3,56,85,71,56,84,10,No comment
E03608,2026-06-30,77.3,81,62,85,74,72,4,Need more learning opportunities
E03609,2025-06-30,58.9,75,68,39,66,56,3,No comment
E03609,2026-06-30,71.8,65,67,62,80,58,4,Good manager support
E03611,2025-06-30,82.6,51,48,79,86,95,5,Need more learning opportunities
E03611,2026-06-30,69.0,73,53,69,94,56,8,Good manager support
E03612,2025-06-30,66.0,65,93,38,96,53,2,Compensation could improve
E03612,2026-06-30,75.5,85,61,84,79,76,7,No comment
E03614,2025-06-30,83.8,77,65,81,74,92,10,Good manager support
E03614,2026-06-30,75.7,68,82,69,72,56,3,Happy with flexibility
E03615,2025-06-30,59.6,62,46,65,46,86,1,Happy with flexibility
E03615,2026-06-30,79.4,79,92,52,79,82,1,Good manager support
E03616,2025-06-30,51.4,45,62,58,56,59,1,Need clearer career path
E03616,2026-06-30,78.1,74,72,91,76,65,8,Compensation could improve
E03617,2026-06-30,58.1,52,50,74,43,58,0,Good manager support
E03619,2025-06-30,69.0,65,48,80,70,76,10,Strong team culture
E03619,2026-06-30,65.2,89,42,52,59,57,4,No comment
E03620,2025-06-30,81.8,74,74,92,63,56,10,Good manager support
E03620,2026-06-30,56.5,53,50,71,49,46,4,Workload is high
E03621,2025-06-30,76.6,82,67,74,95,49,2,Workload is high
E03621,2026-06-30,58.6,93,60,44,61,48,3,Need clearer career path
E03622,2025-06-30,74.0,48,92,75,50,95,2,Strong team culture
E03623,2025-06-30,68.4,54,84,55,63,92,10,Need more learning opportunities
E03623,2026-06-30,55.3,56,47,62,65,72,2,Workload is high
E03624,2026-06-30,76.7,82,47,52,68,96,4,Workload is high
E03625,2025-06-30,60.0,48,80,75,47,47,2,Good manager support
E03625,2026-06-30,62.7,69,66,43,56,89,8,Need more learning opportunities
E03626,2025-06-30,62.1,55,71,56,43,96,3,No comment
E03626,2026-06-30,68.2,50,80,67,96,70,7,Good manager support
E03627,2026-06-30,66.3,78,60,82,68,56,2,Happy with flexibility
E03628,2025-06-30,74.0,89,75,78,55,48,5,No comment
E03628,2026-06-30,60.0,68,66,49,48,67,6,Strong team culture
E03629,2025-06-30,66.7,94,57,68,57,69,0,Happy with flexibility
E03629,2026-06-30,86.2,95,91,78,91,81,10,Happy with flexibility
E03630,2025-06-30,71.2,70,59,54,95,95,2,Good manager support
E03630,2026-06-30,71.7,62,81,65,70,77,5,Strong team culture
E03632,2025-06-30,75.3,68,53,66,82,83,6,Strong team culture
E03632,2026-06-30,73.0,86,55,57,93,78,4,No comment
E03633,2025-06-30,66.8,69,74,43,50,82,3,Strong team culture
E03633,2026-06-30,66.8,52,82,42,67,56,4,Happy with flexibility
E03634,2026-06-30,74.1,65,56,71,70,90,0,Strong team culture
E03635,2025-06-30,75.8,58,93,74,66,74,10,Need more learning opportunities
E03636,2025-06-30,68.2,66,85,59,58,49,7,No comment
E03636,2026-06-30,75.5,69,82,85,95,71,8,Compensation could improve
E03637,2025-06-30,71.7,73,62,83,44,84,2,Compensation could improve
E03637,2026-06-30,61.4,47,80,72,60,59,5,Workload is high
E03638,2025-06-30,63.3,50,71,54,56,85,9,Compensation could improve
E03638,2026-06-30,82.5,82,78,89,78,74,0,Need clearer career path
E03640,2025-06-30,72.4,70,69,64,82,82,3,No comment
E03640,2026-06-30,67.0,62,49,39,63,94,7,Need clearer career path
E03641,2025-06-30,68.3,52,68,66,96,72,3,Need more learning opportunities
E03641,2026-06-30,85.9,87,81,80,71,97,0,Good manager support
E03642,2025-06-30,60.6,48,41,82,54,92,8,Happy with flexibility
E03642,2026-06-30,71.7,94,44,74,46,75,5,No comment
E03643,2025-06-30,66.8,62,60,77,43,62,0,Happy with flexibility
E03643,2026-06-30,64.0,56,43,77,77,94,0,Strong team culture
E03644,2025-06-30,71.8,53,93,72,96,71,10,Happy with flexibility
E03644,2026-06-30,61.9,66,44,39,94,48,4,Workload is high
E03645,2025-06-30,54.8,54,43,68,73,79,2,Workload is high
E03646,2025-06-30,75.4,89,46,66,74,87,7,No comment
E03646,2026-06-30,74.0,62,81,59,95,83,4,Workload is high
E03649,2025-06-30,72.3,64,92,47,94,58,2,Good manager support
E03649,2026-06-30,57.4,61,78,45,55,53,9,Good manager support
E03650,2025-06-30,84.7,95,94,78,70,96,0,Need more learning opportunities
E03650,2026-06-30,62.8,85,56,44,59,89,1,Strong team culture
E03651,2025-06-30,77.9,89,55,61,86,94,1,Strong team culture
E03651,2026-06-30,64.0,49,68,47,95,63,6,Compensation could improve
E03652,2025-06-30,76.7,55,73,76,86,98,7,Compensation could improve
E03652,2026-06-30,68.5,48,74,50,86,57,8,Workload is high
E03653,2025-06-30,86.1,88,88,83,90,78,7,Workload is high
E03653,2026-06-30,71.9,85,94,66,55,82,3,Workload is high
E03655,2025-06-30,72.0,69,84,73,57,57,4,Strong team culture
E03655,2026-06-30,64.7,53,48,68,74,87,10,Happy with flexibility
E03656,2025-06-30,75.9,49,87,90,83,77,5,Happy with flexibility
E03656,2026-06-30,59.5,71,57,78,46,58,8,Strong team culture
E03658,2026-06-30,77.4,85,56,90,72,82,2,Happy with flexibility
E03659,2025-06-30,77.8,46,73,89,85,73,3,Happy with flexibility
E03659,2026-06-30,78.4,84,84,55,81,77,10,Need clearer career path
E03661,2025-06-30,73.9,80,48,89,57,78,9,Workload is high
E03661,2026-06-30,62.5,92,67,44,87,56,7,Need clearer career path
E03662,2025-06-30,79.3,45,94,68,86,81,2,Compensation could improve
E03662,2026-06-30,65.7,69,56,47,91,80,6,Strong team culture
E03663,2026-06-30,70.6,82,73,65,46,61,6,Strong team culture
E03664,2025-06-30,75.1,65,68,90,45,75,7,Good manager support
E03664,2026-06-30,73.0,48,68,69,78,95,9,Compensation could improve
E03665,2025-06-30,76.6,52,92,81,59,59,7,Workload is high
E03665,2026-06-30,68.8,68,91,53,58,77,10,Good manager support
E03666,2025-06-30,65.2,67,74,54,92,52,1,No comment
E03666,2026-06-30,66.0,52,43,58,55,74,0,Happy with flexibility
E03667,2025-06-30,78.1,85,92,84,58,97,0,Good manager support
E03667,2026-06-30,68.3,76,68,61,75,61,6,Happy with flexibility
E03668,2025-06-30,70.4,51,52,82,71,55,2,Happy with flexibility
E03668,2026-06-30,73.7,94,63,73,75,46,2,Strong team culture
E03669,2025-06-30,79.1,45,58,91,82,77,10,Strong team culture
E03669,2026-06-30,67.9,66,60,61,57,97,6,Good manager support
E03670,2025-06-30,64.1,58,56,89,77,51,7,Strong team culture
E03670,2026-06-30,73.1,56,74,82,85,53,7,Compensation could improve
E03671,2025-06-30,60.3,45,88,87,46,48,7,Need more learning opportunities
E03671,2026-06-30,68.9,79,92,50,51,74,7,Compensation could improve
E03672,2025-06-30,83.5,62,54,87,82,95,10,Need clearer career path
E03672,2026-06-30,71.5,93,76,45,57,85,4,Need clearer career path
E03673,2025-06-30,58.7,84,40,47,54,63,1,No comment
E03673,2026-06-30,69.1,89,75,43,73,61,5,Need clearer career path
E03674,2025-06-30,64.2,58,78,90,84,66,1,Workload is high
E03674,2026-06-30,72.7,94,64,47,63,98,5,Good manager support
E03676,2025-06-30,65.9,63,91,38,46,71,4,Strong team culture
E03676,2026-06-30,76.0,80,52,64,53,91,2,Workload is high
E03677,2026-06-30,78.0,87,95,56,42,60,8,Workload is high
E03678,2025-06-30,72.4,90,84,79,48,48,5,Happy with flexibility
E03678,2026-06-30,74.0,73,95,64,66,62,4,No comment
E03679,2025-06-30,77.4,61,92,67,51,64,7,Happy with flexibility
E03679,2026-06-30,58.8,46,78,40,87,65,4,Need more learning opportunities
E03681,2025-06-30,80.5,77,81,84,83,86,0,Need more learning opportunities
E03681,2026-06-30,83.8,91,86,87,87,68,1,Strong team culture
E03682,2025-06-30,65.3,59,59,67,92,47,3,Good manager support
E03682,2026-06-30,66.1,63,56,57,77,90,4,Happy with flexibility
E03683,2025-06-30,68.0,88,58,61,78,57,8,Need more learning opportunities
E03683,2026-06-30,80.4,67,94,53,92,97,6,Good manager support
E03685,2026-06-30,63.7,54,57,59,64,65,10,Happy with flexibility
E03686,2025-06-30,64.9,65,87,91,41,75,10,Strong team culture
E03686,2026-06-30,65.6,77,40,65,92,57,3,Good manager support
E03687,2025-06-30,69.9,86,60,69,52,67,4,Happy with flexibility
E03687,2026-06-30,85.3,77,88,92,52,94,0,Need more learning opportunities
E03690,2025-06-30,80.0,94,63,83,83,74,3,Happy with flexibility
E03690,2026-06-30,53.3,47,53,89,55,46,3,Strong team culture
E03691,2025-06-30,67.6,70,52,87,73,50,1,Need clearer career path
E03691,2026-06-30,61.1,83,41,63,43,79,2,Compensation could improve
E03692,2025-06-30,61.0,50,54,50,75,65,4,Happy with flexibility
E03692,2026-06-30,71.1,94,64,73,66,52,1,Need more learning opportunities
E03693,2025-06-30,64.8,83,71,65,62,69,4,Good manager support
E03693,2026-06-30,66.1,51,64,50,96,66,10,Good manager support
E03694,2025-06-30,66.4,53,52,78,70,86,8,Compensation could improve
E03694,2026-06-30,77.0,49,86,42,89,96,4,Workload is high
E03695,2026-06-30,68.2,48,81,89,53,88,10,Workload is high
E03696,2025-06-30,76.9,81,87,52,72,94,0,Need more learning opportunities
E03696,2026-06-30,63.1,61,70,86,46,62,7,Strong team culture
E03697,2025-06-30,77.3,94,60,63,76,81,4,Happy with flexibility
E03697,2026-06-30,67.7,81,72,56,76,50,5,Compensation could improve
E03698,2025-06-30,66.8,87,67,74,60,82,7,Happy with flexibility
E03698,2026-06-30,69.2,92,44,62,42,95,6,Happy with flexibility
E03699,2025-06-30,74.9,74,48,88,94,89,1,Good manager support
E03699,2026-06-30,48.7,56,53,40,60,51,4,Strong team culture
E03700,2025-06-30,62.8,48,49,74,47,72,8,No comment
E03700,2026-06-30,63.7,71,55,48,79,70,1,Good manager support
E03701,2025-06-30,67.2,50,51,44,86,59,10,Strong team culture
E03701,2026-06-30,62.4,87,60,53,70,61,7,Compensation could improve
E03702,2025-06-30,69.2,64,86,54,44,92,5,Need clearer career path
E03702,2026-06-30,61.1,86,91,52,61,52,9,Workload is high
E03703,2025-06-30,64.5,73,85,67,47,51,2,Workload is high
E03703,2026-06-30,63.6,70,87,77,53,48,5,Need more learning opportunities
E03705,2025-06-30,71.2,75,42,68,90,74,8,Strong team culture
E03705,2026-06-30,77.4,85,49,71,89,74,9,Need more learning opportunities
E03706,2025-06-30,64.7,45,94,58,69,59,0,Happy with flexibility
E03706,2026-06-30,69.3,60,65,55,49,98,4,Workload is high
E03707,2025-06-30,73.0,64,72,76,93,91,3,No comment
E03707,2026-06-30,74.9,94,60,71,57,73,9,Workload is high
E03708,2025-06-30,53.6,45,55,47,87,75,5,Compensation could improve
E03708,2026-06-30,51.1,50,68,64,55,45,8,No comment
E03710,2026-06-30,67.1,57,46,51,73,97,7,Happy with flexibility
E03712,2026-06-30,73.5,77,63,78,87,46,1,Need more learning opportunities
E03714,2025-06-30,79.8,85,65,91,61,98,0,Compensation could improve
E03714,2026-06-30,81.4,82,51,88,82,90,5,Need clearer career path
E03716,2025-06-30,58.9,90,50,64,68,46,0,Need clearer career path
E03716,2026-06-30,79.0,57,63,76,95,96,2,Good manager support
E03717,2025-06-30,83.2,53,83,85,78,98,9,Compensation could improve
E03717,2026-06-30,55.4,45,63,48,68,70,1,Need clearer career path
E03718,2025-06-30,65.3,67,76,54,50,91,2,Workload is high
E03718,2026-06-30,73.5,60,50,76,90,85,9,Strong team culture
E03719,2025-06-30,60.7,84,91,61,64,54,7,No comment
E03719,2026-06-30,60.6,82,54,52,46,69,3,Need clearer career path
E03720,2026-06-30,61.2,91,42,85,53,61,9,Strong team culture
E03721,2025-06-30,62.7,48,87,39,89,61,5,Need clearer career path
E03721,2026-06-30,92.1,83,90,85,79,97,5,Happy with flexibility
E03723,2025-06-30,58.6,49,58,66,66,64,5,Need more learning opportunities
E03723,2026-06-30,65.8,58,46,61,95,84,5,Workload is high
E03725,2025-06-30,71.5,72,45,69,87,86,2,No comment
E03725,2026-06-30,74.0,93,85,55,42,54,4,Compensation could improve
E03726,2025-06-30,83.3,88,84,91,85,58,1,No comment
E03726,2026-06-30,60.0,60,54,88,64,83,5,Strong team culture
E03727,2025-06-30,71.5,91,72,47,50,98,9,Strong team culture
E03727,2026-06-30,51.2,48,40,60,57,62,6,Need clearer career path
E03728,2026-06-30,69.6,92,57,83,53,84,6,Strong team culture
E03729,2025-06-30,65.6,87,64,84,77,46,4,Workload is high
E03729,2026-06-30,68.7,73,65,46,61,87,6,Workload is high
E03730,2026-06-30,56.2,51,54,44,55,68,3,No comment
E03731,2025-06-30,78.6,86,52,90,91,85,6,Happy with flexibility
E03731,2026-06-30,54.9,63,45,54,67,82,4,Need clearer career path
E03732,2025-06-30,78.7,64,80,74,95,74,9,Compensation could improve
E03734,2025-06-30,62.1,91,52,42,71,54,4,Good manager support
E03734,2026-06-30,78.2,72,92,77,62,86,7,Good manager support
E03735,2025-06-30,67.2,86,67,45,52,88,3,Need more learning opportunities
E03735,2026-06-30,51.2,77,46,45,41,63,7,Happy with flexibility
E03736,2025-06-30,69.4,95,88,39,86,82,1,Happy with flexibility
E03736,2026-06-30,72.5,47,90,73,54,89,7,No comment
E03737,2025-06-30,77.1,95,47,71,85,95,9,Compensation could improve
E03737,2026-06-30,63.9,88,51,75,71,51,5,Need more learning opportunities
E03738,2025-06-30,71.7,56,64,56,86,65,9,Strong team culture
E03738,2026-06-30,63.3,89,53,80,45,45,5,Happy with flexibility
E03739,2025-06-30,65.7,45,94,56,87,48,4,Strong team culture
E03739,2026-06-30,71.4,55,76,87,51,67,1,Happy with flexibility
E03740,2025-06-30,74.2,46,89,66,46,95,6,Compensation could improve
E03740,2026-06-30,81.7,94,64,88,76,73,6,Happy with flexibility
E03741,2025-06-30,61.3,62,70,73,63,59,2,Happy with flexibility
E03741,2026-06-30,84.4,88,85,65,96,84,4,Strong team culture
E03742,2025-06-30,72.2,88,94,62,68,69,1,Happy with flexibility
E03742,2026-06-30,71.9,61,47,80,69,93,4,Happy with flexibility
E03743,2025-06-30,83.5,91,85,74,75,57,0,Need more learning opportunities
E03743,2026-06-30,65.4,71,82,80,45,68,2,Workload is high
E03744,2025-06-30,64.1,60,42,87,71,53,7,Workload is high
E03744,2026-06-30,76.3,95,58,39,82,79,8,Happy with flexibility
E03746,2025-06-30,77.0,83,47,41,95,87,6,Need more learning opportunities
E03746,2026-06-30,70.7,62,67,69,96,63,1,Strong team culture
E03747,2025-06-30,59.9,91,48,54,66,70,0,Need more learning opportunities
E03747,2026-06-30,62.7,81,60,61,41,91,10,Workload is high
E03748,2025-06-30,67.9,89,52,92,44,52,9,Happy with flexibility
E03748,2026-06-30,69.4,73,59,52,84,92,1,Compensation could improve
E03749,2025-06-30,72.0,53,78,64,89,47,3,Need more learning opportunities
E03749,2026-06-30,56.5,51,81,58,41,77,6,Need clearer career path
E03750,2025-06-30,67.6,64,57,48,71,96,4,Need more learning opportunities
E03750,2026-06-30,57.3,74,44,61,70,46,1,Strong team culture
E03751,2025-06-30,65.9,73,50,63,40,88,5,Compensation could improve
E03751,2026-06-30,57.3,83,51,50,61,47,1,Strong team culture
E03752,2025-06-30,58.5,71,41,59,52,60,6,Happy with flexibility
E03752,2026-06-30,56.3,48,50,67,90,49,3,Good manager support
E03753,2025-06-30,65.7,66,79,63,86,66,9,Happy with flexibility
E03753,2026-06-30,78.4,82,69,91,76,49,2,Good manager support
E03754,2025-06-30,70.4,82,88,75,62,51,2,Workload is high
E03754,2026-06-30,54.9,45,41,50,52,93,10,Happy with flexibility
E03755,2025-06-30,75.0,89,82,82,61,78,5,Happy with flexibility
E03755,2026-06-30,59.9,68,53,61,70,49,6,Good manager support
E03756,2026-06-30,69.4,91,66,75,52,75,5,Need clearer career path
E03757,2025-06-30,70.5,77,59,62,64,98,2,Happy with flexibility
E03757,2026-06-30,84.2,71,70,84,69,88,5,Need more learning opportunities
E03758,2026-06-30,87.2,92,68,78,87,83,6,Good manager support
E03760,2025-06-30,55.1,80,42,52,40,47,7,Workload is high
E03760,2026-06-30,62.2,46,92,82,51,59,0,Workload is high
E03761,2025-06-30,60.2,49,80,39,83,45,10,Workload is high
E03761,2026-06-30,78.0,53,54,59,95,94,5,Happy with flexibility
E03762,2025-06-30,65.9,49,53,61,87,55,4,Happy with flexibility
E03762,2026-06-30,71.8,68,91,64,54,65,7,Happy with flexibility
E03763,2025-06-30,53.3,63,73,46,66,58,8,Strong team culture
E03763,2026-06-30,61.1,53,94,57,59,73,7,Good manager support
E03764,2025-06-30,62.9,50,89,56,58,73,1,Need clearer career path
E03764,2026-06-30,75.8,81,91,39,93,58,1,Need more learning opportunities
E03765,2025-06-30,60.9,56,88,38,53,97,9,Compensation could improve
E03765,2026-06-30,68.0,86,80,53,55,50,3,Good manager support
E03766,2025-06-30,64.7,70,84,55,70,64,0,Compensation could improve
E03766,2026-06-30,55.4,57,77,39,40,76,6,Good manager support
E03767,2026-06-30,63.3,88,94,59,42,62,9,Workload is high
E03768,2025-06-30,61.5,63,40,89,55,66,7,Need clearer career path
E03768,2026-06-30,73.5,72,78,73,55,89,10,Need more learning opportunities
E03769,2025-06-30,74.3,57,94,39,71,89,6,Happy with flexibility
E03770,2026-06-30,69.6,70,44,92,43,70,2,Strong team culture
E03771,2025-06-30,81.3,69,83,76,78,84,2,Strong team culture
E03771,2026-06-30,63.0,52,44,69,48,72,9,Happy with flexibility
E03772,2025-06-30,68.8,88,80,65,58,78,8,No comment
E03772,2026-06-30,70.3,57,90,81,47,80,0,Need more learning opportunities
E03773,2025-06-30,69.7,62,72,71,65,63,10,Strong team culture
E03773,2026-06-30,74.8,85,83,44,49,98,0,Good manager support
E03774,2025-06-30,65.6,68,42,59,81,52,0,Need more learning opportunities
E03774,2026-06-30,65.9,45,69,59,44,97,6,Good manager support
E03775,2026-06-30,62.7,58,70,63,77,46,9,Compensation could improve
E03777,2026-06-30,55.5,72,42,46,58,51,9,Compensation could improve
E03778,2025-06-30,67.2,93,40,42,91,90,9,Good manager support
E03778,2026-06-30,71.1,54,74,59,68,96,0,Compensation could improve
E03779,2026-06-30,63.9,45,86,57,69,54,7,Strong team culture
E03780,2026-06-30,65.1,89,68,39,56,71,8,Compensation could improve
E03781,2025-06-30,64.0,69,83,57,66,51,9,Good manager support
E03781,2026-06-30,69.6,92,66,77,64,52,6,Happy with flexibility
E03782,2025-06-30,67.5,57,81,83,84,49,9,Need clearer career path
E03782,2026-06-30,59.0,49,70,44,70,59,8,Happy with flexibility
E03783,2025-06-30,81.1,80,73,91,70,98,0,Strong team culture
E03783,2026-06-30,64.1,48,56,60,96,61,8,Happy with flexibility
E03784,2025-06-30,81.0,79,89,87,63,71,2,Compensation could improve
E03784,2026-06-30,71.3,45,89,67,84,72,9,Compensation could improve
E03785,2025-06-30,64.2,68,41,50,83,74,7,No comment
E03785,2026-06-30,62.9,52,41,74,52,68,3,Compensation could improve
E03786,2025-06-30,59.9,53,52,61,88,77,3,No comment
E03786,2026-06-30,59.8,55,75,56,46,87,10,No comment
E03787,2025-06-30,69.4,55,43,84,95,65,0,Strong team culture
E03788,2025-06-30,64.2,75,59,90,68,53,5,Good manager support
E03788,2026-06-30,68.8,76,92,41,58,89,4,Happy with flexibility
E03789,2026-06-30,70.7,58,89,80,95,75,2,Strong team culture
E03790,2025-06-30,70.6,55,65,62,86,94,4,Happy with flexibility
E03790,2026-06-30,66.8,60,69,82,74,54,4,Good manager support
E03792,2025-06-30,73.8,81,75,46,92,59,4,Workload is high
E03792,2026-06-30,74.9,78,93,80,93,72,0,No comment
E03793,2025-06-30,78.0,94,78,91,51,79,5,Good manager support
E03793,2026-06-30,63.5,63,50,48,69,77,10,Compensation could improve
E03794,2025-06-30,74.0,88,66,76,91,68,4,Compensation could improve
E03796,2025-06-30,55.7,56,89,45,66,56,6,Workload is high
E03796,2026-06-30,62.6,53,63,90,43,80,10,Compensation could improve
E03797,2025-06-30,69.9,65,57,66,83,91,9,Need more learning opportunities
E03797,2026-06-30,86.2,83,86,92,57,71,3,Workload is high
E03798,2025-06-30,73.8,75,66,83,88,92,9,Good manager support
E03798,2026-06-30,64.3,61,41,61,72,86,1,Strong team culture
E03799,2026-06-30,55.5,88,53,45,47,67,4,Need more learning opportunities
E03800,2025-06-30,72.0,51,71,78,89,60,1,Good manager support
E03800,2026-06-30,70.5,70,45,65,84,75,8,Workload is high
E03801,2025-06-30,68.3,71,79,57,46,91,0,Need more learning opportunities
E03801,2026-06-30,48.3,88,40,44,53,46,9,Happy with flexibility
E03802,2025-06-30,61.2,62,67,55,58,90,0,Good manager support
E03803,2026-06-30,67.2,84,41,64,41,65,9,Compensation could improve
E03804,2025-06-30,54.1,57,46,67,55,49,8,Need more learning opportunities
E03804,2026-06-30,64.5,55,65,53,61,84,2,Strong team culture
E03806,2025-06-30,73.9,92,45,84,93,58,3,Good manager support
E03806,2026-06-30,70.1,77,78,40,94,54,9,Good manager support
E03807,2025-06-30,71.9,67,83,57,96,45,8,Need clearer career path
E03810,2025-06-30,62.1,62,67,61,40,63,4,Compensation could improve
E03810,2026-06-30,60.0,62,47,81,73,46,5,Need clearer career path
E03811,2025-06-30,68.2,53,43,79,57,69,3,No comment
E03811,2026-06-30,48.9,45,43,89,42,53,2,Happy with flexibility
E03813,2025-06-30,51.1,52,52,69,47,45,0,Happy with flexibility
E03813,2026-06-30,73.3,77,59,89,55,74,5,Need more learning opportunities
E03814,2025-06-30,63.0,49,86,40,60,85,0,Good manager support
E03814,2026-06-30,62.0,74,51,81,41,46,9,Need more learning opportunities
E03815,2025-06-30,59.2,51,71,38,43,68,0,No comment
E03815,2026-06-30,56.5,63,47,83,43,50,0,Need more learning opportunities
E03816,2026-06-30,72.7,54,94,79,91,49,10,Good manager support
E03817,2025-06-30,66.6,71,52,76,83,61,7,Compensation could improve
E03817,2026-06-30,61.7,48,51,84,57,92,4,Strong team culture
E03818,2025-06-30,72.4,65,84,70,83,58,6,Need clearer career path
E03818,2026-06-30,63.8,88,68,48,53,93,3,Need clearer career path
E03819,2025-06-30,82.9,77,87,78,85,95,0,Strong team culture
E03819,2026-06-30,75.8,53,91,85,69,65,5,Happy with flexibility
E03820,2025-06-30,55.2,51,53,64,60,46,2,Need clearer career path
E03820,2026-06-30,53.2,65,42,65,56,58,3,Need more learning opportunities
E03822,2025-06-30,63.7,86,44,63,78,58,7,Strong team culture
E03822,2026-06-30,76.6,82,80,48,68,74,5,Good manager support
E03823,2025-06-30,76.0,66,87,73,71,80,3,Compensation could improve
E03823,2026-06-30,69.0,80,69,45,42,91,1,Need more learning opportunities
E03824,2025-06-30,73.3,81,47,70,92,68,5,Workload is high
E03824,2026-06-30,67.9,55,47,60,81,88,9,Strong team culture
E03825,2025-06-30,82.1,89,69,78,90,89,1,Workload is high
E03825,2026-06-30,66.4,95,71,69,67,49,2,Need clearer career path
E03826,2025-06-30,78.8,66,68,55,93,86,6,Happy with flexibility
E03826,2026-06-30,87.8,85,90,89,74,97,5,Need more learning opportunities
E03827,2026-06-30,70.3,91,72,64,52,46,8,Happy with flexibility
E03828,2025-06-30,70.1,90,90,39,82,53,2,Need more learning opportunities
E03828,2026-06-30,63.3,84,40,74,67,67,10,Good manager support
E03829,2026-06-30,51.2,57,43,40,46,91,1,Compensation could improve
E03830,2025-06-30,72.4,64,59,70,86,92,5,No comment
E03830,2026-06-30,58.3,90,61,78,42,62,9,Workload is high
E03831,2025-06-30,70.7,66,64,79,80,90,2,Happy with flexibility
E03831,2026-06-30,63.3,64,53,61,54,94,8,Happy with flexibility
E03832,2025-06-30,59.2,74,43,52,59,59,7,Workload is high
E03832,2026-06-30,79.1,90,93,81,84,94,1,No comment
E03833,2025-06-30,76.0,53,55,74,67,89,6,No comment
E03833,2026-06-30,66.5,84,83,59,49,46,6,Strong team culture
E03834,2025-06-30,88.0,63,68,84,95,76,3,Compensation could improve
E03834,2026-06-30,63.6,45,78,62,77,72,8,Workload is high
E03835,2025-06-30,81.7,94,83,63,94,98,4,Need more learning opportunities
E03835,2026-06-30,67.4,64,63,79,92,60,5,Good manager support
E03836,2025-06-30,72.8,85,79,80,50,56,9,Need more learning opportunities
E03836,2026-06-30,70.2,52,61,75,96,49,6,Happy with flexibility
E03837,2025-06-30,85.6,71,93,87,58,91,9,Workload is high
E03837,2026-06-30,73.1,95,67,55,62,79,10,Compensation could improve
E03839,2025-06-30,52.3,45,44,81,43,78,4,Need clearer career path
E03839,2026-06-30,81.6,85,92,57,90,75,7,Need more learning opportunities
E03840,2025-06-30,74.4,55,57,84,79,95,4,Happy with flexibility
E03840,2026-06-30,61.7,91,48,80,42,77,9,Strong team culture
E03841,2025-06-30,60.6,55,49,70,90,59,10,Strong team culture
E03841,2026-06-30,57.1,58,69,66,43,46,6,No comment
E03842,2025-06-30,63.2,75,80,43,70,67,4,Strong team culture
E03842,2026-06-30,81.9,70,75,55,84,94,5,Compensation could improve
E03843,2025-06-30,71.4,46,68,54,77,97,8,Happy with flexibility
E03843,2026-06-30,67.1,90,66,63,52,58,7,Strong team culture
E03844,2025-06-30,80.9,90,91,65,95,76,5,Happy with flexibility
E03844,2026-06-30,70.1,71,88,77,50,98,1,No comment
E03845,2025-06-30,63.5,87,79,84,54,51,4,Strong team culture
E03845,2026-06-30,73.6,48,94,86,65,76,5,Compensation could improve
E03846,2026-06-30,72.0,65,91,64,68,55,0,No comment
E03848,2025-06-30,75.6,76,82,75,72,64,6,Strong team culture
E03848,2026-06-30,61.8,45,89,50,78,62,2,Compensation could improve
E03849,2025-06-30,68.1,57,72,86,81,55,9,Happy with flexibility
E03849,2026-06-30,64.3,58,58,69,79,80,5,Need more learning opportunities
E03851,2025-06-30,70.0,84,77,69,42,91,3,Good manager support
E03851,2026-06-30,70.6,91,57,86,68,71,4,Compensation could improve
E03852,2025-06-30,78.2,71,40,91,71,96,4,Workload is high
E03852,2026-06-30,74.9,53,65,81,62,84,0,Happy with flexibility
E03854,2025-06-30,72.8,76,64,75,69,56,9,Workload is high
E03854,2026-06-30,74.3,64,71,67,84,77,7,Need clearer career path
E03855,2026-06-30,58.5,74,40,50,76,55,9,Need more learning opportunities
E03857,2025-06-30,70.2,95,43,60,68,66,10,Need more learning opportunities
E03857,2026-06-30,61.5,77,41,53,65,84,2,No comment
E03858,2025-06-30,68.9,54,95,56,46,89,7,Need more learning opportunities
E03858,2026-06-30,69.8,83,47,60,87,95,0,No comment
E03859,2025-06-30,90.9,94,90,66,84,90,2,Compensation could improve
E03859,2026-06-30,60.8,55,51,60,65,61,7,Need clearer career path
E03860,2025-06-30,71.8,89,43,75,89,94,9,Happy with flexibility
E03860,2026-06-30,58.4,59,64,86,60,54,5,Good manager support
E03861,2025-06-30,62.3,89,40,64,42,89,1,Good manager support
E03861,2026-06-30,60.7,50,83,89,40,73,4,Need more learning opportunities
E03862,2025-06-30,64.8,57,68,68,78,67,0,Need more learning opportunities
E03862,2026-06-30,90.5,64,66,86,88,96,4,Happy with flexibility
E03864,2025-06-30,70.0,77,62,73,49,80,9,Strong team culture
E03864,2026-06-30,68.4,95,41,84,63,48,3,Need clearer career path
E03865,2025-06-30,78.8,74,75,82,57,69,1,Happy with flexibility
E03865,2026-06-30,68.1,64,95,58,45,80,1,Happy with flexibility
E03866,2026-06-30,55.9,58,50,58,42,89,1,Good manager support
E03867,2025-06-30,67.2,59,53,85,44,87,1,Need clearer career path
E03868,2025-06-30,79.0,64,92,70,72,56,0,No comment
E03868,2026-06-30,64.9,56,65,60,56,97,10,No comment
E03869,2025-06-30,71.2,50,76,81,76,59,0,Compensation could improve
E03869,2026-06-30,72.0,81,83,56,92,51,0,Workload is high
E03870,2025-06-30,72.2,70,93,71,75,55,4,Need more learning opportunities
E03870,2026-06-30,72.3,83,83,65,44,72,7,No comment
E03872,2025-06-30,57.0,71,69,56,58,53,4,Happy with flexibility
E03872,2026-06-30,79.6,80,57,89,76,86,9,Need clearer career path
E03873,2025-06-30,73.6,79,91,51,95,56,5,Need clearer career path
E03873,2026-06-30,59.2,82,46,52,61,58,10,Compensation could improve
E03874,2025-06-30,62.4,66,50,63,78,73,0,Need clearer career path
E03874,2026-06-30,60.5,52,65,41,60,76,6,Happy with flexibility
E03875,2025-06-30,66.6,49,42,52,72,97,4,Workload is high
E03875,2026-06-30,59.5,68,42,53,81,57,2,Need more learning opportunities
E03876,2026-06-30,60.7,68,74,55,59,47,3,Need more learning opportunities
E03877,2025-06-30,61.1,93,49,53,48,51,4,Happy with flexibility
E03877,2026-06-30,66.1,75,55,60,70,70,2,Good manager support
E03878,2025-06-30,63.7,59,46,80,48,67,9,Need clearer career path
E03878,2026-06-30,61.6,49,88,54,53,76,2,Compensation could improve
E03879,2025-06-30,69.3,59,83,66,89,55,8,No comment
E03879,2026-06-30,58.9,70,45,54,70,72,3,Good manager support
E03880,2025-06-30,66.0,70,69,49,82,65,10,Happy with flexibility
E03880,2026-06-30,62.4,70,48,60,74,93,8,Need clearer career path
E03881,2025-06-30,69.4,88,61,43,73,80,9,Need more learning opportunities
E03881,2026-06-30,56.2,82,55,43,76,69,7,Good manager support
E03882,2025-06-30,71.2,88,86,77,50,55,0,Happy with flexibility
E03882,2026-06-30,67.5,88,46,44,90,63,8,Happy with flexibility
E03883,2025-06-30,67.8,62,76,89,57,51,0,Need clearer career path
E03883,2026-06-30,53.4,85,43,42,41,81,2,Need clearer career path
E03884,2025-06-30,86.1,80,69,88,96,92,3,Strong team culture
E03884,2026-06-30,53.5,57,75,65,40,70,4,Workload is high
E03885,2025-06-30,62.8,80,42,49,57,78,4,Need clearer career path
E03885,2026-06-30,65.8,53,72,79,60,85,2,Need clearer career path
E03886,2025-06-30,67.5,55,40,80,66,82,0,Strong team culture
E03886,2026-06-30,64.5,73,48,73,76,71,5,Compensation could improve
E03887,2025-06-30,65.2,79,41,88,46,73,2,Workload is high
E03887,2026-06-30,57.2,45,91,38,70,47,4,Happy with flexibility
E03888,2025-06-30,47.3,68,45,61,46,63,10,Need clearer career path
E03888,2026-06-30,74.7,92,69,52,93,90,7,No comment
E03889,2025-06-30,67.9,71,46,92,56,89,7,Workload is high
E03889,2026-06-30,65.4,86,76,54,58,52,8,Workload is high
E03890,2025-06-30,76.7,58,91,78,96,53,2,Compensation could improve
E03891,2025-06-30,77.4,83,48,68,94,81,8,Strong team culture
E03891,2026-06-30,76.2,78,48,83,74,92,1,Need more learning opportunities
E03892,2025-06-30,68.4,47,75,77,65,62,8,Need more learning opportunities
E03892,2026-06-30,75.0,60,54,88,78,88,5,Workload is high
E03893,2025-06-30,59.7,68,40,75,55,59,4,Strong team culture
E03894,2025-06-30,61.6,60,40,68,78,55,3,Need more learning opportunities
E03894,2026-06-30,60.3,90,52,77,46,46,6,Strong team culture
E03895,2025-06-30,65.9,81,53,64,95,57,10,Need clearer career path
E03895,2026-06-30,72.4,87,92,68,47,58,4,No comment
E03896,2026-06-30,56.5,52,54,46,67,46,5,No comment
E03897,2026-06-30,77.3,89,93,73,80,66,0,No comment
E03898,2025-06-30,63.3,50,72,42,85,84,0,Workload is high
E03898,2026-06-30,80.4,90,66,81,58,52,0,Strong team culture
E03900,2025-06-30,55.3,55,59,43,91,52,9,Need more learning opportunities
E03900,2026-06-30,64.3,57,90,58,74,47,9,Need more learning opportunities
E03901,2025-06-30,78.6,90,78,86,76,67,7,Good manager support
E03901,2026-06-30,59.9,89,63,46,44,89,3,Need clearer career path
E03902,2025-06-30,58.2,53,82,48,54,58,0,Workload is high
E03902,2026-06-30,67.6,65,62,69,72,75,9,Need clearer career path
E03903,2025-06-30,66.4,47,71,75,64,70,1,Happy with flexibility
E03903,2026-06-30,67.5,56,92,59,87,79,0,Good manager support
E03904,2026-06-30,73.6,47,77,84,64,58,0,Good manager support
E03905,2025-06-30,44.5,54,50,46,59,47,7,Workload is high
E03905,2026-06-30,71.8,52,56,56,88,70,5,Good manager support
E03906,2025-06-30,74.4,75,94,68,80,51,0,No comment
E03906,2026-06-30,70.1,54,93,40,95,49,1,Workload is high
E03907,2025-06-30,74.9,84,89,90,44,61,7,Strong team culture
E03907,2026-06-30,62.6,51,41,44,78,73,10,Happy with flexibility
E03908,2025-06-30,66.4,87,55,57,51,88,2,Workload is high
E03908,2026-06-30,59.9,94,65,49,47,59,8,Strong team culture
E03909,2025-06-30,72.4,65,84,43,66,90,5,Workload is high
E03909,2026-06-30,94.8,81,85,89,78,96,3,Happy with flexibility
E03910,2025-06-30,76.5,63,93,52,75,87,0,Need clearer career path
E03910,2026-06-30,65.4,75,49,45,78,59,1,Happy with flexibility
E03911,2025-06-30,83.4,95,76,77,73,72,3,Workload is high
E03911,2026-06-30,68.3,72,73,54,59,59,6,Compensation could improve
E03912,2025-06-30,72.1,76,76,45,69,96,5,Workload is high
E03914,2025-06-30,64.5,56,83,42,58,80,4,Need clearer career path
E03914,2026-06-30,73.8,61,61,92,48,89,3,Strong team culture
E03915,2025-06-30,62.0,48,41,61,96,91,5,Need more learning opportunities
E03915,2026-06-30,80.7,90,65,78,96,64,6,Compensation could improve
E03916,2025-06-30,77.2,71,77,68,75,78,8,Happy with flexibility
E03917,2025-06-30,71.3,65,85,76,49,87,3,No comment
E03917,2026-06-30,69.0,92,66,66,60,94,8,No comment
E03918,2025-06-30,77.5,86,76,74,62,87,5,No comment
E03918,2026-06-30,67.4,55,70,62,84,86,8,No comment
E03919,2025-06-30,83.3,90,86,82,63,97,9,Good manager support
E03919,2026-06-30,74.1,81,79,76,73,59,5,Good manager support
E03920,2026-06-30,81.9,94,71,64,84,91,8,Need clearer career path
E03921,2026-06-30,68.9,64,50,71,77,87,7,Need more learning opportunities
E03922,2025-06-30,70.1,82,74,44,47,95,1,Need more learning opportunities
E03922,2026-06-30,78.5,76,79,82,86,72,6,Need clearer career path
E03923,2025-06-30,57.4,58,94,43,55,62,10,Strong team culture
E03923,2026-06-30,65.5,86,44,45,96,53,7,Happy with flexibility
E03924,2025-06-30,64.4,88,66,87,52,55,3,Good manager support
E03924,2026-06-30,83.2,64,78,88,92,83,6,Good manager support
E03925,2025-06-30,80.0,70,67,82,92,81,0,No comment
E03925,2026-06-30,63.9,77,50,55,56,48,3,Need more learning opportunities
E03926,2025-06-30,68.6,49,91,39,83,76,6,Happy with flexibility
E03926,2026-06-30,59.2,72,76,39,67,50,8,Good manager support
E03927,2025-06-30,73.6,93,94,66,85,49,7,Compensation could improve
E03927,2026-06-30,46.7,64,44,48,53,57,8,Compensation could improve
E03929,2025-06-30,74.3,80,45,80,60,89,1,Workload is high
E03929,2026-06-30,58.8,77,60,58,70,68,1,Strong team culture
E03930,2025-06-30,66.2,83,74,65,52,59,9,No comment
E03930,2026-06-30,59.1,50,42,68,77,52,10,Happy with flexibility
E03932,2025-06-30,73.2,77,76,61,90,58,7,Need clearer career path
E03932,2026-06-30,67.5,73,84,38,85,70,8,Good manager support
E03933,2025-06-30,65.4,88,67,62,51,71,5,Workload is high
E03933,2026-06-30,62.9,76,56,85,62,67,7,No comment
E03934,2025-06-30,94.4,93,93,73,86,84,3,Need more learning opportunities
E03934,2026-06-30,63.2,69,42,75,89,55,1,Workload is high
E03935,2025-06-30,58.0,48,91,70,45,58,3,Strong team culture
E03935,2026-06-30,71.7,65,67,85,86,83,4,Good manager support
E03936,2025-06-30,66.8,57,65,84,74,68,10,Strong team culture
E03936,2026-06-30,65.8,85,87,48,79,56,2,Good manager support
E03937,2025-06-30,67.6,70,56,45,66,85,0,Need clearer career path
E03937,2026-06-30,72.6,58,92,91,58,62,9,No comment
E03938,2025-06-30,64.5,55,54,43,95,47,6,Need clearer career path
E03938,2026-06-30,75.9,63,89,42,79,81,6,Compensation could improve
E03939,2025-06-30,77.9,69,52,90,52,97,1,Need more learning opportunities
E03939,2026-06-30,62.1,60,48,62,82,47,7,Workload is high
E03940,2025-06-30,65.7,55,53,64,76,65,5,Strong team culture
E03941,2025-06-30,70.0,93,77,65,53,82,0,No comment
E03941,2026-06-30,66.4,91,62,65,88,53,5,Workload is high
E03942,2025-06-30,68.4,55,77,92,76,70,7,Need clearer career path
E03942,2026-06-30,73.8,54,80,88,90,71,3,No comment
E03943,2025-06-30,59.1,68,63,73,40,77,6,Need more learning opportunities
E03943,2026-06-30,74.1,64,48,53,79,98,1,Need clearer career path
E03944,2025-06-30,72.4,62,44,80,85,94,6,Happy with flexibility
E03944,2026-06-30,76.5,83,67,69,78,54,8,No comment
E03945,2025-06-30,79.9,60,93,87,79,82,1,Happy with flexibility
E03945,2026-06-30,71.2,85,83,60,46,48,9,Compensation could improve
E03946,2025-06-30,71.6,85,85,52,54,68,4,Compensation could improve
E03946,2026-06-30,56.7,93,49,47,45,92,8,Good manager support
E03947,2025-06-30,59.3,49,71,81,54,86,1,Workload is high
E03947,2026-06-30,79.4,71,73,90,74,92,7,Good manager support
E03948,2025-06-30,60.6,58,57,49,93,60,4,No comment
E03948,2026-06-30,81.4,82,94,89,71,59,5,Compensation could improve
E03949,2025-06-30,56.0,86,45,59,74,50,5,Workload is high
E03949,2026-06-30,74.6,55,70,85,60,92,6,Good manager support
E03951,2025-06-30,71.5,78,57,60,78,51,8,Good manager support
E03951,2026-06-30,75.6,71,53,77,79,80,1,Strong team culture
E03952,2025-06-30,56.0,51,70,41,47,55,5,Good manager support
E03952,2026-06-30,74.7,71,49,89,96,62,7,Happy with flexibility
E03953,2025-06-30,79.1,92,81,58,89,73,7,Need clearer career path
E03953,2026-06-30,52.2,58,64,65,44,50,1,Need clearer career path
E03955,2025-06-30,80.4,62,73,91,43,90,9,Need clearer career path
E03956,2025-06-30,79.8,95,88,69,57,94,4,Good manager support
E03956,2026-06-30,59.4,48,73,76,47,47,10,Strong team culture
E03958,2025-06-30,63.6,93,44,38,75,80,10,Need clearer career path
E03958,2026-06-30,72.1,82,86,66,82,63,9,Compensation could improve
E03959,2025-06-30,84.0,79,84,77,80,82,0,Good manager support
E03959,2026-06-30,64.0,81,45,70,74,71,8,No comment
E03960,2026-06-30,67.3,86,79,76,70,46,7,Compensation could improve
E03961,2025-06-30,53.8,65,60,60,94,47,8,Need clearer career path
E03961,2026-06-30,72.9,89,71,64,72,57,7,Happy with flexibility
E03962,2025-06-30,70.3,74,50,47,91,58,10,Need more learning opportunities
E03962,2026-06-30,80.6,79,88,40,94,89,5,Workload is high
E03963,2025-06-30,72.9,88,63,66,59,81,8,Compensation could improve
E03963,2026-06-30,78.5,78,93,51,76,85,5,No comment
E03964,2025-06-30,95.2,85,90,89,87,96,5,Good manager support
E03964,2026-06-30,61.2,79,65,85,64,45,10,Happy with flexibility
E03965,2025-06-30,73.2,92,50,74,78,88,2,Strong team culture
E03965,2026-06-30,79.9,88,68,90,47,90,0,Good manager support
E03967,2025-06-30,62.8,74,43,57,71,89,4,Compensation could improve
E03967,2026-06-30,80.5,91,52,88,74,90,10,No comment
E03968,2025-06-30,68.4,77,63,46,88,73,3,Need more learning opportunities
E03968,2026-06-30,56.0,67,72,61,41,49,3,Need clearer career path
E03969,2025-06-30,79.2,95,86,84,41,75,1,Good manager support
E03969,2026-06-30,62.3,87,49,49,40,81,4,No comment
E03971,2025-06-30,70.5,68,52,50,74,91,10,Strong team culture
E03971,2026-06-30,85.0,59,93,85,92,70,2,Happy with flexibility
E03973,2025-06-30,84.9,80,85,81,78,53,5,Compensation could improve
E03973,2026-06-30,66.2,53,58,66,88,55,5,Strong team culture
E03974,2025-06-30,66.4,76,65,48,69,75,9,Compensation could improve
E03974,2026-06-30,66.1,67,55,88,70,93,3,No comment
E03975,2025-06-30,68.5,47,57,88,86,85,6,Strong team culture
E03975,2026-06-30,64.8,85,51,48,57,85,8,Happy with flexibility
E03976,2025-06-30,82.4,93,84,91,70,85,10,Workload is high
E03976,2026-06-30,69.9,54,89,56,44,85,5,No comment
E03977,2025-06-30,79.4,95,76,82,68,74,6,Strong team culture
E03978,2025-06-30,66.0,72,65,47,47,79,4,Need clearer career path
E03978,2026-06-30,64.4,65,54,43,65,92,5,Compensation could improve
E03981,2025-06-30,60.5,70,92,60,42,53,10,Good manager support
E03981,2026-06-30,68.3,48,54,80,78,80,1,Compensation could improve
E03982,2025-06-30,77.7,57,93,88,52,63,8,Need clearer career path
E03982,2026-06-30,72.7,90,84,60,52,70,8,Happy with flexibility
E03983,2025-06-30,76.8,93,82,55,92,66,10,No comment
E03983,2026-06-30,67.7,79,47,52,82,50,8,Happy with flexibility
E03984,2026-06-30,56.4,50,51,42,60,72,3,Need clearer career path
E03985,2025-06-30,62.5,47,72,89,47,57,10,Strong team culture
E03985,2026-06-30,71.7,90,89,72,47,71,2,Happy with flexibility
E03986,2025-06-30,65.5,46,47,70,93,87,7,Compensation could improve
E03986,2026-06-30,82.1,66,83,78,72,84,6,Strong team culture
E03987,2025-06-30,53.1,58,45,52,58,50,9,Workload is high
E03987,2026-06-30,50.7,68,49,59,42,50,7,Happy with flexibility
E03988,2025-06-30,82.2,93,71,83,86,85,4,Strong team culture
E03988,2026-06-30,67.4,49,63,83,66,98,1,Good manager support
E03989,2025-06-30,52.3,50,56,72,54,56,2,Happy with flexibility
E03989,2026-06-30,62.9,74,59,77,55,65,2,Need more learning opportunities
E03990,2025-06-30,75.0,73,90,55,74,48,2,Need more learning opportunities
E03990,2026-06-30,60.9,49,82,57,48,54,9,Need clearer career path
E03992,2025-06-30,66.8,75,48,84,75,49,1,Compensation could improve
E03992,2026-06-30,61.2,50,47,64,44,76,5,Strong team culture
E03994,2025-06-30,58.8,84,43,64,51,48,5,Strong team culture
E03994,2026-06-30,57.3,58,68,38,57,89,10,Compensation could improve
E03995,2025-06-30,66.4,76,93,44,81,57,5,No comment
E03995,2026-06-30,65.2,47,48,42,78,89,0,Good manager support
E03996,2025-06-30,78.6,90,41,90,94,91,10,Need more learning opportunities
E03996,2026-06-30,64.6,69,78,54,44,80,9,Workload is high
E03997,2025-06-30,70.8,54,59,63,80,86,3,Strong team culture
E03997,2026-06-30,70.7,95,78,42,64,67,1,Workload is high
E03998,2025-06-30,74.6,65,75,59,73,96,1,Good manager support
E03998,2026-06-30,74.3,63,93,77,63,65,9,Good manager support
E03999,2025-06-30,84.5,79,88,60,94,89,6,Compensation could improve
E03999,2026-06-30,72.1,69,85,58,46,84,9,Good manager support
E04000,2025-06-30,64.5,61,90,47,43,50,6,Strong team culture
E04000,2026-06-30,60.7,46,41,88,70,52,3,Good manager support
E04001,2025-06-30,60.7,59,48,69,64,67,4,Need clearer career path
E04001,2026-06-30,76.3,50,70,86,67,86,5,Happy with flexibility
E04002,2025-06-30,69.5,86,55,46,64,62,6,Compensation could improve
E04002,2026-06-30,61.6,67,55,61,42,66,4,No comment
E04003,2025-06-30,69.3,83,75,41,48,84,1,Good manager support
E04003,2026-06-30,50.8,74,52,40,63,52,6,Strong team culture
E04004,2025-06-30,73.8,74,56,88,96,48,1,Need more learning opportunities
E04004,2026-06-30,71.3,84,72,40,51,82,9,Compensation could improve
E04006,2025-06-30,73.2,78,88,40,88,90,2,No comment
E04006,2026-06-30,64.4,54,74,78,61,74,8,Happy with flexibility
E04008,2025-06-30,69.7,69,53,56,78,74,5,Good manager support
E04008,2026-06-30,76.0,61,81,44,93,88,0,Need more learning opportunities
E04009,2025-06-30,82.2,93,77,89,87,95,0,No comment
E04009,2026-06-30,71.8,75,43,75,58,92,1,Compensation could improve
E04010,2025-06-30,69.7,47,50,92,91,76,9,Workload is high
E04010,2026-06-30,66.7,66,62,65,81,52,3,No comment
E04011,2025-06-30,70.2,57,93,66,51,69,10,Workload is high
E04011,2026-06-30,68.9,55,73,89,62,88,8,Compensation could improve
E04012,2025-06-30,72.2,86,78,90,63,79,10,No comment
E04012,2026-06-30,64.8,92,59,84,43,49,5,Need clearer career path
E04014,2025-06-30,69.8,65,91,48,62,95,4,Need clearer career path
E04014,2026-06-30,77.2,89,83,77,85,62,5,Need more learning opportunities
E04016,2025-06-30,85.1,47,81,90,92,93,9,Good manager support
E04016,2026-06-30,65.6,60,44,71,44,93,8,Need clearer career path
E04017,2025-06-30,75.2,52,49,80,81,77,8,Happy with flexibility
E04018,2025-06-30,56.6,46,46,60,83,48,7,Need more learning opportunities
E04018,2026-06-30,75.4,94,73,75,48,66,7,Compensation could improve
E04020,2025-06-30,67.1,57,88,54,43,67,10,Need clearer career path
E04020,2026-06-30,74.6,84,89,76,62,46,1,Happy with flexibility
E04021,2025-06-30,74.6,76,85,79,45,48,9,Need clearer career path
E04022,2025-06-30,56.2,61,62,40,69,49,8,Strong team culture
E04022,2026-06-30,75.1,86,94,50,40,92,4,Workload is high
E04023,2025-06-30,69.4,54,77,92,58,86,1,Workload is high
E04023,2026-06-30,70.3,52,55,76,63,83,5,Workload is high
E04024,2025-06-30,68.3,45,94,77,61,64,5,Workload is high
E04024,2026-06-30,70.8,56,45,64,89,85,6,Good manager support
E04025,2025-06-30,74.0,91,44,38,86,97,1,Strong team culture
E04025,2026-06-30,73.8,63,77,89,91,66,4,Good manager support
E04026,2025-06-30,71.3,65,76,43,90,91,0,Compensation could improve
E04026,2026-06-30,66.6,64,71,40,91,71,4,Strong team culture
E04028,2025-06-30,59.7,60,57,39,59,74,9,Strong team culture
E04028,2026-06-30,59.2,59,49,67,60,62,8,No comment
E04029,2025-06-30,75.5,85,64,75,58,84,2,Need clearer career path
E04029,2026-06-30,61.2,82,44,55,49,61,6,Compensation could improve
E04030,2025-06-30,71.7,94,41,90,56,47,3,Strong team culture
E04030,2026-06-30,76.9,59,74,81,60,76,5,Strong team culture
E04031,2025-06-30,87.0,86,62,79,77,97,2,Need clearer career path
E04031,2026-06-30,62.0,46,58,39,86,56,5,Good manager support
E04032,2025-06-30,76.6,76,69,82,85,74,2,Happy with flexibility
E04032,2026-06-30,65.6,87,52,68,59,53,2,Strong team culture
E04033,2025-06-30,70.5,78,61,89,77,50,6,Need clearer career path
E04033,2026-06-30,61.5,52,76,71,66,65,0,No comment
E04034,2025-06-30,71.5,69,78,86,83,56,5,Happy with flexibility
E04034,2026-06-30,62.4,80,53,52,74,66,5,Good manager support
E04035,2025-06-30,69.4,58,63,87,70,50,6,Strong team culture
E04035,2026-06-30,81.6,91,94,55,82,86,5,Happy with flexibility
E04038,2025-06-30,70.8,82,72,60,88,58,2,Happy with flexibility
E04038,2026-06-30,70.0,51,82,52,85,60,5,Workload is high
E04039,2025-06-30,75.0,89,64,38,86,52,8,Workload is high
E04039,2026-06-30,75.9,63,82,83,88,59,5,Compensation could improve
E04041,2025-06-30,65.8,83,64,87,43,63,7,Need more learning opportunities
E04041,2026-06-30,75.3,70,90,39,71,86,8,Compensation could improve
E04042,2025-06-30,71.9,86,61,69,66,64,3,Good manager support
E04042,2026-06-30,83.2,86,67,73,96,91,5,Good manager support
E04044,2025-06-30,76.2,92,90,74,58,67,2,No comment
E04044,2026-06-30,66.8,46,61,88,67,61,1,Need more learning opportunities
E04045,2026-06-30,74.8,94,58,89,49,71,9,No comment
E04046,2025-06-30,73.5,67,81,56,65,97,1,Strong team culture
E04046,2026-06-30,61.2,83,59,85,41,50,9,No comment
E04047,2025-06-30,63.0,66,57,60,84,46,8,No comment
E04047,2026-06-30,60.4,74,66,49,68,69,5,Workload is high
E04048,2025-06-30,74.3,77,55,86,66,89,0,Need more learning opportunities
E04048,2026-06-30,69.9,95,67,70,92,57,1,Happy with flexibility
E04049,2025-06-30,70.1,74,63,68,83,52,5,Compensation could improve
E04049,2026-06-30,78.6,82,90,64,91,62,6,Compensation could improve
E04050,2025-06-30,67.9,67,70,60,49,82,2,Need more learning opportunities
E04050,2026-06-30,51.4,55,52,41,44,59,1,Happy with flexibility
E04051,2025-06-30,68.2,74,51,66,88,72,2,Workload is high
E04051,2026-06-30,77.6,88,47,87,79,88,2,Workload is high
E04052,2026-06-30,66.5,54,91,62,69,71,6,No comment
E04053,2025-06-30,78.0,89,82,86,40,70,7,Workload is high
E04053,2026-06-30,64.5,51,59,48,60,94,4,Need clearer career path
E04054,2025-06-30,65.6,69,48,66,74,64,4,Strong team culture
E04054,2026-06-30,77.9,69,78,54,72,94,0,Strong team culture
E04055,2025-06-30,65.4,88,57,64,66,67,5,Strong team culture
E04055,2026-06-30,56.6,61,50,48,60,81,4,Workload is high
E04056,2025-06-30,71.1,74,65,86,89,54,2,Compensation could improve
E04057,2025-06-30,68.0,59,74,80,71,62,7,Workload is high
E04057,2026-06-30,65.7,65,95,49,66,51,3,Need clearer career path
E04058,2026-06-30,67.6,63,70,52,82,61,6,Happy with flexibility
E04059,2025-06-30,64.8,77,41,87,81,52,0,Compensation could improve
E04059,2026-06-30,77.9,94,87,79,46,76,2,Strong team culture
E04060,2025-06-30,72.5,85,75,50,69,47,0,Need clearer career path
E04060,2026-06-30,74.5,61,91,59,72,57,10,Happy with flexibility
E04061,2025-06-30,53.7,95,49,41,40,48,1,Good manager support
E04061,2026-06-30,55.9,62,71,49,61,58,1,Good manager support
E04062,2025-06-30,69.3,51,68,75,93,53,8,Need more learning opportunities
E04062,2026-06-30,80.1,48,84,86,89,68,10,Happy with flexibility
E04063,2025-06-30,49.6,94,44,45,57,53,6,Compensation could improve
E04063,2026-06-30,56.5,46,87,48,44,51,3,Happy with flexibility
E04064,2025-06-30,73.2,54,50,89,88,86,10,Workload is high
E04064,2026-06-30,65.7,47,94,56,82,67,10,Good manager support
E04065,2025-06-30,78.0,90,66,45,91,93,4,Strong team culture
E04065,2026-06-30,76.3,88,82,63,77,45,6,Workload is high
E04066,2025-06-30,71.1,61,44,42,84,88,2,Workload is high
E04066,2026-06-30,63.2,86,40,49,88,59,0,Workload is high
E04068,2025-06-30,64.4,91,81,38,56,51,4,Happy with flexibility
E04068,2026-06-30,71.0,61,84,81,57,60,3,No comment
E04070,2026-06-30,65.3,85,80,89,74,45,2,Good manager support
E04071,2025-06-30,62.6,50,82,42,47,95,6,No comment
E04071,2026-06-30,69.2,54,77,43,90,68,3,Need more learning opportunities
E04072,2025-06-30,66.9,95,44,78,58,77,2,Need clearer career path
E04072,2026-06-30,66.6,72,57,64,69,77,8,No comment
E04073,2025-06-30,71.3,87,69,68,57,62,2,Compensation could improve
E04073,2026-06-30,67.2,73,63,74,47,84,8,Good manager support
E04074,2025-06-30,78.9,55,78,77,65,86,10,Strong team culture
E04074,2026-06-30,67.4,56,50,81,89,54,2,Good manager support
E04075,2025-06-30,68.7,67,62,57,65,89,0,Happy with flexibility
E04075,2026-06-30,72.1,86,86,82,45,60,2,Compensation could improve
E04076,2025-06-30,74.4,60,67,73,51,72,5,Good manager support
E04076,2026-06-30,86.8,88,78,86,81,83,2,Workload is high
E04077,2025-06-30,67.2,64,74,87,41,84,6,No comment
E04078,2025-06-30,58.6,84,42,60,58,72,2,No comment
E04078,2026-06-30,64.0,75,53,70,76,74,3,Strong team culture
E04079,2025-06-30,80.1,46,89,82,94,79,7,Compensation could improve
E04079,2026-06-30,72.7,88,89,38,93,70,5,Workload is high
E04081,2025-06-30,73.0,76,92,51,66,91,8,Strong team culture
E04081,2026-06-30,64.2,46,81,57,49,89,1,Good manager support
E04082,2025-06-30,67.7,45,50,88,90,80,4,Workload is high
E04083,2025-06-30,69.3,72,86,77,58,82,8,Compensation could improve
E04083,2026-06-30,75.2,79,86,70,80,67,7,Need clearer career path
E04084,2025-06-30,59.8,63,61,41,74,58,3,Compensation could improve
E04084,2026-06-30,75.3,69,48,47,90,77,10,Compensation could improve
E04085,2025-06-30,74.6,50,93,78,88,62,2,Need more learning opportunities
E04085,2026-06-30,79.5,82,67,91,72,97,8,Need clearer career path
E04086,2025-06-30,70.4,86,57,38,66,97,1,Need clearer career path
E04086,2026-06-30,65.7,81,44,50,84,48,9,No comment
E04087,2025-06-30,76.8,95,52,90,67,79,7,Workload is high
E04087,2026-06-30,59.2,82,64,43,41,86,9,Need clearer career path
E04088,2025-06-30,81.1,93,81,54,93,94,0,Compensation could improve
E04088,2026-06-30,81.0,61,83,74,87,91,8,Need clearer career path
E04089,2025-06-30,58.6,56,46,62,51,96,8,Strong team culture
E04089,2026-06-30,64.7,64,50,60,46,93,3,Happy with flexibility
E04090,2026-06-30,64.6,78,53,63,59,77,2,Good manager support
E04091,2025-06-30,74.7,67,94,64,41,89,6,Happy with flexibility
E04091,2026-06-30,82.6,93,93,84,58,68,0,Need more learning opportunities
E04093,2025-06-30,81.2,80,92,92,63,67,5,Need clearer career path
E04093,2026-06-30,77.2,76,44,40,77,95,0,Good manager support
E04094,2025-06-30,74.0,94,57,70,63,79,7,Compensation could improve
E04094,2026-06-30,68.7,60,86,61,73,53,4,Need clearer career path
E04096,2025-06-30,66.1,86,46,43,76,82,7,Happy with flexibility
E04096,2026-06-30,71.7,67,91,46,95,74,1,Happy with flexibility
E04097,2026-06-30,71.5,95,54,81,52,64,7,Good manager support
E04098,2025-06-30,63.8,46,61,82,93,53,3,Happy with flexibility
E04099,2025-06-30,61.9,61,64,75,50,71,7,Workload is high
E04099,2026-06-30,51.0,57,47,47,61,60,7,Compensation could improve
E04100,2025-06-30,73.7,75,62,81,50,95,7,Need clearer career path
E04101,2025-06-30,68.5,85,68,92,43,67,0,Good manager support
E04101,2026-06-30,68.3,63,50,83,82,78,4,Strong team culture
E04102,2025-06-30,71.3,59,93,71,89,48,3,Compensation could improve
E04103,2025-06-30,60.2,53,60,68,73,51,2,Need clearer career path
E04103,2026-06-30,75.2,57,93,85,62,81,9,Need clearer career path
E04105,2025-06-30,59.0,84,62,38,54,70,6,Strong team culture
E04105,2026-06-30,65.3,64,70,59,44,59,4,Happy with flexibility
E04106,2025-06-30,71.0,57,64,75,68,55,3,No comment
E04106,2026-06-30,56.8,65,47,59,50,76,7,Need clearer career path
E04107,2026-06-30,75.3,84,54,68,75,77,1,Need more learning opportunities
E04108,2025-06-30,61.6,48,47,74,47,69,4,Compensation could improve
E04108,2026-06-30,75.0,84,73,61,71,87,1,Compensation could improve
E04109,2025-06-30,67.9,65,46,70,81,82,9,No comment
E04109,2026-06-30,71.8,73,94,60,64,65,6,Happy with flexibility
E04110,2025-06-30,68.8,60,57,67,88,49,2,Happy with flexibility
E04110,2026-06-30,64.8,55,64,87,72,61,8,Good manager support
E04111,2025-06-30,74.9,84,86,70,92,54,9,Compensation could improve
E04111,2026-06-30,86.3,86,94,71,90,69,7,Happy with flexibility
E04112,2026-06-30,66.6,55,42,80,71,72,1,Workload is high
E04113,2025-06-30,70.2,75,59,57,62,77,4,Good manager support
E04113,2026-06-30,61.2,93,72,49,41,65,5,Workload is high
E04114,2025-06-30,72.7,70,93,81,46,93,7,No comment
E04114,2026-06-30,75.6,76,84,83,48,57,7,Strong team culture
E04115,2025-06-30,64.5,54,83,43,87,62,1,Workload is high
E04115,2026-06-30,59.7,72,64,52,64,45,5,Need clearer career path
E04116,2025-06-30,71.4,91,78,90,51,60,2,Workload is high
E04116,2026-06-30,77.3,92,43,83,94,63,3,Workload is high
E04117,2025-06-30,45.7,45,60,45,45,64,6,Compensation could improve
E04117,2026-06-30,55.8,46,47,91,43,81,5,Compensation could improve
E04118,2025-06-30,57.6,69,40,52,68,84,1,Need more learning opportunities
E04118,2026-06-30,56.7,90,92,38,48,45,4,Need more learning opportunities
E04119,2025-06-30,83.9,95,81,76,75,97,1,Good manager support
E04119,2026-06-30,74.5,92,95,49,71,83,5,Need more learning opportunities
E04120,2026-06-30,60.6,93,58,53,81,51,7,Workload is high
E04121,2025-06-30,64.5,65,56,87,73,57,2,Good manager support
E04121,2026-06-30,56.3,55,42,90,49,52,1,Compensation could improve
E04122,2025-06-30,78.4,85,50,89,95,77,4,Happy with flexibility
E04124,2025-06-30,66.9,67,72,41,89,84,9,Good manager support
E04124,2026-06-30,63.4,80,54,55,64,74,2,Compensation could improve
E04125,2025-06-30,57.2,57,46,82,48,58,4,Happy with flexibility
E04125,2026-06-30,63.3,60,76,47,47,86,2,Workload is high
E04126,2025-06-30,62.4,47,67,60,61,93,2,Need clearer career path
E04126,2026-06-30,65.1,95,48,70,51,47,1,Compensation could improve
E04127,2025-06-30,80.8,60,85,88,89,93,8,Strong team culture
E04127,2026-06-30,50.1,69,41,51,53,61,6,Need clearer career path
E04128,2025-06-30,79.5,69,86,63,79,66,6,Good manager support
E04128,2026-06-30,76.8,92,70,46,71,80,4,Compensation could improve
E04129,2026-06-30,54.3,76,48,44,44,77,8,Strong team culture
E04130,2025-06-30,65.0,58,77,86,41,60,6,Need more learning opportunities
E04130,2026-06-30,78.6,91,94,72,82,83,6,Happy with flexibility
E04131,2026-06-30,59.8,64,53,91,75,58,5,No comment
E04132,2025-06-30,72.4,61,59,86,53,64,5,Strong team culture
E04132,2026-06-30,62.6,66,43,63,92,79,3,Good manager support
E04133,2026-06-30,74.1,55,78,81,79,82,6,Need clearer career path
E04135,2025-06-30,79.1,61,68,49,79,97,9,Compensation could improve
E04135,2026-06-30,67.3,76,84,46,45,81,1,Need clearer career path
E04136,2025-06-30,63.7,46,54,76,65,83,2,Need clearer career path
E04136,2026-06-30,78.4,72,63,85,88,89,6,Need clearer career path
E04137,2025-06-30,70.6,52,88,69,64,81,6,No comment
E04137,2026-06-30,66.9,55,65,72,83,66,10,Happy with flexibility
E04138,2025-06-30,77.8,89,50,88,61,76,10,Strong team culture
E04138,2026-06-30,78.2,68,63,90,90,83,0,No comment
E04139,2025-06-30,55.5,51,41,55,45,72,5,Need clearer career path
E04139,2026-06-30,65.8,83,65,84,47,74,5,Need more learning opportunities
E04140,2025-06-30,54.3,57,61,50,59,59,4,Good manager support
E04140,2026-06-30,57.3,54,47,48,65,58,8,No comment
E04142,2025-06-30,68.9,69,62,59,66,82,7,Compensation could improve
E04142,2026-06-30,66.9,67,89,45,57,75,4,Need clearer career path
E04143,2025-06-30,72.6,62,94,48,90,76,0,Workload is high
E04143,2026-06-30,55.7,70,52,38,61,66,1,Good manager support
E04144,2025-06-30,66.9,82,47,74,58,71,4,Workload is high
E04144,2026-06-30,61.1,94,50,39,43,74,0,Need clearer career path
E04145,2025-06-30,43.6,51,40,52,52,55,2,Strong team culture
E04145,2026-06-30,72.5,85,79,64,61,49,4,Happy with flexibility
E04146,2026-06-30,60.5,83,66,50,41,45,3,Strong team culture
E04147,2025-06-30,52.0,48,40,47,70,59,9,Good manager support
E04147,2026-06-30,69.3,77,43,50,62,94,5,Happy with flexibility
E04148,2025-06-30,63.2,81,55,57,40,64,2,No comment
E04148,2026-06-30,76.5,51,83,80,86,63,8,Need clearer career path
E04149,2026-06-30,77.0,95,79,58,89,59,0,Need clearer career path
E04150,2025-06-30,84.7,94,71,69,88,95,1,Workload is high
E04150,2026-06-30,65.7,83,52,58,77,53,8,Strong team culture
E04151,2025-06-30,60.8,60,62,64,79,60,6,Compensation could improve
E04151,2026-06-30,69.9,69,59,85,67,79,1,No comment
E04153,2025-06-30,60.8,45,48,85,95,47,8,Workload is high
E04153,2026-06-30,64.3,52,56,88,46,64,0,Happy with flexibility
E04154,2025-06-30,64.6,55,60,76,88,58,5,Need clearer career path
E04154,2026-06-30,65.5,84,52,47,67,73,7,Need clearer career path
E04155,2025-06-30,55.1,46,75,60,44,73,8,Compensation could improve
E04155,2026-06-30,67.6,86,74,53,75,66,6,Strong team culture
E04156,2025-06-30,62.1,69,62,73,75,48,3,Need clearer career path
E04156,2026-06-30,67.1,72,91,65,43,76,3,Strong team culture
E04157,2025-06-30,60.7,58,67,52,78,53,4,Happy with flexibility
E04157,2026-06-30,59.7,81,46,40,56,83,7,Workload is high
E04158,2026-06-30,49.0,77,42,41,42,63,10,No comment
E04159,2025-06-30,77.7,67,84,90,82,60,4,Happy with flexibility
E04159,2026-06-30,77.0,56,82,74,72,87,8,Need more learning opportunities
E04160,2025-06-30,48.1,56,45,43,58,57,6,Need more learning opportunities
E04160,2026-06-30,64.6,90,47,89,53,59,9,No comment
E04161,2025-06-30,80.9,87,89,76,57,92,3,Need clearer career path
E04161,2026-06-30,65.2,50,80,87,52,59,1,Happy with flexibility
E04162,2025-06-30,69.1,57,50,50,77,83,3,Need clearer career path
E04162,2026-06-30,75.6,91,62,40,72,88,6,Need more learning opportunities
E04164,2025-06-30,59.1,73,89,46,40,63,1,Compensation could improve
E04164,2026-06-30,59.3,52,59,75,58,47,3,Need clearer career path
E04165,2025-06-30,85.4,92,92,59,89,82,2,Happy with flexibility
E04165,2026-06-30,59.9,52,61,43,69,59,8,Need clearer career path
E04166,2025-06-30,59.2,45,63,70,77,65,3,Compensation could improve
E04166,2026-06-30,66.5,77,49,69,63,64,1,Compensation could improve
E04167,2026-06-30,79.6,51,91,75,92,89,6,Good manager support
E04169,2025-06-30,80.2,91,78,82,82,68,5,Need clearer career path
E04169,2026-06-30,58.1,46,83,70,47,52,4,Workload is high
E04170,2025-06-30,67.4,56,46,58,43,92,1,Need more learning opportunities
E04170,2026-06-30,68.7,49,94,81,65,75,1,No comment
E04171,2025-06-30,77.7,85,89,81,63,85,2,Good manager support
E04171,2026-06-30,74.6,52,73,65,72,75,4,Happy with flexibility
E04172,2025-06-30,82.3,73,93,78,66,83,0,Strong team culture
E04172,2026-06-30,70.0,69,53,82,90,55,5,Strong team culture
E04173,2025-06-30,75.0,62,71,69,59,82,6,Strong team culture
E04173,2026-06-30,68.2,81,63,92,79,64,10,Strong team culture
E04175,2025-06-30,51.2,47,42,38,61,59,10,No comment
E04175,2026-06-30,56.6,48,50,43,83,62,1,Need clearer career path
E04177,2025-06-30,62.0,50,69,86,78,49,2,Need more learning opportunities
E04177,2026-06-30,67.5,85,65,79,60,48,3,Good manager support
E04178,2026-06-30,66.9,88,89,73,48,52,3,Happy with flexibility
E04179,2025-06-30,73.9,90,60,83,64,90,4,Strong team culture
E04179,2026-06-30,80.8,66,91,89,74,61,4,Need clearer career path
E04181,2025-06-30,61.3,78,67,50,80,60,5,Strong team culture
E04181,2026-06-30,64.1,87,64,57,81,45,2,Compensation could improve
E04182,2025-06-30,69.1,71,73,46,75,89,1,Need more learning opportunities
E04182,2026-06-30,66.2,57,54,68,87,53,7,Workload is high
E04183,2025-06-30,58.8,56,42,68,64,79,5,Good manager support
E04183,2026-06-30,90.0,78,93,88,94,98,5,Strong team culture
E04184,2026-06-30,59.2,50,70,83,60,47,3,Need clearer career path
E04185,2026-06-30,70.3,62,94,74,58,94,5,Need clearer career path
E04186,2025-06-30,62.6,89,57,39,73,68,5,Strong team culture
E04186,2026-06-30,59.0,93,83,53,40,47,7,Workload is high
E04187,2025-06-30,66.1,60,43,88,64,96,5,No comment
E04187,2026-06-30,64.5,55,77,41,54,88,3,Strong team culture
E04188,2025-06-30,62.5,58,83,79,49,68,8,Good manager support
E04188,2026-06-30,79.7,47,84,84,87,76,8,Need clearer career path
E04189,2025-06-30,59.3,45,42,58,64,73,3,No comment
E04189,2026-06-30,79.5,73,58,77,87,91,6,Strong team culture
E04191,2025-06-30,71.8,91,49,76,48,87,7,Need more learning opportunities
E04191,2026-06-30,53.6,66,43,39,78,46,7,Good manager support
E04192,2025-06-30,65.4,77,45,70,76,67,2,Strong team culture
E04192,2026-06-30,58.8,64,52,64,88,54,3,No comment
E04193,2025-06-30,57.7,58,49,57,48,75,4,No comment
E04193,2026-06-30,66.2,79,76,69,40,74,1,Happy with flexibility
E04194,2025-06-30,55.7,51,41,40,75,52,0,Need more learning opportunities
E04194,2026-06-30,67.3,69,43,75,59,90,5,Need more learning opportunities
E04195,2026-06-30,83.3,87,89,85,76,74,2,Happy with flexibility
E04196,2025-06-30,71.1,81,45,66,89,73,4,Workload is high
E04196,2026-06-30,69.9,64,42,50,95,91,1,Happy with flexibility
E04197,2026-06-30,70.0,56,78,53,85,66,7,Happy with flexibility
E04198,2025-06-30,65.1,73,77,68,58,65,2,Good manager support
E04198,2026-06-30,79.5,86,64,40,89,94,9,No comment
E04200,2025-06-30,71.0,61,91,82,44,85,8,Strong team culture
E04200,2026-06-30,73.2,61,79,80,43,94,7,No comment
E04201,2025-06-30,67.5,90,59,55,41,95,3,Compensation could improve
E04201,2026-06-30,65.9,54,71,61,49,91,7,Happy with flexibility
E04202,2025-06-30,76.7,74,87,64,48,86,5,No comment
E04202,2026-06-30,64.5,62,77,66,58,67,1,No comment
E04203,2025-06-30,69.0,67,69,59,66,89,4,Need clearer career path
E04203,2026-06-30,59.5,70,59,50,58,74,6,Happy with flexibility
E04205,2025-06-30,57.0,84,48,53,40,52,7,Compensation could improve
E04205,2026-06-30,72.0,61,47,84,56,98,3,Good manager support
E04206,2025-06-30,77.8,79,80,82,62,98,3,Strong team culture
E04206,2026-06-30,65.8,67,67,67,44,67,1,Strong team culture
E04207,2025-06-30,62.0,80,61,48,76,73,8,Happy with flexibility
E04207,2026-06-30,75.2,86,58,62,52,82,3,Happy with flexibility
E04208,2025-06-30,79.1,76,79,75,94,75,8,Good manager support
E04208,2026-06-30,67.4,62,58,91,79,92,9,Workload is high
E04209,2025-06-30,77.2,71,92,65,74,67,10,Strong team culture
E04209,2026-06-30,60.9,58,59,47,41,58,8,Compensation could improve
E04210,2025-06-30,67.1,49,68,83,58,79,2,Good manager support
E04210,2026-06-30,74.2,67,59,71,77,91,3,Happy with flexibility
E04211,2025-06-30,62.1,66,56,48,91,45,0,No comment
E04211,2026-06-30,77.5,74,85,51,92,96,7,Good manager support
E04212,2026-06-30,70.4,73,62,76,68,61,7,Happy with flexibility
E04213,2025-06-30,58.2,76,52,84,53,45,0,No comment
E04213,2026-06-30,57.9,75,77,50,47,50,6,No comment
E04214,2026-06-30,74.6,89,46,78,92,61,1,No comment
E04215,2025-06-30,67.9,80,72,51,44,89,8,Need more learning opportunities
E04215,2026-06-30,79.8,94,92,87,62,71,8,No comment
E04216,2025-06-30,60.3,63,44,67,41,54,6,Happy with flexibility
E04216,2026-06-30,62.0,46,65,66,61,74,10,Need clearer career path
E04217,2025-06-30,57.6,51,52,91,81,68,0,Compensation could improve
E04217,2026-06-30,69.3,46,64,77,77,84,10,Need clearer career path
E04218,2025-06-30,67.5,78,46,59,50,87,8,Need more learning opportunities
E04218,2026-06-30,59.9,47,67,63,66,75,3,Need more learning opportunities
E04219,2025-06-30,66.9,76,69,48,59,81,3,No comment
E04219,2026-06-30,72.5,62,74,59,88,49,3,No comment
E04220,2025-06-30,79.2,85,44,78,89,67,7,Strong team culture
E04220,2026-06-30,68.1,58,71,83,77,68,10,No comment
E04222,2025-06-30,66.1,58,71,39,58,79,4,No comment
E04222,2026-06-30,67.7,94,64,60,77,69,4,Happy with flexibility
E04223,2025-06-30,75.6,95,84,40,65,66,0,Happy with flexibility
E04223,2026-06-30,62.3,66,48,72,86,61,9,Strong team culture
E04224,2025-06-30,93.0,95,86,67,92,75,9,No comment
E04224,2026-06-30,64.8,70,95,47,51,60,7,No comment
E04225,2025-06-30,58.1,58,57,53,57,75,4,Need clearer career path
E04225,2026-06-30,81.6,82,77,91,51,55,1,Need clearer career path
E04226,2025-06-30,57.7,45,50,38,52,97,5,Good manager support
E04226,2026-06-30,69.6,64,83,71,60,83,6,Need clearer career path
E04227,2025-06-30,71.9,66,69,81,59,67,6,Good manager support
E04227,2026-06-30,71.1,76,70,41,91,58,8,Happy with flexibility
E04228,2025-06-30,52.1,60,86,40,56,50,8,Good manager support
E04228,2026-06-30,75.2,59,74,59,84,64,5,Workload is high
E04230,2025-06-30,60.1,45,65,47,73,67,4,Good manager support
E04230,2026-06-30,68.3,71,53,80,62,93,3,No comment
E04235,2025-06-30,75.2,65,88,86,90,54,3,Need more learning opportunities
E04235,2026-06-30,61.8,70,70,38,60,95,3,Workload is high
E04236,2025-06-30,70.6,58,94,46,79,83,5,Need more learning opportunities
E04236,2026-06-30,67.1,83,63,49,72,74,8,Need more learning opportunities
E04238,2025-06-30,60.0,69,47,50,80,52,5,Happy with flexibility
E04238,2026-06-30,72.3,78,86,47,51,89,10,Good manager support
E04239,2025-06-30,70.9,54,61,72,83,81,9,Compensation could improve
E04239,2026-06-30,53.0,79,74,46,45,52,7,Compensation could improve
E04240,2025-06-30,76.1,70,84,73,80,58,6,Workload is high
E04240,2026-06-30,73.5,80,92,51,80,93,2,Strong team culture
E04241,2025-06-30,79.9,93,55,86,65,90,2,No comment
E04241,2026-06-30,62.1,55,76,48,55,92,5,No comment
E04242,2025-06-30,51.5,50,49,61,45,79,2,No comment
E04242,2026-06-30,77.1,81,46,84,54,86,2,Workload is high
E04244,2025-06-30,57.4,51,57,63,60,58,3,Good manager support
E04244,2026-06-30,73.8,61,77,74,91,71,10,Good manager support
E04245,2025-06-30,77.0,77,66,56,96,80,4,Strong team culture
E04245,2026-06-30,61.4,56,90,64,44,47,4,Compensation could improve
E04246,2025-06-30,68.6,56,55,44,87,89,2,Need clearer career path
E04246,2026-06-30,60.3,82,44,40,56,65,0,Strong team culture
E04247,2025-06-30,77.8,79,75,83,92,87,8,Happy with flexibility
E04247,2026-06-30,58.3,60,56,66,82,56,10,Need clearer career path
E04248,2025-06-30,79.4,86,64,65,48,96,5,Strong team culture
E04248,2026-06-30,66.4,67,83,80,46,92,1,Good manager support
E04249,2025-06-30,66.2,93,46,87,60,62,5,Happy with flexibility
E04249,2026-06-30,74.8,78,84,61,63,86,0,Need more learning opportunities
E04250,2025-06-30,60.1,58,85,49,59,54,2,Strong team culture
E04250,2026-06-30,68.0,55,72,79,67,84,5,Compensation could improve
E04251,2025-06-30,76.0,73,53,75,68,81,6,Need more learning opportunities
E04251,2026-06-30,66.8,85,45,75,82,54,6,Compensation could improve
E04253,2025-06-30,73.1,79,62,90,85,63,0,Workload is high
E04253,2026-06-30,68.4,94,88,71,43,49,0,Need clearer career path
E04255,2025-06-30,76.2,46,79,90,76,79,1,Compensation could improve
E04255,2026-06-30,79.9,78,95,83,46,89,2,Need more learning opportunities
E04256,2025-06-30,62.3,52,51,74,63,52,2,Compensation could improve
E04256,2026-06-30,65.9,59,48,74,66,96,3,Strong team culture
E04257,2025-06-30,68.0,88,79,44,53,75,4,Strong team culture
E04257,2026-06-30,81.4,82,49,70,86,94,6,Need more learning opportunities
E04259,2025-06-30,73.7,82,83,67,88,66,1,Compensation could improve
E04259,2026-06-30,70.1,89,58,89,40,51,1,Happy with flexibility
E04260,2025-06-30,76.5,86,90,68,84,52,5,Good manager support
E04260,2026-06-30,74.4,74,44,82,67,79,7,Strong team culture
E04261,2026-06-30,56.8,93,61,60,52,52,3,Need clearer career path
E04262,2025-06-30,70.5,80,48,83,86,56,9,Strong team culture
E04262,2026-06-30,72.4,63,65,47,92,97,6,Need clearer career path
E04263,2025-06-30,78.2,56,79,76,88,70,1,Strong team culture
E04263,2026-06-30,66.0,47,75,79,86,56,7,Compensation could improve
E04264,2025-06-30,70.8,88,75,44,80,48,8,Compensation could improve
E04264,2026-06-30,57.4,54,76,58,66,45,7,Compensation could improve
E04265,2025-06-30,61.1,56,51,47,85,50,9,Good manager support
E04266,2025-06-30,60.0,72,77,50,79,56,7,Need more learning opportunities
E04266,2026-06-30,64.9,76,62,45,68,86,0,Need clearer career path
E04267,2025-06-30,62.0,56,62,92,46,77,2,Need clearer career path
E04267,2026-06-30,81.2,86,52,72,94,57,6,Workload is high
E04268,2025-06-30,73.4,72,57,51,86,79,6,Good manager support
E04268,2026-06-30,83.1,72,77,70,87,72,1,Need more learning opportunities
E04269,2025-06-30,79.2,88,87,82,58,86,2,Strong team culture
E04269,2026-06-30,71.3,74,74,60,40,91,0,Strong team culture
E04270,2025-06-30,60.2,74,78,38,54,48,4,Need clearer career path
E04270,2026-06-30,60.6,51,69,58,45,64,2,Need clearer career path
E04272,2025-06-30,54.1,56,45,51,59,58,1,Compensation could improve
E04272,2026-06-30,76.2,74,68,76,84,53,7,Good manager support
E04273,2025-06-30,62.7,57,52,66,63,45,2,Strong team culture
E04273,2026-06-30,76.0,62,94,84,58,74,3,Need clearer career path
E04274,2025-06-30,67.5,88,80,51,54,70,3,Need clearer career path
E04274,2026-06-30,68.9,51,79,60,53,82,1,Good manager support
E04276,2025-06-30,71.7,65,81,53,79,70,10,No comment
E04276,2026-06-30,55.5,76,71,50,42,48,9,Workload is high
E04277,2025-06-30,66.6,79,66,64,84,45,6,Strong team culture
E04279,2025-06-30,80.1,68,70,81,96,95,1,Need more learning opportunities
E04279,2026-06-30,75.4,53,86,50,95,96,8,Happy with flexibility
E04281,2026-06-30,67.5,54,48,89,40,98,8,Need more learning opportunities
E04282,2025-06-30,62.0,80,82,58,54,52,10,No comment
E04282,2026-06-30,52.3,77,65,44,46,53,8,Happy with flexibility
E04283,2025-06-30,64.5,84,48,64,96,58,0,Compensation could improve
E04283,2026-06-30,57.8,52,50,38,90,59,7,Happy with flexibility
E04284,2025-06-30,53.6,68,42,74,44,60,1,Need clearer career path
E04284,2026-06-30,74.5,80,65,55,83,82,5,Workload is high
E04285,2025-06-30,65.3,77,57,58,59,82,9,Good manager support
E04285,2026-06-30,73.7,61,86,85,43,62,10,No comment
E04287,2026-06-30,74.1,74,91,92,75,50,9,Strong team culture
E04288,2025-06-30,65.5,92,53,55,40,88,7,Compensation could improve
E04288,2026-06-30,64.0,65,41,72,76,93,8,Good manager support
E04289,2026-06-30,67.9,66,41,85,51,66,6,Good manager support
E04290,2025-06-30,63.1,53,46,73,53,98,9,Workload is high
E04290,2026-06-30,69.8,88,44,70,86,85,6,Compensation could improve
E04292,2025-06-30,80.7,90,64,88,89,68,9,Need more learning opportunities
E04292,2026-06-30,60.4,77,72,38,47,62,10,Need clearer career path
E04293,2025-06-30,73.5,79,82,77,57,50,3,Strong team culture
E04293,2026-06-30,55.3,48,44,46,88,53,0,Need more learning opportunities
E04294,2025-06-30,64.5,76,53,49,85,64,8,Good manager support
E04294,2026-06-30,82.3,91,69,78,86,59,5,No comment
E04296,2025-06-30,76.5,73,78,73,72,85,2,Need clearer career path
E04296,2026-06-30,68.9,51,84,60,40,79,0,No comment
E04297,2025-06-30,60.9,47,45,72,65,52,5,Need more learning opportunities
E04297,2026-06-30,76.5,73,95,55,83,78,4,Happy with flexibility
E04298,2025-06-30,70.2,87,78,71,69,54,9,Good manager support
E04298,2026-06-30,77.3,52,71,86,90,56,0,Workload is high
E04299,2025-06-30,51.6,68,59,42,45,70,8,Good manager support
E04299,2026-06-30,56.2,72,49,42,86,59,4,Need clearer career path
E04300,2025-06-30,78.6,57,85,69,90,73,10,Need clearer career path
E04300,2026-06-30,73.9,93,43,90,84,58,2,Workload is high
E04301,2025-06-30,70.6,95,90,52,71,69,10,Happy with flexibility
E04301,2026-06-30,77.1,94,91,54,85,54,0,Happy with flexibility
E04302,2025-06-30,62.7,45,83,60,46,73,5,Strong team culture
E04302,2026-06-30,68.2,85,93,70,78,48,6,Happy with flexibility
E04303,2025-06-30,69.0,74,70,82,63,71,6,Need clearer career path
E04303,2026-06-30,70.5,65,95,78,53,50,4,Happy with flexibility
E04304,2025-06-30,82.6,93,73,85,77,80,4,No comment
E04304,2026-06-30,76.0,81,78,57,81,94,10,Compensation could improve
E04305,2025-06-30,65.3,94,46,70,51,90,3,No comment
E04305,2026-06-30,63.2,45,50,55,75,66,9,No comment
E04306,2025-06-30,63.4,57,67,84,68,81,3,Good manager support
E04306,2026-06-30,81.2,87,84,56,68,80,8,Happy with flexibility
E04307,2025-06-30,70.0,51,52,65,58,80,0,No comment
E04307,2026-06-30,66.4,65,55,76,42,87,9,Good manager support
E04309,2025-06-30,60.8,62,42,40,71,75,10,No comment
E04309,2026-06-30,65.5,93,45,78,48,66,6,Good manager support
E04310,2025-06-30,63.5,67,45,38,62,78,8,Good manager support
E04310,2026-06-30,55.1,65,42,53,56,64,3,Need clearer career path
E04311,2025-06-30,59.0,72,40,77,42,49,2,Need more learning opportunities
E04311,2026-06-30,75.1,62,91,64,55,85,3,Happy with flexibility
E04312,2025-06-30,76.3,80,41,84,70,59,10,Need more learning opportunities
E04312,2026-06-30,73.1,72,65,58,95,84,0,Compensation could improve
E04313,2025-06-30,67.3,59,89,56,79,95,8,Need more learning opportunities
E04313,2026-06-30,74.4,79,85,92,75,52,0,Workload is high
E04314,2026-06-30,74.7,66,71,54,83,85,7,Happy with flexibility
E04315,2025-06-30,63.0,76,64,85,64,49,9,Good manager support
E04315,2026-06-30,82.0,92,78,81,53,59,10,Strong team culture
E04316,2025-06-30,67.3,85,80,53,58,67,6,Good manager support
E04316,2026-06-30,60.7,47,87,52,91,73,1,Need clearer career path
E04317,2025-06-30,79.5,45,94,89,63,88,3,Good manager support
E04317,2026-06-30,63.2,67,69,70,47,48,5,Happy with flexibility
E04318,2025-06-30,74.6,77,84,49,57,81,6,Need clearer career path
E04318,2026-06-30,69.4,70,61,50,81,79,10,Good manager support
E04319,2026-06-30,65.2,55,88,45,69,85,0,Good manager support
E04320,2025-06-30,63.3,64,46,49,79,98,7,Need clearer career path
E04320,2026-06-30,70.5,58,82,58,60,72,5,Workload is high
E04321,2026-06-30,65.9,74,42,52,62,97,8,Happy with flexibility
E04322,2025-06-30,55.6,83,80,44,44,48,1,No comment
E04322,2026-06-30,62.5,54,56,48,86,54,8,Need more learning opportunities
E04323,2025-06-30,71.7,86,86,56,57,63,2,No comment
E04323,2026-06-30,63.7,51,81,81,78,57,8,Need more learning opportunities
E04324,2025-06-30,62.1,71,55,53,79,94,2,Happy with flexibility
E04325,2025-06-30,69.3,90,73,59,63,66,7,Happy with flexibility
E04325,2026-06-30,78.6,84,93,80,46,74,8,Workload is high
E04326,2025-06-30,67.3,75,44,67,67,75,7,Strong team culture
E04326,2026-06-30,71.3,54,83,83,41,93,1,Strong team culture
E04329,2025-06-30,68.9,94,86,54,88,48,0,Need clearer career path
E04329,2026-06-30,65.8,52,88,54,48,91,2,Happy with flexibility
E04331,2025-06-30,84.4,53,94,76,72,92,8,Need clearer career path
E04331,2026-06-30,75.1,60,87,82,79,67,0,Workload is high
E04336,2025-06-30,77.1,68,83,62,89,75,2,Compensation could improve
E04336,2026-06-30,73.2,68,89,92,48,45,2,Workload is high
E04337,2025-06-30,65.5,90,50,71,70,56,8,Workload is high
E04337,2026-06-30,80.5,88,58,78,93,73,1,Compensation could improve
E04338,2025-06-30,56.9,55,79,38,73,60,6,Need more learning opportunities
E04338,2026-06-30,68.4,67,93,79,46,73,0,Workload is high
E04339,2025-06-30,61.5,54,86,47,71,63,8,No comment
E04339,2026-06-30,64.0,60,73,70,59,71,7,No comment
E04340,2025-06-30,66.1,62,88,46,88,74,4,No comment
E04340,2026-06-30,69.4,71,62,64,93,54,2,No comment
E04341,2026-06-30,67.8,78,73,38,95,46,7,Compensation could improve
E04342,2026-06-30,63.6,55,56,43,66,79,8,Need more learning opportunities
E04343,2025-06-30,71.8,91,90,49,68,87,2,Workload is high
E04343,2026-06-30,67.7,86,75,57,61,68,6,Workload is high
E04344,2025-06-30,75.2,76,49,90,67,85,1,Strong team culture
E04344,2026-06-30,67.1,50,56,75,62,73,6,Strong team culture
E04345,2025-06-30,63.9,90,95,50,40,46,8,Workload is high
E04345,2026-06-30,77.2,94,60,66,82,75,3,Good manager support
E04346,2025-06-30,62.9,90,54,49,88,75,3,Good manager support
E04346,2026-06-30,70.0,72,63,80,56,74,5,Compensation could improve
E04347,2026-06-30,67.5,54,95,76,68,47,0,Compensation could improve
E04348,2025-06-30,65.8,48,85,60,81,48,5,Happy with flexibility
E04348,2026-06-30,55.9,72,41,51,74,85,7,Workload is high
E04349,2025-06-30,58.2,59,95,42,55,70,3,Happy with flexibility
E04349,2026-06-30,82.3,87,83,71,85,95,5,No comment
E04350,2025-06-30,84.7,73,88,92,69,89,6,Strong team culture
E04350,2026-06-30,72.4,80,53,63,89,87,3,Compensation could improve
E04351,2025-06-30,61.4,57,67,72,60,51,9,No comment
E04351,2026-06-30,62.6,77,60,39,88,54,2,Need more learning opportunities
E04352,2025-06-30,76.9,61,87,78,82,72,10,Good manager support
E04352,2026-06-30,75.0,78,74,85,66,92,1,No comment
E04353,2025-06-30,75.8,67,89,59,82,89,1,Need more learning opportunities
E04353,2026-06-30,63.8,86,55,52,53,65,3,Workload is high
E04354,2025-06-30,63.1,70,71,38,83,81,7,Need more learning opportunities
E04354,2026-06-30,65.3,90,68,51,74,67,8,Need more learning opportunities
E04355,2025-06-30,70.7,49,75,46,51,89,3,Need more learning opportunities
E04355,2026-06-30,74.8,92,58,72,69,53,7,Need clearer career path
E04356,2025-06-30,84.6,81,82,87,93,81,10,Workload is high
E04356,2026-06-30,80.2,53,87,84,74,89,5,Happy with flexibility
E04357,2025-06-30,90.4,75,94,92,78,73,5,Good manager support
E04357,2026-06-30,60.5,75,67,56,64,48,1,Strong team culture
E04358,2025-06-30,77.2,88,53,71,44,93,8,Happy with flexibility
E04358,2026-06-30,67.3,67,65,51,83,53,9,No comment
E04359,2026-06-30,72.5,86,68,61,63,48,10,Workload is high
E04360,2025-06-30,60.4,48,63,71,79,64,7,Compensation could improve
E04360,2026-06-30,69.8,86,74,53,46,95,2,Need clearer career path
E04361,2025-06-30,72.5,49,87,83,49,95,0,No comment
E04361,2026-06-30,59.6,69,75,46,59,67,9,Compensation could improve
E04363,2025-06-30,76.2,89,69,63,87,50,1,Good manager support
E04363,2026-06-30,64.8,61,52,53,93,63,9,Workload is high
E04364,2025-06-30,55.1,55,43,72,60,70,0,Strong team culture
E04364,2026-06-30,46.7,61,67,45,51,48,2,Happy with flexibility
E04365,2026-06-30,75.8,84,54,92,53,69,8,Happy with flexibility
E04366,2025-06-30,69.7,93,83,76,87,51,3,No comment
E04366,2026-06-30,76.1,85,41,84,79,83,4,Strong team culture
E04367,2025-06-30,50.8,60,43,55,88,47,6,Strong team culture
E04367,2026-06-30,66.4,55,73,47,95,62,0,Workload is high
E04368,2025-06-30,73.9,79,53,72,92,69,8,Need clearer career path
E04368,2026-06-30,56.5,80,53,43,45,88,6,Need clearer career path
E04369,2025-06-30,59.0,48,81,44,57,65,0,No comment
E04369,2026-06-30,71.1,70,91,88,56,56,2,Good manager support
E04370,2025-06-30,55.4,63,77,71,48,46,5,No comment
E04370,2026-06-30,67.6,81,59,47,76,74,4,Workload is high
E04371,2025-06-30,67.1,88,46,61,42,84,8,Need more learning opportunities
E04371,2026-06-30,71.2,81,61,91,75,53,4,Compensation could improve
E04372,2025-06-30,73.5,92,72,67,90,65,8,Happy with flexibility
E04372,2026-06-30,80.2,49,63,82,83,90,1,Need clearer career path
E04373,2025-06-30,66.3,91,46,55,88,53,10,Need more learning opportunities
E04373,2026-06-30,60.6,52,59,45,58,73,10,No comment
E04374,2025-06-30,77.3,89,81,70,58,71,1,No comment
E04374,2026-06-30,59.4,82,42,70,78,47,10,Good manager support
E04375,2025-06-30,59.4,54,52,81,59,59,1,Happy with flexibility
E04376,2025-06-30,66.6,93,44,54,41,75,6,Need clearer career path
E04377,2025-06-30,66.4,45,94,52,96,82,8,No comment
E04377,2026-06-30,64.2,74,68,75,79,56,3,Need clearer career path
E04378,2025-06-30,63.7,75,84,64,57,53,10,Strong team culture
E04378,2026-06-30,59.7,60,49,40,86,70,9,Good manager support
E04379,2026-06-30,62.0,61,65,67,58,95,7,Compensation could improve
E04380,2025-06-30,63.1,64,91,57,41,92,3,Need clearer career path
E04380,2026-06-30,83.3,93,74,84,44,96,9,Compensation could improve
E04381,2025-06-30,71.3,67,82,70,66,67,9,Happy with flexibility
E04381,2026-06-30,74.3,68,61,44,75,86,9,Happy with flexibility
E04382,2025-06-30,58.5,62,84,50,42,87,4,No comment
E04382,2026-06-30,47.9,62,42,57,51,70,9,No comment
E04383,2025-06-30,70.6,55,60,84,62,56,5,No comment
E04383,2026-06-30,64.3,81,52,45,91,62,5,Need more learning opportunities
E04384,2025-06-30,45.8,67,45,52,44,46,3,Strong team culture
E04384,2026-06-30,78.3,77,78,54,94,87,3,Need more learning opportunities
E04385,2025-06-30,74.4,84,64,44,80,92,1,Workload is high
E04385,2026-06-30,62.4,67,41,42,74,73,8,Need clearer career path
E04386,2025-06-30,62.6,70,71,65,58,70,5,Happy with flexibility
E04386,2026-06-30,75.3,76,88,78,80,83,6,Need more learning opportunities
E04387,2025-06-30,67.5,58,95,89,54,76,6,Need more learning opportunities
E04387,2026-06-30,65.3,73,84,48,51,79,2,Strong team culture
E04388,2025-06-30,58.4,46,58,73,55,52,7,Need clearer career path
E04388,2026-06-30,70.2,75,87,67,77,66,4,Need clearer career path
E04390,2025-06-30,63.1,61,53,81,66,69,1,Need more learning opportunities
E04390,2026-06-30,65.8,60,93,77,58,65,5,No comment
E04391,2025-06-30,61.2,78,82,43,51,48,6,No comment
E04391,2026-06-30,60.7,46,43,84,47,68,0,No comment
E04392,2025-06-30,82.5,87,54,90,76,59,8,Need clearer career path
E04392,2026-06-30,76.2,50,86,87,81,59,5,Happy with flexibility
E04393,2025-06-30,67.3,82,95,59,54,65,7,Need more learning opportunities
E04393,2026-06-30,83.4,65,95,79,63,98,3,Need more learning opportunities
E04394,2025-06-30,79.4,93,52,88,70,98,6,Need more learning opportunities
E04394,2026-06-30,72.2,91,64,76,89,45,6,Compensation could improve
E04395,2025-06-30,66.8,51,60,50,71,94,1,Need more learning opportunities
E04395,2026-06-30,65.6,58,56,64,96,85,10,Good manager support
E04396,2025-06-30,74.5,93,63,73,86,53,1,Workload is high
E04396,2026-06-30,63.6,58,50,83,71,51,3,Workload is high
E04398,2025-06-30,69.9,60,83,70,55,66,5,Happy with flexibility
E04398,2026-06-30,70.0,59,53,55,82,96,3,Workload is high
E04399,2025-06-30,64.7,67,44,45,88,66,6,No comment
E04399,2026-06-30,65.0,81,83,60,58,55,8,No comment
E04401,2026-06-30,86.4,85,86,88,80,71,5,No comment
E04403,2025-06-30,50.9,46,41,52,40,70,1,Need clearer career path
E04403,2026-06-30,60.9,64,69,64,54,47,9,Workload is high
E04404,2025-06-30,61.8,95,40,48,51,85,8,Workload is high
E04404,2026-06-30,64.9,58,43,78,80,59,10,Compensation could improve
E04405,2026-06-30,62.3,49,63,40,91,68,4,Good manager support
E04406,2025-06-30,70.7,90,82,85,40,73,6,Strong team culture
E04406,2026-06-30,68.5,83,70,76,54,53,1,Need more learning opportunities
E04407,2025-06-30,71.9,93,89,42,47,78,8,Compensation could improve
E04407,2026-06-30,64.3,69,61,69,67,55,4,Good manager support
E04408,2025-06-30,65.7,56,92,52,96,53,9,Workload is high
E04408,2026-06-30,68.3,80,79,47,65,61,6,Compensation could improve
E04409,2025-06-30,67.2,54,75,46,67,74,3,Need more learning opportunities
E04409,2026-06-30,65.0,66,74,49,84,59,4,Strong team culture
E04410,2025-06-30,67.3,88,81,50,61,54,7,Need more learning opportunities
E04410,2026-06-30,62.8,52,40,51,53,63,2,Workload is high
E04411,2026-06-30,67.6,59,46,75,94,79,10,Compensation could improve
E04412,2025-06-30,58.5,74,73,43,52,55,0,Strong team culture
E04412,2026-06-30,64.4,76,42,56,70,67,1,Strong team culture
E04414,2025-06-30,67.7,45,81,40,81,83,7,Need more learning opportunities
E04414,2026-06-30,74.4,83,74,90,79,47,1,Good manager support
E04415,2025-06-30,56.9,57,66,58,60,63,6,Need clearer career path
E04415,2026-06-30,62.1,51,53,69,83,72,5,Need clearer career path
E04416,2025-06-30,79.9,58,92,91,57,87,10,No comment
E04416,2026-06-30,48.5,50,49,54,85,47,3,Need more learning opportunities
E04417,2025-06-30,74.7,66,88,83,88,70,7,No comment
E04417,2026-06-30,58.5,45,86,44,47,75,5,Need clearer career path
E04418,2025-06-30,70.8,71,73,72,51,68,5,Compensation could improve
E04418,2026-06-30,65.2,57,60,48,91,57,4,Strong team culture
E04419,2025-06-30,60.3,90,45,39,50,77,7,Workload is high
E04419,2026-06-30,65.2,78,84,39,78,74,0,Need clearer career path
E04420,2025-06-30,70.0,53,90,61,73,89,7,Good manager support
E04420,2026-06-30,63.3,58,45,41,90,82,9,Good manager support
E04421,2026-06-30,75.3,92,89,75,43,49,10,Strong team culture
E04422,2025-06-30,66.4,84,43,59,71,45,9,Need more learning opportunities
E04422,2026-06-30,67.1,71,45,77,59,77,2,Need more learning opportunities
E04423,2025-06-30,66.4,76,61,53,87,51,5,Workload is high
E04423,2026-06-30,73.0,62,77,75,79,57,7,Happy with flexibility
E04424,2025-06-30,80.9,94,78,67,82,48,3,Good manager support
E04424,2026-06-30,66.7,81,45,82,54,58,5,Compensation could improve
E04425,2025-06-30,65.7,52,68,86,71,67,0,Need more learning opportunities
E04425,2026-06-30,64.0,55,70,57,85,86,7,Need clearer career path
E04426,2025-06-30,58.3,77,54,47,59,72,1,Workload is high
E04426,2026-06-30,74.1,66,69,75,88,66,9,Happy with flexibility
E04427,2025-06-30,85.4,73,95,83,90,61,5,Workload is high
E04427,2026-06-30,76.5,91,51,67,77,77,6,Happy with flexibility
E04428,2025-06-30,72.1,77,90,56,55,84,3,Good manager support
E04428,2026-06-30,59.9,87,60,54,54,57,6,No comment
E04429,2025-06-30,83.5,79,88,83,59,65,2,Workload is high
E04429,2026-06-30,71.1,63,93,67,92,61,9,Strong team culture
E04430,2025-06-30,84.4,80,89,74,88,94,2,Good manager support
E04430,2026-06-30,67.4,92,50,72,57,72,6,Happy with flexibility
E04431,2025-06-30,65.4,76,58,66,65,84,0,Need clearer career path
E04431,2026-06-30,68.6,82,52,56,74,69,7,Workload is high
E04432,2025-06-30,61.8,56,40,67,88,86,1,Good manager support
E04432,2026-06-30,77.1,46,70,70,91,77,5,Compensation could improve
E04433,2025-06-30,58.8,72,58,41,55,83,10,Compensation could improve
E04433,2026-06-30,71.4,52,67,64,91,59,3,Happy with flexibility
E04434,2025-06-30,61.7,53,69,38,71,53,0,No comment
E04435,2025-06-30,70.4,91,57,62,48,71,0,Good manager support
E04435,2026-06-30,63.8,91,50,39,58,90,3,Workload is high
E04436,2025-06-30,68.6,79,58,46,63,97,1,No comment
E04436,2026-06-30,80.1,91,95,83,86,60,8,Workload is high
E04437,2025-06-30,69.5,94,57,44,94,53,1,Compensation could improve
E04437,2026-06-30,83.5,59,90,74,94,80,10,Workload is high
E04438,2025-06-30,60.9,65,41,70,72,55,7,Need more learning opportunities
E04438,2026-06-30,72.7,81,83,85,52,47,5,Good manager support
E04439,2025-06-30,65.3,67,91,53,57,73,10,Workload is high
E04439,2026-06-30,82.8,52,83,87,87,84,9,Need more learning opportunities
E04440,2025-06-30,72.1,91,59,40,67,77,7,Compensation could improve
E04441,2025-06-30,68.4,74,87,90,51,54,2,No comment
E04441,2026-06-30,62.2,46,49,79,55,68,3,Compensation could improve
E04444,2025-06-30,67.1,65,73,82,53,64,7,Need more learning opportunities
E04444,2026-06-30,73.5,66,85,52,82,95,9,Good manager support
E04445,2025-06-30,61.3,45,79,74,52,91,7,No comment
E04445,2026-06-30,48.3,53,50,47,57,57,8,Good manager support
E04446,2025-06-30,60.3,61,42,92,70,53,6,Good manager support
E04446,2026-06-30,59.6,55,75,41,87,53,10,Happy with flexibility
E04447,2025-06-30,76.5,81,42,75,74,95,6,Need clearer career path
E04447,2026-06-30,59.8,57,80,46,53,74,3,No comment
E04449,2025-06-30,55.7,58,42,85,40,55,9,Good manager support
E04449,2026-06-30,63.9,75,56,66,48,60,0,Good manager support
E04451,2025-06-30,74.8,66,80,71,80,68,1,Workload is high
E04451,2026-06-30,69.4,62,80,51,74,68,8,Good manager support
E04452,2025-06-30,59.2,59,76,68,51,52,2,Compensation could improve
E04452,2026-06-30,63.1,71,73,89,48,49,8,No comment
E04453,2025-06-30,64.3,72,65,71,67,79,6,No comment
E04453,2026-06-30,73.8,84,82,78,45,71,3,Workload is high
E04455,2026-06-30,75.9,52,88,53,84,76,7,Happy with flexibility
E04456,2025-06-30,58.6,52,67,41,48,90,8,Good manager support
E04456,2026-06-30,55.4,48,43,91,58,50,8,Compensation could improve
E04457,2025-06-30,64.0,95,70,39,47,66,5,Good manager support
E04457,2026-06-30,61.2,80,62,76,40,77,7,No comment
E04458,2026-06-30,51.2,53,45,42,44,70,1,Happy with flexibility
E04459,2025-06-30,63.8,87,74,86,45,48,8,Compensation could improve
E04459,2026-06-30,61.9,84,79,49,44,48,5,Workload is high
E04460,2025-06-30,57.8,58,63,57,67,54,8,Need more learning opportunities
E04460,2026-06-30,80.0,88,90,62,91,68,3,Need more learning opportunities
E04461,2025-06-30,76.8,71,81,84,87,54,0,Good manager support
E04461,2026-06-30,65.4,90,69,41,60,60,2,Compensation could improve
E04462,2025-06-30,93.3,89,88,91,81,86,8,Workload is high
E04462,2026-06-30,72.5,56,53,89,66,81,10,Good manager support
E04463,2025-06-30,73.1,55,91,88,73,51,9,Strong team culture
E04463,2026-06-30,66.1,68,53,87,71,63,8,Strong team culture
E04464,2025-06-30,59.0,64,49,72,47,74,10,Good manager support
E04464,2026-06-30,72.9,76,61,66,86,93,2,Need more learning opportunities
E04465,2025-06-30,67.7,52,89,77,53,76,1,Compensation could improve
E04465,2026-06-30,60.7,89,66,50,56,48,4,Good manager support
E04466,2025-06-30,64.8,92,76,50,47,72,0,Good manager support
E04466,2026-06-30,63.0,56,88,39,96,47,8,Workload is high
E04467,2025-06-30,85.4,62,73,76,90,95,2,No comment
E04467,2026-06-30,66.5,48,61,91,70,68,9,Workload is high
E04468,2025-06-30,73.7,60,58,86,79,79,2,Compensation could improve
E04468,2026-06-30,61.7,70,40,42,84,53,9,Workload is high
E04470,2025-06-30,81.7,89,74,64,62,97,0,Happy with flexibility
E04470,2026-06-30,73.0,79,83,67,46,94,8,Strong team culture
E04471,2025-06-30,82.6,94,87,91,55,81,2,Workload is high
E04471,2026-06-30,66.5,52,69,73,78,66,5,Strong team culture
E04472,2025-06-30,63.4,88,67,40,53,57,9,Compensation could improve
E04472,2026-06-30,58.6,68,52,44,46,82,5,Compensation could improve
E04473,2025-06-30,67.5,60,61,78,47,79,9,Good manager support
E04473,2026-06-30,80.1,57,92,78,82,74,9,Need more learning opportunities
E04475,2025-06-30,71.6,79,54,46,66,79,1,Need more learning opportunities
E04475,2026-06-30,62.6,56,79,60,50,73,1,Need clearer career path
E04476,2026-06-30,70.4,62,70,58,90,83,5,Good manager support
E04477,2025-06-30,76.5,92,81,59,95,76,6,Need more learning opportunities
E04477,2026-06-30,59.4,55,53,90,64,68,10,Compensation could improve
E04479,2025-06-30,71.2,94,41,72,76,69,8,Strong team culture
E04479,2026-06-30,84.1,90,76,83,73,86,6,Compensation could improve
E04480,2026-06-30,67.5,86,86,82,41,50,0,Happy with flexibility
E04481,2025-06-30,51.3,52,49,72,49,65,7,Strong team culture
E04481,2026-06-30,75.0,72,58,86,73,74,4,Need clearer career path
E04482,2025-06-30,73.9,72,78,59,66,95,0,Compensation could improve
E04482,2026-06-30,80.3,86,77,44,92,82,9,Good manager support
E04484,2025-06-30,68.2,82,94,59,42,73,9,Happy with flexibility
E04484,2026-06-30,70.6,53,86,77,50,64,3,Strong team culture
E04485,2025-06-30,64.8,48,52,72,65,85,10,No comment
E04485,2026-06-30,87.9,85,85,78,92,98,3,Compensation could improve
E04487,2025-06-30,77.7,73,66,85,90,59,2,Strong team culture
E04487,2026-06-30,73.9,84,76,51,93,92,0,Good manager support
E04488,2025-06-30,75.1,81,66,51,84,83,8,Strong team culture
E04488,2026-06-30,53.9,47,68,69,58,56,7,Workload is high
E04489,2025-06-30,69.2,74,65,75,54,77,10,No comment
E04489,2026-06-30,80.0,78,50,86,95,80,10,Compensation could improve
E04490,2025-06-30,66.5,84,60,70,53,77,9,Compensation could improve
E04490,2026-06-30,73.2,77,89,70,51,74,10,Strong team culture
E04492,2025-06-30,76.6,94,85,44,74,78,6,Compensation could improve
E04492,2026-06-30,77.5,74,82,83,51,66,3,Good manager support
E04493,2025-06-30,70.6,60,49,55,93,92,0,Happy with flexibility
E04493,2026-06-30,75.6,80,81,74,56,93,10,Need more learning opportunities
E04494,2026-06-30,74.4,58,42,86,87,80,8,Need more learning opportunities
E04495,2026-06-30,84.5,73,68,80,91,81,7,Good manager support
E04496,2025-06-30,81.2,85,73,83,83,90,10,Workload is high
E04496,2026-06-30,62.8,47,90,85,89,49,9,Compensation could improve
E04498,2025-06-30,63.3,88,55,71,57,59,4,Compensation could improve
E04498,2026-06-30,71.1,50,55,48,94,93,6,No comment
E04499,2025-06-30,70.3,51,92,78,72,92,6,Compensation could improve
E04499,2026-06-30,63.7,81,60,39,66,82,8,Strong team culture
E04500,2025-06-30,67.6,54,65,71,75,94,7,Need clearer career path
E04500,2026-06-30,61.3,72,64,59,58,58,4,Good manager support
E04501,2025-06-30,65.4,58,68,57,50,93,6,Workload is high
E04501,2026-06-30,65.8,83,46,77,64,53,6,Need clearer career path
E04503,2025-06-30,60.9,51,56,73,42,84,3,Strong team culture
E04503,2026-06-30,67.2,62,91,51,90,58,5,No comment
E04504,2026-06-30,66.7,53,60,82,79,70,8,No comment
E04505,2025-06-30,75.3,94,72,60,66,69,5,Happy with flexibility
E04506,2025-06-30,63.7,71,51,62,86,65,5,Strong team culture
E04506,2026-06-30,64.9,47,48,66,80,87,10,Good manager support
E04507,2025-06-30,73.9,56,86,70,86,65,3,No comment
E04507,2026-06-30,61.8,95,40,85,68,46,0,Compensation could improve
E04508,2025-06-30,70.5,87,92,68,43,68,5,Need more learning opportunities
E04508,2026-06-30,79.8,90,60,73,75,72,7,No comment
E04509,2025-06-30,56.5,53,60,47,82,46,6,Compensation could improve
E04509,2026-06-30,73.7,55,80,73,93,98,8,Good manager support
E04510,2025-06-30,66.7,60,77,49,74,96,1,No comment
E04510,2026-06-30,65.7,78,70,42,58,73,5,Workload is high
E04511,2025-06-30,76.3,86,58,89,61,75,0,Happy with flexibility
E04511,2026-06-30,68.0,58,56,90,81,47,0,Good manager support
E04512,2025-06-30,75.3,59,74,41,71,92,7,Need clearer career path
E04512,2026-06-30,57.7,56,56,51,67,57,6,Happy with flexibility
E04513,2025-06-30,68.1,64,40,90,74,96,5,Compensation could improve
E04513,2026-06-30,55.6,65,71,42,59,58,9,Happy with flexibility
E04514,2025-06-30,76.4,53,73,78,86,84,9,Workload is high
E04514,2026-06-30,65.2,71,52,43,69,55,2,Need more learning opportunities
E04517,2025-06-30,69.1,85,42,77,72,62,2,Happy with flexibility
E04517,2026-06-30,69.8,70,79,70,88,60,7,Compensation could improve
E04518,2025-06-30,63.9,85,48,49,46,70,8,No comment
E04518,2026-06-30,68.6,54,56,67,84,57,5,Workload is high
E04519,2025-06-30,72.8,53,76,79,89,71,7,Happy with flexibility
E04519,2026-06-30,63.2,53,67,49,56,58,5,Compensation could improve
E04520,2025-06-30,70.2,80,61,80,50,67,10,Need clearer career path
E04520,2026-06-30,68.2,60,64,60,63,93,1,Compensation could improve
E04521,2025-06-30,71.1,55,83,87,75,51,5,No comment
E04521,2026-06-30,69.2,91,59,89,92,46,8,Strong team culture
E04522,2025-06-30,66.7,59,85,59,72,49,0,Need more learning opportunities
E04522,2026-06-30,70.6,94,78,56,60,55,0,Happy with flexibility
E04523,2025-06-30,68.5,51,79,60,64,87,9,Need clearer career path
E04523,2026-06-30,74.8,70,63,89,89,57,4,Workload is high
E04524,2025-06-30,76.7,86,61,50,72,83,9,Workload is high
E04524,2026-06-30,69.6,94,41,80,70,87,1,Compensation could improve
E04525,2025-06-30,74.0,84,62,78,43,92,1,Compensation could improve
E04525,2026-06-30,66.3,70,91,49,43,88,3,Need more learning opportunities
E04526,2025-06-30,54.6,46,41,53,57,66,3,Strong team culture
E04526,2026-06-30,71.3,59,84,41,78,61,3,No comment
E04527,2025-06-30,77.3,80,93,44,68,91,2,Need clearer career path
E04527,2026-06-30,74.9,86,43,45,58,73,7,Workload is high
E04528,2026-06-30,67.5,89,83,68,41,48,9,Workload is high
E04529,2025-06-30,77.7,61,89,84,59,96,6,Need clearer career path
E04529,2026-06-30,64.1,92,68,48,73,52,5,Strong team culture
E04530,2025-06-30,66.6,64,91,57,72,59,2,Workload is high
E04530,2026-06-30,60.3,57,43,64,85,57,0,Good manager support
E04531,2026-06-30,56.1,53,88,38,63,55,1,No comment
E04532,2026-06-30,65.1,66,57,89,43,64,5,Need more learning opportunities
E04534,2026-06-30,69.9,50,74,49,88,92,6,Need more learning opportunities
E04535,2025-06-30,58.6,59,40,42,43,84,7,Need more learning opportunities
E04535,2026-06-30,68.8,55,43,80,75,94,8,Good manager support
E04536,2025-06-30,54.8,46,64,42,49,83,8,Strong team culture
E04536,2026-06-30,73.1,89,93,56,49,55,6,Need more learning opportunities
E04537,2025-06-30,64.4,57,47,79,71,52,4,Workload is high
E04537,2026-06-30,56.7,74,57,53,76,63,5,Need clearer career path
E04538,2025-06-30,72.9,61,63,77,64,85,7,Need clearer career path
E04538,2026-06-30,69.8,94,57,39,79,70,8,Compensation could improve
E04540,2025-06-30,76.8,74,85,86,79,94,5,Workload is high
E04540,2026-06-30,72.9,83,60,92,87,49,10,Workload is high
E04541,2025-06-30,81.7,70,87,72,93,89,7,Need more learning opportunities
E04541,2026-06-30,71.2,73,89,39,83,59,4,Happy with flexibility
E04542,2025-06-30,73.5,95,81,63,77,55,7,Happy with flexibility
E04542,2026-06-30,60.3,80,83,62,44,50,8,No comment
E04543,2025-06-30,67.8,82,53,77,66,80,2,Good manager support
E04543,2026-06-30,72.5,89,89,40,44,70,10,Need more learning opportunities
E04544,2025-06-30,59.7,53,50,69,87,51,0,Happy with flexibility
E04544,2026-06-30,69.7,70,71,49,81,62,4,Need clearer career path
E04545,2026-06-30,65.8,67,56,74,70,77,6,Need clearer career path
E04546,2025-06-30,81.5,80,77,63,71,92,2,Strong team culture
E04546,2026-06-30,75.5,60,69,91,95,47,4,No comment
E04547,2025-06-30,65.0,76,95,52,67,55,8,Compensation could improve
E04547,2026-06-30,78.0,61,82,69,81,94,4,Strong team culture
E04548,2025-06-30,80.6,76,78,88,96,92,6,Happy with flexibility
E04548,2026-06-30,63.2,69,64,47,69,79,4,Workload is high
E04549,2025-06-30,74.0,69,78,87,55,56,9,No comment
E04549,2026-06-30,65.5,51,82,52,51,67,1,Need clearer career path
E04550,2025-06-30,68.8,67,53,57,92,81,5,Need clearer career path
E04550,2026-06-30,74.2,74,48,75,95,93,4,Need more learning opportunities
E04551,2025-06-30,63.6,75,46,59,85,68,10,Need clearer career path
E04551,2026-06-30,76.2,53,51,80,92,73,7,Need more learning opportunities
E04552,2026-06-30,63.1,57,45,69,78,80,10,Workload is high
E04554,2025-06-30,62.9,63,44,59,43,86,10,Need more learning opportunities
E04554,2026-06-30,65.4,95,78,41,48,87,1,Compensation could improve
E04556,2026-06-30,82.1,94,90,70,71,72,4,Good manager support
E04557,2025-06-30,56.2,56,42,66,45,66,2,Workload is high
E04557,2026-06-30,67.4,66,56,68,85,59,4,Compensation could improve
E04558,2025-06-30,74.5,78,61,68,87,65,8,Happy with flexibility
E04558,2026-06-30,68.0,56,65,59,91,87,5,Strong team culture
E04559,2025-06-30,54.2,59,60,40,53,47,4,Compensation could improve
E04559,2026-06-30,60.9,79,44,44,50,70,7,No comment
E04560,2025-06-30,70.4,80,52,58,75,73,3,Compensation could improve
E04560,2026-06-30,60.6,49,70,58,44,96,5,Happy with flexibility
E04561,2025-06-30,71.3,93,61,63,58,52,9,Compensation could improve
E04561,2026-06-30,69.4,58,78,85,40,87,2,Good manager support
E04562,2025-06-30,76.5,90,48,91,80,81,3,Compensation could improve
E04562,2026-06-30,55.4,56,45,64,83,52,8,Need clearer career path
E04563,2025-06-30,50.4,50,75,46,44,57,9,No comment
E04563,2026-06-30,71.7,65,71,68,91,46,6,Compensation could improve
E04564,2025-06-30,61.8,94,49,44,87,47,8,Compensation could improve
E04564,2026-06-30,60.9,83,53,57,57,70,9,Need more learning opportunities
E04565,2025-06-30,87.9,74,84,88,93,79,1,Good manager support
E04565,2026-06-30,72.3,71,95,49,57,89,8,Strong team culture
E04566,2026-06-30,58.5,84,81,39,61,46,4,No comment
E04567,2025-06-30,71.7,72,94,66,59,71,6,Good manager support
E04567,2026-06-30,75.9,78,62,38,84,97,7,Need more learning opportunities
E04570,2025-06-30,53.6,62,53,81,56,46,5,Strong team culture
E04570,2026-06-30,84.4,86,86,91,91,82,10,Need more learning opportunities
E04571,2025-06-30,68.9,84,77,49,79,80,5,Happy with flexibility
E04571,2026-06-30,79.2,88,56,79,90,92,0,Workload is high
E04573,2025-06-30,74.7,93,41,69,64,98,7,No comment
E04573,2026-06-30,66.0,62,56,64,43,98,2,Good manager support
E04574,2025-06-30,73.3,76,94,43,65,60,6,No comment
E04574,2026-06-30,59.2,49,82,55,41,98,5,Good manager support
E04575,2026-06-30,82.7,77,79,71,77,80,1,Good manager support
E04576,2025-06-30,70.4,74,47,71,77,60,7,Need more learning opportunities
E04576,2026-06-30,79.5,91,90,89,72,61,6,Need more learning opportunities
E04577,2026-06-30,72.1,86,72,88,74,58,4,Compensation could improve
E04579,2025-06-30,64.1,48,57,52,65,95,1,Need more learning opportunities
E04579,2026-06-30,72.5,64,58,86,57,81,6,Compensation could improve
E04580,2025-06-30,66.8,78,62,53,73,64,3,Happy with flexibility
E04580,2026-06-30,78.5,85,65,83,56,78,1,Need more learning opportunities
E04582,2025-06-30,58.6,77,40,71,49,52,3,Happy with flexibility
E04582,2026-06-30,77.7,62,68,84,83,75,6,Good manager support
E04583,2025-06-30,67.4,52,45,63,43,71,0,Need clearer career path
E04583,2026-06-30,75.0,66,51,84,94,67,9,Strong team culture
E04584,2025-06-30,73.8,79,87,69,54,72,9,Workload is high
E04584,2026-06-30,82.7,88,79,70,73,83,8,Workload is high
E04585,2025-06-30,58.5,67,57,69,65,64,6,Workload is high
E04585,2026-06-30,64.2,57,85,43,49,80,7,Need clearer career path
E04586,2025-06-30,57.9,72,46,46,91,48,5,Compensation could improve
E04586,2026-06-30,69.3,54,71,74,70,96,2,Need clearer career path
E04588,2025-06-30,77.6,46,91,78,75,76,4,Need more learning opportunities
E04588,2026-06-30,56.8,45,44,67,68,90,10,Workload is high
E04589,2025-06-30,71.5,74,50,89,48,97,2,Happy with flexibility
E04589,2026-06-30,60.2,52,68,42,79,77,8,Strong team culture
E04590,2025-06-30,69.1,93,43,62,76,98,2,Strong team culture
E04590,2026-06-30,72.3,78,70,38,70,92,7,Good manager support
E04591,2025-06-30,56.5,74,41,38,77,65,0,Good manager support
E04591,2026-06-30,87.3,52,75,91,84,89,7,Happy with flexibility
E04592,2025-06-30,62.7,49,43,67,96,65,10,Good manager support
E04592,2026-06-30,67.8,86,49,65,60,83,4,Workload is high
E04594,2025-06-30,75.8,91,74,65,88,53,0,Need clearer career path
E04594,2026-06-30,44.0,57,48,49,45,54,5,Happy with flexibility
E04596,2025-06-30,51.2,68,40,40,66,50,6,Need clearer career path
E04596,2026-06-30,64.1,58,67,88,40,55,6,Compensation could improve
E04597,2025-06-30,65.5,84,86,75,45,45,6,Workload is high
E04597,2026-06-30,62.1,76,63,49,63,45,4,Good manager support
E04598,2026-06-30,52.7,61,69,56,63,46,2,Workload is high
E04599,2025-06-30,76.8,87,60,67,76,84,2,Compensation could improve
E04600,2025-06-30,76.4,91,73,80,62,84,3,Need clearer career path
E04600,2026-06-30,75.3,81,46,63,92,97,7,Compensation could improve
E04601,2025-06-30,71.5,72,91,85,56,54,2,Need clearer career path
E04601,2026-06-30,51.5,64,42,81,62,51,7,Workload is high
E04602,2025-06-30,69.8,53,65,88,48,96,3,Workload is high
E04602,2026-06-30,57.3,50,66,59,50,81,8,Need clearer career path
E04603,2025-06-30,66.9,86,51,40,44,97,3,Compensation could improve
E04603,2026-06-30,58.9,92,55,44,55,58,8,Happy with flexibility
E04604,2025-06-30,71.1,76,61,67,48,82,0,Need clearer career path
E04604,2026-06-30,72.1,84,50,47,80,65,3,Workload is high
E04605,2025-06-30,59.5,64,89,60,40,57,8,Need clearer career path
E04605,2026-06-30,59.0,84,73,43,44,65,6,Need more learning opportunities
E04606,2025-06-30,63.9,63,57,71,79,79,2,Workload is high
E04606,2026-06-30,76.9,46,80,85,75,87,2,Good manager support
E04607,2025-06-30,75.4,92,74,56,77,86,7,Workload is high
E04607,2026-06-30,73.8,82,63,92,54,94,4,Happy with flexibility
E04608,2025-06-30,60.8,91,90,51,51,48,0,Workload is high
E04608,2026-06-30,77.9,82,57,79,69,92,3,Happy with flexibility
E04609,2025-06-30,57.5,73,55,55,88,45,6,Good manager support
E04609,2026-06-30,74.9,51,78,76,78,95,0,Need more learning opportunities
E04610,2025-06-30,72.7,53,79,74,58,79,0,Workload is high
E04610,2026-06-30,82.4,75,92,89,81,61,7,Compensation could improve
E04611,2025-06-30,73.3,90,67,74,59,61,6,Workload is high
E04611,2026-06-30,57.8,54,59,52,60,69,10,Compensation could improve
E04612,2025-06-30,76.2,76,74,39,91,89,6,Happy with flexibility
E04612,2026-06-30,77.4,63,58,82,94,83,5,No comment
E04613,2026-06-30,73.4,64,57,63,91,95,9,Good manager support
E04615,2025-06-30,67.9,65,89,90,66,56,9,Strong team culture
E04615,2026-06-30,66.1,46,79,73,56,73,9,Compensation could improve
E04616,2025-06-30,72.2,52,82,85,71,90,8,Strong team culture
E04616,2026-06-30,70.2,85,45,88,55,68,4,Happy with flexibility
E04617,2026-06-30,61.2,49,40,52,74,61,4,Happy with flexibility
E04618,2026-06-30,64.4,67,47,82,44,81,0,Compensation could improve
E04619,2025-06-30,64.1,62,40,74,65,59,10,No comment
E04619,2026-06-30,77.9,90,81,59,87,51,4,Good manager support
E04620,2025-06-30,60.5,91,42,40,86,55,3,Compensation could improve
E04620,2026-06-30,78.8,76,78,79,79,77,7,No comment
E04621,2025-06-30,74.3,56,86,87,72,88,0,No comment
E04621,2026-06-30,77.7,90,40,87,56,94,1,Compensation could improve
E04624,2025-06-30,76.5,64,75,72,87,77,7,Compensation could improve
E04624,2026-06-30,66.9,56,92,68,54,52,4,Good manager support
E04625,2025-06-30,69.8,94,57,76,78,55,1,Need clearer career path
E04625,2026-06-30,72.7,64,41,63,79,98,7,Need clearer career path
E04626,2025-06-30,47.4,64,54,40,50,48,2,No comment
E04626,2026-06-30,78.2,77,94,84,54,84,4,No comment
E04627,2025-06-30,61.1,47,46,91,78,72,0,Happy with flexibility
E04627,2026-06-30,53.5,67,85,51,47,53,3,Workload is high
E04628,2025-06-30,68.5,78,48,57,92,90,5,Compensation could improve
E04628,2026-06-30,82.4,59,84,65,91,97,7,Workload is high
E04629,2025-06-30,63.0,51,53,43,68,96,9,Strong team culture
E04629,2026-06-30,74.3,92,74,86,58,53,3,Workload is high
E04630,2026-06-30,62.3,79,44,71,89,58,0,Compensation could improve
E04631,2025-06-30,66.2,49,67,67,57,89,3,Need clearer career path
E04631,2026-06-30,66.9,45,80,56,81,67,6,Good manager support
E04632,2025-06-30,71.9,63,55,80,95,52,6,Good manager support
E04633,2025-06-30,85.0,86,83,83,87,68,1,Need more learning opportunities
E04633,2026-06-30,68.3,72,84,61,65,70,4,No comment
E04634,2025-06-30,69.7,60,84,38,84,72,0,Need clearer career path
E04635,2025-06-30,56.3,53,65,50,71,60,2,Compensation could improve
E04635,2026-06-30,70.2,71,77,89,80,45,4,Strong team culture
E04636,2025-06-30,65.7,63,49,50,57,96,4,Strong team culture
E04636,2026-06-30,76.9,75,82,44,88,91,10,Need clearer career path
E04637,2025-06-30,65.2,79,74,62,48,58,2,Need clearer career path
E04637,2026-06-30,69.0,47,45,49,95,91,8,Compensation could improve
E04638,2025-06-30,71.0,54,73,77,62,95,10,Need more learning opportunities
E04638,2026-06-30,73.0,80,57,60,61,75,3,Good manager support
E04639,2025-06-30,66.5,90,61,50,48,80,2,Need clearer career path
E04639,2026-06-30,56.4,47,49,50,82,76,7,Strong team culture
E04640,2025-06-30,74.6,74,95,82,68,47,8,Need clearer career path
E04640,2026-06-30,60.3,70,56,60,41,71,2,Workload is high
E04642,2025-06-30,83.6,90,68,80,81,82,1,Good manager support
E04642,2026-06-30,84.1,85,95,85,78,73,0,Need clearer career path
E04643,2025-06-30,49.0,56,54,50,43,49,0,Workload is high
E04643,2026-06-30,61.8,46,78,40,76,66,5,No comment
E04644,2025-06-30,63.5,61,78,38,66,81,9,Need clearer career path
E04644,2026-06-30,67.3,65,76,64,40,71,4,No comment
E04645,2025-06-30,57.0,49,58,41,55,69,10,Need more learning opportunities
E04645,2026-06-30,69.0,47,70,84,94,76,0,Compensation could improve
E04646,2026-06-30,59.1,56,58,58,40,77,1,Workload is high
E04647,2025-06-30,65.6,76,59,67,48,53,6,Need clearer career path
E04647,2026-06-30,61.0,52,46,45,92,86,10,Compensation could improve
E04648,2025-06-30,74.2,66,88,60,92,70,7,No comment
E04648,2026-06-30,65.7,76,73,44,66,73,6,Need clearer career path
E04649,2025-06-30,64.8,77,51,39,58,96,8,Compensation could improve
E04649,2026-06-30,70.7,63,50,88,78,53,10,Workload is high
E04651,2026-06-30,82.6,70,92,53,86,97,1,No comment
E04652,2026-06-30,64.9,60,44,45,68,79,5,Happy with flexibility
E04653,2025-06-30,75.8,89,46,73,59,84,0,Compensation could improve
E04653,2026-06-30,78.1,94,61,91,54,79,7,Good manager support
E04655,2025-06-30,65.3,49,63,57,91,72,6,No comment
E04655,2026-06-30,74.9,93,90,81,52,48,5,Happy with flexibility
E04656,2025-06-30,65.0,71,62,72,62,87,8,Need more learning opportunities
E04656,2026-06-30,69.9,64,70,80,50,69,8,No comment
E04657,2025-06-30,69.9,61,42,92,96,83,5,Workload is high
E04657,2026-06-30,63.6,79,49,53,90,50,5,Workload is high
E04658,2025-06-30,76.4,51,74,87,72,91,9,Compensation could improve
E04658,2026-06-30,57.6,71,51,47,41,69,8,No comment
E04659,2025-06-30,65.0,52,64,88,61,82,0,Need more learning opportunities
E04659,2026-06-30,74.5,75,87,64,81,90,6,Compensation could improve
E04661,2025-06-30,73.9,75,68,89,46,97,2,Need more learning opportunities
E04661,2026-06-30,63.7,58,93,81,40,81,7,Compensation could improve
E04663,2025-06-30,57.1,68,40,48,50,72,10,Need more learning opportunities
E04663,2026-06-30,67.7,90,93,41,43,46,5,Need clearer career path
E04664,2025-06-30,83.6,92,78,55,66,76,6,Need more learning opportunities
E04664,2026-06-30,72.8,46,50,64,87,87,3,Good manager support
E04665,2026-06-30,61.8,86,55,51,79,56,8,Good manager support
E04666,2025-06-30,56.7,64,50,40,73,87,0,Workload is high
E04666,2026-06-30,67.0,55,57,56,88,53,7,Need more learning opportunities
E04667,2025-06-30,66.3,68,67,52,85,64,4,Need clearer career path
E04667,2026-06-30,57.8,46,49,41,58,66,0,Need clearer career path
E04669,2025-06-30,60.8,57,69,67,91,55,10,Happy with flexibility
E04669,2026-06-30,71.6,86,95,76,52,82,2,Strong team culture
E04670,2026-06-30,78.9,86,93,78,55,66,7,Workload is high
E04671,2025-06-30,73.3,64,51,83,44,82,3,Compensation could improve
E04671,2026-06-30,76.9,85,68,89,69,95,2,Good manager support
E04673,2026-06-30,55.5,46,41,85,45,95,3,Happy with flexibility
E04674,2026-06-30,80.0,79,69,39,89,86,6,Happy with flexibility
E04675,2025-06-30,74.5,62,76,60,81,98,2,Compensation could improve
E04675,2026-06-30,64.5,48,67,87,83,63,9,Strong team culture
E04676,2025-06-30,65.6,65,53,50,61,84,5,Compensation could improve
E04676,2026-06-30,69.3,63,59,61,78,77,3,Good manager support
E04677,2025-06-30,70.2,65,48,91,93,61,3,Strong team culture
E04678,2026-06-30,57.0,60,51,58,94,47,1,Compensation could improve
E04679,2025-06-30,65.5,53,74,58,92,60,2,Need more learning opportunities
E04679,2026-06-30,77.9,95,80,45,74,72,3,Need more learning opportunities
E04680,2025-06-30,60.4,71,55,52,52,84,7,Need clearer career path
E04680,2026-06-30,67.9,59,81,72,47,73,10,No comment
E04681,2026-06-30,52.8,61,61,52,42,50,2,Strong team culture
E04682,2025-06-30,80.6,90,80,45,73,76,3,Good manager support
E04682,2026-06-30,81.5,84,82,69,75,72,7,Need more learning opportunities
E04683,2026-06-30,63.3,55,92,53,40,61,9,Happy with flexibility
E04684,2025-06-30,69.8,48,87,44,72,75,3,Need clearer career path
E04684,2026-06-30,57.4,74,45,45,71,85,2,Compensation could improve
E04685,2025-06-30,86.4,92,94,69,95,75,9,Good manager support
E04685,2026-06-30,77.7,80,78,68,64,95,8,Strong team culture
E04686,2026-06-30,61.8,90,56,83,60,47,6,Workload is high
E04687,2025-06-30,78.9,84,89,72,90,70,4,No comment
E04687,2026-06-30,60.1,48,40,71,53,62,7,Need clearer career path
E04689,2025-06-30,63.3,77,44,45,40,86,6,Need clearer career path
E04689,2026-06-30,75.7,69,89,49,91,55,4,Need more learning opportunities
E04692,2026-06-30,74.0,53,69,86,93,66,0,Good manager support
E04693,2025-06-30,68.1,65,65,77,66,91,9,Need clearer career path
E04693,2026-06-30,73.9,57,75,86,94,66,8,Happy with flexibility
E04695,2025-06-30,59.9,76,58,47,49,74,7,Need more learning opportunities
E04695,2026-06-30,50.6,48,44,42,77,84,6,Happy with flexibility
E04696,2025-06-30,74.7,94,82,47,57,82,6,Workload is high
E04696,2026-06-30,68.6,71,84,54,89,69,0,Workload is high
E04697,2025-06-30,51.2,52,50,46,68,56,5,No comment
E04697,2026-06-30,70.2,68,56,79,79,47,9,Strong team culture
E04698,2025-06-30,58.9,70,84,45,51,68,6,Need clearer career path
E04698,2026-06-30,73.4,47,49,82,77,85,9,No comment
E04700,2025-06-30,72.1,61,86,52,90,58,6,Strong team culture
E04700,2026-06-30,65.3,68,48,59,79,74,3,Happy with flexibility
E04701,2025-06-30,67.0,80,81,58,80,51,6,Need clearer career path
E04701,2026-06-30,55.0,48,94,70,45,64,0,Strong team culture
E04702,2025-06-30,76.3,74,50,92,54,78,10,Compensation could improve
E04702,2026-06-30,74.2,73,83,74,68,71,5,Need more learning opportunities
E04704,2025-06-30,80.1,95,75,90,67,88,4,No comment
E04704,2026-06-30,85.3,72,71,81,94,87,9,Need more learning opportunities
E04705,2025-06-30,59.2,65,65,39,69,68,3,Good manager support
E04705,2026-06-30,76.2,95,54,90,60,96,10,Happy with flexibility
E04706,2025-06-30,69.6,64,61,66,92,67,0,Workload is high
E04706,2026-06-30,78.3,80,77,48,92,90,10,No comment
E04708,2025-06-30,75.1,70,88,86,79,65,4,Workload is high
E04708,2026-06-30,64.0,94,94,42,45,54,1,Workload is high
E04709,2025-06-30,71.4,64,94,76,42,74,4,Need clearer career path
E04709,2026-06-30,92.2,81,89,90,94,95,6,Need more learning opportunities
E04710,2025-06-30,77.6,84,68,91,54,87,2,Good manager support
E04710,2026-06-30,62.8,59,43,41,52,91,0,Workload is high
E04711,2025-06-30,77.2,75,85,45,86,91,1,Happy with flexibility
E04711,2026-06-30,83.4,78,69,91,88,96,4,Need more learning opportunities
E04712,2026-06-30,60.4,59,71,57,48,52,6,Need clearer career path
E04713,2025-06-30,66.4,75,61,53,65,50,3,Need more learning opportunities
E04713,2026-06-30,70.4,84,84,50,71,77,10,No comment
E04714,2025-06-30,62.5,58,82,51,64,68,8,No comment
E04714,2026-06-30,70.7,75,44,64,85,95,8,Compensation could improve
E04715,2025-06-30,60.8,94,45,53,43,68,6,Need clearer career path
E04715,2026-06-30,74.7,88,52,87,95,75,7,Strong team culture
E04716,2025-06-30,74.0,86,57,92,42,86,9,Need more learning opportunities
E04716,2026-06-30,61.5,70,42,79,46,82,1,Happy with flexibility
E04717,2025-06-30,63.3,47,89,73,69,79,5,Compensation could improve
E04717,2026-06-30,61.2,89,49,53,47,46,5,Compensation could improve
E04718,2025-06-30,68.5,71,66,83,53,54,9,Good manager support
E04718,2026-06-30,68.0,78,82,65,55,83,6,Happy with flexibility
E04719,2025-06-30,68.5,76,92,71,74,66,1,Good manager support
E04719,2026-06-30,65.8,54,76,40,91,53,2,Need clearer career path
E04720,2025-06-30,70.0,70,65,47,70,88,3,Need more learning opportunities
E04720,2026-06-30,72.6,65,73,43,79,97,9,Workload is high
E04721,2026-06-30,71.7,50,67,75,69,92,1,Compensation could improve
E04722,2025-06-30,71.8,72,85,51,61,50,7,Compensation could improve
E04722,2026-06-30,76.8,61,89,53,83,73,8,Need clearer career path
E04723,2025-06-30,61.9,72,61,56,91,60,6,Good manager support
E04723,2026-06-30,74.7,45,77,50,94,91,0,No comment
E04725,2026-06-30,71.8,50,74,72,65,92,0,Happy with flexibility
E04726,2025-06-30,69.7,61,60,82,70,71,3,No comment
E04726,2026-06-30,73.9,72,88,88,92,47,1,Need more learning opportunities
E04727,2025-06-30,77.5,75,83,38,90,75,6,Need clearer career path
E04727,2026-06-30,71.1,46,80,67,90,82,8,Happy with flexibility
E04728,2025-06-30,74.2,83,50,42,94,85,7,Need clearer career path
E04728,2026-06-30,78.6,54,66,74,69,96,9,Happy with flexibility
E04730,2025-06-30,56.7,54,42,67,41,82,8,Strong team culture
E04730,2026-06-30,67.9,57,59,87,42,94,10,Workload is high
E04731,2025-06-30,73.3,63,95,90,53,63,4,Good manager support
E04731,2026-06-30,74.7,69,69,88,70,61,10,Need clearer career path
E04732,2025-06-30,69.2,85,70,66,64,62,9,Need clearer career path
E04732,2026-06-30,69.1,92,62,64,65,65,10,Good manager support
E04733,2025-06-30,75.0,68,90,83,64,86,8,Need clearer career path
E04733,2026-06-30,75.1,62,84,87,81,66,6,Good manager support
E04734,2025-06-30,75.0,79,54,86,93,58,2,Need clearer career path
E04734,2026-06-30,63.0,61,66,51,61,79,3,Workload is high
E04735,2025-06-30,52.3,80,47,45,46,49,3,Need clearer career path
E04735,2026-06-30,70.1,67,50,80,77,77,5,Compensation could improve
E04736,2025-06-30,67.2,60,82,41,80,60,0,Happy with flexibility
E04736,2026-06-30,70.7,69,49,84,68,47,7,Need more learning opportunities
E04737,2025-06-30,67.1,92,48,60,81,70,6,No comment
E04738,2025-06-30,67.7,91,84,54,59,55,4,Workload is high
E04738,2026-06-30,64.3,50,67,54,71,73,8,Good manager support
E04739,2025-06-30,71.4,47,84,46,80,74,9,Need more learning opportunities
E04739,2026-06-30,76.7,77,90,85,66,50,3,No comment
E04740,2025-06-30,70.3,94,44,89,66,50,0,Strong team culture
E04740,2026-06-30,77.4,64,93,54,92,96,10,No comment
E04741,2025-06-30,79.1,63,85,63,77,92,1,Need more learning opportunities
E04741,2026-06-30,74.7,81,56,91,56,91,6,Need clearer career path
E04743,2025-06-30,53.3,56,82,42,42,76,5,Need more learning opportunities
E04743,2026-06-30,56.9,54,40,52,91,54,7,Need clearer career path
E04744,2025-06-30,71.3,86,51,72,95,62,8,Compensation could improve
E04744,2026-06-30,57.2,59,66,46,81,55,6,Need clearer career path
E04745,2025-06-30,73.9,90,66,91,57,51,2,Need clearer career path
E04745,2026-06-30,68.0,77,95,73,52,61,4,Need more learning opportunities
E04746,2025-06-30,62.1,45,76,76,54,63,4,Good manager support
E04746,2026-06-30,69.1,83,62,43,73,73,0,Happy with flexibility
E04747,2025-06-30,72.2,46,81,44,95,49,7,No comment
E04747,2026-06-30,87.7,78,87,92,52,88,7,No comment
E04748,2025-06-30,63.0,64,44,38,77,93,4,Compensation could improve
E04748,2026-06-30,58.7,94,45,50,80,65,2,Good manager support
E04750,2025-06-30,55.9,58,85,57,44,46,9,Workload is high
E04750,2026-06-30,63.1,58,61,67,68,59,0,Strong team culture
E04751,2025-06-30,75.1,89,43,68,89,49,6,Strong team culture
E04751,2026-06-30,71.8,45,86,87,43,97,3,Good manager support
E04752,2025-06-30,82.2,64,84,84,96,88,5,Need clearer career path
E04752,2026-06-30,65.5,54,47,89,85,51,7,Strong team culture
E04753,2025-06-30,59.3,74,58,64,62,57,5,Strong team culture
E04753,2026-06-30,57.9,56,50,41,79,54,7,Compensation could improve
E04754,2025-06-30,58.5,64,41,80,82,59,1,No comment
E04754,2026-06-30,60.1,45,48,71,81,63,3,Need clearer career path
E04756,2025-06-30,60.5,92,80,53,53,48,6,Good manager support
E04756,2026-06-30,59.9,65,41,43,40,97,3,No comment
E04757,2025-06-30,70.7,79,59,52,95,73,0,Compensation could improve
E04757,2026-06-30,55.3,74,81,41,59,66,1,Happy with flexibility
E04758,2025-06-30,49.2,67,69,38,52,52,10,No comment
E04758,2026-06-30,61.3,66,60,61,51,82,8,Need more learning opportunities
E04759,2025-06-30,63.1,61,42,43,67,98,6,Workload is high
E04759,2026-06-30,80.3,60,89,90,67,94,9,No comment
E04760,2025-06-30,59.9,62,58,80,61,45,4,Happy with flexibility
E04760,2026-06-30,79.5,53,92,88,55,75,2,Workload is high
E04761,2025-06-30,64.2,65,92,41,41,94,0,Compensation could improve
E04761,2026-06-30,67.2,63,88,70,59,77,0,Good manager support
E04762,2025-06-30,62.5,75,83,48,52,63,8,Need more learning opportunities
E04762,2026-06-30,58.1,56,70,58,44,81,2,Workload is high
E04763,2025-06-30,44.8,51,42,60,55,63,5,Compensation could improve
E04763,2026-06-30,52.7,52,54,41,40,84,9,Good manager support
E04764,2025-06-30,56.3,59,58,53,45,77,4,Happy with flexibility
E04764,2026-06-30,77.0,69,88,78,55,50,3,No comment
E04766,2025-06-30,53.5,55,49,41,46,73,9,No comment
E04766,2026-06-30,61.0,50,53,61,83,74,9,No comment
E04767,2025-06-30,89.3,94,72,76,78,93,6,Strong team culture
E04767,2026-06-30,72.8,61,49,91,96,79,5,Need more learning opportunities
E04768,2025-06-30,70.6,75,90,73,53,63,3,Need clearer career path
E04768,2026-06-30,69.1,58,68,60,80,88,3,Strong team culture
E04769,2025-06-30,64.8,62,77,73,51,59,4,Need more learning opportunities
E04769,2026-06-30,73.6,92,46,82,73,71,6,Need more learning opportunities
E04770,2025-06-30,60.0,64,58,91,51,61,5,Need more learning opportunities
E04770,2026-06-30,61.9,50,76,63,51,87,9,Compensation could improve
E04772,2025-06-30,65.5,56,84,62,72,55,3,Need more learning opportunities
E04772,2026-06-30,51.4,52,44,40,59,65,3,Need clearer career path
E04773,2025-06-30,69.6,56,62,72,82,75,6,Strong team culture
E04773,2026-06-30,66.1,80,58,44,76,66,3,Workload is high
E04774,2025-06-30,68.8,85,59,81,48,75,2,Workload is high
E04774,2026-06-30,85.9,91,84,88,86,77,2,Happy with flexibility
E04775,2025-06-30,73.0,84,92,45,62,92,7,Strong team culture
E04775,2026-06-30,73.2,46,55,79,73,92,7,No comment
E04776,2025-06-30,71.0,73,44,78,61,84,9,Happy with flexibility
E04776,2026-06-30,83.9,61,63,92,92,75,2,Compensation could improve
E04777,2025-06-30,52.4,75,81,50,47,54,2,No comment
E04777,2026-06-30,66.8,47,79,84,48,74,5,Workload is high
E04779,2026-06-30,72.4,50,91,39,47,90,10,Need clearer career path
E04780,2026-06-30,60.9,67,74,60,44,87,1,Need clearer career path
E04781,2025-06-30,56.1,46,49,68,41,93,7,Need clearer career path
E04781,2026-06-30,73.4,55,87,72,53,87,3,No comment
E04782,2025-06-30,73.2,82,52,92,65,87,8,No comment
E04783,2025-06-30,72.2,71,79,75,86,62,1,Strong team culture
E04783,2026-06-30,73.1,48,94,51,55,90,4,Need clearer career path
E04784,2025-06-30,88.6,87,94,74,84,89,9,Compensation could improve
E04784,2026-06-30,56.2,51,55,50,61,65,2,Good manager support
E04787,2025-06-30,72.1,54,75,88,60,92,1,Strong team culture
E04787,2026-06-30,83.9,87,67,66,82,91,4,Need more learning opportunities
E04789,2025-06-30,82.5,90,52,91,70,97,1,Need clearer career path
E04789,2026-06-30,75.0,66,63,73,54,73,4,Good manager support
E04790,2026-06-30,72.9,47,73,64,76,90,0,Compensation could improve
E04791,2025-06-30,75.7,85,91,87,50,91,5,Need clearer career path
E04791,2026-06-30,74.6,46,84,68,73,95,2,Need more learning opportunities
E04792,2025-06-30,59.0,84,74,53,47,47,10,Good manager support
E04792,2026-06-30,50.4,45,51,39,74,48,7,Good manager support
E04793,2026-06-30,61.5,93,48,78,55,55,8,Need more learning opportunities
E04794,2025-06-30,66.0,78,78,42,63,83,9,No comment
E04794,2026-06-30,70.9,74,74,85,80,60,0,Good manager support
E04797,2025-06-30,69.1,59,94,45,69,86,10,Need more learning opportunities
E04797,2026-06-30,66.1,79,44,70,71,64,9,Strong team culture
E04799,2025-06-30,68.5,59,40,83,91,72,5,Compensation could improve
E04799,2026-06-30,49.0,71,41,56,52,53,7,Workload is high
E04800,2025-06-30,61.5,74,40,61,62,46,7,No comment
E04800,2026-06-30,67.4,65,94,41,73,97,2,No comment
E04801,2025-06-30,69.3,59,48,68,43,95,7,Good manager support
E04801,2026-06-30,65.7,70,60,63,74,51,0,No comment
E04802,2025-06-30,72.2,84,69,80,59,55,3,Happy with flexibility
E04802,2026-06-30,63.7,50,76,47,65,94,6,Need more learning opportunities
E04803,2025-06-30,73.2,62,57,58,79,59,0,No comment
E04803,2026-06-30,59.6,56,58,86,41,47,5,Compensation could improve
E04804,2025-06-30,75.8,76,81,40,81,62,1,Good manager support
E04804,2026-06-30,62.7,50,67,70,88,58,1,Good manager support
E04805,2025-06-30,72.3,89,48,57,80,80,5,Good manager support
E04805,2026-06-30,80.2,75,89,58,77,97,8,Workload is high
E04806,2026-06-30,61.9,52,59,78,46,76,0,Need more learning opportunities
E04807,2025-06-30,61.7,65,64,50,85,48,2,Need clearer career path
E04807,2026-06-30,49.8,45,65,40,58,59,7,No comment
E04809,2025-06-30,71.4,67,69,82,96,60,3,Compensation could improve
E04809,2026-06-30,80.4,61,61,81,94,75,1,Compensation could improve
E04810,2025-06-30,69.2,47,76,88,86,55,4,Strong team culture
E04810,2026-06-30,80.0,86,62,69,77,93,7,Compensation could improve
E04811,2025-06-30,50.1,66,49,42,51,76,1,Good manager support
E04811,2026-06-30,72.3,55,95,88,56,64,2,Workload is high
E04812,2025-06-30,70.6,61,66,41,75,97,4,Need more learning opportunities
E04812,2026-06-30,68.9,45,78,76,69,77,7,Strong team culture
E04813,2025-06-30,62.5,61,78,40,72,74,5,Need clearer career path
E04813,2026-06-30,63.5,84,69,73,45,81,7,Happy with flexibility
E04814,2025-06-30,71.8,50,85,40,68,77,2,Need clearer career path
E04814,2026-06-30,61.5,52,54,77,64,70,5,Good manager support
E04815,2025-06-30,65.4,88,41,62,66,56,8,Need more learning opportunities
E04815,2026-06-30,66.9,76,93,40,51,68,7,No comment
E04816,2025-06-30,67.6,61,49,80,81,69,7,Good manager support
E04816,2026-06-30,63.1,54,45,75,62,73,7,Good manager support
E04817,2025-06-30,69.6,68,79,70,57,59,7,Need more learning opportunities
E04817,2026-06-30,74.5,63,71,76,90,91,0,Happy with flexibility
E04818,2025-06-30,69.6,85,70,41,96,51,3,No comment
E04818,2026-06-30,69.5,50,80,92,78,61,3,Good manager support
E04819,2025-06-30,79.2,58,78,87,77,73,6,Workload is high
E04819,2026-06-30,74.8,81,59,49,87,92,3,Need more learning opportunities
E04820,2025-06-30,66.3,80,53,40,60,68,4,Need clearer career path
E04820,2026-06-30,62.4,77,81,44,44,76,9,Strong team culture
E04821,2025-06-30,69.9,62,51,78,64,50,6,Need more learning opportunities
E04821,2026-06-30,66.7,66,45,68,66,67,1,Need clearer career path
E04822,2026-06-30,58.8,57,42,81,77,73,6,No comment
E04824,2025-06-30,69.1,53,65,91,54,47,3,Happy with flexibility
E04824,2026-06-30,73.4,64,80,92,82,62,10,Compensation could improve
E04825,2025-06-30,72.8,56,87,78,72,75,4,Good manager support
E04825,2026-06-30,63.4,56,42,66,71,52,2,Strong team culture
E04826,2026-06-30,75.4,59,67,87,86,69,7,Compensation could improve
E04827,2025-06-30,65.1,90,66,59,68,67,3,Compensation could improve
E04827,2026-06-30,59.0,49,79,51,65,49,4,Compensation could improve
E04828,2026-06-30,70.0,89,43,41,68,80,0,Happy with flexibility
E04829,2026-06-30,62.0,49,89,62,63,59,10,Workload is high
E04830,2025-06-30,68.2,45,85,67,66,64,6,Good manager support
E04830,2026-06-30,63.0,80,46,51,46,85,2,Good manager support
E04831,2025-06-30,65.7,60,84,56,67,64,7,Need more learning opportunities
E04832,2025-06-30,75.2,70,65,76,81,91,4,No comment
E04832,2026-06-30,60.0,73,57,41,67,70,2,Workload is high
E04833,2025-06-30,63.3,52,57,62,94,58,9,Good manager support
E04833,2026-06-30,71.2,45,95,90,85,73,0,Compensation could improve
E04838,2026-06-30,74.0,60,91,76,67,96,6,No comment
E04839,2025-06-30,74.6,61,85,88,57,73,0,Workload is high
E04839,2026-06-30,52.8,64,48,44,65,52,4,Workload is high
E04840,2025-06-30,66.7,68,62,55,84,73,6,Strong team culture
E04841,2026-06-30,80.5,57,81,75,92,77,0,Compensation could improve
E04843,2025-06-30,53.7,46,61,59,85,50,5,Need more learning opportunities
E04843,2026-06-30,58.9,73,86,74,42,51,6,No comment
E04846,2025-06-30,74.9,82,92,48,89,52,2,Workload is high
E04846,2026-06-30,56.6,81,46,40,40,83,1,Need clearer career path
E04848,2025-06-30,63.4,58,59,54,70,61,3,Strong team culture
E04848,2026-06-30,80.2,92,77,76,85,84,8,Need more learning opportunities
E04850,2025-06-30,72.7,94,87,44,61,92,7,Happy with flexibility
E04850,2026-06-30,54.4,58,56,43,44,94,8,Good manager support
E04851,2025-06-30,71.3,93,54,47,86,80,10,Need more learning opportunities
E04851,2026-06-30,58.6,64,62,92,46,56,4,Good manager support
E04852,2025-06-30,65.7,82,59,51,83,57,6,Workload is high
E04852,2026-06-30,62.4,83,45,72,61,54,2,Need clearer career path
E04853,2025-06-30,65.8,64,72,83,66,60,1,Need clearer career path
E04854,2025-06-30,77.8,65,76,45,73,87,3,Happy with flexibility
E04854,2026-06-30,69.6,74,63,66,86,80,7,Good manager support
E04855,2025-06-30,66.6,67,80,82,92,45,7,No comment
E04855,2026-06-30,65.7,53,69,84,45,84,2,Strong team culture
E04856,2025-06-30,74.6,52,84,91,76,50,5,Workload is high
E04856,2026-06-30,61.7,57,41,85,90,55,4,Need clearer career path
E04858,2026-06-30,61.3,62,45,78,76,63,5,Good manager support
E04860,2025-06-30,68.1,85,40,39,83,78,3,No comment
E04860,2026-06-30,68.8,75,61,66,46,91,6,Strong team culture
E04861,2025-06-30,77.8,83,84,70,60,83,10,No comment
E04861,2026-06-30,77.3,88,46,72,89,98,0,Strong team culture
E04865,2025-06-30,74.3,71,90,75,74,76,0,Happy with flexibility
E04865,2026-06-30,48.4,57,66,39,52,53,2,Compensation could improve
E04866,2025-06-30,54.3,61,86,70,40,55,6,Need clearer career path
E04866,2026-06-30,50.2,55,54,38,49,55,0,Strong team culture
E04867,2025-06-30,64.9,91,46,49,52,64,3,Need more learning opportunities
E04867,2026-06-30,77.3,87,63,51,86,72,2,Need more learning opportunities
E04868,2025-06-30,80.2,61,88,77,69,83,8,Strong team culture
E04868,2026-06-30,55.6,60,61,57,47,72,10,No comment
E04870,2025-06-30,54.9,87,41,60,41,57,1,Need more learning opportunities
E04870,2026-06-30,83.4,78,78,84,63,93,2,Strong team culture
E04871,2025-06-30,60.1,59,93,74,46,65,1,Good manager support
E04871,2026-06-30,72.6,67,68,66,93,77,8,Need more learning opportunities
E04872,2026-06-30,72.0,82,40,67,81,93,0,Need clearer career path
E04873,2025-06-30,66.7,77,72,50,57,60,3,Compensation could improve
E04873,2026-06-30,75.7,95,84,49,55,73,2,Happy with flexibility
E04874,2025-06-30,72.4,74,43,59,74,71,3,Workload is high
E04874,2026-06-30,77.1,65,82,74,77,74,3,Workload is high
E04875,2025-06-30,67.0,45,70,39,68,95,10,Need clearer career path
E04875,2026-06-30,69.8,61,57,64,91,64,3,Need clearer career path
E04877,2025-06-30,55.2,53,67,55,96,51,7,Happy with flexibility
E04877,2026-06-30,65.4,94,54,75,50,84,2,Need more learning opportunities
E04878,2026-06-30,69.5,72,62,66,43,77,7,Happy with flexibility
E04879,2025-06-30,61.3,46,81,69,55,52,1,Good manager support
E04879,2026-06-30,67.3,57,68,89,58,45,1,Strong team culture
E04880,2026-06-30,77.2,72,58,89,66,90,8,Happy with flexibility
E04881,2025-06-30,74.7,80,92,69,62,87,9,Good manager support
E04881,2026-06-30,68.9,46,84,67,82,75,0,Strong team culture
E04883,2025-06-30,75.9,95,86,41,73,95,3,Good manager support
E04883,2026-06-30,57.8,73,50,59,45,74,1,Need more learning opportunities
E04885,2026-06-30,68.0,53,71,50,96,70,9,Happy with flexibility
E04887,2025-06-30,76.9,88,87,63,44,91,0,Need more learning opportunities
E04887,2026-06-30,74.1,91,57,87,54,92,0,Need more learning opportunities
E04889,2025-06-30,57.7,63,50,41,66,61,4,Workload is high
E04889,2026-06-30,82.1,77,93,60,62,83,0,Need more learning opportunities
E04890,2025-06-30,63.5,95,60,46,47,70,6,Good manager support
E04890,2026-06-30,73.5,60,82,87,65,65,3,No comment
E04892,2025-06-30,65.3,53,69,87,55,78,1,Happy with flexibility
E04892,2026-06-30,59.9,70,60,50,58,50,10,Strong team culture
E04893,2025-06-30,72.8,62,92,65,55,56,7,Workload is high
E04893,2026-06-30,62.3,73,83,91,46,70,7,Happy with flexibility
E04894,2025-06-30,59.7,51,50,70,87,52,3,Good manager support
E04895,2025-06-30,56.8,68,47,43,59,56,4,Need clearer career path
E04895,2026-06-30,50.8,70,45,50,47,68,3,Compensation could improve
E04896,2025-06-30,53.3,71,70,47,49,48,10,Need clearer career path
E04896,2026-06-30,62.5,67,55,71,75,68,3,Strong team culture
E04897,2025-06-30,64.1,86,41,48,65,73,4,Compensation could improve
E04897,2026-06-30,54.6,51,68,89,47,45,3,Workload is high
E04898,2025-06-30,55.9,56,43,66,62,74,1,No comment
E04898,2026-06-30,68.5,61,52,79,55,74,5,Workload is high
E04899,2025-06-30,58.7,60,91,46,53,81,9,Compensation could improve
E04899,2026-06-30,61.9,69,56,47,75,59,10,Workload is high
E04900,2026-06-30,67.5,49,81,48,60,56,10,Need more learning opportunities
E04901,2025-06-30,68.8,73,78,41,90,66,8,Workload is high
E04901,2026-06-30,67.1,75,41,71,45,71,5,Workload is high
E04902,2026-06-30,64.5,59,63,54,77,58,10,No comment
E04903,2025-06-30,70.0,74,44,73,71,74,6,Good manager support
E04903,2026-06-30,81.0,90,81,92,82,67,2,Compensation could improve
E04904,2025-06-30,67.7,53,95,83,94,45,6,Compensation could improve
E04904,2026-06-30,69.1,81,74,51,49,81,1,Need clearer career path
E04905,2025-06-30,59.1,61,72,65,64,47,0,No comment
E04905,2026-06-30,62.5,60,82,38,81,49,3,Need more learning opportunities
E04906,2025-06-30,66.5,91,95,39,72,50,10,Workload is high
E04906,2026-06-30,68.6,80,50,69,96,79,6,Need clearer career path
E04907,2025-06-30,61.4,95,52,66,44,71,6,Workload is high
E04907,2026-06-30,72.2,56,50,77,53,98,4,No comment
E04908,2025-06-30,72.1,62,78,56,90,80,7,Need more learning opportunities
E04908,2026-06-30,76.3,78,45,67,92,78,1,No comment
E04910,2025-06-30,66.6,93,47,67,81,56,6,Happy with flexibility
E04910,2026-06-30,73.7,64,85,79,93,51,5,Good manager support
E04911,2025-06-30,71.0,54,76,91,88,45,3,Compensation could improve
E04912,2025-06-30,53.6,45,65,39,51,86,1,Need clearer career path
E04912,2026-06-30,80.2,86,78,84,47,81,7,Workload is high
E04913,2026-06-30,67.0,52,69,51,72,96,2,No comment
E04915,2025-06-30,65.8,79,58,58,78,49,3,Workload is high
E04915,2026-06-30,67.6,51,76,53,88,84,7,Need clearer career path
E04916,2025-06-30,70.8,59,80,72,83,57,4,No comment
E04916,2026-06-30,84.6,78,92,79,86,91,4,Happy with flexibility
E04917,2025-06-30,77.4,63,83,72,86,89,1,Strong team culture
E04917,2026-06-30,62.6,62,68,62,65,45,2,Good manager support
E04918,2025-06-30,73.8,86,88,39,86,61,2,No comment
E04918,2026-06-30,56.4,72,70,69,64,46,8,Need more learning opportunities
E04919,2025-06-30,75.6,52,64,92,83,92,9,No comment
E04919,2026-06-30,77.0,74,59,80,91,84,1,Happy with flexibility
E04920,2025-06-30,59.4,50,85,41,41,67,3,Good manager support
E04920,2026-06-30,63.8,49,54,41,71,80,4,Compensation could improve
E04921,2025-06-30,68.2,80,75,47,74,57,5,No comment
E04923,2025-06-30,75.8,81,94,83,58,54,1,Workload is high
E04923,2026-06-30,60.1,69,42,89,49,59,7,Need more learning opportunities
E04924,2025-06-30,59.5,62,48,48,79,72,8,Strong team culture
E04924,2026-06-30,73.9,61,54,87,69,84,10,Good manager support
E04925,2025-06-30,61.8,75,73,38,63,47,3,Strong team culture
E04925,2026-06-30,50.2,55,93,46,42,49,0,Need more learning opportunities
E04926,2025-06-30,77.3,66,83,91,56,73,6,Good manager support
E04926,2026-06-30,68.4,91,51,77,88,65,9,No comment
E04927,2025-06-30,67.9,94,66,92,73,50,5,No comment
E04927,2026-06-30,59.4,51,40,64,68,45,7,Need more learning opportunities
E04928,2025-06-30,68.0,80,65,45,62,89,0,Compensation could improve
E04928,2026-06-30,59.8,93,57,75,51,47,8,Workload is high
E04929,2025-06-30,67.5,82,60,80,57,67,5,Workload is high
E04929,2026-06-30,70.5,79,94,87,63,47,6,Happy with flexibility
E04930,2025-06-30,79.2,45,81,67,83,75,6,Good manager support
E04930,2026-06-30,68.2,62,59,72,84,57,8,No comment
E04931,2025-06-30,59.1,69,86,39,40,75,7,Need more learning opportunities
E04931,2026-06-30,74.3,63,72,73,84,50,0,Workload is high
E04932,2025-06-30,71.5,73,53,77,92,66,4,Need more learning opportunities
E04932,2026-06-30,62.9,90,41,57,47,76,2,No comment
E04933,2025-06-30,73.9,73,94,66,90,51,1,Good manager support
E04933,2026-06-30,78.6,95,84,89,51,80,5,Need more learning opportunities
E04934,2025-06-30,55.6,53,69,78,45,47,8,No comment
E04934,2026-06-30,67.8,67,89,77,61,47,8,Strong team culture
E04935,2026-06-30,70.3,60,83,42,89,85,0,Need more learning opportunities
E04936,2025-06-30,73.6,74,46,71,74,95,2,No comment
E04936,2026-06-30,67.2,92,70,68,52,63,7,Compensation could improve
E04937,2025-06-30,57.7,80,77,40,53,51,2,Need more learning opportunities
E04937,2026-06-30,69.8,80,49,89,45,89,0,Compensation could improve
E04938,2025-06-30,83.7,81,72,77,92,77,3,Strong team culture
E04938,2026-06-30,65.5,77,75,73,81,55,9,Good manager support
E04939,2025-06-30,61.4,88,49,68,40,80,8,No comment
E04940,2025-06-30,75.7,71,95,66,82,75,5,Good manager support
E04940,2026-06-30,69.8,49,78,84,45,88,8,No comment
E04941,2025-06-30,65.7,49,88,72,55,62,3,Strong team culture
E04941,2026-06-30,75.9,93,75,86,65,73,8,Happy with flexibility
E04942,2025-06-30,62.1,52,60,84,55,52,1,Need clearer career path
E04942,2026-06-30,81.5,94,80,54,63,94,3,Need more learning opportunities
E04944,2025-06-30,65.6,81,62,65,82,72,6,Strong team culture
E04944,2026-06-30,75.2,86,87,43,58,92,5,Need clearer career path
E04947,2025-06-30,74.9,51,84,71,44,90,0,Need more learning opportunities
E04947,2026-06-30,80.0,77,65,84,89,64,5,No comment
E04948,2025-06-30,59.3,53,55,86,41,62,5,Compensation could improve
E04948,2026-06-30,67.3,90,57,75,50,78,5,Good manager support
E04949,2025-06-30,87.4,69,74,90,60,95,1,Need more learning opportunities
E04949,2026-06-30,58.6,95,42,65,48,70,1,Need clearer career path
E04950,2025-06-30,72.4,70,68,87,66,58,0,Need clearer career path
E04950,2026-06-30,66.8,58,87,50,63,75,3,Need clearer career path
E04951,2026-06-30,75.3,79,74,85,43,76,8,Good manager support
E04952,2025-06-30,68.9,47,84,65,54,97,0,Good manager support
E04952,2026-06-30,63.1,45,61,63,75,78,4,Happy with flexibility
E04953,2025-06-30,65.4,87,89,54,65,47,9,Need clearer career path
E04954,2025-06-30,79.1,77,94,77,78,93,8,Need more learning opportunities
E04954,2026-06-30,55.3,72,73,59,44,67,4,Workload is high
E04955,2025-06-30,57.3,46,51,73,56,45,10,Need more learning opportunities
E04955,2026-06-30,66.2,89,86,41,50,86,5,No comment
E04956,2026-06-30,67.9,75,89,39,72,75,3,No comment
E04957,2025-06-30,59.2,71,46,64,62,54,6,Happy with flexibility
E04957,2026-06-30,74.6,79,91,79,45,76,7,Need clearer career path
E04958,2025-06-30,77.8,66,80,86,67,71,4,Need clearer career path
E04958,2026-06-30,64.1,47,50,43,60,87,0,Workload is high
E04959,2025-06-30,77.8,83,48,70,82,92,10,Workload is high
E04959,2026-06-30,79.8,81,86,70,62,82,5,Happy with flexibility
E04960,2025-06-30,85.6,57,93,85,61,98,1,No comment
E04960,2026-06-30,58.1,64,46,51,61,65,6,Good manager support
E04962,2026-06-30,61.0,53,67,86,77,60,9,Happy with flexibility
E04963,2025-06-30,67.8,79,53,76,45,84,3,Happy with flexibility
E04963,2026-06-30,64.9,63,73,78,78,67,10,Need clearer career path
E04964,2025-06-30,66.7,83,41,87,59,77,10,Good manager support
E04964,2026-06-30,60.2,53,40,53,55,75,8,Need more learning opportunities
E04965,2025-06-30,64.3,65,93,65,40,73,3,Good manager support
E04965,2026-06-30,71.2,48,50,80,92,92,2,Strong team culture
E04966,2025-06-30,87.2,57,90,80,80,94,0,Need clearer career path
E04966,2026-06-30,57.8,70,52,40,68,72,1,Compensation could improve
E04967,2025-06-30,62.7,54,93,51,81,49,3,No comment
E04967,2026-06-30,64.9,51,57,82,93,48,10,Compensation could improve
E04968,2025-06-30,70.2,51,62,42,88,85,10,Need more learning opportunities
E04968,2026-06-30,56.7,55,49,50,45,83,2,Compensation could improve
E04970,2025-06-30,82.5,93,70,74,96,92,9,Strong team culture
E04970,2026-06-30,53.0,57,69,66,55,56,1,Workload is high
E04971,2025-06-30,59.2,52,58,63,43,57,8,Compensation could improve
E04971,2026-06-30,59.3,61,40,66,60,59,3,Good manager support
E04972,2025-06-30,76.6,64,40,87,85,73,4,Need more learning opportunities
E04972,2026-06-30,51.5,58,47,40,79,47,1,Compensation could improve
E04973,2025-06-30,72.6,66,52,61,67,90,2,Workload is high
E04973,2026-06-30,58.2,53,63,53,72,50,4,Good manager support
E04975,2025-06-30,72.3,80,76,86,78,54,5,Strong team culture
E04975,2026-06-30,71.7,46,73,88,86,82,9,Compensation could improve
E04976,2026-06-30,75.4,86,95,40,61,78,0,Workload is high
E04977,2025-06-30,70.6,59,49,90,86,89,10,Good manager support
E04977,2026-06-30,59.1,55,78,48,68,55,1,Need more learning opportunities
E04978,2025-06-30,73.3,83,85,70,55,79,0,Compensation could improve
E04979,2025-06-30,63.5,45,53,40,87,66,4,Happy with flexibility
E04979,2026-06-30,74.6,61,76,80,49,95,10,Happy with flexibility
E04981,2025-06-30,54.4,54,54,49,51,89,6,Good manager support
E04981,2026-06-30,63.0,45,67,63,70,56,10,Need more learning opportunities
E04982,2025-06-30,61.2,76,53,56,66,81,9,Good manager support
E04982,2026-06-30,57.6,75,69,53,46,71,10,Workload is high
E04983,2025-06-30,70.0,87,44,71,63,88,4,No comment
E04983,2026-06-30,84.6,54,91,73,85,97,7,Strong team culture
E04984,2025-06-30,72.4,49,87,54,96,85,5,Workload is high
E04984,2026-06-30,71.5,60,70,81,95,50,0,Good manager support
E04985,2025-06-30,62.1,53,91,38,62,66,5,Good manager support
E04985,2026-06-30,63.7,63,41,73,57,90,10,Workload is high
E04986,2026-06-30,69.4,68,58,89,55,69,5,Good manager support
E04987,2025-06-30,63.8,84,94,51,40,52,5,No comment
E04987,2026-06-30,78.6,84,85,55,83,82,8,No comment
E04988,2025-06-30,74.2,47,73,46,94,96,10,Strong team culture
E04988,2026-06-30,71.2,84,51,47,78,78,4,Need clearer career path
E04989,2025-06-30,78.2,58,84,91,73,74,10,Workload is high
E04989,2026-06-30,66.7,67,58,47,63,88,0,Compensation could improve
E04990,2025-06-30,57.0,76,40,63,68,61,8,Compensation could improve
E04990,2026-06-30,81.9,94,61,65,93,89,2,Need clearer career path
E04991,2025-06-30,51.1,54,68,57,43,46,2,No comment
E04991,2026-06-30,63.0,58,68,91,59,69,3,Need clearer career path
E04992,2025-06-30,65.6,76,41,69,83,48,6,Strong team culture
E04992,2026-06-30,81.0,94,43,74,74,53,5,Need clearer career path
E04993,2025-06-30,62.5,45,84,89,51,51,3,Need more learning opportunities
E04993,2026-06-30,69.7,58,85,75,57,73,7,Strong team culture
E04996,2025-06-30,74.1,71,84,75,73,75,5,Need clearer career path
E04996,2026-06-30,59.3,46,77,66,42,97,5,Need clearer career path
E04998,2025-06-30,82.7,77,73,87,88,74,1,Need more learning opportunities
E04998,2026-06-30,59.6,75,45,50,61,67,9,Workload is high
E04999,2025-06-30,73.5,49,83,56,85,91,9,Strong team culture
E04999,2026-06-30,76.5,53,87,90,76,78,0,Good manager support
E05000,2025-06-30,53.5,53,42,43,49,45,6,Need clearer career path
E05000,2026-06-30,81.8,90,93,55,95,53,6,Compensation could improve
